name_1,name_2,true,prob_0,prob_1,prob_2,prob_3,prob_4,prob_5,prob_6,prob_7,prob_8,prob_9,prob,pred
BSU00010,BSU00020,1,0.8685835599899292,0.8130749464035034,0.626570463180542,0.8589977025985718,0.3139762282371521,0.6347992420196533,0.7518633008003235,0.7421222925186157,0.6835704445838928,0.8746456503868103,0.7168203830718994,1
BSU00020,BSU00030,1,0.6708782911300659,0.4576849341392517,0.451116144657135,0.30657392740249634,0.05499294400215149,0.11744841933250427,0.3599196672439575,0.2664521336555481,0.11926139146089554,0.223897784948349,0.3028225637972355,0
BSU00030,BSU00040,1,0.9700325131416321,0.947163999080658,0.9171184301376343,0.9775421023368835,0.9367713928222656,0.8655567169189453,0.9673706889152527,0.9153060913085938,0.9666775465011597,0.918890118598938,0.9382429599761963,1
BSU00040,BSU00050,1,0.9831171631813049,0.963226854801178,0.8840561509132385,0.9758465886116028,0.9435457587242126,0.9734095335006714,0.9633212089538574,0.9681989550590515,0.9687846899032593,0.9945900440216064,0.9618096947669983,1
BSU00050,BSU00060,1,0.939237117767334,0.9526505470275879,0.8206440210342407,0.9420924186706543,0.9722558259963989,0.9518482685089111,0.9211301207542419,0.9465064406394958,0.9670604467391968,0.9491886496543884,0.936261385679245,1
BSU00060,BSU00070,1,0.7357844710350037,0.735424280166626,0.7585679888725281,0.8376243114471436,0.6937770247459412,0.8646251559257507,0.7384384870529175,0.6326395273208618,0.3428869843482971,0.8878278732299805,0.722759610414505,1
BSU00090,BSU00100,0,0.6112278699874878,0.7134472131729126,0.724581241607666,0.8308309316635132,0.29140764474868774,0.5722357034683228,0.7646093964576721,0.5366758704185486,0.358624666929245,0.8273699879646301,0.6231010526418685,1
BSU00100,BSU00110,1,0.9051283001899719,0.6780786514282227,0.5034785270690918,0.8479787111282349,0.7173525094985962,0.7961885929107666,0.4070889949798584,0.6467618942260742,0.4367761015892029,0.8562324047088623,0.6795064687728882,1
BSU00110,BSU00120,1,0.9684893488883972,0.9696324467658997,0.9709253311157227,0.9752821326255798,0.980638325214386,0.9816817045211792,0.9727018475532532,0.9606016278266907,0.9890697002410889,0.9865535497665405,0.9755576014518738,1
BSU00190,BSU00200,1,0.9855039715766907,0.9851498603820801,0.9616005420684814,0.9938315153121948,0.9956544637680054,0.9830844402313232,0.9815953373908997,0.9859936237335205,0.9781579971313477,0.9811899065971375,0.9831761658191681,1
BSU00200,BSU00210,1,0.9757726192474365,0.98370760679245,0.9693321585655212,0.9936378002166748,0.9808038473129272,0.9739468693733215,0.9815207123756409,0.9918573498725891,0.9838986992835999,0.9869779348373413,0.9821455597877502,1
BSU00210,BSU00220,1,0.9911745190620422,0.979430615901947,0.9579702019691467,0.9889606237411499,0.9815320372581482,0.9804703593254089,0.9836676716804504,0.9888689517974854,0.9911219477653503,0.9928769469261169,0.9836073875427246,1
BSU00220,BSU00230,1,0.9384254217147827,0.8347421288490295,0.5766838192939758,0.8621451258659363,0.7435592412948608,0.9207783341407776,0.763404905796051,0.8369196653366089,0.8387669324874878,0.9392553567886353,0.8254680931568146,1
BSU00240,BSU00250,0,0.7063525319099426,0.5402342677116394,0.6389991641044617,0.5200827121734619,0.3073453903198242,0.3304179906845093,0.5177536010742188,0.3273877799510956,0.06114235892891884,0.2489277422428131,0.41986435391008853,0
BSU00250,BSU00260,1,0.9879370927810669,0.9770605564117432,0.9709372520446777,0.9817858338356018,0.9900507926940918,0.9868528842926025,0.9768715500831604,0.9933744668960571,0.9920994639396667,0.9845116138458252,0.9841481506824493,1
BSU00260,BSU00270,0,0.8588013052940369,0.7906988263130188,0.7593958973884583,0.7623348236083984,0.8171056509017944,0.9196373224258423,0.8262844085693359,0.8245794773101807,0.930625319480896,0.8947131633758545,0.8384176194667816,1
BSU00270,BSU00280,1,0.9548050761222839,0.8171233534812927,0.9634583592414856,0.9699852466583252,0.22072261571884155,0.8209055066108704,0.7931974530220032,0.7708879709243774,0.36392083764076233,0.6661843061447144,0.7341190725564957,1
BSU00280,BSU00290,1,0.9473118782043457,0.9271100163459778,0.8604740500450134,0.8937290906906128,0.9142135381698608,0.9665337800979614,0.936141848564148,0.8222158551216125,0.9295187592506409,0.9350810050964355,0.9132329821586609,1
BSU00290,BSU00300,1,0.9853990077972412,0.9817313551902771,0.9618722200393677,0.9769843816757202,0.9444475173950195,0.98991858959198,0.9549172520637512,0.9662030935287476,0.9833460450172424,0.9932633638381958,0.9738082826137543,1
BSU00300,BSU00310,1,0.9880455136299133,0.9949595332145691,0.9521288275718689,0.9897670149803162,0.9838612675666809,0.9923149943351746,0.9847935438156128,0.9841495752334595,0.9904008507728577,0.9971847534179688,0.9857605874538422,1
BSU00310,BSU00320,1,0.9930320382118225,0.9917325377464294,0.9672234058380127,0.9946602582931519,0.9880860447883606,0.993746817111969,0.9837646484375,0.985899031162262,0.9953100681304932,0.9980888366699219,0.9891543686389923,1
BSU00320,BSU00330,1,0.9946787357330322,0.9911280870437622,0.9718440175056458,0.996982216835022,0.993894636631012,0.9943928122520447,0.9939931035041809,0.9980335235595703,0.9935232400894165,0.9952245354652405,0.9923694908618927,1
BSU00330,BSU00340,1,0.9800626039505005,0.9519327282905579,0.869982898235321,0.9402021169662476,0.9548846483230591,0.9765363335609436,0.9544966220855713,0.9460182189941406,0.9504368901252747,0.9962165951728821,0.9520769655704499,1
BSU00340,BSU00350,1,0.9792214035987854,0.9539992213249207,0.9825533032417297,0.9829596281051636,0.9638405442237854,0.9860761165618896,0.9806259274482727,0.9718817472457886,0.9620338678359985,0.9647196531295776,0.9727911412715912,1
BSU00350,BSU00360,1,0.9615959525108337,0.9712121486663818,0.9798686504364014,0.9756941199302673,0.9592781066894531,0.9665876626968384,0.9614194631576538,0.9720816016197205,0.8922442197799683,0.8947333693504333,0.9534715294837952,1
BSU00360,BSU00380,0,0.01764640398323536,0.025082262232899666,0.0192885585129261,0.020821059122681618,0.0035911344457417727,0.015835043042898178,0.022374680265784264,0.01826932281255722,0.018300965428352356,0.026813868433237076,0.018802329828031362,0
BSU00400,BSU00410,0,0.5707976222038269,0.41472747921943665,0.3579113185405731,0.5504688024520874,0.3274356722831726,0.28509992361068726,0.42589884996414185,0.5869473814964294,0.39388027787208557,0.36810800433158875,0.42812753319740293,0
BSU00410,BSU00420,1,0.952701985836029,0.925382137298584,0.9724276661872864,0.9738874435424805,0.9570173025131226,0.9658818244934082,0.9578598141670227,0.9552801251411438,0.8633294105529785,0.8648151755332947,0.9388582885265351,1
BSU00420,BSU00430,0,0.714542031288147,0.8074927926063538,0.5901311635971069,0.7297829389572144,0.4445173442363739,0.6101908087730408,0.6914482116699219,0.7521886825561523,0.4931786358356476,0.939278781414032,0.6772751390933991,1
BSU00430,BSU00440,0,0.6768038868904114,0.021229444071650505,0.4661124646663666,0.35721299052238464,0.04766887426376343,0.0964316874742508,0.5303012728691101,0.008138923905789852,0.7734315991401672,0.10188575834035873,0.30792169021442534,0
BSU00440,BSU00450,1,0.20629510283470154,0.08013622462749481,0.15881706774234772,0.1645440012216568,0.02165229432284832,0.0111854188144207,0.06791139394044876,0.04185493290424347,0.011037004180252552,0.03432059288024902,0.07977540334686636,0
BSU00450,BSU00460,0,0.637778639793396,0.6375622153282166,0.35929375886917114,0.3068087100982666,0.23706039786338806,0.40952613949775696,0.47921496629714966,0.15364211797714233,0.6984928250312805,0.200847789645195,0.4120227560400963,0
BSU00460,BSU00470,1,0.8067530989646912,0.8901218771934509,0.7825285196304321,0.8018233180046082,0.7517609596252441,0.8871039152145386,0.8397157192230225,0.8526287078857422,0.6154050230979919,0.8936935663223267,0.8121534705162048,1
BSU00470,BSU00480,1,0.9658697247505188,0.956490159034729,0.9762958884239197,0.9729946255683899,0.9422096610069275,0.9854606986045837,0.9745807647705078,0.9267824292182922,0.9604247212409973,0.9716756343841553,0.9632784307003022,1
BSU00480,BSU00490,0,0.7241376638412476,0.4020652174949646,0.30318671464920044,0.2801780700683594,0.1962118297815323,0.5422107577323914,0.25925400853157043,0.10389997810125351,0.18195320665836334,0.9608867764472961,0.3953984223306179,0
BSU00490,BSU00500,1,0.8679162859916687,0.685874879360199,0.7602358460426331,0.9510553479194641,0.16033515334129333,0.829517662525177,0.8368144035339355,0.39866799116134644,0.9120462536811829,0.9658339023590088,0.7368297725915909,1
BSU00500,BSU00510,1,0.9733894467353821,0.9701909422874451,0.9164074063301086,0.977121114730835,0.9796823859214783,0.9811435341835022,0.957993745803833,0.9765956997871399,0.978310227394104,0.974435031414032,0.968526953458786,1
BSU00510,BSU00520,1,0.974301815032959,0.9294508695602417,0.9147050976753235,0.9477381110191345,0.9755276441574097,0.9767069220542908,0.9572080969810486,0.9348324537277222,0.8656220436096191,0.9480147957801819,0.9424107849597931,1
BSU00520,BSU00530,1,0.8326693773269653,0.8116569519042969,0.524472177028656,0.7946656942367554,0.29439568519592285,0.48826032876968384,0.7972363829612732,0.7012521028518677,0.6003442406654358,0.9147456288337708,0.6759698569774628,1
BSU00530,BSU00540,1,0.9289489984512329,0.8461320996284485,0.7376055717468262,0.8519160747528076,0.7896020412445068,0.9192008376121521,0.8913018703460693,0.8629053235054016,0.9131814241409302,0.9371994733810425,0.8677993714809418,1
BSU00540,BSU00550,1,0.9753808379173279,0.9416245818138123,0.9084079265594482,0.9799454212188721,0.9477669596672058,0.9542524218559265,0.9690465927124023,0.9751483201980591,0.9857295155525208,0.9876734018325806,0.9624975979328155,1
BSU00550,BSU00560,1,0.9536077976226807,0.9708400368690491,0.8846716284751892,0.9610394239425659,0.9145129919052124,0.9647058248519897,0.9664263725280762,0.9833207130432129,0.9695615172386169,0.9957481026649475,0.956443440914154,1
BSU00560,BSU00570,0,0.6839812994003296,0.7558501958847046,0.546875,0.6913343071937561,0.5765506029129028,0.496881365776062,0.6744487881660461,0.7049956917762756,0.45930734276771545,0.8983438014984131,0.6488568395376205,1
BSU00570,BSU00580,1,0.9028857350349426,0.7153152227401733,0.9498140215873718,0.9245525002479553,0.36619773507118225,0.8445444703102112,0.7916153073310852,0.29790228605270386,0.4891006648540497,0.6650631427764893,0.6946991086006165,1
BSU00580,BSU00590,1,0.9655032157897949,0.9908101558685303,0.9654766321182251,0.9892646670341492,0.9883785247802734,0.983396589756012,0.9896289706230164,0.9863948822021484,0.9919928312301636,0.9954632520675659,0.9846309721469879,1
BSU00590,BSU00600,1,0.5614917278289795,0.43616044521331787,0.4992743134498596,0.48502758145332336,0.14941617846488953,0.2724456489086151,0.33950647711753845,0.41425302624702454,0.1427575945854187,0.5050907135009766,0.3805423706769943,0
BSU00600,BSU00610,1,0.9509004950523376,0.9260532259941101,0.9752296805381775,0.9472067952156067,0.9695191979408264,0.9486337900161743,0.9566188454627991,0.9436569809913635,0.946830153465271,0.907554030418396,0.9472203195095062,1
BSU00610,BSU00620,1,0.9918741583824158,0.9908972382545471,0.967069685459137,0.9905881285667419,0.9912291169166565,0.9848763942718506,0.987358808517456,0.9884179830551147,0.9853494763374329,0.9957172870635986,0.9873378276824951,1
BSU00620,BSU00630,1,0.8491200804710388,0.7801228165626526,0.7738096117973328,0.8317206501960754,0.8756235241889954,0.761840283870697,0.8276754021644592,0.5047568082809448,0.6680850982666016,0.7158076167106628,0.758856189250946,1
BSU00640,BSU00650,1,0.9493611454963684,0.766056478023529,0.8066498041152954,0.9444868564605713,0.8977912664413452,0.9425954222679138,0.924691379070282,0.9352704286575317,0.9249280691146851,0.968488335609436,0.9060319185256958,1
BSU00650,BSU00660,1,0.9582001566886902,0.9016110897064209,0.9731762409210205,0.9615936875343323,0.9587857127189636,0.9585676193237305,0.974796712398529,0.9342724680900574,0.9539058208465576,0.9536380767822266,0.9528547585010528,1
BSU00660,BSU00670,0,0.8950504660606384,0.7194652557373047,0.7345887422561646,0.9166119694709778,0.9533572196960449,0.9138643145561218,0.8249498009681702,0.735896646976471,0.9679145216941833,0.853760302066803,0.851545923948288,1
BSU00670,BSU00680,1,0.9677265882492065,0.9218113422393799,0.9724162817001343,0.9727138876914978,0.8639113903045654,0.9533571004867554,0.9356478452682495,0.8936805725097656,0.5728851556777954,0.7721532583236694,0.882630342245102,1
BSU00680,BSU00690,1,0.9564543962478638,0.957211971282959,0.7996768355369568,0.9106824398040771,0.9652916193008423,0.9428067803382874,0.9191855192184448,0.9404898881912231,0.9787486791610718,0.9617162346839905,0.9332264363765717,1
BSU00690,BSU00700,0,0.852895200252533,0.9077460169792175,0.8859087228775024,0.9354512095451355,0.9855232238769531,0.931025505065918,0.9516395330429077,0.9463729858398438,0.7030414938926697,0.8243423700332642,0.8923946261405945,1
BSU00700,BSU00710,1,0.9940986633300781,0.9827581644058228,0.9677948951721191,0.9932172894477844,0.9895236492156982,0.9906147122383118,0.989859938621521,0.9934669733047485,0.9922705292701721,0.9937435984611511,0.9887348413467407,1
BSU00710,BSU00720,1,0.9921829700469971,0.9360672831535339,0.8730520606040955,0.9655681252479553,0.972486138343811,0.9664373397827148,0.9535068869590759,0.9581871032714844,0.98862224817276,0.9903650283813477,0.9596475183963775,1
BSU00720,BSU00730,1,0.6864432096481323,0.8873507976531982,0.7551657557487488,0.7373623251914978,0.6059225797653198,0.8259273171424866,0.8429548144340515,0.667462944984436,0.8401952385902405,0.8042351007461548,0.7653020083904266,1
BSU00730,BSU00740,0,0.9244038462638855,0.8723388910293579,0.709886908531189,0.916192889213562,0.7380124926567078,0.9052156209945679,0.8906541466712952,0.8870248794555664,0.885759174823761,0.996239423751831,0.8725728273391724,1
BSU00740,BSU00750,1,0.9418888092041016,0.9312868714332581,0.9354353547096252,0.9667340517044067,0.9489955306053162,0.970291018486023,0.9704375863075256,0.9231559038162231,0.9733529090881348,0.9825740456581116,0.9544152081012726,1
BSU00750,BSU00760,1,0.9534656405448914,0.9321199059486389,0.9740505814552307,0.9432610273361206,0.9677250981330872,0.9433703422546387,0.9382827877998352,0.8558297753334045,0.9429897665977478,0.9246663451194763,0.9375761270523071,1
BSU00760,BSU00770,1,0.8936995267868042,0.8966186046600342,0.9429712295532227,0.9386606216430664,0.879640519618988,0.9090813398361206,0.7885293960571289,0.8226131796836853,0.49152424931526184,0.7190428376197815,0.8282381504774093,1
BSU00770,BSU00780,1,0.9260134696960449,0.914985179901123,0.9472349286079407,0.9347498416900635,0.644632875919342,0.9238187670707703,0.8833296298980713,0.8110293745994568,0.7119097113609314,0.8245897889137268,0.8522293567657471,1
BSU00780,BSU00790,1,0.9696965217590332,0.9417881369590759,0.9828417301177979,0.9799264669418335,0.8680248856544495,0.9320527911186218,0.9624571800231934,0.9694677591323853,0.877347469329834,0.8082138299942017,0.9291816771030426,1
BSU00790,BSU00800,1,0.9152526259422302,0.932371199131012,0.9638821482658386,0.9497538208961487,0.3576402962207794,0.9168028831481934,0.8538953065872192,0.7082524299621582,0.451028436422348,0.8100006580352783,0.7858879804611206,1
BSU00800,BSU00810,1,0.9766307473182678,0.956733226776123,0.9159175753593445,0.9663751125335693,0.9322405457496643,0.979534387588501,0.8998699188232422,0.932536244392395,0.9913709163665771,0.9950664043426514,0.9546275079250336,1
BSU00810,BSU00820,1,0.945855975151062,0.9464108943939209,0.8436613082885742,0.9751304388046265,0.9800006747245789,0.9769992828369141,0.9112294912338257,0.9376394748687744,0.9686923623085022,0.9861297011375427,0.9471749603748322,1
BSU00830,BSU00840,1,0.9892975687980652,0.9823378920555115,0.9681077599525452,0.9904348254203796,0.99081951379776,0.9888042211532593,0.9866064786911011,0.9912733435630798,0.9896271824836731,0.9803733229637146,0.9857682108879089,1
BSU00840,BSU00850,1,0.9890087246894836,0.9715415239334106,0.9908887147903442,0.9903127551078796,0.9825572967529297,0.9823134541511536,0.9858492016792297,0.9955690503120422,0.9886569976806641,0.9858492016792297,0.9862546920776367,1
BSU00850,BSU00860,1,0.9890990853309631,0.9723154306411743,0.9909870028495789,0.9898343086242676,0.9829157590866089,0.9818812012672424,0.9857831001281738,0.9958299994468689,0.9891509413719177,0.9875961542129517,0.9865392982959748,1
BSU00860,BSU00870,1,0.9380411505699158,0.7759798765182495,0.7617184519767761,0.8978273868560791,0.7539739608764648,0.923133134841919,0.8370646834373474,0.6864947080612183,0.6800727248191833,0.9119409918785095,0.8166247069835663,1
BSU00870,BSU00880,1,0.9931750893592834,0.9909502863883972,0.9732807278633118,0.9929556846618652,0.9879554510116577,0.9912225008010864,0.9831674098968506,0.9901662468910217,0.9915356040000916,0.9946398735046387,0.9889048874378205,1
BSU00880,BSU00890,1,0.8944200277328491,0.9432265162467957,0.8536113500595093,0.850024402141571,0.9262057542800903,0.9639901518821716,0.8951776623725891,0.9162678718566895,0.9362106919288635,0.9685395956039429,0.9147674024105072,1
BSU00890,BSU00900,1,0.9930390119552612,0.9900794625282288,0.9714012742042542,0.995566725730896,0.9952308535575867,0.9924108386039734,0.9897812008857727,0.9949716329574585,0.9959125518798828,0.9932323694229126,0.9911625921726227,1
BSU00900,BSU00910,1,0.9925910234451294,0.9765173196792603,0.9921985864639282,0.9927667379379272,0.9903613924980164,0.986279308795929,0.9867633581161499,0.9960160255432129,0.9911885857582092,0.9922094941139221,0.9896891832351684,1
BSU00910,BSU00920,0,0.8321117758750916,0.8792322278022766,0.6501274108886719,0.8689113259315491,0.8845637440681458,0.7945283651351929,0.7218319177627563,0.8040217757225037,0.6544427275657654,0.9387783408164978,0.8028549611568451,1
BSU00920,BSU00930,1,0.5248705744743347,0.4068608582019806,0.41998201608657837,0.6442673206329346,0.34316956996917725,0.43517255783081055,0.2660965323448181,0.5097507834434509,0.9423964023590088,0.4456027150154114,0.4938169330358505,0
BSU00930,BSU00940,1,0.9907481670379639,0.9751982092857361,0.9921582937240601,0.9906704425811768,0.987099826335907,0.9829795360565186,0.9865781664848328,0.9968101382255554,0.9910039901733398,0.990606427192688,0.9883853197097778,1
BSU00940,BSU00950,1,0.9877668023109436,0.9813191890716553,0.9622024893760681,0.9906479120254517,0.9905864596366882,0.9902801513671875,0.9891547560691833,0.9945955276489258,0.9870945811271667,0.9959039688110352,0.9869551837444306,1
BSU00950,BSU00960,1,0.9910369515419006,0.973919153213501,0.992289662361145,0.9912135601043701,0.9866463541984558,0.9835634231567383,0.9866717457771301,0.9967191219329834,0.9904374480247498,0.9901203513145447,0.9882617771625519,1
BSU00960,BSU00970,1,0.9929129481315613,0.9920618534088135,0.9741968512535095,0.9944356083869934,0.9933514595031738,0.9879555702209473,0.9921668767929077,0.9951910972595215,0.9929883480072021,0.9964436292648315,0.9911704242229462,1
BSU01150,BSU01160,1,0.9495338797569275,0.9004446268081665,0.9087134003639221,0.9525362253189087,0.9024322032928467,0.9594516754150391,0.915347158908844,0.9339744448661804,0.9813485741615295,0.9002741575241089,0.9304056346416474,1
BSU01160,BSU01170,1,0.9358202815055847,0.954619288444519,0.8888370394706726,0.9485100507736206,0.8630563616752625,0.9745092391967773,0.832790195941925,0.8371977210044861,0.9249588251113892,0.9851411581039429,0.914544016122818,1
BSU01170,BSU01180,1,0.9337726831436157,0.946066677570343,0.9660418629646301,0.9698054790496826,0.9122859835624695,0.9647916555404663,0.9444532990455627,0.937937319278717,0.8492808938026428,0.8569742441177368,0.9281410098075866,1
BSU01180,BSU01190,1,0.9023588299751282,0.8698670268058777,0.9734736084938049,0.9801690578460693,0.8204664587974548,0.9970674514770508,0.8681128621101379,0.8408955931663513,0.37787625193595886,0.8263100385665894,0.8456597179174423,1
BSU01190,BSU01200,1,0.9368855357170105,0.4540295898914337,0.8819319605827332,0.9377470016479492,0.2114543318748474,0.8674490451812744,0.9668644070625305,0.04479552060365677,0.9675632119178772,0.9810029864311218,0.7249723590910435,1
BSU01200,BSU01210,1,0.9399673938751221,0.8756076693534851,0.9276341795921326,0.8701198697090149,0.8280612230300903,0.9435049295425415,0.7912030816078186,0.6433274149894714,0.8840563893318176,0.9458693861961365,0.8649351537227631,1
BSU01210,BSU01220,1,0.9338817000389099,0.9883497953414917,0.9756972193717957,0.9830827116966248,0.9709438681602478,0.9897118210792542,0.9683016538619995,0.6193104386329651,0.5063533782958984,0.9661981463432312,0.8901830732822418,1
BSU01220,BSU01230,1,0.9758541584014893,0.9690821766853333,0.9100836515426636,0.9878695011138916,0.9672788977622986,0.9763628244400024,0.97762131690979,0.9849658608436584,0.9681174159049988,0.9830800890922546,0.9700315892696381,1
BSU01230,BSU01240,1,0.9726923108100891,0.9450830221176147,0.9794411659240723,0.9844889640808105,0.9482831358909607,0.9779619574546814,0.9757289886474609,0.9784282445907593,0.9288724660873413,0.9065224528312683,0.9597502708435058,1
BSU01240,BSU01250,1,0.9224199056625366,0.9096344709396362,0.8568289875984192,0.8607458472251892,0.9450445175170898,0.9501898288726807,0.8552961945533752,0.783790647983551,0.8991544842720032,0.9442378878593445,0.8927342772483826,1
BSU01250,BSU01260,1,0.9394879341125488,0.93608158826828,0.7712576389312744,0.8233850002288818,0.8210940361022949,0.962783694267273,0.8084985017776489,0.9138842225074768,0.9698208570480347,0.971967875957489,0.8918261349201202,1
BSU01260,BSU01270,1,0.949055552482605,0.9365724325180054,0.8737978935241699,0.9239373207092285,0.983417809009552,0.8675683736801147,0.8937454223632812,0.9474974274635315,0.9516932964324951,0.9819762706756592,0.9309261798858642,1
BSU01270,BSU01280,1,0.9697859883308411,0.9181107878684998,0.924227237701416,0.9704867601394653,0.9411659836769104,0.9885609745979309,0.8079272508621216,0.9424316883087158,0.9207412600517273,0.9914147853851318,0.937485271692276,1
BSU01280,BSU01290,1,0.9843133687973022,0.986288845539093,0.9662606716156006,0.9817279577255249,0.9807367324829102,0.987159013748169,0.9863346815109253,0.9857770204544067,0.9633098840713501,0.9861587285995483,0.980806690454483,1
BSU01290,BSU01300,1,0.9281997680664062,0.894301176071167,0.7777929306030273,0.7203643321990967,0.9131595492362976,0.8182677626609802,0.8706783056259155,0.8582895398139954,0.7432529330253601,0.8838337063789368,0.8408140003681183,1
BSU01300,BSU01310,1,0.9828941226005554,0.9878852963447571,0.9433348774909973,0.9822790026664734,0.9932156205177307,0.9894844889640808,0.9812059998512268,0.9844957590103149,0.9824014902114868,0.9901552796363831,0.9817351937294007,1
BSU01310,BSU01320,1,0.9497243762016296,0.9456895589828491,0.9035006761550903,0.9777128100395203,0.8990309834480286,0.9795133471488953,0.9696740508079529,0.9457196593284607,0.9728744029998779,0.9869585037231445,0.9530398368835449,1
BSU01320,BSU01330,1,0.9324668645858765,0.9491323828697205,0.8755536675453186,0.871831476688385,0.7753965258598328,0.9751748442649841,0.7966219186782837,0.7082141041755676,0.9584065079689026,0.9831528663635254,0.8825951159000397,1
BSU01330,BSU01340,1,0.9914496541023254,0.9887757301330566,0.9579548835754395,0.9924110770225525,0.9858066439628601,0.9862303137779236,0.9883407950401306,0.9881834387779236,0.9955579042434692,0.996904730796814,0.9871615171432495,1
BSU01340,BSU01350,1,0.9510918855667114,0.9091237187385559,0.8804817795753479,0.9033389687538147,0.7504409551620483,0.894295871257782,0.9117570519447327,0.7308389544487,0.9526792764663696,0.9437320232391357,0.8827780485153198,1
BSU01350,BSU01360,1,0.9713343381881714,0.9902189373970032,0.9566376805305481,0.9909172058105469,0.9905728101730347,0.9914381504058838,0.9901308417320251,0.9839547872543335,0.9918184280395508,0.9981862902641296,0.9855209469795227,1
BSU01730,BSU01740,1,0.9878520965576172,0.9930499196052551,0.9880186915397644,0.9948088526725769,0.9960671067237854,0.9947938919067383,0.9910359978675842,0.9950131177902222,0.9940128922462463,0.9979469180107117,0.9932599484920501,1
BSU01810,BSU01820,1,0.9496380686759949,0.9450918436050415,0.9709442257881165,0.9762001037597656,0.8974120616912842,0.9683046340942383,0.9604008793830872,0.9140470027923584,0.8546586036682129,0.8288461565971375,0.9265543580055237,1
BSU01820,BSU01830,0,0.23574890196323395,0.056810032576322556,0.03473256155848503,0.19249051809310913,0.020314980298280716,0.04831766337156296,0.10292121022939682,0.014438973739743233,0.016537291929125786,0.04914204403758049,0.07714541777968406,0
BSU01860,BSU01870,1,0.6934792399406433,0.7604528069496155,0.5774778723716736,0.7837299108505249,0.4349958002567291,0.7059787511825562,0.6545467972755432,0.8498379588127136,0.5807967782020569,0.4840204417705536,0.6525316357612609,1
BSU01870,BSU01880,1,0.9209846258163452,0.9408391714096069,0.8364058136940002,0.8833820819854736,0.9191246032714844,0.9522023797035217,0.928984522819519,0.8463018536567688,0.9416934847831726,0.8323019742965698,0.9002220511436463,1
BSU01890,BSU01900,0,0.8481763005256653,0.8165857791900635,0.8188453316688538,0.8898106217384338,0.9223129153251648,0.7483048439025879,0.9367284774780273,0.9202757477760315,0.9646474719047546,0.8945984840393066,0.8760285973548889,1
BSU01900,BSU01910,1,0.03909986466169357,0.010035404935479164,0.02652202919125557,0.01947513222694397,0.006186659913510084,0.005163621623069048,0.012295637279748917,0.006884400267153978,0.005106901749968529,0.014364846982061863,0.01451344988308847,0
BSU01950,BSU01960,1,0.946785032749176,0.8156265616416931,0.8756051659584045,0.9588999152183533,0.8651899099349976,0.9181673526763916,0.9287786483764648,0.8289408683776855,0.9674290418624878,0.9878532886505127,0.9093275785446167,1
BSU01960,BSU01970,1,0.9221779704093933,0.9260573983192444,0.8142140507698059,0.5811152458190918,0.900181233882904,0.9396888613700867,0.8722295165061951,0.8562994599342346,0.8176214694976807,0.9211440682411194,0.8550729274749755,1
BSU01970,BSU01980,1,0.9871628880500793,0.9640268683433533,0.9554998874664307,0.9861573576927185,0.9850758910179138,0.9546363949775696,0.9753199219703674,0.975060224533081,0.9886918067932129,0.9869676828384399,0.9758598923683166,1
BSU02050,BSU02060,0,0.661408543586731,0.7857840061187744,0.8901210427284241,0.9781849384307861,0.6181334853172302,0.9819470047950745,0.37934714555740356,0.9325500130653381,0.8556044697761536,0.6223458051681519,0.7705426454544068,1
BSU02060,BSU02070,1,0.9076260924339294,0.9557722806930542,0.9231913685798645,0.7627254128456116,0.9685966372489929,0.23658239841461182,0.879580557346344,0.4108951985836029,0.5119674205780029,0.5917090177536011,0.7148646384477615,1
BSU02070,BSU02080,1,0.9389495253562927,0.9455795288085938,0.8794025182723999,0.9261201024055481,0.9750990271568298,0.9828817844390869,0.8917210102081299,0.9015625715255737,0.9413077235221863,0.9783639907836914,0.9360987782478333,1
BSU02080,BSU02100,0,0.01876676455140114,0.006863927002996206,0.01416096556931734,0.01974109560251236,0.002247871831059456,0.0040498883463442326,0.014466540887951851,0.0018800327088683844,0.004776718560606241,0.011923879384994507,0.009887768444605172,0
BSU02100,BSU02120,0,0.07921158522367477,0.018025966361165047,0.07274654507637024,0.052213046699762344,0.013084202073514462,0.03290391340851784,0.03706268593668938,0.02312401868402958,0.05951610207557678,0.038610488176345825,0.04264985537156463,0
BSU02120,BSU02150,0,0.0012169210240244865,0.0013207399751991034,0.005460028536617756,0.0028679901733994484,0.0006735871429555118,0.0044944267719984055,0.0069804019294679165,0.0007249701302498579,0.001347653567790985,0.001381862792186439,0.002646858204388991,0
BSU02150,BSU02160,1,0.5957628488540649,0.42079538106918335,0.5681053400039673,0.3721626102924347,0.3044472336769104,0.5834696888923645,0.6086059808731079,0.38077983260154724,0.22971844673156738,0.4921428859233856,0.45559902489185333,0
BSU02160,BSU02170,1,0.9149000644683838,0.8886355757713318,0.9535265564918518,0.9522445201873779,0.8439373970031738,0.9224023222923279,0.8140697479248047,0.8890591859817505,0.6489307880401611,0.6878421902656555,0.8515548348426819,1
BSU02440,BSU02450,1,0.9598307609558105,0.9464643597602844,0.9311189651489258,0.9388386011123657,0.9776450991630554,0.9680415987968445,0.958977997303009,0.9821428656578064,0.9791509509086609,0.9601342678070068,0.960234546661377,1
BSU02450,BSU02460,0,0.8359594345092773,0.4706017076969147,0.3810831308364868,0.5598406195640564,0.35875406861305237,0.2531788945198059,0.5026636123657227,0.29667967557907104,0.2890655994415283,0.8443660736083984,0.4792192816734314,0
BSU02460,BSU02470,1,0.9398525357246399,0.9345119595527649,0.8728559017181396,0.9670964479446411,0.9754956960678101,0.9842111468315125,0.9596223831176758,0.9446390867233276,0.9793341755867004,0.9690482020378113,0.9526667535305023,1
BSU02470,BSU02480,1,0.9701448082923889,0.9537481665611267,0.8801978230476379,0.9822748899459839,0.9834310412406921,0.96574866771698,0.9311985969543457,0.9530552625656128,0.9663633704185486,0.9924349784851074,0.9578597605228424,1
BSU02480,BSU02490,1,0.937150776386261,0.9453282952308655,0.9418758749961853,0.9671375155448914,0.9499504566192627,0.9875870943069458,0.9141526222229004,0.8198888301849365,0.634126603603363,0.9093524813652039,0.9006550550460816,1
BSU02490,BSU02500,1,0.8132646083831787,0.6103197932243347,0.791867733001709,0.7887508273124695,0.7536783218383789,0.9315673112869263,0.8643866777420044,0.5372333526611328,0.8272807598114014,0.9713304042816162,0.7889679789543151,1
BSU02500,BSU02510,1,0.9540590047836304,0.9139508008956909,0.798556923866272,0.8078998923301697,0.9693742394447327,0.9007587432861328,0.7331634163856506,0.7400131821632385,0.9742812514305115,0.9791927337646484,0.8771250188350678,1
BSU02510,BSU02520,1,0.4407638907432556,0.4233664870262146,0.5149297714233398,0.5851441025733948,0.5226871967315674,0.7436521649360657,0.32513874769210815,0.3358214199542999,0.7985560297966003,0.7591554522514343,0.5449215263128281,1
BSU02530,BSU02540,1,0.9618754386901855,0.9802570343017578,0.9470946788787842,0.9820349216461182,0.9755969643592834,0.9827862977981567,0.9681227207183838,0.986638605594635,0.9935911297798157,0.9872589111328125,0.9765256702899933,1
BSU02540,BSU02550,0,0.8153080344200134,0.655177891254425,0.6660310626029968,0.7708026170730591,0.5106346607208252,0.31935274600982666,0.6682379841804504,0.37394949793815613,0.45975691080093384,0.8051268458366394,0.6044378250837326,1
BSU02550,BSU02560,1,0.9594783782958984,0.9501674175262451,0.9433509707450867,0.9804425835609436,0.9740411639213562,0.9683384299278259,0.9535092711448669,0.9683899283409119,0.9846299290657043,0.9888155460357666,0.9671163618564605,1
BSU02560,BSU02570,1,0.9392521977424622,0.9135063886642456,0.8235337734222412,0.9184520840644836,0.9398461580276489,0.9522515535354614,0.9364849328994751,0.9705560803413391,0.9507538676261902,0.9365466833114624,0.928118371963501,1
BSU02570,BSU02580,1,0.9820678234100342,0.9286326766014099,0.9355859160423279,0.9831168055534363,0.966995894908905,0.984710693359375,0.9714853167533875,0.9628914594650269,0.9751273989677429,0.9810073971748352,0.967162138223648,1
BSU02580,BSU02600,0,0.025944959372282028,0.008245997130870819,0.013411140069365501,0.013473465107381344,0.0005120589048601687,0.01978248544037342,0.0049102334305644035,0.011578901670873165,0.010902661830186844,0.0020887593273073435,0.011085066228406503,0
BSU02600,BSU02610,0,0.49131375551223755,0.40974465012550354,0.5163877606391907,0.5774515867233276,0.18406137824058533,0.20865818858146667,0.5637033581733704,0.3294210135936737,0.25386562943458557,0.3907528817653656,0.39253602027893064,0
BSU02770,BSU02790,0,0.07874095439910889,0.06317165493965149,0.06905364990234375,0.09780581295490265,0.015418600291013718,0.06852979212999344,0.05805709585547447,0.04166553169488907,0.01334285270422697,0.020586131140589714,0.05263720760121941,0
BSU02850,BSU02860,1,0.9282611608505249,0.8176836967468262,0.8988760709762573,0.9201921224594116,0.8446778059005737,0.9556556940078735,0.8885838985443115,0.7746759057044983,0.9020863771438599,0.9142070412635803,0.8844899773597718,1
BSU02860,BSU02870,1,0.9680283069610596,0.9796567559242249,0.9809970259666443,0.9834609627723694,0.9817097187042236,0.980580747127533,0.980049729347229,0.9584199786186218,0.9253332018852234,0.9516017436981201,0.968983817100525,1
BSU02870,BSU02890,0,0.08030062168836594,0.014537997543811798,0.03399945795536041,0.011388971470296383,0.0030251017305999994,0.0028114765882492065,0.011800830252468586,0.008588242344558239,0.005141635425388813,0.025272797793149948,0.019686713279224933,0
BSU02890,BSU02900,1,0.9922811388969421,0.9564581513404846,0.9571524262428284,0.9866517782211304,0.9796485900878906,0.9828031659126282,0.9745175242424011,0.9741775393486023,0.968128502368927,0.9721059799194336,0.9743924796581268,1
BSU02900,BSU02910,1,0.9895576238632202,0.9799370765686035,0.932597279548645,0.9871431589126587,0.9802581071853638,0.9842684268951416,0.9713638424873352,0.9856221079826355,0.9933032989501953,0.9969546794891357,0.9801005601882935,1
BSU02910,BSU02920,1,0.9824094772338867,0.9284076690673828,0.8635748028755188,0.9698941707611084,0.897548258304596,0.9802723526954651,0.9617205858230591,0.9755957126617432,0.9715792536735535,0.9949749708175659,0.952597725391388,1
BSU02920,BSU02930,1,0.8054370880126953,0.8728682994842529,0.7260979413986206,0.7008500099182129,0.5235280990600586,0.8023485541343689,0.7052538394927979,0.7976486682891846,0.7356718182563782,0.9892663955688477,0.7658970713615417,1
BSU02930,BSU02940,1,0.9939936995506287,0.976050615310669,0.9708791375160217,0.992477536201477,0.9713013768196106,0.9938251376152039,0.9854632019996643,0.9921883344650269,0.9844408631324768,0.9908117055892944,0.9851431608200073,1
BSU02940,BSU02950,1,0.6978139877319336,0.7369831204414368,0.7100644111633301,0.6596940755844116,0.7179204225540161,0.31986433267593384,0.6699249148368835,0.4918993413448334,0.28986412286758423,0.6228312253952026,0.5916859954595566,1
BSU02950,BSU02980,0,0.008134471252560616,0.0029801016207784414,0.0108722522854805,0.0037491037510335445,0.001580732990987599,0.0029529386665672064,0.005467683542519808,0.0027888361364603043,0.0015635326271876693,0.0010504212696105242,0.004114007414318621,0
BSU02980,BSU02990,1,0.9630041718482971,0.9858481287956238,0.9468397498130798,0.9841643571853638,0.9825712442398071,0.9845017790794373,0.9877288937568665,0.9857423305511475,0.9862750768661499,0.9869194626808167,0.9793595194816589,1
BSU02990,BSU03000,1,0.9740369915962219,0.9582899212837219,0.9819833040237427,0.9822613000869751,0.964730441570282,0.9675620794296265,0.9538768529891968,0.9739078879356384,0.7787784934043884,0.8483293056488037,0.9383756577968597,1
BSU03000,BSU03020,0,0.09137842059135437,0.034416526556015015,0.06016490235924721,0.06892769783735275,0.004068579990416765,0.009157521650195122,0.020888959988951683,0.02414122223854065,0.009731066413223743,0.009002394042909145,0.03318772916682065,0
BSU03020,BSU03030,0,0.7933992147445679,0.6145364046096802,0.5770065784454346,0.6658731698989868,0.4501657783985138,0.7103154063224792,0.7160263657569885,0.5003190040588379,0.7897775173187256,0.8505113124847412,0.6667930752038955,1
BSU03030,BSU03040,0,0.9299929738044739,0.8037339448928833,0.5274322032928467,0.820284903049469,0.6167600154876709,0.4783540368080139,0.7629427909851074,0.3555651307106018,0.8973057866096497,0.3833959400653839,0.6575767725706101,1
BSU03040,BSU03050,0,0.29295048117637634,0.15166760981082916,0.5615737438201904,0.2773808240890503,0.10173633694648743,0.3435637950897217,0.32584714889526367,0.13212236762046814,0.25093117356300354,0.08662299066781998,0.25243964716792106,0
BSU03050,BSU03060,1,0.9746211767196655,0.9873228073120117,0.943103015422821,0.9851330518722534,0.9701016545295715,0.990032970905304,0.9732341170310974,0.9852926731109619,0.9874520301818848,0.9941908717155457,0.9790484368801117,1
BSU03060,BSU03080,0,0.13931904733181,0.0053346469067037106,0.027443889528512955,0.046587493270635605,0.0003913575492333621,0.007989962585270405,0.021691232919692993,0.013078457675874233,0.007139401976019144,0.010618727654218674,0.027959421739797107,0
BSU03080,BSU03090,1,0.9800111651420593,0.8085494041442871,0.7147928476333618,0.9163381457328796,0.9218289256095886,0.8051084280014038,0.80291348695755,0.8848750591278076,0.9288930892944336,0.9197497963905334,0.8683060348033905,1
BSU03090,BSU03100,1,0.9609088897705078,0.9220186471939087,0.850368857383728,0.9136022329330444,0.9443249106407166,0.9861674308776855,0.9154849052429199,0.7833157777786255,0.8216385841369629,0.9732440710067749,0.9071074306964875,1
BSU03100,BSU03120,0,0.026268981397151947,0.003047552425414324,0.028624853119254112,0.01626534014940262,0.0005720541230402887,0.007713343016803265,0.015298265032470226,0.0022687821183353662,0.0035304820630699396,0.0023356240708380938,0.010592527751578018,0
BSU03180,BSU03190,0,0.8399698138237,0.836205244064331,0.8122818470001221,0.81891268491745,0.9320964813232422,0.772365927696228,0.7487887740135193,0.9113397002220154,0.8603870868682861,0.9259465932846069,0.8458294153213501,1
BSU03190,BSU03200,1,0.2538979947566986,0.22412554919719696,0.22407002747058868,0.13158363103866577,0.06815499812364578,0.07491173595190048,0.06412968039512634,0.12476380914449692,0.018404841423034668,0.11725026369094849,0.13012925311923026,0
BSU03200,BSU03210,1,0.97704017162323,0.9800218939781189,0.9286479949951172,0.9764283895492554,0.9677043557167053,0.9845893383026123,0.9549534320831299,0.9539838433265686,0.9819870591163635,0.9961798191070557,0.9701536297798157,1
BSU03210,BSU03220,1,0.8721932172775269,0.7964918613433838,0.6436231732368469,0.817882776260376,0.7148962616920471,0.7505304217338562,0.6206711530685425,0.5775489211082458,0.7458705902099609,0.8598641157150269,0.7399572491645813,1
BSU03220,BSU03230,1,0.5273656845092773,0.8542554378509521,0.8712580800056458,0.6974467635154724,0.5010844469070435,0.25718462467193604,0.7617459893226624,0.6017103791236877,0.6303631067276001,0.6727928519248962,0.6375207364559173,1
BSU03230,BSU03270,0,0.004153984133154154,0.0027573821134865284,0.005879763979464769,0.0023243443574756384,0.0005440563545562327,0.0008169899228960276,0.0032981529366225004,0.0009634711896069348,0.003918633330613375,0.00027057487750425935,0.002492735319538042,0
BSU03340,BSU03350,1,0.9484378099441528,0.8858358263969421,0.9667206406593323,0.9715412855148315,0.898631751537323,0.9427976012229919,0.8044548630714417,0.9493815302848816,0.4799557626247406,0.4946407675743103,0.8342397838830948,1
BSU03700,BSU03710,1,0.9319796562194824,0.9692572951316833,0.9612405300140381,0.9571921229362488,0.9567717909812927,0.9504573941230774,0.9146803617477417,0.8456007242202759,0.8515337705612183,0.8917400240898132,0.9230453670024872,1
BSU03710,BSU03720,1,0.9131560921669006,0.9799139499664307,0.9014770984649658,0.9455523490905762,0.9460848569869995,0.955938458442688,0.9514245390892029,0.9723320007324219,0.9622499942779541,0.8448213338851929,0.9372950673103333,1
BSU03720,BSU03750,0,0.014578105881810188,0.004413135815411806,0.01250471267849207,0.01420090813189745,0.000360929814632982,0.005890660919249058,0.010444406419992447,0.0018778875237330794,0.002937893383204937,0.0007977780187502503,0.006800641858717427,0
BSU03750,BSU03760,1,0.9616506695747375,0.9161920547485352,0.9772341251373291,0.9763707518577576,0.9581649303436279,0.9679425954818726,0.9505168795585632,0.9736941456794739,0.847137987613678,0.8121175169944763,0.9341021656990052,1
BSU03760,BSU03770,1,0.8906541466712952,0.7088636755943298,0.6789945960044861,0.8813348412513733,0.8041528463363647,0.8433016538619995,0.8170175552368164,0.7707837224006653,0.8191834688186646,0.9346112608909607,0.8148897767066956,1
BSU03770,BSU03780,1,0.9736000895500183,0.8828758597373962,0.9400891065597534,0.9740651845932007,0.8222721815109253,0.8741124868392944,0.8859795928001404,0.936418354511261,0.528258204460144,0.7581891417503357,0.857586020231247,1
BSU03780,BSU03800,0,0.003119286149740219,0.00042544372263364494,0.004751784726977348,0.0019594947807490826,5.344518649508245e-05,0.00010825911886058748,0.0011919871903955936,0.0005727237439714372,0.0011389051796868443,0.00014749674301128834,0.0013468826542521128,0
BSU03800,BSU03810,1,0.9528214931488037,0.9531307816505432,0.97269207239151,0.9684094786643982,0.929510235786438,0.9527488946914673,0.8963287472724915,0.9306283593177795,0.8251110315322876,0.8543221354484558,0.9235703229904175,1
BSU03810,BSU03820,1,0.973305344581604,0.9523400068283081,0.9823910593986511,0.9827273488044739,0.9457453489303589,0.9835825562477112,0.9801275134086609,0.9646784663200378,0.9585353136062622,0.9664509296417236,0.9689883887767792,1
BSU03820,BSU03830,1,0.972278892993927,0.9803051948547363,0.9455222487449646,0.970700204372406,0.9764693975448608,0.980164110660553,0.9667165279388428,0.9815280437469482,0.9039802551269531,0.9884380102157593,0.9666102886199951,1
BSU03830,BSU03880,0,0.005812117364257574,0.0021094349212944508,0.008187398314476013,0.004155057482421398,0.00010074108286062256,0.0013886040542274714,0.005838796030730009,0.0013833611737936735,0.000979711883701384,0.000856767175719142,0.0030811989483481737,0
BSU03880,BSU03900,0,0.03127799183130264,0.00473375990986824,0.019521676003932953,0.005679566878825426,0.0004324530018493533,0.002555225510150194,0.00408537220209837,0.002778171794489026,0.000641202786937356,9.424846939509735e-05,0.0071799668388848655,0
BSU03900,BSU03910,1,0.7300646901130676,0.7602540850639343,0.7736687660217285,0.689895510673523,0.7364728450775146,0.9041577577590942,0.6895689368247986,0.6412389278411865,0.8372966647148132,0.8914781808853149,0.7654096364974976,1
BSU03910,BSU03920,0,0.6369630694389343,0.37811732292175293,0.6420932412147522,0.21132969856262207,0.10413366556167603,0.1954096555709839,0.2976236939430237,0.3307415544986725,0.21421663463115692,0.5828912854194641,0.3593519821763039,0
BSU03920,BSU03930,1,0.9335918426513672,0.9117417335510254,0.9458567500114441,0.9600383639335632,0.9620929956436157,0.9625606536865234,0.9638252258300781,0.9385783672332764,0.9849990010261536,0.9773061275482178,0.9540591061115264,1
BSU03930,BSU03970,0,0.0005953576765023172,0.0011528362520039082,0.002723205601796508,0.0019717032555490732,0.00025020918110385537,0.000830155739095062,0.0016307818004861474,0.0013444781070575118,0.0006186919054016471,0.0005264999344944954,0.0011643919453490526,0
BSU04000,BSU04010,0,0.9375714063644409,0.5566924214363098,0.5057409405708313,0.7248622179031372,0.5289853811264038,0.609451949596405,0.7303429245948792,0.698980450630188,0.4426746964454651,0.4721603989601135,0.6207462787628174,1
BSU04010,BSU04030,0,0.002075019758194685,0.002333698095753789,0.012085570022463799,0.003651660867035389,0.003266013227403164,0.004031152464449406,0.006160009186714888,0.002173104090616107,0.003733585588634014,0.0008362067164853215,0.004034602001775056,0
BSU04030,BSU04040,0,0.43567100167274475,0.07053665071725845,0.29312464594841003,0.37064650654792786,0.0349038727581501,0.24178126454353333,0.5007390379905701,0.010482348501682281,0.08686719089746475,0.02896103262901306,0.20737135522067546,0
BSU04040,BSU04050,0,0.6524170637130737,0.790118932723999,0.6874687075614929,0.8345193266868591,0.13774673640727997,0.8294959664344788,0.5354723930358887,0.8077040314674377,0.04826934263110161,0.22521135210990906,0.554842385277152,1
BSU04050,BSU04060,0,0.9748015403747559,0.9688893556594849,0.9644726514816284,0.981063187122345,0.9816620349884033,0.9798955321311951,0.9755566120147705,0.984301745891571,0.9803065061569214,0.9877805113792419,0.9778729677200317,1
BSU04060,BSU04070,1,0.9629133939743042,0.9834286570549011,0.9354543089866638,0.9838361740112305,0.9877547025680542,0.9730880856513977,0.95868980884552,0.9722970128059387,0.9921385049819946,0.9960857033729553,0.974568635225296,1
BSU04070,BSU04080,1,0.9842703938484192,0.9402149319648743,0.8944675922393799,0.9106510877609253,0.9109122157096863,0.9473357200622559,0.9126323461532593,0.94706791639328,0.9413818120956421,0.9839898347854614,0.9372923851013184,1
BSU04080,BSU04090,1,0.9622442722320557,0.9313916563987732,0.9053360223770142,0.9720220565795898,0.94460529088974,0.9855062961578369,0.9717130661010742,0.9461588263511658,0.9764108061790466,0.9902322292327881,0.9585620522499084,1
BSU04090,BSU04100,1,0.9696446061134338,0.9835599064826965,0.9545385241508484,0.9894375205039978,0.9772400259971619,0.9902310967445374,0.9854134917259216,0.9791193008422852,0.9918257594108582,0.991618812084198,0.9812629044055938,1
BSU04100,BSU04110,0,0.9371016025543213,0.8922120332717896,0.7954903841018677,0.9031865000724792,0.8856036067008972,0.8975971341133118,0.892392098903656,0.8453452587127686,0.8560952544212341,0.7856010794639587,0.8690624952316284,1
BSU04110,BSU04120,0,0.2722925841808319,0.19512249529361725,0.31278204917907715,0.1819755584001541,0.05943864956498146,0.3259096145629883,0.3601769804954529,0.08610676229000092,0.030482269823551178,0.07716862857341766,0.19014555923640727,0
BSU04150,BSU04160,1,0.7459280490875244,0.8310527205467224,0.8280654549598694,0.6488403677940369,0.7319949269294739,0.7959434986114502,0.7561284899711609,0.6407801508903503,0.5407369136810303,0.9192584156990051,0.7438728988170624,1
BSU04190,BSU04200,1,0.9691697359085083,0.9681691527366638,0.958929717540741,0.9772942066192627,0.9653443694114685,0.9852213859558105,0.9796999096870422,0.9762082695960999,0.9815506339073181,0.9838665723800659,0.9745453953742981,1
BSU04200,BSU04210,1,0.6619248986244202,0.6968140602111816,0.6085537075996399,0.8219310641288757,0.46158161759376526,0.5953546762466431,0.6419435143470764,0.48823559284210205,0.2361610382795334,0.8452152609825134,0.6057715430855751,1
BSU04210,BSU04220,1,0.31682658195495605,0.2615499794483185,0.5317044854164124,0.3076861798763275,0.0969473198056221,0.32324209809303284,0.3712550103664398,0.2181377112865448,0.10891084372997284,0.28174179792404175,0.2818002007901669,0
BSU04670,BSU04680,1,0.9768845438957214,0.9759562611579895,0.9504780173301697,0.987356960773468,0.9740252494812012,0.9745242595672607,0.9827307462692261,0.976547122001648,0.9894943833351135,0.9943501949310303,0.9782347738742828,1
BSU04680,BSU04690,1,0.9929947853088379,0.9838888049125671,0.9534443616867065,0.9836006164550781,0.9844883680343628,0.9864353537559509,0.9755809307098389,0.9905397891998291,0.9977880716323853,0.9965736865997314,0.9845334768295289,1
BSU04690,BSU04700,1,0.9944115877151489,0.9911295175552368,0.9543285369873047,0.9913022518157959,0.9807212948799133,0.9903994202613831,0.980708122253418,0.9858859777450562,0.9925548434257507,0.9989923238754272,0.9860433876514435,1
BSU04700,BSU04710,1,0.9330083131790161,0.7904835343360901,0.7434675693511963,0.8609740138053894,0.7408125996589661,0.9519767761230469,0.7224641442298889,0.8171951770782471,0.5295788049697876,0.8161270022392273,0.7906087934970856,1
BSU04710,BSU04720,1,0.9556476473808289,0.9437904953956604,0.9489881992340088,0.9689313173294067,0.9289074540138245,0.9567471742630005,0.9477295279502869,0.948910117149353,0.791399359703064,0.8819588422775269,0.9273010134696961,1
BSU04720,BSU04730,1,0.9548214077949524,0.9322355389595032,0.9484522938728333,0.9771565198898315,0.9583669900894165,0.9265132546424866,0.951185405254364,0.9775977730751038,0.8799902200698853,0.9294133186340332,0.943573272228241,1
BSU04730,BSU04740,1,0.9618574380874634,0.9487876892089844,0.9507278203964233,0.9710753560066223,0.9602149128913879,0.960210919380188,0.9677700996398926,0.9651404023170471,0.927476704120636,0.9713749885559082,0.9584636330604553,1
BSU06020,BSU06030,1,0.9707364439964294,0.9742940068244934,0.9296582937240601,0.9324132204055786,0.9683751463890076,0.9431952238082886,0.9438042044639587,0.9848620891571045,0.9871150255203247,0.9845644235610962,0.9619018077850342,1
BSU06420,BSU06430,1,0.9232970476150513,0.9225141406059265,0.9649874567985535,0.9492149949073792,0.9576666951179504,0.9723008275032043,0.9472528696060181,0.938383162021637,0.9651296138763428,0.9525198936462402,0.9493266701698303,1
BSU06430,BSU06440,1,0.9414016604423523,0.9020485281944275,0.9604166746139526,0.9590239524841309,0.8005877137184143,0.9020469188690186,0.8295804262161255,0.926652193069458,0.6403663754463196,0.8083532452583313,0.867047768831253,1
BSU06440,BSU06450,1,0.9856656193733215,0.9348810315132141,0.8790068626403809,0.9784473776817322,0.9577541947364807,0.9422017931938171,0.9338335990905762,0.9288764595985413,0.9795061349868774,0.9865395426750183,0.950671261548996,1
BSU06450,BSU06460,1,0.9520690441131592,0.9339842200279236,0.941087543964386,0.9440100193023682,0.8090571761131287,0.9487379193305969,0.9403209686279297,0.816403865814209,0.8430138826370239,0.859773576259613,0.8988458216190338,1
BSU06460,BSU06470,1,0.9387649297714233,0.9572864174842834,0.9686495065689087,0.9663556814193726,0.9465587139129639,0.9775902032852173,0.9656186699867249,0.9211167097091675,0.9269764423370361,0.9372186064720154,0.9506135880947113,1
BSU06470,BSU06480,1,0.9258705973625183,0.8364802002906799,0.9549326300621033,0.948074221611023,0.5833306312561035,0.887722373008728,0.71263188123703,0.8082692623138428,0.262257844209671,0.568317711353302,0.7487887352705002,1
BSU06480,BSU06490,1,0.9536811709403992,0.9261505603790283,0.9659923315048218,0.9603828191757202,0.9538927674293518,0.9587043523788452,0.9346739053726196,0.9485748410224915,0.8469683527946472,0.8829224705696106,0.9331943571567536,1
BSU06490,BSU06500,1,0.8356338143348694,0.5130935907363892,0.6932903528213501,0.7442794442176819,0.8622096180915833,0.7770537734031677,0.7723519206047058,0.6934245824813843,0.6403884887695312,0.8736345767974854,0.7405360162258148,1
BSU06500,BSU06510,1,0.956673264503479,0.903852641582489,0.9642152190208435,0.9725683331489563,0.9169777035713196,0.9396655559539795,0.9364045262336731,0.9614102840423584,0.8723685145378113,0.8560847043991089,0.9280220746994019,1
BSU06510,BSU06520,1,0.8351321816444397,0.7297622561454773,0.9143871665000916,0.883443295955658,0.2315809726715088,0.7724102139472961,0.5672473907470703,0.20587825775146484,0.20631949603557587,0.4253695011138916,0.5771530732512474,1
BSU06520,BSU06530,1,0.9809106588363647,0.9749597311019897,0.9413564205169678,0.9772595167160034,0.978916347026825,0.982877790927887,0.9657827615737915,0.972441554069519,0.9685280323028564,0.9922274351119995,0.9735260248184204,1
BSU06890,BSU06900,1,0.948872447013855,0.4284968972206116,0.9572970271110535,0.9161146283149719,0.333458811044693,0.6011699438095093,0.702701985836029,0.10527148842811584,0.3135991096496582,0.6877531409263611,0.5994735479354858,1
BSU06900,BSU06910,1,0.8941522240638733,0.881407618522644,0.8399447202682495,0.9632292985916138,0.8416081070899963,0.9029054641723633,0.8990080952644348,0.8192568421363831,0.9701499938964844,0.9959077835083008,0.9007570147514343,1
BSU07260,BSU07270,0,0.641812801361084,0.7838512063026428,0.7903289794921875,0.9447030425071716,0.04413691535592079,0.8319957256317139,0.8419889807701111,0.4814825654029846,0.5430356860160828,0.3090440332889557,0.6212379936128855,1
BSU07270,BSU07280,1,0.9573891162872314,0.9692255854606628,0.8764492869377136,0.9777883291244507,0.9322498440742493,0.9554086923599243,0.9597134590148926,0.9759722948074341,0.9783443808555603,0.982239842414856,0.9564780831336975,1
BSU07280,BSU07290,1,0.8119378685951233,0.9115781784057617,0.8722323775291443,0.9414790868759155,0.9359870553016663,0.8710284233093262,0.9105303883552551,0.9216737151145935,0.9478616118431091,0.8289644718170166,0.8953273177146912,1
BSU07290,BSU07300,1,0.9407331943511963,0.9324460029602051,0.9091594815254211,0.9794813394546509,0.682159960269928,0.8700094223022461,0.931129515171051,0.7968277931213379,0.7693201303482056,0.9268819689750671,0.8738148808479309,1
BSU07300,BSU07310,1,0.9558963775634766,0.8896867036819458,0.9684155583381653,0.9671727418899536,0.7067872881889343,0.9116732478141785,0.8957698941230774,0.9163089394569397,0.6426106095314026,0.7387890815734863,0.859311044216156,1
BSU07310,BSU07350,0,0.0025014206767082214,0.001259820768609643,0.004756730515509844,0.002158575924113393,0.00012044846516801044,0.00040019984589889646,0.0019428347004577518,0.0013194605708122253,0.00028514984296634793,0.00013390359526965767,0.001487854490551399,0
BSU07350,BSU07360,1,0.9855603575706482,0.976577877998352,0.9676840305328369,0.9899117350578308,0.9844528436660767,0.9887964725494385,0.989799976348877,0.9856202602386475,0.991773784160614,0.9920650720596313,0.9852242410182953,1
BSU07360,BSU07370,0,0.9393295049667358,0.977769672870636,0.95145583152771,0.9908948540687561,0.9840980172157288,0.9807403683662415,0.9842228889465332,0.9851490259170532,0.9796240925788879,0.9032883048057556,0.9676572561264039,1
BSU07370,BSU07380,0,0.5698360800743103,0.49985694885253906,0.6851069331169128,0.32715049386024475,0.3786871135234833,0.8401721119880676,0.5814569592475891,0.26696455478668213,0.49597564339637756,0.7604267001152039,0.5405633538961411,1
BSU07380,BSU07390,0,0.5773123502731323,0.5715302228927612,0.34066879749298096,0.25073596835136414,0.20631149411201477,0.15265049040317535,0.28790944814682007,0.2603199779987335,0.29516950249671936,0.766331136226654,0.37089393883943556,0
BSU07390,BSU07400,1,0.904509425163269,0.8321624398231506,0.783532977104187,0.9109190702438354,0.8899482488632202,0.9723803400993347,0.8681035041809082,0.8309726119041443,0.875366747379303,0.9751338958740234,0.8843029260635376,1
BSU07430,BSU07440,0,0.9512768387794495,0.8880612850189209,0.7488692402839661,0.7095486521720886,0.7166007161140442,0.4902833104133606,0.8772449493408203,0.6334134936332703,0.530529260635376,0.9106498956680298,0.7456477642059326,1
BSU07440,BSU07480,0,0.0016697365790605545,0.002383169950917363,0.003473044605925679,0.007522807456552982,0.0003262245445512235,0.000931199814658612,0.0012623455841094255,0.0007919765776023269,0.0022622826509177685,0.001587193226441741,0.0022209980990737675,0
BSU07480,BSU07550,0,0.006584417074918747,0.001283906982280314,0.005165461450815201,0.00916182342916727,0.00029518496012315154,0.0015900960424914956,0.019418159499764442,0.0002648464578669518,0.0011958356481045485,0.000815961800981313,0.004577569334651343,0
BSU07550,BSU07560,0,0.5101146697998047,0.2856481075286865,0.3976340591907501,0.6366333365440369,0.052060820162296295,0.06866196542978287,0.1802484691143036,0.12656748294830322,0.1171480342745781,0.26040399074554443,0.26351209357380867,0
BSU07560,BSU07570,1,0.8539376258850098,0.8817211985588074,0.8778895139694214,0.9552929997444153,0.3873300850391388,0.7896597385406494,0.8769487738609314,0.5501282215118408,0.33989372849464417,0.9094645977020264,0.7422266483306885,1
BSU07570,BSU07580,0,0.748481273651123,0.7628011107444763,0.8536644577980042,0.727372407913208,0.5601058602333069,0.7898292541503906,0.6682003140449524,0.6799834966659546,0.3810191750526428,0.8005445599555969,0.6972001910209655,1
BSU07580,BSU07590,1,0.9360448718070984,0.509875476360321,0.9507059454917908,0.9487740993499756,0.32950037717819214,0.8013423085212708,0.7364086508750916,0.4593936502933502,0.42471954226493835,0.7496087551116943,0.6846373677253723,1
BSU07590,BSU07600,1,0.9922512173652649,0.9867907762527466,0.961112916469574,0.9896741509437561,0.9901823401451111,0.9840071797370911,0.9822897911071777,0.9857375025749207,0.9957217574119568,0.9993111491203308,0.9867078781127929,1
BSU07600,BSU07610,0,0.7703171372413635,0.6627229452133179,0.5692687034606934,0.8065320253372192,0.44101500511169434,0.8360711336135864,0.5684733986854553,0.5536500811576843,0.36195409297943115,0.635340690612793,0.6205345213413238,1
BSU07610,BSU07620,1,0.9719867706298828,0.9473300576210022,0.9045205116271973,0.9771488308906555,0.9836308360099792,0.9711405634880066,0.943527340888977,0.9633293747901917,0.9864678978919983,0.9902405142784119,0.9639322698116303,1
BSU07620,BSU07630,0,0.884888768196106,0.7688908576965332,0.5848701596260071,0.8457570672035217,0.25596240162849426,0.8601017594337463,0.51964271068573,0.6301993131637573,0.8579192161560059,0.9538360238075256,0.7162068277597428,1
BSU07630,BSU07650,1,0.8069712519645691,0.5364933609962463,0.5344958305358887,0.6749624609947205,0.33949190378189087,0.8444900512695312,0.6935545802116394,0.30427634716033936,0.5971519947052002,0.5114043354988098,0.5843292117118836,1
BSU07650,BSU07700,0,0.007723882328718901,0.012157800607383251,0.017408978193998337,0.030682876706123352,0.00538410060107708,0.010792052373290062,0.02379281260073185,0.0026682585012167692,0.003117726882919669,0.016417186707258224,0.01301456755027175,0
BSU07750,BSU07800,0,0.005510692484676838,0.0023706171195954084,0.005842388607561588,0.0056963334791362286,0.0012614447623491287,0.0005495111690834165,0.0021176431328058243,0.003795773256570101,0.017610155045986176,0.0008727682288736105,0.004562732728663832,0
BSU07800,BSU07810,1,0.9710854887962341,0.8531907200813293,0.8896106481552124,0.9837328195571899,0.8701596856117249,0.7745915055274963,0.9100073575973511,0.8779601454734802,0.8636861443519592,0.85589599609375,0.8849920511245728,1
BSU07810,BSU07820,1,0.9746968150138855,0.9777722358703613,0.9688187837600708,0.9750696420669556,0.9779075980186462,0.9846261739730835,0.9840786457061768,0.9905250072479248,0.9828597903251648,0.9847907423973083,0.9801145434379578,1
BSU07820,BSU07830,0,0.4908444583415985,0.48855605721473694,0.4478333592414856,0.3179560899734497,0.20687182247638702,0.37891364097595215,0.2701973617076874,0.23750784993171692,0.07914947718381882,0.46962350606918335,0.3387453623116016,0
BSU07830,BSU07850,0,0.009291247464716434,0.0024518005084246397,0.00980015192180872,0.0007574325427412987,0.00021502793242689222,0.00026949969469569623,0.0007616169168613851,0.0009848736226558685,0.000815251492895186,0.0005808508140034974,0.002592775291122962,0
BSU07850,BSU07880,0,0.0040426673367619514,0.0026846243999898434,0.00439692847430706,0.005379574839025736,5.557667464017868e-05,0.0011876210337504745,0.0063805351965129375,0.0015232632867991924,0.001956295222043991,0.0008746963576413691,0.0028481782821472732,0
BSU07880,BSU07890,1,0.9728316068649292,0.9645695090293884,0.941226065158844,0.9750953316688538,0.956745982170105,0.973551332950592,0.9671871662139893,0.9821494221687317,0.9871932864189148,0.9784525036811829,0.9699002206325531,1
BSU07890,BSU07900,1,0.9569606184959412,0.9915837049484253,0.9563045501708984,0.9909567832946777,0.9911562204360962,0.9923177361488342,0.9811689257621765,0.9852834939956665,0.9962318539619446,0.9925954341888428,0.9834559321403503,1
BSU07900,BSU07920,0,0.03269246965646744,0.007590714376419783,0.025547724217176437,0.029101235792040825,0.0003366174059920013,0.019631607457995415,0.022401118651032448,0.014084297232329845,0.006423691287636757,0.004855708219110966,0.01626651842962019,0
BSU07920,BSU07930,1,0.9685356616973877,0.8836286664009094,0.9001580476760864,0.9385778307914734,0.9415819048881531,0.9814532995223999,0.8488293886184692,0.6768280267715454,0.9203795194625854,0.9296106696128845,0.8989583015441894,1
BSU07930,BSU07970,0,0.0015504889888688922,0.0021828555036336184,0.002821349073201418,0.0038260100409388542,5.2071896789129823e-05,0.00034307228634133935,0.0021129450760781765,0.0003597295726649463,0.0007459266344085336,0.0004835712898056954,0.0014478020362730603,0
BSU07970,BSU07980,0,0.7456349730491638,0.4262228012084961,0.49625709652900696,0.6558218598365784,0.3221431374549866,0.27001941204071045,0.47767317295074463,0.6407286524772644,0.09837127476930618,0.5108111500740051,0.46436835303902624,0
BSU07980,BSU08010,0,0.0009915370028465986,0.0006895402912050486,0.005368490237742662,0.003051465144380927,0.00033820021781139076,0.0009340499527752399,0.0024853814393281937,0.0005234041600488126,0.00042392959585413337,0.0005874282214790583,0.0015393426263472065,0
BSU08010,BSU08020,1,0.9284675717353821,0.8085210919380188,0.712909996509552,0.9092119336128235,0.8790417313575745,0.9348087906837463,0.9247490167617798,0.8373588919639587,0.9352777600288391,0.9047657251358032,0.8775112509727478,1
BSU08030,BSU08040,0,0.7147901654243469,0.5316471457481384,0.30074381828308105,0.3430638313293457,0.11442244797945023,0.4524799883365631,0.23511159420013428,0.43669143319129944,0.10962145775556564,0.5601224303245544,0.3798694312572479,0
BSU08040,BSU08050,1,0.8492516875267029,0.7536758184432983,0.7864339351654053,0.9257605075836182,0.9276283979415894,0.9245219826698303,0.7716649174690247,0.8731527328491211,0.8457950949668884,0.9853185415267944,0.8643203616142273,1
BSU08050,BSU08060,0,0.3439316749572754,0.5442882776260376,0.3171943724155426,0.1710159331560135,0.1239057257771492,0.5925412774085999,0.2297523021697998,0.17112891376018524,0.1336848884820938,0.13971859216690063,0.2767161957919598,0
BSU08060,BSU08070,1,0.9084374904632568,0.9484652876853943,0.90338534116745,0.9657192230224609,0.9494820833206177,0.9677482843399048,0.9624104499816895,0.9260714054107666,0.934498131275177,0.9837881922721863,0.9450005888938904,1
BSU08070,BSU08080,1,0.9678618311882019,0.9408228397369385,0.9002866148948669,0.9679538607597351,0.9696091413497925,0.9609252214431763,0.9577299952507019,0.9850612282752991,0.9824787974357605,0.9780417680740356,0.9610771298408508,1
BSU08080,BSU08090,1,0.8889594674110413,0.9351187944412231,0.8975358009338379,0.9607082605361938,0.9650741815567017,0.9587146043777466,0.9631719589233398,0.7707903385162354,0.9715664982795715,0.9686017036437988,0.928024160861969,1
BSU08090,BSU08100,1,0.5873172879219055,0.620826244354248,0.6499854922294617,0.856027364730835,0.6637185215950012,0.7919390201568604,0.6352843642234802,0.5453243851661682,0.6526671051979065,0.9796165823936462,0.6982706367969513,1
BSU08100,BSU08110,1,0.9402747750282288,0.9235262274742126,0.8456448316574097,0.9252625703811646,0.9432048201560974,0.9517542123794556,0.8746773600578308,0.9245901107788086,0.9651314616203308,0.9801158308982849,0.9274182200431824,1
BSU08110,BSU08180,0,0.00019792474631685764,0.0003125014482066035,0.0014838899951428175,0.00036243299837224185,5.587468695011921e-05,9.339237294625491e-05,0.0005586511106230319,4.8523375880904496e-05,0.00013199064414948225,1.4373576959769707e-05,0.0003259554955548083,0
BSU08180,BSU08190,1,0.7660080194473267,0.14882345497608185,0.6143776178359985,0.6738722324371338,0.31841596961021423,0.5047282576560974,0.43228620290756226,0.2908402979373932,0.6128436326980591,0.8426512479782104,0.5204846933484077,1
BSU08190,BSU08200,1,0.9795311093330383,0.9549770951271057,0.9292970895767212,0.9783549904823303,0.9229949116706848,0.9784654378890991,0.9572350382804871,0.9792284965515137,0.9848923683166504,0.992732048034668,0.9657708585262299,1
BSU08200,BSU08210,0,0.5509901642799377,0.7588264346122742,0.7640239000320435,0.9211560487747192,0.4885897636413574,0.9518255591392517,0.7101001143455505,0.8527892827987671,0.9696770906448364,0.962505042552948,0.7930483400821686,1
BSU08210,BSU08220,1,0.9062067866325378,0.9028762578964233,0.9345589876174927,0.9167103171348572,0.9300392866134644,0.9740298986434937,0.9375518560409546,0.9034494161605835,0.9325824975967407,0.9540984034538269,0.9292103707790375,1
BSU08220,BSU08230,0,0.3871259093284607,0.5794356465339661,0.32323670387268066,0.43063846230506897,0.13530530035495758,0.36097678542137146,0.3795071244239807,0.4164837598800659,0.16806723177433014,0.5835227370262146,0.37642996609210966,0
BSU08230,BSU08240,1,0.9508785009384155,0.9678308963775635,0.9351922273635864,0.977125883102417,0.9803482890129089,0.9830429553985596,0.9802218675613403,0.9816240072250366,0.9869312047958374,0.9761582016944885,0.9719354033470153,1
BSU08240,BSU08250,0,0.728355348110199,0.8520674109458923,0.5655146837234497,0.7909448742866516,0.7894300222396851,0.6309728622436523,0.583713173866272,0.38275593519210815,0.5394219160079956,0.8488021492958069,0.6711978375911712,1
BSU08250,BSU08260,0,0.5642895698547363,0.3980165421962738,0.3606349527835846,0.49913668632507324,0.5990666747093201,0.3296385705471039,0.4545702040195465,0.5433080792427063,0.6652052402496338,0.5762500166893005,0.4990116536617279,0
BSU08260,BSU08270,1,0.8050348162651062,0.8561106324195862,0.8765308260917664,0.9102997779846191,0.9072117209434509,0.9553630352020264,0.8595292568206787,0.9026975631713867,0.9126440286636353,0.873131275177002,0.8858552932739258,1
BSU08270,BSU08280,1,0.9233201146125793,0.961344838142395,0.8992889523506165,0.9633952975273132,0.8931174278259277,0.9552038311958313,0.85628741979599,0.9189867377281189,0.9876446723937988,0.967400074005127,0.9325989365577698,1
BSU08280,BSU08290,0,0.43208029866218567,0.45999595522880554,0.49485263228416443,0.6322419047355652,0.16724997758865356,0.6322664022445679,0.4472745358943939,0.45088812708854675,0.7511681318283081,0.9598453640937805,0.5427863329648972,1
BSU08290,BSU08300,1,0.9613625407218933,0.963516116142273,0.96597820520401,0.9668588042259216,0.8500083684921265,0.9468289017677307,0.9284263849258423,0.9007388949394226,0.8238298296928406,0.8984370827674866,0.9205985128879547,1
BSU08350,BSU08360,0,0.7346522212028503,0.7504596710205078,0.581541121006012,0.4922065734863281,0.43396711349487305,0.4062550663948059,0.3651561141014099,0.6216362714767456,0.5762124061584473,0.8576933145523071,0.5819779872894287,1
BSU08360,BSU08390,0,0.00651337206363678,0.0017754490254446864,0.015274425968527794,0.020776953548192978,0.0006921141757629812,0.003004631493240595,0.010931835509836674,0.001793961157090962,0.005358567461371422,0.0033549040090292692,0.006947621441213414,0
BSU08450,BSU08460,1,0.9395059943199158,0.9147315621376038,0.9665791392326355,0.9394607543945312,0.9473824501037598,0.9683355689048767,0.9436616897583008,0.9224204421043396,0.9222409725189209,0.9443403482437134,0.9408658921718598,1
BSU08460,BSU08470,0,0.6551673412322998,0.5128353834152222,0.5077450275421143,0.4660106897354126,0.12264508754014969,0.3184919059276581,0.31620341539382935,0.24358981847763062,0.13876496255397797,0.3183824419975281,0.35998360738158225,0
BSU08470,BSU08480,1,0.9322664141654968,0.8679169416427612,0.8658654093742371,0.8632986545562744,0.9035035967826843,0.9872322082519531,0.9024472832679749,0.8552715182304382,0.9356623888015747,0.9250388741493225,0.9038503289222717,1
BSU08480,BSU08520,0,0.01175836194306612,0.011870027519762516,0.025370992720127106,0.016496023163199425,0.0005659399321302772,0.011340581811964512,0.010747444815933704,0.0018119075102731586,0.002340334001928568,0.006710340268909931,0.009901195368729531,0
BSU08520,BSU08530,1,0.9878556132316589,0.9796000123023987,0.9588186144828796,0.9891623854637146,0.9865341782569885,0.9844664335250854,0.9827404022216797,0.9913188219070435,0.9849044680595398,0.9919877648353577,0.9837388694286346,1
BSU08530,BSU08540,0,0.5702271461486816,0.2335873395204544,0.5170738101005554,0.3753552734851837,0.24208682775497437,0.23483848571777344,0.37747281789779663,0.25981274247169495,0.1532764732837677,0.27502891421318054,0.3238759830594063,0
BSU08570,BSU08580,1,0.3772880733013153,0.28842946887016296,0.4890458881855011,0.7159749269485474,0.15137262642383575,0.7218716740608215,0.6407535076141357,0.19430559873580933,0.48072364926338196,0.5706780552864075,0.4630443468689919,0
BSU08580,BSU08590,1,0.9450766444206238,0.9256628155708313,0.9724307656288147,0.9673587679862976,0.9554783701896667,0.9600398540496826,0.9320473670959473,0.9697799682617188,0.861897349357605,0.7657884955406189,0.9255560398101806,1
BSU08590,BSU08600,0,0.547328531742096,0.30591443181037903,0.5800989866256714,0.6097845435142517,0.13536204397678375,0.1672554612159729,0.27710798382759094,0.2279948890209198,0.0684296265244484,0.3607290983200073,0.3280005596578121,0
BSU08600,BSU08610,1,0.9624246954917908,0.8211621642112732,0.9045828580856323,0.9184905290603638,0.8948144912719727,0.9565799832344055,0.9284478425979614,0.9707502126693726,0.9073222279548645,0.9632431864738464,0.9227818191051483,1
BSU08610,BSU08630,0,0.15728206932544708,0.027580037713050842,0.1180868148803711,0.1379539668560028,0.019725000485777855,0.19233888387680054,0.19183747470378876,0.06439807265996933,0.028024571016430855,0.09125896543264389,0.1028485856950283,0
BSU08630,BSU08650,1,0.8569769859313965,0.8394518494606018,0.6750171780586243,0.7934883236885071,0.6474546194076538,0.8979511857032776,0.877463161945343,0.8200780749320984,0.8423969745635986,0.8775866031646729,0.8127864956855774,1
BSU08650,BSU08660,1,0.9740912318229675,0.9563136696815491,0.9085568785667419,0.9653846621513367,0.9666578769683838,0.9779030680656433,0.9429604411125183,0.9631982445716858,0.9884289503097534,0.9799122214317322,0.9623407244682312,1
BSU09270,BSU09280,0,0.7045920491218567,0.49341729283332825,0.4420538544654846,0.6361821293830872,0.7379212975502014,0.6476465463638306,0.44554945826530457,0.4428672194480896,0.6724782586097717,0.6411877870559692,0.5863895893096924,1
BSU09280,BSU09290,1,0.9715541005134583,0.9782740473747253,0.9597423076629639,0.9825361967086792,0.9917409420013428,0.991582989692688,0.9867077469825745,0.9880919456481934,0.9929109215736389,0.9925239682197571,0.9835665166378021,1
BSU09290,BSU09300,0,0.8550540208816528,0.651476263999939,0.7295850515365601,0.8404401540756226,0.3927997648715973,0.8568642139434814,0.7802269458770752,0.7459542155265808,0.6617750525474548,0.9261494278907776,0.7440325111150742,1
BSU09530,BSU09540,1,0.60090172290802,0.43044158816337585,0.7686768770217896,0.7491257190704346,0.07852564752101898,0.8213708996772766,0.38343241810798645,0.3280828893184662,0.1861526370048523,0.9042472243309021,0.5250957623124123,1
BSU10040,BSU10050,1,0.9476393461227417,0.939106822013855,0.9691674709320068,0.9534749388694763,0.9694562554359436,0.9628585577011108,0.8916580677032471,0.9723327159881592,0.8531013131141663,0.8433374166488647,0.9302132904529572,1
BSU10050,BSU10060,1,0.9569891691207886,0.9737287759780884,0.954616904258728,0.9820737838745117,0.9871399998664856,0.9844176173210144,0.9893621802330017,0.9881029725074768,0.9884488582611084,0.9916584491729736,0.9796538710594177,1
BSU10120,BSU10130,1,0.947536289691925,0.962583601474762,0.9067466855049133,0.9633370637893677,0.9690760374069214,0.9661030173301697,0.9499852657318115,0.9533821940422058,0.9761965274810791,0.9836465716362,0.9578593254089356,1
BSU10130,BSU10140,1,0.9912652969360352,0.979910671710968,0.9704727530479431,0.9937884211540222,0.994107186794281,0.9933255314826965,0.9852510094642639,0.9903004765510559,0.9954863786697388,0.9941453337669373,0.9888053059577941,1
BSU10620,BSU10630,1,0.898212194442749,0.892572820186615,0.9270185232162476,0.9346634149551392,0.6830187439918518,0.9246950745582581,0.7639637589454651,0.9004976749420166,0.6128324270248413,0.568282425403595,0.8105757057666778,1
BSU10770,BSU10790,0,0.824438214302063,0.5624299049377441,0.7381121516227722,0.8610587120056152,0.6379193663597107,0.3532647490501404,0.8939597606658936,0.9280797839164734,0.9586901664733887,0.21490272879600525,0.6972855538129806,1
BSU11120,BSU11130,1,0.8930068016052246,0.7650660872459412,0.602491557598114,0.6214727163314819,0.8552770018577576,0.8520867228507996,0.6895983815193176,0.6694879531860352,0.7785255908966064,0.9469583630561829,0.767397117614746,1
BSU11190,BSU11200,1,0.9350297451019287,0.8398838043212891,0.9148887395858765,0.9770120978355408,0.6039120554924011,0.9756312966346741,0.918274998664856,0.6126443147659302,0.9261556267738342,0.9628266096115112,0.8666259288787842,1
BSU11200,BSU11210,1,0.9383324384689331,0.9504551291465759,0.8265047669410706,0.9724770188331604,0.7991450428962708,0.9191206097602844,0.9348630905151367,0.908690333366394,0.8789319396018982,0.7968695759773254,0.892538994550705,1
BSU11210,BSU11220,1,0.8505444526672363,0.8267817497253418,0.8463253378868103,0.8582716584205627,0.8738875389099121,0.9252800941467285,0.6540861129760742,0.8483801484107971,0.3770890533924103,0.33715128898620605,0.739779743552208,1
BSU11220,BSU11230,1,0.5526223182678223,0.7819575071334839,0.5205802917480469,0.6136443614959717,0.4721360206604004,0.9012501835823059,0.4498147666454315,0.763475239276886,0.5359204411506653,0.6424195170402527,0.6233820647001267,1
BSU11230,BSU11240,1,0.7453980445861816,0.2466135025024414,0.901931643486023,0.9141690135002136,0.20053528249263763,0.6173306703567505,0.531381368637085,0.38182011246681213,0.12182850390672684,0.3564009964466095,0.5017409138381481,1
BSU11240,BSU11250,1,0.8876672983169556,0.9536610245704651,0.9452267289161682,0.9444420337677002,0.5142266154289246,0.8815405368804932,0.7805157899856567,0.7124878764152527,0.2857040762901306,0.7618283629417419,0.7667300343513489,1
BSU11300,BSU11310,1,0.9867094159126282,0.9830952286720276,0.9490479826927185,0.9858340620994568,0.9824038147926331,0.9829286932945251,0.9758341312408447,0.9871911406517029,0.9825204014778137,0.9909738898277283,0.9806538760662079,1
BSU11430,BSU11440,1,0.9248437285423279,0.8883002996444702,0.7252850532531738,0.8507812023162842,0.9565582275390625,0.8785708546638489,0.8506183624267578,0.9085820913314819,0.8806203007698059,0.9286136627197266,0.879277378320694,1
BSU11440,BSU11450,1,0.9697167277336121,0.9702433347702026,0.9504097700119019,0.9831398725509644,0.976936399936676,0.9854162931442261,0.9789835810661316,0.9837971329689026,0.9864627718925476,0.9913398623466492,0.9776445746421814,1
BSU11450,BSU11460,1,0.9792543053627014,0.9668599367141724,0.948631763458252,0.9813053607940674,0.9911094307899475,0.9864255785942078,0.9886987209320068,0.983763575553894,0.9930253028869629,0.9902170300483704,0.9809291005134583,1
BSU11460,BSU11470,1,0.9866867065429688,0.9897231459617615,0.9729056358337402,0.9871314764022827,0.9890927076339722,0.9885911345481873,0.9799855947494507,0.9817379117012024,0.9947036504745483,0.9958099722862244,0.9866367936134338,1
BSU11870,BSU11880,1,0.9457827806472778,0.9006483554840088,0.9460816979408264,0.9621729254722595,0.7601833343505859,0.9465917944908142,0.8839365839958191,0.7691879868507385,0.8318077325820923,0.973963737487793,0.8920356929302216,1
BSU12430,BSU12440,1,0.9883782863616943,0.990138053894043,0.9678534865379333,0.990464448928833,0.9840949773788452,0.9812389016151428,0.9905819892883301,0.9788733124732971,0.9848812222480774,0.9980729222297668,0.9854577600955963,1
BSU12920,BSU12930,1,0.983424723148346,0.9783258438110352,0.8812566995620728,0.9745591282844543,0.9666590094566345,0.9745604991912842,0.9558952450752258,0.9780102968215942,0.9529259204864502,0.99606853723526,0.9641685903072357,1
BSU12930,BSU12940,1,0.8906348347663879,0.9527807235717773,0.8382792472839355,0.9564149379730225,0.9364966154098511,0.965465784072876,0.9089085459709167,0.953437089920044,0.9717164039611816,0.9716581702232361,0.9345792353153228,1
BSU12940,BSU12950,1,0.9092062711715698,0.9415025115013123,0.8768764138221741,0.9258754849433899,0.965843141078949,0.9559561014175415,0.9033958911895752,0.9251917600631714,0.9868841767311096,0.9590561389923096,0.9349787890911102,1
BSU12950,BSU12960,1,0.9370430111885071,0.9090484976768494,0.9274254441261292,0.9708738327026367,0.9578869938850403,0.9828035235404968,0.9674921631813049,0.9130690097808838,0.9877592921257019,0.915745735168457,0.9469147503376008,1
BSU13320,BSU13330,1,0.6175858974456787,0.443888783454895,0.45424312353134155,0.20671924948692322,0.5928332209587097,0.48543328046798706,0.5002248883247375,0.28667816519737244,0.6220308542251587,0.4911981523036957,0.47008356153965,0
BSU13890,BSU13900,1,0.8822261095046997,0.7330458760261536,0.7168628573417664,0.7175240516662598,0.7454200387001038,0.9107815623283386,0.6651824712753296,0.8689936995506287,0.7329444289207458,0.6196647882461548,0.7592645883560181,1
BSU13900,BSU13910,1,0.970447301864624,0.9649882316589355,0.9597300291061401,0.989033043384552,0.9828139543533325,0.9819246530532837,0.9888597726821899,0.9812107086181641,0.9907240867614746,0.9925701022148132,0.980230188369751,1
BSU13910,BSU13920,0,0.7346588969230652,0.9564269781112671,0.8410704731941223,0.9782980680465698,0.9651086926460266,0.9127839207649231,0.9614567160606384,0.9265514612197876,0.9783154726028442,0.8701508045196533,0.9124821484088897,1
BSU13920,BSU13930,1,0.9313456416130066,0.8888185024261475,0.8264355063438416,0.9073230028152466,0.866685152053833,0.9507601857185364,0.9423391222953796,0.7983615398406982,0.8526743054389954,0.8089295029640198,0.8773672461509705,1
BSU14150,BSU14160,1,0.9749587774276733,0.9275261163711548,0.9225130677223206,0.9800093173980713,0.9651216268539429,0.9839760065078735,0.9789126515388489,0.9804713129997253,0.9742141366004944,0.9865052103996277,0.9674208223819732,1
BSU14160,BSU14170,1,0.9876189827919006,0.985593318939209,0.9535760879516602,0.99322110414505,0.9830085039138794,0.9921773076057434,0.9902119636535645,0.9799319505691528,0.9869093298912048,0.9977786540985107,0.9850027203559876,1
BSU14580,BSU14590,1,0.9897804856300354,0.9851088523864746,0.9665639400482178,0.98952716588974,0.9854347705841064,0.9929721355438232,0.9847241640090942,0.9762721657752991,0.9908783435821533,0.993644654750824,0.9854906678199769,1
BSU14590,BSU14600,1,0.9749277830123901,0.908157467842102,0.8372074961662292,0.9677222371101379,0.9230677485466003,0.9765363335609436,0.9548975229263306,0.9590808153152466,0.9212323427200317,0.9876987934112549,0.9410528540611267,1
BSU14600,BSU14610,1,0.9889220595359802,0.969636857509613,0.9641346335411072,0.9908191561698914,0.9850133061408997,0.9893189072608948,0.986622154712677,0.9833953976631165,0.9862499833106995,0.9957302212715149,0.9839842677116394,1
BSU14880,BSU14890,1,0.3388693034648895,0.17668157815933228,0.1659775674343109,0.1933029145002365,0.027818622067570686,0.10755439847707748,0.04641018807888031,0.06978809088468552,0.08768699318170547,0.0853024497628212,0.129939210601151,0
BSU14890,BSU14900,1,0.9561846256256104,0.941979169845581,0.9217473864555359,0.9708644151687622,0.9636155366897583,0.9815102815628052,0.9714588522911072,0.9390714764595032,0.9577539563179016,0.9549954533576965,0.9559181153774261,1
BSU14900,BSU14910,1,0.9902797937393188,0.9873346090316772,0.9538337588310242,0.9859834313392639,0.9831123352050781,0.9772109389305115,0.9854657649993896,0.9860066771507263,0.9843688607215881,0.995232880115509,0.9828829050064087,1
BSU14910,BSU14920,1,0.9660004377365112,0.9794694781303406,0.935897707939148,0.9788021445274353,0.9816800951957703,0.9836731553077698,0.9754765033721924,0.9890871644020081,0.9829328656196594,0.9892730116844177,0.9762292563915252,1
BSU15130,BSU15140,1,0.9528879523277283,0.899417519569397,0.6919463872909546,0.9615699648857117,0.9348965287208557,0.9441344141960144,0.9376630783081055,0.9024314284324646,0.9763121008872986,0.9879042506217957,0.9189163625240326,1
BSU15140,BSU15150,1,0.9872379302978516,0.9849274754524231,0.8531761765480042,0.9724781513214111,0.9544453024864197,0.9623688459396362,0.956179678440094,0.9775095582008362,0.9895816445350647,0.9955654144287109,0.9633470177650452,1
BSU15150,BSU15160,1,0.9790515303611755,0.9044442772865295,0.9650110602378845,0.9897984266281128,0.9762061834335327,0.9813681244850159,0.9889435172080994,0.989660382270813,0.975303053855896,0.9900926947593689,0.9739879250526429,1
BSU15180,BSU15190,1,0.9508416652679443,0.9497734904289246,0.8467627763748169,0.9651995897293091,0.9301650524139404,0.9777367115020752,0.952319860458374,0.9533394575119019,0.9077862501144409,0.9914692640304565,0.9425394117832184,1
BSU15190,BSU15200,1,0.9586461782455444,0.9687772393226624,0.9463180303573608,0.9796305894851685,0.9358081817626953,0.9821548461914062,0.9777494072914124,0.9836174845695496,0.9199521541595459,0.9518142342567444,0.960446834564209,1
BSU15280,BSU15290,1,0.9334564208984375,0.9456383585929871,0.9062521457672119,0.9648469686508179,0.9648082256317139,0.9658515453338623,0.9399398565292358,0.9325331449508667,0.9856340885162354,0.9835171103477478,0.9522477865219117,1
BSU15310,BSU15320,1,0.8284163475036621,0.7241250872612,0.42768773436546326,0.7164909839630127,0.6577596068382263,0.8770835399627686,0.5391983985900879,0.634101152420044,0.8351799845695496,0.4818839430809021,0.6721926778554916,1
BSU15490,BSU15500,1,0.9550644755363464,0.9679492712020874,0.9556382894515991,0.986539363861084,0.979427695274353,0.985254168510437,0.9876469969749451,0.9734811782836914,0.9829027652740479,0.9865919947624207,0.9760496199131012,1
BSU15500,BSU15510,1,0.9826995134353638,0.9513436555862427,0.9622123837471008,0.9834099411964417,0.957775890827179,0.9862045645713806,0.9818415641784668,0.9749806523323059,0.9708713889122009,0.980498194694519,0.9731837749481201,1
BSU15510,BSU15520,1,0.9730663299560547,0.9730688333511353,0.9552274942398071,0.9690667986869812,0.9698559045791626,0.9812222719192505,0.9792611002922058,0.9831379055976868,0.9877886176109314,0.9899522066116333,0.9761647462844849,1
BSU15520,BSU15530,1,0.9715539813041687,0.9554353356361389,0.9620956778526306,0.9868037104606628,0.9850407838821411,0.9892573356628418,0.9842308759689331,0.9877434968948364,0.9795421957969666,0.9827439785003662,0.9784447371959686,1
BSU15530,BSU15540,1,0.9670320153236389,0.9450877904891968,0.9485642313957214,0.9820818901062012,0.9585262537002563,0.9579119682312012,0.9687991738319397,0.9749146699905396,0.9413090944290161,0.9727407097816467,0.9616967797279358,1
BSU15540,BSU15550,1,0.9734243750572205,0.9031755328178406,0.9644191861152649,0.9783671498298645,0.9562485814094543,0.9865058064460754,0.9821562170982361,0.9715353846549988,0.9625255465507507,0.9640402793884277,0.9642398059368134,1
BSU15550,BSU15560,1,0.9668253660202026,0.954214870929718,0.9621696472167969,0.9747093915939331,0.9703711271286011,0.9615725874900818,0.9738405346870422,0.9882607460021973,0.964423656463623,0.9771562814712524,0.9693544209003448,1
BSU15570,BSU15580,1,0.9898000955581665,0.9828190207481384,0.9459555745124817,0.9829881191253662,0.9763714075088501,0.9746611714363098,0.9707218408584595,0.983493983745575,0.9900407195091248,0.9975110292434692,0.9794362962245942,1
BSU15580,BSU15590,1,0.9750657081604004,0.9556639194488525,0.8969191908836365,0.9886826872825623,0.980384349822998,0.9833318591117859,0.9566066265106201,0.977631688117981,0.9565636515617371,0.9943382143974304,0.9665187895298004,1
BSU15590,BSU15600,1,0.9631013870239258,0.981994092464447,0.9491323232650757,0.975394606590271,0.9740949869155884,0.9633994698524475,0.943568766117096,0.9342784285545349,0.9787305593490601,0.9897410869598389,0.9653435707092285,1
BSU15600,BSU15610,1,0.8197422027587891,0.6923010945320129,0.7161634564399719,0.8327251672744751,0.8262613415718079,0.8746531009674072,0.8923690915107727,0.8657515645027161,0.7216529846191406,0.9042977690696716,0.8145917773246765,1
BSU15610,BSU15620,1,0.9839475154876709,0.9796075820922852,0.9571770429611206,0.9872421622276306,0.9790581464767456,0.9903668165206909,0.9884145855903625,0.9770641326904297,0.9854056239128113,0.9900966286659241,0.9818380236625671,1
BSU15620,BSU15630,1,0.9787484407424927,0.9747570157051086,0.97667396068573,0.9928812384605408,0.9649253487586975,0.987291157245636,0.9789441227912903,0.971267580986023,0.9774824380874634,0.9726828932762146,0.9775654196739196,1
BSU15950,BSU15970,1,0.006458087358623743,0.0052874647080898285,0.015336807817220688,0.012904500588774681,0.0015477628912776709,0.007946906611323357,0.009857305325567722,0.002180399838835001,0.009645488113164902,0.01137479580938816,0.008253951906226575,0
BSU16090,BSU16100,1,0.9786983728408813,0.9822897911071777,0.9272151589393616,0.9614667892456055,0.9656645059585571,0.9693262577056885,0.9513381123542786,0.9609364867210388,0.9917879700660706,0.9966446161270142,0.9685368061065673,1
BSU16140,BSU16150,1,0.9793214201927185,0.9758092761039734,0.9713950157165527,0.9853206276893616,0.9932312965393066,0.9871131181716919,0.9885412454605103,0.9872565269470215,0.9907861948013306,0.9939709305763245,0.9852745652198791,1
BSU16150,BSU16160,1,0.9870511293411255,0.9803950190544128,0.9523795247077942,0.986047089099884,0.9826174974441528,0.994608461856842,0.979832112789154,0.9764732122421265,0.9919085502624512,0.9921308159828186,0.9823443412780761,1
BSU16160,BSU16170,1,0.9851775765419006,0.9743298888206482,0.9384719729423523,0.9820754528045654,0.968616247177124,0.9866054058074951,0.9745549559593201,0.9902002811431885,0.9769172072410583,0.9880685806274414,0.9765017569065094,1
BSU16600,BSU16610,1,0.9919553399085999,0.9937756061553955,0.9816232919692993,0.9934598803520203,0.9925307035446167,0.9938099384307861,0.9898626804351807,0.9939876198768616,0.9922205805778503,0.9975494146347046,0.9920775055885315,1
BSU16610,BSU16620,1,0.9863770604133606,0.9883780479431152,0.9744879007339478,0.9906417727470398,0.9801149368286133,0.9717880487442017,0.9818196296691895,0.9590463042259216,0.9817642569541931,0.9707214832305908,0.9785139441490174,1
BSU16620,BSU16630,1,0.9807617664337158,0.9924891591072083,0.9564290642738342,0.9935511946678162,0.9857834577560425,0.9924045205116272,0.9896448850631714,0.9929033517837524,0.994576096534729,0.9987368583679199,0.9877280354499817,1
BSU17040,BSU17050,1,0.9586217999458313,0.9445953965187073,0.9178319573402405,0.9693634510040283,0.9742695093154907,0.9782513976097107,0.9826145768165588,0.956479012966156,0.9795380234718323,0.9835430383682251,0.9645108163356781,1
BSU17380,BSU17390,1,0.9488037824630737,0.985594630241394,0.92913419008255,0.9778351783752441,0.9354170560836792,0.9845274686813354,0.9782804846763611,0.9906435012817383,0.9902088642120361,0.9933139085769653,0.9713759064674378,1
BSU17450,BSU17460,1,0.9433674216270447,0.940698504447937,0.8790870904922485,0.9448529481887817,0.9686301350593567,0.9635486602783203,0.964117169380188,0.9459611177444458,0.9697784781455994,0.9732056856155396,0.9493247210979462,1
BSU17860,BSU17870,1,0.9703546166419983,0.9890541434288025,0.9585328698158264,0.9912667274475098,0.9704564213752747,0.9929422736167908,0.9910182952880859,0.98191237449646,0.986201286315918,0.9841036200523376,0.9815842628479003,1
BSU17870,BSU17880,1,0.4234147369861603,0.4953724443912506,0.564972460269928,0.6675556898117065,0.2384181171655655,0.5486944913864136,0.5178256630897522,0.18631884455680847,0.33698752522468567,0.4425164461135864,0.4422076418995857,0
BSU18020,BSU18030,1,0.4543660879135132,0.19557830691337585,0.15448568761348724,0.3160225450992584,0.14476419985294342,0.371550053358078,0.37973418831825256,0.14585182070732117,0.13508915901184082,0.7126646637916565,0.3010106712579727,0
BSU19190,BSU19200,1,0.9399843215942383,0.9839611053466797,0.8652447462081909,0.918606162071228,0.9595385789871216,0.9466228485107422,0.8884844183921814,0.9516067504882812,0.9414344429969788,0.956249475479126,0.9351732850074768,1
BSU19780,BSU19790,1,0.9776297211647034,0.9895882606506348,0.9286729097366333,0.980270504951477,0.9853555560112,0.9859713315963745,0.9813628196716309,0.9854380488395691,0.9873475432395935,0.9914922118186951,0.9793128907680512,1
BSU22310,BSU22320,1,0.9727801084518433,0.9153965711593628,0.9206605553627014,0.9779052734375,0.923789918422699,0.9743579030036926,0.9718925356864929,0.9559588432312012,0.9583646655082703,0.8898947834968567,0.946100115776062,1
BSU24000,BSU24010,1,0.8750529885292053,0.8814914226531982,0.7261444330215454,0.8772935271263123,0.764568567276001,0.9293023347854614,0.830234169960022,0.7711384892463684,0.9185020923614502,0.9899384379386902,0.8563666462898254,1
BSU24010,BSU24020,1,0.944366455078125,0.9752707481384277,0.8969634771347046,0.983749508857727,0.9391785860061646,0.9631447792053223,0.9568015933036804,0.8027220964431763,0.965613603591919,0.951664924621582,0.9379475772380829,1
BSU26590,BSU26600,1,0.7133932709693909,0.5368151664733887,0.6429960131645203,0.7482601404190063,0.7835025191307068,0.7676220536231995,0.7021519541740417,0.45300909876823425,0.9449440240859985,0.6890221238136292,0.6981716364622116,1
BSU29690,BSU29700,1,0.9710657596588135,0.9785191416740417,0.9497966170310974,0.9731048345565796,0.9310797452926636,0.9773373603820801,0.9616034030914307,0.9838748574256897,0.9788035154342651,0.978533148765564,0.9683718383312225,1
BSU29700,BSU29710,1,0.9249977469444275,0.860730767250061,0.9443908929824829,0.9432073831558228,0.9523845314979553,0.965999960899353,0.8798630833625793,0.9486619234085083,0.859791100025177,0.7833393812179565,0.9063366770744323,1
BSU31090,BSU31100,1,0.9125403165817261,0.9610404968261719,0.8990480303764343,0.9558846354484558,0.9513196349143982,0.9758225083351135,0.9622933268547058,0.9397642612457275,0.9681360125541687,0.9366142153739929,0.9462463438510895,1
BSU31450,BSU31460,1,0.9783895015716553,0.941594123840332,0.9428353309631348,0.9793612360954285,0.9751883149147034,0.9788795113563538,0.976588785648346,0.934079110622406,0.9770477414131165,0.9563630223274231,0.96403266787529,1
BSU31580,BSU31600,1,0.38030582666397095,0.24725188314914703,0.323538213968277,0.3970380425453186,0.26566675305366516,0.26347610354423523,0.3030956983566284,0.31691864132881165,0.21159452199935913,0.325998455286026,0.3034884139895439,0
BSU31600,BSU31610,1,0.9389340877532959,0.9405685663223267,0.9290319681167603,0.9295015931129456,0.8331422805786133,0.9226035475730896,0.9020482897758484,0.8710840940475464,0.697380542755127,0.8280370235443115,0.8792331993579865,1
BSU31610,BSU31620,1,0.9664229154586792,0.8798075914382935,0.9731394052505493,0.9792906045913696,0.8057021498680115,0.918899416923523,0.9118859767913818,0.916458249092102,0.7712847590446472,0.7891066670417786,0.8911997735500335,1
BSU31620,BSU31630,1,0.9467222690582275,0.9252882599830627,0.9730393886566162,0.9626815319061279,0.9746268391609192,0.9603756070137024,0.9492418169975281,0.9869442582130432,0.9351604580879211,0.817028284072876,0.9431108713150025,1
BSU31630,BSU31640,1,0.9913079142570496,0.9871711730957031,0.9522891044616699,0.9831763505935669,0.9721035361289978,0.9868528842926025,0.984927237033844,0.9867821931838989,0.9788830280303955,0.98600172996521,0.9809495151042938,1
BSU31640,BSU31650,1,0.9609516859054565,0.9515443444252014,0.9736813902854919,0.9748277068138123,0.9209096431732178,0.9614312648773193,0.9327496886253357,0.9277944564819336,0.8304973840713501,0.8774755001068115,0.9311863064765931,1
BSU31650,BSU31660,1,0.9631831049919128,0.9465878009796143,0.9759393334388733,0.9534375667572021,0.9619112014770508,0.9590693116188049,0.9457833766937256,0.9291034936904907,0.9329758882522583,0.9435024857521057,0.9511493563652038,1
BSU32420,BSU32430,0,0.6902347207069397,0.6622642874717712,0.3757203221321106,0.24205677211284637,0.34718698263168335,0.5292386412620544,0.31877756118774414,0.6663405299186707,0.26777034997940063,0.29640182852745056,0.43959919959306715,0
BSU32430,BSU32440,1,0.9510034322738647,0.9467867016792297,0.8958972692489624,0.9826080203056335,0.9555390477180481,0.9654521942138672,0.942723274230957,0.8801665306091309,0.9608777165412903,0.9342469573020935,0.9415301144123077,1
BSU32440,BSU32450,1,0.9005299806594849,0.9570825695991516,0.9095059037208557,0.9501698613166809,0.9786640405654907,0.948520839214325,0.9351016283035278,0.9703077673912048,0.9770262837409973,0.9845463633537292,0.9511455237865448,1
BSU32450,BSU32460,1,0.9260068535804749,0.777177095413208,0.9294931888580322,0.9423434734344482,0.7209761142730713,0.8611908555030823,0.8465216159820557,0.7292482852935791,0.4768272042274475,0.5683560967445374,0.7778140783309937,1
BSU33010,BSU33020,1,0.9160404801368713,0.9230088591575623,0.9518759250640869,0.9372763633728027,0.85113924741745,0.9290984272956848,0.8120435476303101,0.7595732808113098,0.555476188659668,0.7431831359863281,0.8378715455532074,1
BSU33050,BSU33060,1,0.8912323713302612,0.8484610915184021,0.9456263184547424,0.9222826361656189,0.758223831653595,0.8118857741355896,0.7714380025863647,0.7306239008903503,0.5039569735527039,0.6923083066940308,0.7876039206981659,1
BSU33060,BSU33070,1,0.9342970252037048,0.933342695236206,0.9652152061462402,0.9536289572715759,0.9309871196746826,0.975060224533081,0.9504824280738831,0.9062489867210388,0.9586392045021057,0.9486525654792786,0.9456554412841797,1
BSU34100,BSU34110,1,0.9824734330177307,0.9800546169281006,0.9516955614089966,0.9843167662620544,0.9788063168525696,0.9879687428474426,0.9797307252883911,0.9875572919845581,0.9870339632034302,0.9926588535308838,0.9812296271324158,1
BSU34450,BSU34460,1,0.7290092706680298,0.7828185558319092,0.5739840269088745,0.5402381420135498,0.6923423409461975,0.6416465640068054,0.4504469037055969,0.8422872424125671,0.7590386271476746,0.8944463133811951,0.69062579870224,1
BSU34460,BSU34470,1,0.9017134308815002,0.902472734451294,0.5952416658401489,0.7270878553390503,0.7269350290298462,0.8144415020942688,0.6546805500984192,0.8408804535865784,0.7466636896133423,0.8827501535415649,0.7792867064476013,1
BSU35650,BSU35670,0,0.024076657369732857,0.009779359214007854,0.021275503560900688,0.020705804228782654,0.0012450022622942924,0.0035024716053158045,0.017526939511299133,0.007730891462415457,0.01615883968770504,0.0038757005240768194,0.01258771694265306,0
BSU35750,BSU35760,1,0.9911395907402039,0.9866470694541931,0.9532787799835205,0.9873045682907104,0.9859090447425842,0.983763575553894,0.9804161787033081,0.9853208661079407,0.9811262488365173,0.9980369806289673,0.9832942903041839,1
BSU35760,BSU35770,1,0.5188312530517578,0.9196670055389404,0.6930779814720154,0.5023407936096191,0.9284549355506897,0.5050883889198303,0.6242681741714478,0.6322045922279358,0.8187819719314575,0.8664064407348633,0.7009121537208557,1
BSU35770,BSU35800,0,0.0013652365887537599,0.0010878340108320117,0.0039484621956944466,0.0021112151443958282,0.00024657254107296467,0.0017640843288972974,0.002968603977933526,0.0009179880144074559,0.0005042623961344361,0.00022338527196552604,0.0015137644470087253,0
BSU35800,BSU35810,1,0.9766802787780762,0.9693421125411987,0.920600950717926,0.9870529174804688,0.9882157444953918,0.9903499484062195,0.9685457944869995,0.9534943699836731,0.9836718440055847,0.9940124154090881,0.9731966376304626,1
BSU35810,BSU35820,1,0.9282559752464294,0.9177166223526001,0.9586588740348816,0.9389703273773193,0.9337778091430664,0.9723184704780579,0.9356383681297302,0.7791133522987366,0.6583823561668396,0.7726343274116516,0.8795466482639313,1
BSU36510,BSU36520,1,0.9504989981651306,0.9808508157730103,0.9586330056190491,0.9712594747543335,0.9480047225952148,0.9805789589881897,0.9858121871948242,0.9865033030509949,0.9815385937690735,0.9798343181610107,0.9723514378070831,1
BSU37350,BSU37360,1,0.9840326905250549,0.9517612457275391,0.9724428057670593,0.9749721884727478,0.9645437002182007,0.9839988946914673,0.965958297252655,0.9930487275123596,0.9652333855628967,0.9708425402641296,0.972683447599411,1
BSU37360,BSU37370,1,0.9714903235435486,0.9041693210601807,0.8826281428337097,0.9518157839775085,0.7648056745529175,0.9516201019287109,0.9442521929740906,0.919000506401062,0.9537591934204102,0.9846457839012146,0.9228187024593353,1
BSU37370,BSU37380,1,0.9894975423812866,0.986957311630249,0.9306658506393433,0.9915457963943481,0.9804621934890747,0.9852977395057678,0.9832501411437988,0.9908457398414612,0.9905179738998413,0.9971054196357727,0.9826145708560944,1
BSU37380,BSU37390,1,0.9668542742729187,0.9604154229164124,0.9594465494155884,0.981011152267456,0.9616316556930542,0.9723092913627625,0.9791015982627869,0.9883622527122498,0.9509724974632263,0.9335545897483826,0.9653659284114837,1
BSU37390,BSU37400,1,0.991669774055481,0.9865254759788513,0.9811322093009949,0.989567756652832,0.983475387096405,0.9853366613388062,0.9854628443717957,0.9946749806404114,0.9867152571678162,0.9910382628440857,0.9875598609447479,1
BSU37400,BSU37410,1,0.9800556898117065,0.9846192598342896,0.9660728573799133,0.9724058508872986,0.9755223393440247,0.9797416925430298,0.9795569181442261,0.9829911589622498,0.9705536365509033,0.9906142354011536,0.9782133638858795,1
BSU37410,BSU37420,1,0.932702898979187,0.9628638029098511,0.9144330620765686,0.9136338829994202,0.9471133947372437,0.9637697339057922,0.9367963671684265,0.9820054173469543,0.9732427000999451,0.980999231338501,0.9507560491561889,1
BSU37420,BSU37430,1,0.9794638752937317,0.9630626440048218,0.9765642285346985,0.9905059337615967,0.985738217830658,0.9894651174545288,0.9816780090332031,0.9845576286315918,0.9772525429725647,0.990100622177124,0.9818388819694519,1
BSU38410,BSU38420,1,0.9246414303779602,0.8901727795600891,0.8812061548233032,0.9507637023925781,0.9532293677330017,0.9714150428771973,0.9124330282211304,0.9458273649215698,0.9478132724761963,0.921242892742157,0.9298745036125183,1
BSU38500,BSU38510,1,0.9138514995574951,0.9526500701904297,0.9153150916099548,0.9483028054237366,0.7675447463989258,0.9312713146209717,0.9281668663024902,0.9403126835823059,0.5376370549201965,0.9201958775520325,0.8755248010158538,1
BSU38510,BSU38520,1,0.9777238965034485,0.9874276518821716,0.8575152158737183,0.9680033922195435,0.5614690184593201,0.9527879953384399,0.929945170879364,0.9266816973686218,0.3622717559337616,0.5318223237991333,0.8055648118257522,1
BSU38520,BSU38530,1,0.9483269453048706,0.9671840667724609,0.9478192329406738,0.9785897731781006,0.8967352509498596,0.9810123443603516,0.9816781878471375,0.9451795220375061,0.9595805406570435,0.9839865565299988,0.9590092420578002,1
BSU38530,BSU38540,1,0.9627506732940674,0.8755999207496643,0.9049266576766968,0.959233820438385,0.9687142968177795,0.961414635181427,0.9369653463363647,0.9202839732170105,0.9853664040565491,0.8871138095855713,0.9362369537353515,1
BSU38540,BSU38550,0,0.6206371784210205,0.44105762243270874,0.4904685616493225,0.5881288647651672,0.47175338864326477,0.4067733585834503,0.5801721811294556,0.3889564275741577,0.21034620702266693,0.3647729754447937,0.4563066765666008,0
BSU38550,BSU38630,0,0.007321842946112156,0.0016000971663743258,0.005477207247167826,0.001176179968751967,0.00011176193947903812,0.0010038749314844608,0.0019806334748864174,0.00038883337401784956,0.0016551543958485126,6.47561319055967e-05,0.002078034157602815,0
BSU38710,BSU38770,0,0.000735978945158422,0.0009646845865063369,0.0030118778813630342,0.00117663259152323,3.826375905191526e-05,0.00033386360155418515,0.0013428246602416039,0.0002358361380174756,0.00020481699903029948,0.00020896080241072923,0.0008253739964857232,0
BSU38770,BSU38780,0,0.8252391815185547,0.6464360356330872,0.71764075756073,0.7383313775062561,0.5425987243652344,0.8339782357215881,0.7083740830421448,0.42344439029693604,0.835616946220398,0.7267568111419678,0.6998416543006897,1
BSU38920,BSU38930,0,0.048549097031354904,0.08085817843675613,0.065668985247612,0.041269030421972275,0.008484195917844772,0.057015128433704376,0.03550610691308975,0.014178884215652943,0.03201153129339218,0.05983951315283775,0.04433806510642171,0
BSU38930,BSU38940,1,0.542489767074585,0.3794732987880707,0.3579176068305969,0.5082778334617615,0.1312456876039505,0.32377389073371887,0.3777819871902466,0.1839579939842224,0.35287752747535706,0.6431357860565186,0.3800931379199028,0
BSU39020,BSU39060,0,0.004480954725295305,0.0025545498356223106,0.008761640638113022,0.004906178452074528,6.800485425628722e-05,0.001652162871323526,0.004148665349930525,0.0007747256313450634,0.0007975195767357945,0.00017688085790723562,0.00283212827926036,0
BSU39060,BSU39100,0,0.0011623622849583626,0.002120084362104535,0.006826178636401892,0.0067634605802595615,8.059872197918594e-05,0.0030761065427213907,0.0054240054450929165,0.0003452976525295526,0.0008145960164256394,0.0021572792902588844,0.002876996953273192,0
BSU39100,BSU39340,0,0.0001318657014053315,0.00011668344086501747,0.0011053186608478427,0.0002646046341396868,6.427239895856474e-06,3.5876895708497614e-05,9.026231418829411e-05,2.494695218047127e-05,0.00018087158969137818,2.956268190246192e-06,0.00019598136971126222,0
BSU39340,BSU39350,1,0.9170605540275574,0.8576568961143494,0.6933658123016357,0.7530598640441895,0.33555087447166443,0.8291627764701843,0.7247775793075562,0.8795558214187622,0.8407254815101624,0.9775782823562622,0.7808493942022323,1
BSU39350,BSU39360,1,0.9009187817573547,0.9279515147209167,0.9300320744514465,0.9681076407432556,0.8559179306030273,0.9657040238380432,0.9793262481689453,0.9153690934181213,0.8978541493415833,0.9538361430168152,0.929501760005951,1
BSU39360,BSU39370,1,0.9532233476638794,0.9549381732940674,0.921946108341217,0.9602489471435547,0.9710107445716858,0.960845410823822,0.9636275768280029,0.9754921793937683,0.9881076812744141,0.9931100606918335,0.9642550230026246,1
BSU39370,BSU39380,1,0.9545673131942749,0.9384154677391052,0.9424972534179688,0.9547192454338074,0.9268806576728821,0.9657963514328003,0.9669803380966187,0.9680784940719604,0.8959913849830627,0.9746553301811218,0.9488581836223602,1
BSU39380,BSU39390,1,0.9065854549407959,0.8787767291069031,0.770840048789978,0.8960041999816895,0.774005115032196,0.9556375741958618,0.8664371967315674,0.8876773118972778,0.9047804474830627,0.9666382670402527,0.8807382345199585,1
BSU39390,BSU39580,0,0.00015782857371959835,0.00010444642248330638,0.000960738689173013,0.00026291326503269374,3.45150547218509e-05,3.490411472739652e-05,9.096749272430316e-05,3.1926287192618474e-05,0.00011974760127486661,2.8237041078682523e-06,0.00018008112051575153,0
BSU39580,BSU39590,0,0.0772542804479599,0.024233471602201462,0.0711260735988617,0.05543398857116699,0.01084048394113779,0.05300898477435112,0.052466459572315216,0.019603850319981575,0.15353688597679138,0.12909603118896484,0.06466005099937319,0
BSU39590,BSU39610,0,0.02941197343170643,0.010205955244600773,0.0471901074051857,0.06478578597307205,0.01010964810848236,0.025585023686289787,0.03687882050871849,0.012774379923939705,0.013529703952372074,0.023702803999185562,0.027417420223355294,0
BSU39610,BSU39770,0,0.0005234373384155333,0.0005872737383469939,0.0027791617903858423,0.0005044457502663136,1.1356978575349785e-05,4.6789951738901436e-05,0.0004488871491048485,4.872982026427053e-05,8.137345866998658e-05,2.38728680415079e-05,0.0005055328843809548,0
BSU39770,BSU39780,1,0.9887471795082092,0.9814097881317139,0.9530495405197144,0.9857746362686157,0.9704089760780334,0.986740231513977,0.9877067804336548,0.9891254901885986,0.9911582469940186,0.9942700266838074,0.9828390896320343,1
BSU39780,BSU39790,0,0.6852357387542725,0.6485564708709717,0.4035317003726959,0.750388503074646,0.8097785115242004,0.6693610548973083,0.6023973822593689,0.7133712768554688,0.6826360821723938,0.39010608196258545,0.6355362802743911,1
BSU39790,BSU39800,1,0.9604805707931519,0.9869399070739746,0.9616870284080505,0.9894092082977295,0.9857953190803528,0.9857431650161743,0.9871372580528259,0.9849349856376648,0.9849434494972229,0.9944722056388855,0.9821543097496033,1
BSU39800,BSU39810,0,0.3558841645717621,0.27433109283447266,0.23196525871753693,0.30451107025146484,0.2351965308189392,0.18812309205532074,0.16984358429908752,0.1722109168767929,0.04393906518816948,0.058551665395498276,0.20345564410090447,0
BSU39810,BSU39840,0,0.002301667118445039,0.0017522808630019426,0.004136610776185989,0.005295159760862589,0.00017522102280054241,0.000865811831317842,0.002424819627776742,0.0008050021715462208,0.0007181474356912076,0.00024403563293162733,0.0018718756240559743,0
BSU39840,BSU39860,0,0.005961436312645674,0.009308618493378162,0.00981681328266859,0.01907900720834732,0.00044162137783132493,0.004341899883002043,0.013757729902863503,0.0041325828060507774,0.0015868066111579537,0.009639386087656021,0.007806590196560137,0
BSU39890,BSU39900,1,0.916882336139679,0.9235286116600037,0.913044273853302,0.9501855373382568,0.9277760982513428,0.9448712468147278,0.9162173867225647,0.8707148432731628,0.8619289994239807,0.9211585521697998,0.914630788564682,1
BSU39900,BSU39910,1,0.9332056045532227,0.9657376408576965,0.9116226434707642,0.9756903648376465,0.9485701322555542,0.9686844944953918,0.9404383301734924,0.9674572348594666,0.981427788734436,0.9781855344772339,0.9571019768714905,1
BSU39910,BSU39920,1,0.9819149374961853,0.9853804707527161,0.9574146866798401,0.986994206905365,0.9889039397239685,0.9953585863113403,0.9900853633880615,0.9852475523948669,0.9913231730461121,0.9895671606063843,0.985219007730484,1
BSU39920,BSU39930,1,0.9672054052352905,0.972785472869873,0.9673113822937012,0.9658774137496948,0.9730932116508484,0.9767881631851196,0.980571985244751,0.9592275023460388,0.9468349814414978,0.9887653589248657,0.9698460876941681,1
BSU39930,BSU39960,0,0.001617736998014152,0.002466057427227497,0.004762415774166584,0.004531519487500191,0.0004283676971681416,0.002366966102272272,0.0017376092728227377,0.0017021788517013192,0.0034265543799847364,0.0009494858095422387,0.002398889180039987,0
BSU39960,BSU40000,0,0.00023808611149434,0.00041312817484140396,0.0024074052926152945,0.0003815548261627555,4.644798900699243e-05,4.849339529755525e-05,0.00033087184419855475,9.489001240581274e-05,0.00010506244871066883,2.1382051272667013e-05,0.0004087322146006045,0
BSU40050,BSU40060,1,0.9615489840507507,0.9538565278053284,0.941910445690155,0.9778951406478882,0.9790329337120056,0.9782834053039551,0.9860170483589172,0.9818173050880432,0.9815375208854675,0.9846792221069336,0.9726578533649445,1
BSU40060,BSU40070,1,0.9763545393943787,0.9751296043395996,0.939505398273468,0.9874005913734436,0.8584087491035461,0.9744759202003479,0.9738702774047852,0.9467686414718628,0.9874818325042725,0.9973284602165222,0.9616724014282226,1
BSU40070,BSU40080,1,0.991280198097229,0.9911539554595947,0.969430148601532,0.9883170127868652,0.9810543060302734,0.9890219569206238,0.9851292967796326,0.9804046750068665,0.9906488656997681,0.9927958846092224,0.9859236299991607,1
BSU40080,BSU40090,0,0.5558085441589355,0.20609121024608612,0.5863274335861206,0.18896840512752533,0.1377432644367218,0.10520339757204056,0.20478449761867523,0.10835707932710648,0.08341488242149353,0.1199253723025322,0.22966240867972373,0
BSU40090,BSU40100,1,0.9743337035179138,0.959016740322113,0.959158718585968,0.9841313362121582,0.9657767415046692,0.9749013781547546,0.9740378260612488,0.9783653616905212,0.9885220527648926,0.9766314029693604,0.97348752617836,1
BSU40100,BSU40130,0,0.043551016598939896,0.018047869205474854,0.023530367761850357,0.03199001029133797,0.006082531064748764,0.004009714350104332,0.011860517784953117,0.015015925280749798,0.006280401721596718,0.0020695836283266544,0.016243793768808246,0
BSU40300,BSU40310,1,0.9800462126731873,0.9713076949119568,0.9536272883415222,0.9710161089897156,0.9761412143707275,0.9735339283943176,0.9794581532478333,0.9809914827346802,0.9536492228507996,0.9895598292350769,0.9729331135749817,1
BSU40310,BSU40350,0,0.001319507835432887,0.0010788594372570515,0.0030058862175792456,0.0009466305491514504,0.00018917970010079443,0.0004101269587408751,0.001752519397996366,0.000551160832401365,0.00028478630702011287,0.0006462445016950369,0.0010184901737375184,0
BSU40480,BSU40490,1,0.9377601146697998,0.8702127933502197,0.7115045189857483,0.8841725587844849,0.7588524222373962,0.9348578453063965,0.8112741708755493,0.9287165403366089,0.8729493618011475,0.9469208717346191,0.865722119808197,1
BSU40580,BSU40590,1,0.9539752006530762,0.8832895159721375,0.7450019121170044,0.809587299823761,0.8970296382904053,0.8251456618309021,0.83272385597229,0.8325126767158508,0.9047070741653442,0.9866289496421814,0.8670601785182953,1
BSU40590,BSU40600,1,0.9879822731018066,0.9927909970283508,0.9786484241485596,0.9959708452224731,0.9820464253425598,0.9846417903900146,0.9866893887519836,0.9814587831497192,0.980009913444519,0.9977503418922424,0.9867989182472229,1
BSU40600,BSU40610,1,0.8810024261474609,0.9377736449241638,0.9185384511947632,0.9568126797676086,0.6377646327018738,0.8941206932067871,0.7700610160827637,0.9318206906318665,0.5037569403648376,0.8690270781517029,0.8300678253173828,1
BSU40610,BSU40620,1,0.9325922727584839,0.951935887336731,0.9638984203338623,0.9728203415870667,0.8495157957077026,0.9654367566108704,0.9532666206359863,0.8986286520957947,0.8152616620063782,0.9857367873191833,0.928909319639206,1
BSU40620,BSU40650,0,0.009280114434659481,0.0019462013151496649,0.0064850738272070885,0.007093861699104309,0.0002170060179196298,0.0022587571293115616,0.006206125486642122,0.0005021356628276408,0.004103414248675108,0.003339673625305295,0.00414323634468019,0
BSU40650,BSU40670,0,0.019536782056093216,0.005935633089393377,0.023911122232675552,0.01970575377345085,0.006194936111569405,0.042380545288324356,0.020510977134108543,0.012786123901605606,0.008379882201552391,0.036707017570734024,0.019604877335950732,0
BSU40670,BSU40680,1,0.9371621608734131,0.9336090087890625,0.9221068024635315,0.9699994325637817,0.9000048041343689,0.9410895705223083,0.9355654120445251,0.9446156620979309,0.9424971342086792,0.9721971750259399,0.9398847162723541,1
BSU40680,BSU40690,1,0.8821962475776672,0.8003073930740356,0.7598376870155334,0.8615224957466125,0.8288216590881348,0.9121037721633911,0.8593212962150574,0.6868707537651062,0.9016851186752319,0.8001148104667664,0.8292781233787536,1
BSU40690,BSU40720,0,0.016337385401129723,0.0009944490157067776,0.006621839012950659,0.002511802827939391,0.00017045375716406852,0.0015111243119463325,0.00235359906218946,0.0008257972076535225,0.00140189821831882,0.0012243813835084438,0.00339527301985072,0
BSU40720,BSU40730,1,0.9895009994506836,0.9792865514755249,0.9785172939300537,0.9895226955413818,0.9878308773040771,0.9887012243270874,0.9805088639259338,0.9961494207382202,0.9768707156181335,0.9899956583976746,0.985688430070877,1
BSU40950,BSU40980,0,0.004786289297044277,0.006360234227031469,0.0030633399728685617,0.0018568170489743352,0.0009761675610207021,0.0008753555011935532,0.0013905109371989965,0.00185338594019413,0.0005939094116911292,0.004645513836294413,0.0026401523733511566,0
BSU40980,BSU00010,0,0.0005814146716147661,0.0005141982692293823,0.0016878953902050853,0.00041801753104664385,5.0853494030889124e-05,8.916131628211588e-05,0.0006635202444158494,6.342213600873947e-05,0.0001407262752763927,2.0323413991718553e-05,0.00042295327421015827,0
BSU41060,BSU41050,1,0.8421928286552429,0.6379162669181824,0.5757713317871094,0.7155693769454956,0.8257908821105957,0.42947614192962646,0.6049917340278625,0.12353628873825073,0.4212408661842346,0.9624462723731995,0.61389319896698,1
BSU41050,BSU41040,1,0.8950392603874207,0.8702921867370605,0.766383171081543,0.875365674495697,0.8917698860168457,0.9209906458854675,0.8943513631820679,0.8827065229415894,0.9349945187568665,0.8607953190803528,0.8792688548564911,1
BSU41040,BSU41030,1,0.9627892374992371,0.949755847454071,0.9505295753479004,0.9723998308181763,0.9521112442016602,0.9804519414901733,0.9859877824783325,0.9532999396324158,0.9693596363067627,0.9718294143676758,0.9648514449596405,1
BSU41030,BSU41020,0,0.8791908621788025,0.9053847789764404,0.9125704765319824,0.9654983878135681,0.9468510150909424,0.8780497908592224,0.9744828939437866,0.9549738168716431,0.959510326385498,0.916903555393219,0.9293415904045105,1
BSU41020,BSU41010,1,0.9503443241119385,0.9855301380157471,0.9276739954948425,0.987677276134491,0.9884429574012756,0.9888684749603271,0.9854715466499329,0.9748114347457886,0.9901266098022461,0.9884560704231262,0.9767402827739715,1
BSU41010,BSU41000,1,0.9846768975257874,0.9848114252090454,0.9630835056304932,0.9924860596656799,0.9911600351333618,0.9925960302352905,0.9859204292297363,0.9926422834396362,0.9933978915214539,0.994383692741394,0.9875158250331879,1
BSU41000,BSU40990,1,0.9223225712776184,0.5839833617210388,0.6933812499046326,0.7375667691230774,0.5707921981811523,0.8741596937179565,0.615590512752533,0.7679787278175354,0.567110538482666,0.740666925907135,0.7073552548885346,1
BSU40990,BSU40970,0,0.2658378779888153,0.13303938508033752,0.12293238937854767,0.1711198389530182,0.05637699365615845,0.038571566343307495,0.169325053691864,0.17673946917057037,0.03398679196834564,0.0780637338757515,0.12459931001067162,0
BSU40970,BSU40960,1,0.9696234464645386,0.962166965007782,0.9487917423248291,0.9857452511787415,0.9378572702407837,0.9884671568870544,0.9889910817146301,0.9725870490074158,0.9735809564590454,0.990187406539917,0.9717998325824737,1
BSU40960,BSU40940,0,0.04311157763004303,0.013519716449081898,0.039448026567697525,0.051602546125650406,0.0033052265644073486,0.01836267299950123,0.036033373326063156,0.03637770190834999,0.0218044500797987,0.004970780573785305,0.026853607222437858,0
BSU40930,BSU40920,1,0.9275718927383423,0.8915472626686096,0.8153297901153564,0.8901560306549072,0.9000171422958374,0.9567434787750244,0.890004575252533,0.8399645090103149,0.9239886403083801,0.9143845438957214,0.8949707865715026,1
BSU40920,BSU40910,1,0.40271157026290894,0.23182761669158936,0.4251970946788788,0.3052334189414978,0.36487606167793274,0.33490967750549316,0.39444848895072937,0.218674436211586,0.35179170966148376,0.07504976540803909,0.3104719839990139,0
BSU40910,BSU40900,1,0.8659932613372803,0.9387833476066589,0.7594133615493774,0.7979966402053833,0.835637092590332,0.8824944496154785,0.8482140302658081,0.8460439443588257,0.9201883673667908,0.95406174659729,0.8648826241493225,1
BSU40900,BSU40890,1,0.6654092073440552,0.6726593971252441,0.5329570770263672,0.4391663670539856,0.26614975929260254,0.6217190027236938,0.5577847361564636,0.5122228860855103,0.49595996737480164,0.5158655047416687,0.5279893904924393,1
BSU40890,BSU40880,0,0.858089029788971,0.6274877786636353,0.7803780436515808,0.7128549218177795,0.4912355840206146,0.7084097862243652,0.7462484836578369,0.6330927610397339,0.4643859267234802,0.8789059519767761,0.6901088267564773,1
BSU40880,BSU40870,1,0.7890729904174805,0.830694854259491,0.7274497747421265,0.7370603084564209,0.8757147789001465,0.5584205985069275,0.7507770657539368,0.5535150170326233,0.690855860710144,0.8674855828285217,0.7381046831607818,1
BSU40870,BSU40860,1,0.6527706384658813,0.8215508460998535,0.4878304898738861,0.45523130893707275,0.4507952332496643,0.6549524664878845,0.5118722915649414,0.5411437153816223,0.3591766655445099,0.47425732016563416,0.540958097577095,1
BSU40860,BSU40850,1,0.8991957306861877,0.980632483959198,0.9150454998016357,0.9500662088394165,0.9768357872962952,0.9824296236038208,0.9307442903518677,0.9695937633514404,0.9852221012115479,0.9644477367401123,0.9554213225841522,1
BSU40850,BSU40830,0,0.01558252889662981,0.0035792614798992872,0.019321028143167496,0.021273557096719742,0.0005556999822147191,0.0021184878423810005,0.004669923335313797,0.0027551136445254087,0.0019185288110747933,0.0006312990444712341,0.0072405428276397284,0
BSU40660,BSU40640,0,0.012629842385649681,0.00755016366019845,0.009434382431209087,0.009320121258497238,0.001177886500954628,0.005397374741733074,0.006402319297194481,0.007034428417682648,0.004245943855494261,0.00114006781950593,0.0064332530368119475,0
BSU40640,BSU40630,1,0.9347738027572632,0.8895840644836426,0.8138163685798645,0.9462710022926331,0.8426015973091125,0.933251678943634,0.9350070953369141,0.8774491548538208,0.8694851994514465,0.8484689593315125,0.8890708923339844,1
BSU40560,BSU40540,0,0.0008872069884091616,0.0020880706142634153,0.003130322089418769,0.002244604052975774,8.01355199655518e-05,0.0007404739153571427,0.0009834012016654015,0.0011470202589407563,0.00023721513571217656,0.00012316794891376048,0.0011661617725621908,0
BSU40410,BSU40400,1,0.9736801385879517,0.9888119101524353,0.9702571034431458,0.9932720065116882,0.9657196402549744,0.9961434602737427,0.9913468360900879,0.9275295734405518,0.9596937894821167,0.992961585521698,0.9759416043758392,1
BSU40400,BSU40390,1,0.9696452021598816,0.9613968133926392,0.9558333158493042,0.9822311997413635,0.9426860213279724,0.9854037165641785,0.9763323068618774,0.9840279817581177,0.9582040309906006,0.9856206178665161,0.9701381206512452,1
BSU40390,BSU40380,1,0.9878765940666199,0.9637877941131592,0.9678866267204285,0.9916136264801025,0.9752990007400513,0.9940769672393799,0.9891281723976135,0.9929857850074768,0.9822511076927185,0.9936571717262268,0.9838562846183777,1
BSU40380,BSU40370,1,0.874812126159668,0.9627794623374939,0.9590333700180054,0.9186622500419617,0.9786262512207031,0.8661208748817444,0.9276131391525269,0.888839602470398,0.8464228510856628,0.8545594215393066,0.9077469348907471,1
BSU40370,BSU40360,1,0.8976166248321533,0.6718688607215881,0.8180734515190125,0.7837210893630981,0.9080101251602173,0.8468570709228516,0.7167379856109619,0.7010345458984375,0.8065851926803589,0.8352842330932617,0.7985789179801941,1
BSU40340,BSU40330,1,0.8772526979446411,0.7820130586624146,0.6419682502746582,0.8870298862457275,0.838269054889679,0.8338422179222107,0.8349300026893616,0.7580713629722595,0.6861416697502136,0.9591033458709717,0.8098621547222138,1
BSU40330,BSU40320,1,0.8937414884567261,0.8628350496292114,0.8613269925117493,0.9278982281684875,0.9483086466789246,0.9727432131767273,0.9363252520561218,0.9047107696533203,0.9018396139144897,0.9576076865196228,0.916733694076538,1
BSU40320,BSU40290,0,0.01918821409344673,0.003979294095188379,0.016209043562412262,0.023470008745789528,0.0003372994833625853,0.0008793912129476666,0.007168216165155172,0.006147052627056837,0.0009553622803650796,0.0003850122739095241,0.007871889453963377,0
BSU40290,BSU40280,0,0.7211109399795532,0.2782800793647766,0.2950223386287689,0.40981927514076233,0.16119176149368286,0.15469235181808472,0.2095911204814911,0.1310524046421051,0.30102211236953735,0.15562108159065247,0.2817403465509415,0
BSU40280,BSU40270,1,0.951554536819458,0.9100489616394043,0.8671485185623169,0.9734129309654236,0.9131430387496948,0.9225398302078247,0.9149452447891235,0.9566369652748108,0.9349781274795532,0.9795586466789246,0.9323966801166534,1
BSU40180,BSU40170,1,0.8298893570899963,0.7399294376373291,0.7959780693054199,0.7117658853530884,0.40861737728118896,0.3564439117908478,0.7348244190216064,0.49925747513771057,0.7255721688270569,0.8972893357276917,0.6699567437171936,1
BSU40170,BSU40160,1,0.8900527954101562,0.932617723941803,0.9461637735366821,0.9405129551887512,0.77102130651474,0.9060431122779846,0.9388102889060974,0.905424952507019,0.7968015670776367,0.9602158665657043,0.8987664341926574,1
BSU40160,BSU40150,1,0.6527444124221802,0.586888313293457,0.5104461908340454,0.7616423964500427,0.3202521800994873,0.8742844462394714,0.6140609383583069,0.7717756032943726,0.8023362159729004,0.929593563079834,0.6824024260044098,1
BSU40150,BSU40140,1,0.9713544845581055,0.9692845344543457,0.9387524724006653,0.9749648571014404,0.9673236012458801,0.9724053740501404,0.9590291380882263,0.973329484462738,0.9862400889396667,0.9861918687820435,0.9698875904083252,1
BSU40140,BSU40120,0,0.00393983768299222,0.007412690669298172,0.005276566371321678,0.006304797250777483,0.0031177476048469543,0.0016282544238492846,0.0025058789178729057,0.002144716214388609,0.0029343795031309128,0.0008942419080995023,0.003615911054657772,0
BSU40120,BSU40110,1,0.9708628058433533,0.9662289023399353,0.9467095136642456,0.9812861680984497,0.983535885810852,0.9795753955841064,0.9702744483947754,0.9806172847747803,0.9935519099235535,0.9926156401634216,0.9765257954597473,1
BSU40110,BSU40040,0,0.00035840386408381164,0.00023648030764888972,0.0013281400315463543,0.00046494996058754623,1.94401200133143e-05,8.193440589820966e-05,0.00027295443578623235,4.462950164452195e-05,9.50950852711685e-05,4.670639100368135e-06,0.0002906698351580417,0
BSU40040,BSU40030,1,0.8850530982017517,0.7633113265037537,0.7730939388275146,0.8982874751091003,0.9487415552139282,0.9310495853424072,0.8690575361251831,0.8430200219154358,0.9283413887023926,0.8679975271224976,0.8707953453063965,1
BSU40030,BSU40010,0,0.00626250309869647,0.007608501240611076,0.015596715733408928,0.01142845768481493,0.0035121338441967964,0.011806776747107506,0.016055362299084663,0.003422999754548073,0.001797196688130498,0.01679101400077343,0.009428166109137237,0
BSU40010,BSU39990,0,0.012355852872133255,0.006227627396583557,0.014889274723827839,0.007854603230953217,0.0016863950295373797,0.002123491605743766,0.0033672444988042116,0.0007673854124732316,0.009999611414968967,0.006373244803398848,0.006564473098842427,0
BSU39990,BSU39980,0,0.9244573712348938,0.6753345131874084,0.8346335291862488,0.8137993812561035,0.6364482045173645,0.8302750587463379,0.7259799242019653,0.7219434976577759,0.7394458055496216,0.858043909072876,0.7760361194610595,1
BSU39980,BSU39970,1,0.8135423064231873,0.4947049021720886,0.7434133291244507,0.8057859539985657,0.823203444480896,0.8693244457244873,0.7059025168418884,0.5139895677566528,0.7626503705978394,0.8336400985717773,0.7366156935691833,1
BSU39970,BSU39950,0,0.007297011092305183,0.0038345810025930405,0.012971797958016396,0.009966901503503323,0.001079471199773252,0.007172670215368271,0.005129982251673937,0.003474870463833213,0.010753883980214596,0.002315565710887313,0.0063996735378168525,0
BSU39950,BSU39940,1,0.9298297166824341,0.8189921975135803,0.71694415807724,0.8137764930725098,0.8346601724624634,0.8945766091346741,0.907129168510437,0.7179914116859436,0.8563593029975891,0.876617431640625,0.8366876661777496,1
BSU39940,BSU39880,0,0.002626952016726136,0.0007973451865836978,0.005418204702436924,0.0017278885934501886,4.685684325522743e-05,0.00039896697853691876,0.0013540907530114055,0.00032304940395988524,0.0016334186075255275,0.00019861022883560508,0.0014525383314321517,0
BSU39880,BSU39870,1,0.9234169125556946,0.8565407395362854,0.6884328126907349,0.7418718338012695,0.8164952993392944,0.616224467754364,0.7865347266197205,0.8576784729957581,0.6182482838630676,0.8142924308776855,0.7719735980033875,1
BSU39870,BSU39850,0,0.040844909846782684,0.01001657359302044,0.016801614314317703,0.06382103264331818,0.008079467341303825,0.004368222784250975,0.014424963854253292,0.004269343335181475,0.012687711045145988,0.03250285983085632,0.02078166985884309,0
BSU39760,BSU39750,1,0.9529664516448975,0.9294107556343079,0.8393942713737488,0.8833672404289246,0.9419568777084351,0.9443076848983765,0.8621306419372559,0.9770426154136658,0.96680748462677,0.9666702151298523,0.9264054238796234,1
BSU39750,BSU39740,1,0.9801151752471924,0.9723572731018066,0.9354876279830933,0.9804906249046326,0.9737177491188049,0.9690840244293213,0.9455909132957458,0.9811704754829407,0.9910557866096497,0.9943534731864929,0.972342312335968,1
BSU39740,BSU39730,1,0.9736263751983643,0.98487788438797,0.9351832270622253,0.9818759560585022,0.9778541922569275,0.9751749634742737,0.9773685932159424,0.984306812286377,0.9839584231376648,0.9704572558403015,0.9744683682918549,1
BSU39730,BSU39720,1,0.9609938859939575,0.9792242050170898,0.9459539651870728,0.9680982828140259,0.9803323149681091,0.9591190218925476,0.9650731682777405,0.9742207527160645,0.9863119125366211,0.9892681837081909,0.9708595693111419,1
BSU39720,BSU39710,1,0.9850658774375916,0.947773277759552,0.961394727230072,0.9866296648979187,0.9920631647109985,0.9183328747749329,0.9807345271110535,0.984634518623352,0.9772647619247437,0.9861568808555603,0.9720050275325776,1
BSU39710,BSU39700,1,0.9839688539505005,0.9827007055282593,0.9648380279541016,0.9927362203598022,0.9933922290802002,0.9892542958259583,0.9795122146606445,0.9827603101730347,0.9933978915214539,0.9980176091194153,0.9860578358173371,1
BSU39700,BSU39690,1,0.9827439188957214,0.9744973182678223,0.9232303500175476,0.9767171740531921,0.8654457926750183,0.9781312942504883,0.9530951380729675,0.9530693292617798,0.9489248394966125,0.9738492369651794,0.952970439195633,1
BSU39690,BSU39680,1,0.9462403059005737,0.9656524062156677,0.8814809322357178,0.956143319606781,0.9177874326705933,0.9745509028434753,0.9681198596954346,0.9510984420776367,0.981611967086792,0.9775377511978149,0.9520223319530488,1
BSU39680,BSU39670,1,0.9137492775917053,0.9445434808731079,0.9063973426818848,0.9600264430046082,0.9516255259513855,0.9387738704681396,0.891229510307312,0.9376394748687744,0.9910102486610413,0.9331660866737366,0.9368161261081696,1
BSU39670,BSU39660,0,0.505042552947998,0.4470962882041931,0.49456292390823364,0.620885968208313,0.07003003358840942,0.4416664242744446,0.35179731249809265,0.27594244480133057,0.159359872341156,0.6481847167015076,0.40145685374736784,0
BSU39660,BSU39650,1,0.9833096861839294,0.9818364977836609,0.9749606847763062,0.987892210483551,0.9834960103034973,0.977526843547821,0.9875892996788025,0.9875167012214661,0.9735079407691956,0.9950069785118103,0.9832642853260041,1
BSU39600,BSU39570,0,0.011763209477066994,0.0028219446539878845,0.012840427458286285,0.007787150330841541,0.0006439972785301507,0.0006051599630154669,0.001989869400858879,0.0010404898785054684,0.0140993632376194,0.0013349163345992565,0.005492652801331132,0
BSU39570,BSU39560,1,0.9832143783569336,0.9795572757720947,0.978632926940918,0.9783318042755127,0.9723327159881592,0.9685840606689453,0.9869060516357422,0.9829762578010559,0.9736323952674866,0.994905948638916,0.9799073815345765,1
BSU39560,BSU39550,1,0.9662872552871704,0.9255936145782471,0.8590401411056519,0.9611847400665283,0.8662949204444885,0.9817256331443787,0.9688702821731567,0.9406601786613464,0.9575971961021423,0.9766649007797241,0.9403918862342835,1
BSU39550,BSU39540,0,0.6727673411369324,0.709101140499115,0.4696975350379944,0.7770891785621643,0.6595126390457153,0.3978070318698883,0.3044607639312744,0.32575759291648865,0.6323389410972595,0.5856301188468933,0.5534162282943725,1
BSU39540,BSU39530,1,0.9523987174034119,0.9657710194587708,0.9564608931541443,0.9656342267990112,0.8708459734916687,0.929914116859436,0.9679028987884521,0.9345324635505676,0.8195158243179321,0.9841554164886475,0.9347131550312042,1
BSU39530,BSU39520,0,0.9426922798156738,0.8770732879638672,0.5182774066925049,0.7755640745162964,0.9219079613685608,0.7592860460281372,0.731444776058197,0.6367678642272949,0.7765851020812988,0.7521074414253235,0.7691706240177154,1
BSU39520,BSU39510,1,0.9546447992324829,0.970939576625824,0.9506247639656067,0.9805629849433899,0.9601963758468628,0.9868357181549072,0.9694764018058777,0.9591752886772156,0.9621219038963318,0.9841240644454956,0.9678701877593994,1
BSU39510,BSU39500,1,0.9863091707229614,0.9849245548248291,0.952399492263794,0.988684356212616,0.9894407987594604,0.984433114528656,0.9666013717651367,0.9844895601272583,0.9959089756011963,0.9931384921073914,0.98263298869133,1
BSU39500,BSU39490,1,0.9149723052978516,0.8228632211685181,0.8964403867721558,0.9693016409873962,0.9207767844200134,0.968109130859375,0.9301725625991821,0.9074166417121887,0.9211483597755432,0.9461842775344849,0.9197385311126709,1
BSU39490,BSU39480,1,0.9874579310417175,0.9763607382774353,0.9513968229293823,0.9845840334892273,0.9879781603813171,0.9874292016029358,0.9591078162193298,0.9629616141319275,0.9910919666290283,0.9940910935401917,0.9782459378242493,1
BSU39480,BSU39470,1,0.9535279273986816,0.9372117519378662,0.9104633927345276,0.8749229907989502,0.9012622237205505,0.9807295799255371,0.9423422813415527,0.9575725197792053,0.946861743927002,0.8725306391716003,0.9277425050735474,1
BSU39470,BSU39460,1,0.933052659034729,0.9571220278739929,0.9584031105041504,0.9658164381980896,0.9522534608840942,0.9522259831428528,0.9713592529296875,0.9721137285232544,0.8761076331138611,0.9712709188461304,0.9509725213050843,1
BSU39460,BSU39450,0,0.7344649434089661,0.7351627945899963,0.791131854057312,0.8561955094337463,0.6101914644241333,0.9067878723144531,0.8370031118392944,0.7914820909500122,0.8313704133033752,0.9311258792877197,0.8024915933609009,1
BSU39450,BSU39440,1,0.9618721008300781,0.812580406665802,0.6984546184539795,0.8630059361457825,0.8075236082077026,0.8464444279670715,0.7029086947441101,0.8838295936584473,0.9179874062538147,0.944796085357666,0.8439402878284454,1
BSU39440,BSU39430,0,0.5169238448143005,0.5193143486976624,0.5759022235870361,0.5249900817871094,0.10872268676757812,0.6684446930885315,0.5990901589393616,0.2970180809497833,0.5792808532714844,0.7083709239959717,0.5098057895898819,1
BSU39430,BSU39420,1,0.39110735058784485,0.5310382843017578,0.6935278177261353,0.47373872995376587,0.3031550347805023,0.3162081837654114,0.483491986989975,0.4238536059856415,0.345022588968277,0.7949766516685486,0.47561202347278597,0
BSU39420,BSU39410,1,0.9152071475982666,0.9160286784172058,0.818270206451416,0.9130557179450989,0.9504576325416565,0.9765230417251587,0.8849143981933594,0.9219694137573242,0.9221370816230774,0.9787976741790771,0.919736099243164,1
BSU39410,BSU39400,1,0.9707795977592468,0.9687137603759766,0.9302771687507629,0.9804283380508423,0.976367712020874,0.9835037589073181,0.9823841452598572,0.98282790184021,0.9767786264419556,0.9872612357139587,0.9739322245121003,1
BSU39330,BSU39320,0,0.10554134100675583,0.1410035938024521,0.13157615065574646,0.04327951371669769,0.008882506750524044,0.058609481900930405,0.06624368578195572,0.0820981115102768,0.020253127440810204,0.05614520609378815,0.07136327186599374,0
BSU39290,BSU39280,0,0.9454594850540161,0.9214797019958496,0.903383731842041,0.9397367238998413,0.9583865404129028,0.9601914286613464,0.94733726978302,0.8496188521385193,0.9729991555213928,0.8898265361785889,0.9288419425487519,1
BSU39280,BSU39270,0,0.25988420844078064,0.16968008875846863,0.2305963933467865,0.11974793672561646,0.08136998116970062,0.0390578918159008,0.11657034605741501,0.17087416350841522,0.11243339627981186,0.016476504504680634,0.13166909106075764,0
BSU39270,BSU39260,1,0.9763248562812805,0.9625205993652344,0.9200637936592102,0.9761675596237183,0.986100435256958,0.975071370601654,0.9793832898139954,0.9772416949272156,0.9913461208343506,0.9928086400032043,0.9737028360366822,1
BSU39260,BSU39250,1,0.8157837390899658,0.8027291297912598,0.6878331899642944,0.7682076692581177,0.7750083208084106,0.8417883515357971,0.7626237869262695,0.777972936630249,0.8199476599693298,0.7502963542938232,0.7802191138267517,1
BSU39250,BSU39240,0,0.46670031547546387,0.5514184832572937,0.6141276955604553,0.472032755613327,0.15470121800899506,0.36798766255378723,0.7660380005836487,0.2863377332687378,0.25161945819854736,0.730186939239502,0.4661150261759758,0
BSU39240,BSU39230,0,0.6138389706611633,0.6930171847343445,0.8184152245521545,0.908412516117096,0.9213876128196716,0.8530256152153015,0.9029833674430847,0.9372440576553345,0.8416457176208496,0.8711987733840942,0.8361169040203095,1
BSU39230,BSU39220,1,0.9468500018119812,0.9488792419433594,0.8951449990272522,0.9707276225090027,0.7656534910202026,0.9676657915115356,0.9398970603942871,0.9338754415512085,0.9532313942909241,0.9820107221603394,0.9303935766220093,1
BSU39120,BSU39110,1,0.9709092378616333,0.9218236804008484,0.8519473075866699,0.9651585221290588,0.9816986918449402,0.9559128880500793,0.9639871716499329,0.9353901743888855,0.9415726661682129,0.9773444533348083,0.946574479341507,1
BSU39080,BSU39070,1,0.23474925756454468,0.04468927159905434,0.17758634686470032,0.20305147767066956,0.01535757351666689,0.11419303715229034,0.09970421344041824,0.056747645139694214,0.11052265018224716,0.5332664251327515,0.1589867898263037,0
BSU39070,BSU39050,0,0.11420197039842606,0.04330291599035263,0.020319998264312744,0.04206890985369682,0.03414497897028923,0.00497396057471633,0.022518305107951164,0.06276604533195496,0.05329521372914314,0.037257157266139984,0.043484945548698306,0
BSU39050,BSU39040,1,0.9213860034942627,0.8866003751754761,0.8856797814369202,0.9634945392608643,0.860672652721405,0.9194046854972839,0.8209728598594666,0.8687598705291748,0.8851936459541321,0.977067768573761,0.8989232182502747,1
BSU39040,BSU39010,0,0.0014207372441887856,0.0026104121934622526,0.0022502560168504715,0.0046538859605789185,2.9998751415405422e-05,0.0003726412251126021,0.0014362131478264928,0.00041468971176072955,0.001561348675750196,0.0025028809905052185,0.0017253063917451073,0
BSU39010,BSU39000,0,0.8887144327163696,0.7474401593208313,0.8816048502922058,0.8145051002502441,0.39755773544311523,0.7621188759803772,0.8109399080276489,0.6735618114471436,0.6813527941703796,0.9701690673828125,0.7627964735031127,1
BSU39000,BSU38990,1,0.9623712301254272,0.9771384596824646,0.9173612594604492,0.9618948101997375,0.9860368967056274,0.9704424142837524,0.9507752656936646,0.9822507500648499,0.9864033460617065,0.982732892036438,0.9677407324314118,1
BSU38990,BSU38980,1,0.9373408555984497,0.9749113917350769,0.9598861336708069,0.9652735590934753,0.9705977439880371,0.9768123030662537,0.9647372364997864,0.9665624499320984,0.9628443121910095,0.9784545302391052,0.9657420516014099,1
BSU38980,BSU38970,1,0.9466034770011902,0.8667197227478027,0.9164602160453796,0.9656244516372681,0.8460193872451782,0.9056079387664795,0.9489333033561707,0.9682485461235046,0.9170423150062561,0.9732211232185364,0.9254480481147767,1
BSU38840,BSU38820,0,0.01143291313201189,0.014506748877465725,0.015224996954202652,0.015687547624111176,0.0007687657489441335,0.008612656965851784,0.014974027872085571,0.0028984008822590113,0.015145259909331799,0.002682774094864726,0.010193409206112846,0
BSU38820,BSU38810,1,0.7832319736480713,0.81770920753479,0.6797048449516296,0.7249828577041626,0.806204080581665,0.8959196209907532,0.8702386617660522,0.897816002368927,0.6365045309066772,0.7566357851028442,0.7868947565555573,1
BSU38810,BSU38800,0,0.5946910977363586,0.7797194123268127,0.7797510623931885,0.880297064781189,0.07613702118396759,0.8736411929130554,0.6562340259552002,0.40508031845092773,0.3194325566291809,0.9124385714530945,0.6277422323822975,1
BSU38800,BSU38760,0,0.003955245483666658,0.0019349664216861129,0.005745742470026016,0.002234026789665222,0.0006250398582778871,0.0005243301275186241,0.0018255467293784022,0.0004881162312813103,0.0012716904748231173,0.00011194295075256377,0.0018716647537075914,0
BSU38760,BSU38750,1,0.9819874167442322,0.9418909549713135,0.9304986596107483,0.9756534099578857,0.9744214415550232,0.9767020344734192,0.9645300507545471,0.9780411720275879,0.9872635006904602,0.9887237548828125,0.969971239566803,1
BSU38750,BSU38740,1,0.9898377060890198,0.9466373920440674,0.932235836982727,0.9670025706291199,0.9529610276222229,0.9670085906982422,0.9552026987075806,0.9837491512298584,0.982728898525238,0.9930615425109863,0.9670425415039062,1
BSU38740,BSU38730,1,0.9918741583824158,0.9832725524902344,0.9518386125564575,0.9836096167564392,0.9212071299552917,0.9601342678070068,0.9686819911003113,0.9757380485534668,0.9629254341125488,0.9962382316589355,0.9695520043373108,1
BSU38730,BSU38720,0,0.9469404220581055,0.9703025817871094,0.875878095626831,0.9720709919929504,0.9680874943733215,0.9551708102226257,0.9491945505142212,0.9562482237815857,0.8956958055496216,0.8859670162200928,0.9375555992126465,1
BSU38720,BSU38700,0,0.0020520263351500034,0.015404772013425827,0.012630976736545563,0.0201369971036911,0.0009364921133965254,0.006542964838445187,0.022687485441565514,0.002453635912388563,0.006277836859226227,0.01012076810002327,0.009924395545385777,0
BSU38700,BSU38690,1,0.9532244801521301,0.9172475934028625,0.9602259397506714,0.9577689170837402,0.9707289338111877,0.9503844380378723,0.9627660512924194,0.9393104314804077,0.900643527507782,0.9085202813148499,0.9420820593833923,1
BSU38690,BSU38680,1,0.9788106679916382,0.9734964966773987,0.9766249060630798,0.9763681888580322,0.9303624629974365,0.9784132242202759,0.9763649106025696,0.9464430212974548,0.8842920064926147,0.8516581654548645,0.9472834050655365,1
BSU38680,BSU38670,1,0.9829502105712891,0.9665955305099487,0.9845597147941589,0.9858004450798035,0.9169862270355225,0.9762499332427979,0.983799934387207,0.9782062768936157,0.9512544870376587,0.9569411277770996,0.9683343887329101,1
BSU38670,BSU38660,1,0.9819111824035645,0.9840455651283264,0.94547039270401,0.9738818407058716,0.9846638441085815,0.9847650527954102,0.9541297554969788,0.9951035380363464,0.9928122162818909,0.9971452951431274,0.9793928682804107,1
BSU38660,BSU38650,1,0.962779700756073,0.9779021143913269,0.9698516130447388,0.9859015941619873,0.9754961729049683,0.9859066605567932,0.9836190342903137,0.9836578369140625,0.9840710163116455,0.9876929521560669,0.9796878695487976,1
BSU38650,BSU38620,0,0.002256014384329319,0.0009109544334933162,0.005708502605557442,0.0022628381848335266,0.0003746991860680282,0.002181426854804158,0.00232319557107985,0.0017917243530973792,0.001260399934835732,0.0006357232923619449,0.0019705478800460694,0
BSU38600,BSU38590,0,0.631321907043457,0.4132287800312042,0.47516584396362305,0.3565698266029358,0.14865878224372864,0.8371861577033997,0.41129449009895325,0.6659296154975891,0.6051117777824402,0.5606741309165955,0.5105141311883926,1
BSU38590,BSU38580,1,0.9351272583007812,0.9562257528305054,0.8853588104248047,0.9325456023216248,0.9332008957862854,0.9176718592643738,0.9428651332855225,0.9688966274261475,0.9796271324157715,0.9050350189208984,0.9356554090976715,1
BSU38580,BSU38570,1,0.8945803642272949,0.9485327005386353,0.9090343117713928,0.9330114722251892,0.74066561460495,0.9332892894744873,0.9405768513679504,0.8783093094825745,0.957558274269104,0.9715365171432495,0.9107094705104828,1
BSU38570,BSU38560,1,0.9601947665214539,0.9641488194465637,0.9328039884567261,0.9847076535224915,0.9656475782394409,0.9745010137557983,0.9792880415916443,0.9692167639732361,0.9828985333442688,0.9832642078399658,0.9696671366691589,1
BSU38310,BSU38300,1,0.9816046953201294,0.9887436628341675,0.9671887159347534,0.9710108637809753,0.982244074344635,0.9690709710121155,0.9658859372138977,0.9854872822761536,0.9841080904006958,0.9927467703819275,0.9788091063499451,1
BSU38300,BSU38290,1,0.9806738495826721,0.9516516327857971,0.963338315486908,0.9774114489555359,0.9860433340072632,0.9864186644554138,0.9788758754730225,0.9864460825920105,0.9659635424613953,0.9816797375679016,0.975850248336792,1
BSU38170,BSU38160,1,0.9837106466293335,0.9865346550941467,0.9472059011459351,0.9896964430809021,0.9850907921791077,0.9719801545143127,0.987558126449585,0.9740623235702515,0.9862090349197388,0.9954812526702881,0.9807529330253602,1
BSU38160,BSU38150,1,0.9702935218811035,0.9827196598052979,0.9454981088638306,0.9845252633094788,0.9740113019943237,0.9746257066726685,0.9861651062965393,0.9908276200294495,0.9842163324356079,0.9912501573562622,0.9784132778644562,1
BSU38150,BSU38140,1,0.9859997630119324,0.986035943031311,0.9598349928855896,0.9803374409675598,0.9832547307014465,0.9727296829223633,0.9760767817497253,0.9822422862052917,0.9892699718475342,0.996250569820404,0.9812032163143158,1
BSU38110,BSU38100,1,0.5262998938560486,0.5210078954696655,0.43655478954315186,0.3618476986885071,0.6707639694213867,0.4227123558521271,0.6429104804992676,0.49919378757476807,0.1089610606431961,0.4000031054019928,0.45902550369501116,0
BSU38050,BSU38040,1,0.9481137990951538,0.9650303721427917,0.9540528655052185,0.9656883478164673,0.9810163974761963,0.9728774428367615,0.9662944674491882,0.9753431677818298,0.9667798280715942,0.9769548177719116,0.9672151505947113,1
BSU37790,BSU37780,0,0.3378726541996002,0.31435033679008484,0.3633432984352112,0.28560787439346313,0.2438291311264038,0.4225059747695923,0.355724960565567,0.3914662301540375,0.3969629406929016,0.6800253391265869,0.3791688740253448,0
BSU37780,BSU37770,1,0.8962875008583069,0.5383413434028625,0.7001486420631409,0.852963924407959,0.21809592843055725,0.6108583211898804,0.718704342842102,0.500129222869873,0.8178614974021912,0.6612977385520935,0.6514688462018967,1
BSU37770,BSU37760,1,0.9253713488578796,0.958743691444397,0.9002223014831543,0.9614071249961853,0.32120388746261597,0.8969334363937378,0.8545825481414795,0.6190618872642517,0.7301567196846008,0.9844423532485962,0.8152125298976898,1
BSU37740,BSU37730,1,0.9208343029022217,0.926896333694458,0.9583920240402222,0.961521565914154,0.6583915948867798,0.9286482930183411,0.8498002886772156,0.7693911790847778,0.5223860144615173,0.7003671526908875,0.8196628749370575,1
BSU37730,BSU37720,1,0.8351303339004517,0.8243230581283569,0.8501914739608765,0.9502557516098022,0.7831574082374573,0.8233869075775146,0.929568886756897,0.8771613836288452,0.8829128742218018,0.9555917978286743,0.8711679875850677,1
BSU37720,BSU37710,1,0.9532195329666138,0.9665409922599792,0.9208521246910095,0.9810802936553955,0.9317209124565125,0.9712976813316345,0.9442113637924194,0.962459921836853,0.9585616588592529,0.9839058518409729,0.9573850333690643,1
BSU37710,BSU37700,1,0.9655429124832153,0.9601088762283325,0.9741858839988708,0.9731398224830627,0.9503046870231628,0.9815018773078918,0.9760777354240417,0.8761464953422546,0.9358612298965454,0.8705865740776062,0.9463456094264984,1
BSU37700,BSU37690,1,0.9427134990692139,0.9383881688117981,0.9700292944908142,0.955261766910553,0.9144277572631836,0.9249036908149719,0.8654821515083313,0.9062040448188782,0.6701681017875671,0.7452778816223145,0.8832856357097626,1
BSU37500,BSU37490,1,0.8754851222038269,0.9201471209526062,0.8080655932426453,0.8367642760276794,0.9484200477600098,0.9520345330238342,0.9082263112068176,0.9185079336166382,0.9603069424629211,0.9556527733802795,0.9083610653877259,1
BSU37320,BSU37310,1,0.9294161200523376,0.8610044121742249,0.8690706491470337,0.8385172486305237,0.8160655498504639,0.9600873589515686,0.880810558795929,0.8491613864898682,0.8750749230384827,0.8339790105819702,0.8713187217712403,1
BSU37280,BSU37270,1,0.971591055393219,0.9722647666931152,0.9175825119018555,0.9679633378982544,0.6451577544212341,0.9603220820426941,0.9390173554420471,0.9072269201278687,0.8989091515541077,0.9600902199745178,0.9140125155448914,1
BSU37270,BSU37260,1,0.9910922050476074,0.9881763458251953,0.9731244444847107,0.9962301850318909,0.9958365559577942,0.9869921803474426,0.9918846487998962,0.9895932078361511,0.9950749278068542,0.997083306312561,0.9905088007450104,1
BSU37260,BSU37250,1,0.9915449619293213,0.9795356392860413,0.9743340611457825,0.9883167743682861,0.9853936433792114,0.9880102872848511,0.9861541390419006,0.9785065650939941,0.9845590591430664,0.9929012060165405,0.9849256336688995,1
BSU37160,BSU37150,1,0.5309223532676697,0.354681134223938,0.526364803314209,0.5105090141296387,0.16581960022449493,0.11386527866125107,0.3377770185470581,0.2496861070394516,0.19247569143772125,0.39779481291770935,0.3379895813763142,0
BSU37150,BSU37130,0,0.08495857566595078,0.03295104205608368,0.10245665162801743,0.13340316712856293,0.0036223253700882196,0.043412547558546066,0.10375213623046875,0.11169330030679703,0.0073726968839764595,0.03274939954280853,0.06563718423712998,0
BSU36880,BSU36870,1,0.9595513939857483,0.9844921231269836,0.9319219589233398,0.9723219275474548,0.9524495601654053,0.9810107946395874,0.9736080169677734,0.9511110186576843,0.9860122203826904,0.9915106296539307,0.9683989644050598,1
BSU36870,BSU36860,1,0.9539865851402283,0.9712594747543335,0.7466406226158142,0.9270281195640564,0.9259530901908875,0.9683223962783813,0.925176203250885,0.9656417369842529,0.9806585311889648,0.9922780990600586,0.9356944859027863,1
BSU36860,BSU36850,1,0.47365060448646545,0.26258498430252075,0.32532647252082825,0.6005938053131104,0.42851486802101135,0.6417557597160339,0.5842761993408203,0.1295270472764969,0.5397947430610657,0.39912742376327515,0.4385151907801628,0
BSU36850,BSU36840,1,0.9355325698852539,0.9396895170211792,0.958193302154541,0.9606115818023682,0.6054978966712952,0.9287688136100769,0.8905335068702698,0.8908757567405701,0.573429524898529,0.8804771900177002,0.8563609659671784,1
BSU36840,BSU36830,1,0.9685963988304138,0.9658941626548767,0.9315512180328369,0.9766941070556641,0.9724452495574951,0.984368622303009,0.9601895213127136,0.9745652675628662,0.9890866875648499,0.9763253331184387,0.9699716567993164,1
BSU36830,BSU36820,1,0.8791002035140991,0.8577067852020264,0.8216124176979065,0.9052928686141968,0.8645321130752563,0.9640522599220276,0.9312530159950256,0.9000219702720642,0.8436148762702942,0.9674837589263916,0.8934670269489289,1
BSU36820,BSU36810,1,0.9886071681976318,0.9814643859863281,0.9346868395805359,0.9890837669372559,0.9676681160926819,0.9887655973434448,0.9733992218971252,0.9881583452224731,0.9801642298698425,0.9962216019630432,0.9788219273090363,1
BSU36810,BSU36800,1,0.9589976668357849,0.9854688048362732,0.9485228657722473,0.9882016777992249,0.9583538174629211,0.9880871176719666,0.9833356142044067,0.9723049998283386,0.9860243201255798,0.9943430423736572,0.97636399269104,1
BSU36680,BSU36670,1,0.8684366941452026,0.8771942257881165,0.685158908367157,0.8209043741226196,0.7798627614974976,0.7177302837371826,0.8659182786941528,0.8705517053604126,0.8653263449668884,0.917231023311615,0.8268314599990845,1
BSU36660,BSU36650,1,0.9341610670089722,0.8854564428329468,0.9689722061157227,0.8978478908538818,0.9572416543960571,0.967564582824707,0.942859411239624,0.9208735823631287,0.9566433429718018,0.9742337465286255,0.9405853927135468,1
BSU36650,BSU36640,1,0.9206671714782715,0.927287220954895,0.9312559962272644,0.956237256526947,0.4130648672580719,0.8916342258453369,0.874579906463623,0.8452142477035522,0.5137394070625305,0.709601640701294,0.7983281940221787,1
BSU36010,BSU36000,1,0.9121423959732056,0.8858181834220886,0.8802955150604248,0.8780203461647034,0.9018219709396362,0.9637332558631897,0.9204093813896179,0.9039302468299866,0.9377962350845337,0.8634271621704102,0.9047394692897797,1
BSU35900,BSU35890,1,0.971351146697998,0.9918462634086609,0.9035117626190186,0.983774721622467,0.9708374738693237,0.9818556904792786,0.9796860814094543,0.9914443492889404,0.9756228923797607,0.9874473214149475,0.973737770318985,1
BSU35890,BSU35880,1,0.9863699674606323,0.9774760007858276,0.9577400088310242,0.9926559925079346,0.9868420362472534,0.9760276675224304,0.981473445892334,0.9766138195991516,0.9809545278549194,0.9903208017349243,0.9806474268436431,1
BSU35880,BSU35870,1,0.9706382751464844,0.9697245955467224,0.9279602766036987,0.9817381501197815,0.9611871242523193,0.9669373631477356,0.9490463137626648,0.9662187695503235,0.983959436416626,0.9813387393951416,0.9658749043941498,1
BSU35790,BSU35780,0,0.7542805671691895,0.8375703692436218,0.8764228224754333,0.906491219997406,0.8153383135795593,0.8565753698348999,0.9040385484695435,0.7595701813697815,0.9694966673851013,0.9659518003463745,0.8645735859870911,1
BSU35780,BSU35740,0,0.0025664065033197403,0.00114706892054528,0.005882100202143192,0.0026844965759664774,3.1555005989503115e-05,0.0003260044031776488,0.001677801483310759,0.00045774661703035235,0.0009383078431710601,0.00021572881087195128,0.0015927216365525965,0
BSU35740,BSU35730,1,0.9570433497428894,0.9292899966239929,0.7303476333618164,0.9317759275436401,0.8710389137268066,0.8365569114685059,0.9084144234657288,0.9671770334243774,0.9165660738945007,0.9645406007766724,0.9012750864028931,1
BSU35730,BSU35720,1,0.944338858127594,0.9722116589546204,0.9629483819007874,0.9595569968223572,0.9476601481437683,0.9627974629402161,0.9314834475517273,0.8940184712409973,0.8445173501968384,0.9205718636512756,0.9340104639530182,1
BSU35720,BSU35710,0,0.7326729893684387,0.8431677222251892,0.5780971646308899,0.7039519548416138,0.7541304230690002,0.8651409149169922,0.7392954230308533,0.7623642683029175,0.5124407410621643,0.898548424243927,0.7389810025691986,1
BSU35710,BSU35700,1,0.9530661702156067,0.9564701914787292,0.9375333189964294,0.9686151146888733,0.978827714920044,0.9808512926101685,0.9839498400688171,0.9727585315704346,0.9774253368377686,0.9818407297134399,0.9691338241100311,1
BSU35640,BSU35630,1,0.9833441376686096,0.9713647961616516,0.952729344367981,0.9906721115112305,0.978746235370636,0.9887104034423828,0.98270583152771,0.9886544346809387,0.9905745387077332,0.9922360777854919,0.9819737911224365,1
BSU35630,BSU35620,1,0.9639854431152344,0.9676864743232727,0.9344342947006226,0.973189115524292,0.9761707782745361,0.9787983894348145,0.9718281030654907,0.9748589992523193,0.991834282875061,0.9877049922943115,0.9720490872859955,1
BSU35500,BSU35490,1,0.908044695854187,0.9223445057868958,0.8734313249588013,0.9513165354728699,0.8808735609054565,0.9684495329856873,0.9571818709373474,0.9555321335792542,0.960577666759491,0.957249641418457,0.9335001468658447,1
BSU35310,BSU35300,0,0.7781913876533508,0.6046256422996521,0.6215179562568665,0.8122386932373047,0.20574553310871124,0.8138455748558044,0.6339651942253113,0.7555870413780212,0.6421704888343811,0.9586905241012573,0.6826578035950661,1
BSU35300,BSU35290,1,0.9836905002593994,0.9530086517333984,0.9134190678596497,0.9832549691200256,0.9497664570808411,0.9831929802894592,0.9768797755241394,0.9767614006996155,0.9751057028770447,0.9909423589706421,0.9686021864414215,1
BSU33950,BSU33940,1,0.7631652355194092,0.8344875574111938,0.7496563196182251,0.7274379730224609,0.8174852728843689,0.9035497903823853,0.7103806734085083,0.6068034768104553,0.801785945892334,0.9175678491592407,0.7832320094108581,1
BSU33940,BSU33930,1,0.868314802646637,0.8194316029548645,0.551622748374939,0.7781326770782471,0.5135354399681091,0.8242513537406921,0.731484055519104,0.5818502306938171,0.8947922587394714,0.9468096494674683,0.751022481918335,1
BSU33930,BSU33920,1,0.9924304485321045,0.9810026288032532,0.917061984539032,0.9884182214736938,0.9783211946487427,0.9583307504653931,0.9705543518066406,0.9770239591598511,0.9896664023399353,0.9950225353240967,0.9747832477092743,1
BSU33920,BSU33910,1,0.5302183628082275,0.8376918435096741,0.9574264287948608,0.953407883644104,0.42372286319732666,0.9122287034988403,0.7026811242103577,0.9013562202453613,0.5256529450416565,0.9789488315582275,0.7723335206508637,1
BSU33910,BSU33900,1,0.9753804206848145,0.9805733561515808,0.9371463060379028,0.9897809624671936,0.9292750358581543,0.9766113758087158,0.9773767590522766,0.979777455329895,0.9781293272972107,0.9967087507247925,0.9720759749412536,1
BSU33480,BSU33470,1,0.990219235420227,0.9832563400268555,0.97340327501297,0.9924046397209167,0.9840477108955383,0.991567075252533,0.9894015192985535,0.9918550848960876,0.9945684671401978,0.9895130395889282,0.9880236387252808,1
BSU33310,BSU33300,1,0.95526123046875,0.9453045129776001,0.971778392791748,0.9631508588790894,0.8437541723251343,0.93173748254776,0.8716312050819397,0.8611900210380554,0.7940590381622314,0.8347554802894592,0.8972622394561768,1
BSU33300,BSU33290,1,0.963696300983429,0.980414628982544,0.9694324731826782,0.9798364639282227,0.9823429584503174,0.9858276844024658,0.987122654914856,0.9763365387916565,0.9827343821525574,0.9915321469306946,0.9799276232719422,1
BSU32510,BSU32500,1,0.3288692235946655,0.16093896329402924,0.8468616008758545,0.5385019779205322,0.07819878309965134,0.6020102500915527,0.703662633895874,0.04247066378593445,0.39786025881767273,0.42592453956604004,0.4125298894941807,0
BSU32500,BSU32490,1,0.5266312956809998,0.29062938690185547,0.8814021944999695,0.7727494835853577,0.15243683755397797,0.5715497136116028,0.7063175439834595,0.2239367514848709,0.1508295238018036,0.19740048050880432,0.44738832116127014,0
BSU32490,BSU32480,1,0.8271341323852539,0.7397575378417969,0.9219261407852173,0.8275561332702637,0.8864434361457825,0.9212905168533325,0.9355032444000244,0.4899943172931671,0.6701409816741943,0.5901616215705872,0.7809908062219619,1
BSU32480,BSU32470,1,0.8678438663482666,0.7330671548843384,0.9228048920631409,0.9104207158088684,0.8517542481422424,0.9215814471244812,0.841461181640625,0.8328094482421875,0.595055878162384,0.6890888810157776,0.8165887713432312,1
BSU32260,BSU32250,1,0.9516597986221313,0.9226057529449463,0.9715395569801331,0.9682435989379883,0.9225483536720276,0.9605273008346558,0.9655568599700928,0.9371218085289001,0.9155306816101074,0.8507882952690125,0.9366122007369995,1
BSU32250,BSU32240,1,0.9591556191444397,0.9159250855445862,0.9724965691566467,0.9714640378952026,0.9674486517906189,0.9654321670532227,0.961392879486084,0.970653772354126,0.9490867853164673,0.93109530210495,0.9564150869846344,1
BSU32010,BSU32000,0,0.8666096329689026,0.8145432472229004,0.45681434869766235,0.8883594870567322,0.6577291488647461,0.7959371209144592,0.7513176798820496,0.7318031191825867,0.593097448348999,0.8374843001365662,0.7393695533275604,1
BSU32000,BSU31990,1,0.9859347343444824,0.8772606253623962,0.8854128122329712,0.9436980485916138,0.8162663578987122,0.9467399716377258,0.8807705640792847,0.9274953007698059,0.9737639427185059,0.9799407124519348,0.9217283070087433,1
BSU31990,BSU31980,1,0.9844327569007874,0.9736321568489075,0.9495542645454407,0.9891486167907715,0.9908328056335449,0.9880459904670715,0.9852249026298523,0.9792312979698181,0.9913548231124878,0.9981789588928223,0.9829636573791504,1
BSU31980,BSU31970,1,0.9569733142852783,0.975884735584259,0.929067850112915,0.9816600680351257,0.9862539768218994,0.9783105850219727,0.9663509130477905,0.9745382070541382,0.9837841987609863,0.9941650032997131,0.9726988852024079,1
BSU31970,BSU31960,1,0.9763155579566956,0.9764264225959778,0.8993316888809204,0.9809377193450928,0.9685606956481934,0.9895521998405457,0.9770475029945374,0.9871920943260193,0.9734160304069519,0.9903002381324768,0.971908015012741,1
BSU31350,BSU31340,1,0.9068984389305115,0.8878714442253113,0.7749060392379761,0.8753856420516968,0.6214835047721863,0.9368703365325928,0.7956838011741638,0.8349379301071167,0.9029083251953125,0.9513647556304932,0.8488310217857361,1
BSU31340,BSU31330,1,0.7509247064590454,0.602817952632904,0.7172863483428955,0.6193916201591492,0.7402835488319397,0.8448325991630554,0.5596665740013123,0.5240530371665955,0.8855546116828918,0.7879573106765747,0.7032768309116364,1
BSU30800,BSU30790,1,0.9562931060791016,0.934827983379364,0.7989106774330139,0.8730804920196533,0.9697707295417786,0.8805314898490906,0.8976275324821472,0.9006916284561157,0.9552399516105652,0.9756085872650146,0.9142582178115845,1
BSU30770,BSU30760,1,0.9779192805290222,0.9843009114265442,0.9390616416931152,0.9773539900779724,0.9769895076751709,0.9730036854743958,0.9554320573806763,0.9603707194328308,0.9434646964073181,0.9413884282112122,0.9629284918308259,1
BSU30760,BSU30750,1,0.9604273438453674,0.9552934765815735,0.9352173209190369,0.9384806752204895,0.8673731684684753,0.9265630841255188,0.9487887024879456,0.6977484822273254,0.8085505962371826,0.8792779445648193,0.8917720794677735,1
BSU30750,BSU30740,1,0.9893051981925964,0.9760785102844238,0.9733192920684814,0.9896062016487122,0.9939486384391785,0.9864652156829834,0.9858460426330566,0.9842660427093506,0.9877084493637085,0.9919955730438232,0.9858539164066314,1
BSU30540,BSU30530,1,0.8881335258483887,0.8481513857841492,0.6384627223014832,0.8237057328224182,0.8779694437980652,0.7160612344741821,0.6065487265586853,0.5583561062812805,0.5261760950088501,0.9135338068008423,0.7397098779678345,1
BSU30240,BSU30230,1,0.7453339695930481,0.6734998226165771,0.9103484153747559,0.7482636570930481,0.9013271927833557,0.8570109009742737,0.7596083283424377,0.5728567242622375,0.4731055200099945,0.6530131697654724,0.7294367700815201,1
BSU30230,BSU30220,1,0.9396950006484985,0.9670584201812744,0.9608159065246582,0.9511518478393555,0.8923612236976624,0.9760574698448181,0.9490646123886108,0.7900002598762512,0.8184884786605835,0.9184484481811523,0.9163141667842865,1
BSU30220,BSU30210,1,0.9370318055152893,0.9145213961601257,0.9469549655914307,0.9029108285903931,0.9869307279586792,0.9506903886795044,0.9414316415786743,0.6557572484016418,0.9572199583053589,0.9254472851753235,0.911889624595642,1
BSU30210,BSU30200,1,0.9650660157203674,0.7069622278213501,0.9222879409790039,0.9829171895980835,0.9173171520233154,0.9856165051460266,0.9187954068183899,0.8904468417167664,0.9599713087081909,0.991139829158783,0.9240520417690277,1
BSU30200,BSU30190,1,0.9122576117515564,0.7889552712440491,0.669011652469635,0.8866575360298157,0.7615405917167664,0.9136419296264648,0.8563024997711182,0.8611793518066406,0.9068214297294617,0.9417778849601746,0.8498145759105682,1
BSU30190,BSU30180,1,0.48743394017219543,0.4012926518917084,0.5436220169067383,0.5961949825286865,0.33917418122291565,0.6312691569328308,0.5414400696754456,0.7912700176239014,0.28540337085723877,0.5072699189186096,0.512437030673027,1
BSU29780,BSU29770,1,0.9443396329879761,0.8870017528533936,0.8278809785842896,0.8834189772605896,0.8718622922897339,0.9315036535263062,0.83623206615448,0.8360064625740051,0.8893961310386658,0.9708543419837952,0.8878496289253235,1
BSU29770,BSU29760,1,0.9901835918426514,0.9486285448074341,0.9364904761314392,0.9802097082138062,0.9696553349494934,0.9913668036460876,0.9693230390548706,0.9676003456115723,0.9584093689918518,0.9844366312026978,0.9696303844451905,1
BSU29190,BSU29180,1,0.9556161761283875,0.9499607682228088,0.9362648725509644,0.9699910283088684,0.9736059308052063,0.9816766977310181,0.9750723242759705,0.9623027443885803,0.9830367565155029,0.9898209571838379,0.9677348256111145,1
BSU29110,BSU29100,1,0.970089852809906,0.9572224617004395,0.9669501185417175,0.9747453927993774,0.9731553196907043,0.9808880090713501,0.9772054553031921,0.9762473702430725,0.9568744897842407,0.9519992470741272,0.9685377717018128,1
BSU28990,BSU28980,1,0.9208720922470093,0.9610298275947571,0.9442883133888245,0.9870989322662354,0.9575831294059753,0.9800506830215454,0.9779218435287476,0.9772909879684448,0.9840589165687561,0.9937639832496643,0.9683958709239959,1
BSU28980,BSU28970,1,0.9749726057052612,0.9674413204193115,0.9546477794647217,0.9712170958518982,0.9644854068756104,0.9848675727844238,0.9373917579650879,0.988953709602356,0.9653833508491516,0.9733618497848511,0.9682722449302673,1
BSU28970,BSU28960,1,0.970810055732727,0.9396600127220154,0.8550650477409363,0.9644810557365417,0.9591814279556274,0.9601880311965942,0.9348732233047485,0.9560449123382568,0.9852988123893738,0.987853467464447,0.9513456046581268,1
BSU28800,BSU28790,1,0.9782217144966125,0.9732623100280762,0.9460098743438721,0.9762459397315979,0.9629767537117004,0.9788815975189209,0.9720888137817383,0.9762963652610779,0.9884077310562134,0.9938237071037292,0.9746214807033539,1
BSU28790,BSU28780,1,0.9322486519813538,0.9506831169128418,0.9011105895042419,0.9669191837310791,0.9007875323295593,0.9722110629081726,0.9386120438575745,0.9551581740379333,0.9553481340408325,0.9881262183189392,0.9461204707622528,1
BSU28780,BSU28770,1,0.9545130133628845,0.9744526743888855,0.9639464616775513,0.9735838770866394,0.9868573546409607,0.9838593006134033,0.970579206943512,0.9417471289634705,0.9860403537750244,0.9908134341239929,0.9726392805576325,1
BSU28770,BSU28760,1,0.9481370449066162,0.9408274292945862,0.9337407350540161,0.9595952033996582,0.975858211517334,0.9718795418739319,0.9511654376983643,0.9752506613731384,0.9482892155647278,0.9261268973350525,0.9530870378017425,1
BSU28760,BSU28750,1,0.9456433057785034,0.8399235606193542,0.8611060380935669,0.9836719632148743,0.5654566884040833,0.974295437335968,0.941605806350708,0.8199346661567688,0.977744996547699,0.9224001169204712,0.8831782579421997,1
BSU28750,BSU28740,1,0.9465699791908264,0.9017553329467773,0.864734947681427,0.9533369541168213,0.9103297591209412,0.9524489045143127,0.9405292272567749,0.9384344816207886,0.9528002738952637,0.9013871550559998,0.9262327015399933,1
BSU28740,BSU28730,1,0.932686984539032,0.8953288793563843,0.9353970885276794,0.9545671939849854,0.8744328022003174,0.9392212629318237,0.8810327053070068,0.8738460540771484,0.8492419719696045,0.8960891366004944,0.9031844079494477,1
BSU28730,BSU28720,1,0.9222593307495117,0.9422597885131836,0.8966741561889648,0.9559426307678223,0.6127017736434937,0.9870086312294006,0.9623633027076721,0.9189799427986145,0.9252431392669678,0.9746303558349609,0.9098063051700592,1
BSU28450,BSU28440,1,0.8801695108413696,0.9134695529937744,0.8454022407531738,0.8992981314659119,0.9022817015647888,0.9414788484573364,0.9248272180557251,0.8896200060844421,0.945269763469696,0.8892342448234558,0.9031051218509674,1
BSU28440,BSU28430,1,0.9751250743865967,0.9799169898033142,0.9513803124427795,0.9626895785331726,0.9822589755058289,0.9764440059661865,0.9698680639266968,0.9774670600891113,0.9741522073745728,0.9914661645889282,0.9740768432617187,1
BSU28170,BSU28160,1,0.9920364618301392,0.9822882413864136,0.95157390832901,0.9897624254226685,0.9797754883766174,0.9884220957756042,0.9767162203788757,0.98977130651474,0.9919503927230835,0.9960459470748901,0.9838342487812042,1
BSU28160,BSU28150,1,0.9732069373130798,0.9215946197509766,0.8658507466316223,0.9501971006393433,0.9427066445350647,0.9738537669181824,0.9615363478660583,0.9544257521629333,0.9814400672912598,0.981721043586731,0.9506533026695252,1
BSU28150,BSU28140,1,0.9582395553588867,0.9547645449638367,0.9667844176292419,0.9793716073036194,0.9482192397117615,0.9705207943916321,0.9346522688865662,0.9668210744857788,0.8050076365470886,0.9058468341827393,0.9390227973461152,1
BSU28140,BSU28130,1,0.9707034230232239,0.9635006189346313,0.9644350409507751,0.9778130650520325,0.9281865954399109,0.96403568983078,0.950463056564331,0.9556801915168762,0.805387556552887,0.9203665852546692,0.9400571823120117,1
BSU28130,BSU28120,1,0.9595113396644592,0.955055832862854,0.9159104824066162,0.9735731482505798,0.9669210314750671,0.9793128967285156,0.9771994948387146,0.9666165113449097,0.9836166501045227,0.9825633764266968,0.9660280764102935,1
BSU28030,BSU28020,1,0.9883571863174438,0.9867516160011292,0.955588161945343,0.9816839694976807,0.9829686284065247,0.9884181022644043,0.9723403453826904,0.9924865365028381,0.9920336008071899,0.9927957653999329,0.9833423912525177,1
BSU28020,BSU28010,1,0.9698377847671509,0.9209722876548767,0.9625629782676697,0.9701159000396729,0.9221330285072327,0.9519937038421631,0.9491479396820068,0.9797218441963196,0.8856521844863892,0.8824716210365295,0.9394609272480011,1
BSU28010,BSU28000,1,0.9485602974891663,0.9300416111946106,0.8750395178794861,0.9061149954795837,0.9266279935836792,0.9652268290519714,0.9520438313484192,0.882272481918335,0.8538413047790527,0.9787014126777649,0.9218470275402069,1
BSU28000,BSU27990,1,0.988813579082489,0.9734776616096497,0.9731347560882568,0.9879969954490662,0.982137143611908,0.9887686371803284,0.9812774062156677,0.9909374713897705,0.9920971393585205,0.9870586395263672,0.9845699429512024,1
BSU27990,BSU27980,0,0.8433077335357666,0.5736865401268005,0.8454789519309998,0.8764867782592773,0.9675816893577576,0.7487154603004456,0.9512012004852295,0.8697750568389893,0.5632201433181763,0.7285642623901367,0.7968017816543579,1
BSU27980,BSU27970,1,0.9435709118843079,0.915479838848114,0.9701744914054871,0.9506545662879944,0.9388964772224426,0.9423984289169312,0.8758735060691833,0.9401735663414001,0.8562822937965393,0.8944518566131592,0.9227955937385559,1
BSU27930,BSU27920,1,0.6049732565879822,0.6888781189918518,0.6935661435127258,0.9084237813949585,0.23360849916934967,0.7505149841308594,0.786215603351593,0.5287408232688904,0.36718180775642395,0.41591283679008484,0.5978015854954719,1
BSU27070,BSU27060,1,0.9516417980194092,0.9342817068099976,0.9461721181869507,0.976628303527832,0.9565428495407104,0.9694601893424988,0.9801443815231323,0.9552817344665527,0.9629924893379211,0.957926332950592,0.9591071903705597,1
BSU27060,BSU27050,1,0.8710507750511169,0.8978357315063477,0.8738479018211365,0.9219878911972046,0.9253289699554443,0.9525860548019409,0.9324225187301636,0.8650184869766235,0.9584969878196716,0.9524383544921875,0.9151013672351838,1
BSU27050,BSU27040,1,0.9363211393356323,0.9021561741828918,0.8998932242393494,0.9739353060722351,0.9617902040481567,0.9872225522994995,0.9778123497962952,0.920552670955658,0.983139157295227,0.8767629265785217,0.9419585704803467,1
BSU26720,BSU26710,1,0.9623176455497742,0.9682310223579407,0.8928297162055969,0.9758063554763794,0.97917240858078,0.9722270965576172,0.9747545719146729,0.9652205109596252,0.9897968769073486,0.9915907979011536,0.9671947002410889,1
BSU26710,BSU26700,1,0.9666010737419128,0.9491515159606934,0.9569164514541626,0.9662160277366638,0.9079834222793579,0.9560356736183167,0.9570901989936829,0.9467846751213074,0.8138306736946106,0.913492739200592,0.93341024518013,1
BSU26700,BSU26690,1,0.846668004989624,0.9071961641311646,0.7487001419067383,0.9125444293022156,0.8880934119224548,0.9164648056030273,0.8001920580863953,0.8801214098930359,0.8118197917938232,0.990561306476593,0.8702361524105072,1
BSU26690,BSU26680,1,0.9198576211929321,0.9134607315063477,0.9027345776557922,0.9521649479866028,0.9644632339477539,0.9560527205467224,0.9303368330001831,0.9525368809700012,0.8772076964378357,0.9607688188552856,0.9329584062099456,1
BSU25810,BSU25800,1,0.8921642899513245,0.6414598226547241,0.7653557658195496,0.868403434753418,0.2750420868396759,0.9035983085632324,0.7394158244132996,0.4730836749076843,0.5018786191940308,0.8936694264411926,0.6954071253538132,1
BSU25800,BSU25790,1,0.9119023680686951,0.9105731248855591,0.8850998878479004,0.920019268989563,0.8655570149421692,0.9385378956794739,0.9161887764930725,0.9409704804420471,0.9668936729431152,0.8400112986564636,0.9095753788948059,1
BSU25790,BSU25780,1,0.9751970171928406,0.985372006893158,0.958460807800293,0.9905744194984436,0.985541045665741,0.9924529194831848,0.9828002452850342,0.9505004286766052,0.9963662624359131,0.9971486926078796,0.9814413845539093,1
BSU25510,BSU25500,1,0.9328104257583618,0.9807127714157104,0.9066393971443176,0.9732255339622498,0.9328036308288574,0.9721707701683044,0.9475082755088806,0.891200602054596,0.8144204020500183,0.8318065404891968,0.9183298349380493,1
BSU25500,BSU25490,0,0.7050803303718567,0.827879011631012,0.7781097292900085,0.7479832172393799,0.46892544627189636,0.8583702445030212,0.7620550990104675,0.771111011505127,0.7595517039299011,0.8111739754676819,0.7490239769220353,1
BSU25490,BSU25480,1,0.9533212780952454,0.9203648567199707,0.8334214687347412,0.9355298280715942,0.9332892894744873,0.9564914107322693,0.9396877288818359,0.8880717158317566,0.9553422927856445,0.9662875533103943,0.928180742263794,1
BSU25480,BSU25470,1,0.9828358888626099,0.9841383695602417,0.9291796088218689,0.9838382601737976,0.9442974328994751,0.9846822619438171,0.9800373315811157,0.9851417541503906,0.9884951710700989,0.9976515173912048,0.976029759645462,1
BSU25470,BSU25460,1,0.6569738984107971,0.5064579248428345,0.43870842456817627,0.6093170642852783,0.08502404391765594,0.22833554446697235,0.31309062242507935,0.4025577902793884,0.35963329672813416,0.7455518841743469,0.43456504940986634,0
BSU25460,BSU25450,1,0.9853001832962036,0.9910280108451843,0.9612298607826233,0.9920192956924438,0.9862584471702576,0.9840989708900452,0.9817113280296326,0.9920486211776733,0.9899269938468933,0.995175302028656,0.9858797013759613,1
BSU25450,BSU25440,1,0.9907276034355164,0.9869859218597412,0.9474277496337891,0.9950088858604431,0.9887816309928894,0.9822996258735657,0.9873613119125366,0.9872739911079407,0.9903120398521423,0.9984388947486877,0.9854617655277252,1
BSU25440,BSU25430,1,0.9603791236877441,0.9451529383659363,0.9554179310798645,0.9638038873672485,0.9655554294586182,0.9783057570457458,0.9543664455413818,0.9853229522705078,0.9591352343559265,0.9553345441818237,0.9622774243354797,1
BSU25230,BSU25210,1,0.8837029933929443,0.9605096578598022,0.8668801188468933,0.9529922604560852,0.9545073509216309,0.9524438977241516,0.9200718998908997,0.9171196222305298,0.9167096018791199,0.9712699055671692,0.9296207308769227,1
BSU25210,BSU25200,1,0.8645312786102295,0.819002628326416,0.7742719650268555,0.9055851697921753,0.6488742232322693,0.9411988854408264,0.929473876953125,0.9164325594902039,0.7931033968925476,0.9676587581634521,0.85601327419281,1
BSU24990,BSU24980,1,0.9028162956237793,0.8272287845611572,0.7601921558380127,0.8891341090202332,0.4839070737361908,0.9269104599952698,0.8012487292289734,0.6955937743186951,0.8178104162216187,0.8755667209625244,0.7980408519506454,1
BSU24980,BSU24970,1,0.9682422280311584,0.9131354093551636,0.9660741090774536,0.9504846930503845,0.9776618480682373,0.9694938659667969,0.9567640423774719,0.9691565632820129,0.9719629883766174,0.9738814234733582,0.9616857171058655,1
BSU24970,BSU24960,1,0.9512653946876526,0.9211012125015259,0.8624359965324402,0.9501487016677856,0.97898930311203,0.9362201690673828,0.9127112030982971,0.962662398815155,0.8363321423530579,0.9474764466285706,0.9259342968463897,1
BSU24960,BSU24950,1,0.9160414934158325,0.9696729183197021,0.8999261260032654,0.9658835530281067,0.9285104870796204,0.9586561322212219,0.9442084431648254,0.921944797039032,0.9791414737701416,0.981791079044342,0.946577650308609,1
BSU24730,BSU24720,1,0.9614058136940002,0.9440563917160034,0.8240298628807068,0.9669179320335388,0.9227380156517029,0.9547833800315857,0.9019932150840759,0.9645076394081116,0.9568930864334106,0.9769964814186096,0.9374321818351745,1
BSU24720,BSU24710,1,0.9075167179107666,0.7201284766197205,0.9130998253822327,0.9628673791885376,0.5971382856369019,0.9544664621353149,0.9232856035232544,0.8314957618713379,0.8266769647598267,0.955732524394989,0.8592408001422882,1
BSU24710,BSU24700,1,0.9483604431152344,0.8617532849311829,0.9554466009140015,0.9349905848503113,0.9673858880996704,0.9636616110801697,0.9422522187232971,0.9609173536300659,0.9429045915603638,0.8803133368492126,0.9357985913753509,1
BSU24700,BSU24690,1,0.9375684261322021,0.8998650908470154,0.9459608793258667,0.9385592341423035,0.9668968319892883,0.9383828043937683,0.9325551390647888,0.93678879737854,0.9159892797470093,0.9364407062530518,0.9349007189273835,1
BSU24690,BSU24680,1,0.8350963592529297,0.8481696844100952,0.7614140510559082,0.8278573751449585,0.8242847919464111,0.9347395896911621,0.8713025450706482,0.8506579399108887,0.8506762981414795,0.9092419147491455,0.8513440549373626,1
BSU24680,BSU24670,1,0.9725483059883118,0.9293289184570312,0.9663279056549072,0.9722392559051514,0.9696255326271057,0.9802993535995483,0.9615334868431091,0.9672208428382874,0.9604175090789795,0.9434678554534912,0.9623008966445923,1
BSU24640,BSU24630,1,0.9325307011604309,0.8543175458908081,0.9282957911491394,0.9628822803497314,0.8421422243118286,0.9125078916549683,0.9223913550376892,0.8648858070373535,0.7389113306999207,0.7694172263145447,0.8728282153606415,1
BSU24630,BSU24620,1,0.87425297498703,0.6428388953208923,0.5795636177062988,0.774364173412323,0.8471182584762573,0.5496948957443237,0.8505526781082153,0.7240309715270996,0.8479395508766174,0.7803542017936707,0.7470710217952728,1
BSU24350,BSU24340,1,0.9702842831611633,0.976321280002594,0.9284163117408752,0.9808841347694397,0.9777944087982178,0.9761778712272644,0.9831619262695312,0.9769250750541687,0.9897396564483643,0.9875631928443909,0.974726814031601,1
BSU24320,BSU24310,1,0.9889569878578186,0.9891248941421509,0.9783647060394287,0.9663907885551453,0.985510528087616,0.9823893308639526,0.9793875217437744,0.9955211281776428,0.9935940504074097,0.9957071542739868,0.9854947090148926,1
BSU24090,BSU24080,1,0.9463450312614441,0.9695667028427124,0.9480164647102356,0.9824360609054565,0.9763122200965881,0.9740323424339294,0.9857192039489746,0.9797377586364746,0.981259822845459,0.9825670123100281,0.9725992619991303,1
BSU24080,BSU24070,1,0.9816044569015503,0.9903552532196045,0.9633926749229431,0.9855405688285828,0.9820870161056519,0.9822441935539246,0.983944296836853,0.9902071952819824,0.9792930483818054,0.9956740736961365,0.9834342777729035,1
BSU24070,BSU24060,1,0.9798929691314697,0.9756928086280823,0.9433344602584839,0.9905865788459778,0.9900797009468079,0.9859685897827148,0.9873921275138855,0.9839106798171997,0.9896328449249268,0.9942598342895508,0.9820750594139099,1
BSU24060,BSU24050,1,0.9485514760017395,0.9783152341842651,0.939167320728302,0.9843140840530396,0.9866200089454651,0.9793789982795715,0.9839408993721008,0.9798097014427185,0.9946947693824768,0.9936407208442688,0.9768433213233948,1
BSU24050,BSU24040,1,0.9715399742126465,0.9855947494506836,0.9431873559951782,0.9842268824577332,0.9657549858093262,0.9812386631965637,0.9767493009567261,0.9646186828613281,0.9899247288703918,0.9823468327522278,0.9745182156562805,1
BSU24040,BSU24030,1,0.9946044087409973,0.9855729937553406,0.9565786123275757,0.9942757487297058,0.9856399893760681,0.9913312196731567,0.9875419735908508,0.9966033697128296,0.9924576878547668,0.9963740110397339,0.9880980014801025,1
BSU23580,BSU23570,1,0.946243405342102,0.9805746674537659,0.9424570798873901,0.9780644774436951,0.9687435626983643,0.9806350469589233,0.9816074967384338,0.9791745543479919,0.9880568385124207,0.9733420014381409,0.9718899130821228,1
BSU23500,BSU23490,1,0.9924298524856567,0.9656786918640137,0.9539331197738647,0.9854990243911743,0.990787148475647,0.9847052693367004,0.9767318367958069,0.9952092170715332,0.9887552261352539,0.9900053143501282,0.9823734700679779,1
BSU23470,BSU23460,1,0.9584614634513855,0.9103530645370483,0.9724801182746887,0.9601952433586121,0.9448449611663818,0.971634030342102,0.9734793901443481,0.9739722013473511,0.9731025099754333,0.9389182925224304,0.9577441275119781,1
BSU23460,BSU23450,1,0.9815077185630798,0.977946400642395,0.963783323764801,0.9919331669807434,0.9901595115661621,0.9873819947242737,0.9840335845947266,0.9746286273002625,0.9942008256912231,0.9973716735839844,0.9842946827411652,1
BSU23280,BSU23270,1,0.9819384813308716,0.9841777086257935,0.9699006676673889,0.9935351014137268,0.9958250522613525,0.9915719032287598,0.9886525273323059,0.9873636364936829,0.9959858655929565,0.9963526129722595,0.9885303556919098,1
BSU23270,BSU23260,1,0.951887845993042,0.8638837933540344,0.9242627620697021,0.9724088907241821,0.8359313011169434,0.8776331543922424,0.8766084313392639,0.752828061580658,0.9641425609588623,0.9820489883422852,0.9001635789871216,1
BSU23260,BSU23250,1,0.9698782563209534,0.9751344919204712,0.9502933621406555,0.982353925704956,0.9781428575515747,0.9833652377128601,0.9680641889572144,0.9719851016998291,0.9708459973335266,0.990088164806366,0.9740151584148407,1
BSU23250,BSU23240,1,0.8661679625511169,0.7865913510322571,0.7888998985290527,0.9166655540466309,0.6944339275360107,0.9458138346672058,0.93551105260849,0.9158586263656616,0.9405918717384338,0.9834212064743042,0.8773955285549164,1
BSU23190,BSU23180,1,0.9092687964439392,0.8861417174339294,0.9369674921035767,0.8974568843841553,0.6971155405044556,0.8935823440551758,0.8370767831802368,0.8534777164459229,0.7009914517402649,0.8118022680282593,0.8423880994319916,1
BSU23180,BSU23170,1,0.7023632526397705,0.6847842335700989,0.8395840525627136,0.8138492107391357,0.7649397253990173,0.7274448275566101,0.8735499382019043,0.603488564491272,0.4455861449241638,0.6333982348442078,0.7088988184928894,1
BSU23170,BSU23160,0,0.8360938429832458,0.4940304458141327,0.7171621322631836,0.6428380012512207,0.508584201335907,0.5843381881713867,0.7405523657798767,0.5270379781723022,0.5225171446800232,0.6873760223388672,0.6260530322790145,1
BSU23160,BSU23150,1,0.8795022964477539,0.796319305896759,0.8021742701530457,0.8240878582000732,0.7885409593582153,0.928636372089386,0.8934066295623779,0.7255757451057434,0.8405683636665344,0.7316329479217529,0.8210444748401642,1
BSU23150,BSU23140,1,0.9778585433959961,0.9486097097396851,0.9604631662368774,0.9832040667533875,0.9830877184867859,0.9862459897994995,0.9787540435791016,0.9918404221534729,0.9844375848770142,0.9798456430435181,0.9774346888065338,1
BSU23140,BSU23130,1,0.9785045981407166,0.9754920601844788,0.9326768517494202,0.9813998341560364,0.9810819029808044,0.9772889614105225,0.9671378135681152,0.9833283424377441,0.9907721281051636,0.9968141913414001,0.9764496684074402,1
BSU23130,BSU23120,1,0.7676659822463989,0.6657319664955139,0.7370833158493042,0.9192270040512085,0.884958803653717,0.9257738590240479,0.8627433776855469,0.9541045427322388,0.9682410359382629,0.9661656618118286,0.8651695549488068,1
BSU23120,BSU23110,1,0.9880052208900452,0.9498130083084106,0.9567535519599915,0.9873964786529541,0.9656761288642883,0.9746818542480469,0.9769802093505859,0.9882590770721436,0.9530842304229736,0.9874289631843567,0.9728078722953797,1
BSU22930,BSU22920,1,0.9732761383056641,0.9512225985527039,0.8521226048469543,0.9737732410430908,0.9619737267494202,0.9380958080291748,0.9603987336158752,0.9449299573898315,0.9744938015937805,0.992882490158081,0.9523169100284576,1
BSU22790,BSU22780,0,0.6028121709823608,0.25002992153167725,0.31227007508277893,0.3032822906970978,0.11987599730491638,0.07004618644714355,0.1602438986301422,0.07515554130077362,0.13655978441238403,0.30978304147720337,0.2340058907866478,0
BSU22780,BSU22770,1,0.9723063707351685,0.9614322185516357,0.9707034230232239,0.9789080023765564,0.9671364426612854,0.9800772070884705,0.9820387959480286,0.9756478071212769,0.9826977849006653,0.9777637124061584,0.974871176481247,1
BSU22770,BSU22760,0,0.7257588505744934,0.6564931869506836,0.5737859606742859,0.7999066114425659,0.5575186610221863,0.6750004291534424,0.6362693309783936,0.6910403966903687,0.5172151923179626,0.7556964159011841,0.6588685035705566,1
BSU22760,BSU22750,1,0.9934313893318176,0.9919376373291016,0.9817102551460266,0.9939607381820679,0.9916976690292358,0.9910556674003601,0.9911041259765625,0.9879232048988342,0.9956757426261902,0.9984676241874695,0.9916964054107666,1
BSU22750,BSU22740,1,0.9375762343406677,0.9716576933860779,0.9585689902305603,0.9636510014533997,0.9679692387580872,0.9746877551078796,0.8911324143409729,0.938123881816864,0.7336618304252625,0.8732852935791016,0.9210314333438874,1
BSU22680,BSU22670,1,0.9616992473602295,0.9269520044326782,0.9598956108093262,0.9653180837631226,0.9107635617256165,0.9644359350204468,0.9382298588752747,0.9513342380523682,0.9098517894744873,0.9115884900093079,0.9400068819522858,1
BSU22670,BSU22650,1,0.08931250870227814,0.14776624739170074,0.06388518959283829,0.1983068436384201,0.05653345584869385,0.19781844317913055,0.09381593763828278,0.06058429554104805,0.05929357558488846,0.11226387321949005,0.1079580370336771,0
BSU22650,BSU22640,1,0.9581125378608704,0.9745354056358337,0.9634639024734497,0.9755184650421143,0.9249688982963562,0.972478985786438,0.9593686461448669,0.9694435596466064,0.897117018699646,0.9441443085670471,0.9539151728153229,1
BSU22640,BSU22630,1,0.8200380802154541,0.8155894875526428,0.9450774192810059,0.9472881555557251,0.22266240417957306,0.7185572385787964,0.49261704087257385,0.26149439811706543,0.10510684549808502,0.6042404770851135,0.5932671546936035,1
BSU22560,BSU22550,1,0.9925255179405212,0.9877854585647583,0.974975049495697,0.9952520728111267,0.9959514737129211,0.9893922209739685,0.9894285202026367,0.9957514405250549,0.9954429268836975,0.9986788034439087,0.9915183484554291,1
BSU22550,BSU22540,1,0.9884008765220642,0.9814845323562622,0.9589014053344727,0.9909569621086121,0.994454562664032,0.9927623867988586,0.9872189164161682,0.9884657263755798,0.9890170097351074,0.9934027791023254,0.9865065157413483,1
BSU22120,BSU22110,1,0.9687517285346985,0.8730548620223999,0.9043949246406555,0.9531155824661255,0.9859205484390259,0.948702871799469,0.9373432993888855,0.9723295569419861,0.9851240515708923,0.9776835441589355,0.9506420969963074,1
BSU22110,BSU22100,1,0.975264847278595,0.9909156560897827,0.9305932521820068,0.9797636866569519,0.9673295021057129,0.9827440977096558,0.9669447541236877,0.9748072624206543,0.9904147386550903,0.9973378777503967,0.9756115674972534,1
BSU22100,BSU22090,1,0.9827189445495605,0.9745374917984009,0.9369401335716248,0.9813862442970276,0.9813287854194641,0.97916579246521,0.9730493426322937,0.988047182559967,0.9826316833496094,0.9837791919708252,0.9763584792613983,1
BSU22070,BSU22060,1,0.9763546586036682,0.969312846660614,0.9777958989143372,0.9784536957740784,0.9826908707618713,0.9780411720275879,0.980330228805542,0.9944333434104919,0.9755957126617432,0.9716656804084778,0.9784674108028412,1
BSU19770,BSU19760,1,0.7489612698554993,0.7250046133995056,0.7264353036880493,0.7947433590888977,0.8171895146369934,0.9129981398582458,0.7114946842193604,0.8229309916496277,0.8879103064537048,0.9520606398582458,0.809972882270813,1
BSU19760,BSU19750,1,0.9548967480659485,0.9614271521568298,0.9158118963241577,0.9715410470962524,0.9578745365142822,0.9656923413276672,0.9427134990692139,0.9736949801445007,0.9832011461257935,0.980012834072113,0.9606866180896759,1
BSU19370,BSU19360,1,0.9882418513298035,0.9834889769554138,0.9386288523674011,0.9836774468421936,0.9868577122688293,0.9857244491577148,0.9783709645271301,0.9904860854148865,0.9862606525421143,0.9964842796325684,0.9818221271038056,1
BSU18480,BSU18470,1,0.9886205792427063,0.988862931728363,0.9628406167030334,0.9875369668006897,0.9651795625686646,0.979963481426239,0.9793915748596191,0.9769235849380493,0.9543420076370239,0.9973644018173218,0.978102570772171,1
BSU18470,BSU18450,0,0.0525069385766983,0.06429684907197952,0.09243765473365784,0.1713305413722992,0.05686042830348015,0.11229171603918076,0.08718426525592804,0.03884414955973625,0.04934718832373619,0.05914385989308357,0.07842435911297799,0
BSU18450,BSU18440,1,0.9295286536216736,0.9454920291900635,0.8878833055496216,0.9611452221870422,0.914399266242981,0.9819450378417969,0.9643985629081726,0.9876403212547302,0.8798565864562988,0.9556317925453186,0.9407920777797699,1
BSU13690,BSU13680,1,0.9824013710021973,0.9755184650421143,0.9564710259437561,0.9872599840164185,0.9664028882980347,0.9767619967460632,0.9828862547874451,0.9636134505271912,0.9859362840652466,0.9907385110855103,0.9767990231513977,1
BSU13560,BSU13550,1,0.9315477609634399,0.9609411954879761,0.8679234385490417,0.9602126479148865,0.9626019597053528,0.9655559062957764,0.9519267082214355,0.933271586894989,0.9914230704307556,0.959548830986023,0.9484953105449676,1
BSU10720,BSU10710,1,0.9396697282791138,0.9201822280883789,0.8649167418479919,0.9369075298309326,0.9633814096450806,0.9716343879699707,0.9249301552772522,0.8524433374404907,0.9895327091217041,0.9588003754615784,0.9322398602962494,1
BSU10710,BSU10700,1,0.7870263457298279,0.8269683718681335,0.8066811561584473,0.783767819404602,0.7790219187736511,0.9039323925971985,0.8344205021858215,0.5799556970596313,0.8154463171958923,0.6313150525093079,0.7748535573482513,1
BSU10700,BSU10690,1,0.961837112903595,0.9510126113891602,0.972319483757019,0.9805417060852051,0.9297853112220764,0.9891542792320251,0.970621645450592,0.9521492719650269,0.9371265172958374,0.9171609282493591,0.9561708867549896,1
BSU10690,BSU10680,1,0.9428688287734985,0.961262047290802,0.9718765616416931,0.9662699699401855,0.9555825591087341,0.9827262163162231,0.9666917324066162,0.9683778285980225,0.9702584743499756,0.9495716094970703,0.9635485827922821,1
BSU10680,BSU10670,1,0.7585040330886841,0.5881994962692261,0.7611339688301086,0.8028237819671631,0.8428758382797241,0.83476722240448,0.7986029386520386,0.49111440777778625,0.7865831255912781,0.5112307667732239,0.7175835579633713,1
BSU08640,BSU08620,0,0.0041801948100328445,0.004734551068395376,0.010761064477264881,0.003325369441881776,0.0008070305921137333,0.002344086766242981,0.003810528200119734,0.001895676483400166,0.021264027804136276,0.01028791256248951,0.006341044220607728,0
BSU08510,BSU08500,1,0.7806531190872192,0.7957123517990112,0.5648179054260254,0.6919876337051392,0.6432295441627502,0.8258072137832642,0.7157595753669739,0.8211025595664978,0.7780773043632507,0.8664112091064453,0.7483558416366577,1
BSU08500,BSU08490,1,0.9258602261543274,0.9571834206581116,0.811106264591217,0.9226586818695068,0.7523808479309082,0.94441157579422,0.8878209590911865,0.8502428531646729,0.928256094455719,0.9475019574165344,0.8927422881126403,1
BSU08490,BSU08440,0,0.0007414059364236891,0.0005089948535896838,0.006176892668008804,0.00222903024405241,6.731602479703724e-05,0.00022539144265465438,0.0016699995612725616,0.0001666532625677064,0.0008141738944686949,8.803545642876998e-05,0.0012687893344264013,0
BSU08440,BSU08410,0,0.008750887587666512,0.0027089135255664587,0.010390433482825756,0.006232136394828558,9.027084161061794e-05,0.002037312835454941,0.006284432485699654,0.0008338339393958449,0.0012173667782917619,7.251345959957689e-05,0.003861810133093968,0
BSU08410,BSU08400,0,0.8675839900970459,0.7541765570640564,0.7255808115005493,0.562747061252594,0.7298616170883179,0.5488623380661011,0.5843923091888428,0.27831459045410156,0.6833937764167786,0.5305601954460144,0.6265473246574402,1
BSU08400,BSU08380,0,0.03820190951228142,0.014545165933668613,0.05781174823641777,0.055869776755571365,0.007685512769967318,0.06315584480762482,0.02802601270377636,0.05721109360456467,0.06019338220357895,0.05909879505634308,0.04417992415837944,0
BSU08380,BSU08370,1,0.9257742762565613,0.8933447599411011,0.9632673859596252,0.9494315385818481,0.5503261685371399,0.9160399436950684,0.8660213351249695,0.6927016377449036,0.38497301936149597,0.7472628951072693,0.7889142960309983,1
BSU08370,BSU08340,0,0.001477565849199891,0.0007629454485140741,0.0037063127383589745,0.0011538019170984626,9.035169932758436e-05,0.0002704598300624639,0.0009519486920908093,0.00041286300984211266,0.0003953380510210991,9.088096703635529e-05,0.0009312468202551827,0
BSU08340,BSU08170,0,7.10176391294226e-05,0.00026664865436032414,0.001425767783075571,0.000285734684439376,6.916342044860357e-06,3.9039259718265384e-05,0.00021421167184598744,1.0138340257981326e-05,9.123211202677339e-05,8.666635949339252e-06,0.0002419373122847901,0
BSU08170,BSU08160,1,0.9850709438323975,0.9197885394096375,0.9197927713394165,0.9883349537849426,0.9088212251663208,0.9744721055030823,0.9566736817359924,0.8969829082489014,0.9751906394958496,0.9911636710166931,0.9516291439533233,1
BSU08160,BSU08150,1,0.9658529162406921,0.9825372695922852,0.9066071510314941,0.9831859469413757,0.9839916229248047,0.9746962189674377,0.9536973237991333,0.9721884727478027,0.9932491779327393,0.9967489242553711,0.9712755024433136,1
BSU08150,BSU08140,1,0.9529421329498291,0.972793459892273,0.9038742780685425,0.9665561318397522,0.9338549375534058,0.9862439632415771,0.9562180042266846,0.9613117575645447,0.9725564122200012,0.984276294708252,0.9590627372264862,1
BSU08140,BSU08130,1,0.8440003991127014,0.6630256772041321,0.7395628094673157,0.8353040218353271,0.8914440274238586,0.9510471820831299,0.8894672989845276,0.5762346982955933,0.7173009514808655,0.8311847448348999,0.7938571810722351,1
BSU08130,BSU08120,1,0.9384209513664246,0.7442386746406555,0.7972604036331177,0.9066823720932007,0.8971468210220337,0.8400936722755432,0.8480565547943115,0.7511731386184692,0.7850090265274048,0.832802414894104,0.8340884029865265,1
BSU08120,BSU08000,0,0.0001693140366114676,0.0001945616095326841,0.0019080452620983124,0.0004251507925800979,4.677416291087866e-05,8.00585257820785e-05,0.0005089649930596352,2.945848973467946e-05,0.00012048533972119913,4.726920087705366e-05,0.00035300824129080866,0
BSU08000,BSU07990,0,0.9043492078781128,0.8853515982627869,0.9062495231628418,0.9821202754974365,0.9855842590332031,0.8673116564750671,0.9411519765853882,0.9389939308166504,0.9904665946960449,0.9717010259628296,0.9373280048370362,1
BSU07910,BSU07870,0,0.0018160934560000896,0.005865035112947226,0.0057421219535171986,0.0037364764139056206,0.00046753344940952957,0.0051978281699121,0.007682354189455509,0.001581332995556295,0.0019056403543800116,0.01156920287758112,0.0045563618972664695,0
BSU07870,BSU07860,1,0.951201319694519,0.9192836284637451,0.6592981219291687,0.9058595895767212,0.9535623788833618,0.9458997249603271,0.8151825070381165,0.8894636631011963,0.9678118824958801,0.9818917512893677,0.8989454567432403,1
BSU07710,BSU07690,0,0.047472257167100906,0.015616768971085548,0.033032264560461044,0.040880896151065826,0.0019841582980006933,0.07950001955032349,0.05120084434747696,0.008125846274197102,0.019855305552482605,0.11621152609586716,0.041387988696806134,0
BSU07690,BSU07680,1,0.9586127996444702,0.9210718274116516,0.8310881853103638,0.897254467010498,0.9103006720542908,0.9405189156532288,0.9440839886665344,0.7977390885353088,0.8920032978057861,0.9700375199317932,0.9062710762023926,1
BSU07680,BSU07670,0,0.6631098389625549,0.40458253026008606,0.45266976952552795,0.6049392819404602,0.037536025047302246,0.7876430749893188,0.46583834290504456,0.2824302017688751,0.12194902449846268,0.406049907207489,0.42267479971051214,0
BSU07670,BSU07660,1,0.7087892293930054,0.6737363934516907,0.4719548523426056,0.6725571751594543,0.3616271913051605,0.5447096824645996,0.638136625289917,0.256507933139801,0.46850529313087463,0.842191219329834,0.5638715595006942,1
BSU07660,BSU07640,0,0.022940924391150475,0.00621292507275939,0.01779138669371605,0.026547715067863464,0.0033281263895332813,0.004972021095454693,0.001182077219709754,0.0016040005721151829,0.004709174856543541,0.0024261048529297113,0.009171445621177554,0
BSU07640,BSU07530,0,4.648556569009088e-05,6.818199472036213e-05,0.0009442493319511414,0.0001868676918093115,9.69378470472293e-06,2.653043338796124e-05,8.964539301814511e-05,8.612751116743311e-06,0.00010330040822736919,5.948985744907986e-06,0.00014895163403707556,0
BSU07530,BSU07520,1,0.38051146268844604,0.20046788454055786,0.6570678353309631,0.3377012610435486,0.13789117336273193,0.34829097986221313,0.2958953380584717,0.13167229294776917,0.09371121972799301,0.09926212579011917,0.26824715733528137,0
BSU07520,BSU07510,1,0.7249919772148132,0.47177132964134216,0.755425751209259,0.29539644718170166,0.29090532660484314,0.675842821598053,0.4629155099391937,0.4884148836135864,0.5461437106132507,0.848354160785675,0.5560161918401718,1
BSU07510,BSU07500,1,0.9722328782081604,0.9466311931610107,0.9805559515953064,0.9799002408981323,0.9670010805130005,0.9800575375556946,0.978561282157898,0.9654281735420227,0.9688577055931091,0.9611572623252869,0.9700383305549621,1
BSU07500,BSU07490,1,0.963937520980835,0.9727756977081299,0.9621567726135254,0.9837419986724854,0.9598051309585571,0.9809265732765198,0.9893508553504944,0.9787781238555908,0.9871972799301147,0.9765444397926331,0.9755214393138886,1
BSU07490,BSU07460,0,0.021737070754170418,0.0026683006435632706,0.019983742386102676,0.011140504851937294,0.00027299660723656416,0.0022733956575393677,0.008840233087539673,0.005187320522964001,0.0014248460065573454,0.0004381803155411035,0.0073966590833151715,0
BSU07460,BSU07450,1,0.1853899210691452,0.09909819811582565,0.2391575425863266,0.47510096430778503,0.032204918563365936,0.40374988317489624,0.3387751877307892,0.09298142045736313,0.08740217238664627,0.16591402888298035,0.21197742372751235,0
BSU07450,BSU07420,0,0.0048420606181025505,0.0015545773785561323,0.015058816410601139,0.02205403707921505,0.00011579583224374801,0.0035303079057484865,0.00923934392631054,0.0013540113577619195,0.002697630785405636,0.0008206653292290866,0.006126724662317428,0
BSU07420,BSU07340,0,0.0014848638093098998,0.0015975246205925941,0.003287429688498378,0.0010269088670611382,0.00015593149873893708,0.000318787875585258,0.0014353564474731684,0.0001332086103502661,0.0005224565975368023,0.0005597082781605422,0.0010522176293306985,0
BSU07340,BSU07330,0,0.6196938157081604,0.4772501289844513,0.7573215365409851,0.6300253868103027,0.6535258293151855,0.722051203250885,0.6464625597000122,0.4705163240432739,0.5354416966438293,0.5302852392196655,0.6042573720216751,1
BSU07330,BSU07320,0,0.8410035371780396,0.5983684659004211,0.6622541546821594,0.769413948059082,0.7982712388038635,0.9433491826057434,0.7432515025138855,0.6432700753211975,0.7942063212394714,0.8257704973220825,0.7619158923625946,1
BSU06660,BSU06650,1,0.8912057876586914,0.6380289793014526,0.6352502703666687,0.8097493052482605,0.8193845748901367,0.717101514339447,0.7618678212165833,0.49752452969551086,0.7447406649589539,0.7816282510757446,0.7296481698751449,1
BSU04020,BSU03960,0,0.0007822611951269209,0.0006146939122118056,0.0024963419418781996,0.0005570172215811908,5.0932310841744766e-05,0.00012356130173429847,0.0005925523582845926,5.072542990092188e-05,9.342916746390983e-05,0.00015166887897066772,0.0005513183717994252,0
BSU03960,BSU03950,0,0.9895802736282349,0.9773783683776855,0.9513123631477356,0.9904561042785645,0.9842060208320618,0.9921625256538391,0.9862673878669739,0.9893504977226257,0.9888197183609009,0.9979692697525024,0.9847502529621124,1
BSU03950,BSU03940,1,0.9836531281471252,0.9799572229385376,0.9594606161117554,0.9865999221801758,0.9754315614700317,0.9893273711204529,0.9883033633232117,0.9885222911834717,0.988741397857666,0.9898339509963989,0.9829830825328827,1
BSU03870,BSU03860,1,0.9736810326576233,0.9748618602752686,0.920447051525116,0.9787383079528809,0.975427508354187,0.982769787311554,0.9808079600334167,0.9704710245132446,0.9851961135864258,0.955359160900116,0.9697759807109833,1
BSU03860,BSU03850,0,0.31573212146759033,0.2908592224121094,0.4414469003677368,0.6005253195762634,0.1528254598379135,0.36260151863098145,0.3418006896972656,0.2555278539657593,0.06997163593769073,0.4312177896499634,0.3262508511543274,0
BSU03850,BSU03840,1,0.9490212202072144,0.9114428758621216,0.9170108437538147,0.9787117838859558,0.9693233966827393,0.9721358418464661,0.9678548574447632,0.9401094317436218,0.9765529632568359,0.938759982585907,0.952092319726944,1
BSU03840,BSU03790,0,0.0033135470002889633,0.002801066730171442,0.004725717939436436,0.004117968492209911,0.00087455176981166,0.002155767986550927,0.0037808711640536785,0.0019210560712963343,0.0010880496120080352,0.0014546873280778527,0.002623328409390524,0
BSU03610,BSU03600,1,0.9635748267173767,0.9004557728767395,0.9743342995643616,0.9737015962600708,0.9329662919044495,0.9666051864624023,0.9210569858551025,0.9833487272262573,0.8955128788948059,0.8025373816490173,0.9314093947410583,1
BSU03600,BSU03590,1,0.9768140316009521,0.9812684655189514,0.9499452710151672,0.963121235370636,0.9635971188545227,0.9638369679450989,0.959151029586792,0.9509393572807312,0.973624050617218,0.9693310260772705,0.965162855386734,1
BSU03590,BSU03580,0,0.404518187046051,0.10152070969343185,0.2030303031206131,0.31889671087265015,0.0900781974196434,0.08830060809850693,0.1913427859544754,0.20180624723434448,0.09008437395095825,0.08176756650209427,0.17713456898927687,0
BSU03580,BSU03550,0,0.004664489533752203,0.0033409243915230036,0.00887843407690525,0.005901236552745104,0.0004991319146938622,0.0026520476676523685,0.00327281397767365,0.0011230289237573743,0.0011891486356034875,0.0037383814342319965,0.00352596371085383,0
BSU03550,BSU03540,1,0.7998345494270325,0.7403373122215271,0.7875730395317078,0.650357186794281,0.6440150141716003,0.8684340715408325,0.8336466550827026,0.7458406090736389,0.6786008477210999,0.8339398503303528,0.7582579135894776,1
BSU03540,BSU03460,0,0.0008320536580868065,0.004678532015532255,0.003535978961735964,0.0013126275734975934,0.00012349039025139064,0.0003021112352143973,0.0013699945993721485,0.0013727006735280156,0.0006156704039312899,0.0001901325158542022,0.0014333292027004063,0
BSU03430,BSU03420,1,0.9784867167472839,0.9707836508750916,0.9500343799591064,0.9823394417762756,0.9740334153175354,0.9874899387359619,0.9788665771484375,0.9865092039108276,0.9745168089866638,0.9934176802635193,0.9776477813720703,1
BSU03420,BSU03380,0,0.005942775867879391,0.0015756434295326471,0.005258936434984207,0.00641017546877265,0.0005199045990593731,0.0005059557151980698,0.0019550565630197525,0.0005144990282133222,0.00387299875728786,0.0006051590899005532,0.0027161104953847826,0
BSU03380,BSU03370,1,0.9885057806968689,0.9761013388633728,0.9593091011047363,0.9842599630355835,0.9858320355415344,0.9856423139572144,0.9784660339355469,0.9923207759857178,0.9775493144989014,0.9912499189376831,0.981923657655716,1
BSU03370,BSU03320,0,0.006270940415561199,0.0014745881780982018,0.006888039410114288,0.002793507883325219,0.00012095119745936245,0.0005038974923081696,0.002056027762591839,0.0013816759455949068,0.0007871505804359913,0.0002501929411664605,0.002252697180665564,0
BSU03320,BSU03310,1,0.9448485374450684,0.9601390957832336,0.888189971446991,0.9697092175483704,0.9661856293678284,0.9611053466796875,0.932396650314331,0.9745802879333496,0.9693250060081482,0.9817320704460144,0.9548211812973022,1
BSU03310,BSU03300,1,0.5859490036964417,0.5923287868499756,0.7015111446380615,0.5693420171737671,0.37673667073249817,0.681709885597229,0.6058670282363892,0.3584139049053192,0.5446135997772217,0.8409535884857178,0.5857425630092621,1
BSU03300,BSU03290,1,0.9291055202484131,0.9536880850791931,0.9286761283874512,0.9788107872009277,0.9607558846473694,0.9666374921798706,0.9727129936218262,0.9545339941978455,0.9887334108352661,0.9648351073265076,0.959848940372467,1
BSU03290,BSU03280,1,0.9255214333534241,0.8190341591835022,0.8127167224884033,0.8650082945823669,0.9018049836158752,0.8670275211334229,0.8961247205734253,0.8859065771102905,0.8926900625228882,0.9247431755065918,0.879057765007019,1
BSU03280,BSU03260,0,0.034755878150463104,0.007550138980150223,0.06702343374490738,0.03612690046429634,0.001645625103265047,0.02033727429807186,0.02367306686937809,0.010580507107079029,0.020827241241931915,0.007065811660140753,0.022958587761968373,0
BSU03260,BSU03250,1,0.7563900947570801,0.6388595700263977,0.7017812132835388,0.7509937286376953,0.6479722261428833,0.7453846335411072,0.7015708684921265,0.544212818145752,0.5374308228492737,0.730583667755127,0.6755179643630982,1
BSU03250,BSU03240,1,0.9820961952209473,0.9805685877799988,0.9433236718177795,0.9797679781913757,0.9834996461868286,0.9770808219909668,0.9770309329032898,0.9919693470001221,0.9876232147216797,0.9906303286552429,0.9793590724468231,1
BSU03070,BSU03010,0,0.0007089815917424858,0.00022354547400027514,0.0017170404316857457,0.0006253350293263793,4.3738495151046664e-05,1.9796121705439873e-05,0.0004070087743457407,2.392369060544297e-05,9.997358574764803e-05,5.884795427846257e-06,0.00038752279897380504,0
BSU03010,BSU02970,0,0.0007164760609157383,0.001466944464482367,0.0030529017094522715,0.002104598330333829,0.0003521344915498048,0.0010606726864352822,0.0011788023402914405,0.000685374194290489,0.0005284748040139675,0.0005528487381525338,0.0011699227819917724,0
BSU02780,BSU02740,0,0.0006207219557836652,0.0007505699759349227,0.005796357057988644,0.0022954533342272043,0.00071680051041767,0.0005385286640375853,0.0020740339532494545,0.00037764187436550856,0.0011149945203214884,0.000974795431829989,0.001525989727815613,0
BSU02740,BSU02730,0,0.9674699902534485,0.9605046510696411,0.963762104511261,0.9785288572311401,0.9494394659996033,0.8975690007209778,0.9789254665374756,0.9272885322570801,0.8980398178100586,0.9273949265480042,0.944892281293869,1
BSU02220,BSU02210,1,0.9527038335800171,0.9261981248855591,0.9751064777374268,0.9686416983604431,0.9565046429634094,0.9634771943092346,0.964783251285553,0.9571481943130493,0.9616085886955261,0.9275609850883484,0.9553732991218566,1
BSU02210,BSU02200,1,0.8174238801002502,0.6503106355667114,0.7955171465873718,0.8243739604949951,0.7191688418388367,0.448853999376297,0.6455150246620178,0.5721507668495178,0.42908063530921936,0.5873425602912903,0.6489737451076507,1
BSU02200,BSU02190,1,0.9617859721183777,0.6522063612937927,0.8321506381034851,0.8837808966636658,0.667864203453064,0.8550714254379272,0.8718999028205872,0.7474901676177979,0.7026687264442444,0.8901541233062744,0.8065072417259216,1
BSU02190,BSU02140,0,0.002872960641980171,0.0013422371121123433,0.003294345922768116,0.001716130180284381,0.00016743596643209457,0.0003540602920111269,0.0012123971246182919,0.0009701771778054535,0.002618181286379695,0.0003939477901440114,0.0014941873494535684,0
BSU02140,BSU02130,1,0.9253506064414978,0.8723564743995667,0.8690484762191772,0.9314471483230591,0.9411407113075256,0.9544838070869446,0.9680584073066711,0.9571896195411682,0.9030283689498901,0.9605385065078735,0.9282642126083374,1
BSU02130,BSU02110,0,0.004591949284076691,0.0016632977640256286,0.004961663391441107,0.0034352673683315516,7.018147880444303e-05,0.0031813266687095165,0.004690872505307198,0.0005335824680514634,0.001768814749084413,0.0008642556495033205,0.002576121132733533,0
BSU02110,BSU02090,0,0.021931951865553856,0.006560395006090403,0.010552738793194294,0.009678536094725132,0.00023948337184265256,0.002388794207945466,0.005706215277314186,0.006479631178081036,0.00610472122207284,0.005911671090871096,0.007555413810769096,0
BSU02090,BSU02040,0,0.0023321006447076797,0.0016599454684183002,0.003631064435467124,0.0014948906609788537,6.521683098981157e-05,0.0002386654814472422,0.0012292349711060524,0.00014831655425950885,0.00015979137970134616,0.00028477978776209056,0.0011244006214838008,0
BSU02040,BSU02030,1,0.7323877215385437,0.6479546427726746,0.6555871963500977,0.8108087778091431,0.30470964312553406,0.815674901008606,0.7132442593574524,0.5410964488983154,0.5306423306465149,0.7974750399589539,0.6549580961465835,1
BSU02030,BSU01800,0,0.00012386402522679418,0.0001904116797959432,0.0025454149581491947,0.0004686891916207969,5.959706868452486e-06,7.616476796101779e-05,0.0006747242878191173,2.717889947234653e-05,7.080881914589554e-05,2.60604119830532e-05,0.00042092767480426117,0
BSU01640,BSU01630,0,0.8390915393829346,0.8899728655815125,0.801077127456665,0.8519973754882812,0.9535447359085083,0.9262053370475769,0.9077898263931274,0.8738258481025696,0.8243677616119385,0.9359245896339417,0.8803797006607056,1
BSU01630,BSU01620,1,0.9949162602424622,0.9884296655654907,0.9710968136787415,0.9935706257820129,0.9929118752479553,0.9932200312614441,0.9833162426948547,0.9903099536895752,0.9939506649971008,0.9987612962722778,0.9900483429431916,1
BSU01620,BSU01610,1,0.9487879276275635,0.9497556090354919,0.97208571434021,0.9806084632873535,0.945658266544342,0.9756321310997009,0.9586500525474548,0.9819803237915039,0.9178163409233093,0.806743860244751,0.9437718689441681,1
BSU01610,BSU01600,1,0.9624301791191101,0.923843502998352,0.9738510847091675,0.9794028401374817,0.9601083993911743,0.9649792313575745,0.9685603380203247,0.9835712909698486,0.9415687322616577,0.8604480624198914,0.9518763661384583,1
BSU00160,BSU00150,0,0.6839601397514343,0.6864907741546631,0.6310623288154602,0.6108562350273132,0.376414954662323,0.7515078783035278,0.564486563205719,0.3201288878917694,0.7175267338752747,0.8365618586540222,0.6178996354341507,1
BSU00150,BSU00140,1,0.9696173071861267,0.9391288757324219,0.9798148274421692,0.9788812398910522,0.9667906761169434,0.979252278804779,0.9748263359069824,0.9727039933204651,0.9656765460968018,0.954649806022644,0.9681341886520386,1
