name_1,name_2,true,prob_0,prob_1,prob_2,prob_3,prob_4,prob_5,prob_6,prob_7,prob_8,prob_9,prob,pred
LPP_RS00045,LPP_RS00050,1,0.8742173314094543,0.9101524353027344,0.8420307636260986,0.9023930430412292,0.8530768156051636,0.8596107363700867,0.8683420419692993,0.9042320847511292,0.9141600728034973,0.8972650170326233,0.8825480341911316,1
LPP_RS00070,LPP_RS00075,1,0.9335281848907471,0.9496864080429077,0.9733167290687561,0.99267578125,0.9230876564979553,0.9048588871955872,0.9523341059684753,0.886940062046051,0.8471599221229553,0.9678424000740051,0.933143013715744,1
LPP_RS00075,LPP_RS00080,1,0.9910796880722046,0.9890012145042419,0.9857808947563171,0.9858294725418091,0.9793648719787598,0.9875323176383972,0.9960254430770874,0.9857624173164368,0.9875211715698242,0.9811381697654724,0.9869035661220551,1
LPP_RS00080,LPP_RS00085,1,0.989670991897583,0.9817163944244385,0.9823429584503174,0.9794083833694458,0.9791773557662964,0.9740757942199707,0.9910942912101746,0.9815654158592224,0.9842590093612671,0.9651401042938232,0.9808450698852539,1
LPP_RS00105,LPP_RS00110,1,0.9917635321617126,0.9859112501144409,0.9907271265983582,0.9889896512031555,0.9835275411605835,0.9814185500144958,0.9962220788002014,0.9901806712150574,0.9895695447921753,0.9737637042999268,0.9872073650360107,1
LPP_RS00240,LPP_RS00245,1,0.9890148639678955,0.9848549962043762,0.979546070098877,0.9890353679656982,0.9672248959541321,0.9732192754745483,0.9951274991035461,0.9824197888374329,0.9769147634506226,0.9851908683776855,0.9822548389434814,1
LPP_RS00245,LPP_RS00250,1,0.9016216993331909,0.9381042122840881,0.9637365937232971,0.9264165759086609,0.9431127905845642,0.9388105869293213,0.9917410612106323,0.8979299664497375,0.899766206741333,0.8992294073104858,0.9300469100475312,1
LPP_RS00295,LPP_RS00300,1,0.9769678115844727,0.9344901442527771,0.9590061902999878,0.955341637134552,0.9406181573867798,0.9655237793922424,0.9770174622535706,0.9089559316635132,0.9145870208740234,0.8713327050209045,0.9403840839862824,1
LPP_RS00365,LPP_RS00370,1,0.9909569621086121,0.9717941880226135,0.9817957878112793,0.990770161151886,0.9697539210319519,0.9885587096214294,0.9901414513587952,0.9822193384170532,0.9874091744422913,0.9802553057670593,0.9833654999732971,1
LPP_RS00385,LPP_RS00390,1,0.987835705280304,0.9907181859016418,0.976324200630188,0.9833865761756897,0.982556164264679,0.9871720671653748,0.9853811860084534,0.9762693643569946,0.9883804321289062,0.9881902933120728,0.9846214175224304,1
LPP_RS00390,LPP_RS00395,1,0.9772635698318481,0.9723120927810669,0.9559903144836426,0.9218370914459229,0.9703928232192993,0.9692918062210083,0.9844077825546265,0.9755325317382812,0.9759592413902283,0.9695342183113098,0.9672521471977233,1
LPP_RS00455,LPP_RS00460,1,0.6725886464118958,0.7231613993644714,0.775510847568512,0.5769367814064026,0.6268783807754517,0.851851224899292,0.8530458807945251,0.41613802313804626,0.6358311176300049,0.6906107068061829,0.6822553008794785,1
LPP_RS00460,LPP_RS00465,0,0.9869234561920166,0.9731345176696777,0.9690208435058594,0.9672019481658936,0.9293193817138672,0.9823334813117981,0.9762486219406128,0.968043863773346,0.9831302762031555,0.9682826399803162,0.9703639030456543,1
LPP_RS00465,LPP_RS00470,1,0.9896451234817505,0.9719639420509338,0.9710010290145874,0.9658637642860413,0.9661287069320679,0.9853426218032837,0.9851060509681702,0.9744660258293152,0.9873936772346497,0.9662164449691772,0.9763127386569976,1
LPP_RS00535,LPP_RS00540,1,0.992691159248352,0.9855469465255737,0.9891839623451233,0.982118546962738,0.9727329015731812,0.9885699152946472,0.9921978712081909,0.9886623024940491,0.983476996421814,0.987815797328949,0.9862996399402618,1
LPP_RS00540,LPP_RS00545,1,0.9925258755683899,0.9863119125366211,0.9884361624717712,0.9887872934341431,0.9689663052558899,0.9903436899185181,0.9932568669319153,0.9900763630867004,0.9882069826126099,0.9864153861999512,0.987332683801651,1
LPP_RS00545,LPP_RS00550,1,0.9236955046653748,0.9486870169639587,0.9921508431434631,0.9596518278121948,0.9306564331054688,0.9033495783805847,0.9666765332221985,0.8624325394630432,0.7937803864479065,0.9689422845840454,0.9250022947788239,1
LPP_RS00620,LPP_RS00625,1,0.9918873906135559,0.9807299375534058,0.9952968955039978,0.995244026184082,0.9786829352378845,0.982620120048523,0.998235821723938,0.9863848090171814,0.9750148057937622,0.9905881285667419,0.9874684870243072,1
LPP_RS00680,LPP_RS00685,1,0.9854506254196167,0.9843919277191162,0.9848149418830872,0.9898473024368286,0.9610844850540161,0.9640763998031616,0.9985008239746094,0.9827803373336792,0.9734529256820679,0.9839370250701904,0.9808336794376373,1
LPP_RS00740,LPP_RS00745,1,0.9897584319114685,0.9680961966514587,0.985198974609375,0.9842696189880371,0.9617990255355835,0.9733232259750366,0.9847477674484253,0.9791972041130066,0.9863852858543396,0.9714297652244568,0.9784205496311188,1
LPP_RS00790,LPP_RS00795,1,0.9889776110649109,0.976916491985321,0.9707062244415283,0.9677190780639648,0.95658278465271,0.9865092039108276,0.9711430072784424,0.9744827747344971,0.9786671996116638,0.9782590270042419,0.9749963402748107,1
LPP_RS00795,LPP_RS00800,1,0.9888560175895691,0.9531845450401306,0.9786878824234009,0.975412130355835,0.9553825259208679,0.986843466758728,0.9819812178611755,0.9680283069610596,0.953617513179779,0.9763374328613281,0.9718331038951874,1
LPP_RS00800,LPP_RS00805,1,0.9889519214630127,0.98431795835495,0.9819132089614868,0.9844925999641418,0.9688501954078674,0.9953069090843201,0.9828697443008423,0.9881365895271301,0.9845080971717834,0.9888902902603149,0.984823751449585,1
LPP_RS00900,LPP_RS00905,1,0.9901778101921082,0.9814369082450867,0.9826587438583374,0.984655499458313,0.9674966335296631,0.9942948222160339,0.9799285531044006,0.9874165058135986,0.987564742565155,0.9876757264137268,0.9843305945396423,1
LPP_RS00905,LPP_RS00910,1,0.5379099249839783,0.5330448746681213,0.4151187539100647,0.49050405621528625,0.5514426231384277,0.652981162071228,0.33739033341407776,0.5499585866928101,0.43238499760627747,0.7729569673538208,0.5273692280054092,1
LPP_RS00910,LPP_RS00915,1,0.977023720741272,0.9811187386512756,0.9632641673088074,0.9871363043785095,0.9632235169410706,0.9599953293800354,0.9884844422340393,0.9720860123634338,0.9563503861427307,0.9773044586181641,0.9725987076759338,1
LPP_RS00950,LPP_RS00955,1,0.989184558391571,0.9748537540435791,0.974842369556427,0.979242742061615,0.9542557001113892,0.9909308552742004,0.9656153321266174,0.9823272228240967,0.9841585755348206,0.98393714427948,0.9779348254203797,1
LPP_RS00955,LPP_RS00960,0,0.6728504300117493,0.43214574456214905,0.6460709571838379,0.1058020368218422,0.668418288230896,0.6424459218978882,0.6803468465805054,0.41861167550086975,0.46694210171699524,0.392577201128006,0.5126211203634738,1
LPP_RS00960,LPP_RS00965,1,0.9894979000091553,0.9783177971839905,0.9768533706665039,0.9797475337982178,0.9617882966995239,0.9927440285682678,0.9739053249359131,0.9841963648796082,0.9840466380119324,0.9861478209495544,0.9807245075702667,1
LPP_RS01150,LPP_RS01155,1,0.9882304668426514,0.9694221615791321,0.9710979461669922,0.969326376914978,0.9395475387573242,0.9877039194107056,0.9670873284339905,0.9759373664855957,0.9837374091148376,0.977127730846405,0.9729218244552612,1
LPP_RS01155,LPP_RS01160,1,0.9854225516319275,0.9662501215934753,0.9669986963272095,0.9709208011627197,0.9276607036590576,0.9841221570968628,0.9532172679901123,0.9768685102462769,0.9826174974441528,0.9753416776657104,0.9689419984817504,1
LPP_RS01160,LPP_RS01165,1,0.9851897954940796,0.9602804183959961,0.9674303531646729,0.9638176560401917,0.9126440286636353,0.9823435544967651,0.9423055052757263,0.9634019732475281,0.9850009679794312,0.9679303169250488,0.9630344569683075,1
LPP_RS01165,LPP_RS01170,1,0.9838960766792297,0.9411493539810181,0.957899808883667,0.9501456618309021,0.9227972030639648,0.9656190276145935,0.9741535186767578,0.9685065746307373,0.9787088632583618,0.9638329744338989,0.9606709063053132,1
LPP_RS01210,LPP_RS01215,1,0.9289393424987793,0.949483335018158,0.9703353047370911,0.9785192608833313,0.9615024328231812,0.9355194568634033,0.9893086552619934,0.9061465263366699,0.8594090938568115,0.9804407954216003,0.945960420370102,1
LPP_RS01265,LPP_RS01270,1,0.990624725818634,0.9774084091186523,0.9756994247436523,0.9769170880317688,0.9625300168991089,0.9916753172874451,0.9747838973999023,0.9829830527305603,0.9827300906181335,0.9851982593536377,0.9800550282001496,1
LPP_RS01305,LPP_RS01310,1,0.9853013753890991,0.9871330261230469,0.9897932410240173,0.9893625378608704,0.9716615080833435,0.9637627005577087,0.9970763921737671,0.9767255783081055,0.9564868807792664,0.9865715503692627,0.9803874790668488,1
LPP_RS01380,LPP_RS01385,1,0.9719961285591125,0.7655410766601562,0.9627137184143066,0.7812572121620178,0.764288604259491,0.7998926043510437,0.9081514477729797,0.8479254245758057,0.7226376533508301,0.9042994976043701,0.8428703367710113,1
LPP_RS01385,LPP_RS01390,1,0.9910991787910461,0.9771782159805298,0.9750390648841858,0.9767297506332397,0.9625135064125061,0.9904811382293701,0.975591778755188,0.9829648733139038,0.9823743104934692,0.9842444658279419,0.979821628332138,1
LPP_RS01390,LPP_RS01395,1,0.9890195727348328,0.9778345227241516,0.9781937003135681,0.980018675327301,0.961509108543396,0.9932709336280823,0.973845899105072,0.9844274520874023,0.9845383763313293,0.9862916469573975,0.9808949887752533,1
LPP_RS01495,LPP_RS01500,1,0.990249514579773,0.9841499328613281,0.9913815855979919,0.9862475991249084,0.9798980951309204,0.9854125380516052,0.9974940419197083,0.987919807434082,0.9875735640525818,0.9926332831382751,0.9882959961891175,1
LPP_RS01500,LPP_RS01505,1,0.9919934272766113,0.9896405339241028,0.9907899498939514,0.9862673878669739,0.9821276664733887,0.9867579340934753,0.9959186911582947,0.9815974831581116,0.9878723621368408,0.9892258644104004,0.9882191300392151,1
LPP_RS01505,LPP_RS01510,1,0.8608651161193848,0.8195727467536926,0.979462206363678,0.8591845035552979,0.8691365718841553,0.9178025126457214,0.9141393303871155,0.6938284635543823,0.632314145565033,0.9551811814308167,0.8501486778259277,1
LPP_RS01510,LPP_RS01515,0,0.4332786202430725,0.4931619167327881,0.32424408197402954,0.19484351575374603,0.35354703664779663,0.38130056858062744,0.2534392178058624,0.41519981622695923,0.28539663553237915,0.3937617540359497,0.3528173163533211,0
LPP_RS01515,LPP_RS01520,1,0.6915149092674255,0.5399731397628784,0.7313612699508667,0.6049532294273376,0.7088474035263062,0.8458985686302185,0.6195240616798401,0.5251029133796692,0.7783240079879761,0.804185152053833,0.6849684655666352,1
LPP_RS01570,LPP_RS01575,1,0.9462170004844666,0.9791719913482666,0.983486533164978,0.9810415506362915,0.9644637107849121,0.9820918440818787,0.9795588850975037,0.9851312041282654,0.9729442596435547,0.9690455794334412,0.9743152558803558,1
LPP_RS01575,LPP_RS01580,0,0.5469247698783875,0.525635302066803,0.7798093557357788,0.12423313409090042,0.5464352965354919,0.7568329572677612,0.39411357045173645,0.5083044171333313,0.5493663549423218,0.41889363527297974,0.5150548793375492,1
LPP_RS01580,LPP_RS01585,1,0.6767961382865906,0.7520818114280701,0.8401482701301575,0.6262840628623962,0.7888574004173279,0.7483816742897034,0.9363469481468201,0.7422905564308167,0.6062049865722656,0.5450087189674377,0.7262400567531586,1
LPP_RS01585,LPP_RS01590,1,0.9897782206535339,0.9739196300506592,0.9750394225120544,0.975780189037323,0.9589106440544128,0.9916383624076843,0.9714575409889221,0.9810974597930908,0.9833034873008728,0.9846558570861816,0.9785580813884736,1
LPP_RS01590,LPP_RS01595,1,0.963640570640564,0.968781590461731,0.9647541642189026,0.9792448282241821,0.9410128593444824,0.9514872431755066,0.9811493158340454,0.9704886078834534,0.933229923248291,0.974392294883728,0.9628181397914887,1
LPP_RS01680,LPP_RS01685,1,0.9489105939865112,0.977401077747345,0.9795876145362854,0.9571841359138489,0.9549321532249451,0.962257444858551,0.922219455242157,0.8824451565742493,0.8631138205528259,0.9771483540534973,0.9425199806690217,1
LPP_RS01685,LPP_RS01690,1,0.9894411563873291,0.9845151305198669,0.9904729723930359,0.9942588806152344,0.9812663793563843,0.9871155023574829,0.997734785079956,0.9849017262458801,0.9678916931152344,0.9833648204803467,0.986096304655075,1
LPP_RS01710,LPP_RS01715,1,0.9277626872062683,0.9476925730705261,0.9964203238487244,0.9713348150253296,0.9363506436347961,0.9382595419883728,0.9783158302307129,0.9084887504577637,0.506626546382904,0.9826802015304565,0.9093931913375854,1
LPP_RS01835,LPP_RS01840,1,0.8889055252075195,0.9054052233695984,0.9616646766662598,0.983537495136261,0.9073001742362976,0.8842321038246155,0.91483473777771,0.8379268646240234,0.8072723746299744,0.9537544250488281,0.9044833600521087,1
LPP_RS01840,LPP_RS01845,0,0.9894199371337891,0.9731912016868591,0.9699032306671143,0.9708755612373352,0.9466807246208191,0.9890332818031311,0.9794519543647766,0.9776263236999512,0.9835377335548401,0.9795590043067932,0.9759278953075409,1
LPP_RS01845,LPP_RS01850,1,0.9934031367301941,0.9924484491348267,0.9886263608932495,0.9951084852218628,0.9824889898300171,0.9928560256958008,0.9958916306495667,0.9889246821403503,0.9838643074035645,0.9920346736907959,0.9905646741390228,1
LPP_RS01915,LPP_RS01920,1,0.7751140594482422,0.8913229703903198,0.8956077694892883,0.815880298614502,0.8727353811264038,0.9050297737121582,0.9258769154548645,0.8640016317367554,0.7933975458145142,0.6546697020530701,0.8393636047840118,1
LPP_RS01920,LPP_RS01925,1,0.9915845394134521,0.9905977249145508,0.9827497601509094,0.9928865432739258,0.9708674550056458,0.9815751910209656,0.9959056377410889,0.9827625155448914,0.982027530670166,0.9894009232521057,0.9860357820987702,1
LPP_RS01925,LPP_RS01930,1,0.6468474268913269,0.6864666938781738,0.8252753019332886,0.9213439226150513,0.7802329063415527,0.7437247037887573,0.7331562638282776,0.657929003238678,0.8339410424232483,0.6884745955467224,0.7517391860485076,1
LPP_RS01930,LPP_RS01935,1,0.8941563963890076,0.9260717034339905,0.9946219325065613,0.9855132102966309,0.8844315409660339,0.9406553506851196,0.9381262063980103,0.8177279233932495,0.8997708559036255,0.9681097269058228,0.9249184846878051,1
LPP_RS01935,LPP_RS01940,1,0.9897894859313965,0.9720651507377625,0.9892181754112244,0.9933011531829834,0.9692603945732117,0.9343918561935425,0.9906904101371765,0.9246668815612793,0.9496180415153503,0.8953657746315002,0.9608367323875427,1
LPP_RS02115,LPP_RS02120,1,0.754859209060669,0.6045854687690735,0.5488824248313904,0.5562885999679565,0.72318035364151,0.7432130575180054,0.48769158124923706,0.5139377117156982,0.704882800579071,0.5068492293357849,0.6144370436668396,1
LPP_RS02120,LPP_RS02125,1,0.9921042323112488,0.9909370541572571,0.9834379553794861,0.9874593615531921,0.9734461307525635,0.9915923476219177,0.9924536347389221,0.9880238771438599,0.9893455505371094,0.9892964959144592,0.9878096640110016,1
LPP_RS02125,LPP_RS02130,1,0.9890550971031189,0.9882910251617432,0.9819883704185486,0.9902714490890503,0.9732776284217834,0.9843397736549377,0.9812377095222473,0.9825814366340637,0.9882211685180664,0.9762548208236694,0.983551847934723,1
LPP_RS02130,LPP_RS02135,1,0.9931049942970276,0.990513801574707,0.9842701554298401,0.9877716302871704,0.98153156042099,0.9912806749343872,0.9871389269828796,0.9878353476524353,0.9888730049133301,0.9896151423454285,0.9881935238838195,1
LPP_RS02135,LPP_RS02140,1,0.9898109436035156,0.9879680275917053,0.9752723574638367,0.9819366931915283,0.9729284048080444,0.9938810467720032,0.9685924649238586,0.9827219843864441,0.9916790127754211,0.9905697107315063,0.9835360646247864,1
LPP_RS02140,LPP_RS02165,0,0.0009281456586904824,0.010402094572782516,0.011063184589147568,0.00039604646735824645,0.0015931596281006932,0.003164960304275155,0.003475124714896083,0.0010197237133979797,0.0012653230223804712,6.666214903816581e-05,0.003337442482006736,0
LPP_RS02165,LPP_RS02170,1,0.992185115814209,0.9900168776512146,0.9844570755958557,0.9845205545425415,0.9800153970718384,0.9943878650665283,0.9835537075996399,0.9854547381401062,0.9911576509475708,0.9909377098083496,0.9876686692237854,1
LPP_RS02170,LPP_RS02175,1,0.8764750957489014,0.9007071256637573,0.9402280449867249,0.9794337749481201,0.8956398367881775,0.9044967889785767,0.9455938339233398,0.9050424098968506,0.862876296043396,0.9535341858863831,0.9164027392864227,1
LPP_RS02250,LPP_RS02255,1,0.9857788681983948,0.9900676608085632,0.975212037563324,0.9938834309577942,0.9699487686157227,0.9714743494987488,0.9946003556251526,0.9751999378204346,0.9742158651351929,0.9681494235992432,0.9798530697822571,1
LPP_RS02335,LPP_RS02340,1,0.9900143146514893,0.9866825938224792,0.9715909361839294,0.9787712097167969,0.9636754989624023,0.9907177090644836,0.9564796686172485,0.9791553616523743,0.9877128005027771,0.9880452752113342,0.9792845368385314,1
LPP_RS02365,LPP_RS02370,1,0.9910960793495178,0.98304283618927,0.9839923977851868,0.9815475940704346,0.975634753704071,0.9919948577880859,0.9768346548080444,0.9823166131973267,0.9892510771751404,0.9852098822593689,0.9840920746326447,1
LPP_RS02370,LPP_RS02375,1,0.9768584966659546,0.9690408110618591,0.9729094505310059,0.9801329374313354,0.9560549259185791,0.9535121917724609,0.9881237149238586,0.9789546728134155,0.9625542759895325,0.9736015200614929,0.9711742997169495,1
LPP_RS02375,LPP_RS02380,1,0.9923917651176453,0.9842010736465454,0.9823282957077026,0.9803028702735901,0.9704463481903076,0.992955207824707,0.9856992959976196,0.985399603843689,0.9849947690963745,0.9827962517738342,0.9841515481472015,1
LPP_RS02380,LPP_RS02385,1,0.9804328680038452,0.9643898606300354,0.9862657189369202,0.9828147888183594,0.978110671043396,0.9881014823913574,0.9932265281677246,0.9822545051574707,0.9742810130119324,0.9727159738540649,0.9802593410015106,1
LPP_RS02400,LPP_RS02405,1,0.9864212274551392,0.9851007461547852,0.9745298027992249,0.9697881937026978,0.9730005264282227,0.9931225180625916,0.9777752757072449,0.9694225192070007,0.989577054977417,0.9852109551429749,0.9803948819637298,1
LPP_RS02405,LPP_RS02410,1,0.9893932938575745,0.9864874482154846,0.9851605296134949,0.9870564341545105,0.9728224277496338,0.9896273016929626,0.9737399220466614,0.9870744347572327,0.987633228302002,0.9881591796875,0.9847154200077057,1
LPP_RS02410,LPP_RS02415,1,0.9909185767173767,0.9882171154022217,0.9742228388786316,0.9824144840240479,0.9639147520065308,0.9895106554031372,0.9502991437911987,0.9841181635856628,0.989414393901825,0.9901634454727173,0.9803193569183349,1
LPP_RS02415,LPP_RS02420,1,0.9929820895195007,0.982024610042572,0.9815163612365723,0.9842551350593567,0.9716887474060059,0.9913872480392456,0.9865328669548035,0.9849153757095337,0.9822933077812195,0.9846031665802002,0.984219890832901,1
LPP_RS02420,LPP_RS02425,1,0.9619479179382324,0.9363453984260559,0.9881450533866882,0.9769903421401978,0.9650073647499084,0.971923828125,0.9777573347091675,0.9270187616348267,0.89528888463974,0.9847277402877808,0.9585152626037597,1
LPP_RS02475,LPP_RS02480,1,0.9921442866325378,0.9847390055656433,0.9834713935852051,0.9859077334403992,0.9725247621536255,0.9942200183868408,0.9849110245704651,0.9878765940666199,0.9852124452590942,0.9881662130355835,0.9859173476696015,1
LPP_RS02480,LPP_RS02485,1,0.9836214780807495,0.9748749136924744,0.990587055683136,0.9938827157020569,0.9854781031608582,0.984100341796875,0.9953780770301819,0.9789885878562927,0.9557730555534363,0.9914782643318176,0.9834162592887878,1
LPP_RS02540,LPP_RS02545,1,0.9889805912971497,0.9894068241119385,0.9849215745925903,0.9838846325874329,0.9744277000427246,0.9922751188278198,0.9730091094970703,0.9853850603103638,0.990442156791687,0.9891874194145203,0.9851920187473298,1
LPP_RS02545,LPP_RS02550,0,0.13572248816490173,0.31644055247306824,0.6574374437332153,0.12875203788280487,0.26686573028564453,0.2685072422027588,0.2305353730916977,0.2329680472612381,0.09144368767738342,0.10402217507362366,0.24326947778463365,0
LPP_RS02550,LPP_RS02555,1,0.9901679158210754,0.9897907376289368,0.9834033846855164,0.9908472299575806,0.9769943952560425,0.9901149272918701,0.9905325770378113,0.9874845743179321,0.9869104027748108,0.9855729937553406,0.9871819138526916,1
LPP_RS02555,LPP_RS02560,1,0.9907318949699402,0.9857479929924011,0.9974592924118042,0.9964548945426941,0.9608931541442871,0.9864948391914368,0.9976436495780945,0.9893398880958557,0.9804039001464844,0.9879248738288879,0.9873094379901886,1
LPP_RS02560,LPP_RS02565,1,0.9829390048980713,0.9741049408912659,0.9817907214164734,0.984104573726654,0.9507248401641846,0.9657132029533386,0.9938106536865234,0.9757061004638672,0.9762423634529114,0.9900823831558228,0.9775218784809112,1
LPP_RS02565,LPP_RS02570,1,0.9736277461051941,0.9658840298652649,0.9921563863754272,0.887787401676178,0.904365599155426,0.9453632235527039,0.9677858948707581,0.9750109314918518,0.9585114121437073,0.9657730460166931,0.9536265671253205,1
LPP_RS02570,LPP_RS02575,1,0.9884709119796753,0.993583619594574,0.9912293553352356,0.992935299873352,0.9783242344856262,0.9783375263214111,0.9987558126449585,0.984000027179718,0.9723620414733887,0.9892445802688599,0.98672434091568,1
LPP_RS02585,LPP_RS02590,1,0.3350432515144348,0.2858467400074005,0.7439593076705933,0.12302990257740021,0.2976767122745514,0.5089406371116638,0.6352010369300842,0.23730435967445374,0.09973299503326416,0.3413054347038269,0.3608040377497673,0
LPP_RS02590,LPP_RS02595,1,0.9868067502975464,0.9877796769142151,0.9936627745628357,0.99309241771698,0.9845522046089172,0.9684590101242065,0.997758686542511,0.9906880259513855,0.9732593894004822,0.9911652207374573,0.9867224156856537,1
LPP_RS02710,LPP_RS02715,1,0.991564929485321,0.9850606322288513,0.984421968460083,0.9872795939445496,0.9707188606262207,0.9933646321296692,0.9829707741737366,0.9884658455848694,0.9855374097824097,0.9863058924674988,0.985569053888321,1
LPP_RS02715,LPP_RS02720,1,0.9533800482749939,0.7333399653434753,0.9620418548583984,0.7985542416572571,0.7493477463722229,0.9125826358795166,0.8621917963027954,0.8790627717971802,0.920475959777832,0.8767959475517273,0.8647772967815399,1
LPP_RS02720,LPP_RS02725,0,0.5686166882514954,0.5120679140090942,0.3135489821434021,0.2929760217666626,0.3742336928844452,0.5212395787239075,0.311760276556015,0.31404539942741394,0.3136880099773407,0.3498077392578125,0.3871984302997589,0
LPP_RS02725,LPP_RS02730,1,0.989571750164032,0.9857749938964844,0.9829700589179993,0.9926475286483765,0.9709512591362,0.9864955544471741,0.9945898056030273,0.9800738096237183,0.9836381077766418,0.9895769357681274,0.9856289803981781,1
LPP_RS02730,LPP_RS02735,1,0.6819020509719849,0.7658413648605347,0.8190107345581055,0.8175466060638428,0.7638035416603088,0.7607404589653015,0.8552519083023071,0.8408894538879395,0.671235203742981,0.7684087157249451,0.774463003873825,1
LPP_RS02815,LPP_RS02820,1,0.9901044368743896,0.975221574306488,0.9903871417045593,0.9908760786056519,0.9651671051979065,0.9862182140350342,0.9971333742141724,0.9649831056594849,0.9754201769828796,0.982323169708252,0.9817834377288819,1
LPP_RS03035,LPP_RS03040,1,0.9877558946609497,0.9888456463813782,0.984383225440979,0.9864927530288696,0.9690015316009521,0.9856951832771301,0.9808458685874939,0.9875457882881165,0.9848477840423584,0.991817057132721,0.9847230732440948,1
LPP_RS03095,LPP_RS03100,1,0.3599095046520233,0.38630956411361694,0.4024069309234619,0.1505832076072693,0.2742755711078644,0.4628693163394928,0.5122657418251038,0.2975246012210846,0.1734563410282135,0.2864883244037628,0.3306089103221893,0
LPP_RS03120,LPP_RS03125,1,0.9930044412612915,0.9860883355140686,0.9850454926490784,0.9885199666023254,0.9753193855285645,0.9931687712669373,0.9845479130744934,0.9891505837440491,0.9863998293876648,0.9857035279273987,0.9866948246955871,1
LPP_RS03200,LPP_RS03205,1,0.9888027310371399,0.97747403383255,0.9639267921447754,0.9746107459068298,0.9435264468193054,0.9885501265525818,0.979442834854126,0.9730948209762573,0.9825418591499329,0.9756168723106384,0.9747587263584137,1
LPP_RS03240,LPP_RS03245,1,0.9900211691856384,0.9884758591651917,0.9880050420761108,0.9893553256988525,0.9802041053771973,0.9881020784378052,0.990942120552063,0.9826779365539551,0.9918144345283508,0.9922727346420288,0.9881870806217193,1
LPP_RS03355,LPP_RS03360,1,0.9845815896987915,0.9899356961250305,0.9889805912971497,0.9922305345535278,0.982322096824646,0.9837255477905273,0.9951267838478088,0.9743064641952515,0.9785226583480835,0.9810392260551453,0.9850771188735962,1
LPP_RS03475,LPP_RS03480,1,0.9922562837600708,0.9864345192909241,0.991065502166748,0.9948102831840515,0.9805214405059814,0.978697657585144,0.9958763122558594,0.9917356371879578,0.9748547673225403,0.9894004464149475,0.9875652849674225,1
LPP_RS03480,LPP_RS03485,1,0.9866677522659302,0.9779670834541321,0.9677160978317261,0.9269163012504578,0.9478822946548462,0.9794952869415283,0.9885483384132385,0.9677661657333374,0.9838292598724365,0.9536826610565186,0.9680471241474151,1
LPP_RS03485,LPP_RS03490,0,0.3193542957305908,0.40494632720947266,0.16362720727920532,0.12627294659614563,0.28211328387260437,0.377681165933609,0.3443126678466797,0.2074236273765564,0.2568493187427521,0.11918354034423828,0.2601764380931854,0
LPP_RS03490,LPP_RS03495,1,0.9884320497512817,0.984272301197052,0.9926878809928894,0.9869269728660583,0.9593229293823242,0.988639771938324,0.997248113155365,0.9756017327308655,0.9865060448646545,0.9893046617507935,0.9848942458629608,1
LPP_RS03530,LPP_RS03535,1,0.986836850643158,0.9704647660255432,0.9602130651473999,0.9533255100250244,0.9432955384254456,0.9775312542915344,0.9789530038833618,0.959636390209198,0.9836411476135254,0.966846764087677,0.9680744290351868,1
LPP_RS03535,LPP_RS03540,0,0.5826190114021301,0.5154716372489929,0.5777104496955872,0.7416186928749084,0.7259596586227417,0.6083486080169678,0.657030463218689,0.37345626950263977,0.5141004920005798,0.6603270769119263,0.5956642359495163,1
LPP_RS03540,LPP_RS03545,1,0.8595370054244995,0.9020798206329346,0.960142970085144,0.9533335566520691,0.9489161372184753,0.940370500087738,0.9757984280586243,0.9244875907897949,0.9103082418441772,0.8837206363677979,0.9258694887161255,1
LPP_RS03545,LPP_RS03550,1,0.9117829203605652,0.9027000665664673,0.9414488077163696,0.97737056016922,0.9291694164276123,0.9472690224647522,0.9449644088745117,0.7912214398384094,0.8935748934745789,0.9586501717567444,0.9198151707649231,1
LPP_RS03550,LPP_RS03555,1,0.9928306937217712,0.983826756477356,0.982006847858429,0.9716967344284058,0.9777992963790894,0.9910133481025696,0.9953754544258118,0.9882152676582336,0.9859927296638489,0.9836730360984802,0.9852430164813996,1
LPP_RS03650,LPP_RS03655,1,0.9684969782829285,0.9413327574729919,0.9862335324287415,0.9457305669784546,0.9674577713012695,0.9783185124397278,0.9870612621307373,0.9720041155815125,0.9199575185775757,0.9762194156646729,0.9642812430858612,1
LPP_RS03655,LPP_RS03660,1,0.8713708519935608,0.9368442893028259,0.8630863428115845,0.8871330618858337,0.8333306312561035,0.9576290249824524,0.9552776217460632,0.8043665289878845,0.8614746332168579,0.8927193284034729,0.886323231458664,1
LPP_RS03660,LPP_RS03665,1,0.9813244938850403,0.9801422953605652,0.9799473881721497,0.982430636882782,0.941138505935669,0.987980306148529,0.9568217992782593,0.9840632677078247,0.9842053055763245,0.9849289655685425,0.9762982964515686,1
LPP_RS03695,LPP_RS03700,1,0.9572252035140991,0.9648781418800354,0.9920032620429993,0.9754478335380554,0.9612199068069458,0.9621852040290833,0.9748988151550293,0.9595575332641602,0.909228503704071,0.9873243570327759,0.9643968760967254,1
LPP_RS03700,LPP_RS03705,1,0.9897931218147278,0.980258584022522,0.9789560437202454,0.9820654988288879,0.9599733352661133,0.9903066158294678,0.9758591651916504,0.9839078187942505,0.9834331274032593,0.9857653379440308,0.9810318648815155,1
LPP_RS03705,LPP_RS03710,1,0.9897871017456055,0.9763193130493164,0.9748387336730957,0.9781031012535095,0.9535267949104309,0.9887575507164001,0.9665932059288025,0.9802345037460327,0.9849349856376648,0.981662392616272,0.977475768327713,1
LPP_RS03710,LPP_RS03725,0,0.00034580400097183883,0.005236412398517132,0.006477489601820707,0.00045692225103266537,0.0013174597406759858,0.0017229936784133315,0.004852278158068657,0.0013605403946712613,0.000919086451176554,0.0003987042582593858,0.002308769093360752,0
LPP_RS03725,LPP_RS03730,1,0.9860077500343323,0.9840281009674072,0.973224937915802,0.9742242097854614,0.9575167298316956,0.9801613092422485,0.9880556464195251,0.9559541940689087,0.9862110614776611,0.9807948470115662,0.9766178786754608,1
LPP_RS03795,LPP_RS03800,1,0.950194239616394,0.8181964159011841,0.9481198787689209,0.8562262654304504,0.863140881061554,0.941954493522644,0.8924874663352966,0.8567564487457275,0.917734682559967,0.7068426012992859,0.8751653373241425,1
LPP_RS03800,LPP_RS03805,1,0.9857488870620728,0.9895219802856445,0.9965612292289734,0.988377571105957,0.9683512449264526,0.9872316122055054,0.9926295280456543,0.9862207174301147,0.9789732098579407,0.9848634600639343,0.985847944021225,1
LPP_RS03805,LPP_RS03810,1,0.9665042757987976,0.9756024479866028,0.9966282248497009,0.8737032413482666,0.9336309432983398,0.9565691351890564,0.9762181639671326,0.9472383260726929,0.8835055232048035,0.973928689956665,0.9483528971672058,1
LPP_RS03810,LPP_RS03815,1,0.5542267560958862,0.3514145314693451,0.8044973611831665,0.1685672104358673,0.4744664132595062,0.7650118470191956,0.7461674213409424,0.3709917664527893,0.2962091863155365,0.5496629476547241,0.508121544122696,1
LPP_RS03815,LPP_RS03820,1,0.9894753694534302,0.9819746613502502,0.9725757837295532,0.9778228402137756,0.9543938636779785,0.9869989156723022,0.9721546173095703,0.9758394956588745,0.9857672452926636,0.9769936800003052,0.9773996472358704,1
LPP_RS03820,LPP_RS03840,0,0.00014075929357204586,0.0009119001333601773,0.0004948291461914778,0.00013690431660506874,0.0004771215608343482,0.0017182365991175175,0.0005801512161269784,0.0003142488421872258,0.0005820523365400732,4.087157503818162e-05,0.0005397075019573094,0
LPP_RS03840,LPP_RS03845,1,0.9872937202453613,0.9719223380088806,0.9673322439193726,0.9714325070381165,0.9342343807220459,0.9825842380523682,0.9697402119636536,0.9656926989555359,0.9849833846092224,0.9660083651542664,0.9701224088668823,1
LPP_RS03845,LPP_RS03850,0,0.9898554682731628,0.9851486682891846,0.989647626876831,0.9921661615371704,0.9806596040725708,0.9850554466247559,0.9902520775794983,0.9843794703483582,0.9811390042304993,0.9904048442840576,0.9868708372116088,1
LPP_RS03850,LPP_RS03855,1,0.9821625351905823,0.9671620726585388,0.9703698754310608,0.9797066450119019,0.9433454871177673,0.9628284573554993,0.9737401604652405,0.9741219282150269,0.9776792526245117,0.9772891998291016,0.9708405613899231,1
LPP_RS03940,LPP_RS03945,1,0.9893388152122498,0.9541589021682739,0.988151490688324,0.9700384140014648,0.9312618970870972,0.9557351469993591,0.9701306819915771,0.9746560454368591,0.9560797810554504,0.9455298781394958,0.9635081052780151,1
LPP_RS03945,LPP_RS03950,1,0.9849399328231812,0.9835401177406311,0.9795384407043457,0.986732006072998,0.9738941788673401,0.9886221289634705,0.9971721172332764,0.9732835292816162,0.9793680310249329,0.9850984215736389,0.983218890428543,1
LPP_RS03950,LPP_RS03955,1,0.8312172889709473,0.6986900568008423,0.9008558392524719,0.6843531727790833,0.8487908244132996,0.9118523597717285,0.9222224354743958,0.8098457455635071,0.6776893734931946,0.80488520860672,0.809040230512619,1
LPP_RS03955,LPP_RS03960,1,0.9876062870025635,0.9697895646095276,0.9639854431152344,0.9531861543655396,0.9550363421440125,0.970373809337616,0.9831915497779846,0.972001314163208,0.9806681275367737,0.9763461947441101,0.9712184786796569,1
LPP_RS03960,LPP_RS03965,1,0.8022765517234802,0.6424556970596313,0.7206912040710449,0.43104782700538635,0.7715039849281311,0.8772119283676147,0.8785646557807922,0.728318989276886,0.6778980493545532,0.7535659670829773,0.7283534854650497,1
LPP_RS03965,LPP_RS03970,1,0.9795871376991272,0.9635576009750366,0.9628860950469971,0.9754390120506287,0.9241408705711365,0.9448487758636475,0.9512860178947449,0.9458031058311462,0.9741360545158386,0.9551045298576355,0.9576789200305938,1
LPP_RS04005,LPP_RS04010,1,0.9918584227561951,0.9939894080162048,0.9923895001411438,0.9868846535682678,0.9831529855728149,0.9899722933769226,0.9971705079078674,0.9892154932022095,0.9865875840187073,0.9889875054359436,0.9900208353996277,1
LPP_RS04010,LPP_RS04015,1,0.7852904796600342,0.703687846660614,0.748606264591217,0.6518764495849609,0.7900757193565369,0.8367198705673218,0.8738173246383667,0.6686660051345825,0.6838582754135132,0.8140923380851746,0.7556690573692322,1
LPP_RS04030,LPP_RS04035,1,0.9834950566291809,0.9765269756317139,0.9764946103096008,0.9789586067199707,0.9331662058830261,0.9841042160987854,0.9526470303535461,0.9674183130264282,0.9881345629692078,0.9762735366821289,0.9717219114303589,1
LPP_RS04060,LPP_RS04065,1,0.9884231686592102,0.9762962460517883,0.968256413936615,0.9461197853088379,0.9489309191703796,0.9726292490959167,0.9852943420410156,0.9667426943778992,0.9775010943412781,0.9512013792991638,0.9681395292282104,1
LPP_RS04065,LPP_RS04070,1,0.9914178252220154,0.9788436889648438,0.9788190722465515,0.9815478324890137,0.9771395325660706,0.9869595766067505,0.9953886866569519,0.9813976883888245,0.9882197380065918,0.9803885817527771,0.984012222290039,1
LPP_RS04070,LPP_RS04075,1,0.9948406219482422,0.9936548471450806,0.993537425994873,0.9944387674331665,0.9879767298698425,0.993326723575592,0.9984004497528076,0.9901192784309387,0.9887658357620239,0.9892995357513428,0.992436021566391,1
LPP_RS04075,LPP_RS04080,1,0.9922589063644409,0.986507773399353,0.9815434217453003,0.967613160610199,0.9748230576515198,0.9890598058700562,0.9834012389183044,0.9847391247749329,0.9868306517601013,0.9798077940940857,0.9826584935188294,1
LPP_RS04080,LPP_RS04085,1,0.992299497127533,0.9909724593162537,0.9871679544448853,0.9920409321784973,0.9854891300201416,0.9895013570785522,0.9972561001777649,0.9884131550788879,0.9907597303390503,0.9887295365333557,0.9902629852294922,1
LPP_RS04085,LPP_RS04090,1,0.9752592444419861,0.9514373540878296,0.902977466583252,0.9605266451835632,0.9142563939094543,0.932350754737854,0.9140691757202148,0.9616187810897827,0.9058771729469299,0.9482960104942322,0.9366668999195099,1
LPP_RS04090,LPP_RS04095,0,0.9867392778396606,0.8785479068756104,0.9885345697402954,0.9802155494689941,0.891282856464386,0.8998711109161377,0.897346019744873,0.9385496377944946,0.8866863250732422,0.9622144103050232,0.9309987664222718,1
LPP_RS04095,LPP_RS04100,1,0.9391667246818542,0.9647048115730286,0.9770795106887817,0.9751629829406738,0.9579184651374817,0.9527031183242798,0.9832274913787842,0.8835345506668091,0.8790414333343506,0.9273303747177124,0.9439869463443756,1
LPP_RS04100,LPP_RS04105,1,0.9926789999008179,0.9911596775054932,0.9787188768386841,0.98777836561203,0.9792253375053406,0.989496111869812,0.9955797791481018,0.9827820658683777,0.9889764189720154,0.9793989658355713,0.9865794599056243,1
LPP_RS04105,LPP_RS04110,1,0.9926157593727112,0.9840895533561707,0.9814391136169434,0.9863659739494324,0.9706069827079773,0.9901219010353088,0.987192690372467,0.9835717678070068,0.987633466720581,0.9849628210067749,0.9848600029945374,1
LPP_RS04110,LPP_RS04115,1,0.9899627566337585,0.9798816442489624,0.9854955077171326,0.9891668558120728,0.975009560585022,0.9666803479194641,0.9964413642883301,0.9773605465888977,0.970818042755127,0.9677689671516418,0.9798585593700408,1
LPP_RS04125,LPP_RS04130,1,0.9896642565727234,0.9882152676582336,0.9740063548088074,0.9785377383232117,0.9806669354438782,0.9855906367301941,0.9881402254104614,0.9732815623283386,0.9889755249023438,0.9778972268104553,0.9824975728988647,1
LPP_RS04175,LPP_RS04180,1,0.9885760545730591,0.9742454886436462,0.97791588306427,0.9803879857063293,0.9535747170448303,0.970050573348999,0.9885713458061218,0.980797290802002,0.9769831895828247,0.9776214361190796,0.9768723964691162,1
LPP_RS04180,LPP_RS04185,1,0.9903494715690613,0.9602442383766174,0.9964199662208557,0.9912837147712708,0.8716728687286377,0.9502343535423279,0.9978881478309631,0.9821406602859497,0.8609957695007324,0.9848076701164246,0.958603686094284,1
LPP_RS04250,LPP_RS04255,1,0.9878436326980591,0.9728951454162598,0.967004120349884,0.9740282893180847,0.9352782964706421,0.9821462631225586,0.9519781470298767,0.9584735631942749,0.9838897585868835,0.9662235975265503,0.9679760813713074,1
LPP_RS04335,LPP_RS04340,1,0.8544950485229492,0.7905208468437195,0.7475399971008301,0.3468000590801239,0.7468018531799316,0.7554019093513489,0.9028484225273132,0.6021531820297241,0.6158725023269653,0.8336381316184998,0.7196071952581405,1
LPP_RS04340,LPP_RS04345,1,0.98952317237854,0.9716672897338867,0.9689124822616577,0.9606944918632507,0.9626523852348328,0.9720189571380615,0.9878961443901062,0.9697068929672241,0.9775654077529907,0.967004656791687,0.9727641880512238,1
LPP_RS04345,LPP_RS04350,1,0.989422619342804,0.9731320738792419,0.9736073017120361,0.9711593389511108,0.9525260329246521,0.985589325428009,0.9799172282218933,0.976313591003418,0.9833009243011475,0.9745229482650757,0.9759491384029388,1
LPP_RS04350,LPP_RS04355,1,0.982538104057312,0.943786084651947,0.9582303166389465,0.9149913787841797,0.9107334017753601,0.9595872759819031,0.9709785580635071,0.9558036923408508,0.9745700359344482,0.9554095268249512,0.9526628375053405,1
LPP_RS04355,LPP_RS04360,0,0.7350665926933289,0.599412202835083,0.8301293849945068,0.7186441421508789,0.7911685109138489,0.9187761545181274,0.8639698624610901,0.772704541683197,0.7803661823272705,0.8561879992485046,0.7866425573825836,1
LPP_RS04370,LPP_RS04375,1,0.9881147742271423,0.9711023569107056,0.9806557297706604,0.9810173511505127,0.9477329254150391,0.9570862054824829,0.9867284297943115,0.966277539730072,0.9784941673278809,0.9570660591125488,0.9714275538921356,1
LPP_RS04445,LPP_RS04450,1,0.9889222979545593,0.9812063574790955,0.9859141707420349,0.9873856902122498,0.9620824456214905,0.985087513923645,0.9940568208694458,0.9759161472320557,0.9736334681510925,0.9869465231895447,0.9821151435375214,1
LPP_RS04450,LPP_RS04455,1,0.983099102973938,0.9534143805503845,0.9916986227035522,0.9770470261573792,0.9307162165641785,0.9410713911056519,0.9739899635314941,0.9427534937858582,0.9502054452896118,0.9674324989318848,0.9611428141593933,1
LPP_RS04455,LPP_RS04460,0,0.7960195541381836,0.6729438304901123,0.5737002491950989,0.42428678274154663,0.5859610438346863,0.6702588200569153,0.6117132306098938,0.6601710319519043,0.5832635760307312,0.7428013682365417,0.6321119487285614,1
LPP_RS04460,LPP_RS04465,1,0.9931246638298035,0.9901120662689209,0.9788252115249634,0.9828044772148132,0.98139488697052,0.9890857338905334,0.9947370886802673,0.9839648604393005,0.9884400367736816,0.9806193709373474,0.9863108396530151,1
LPP_RS04515,LPP_RS04520,1,0.9908800721168518,0.9885419607162476,0.9794716835021973,0.9870097041130066,0.9807727336883545,0.9895830750465393,0.993436872959137,0.9815942049026489,0.990094006061554,0.978790819644928,0.9860175132751465,1
LPP_RS04520,LPP_RS04525,0,0.9911013841629028,0.9828246235847473,0.9775061011314392,0.9793385863304138,0.9671976566314697,0.9773280024528503,0.9914518594741821,0.9802542328834534,0.9792013764381409,0.981160044670105,0.9807363867759704,1
LPP_RS04525,LPP_RS04530,1,0.9929301142692566,0.9924399256706238,0.9947443604469299,0.9955933094024658,0.9815784692764282,0.9801019430160522,0.9992219805717468,0.990867555141449,0.9792192578315735,0.9910823702812195,0.9897779285907745,1
LPP_RS04530,LPP_RS04535,1,0.9921808838844299,0.993410587310791,0.9878450036048889,0.9940581321716309,0.9872919917106628,0.9911283254623413,0.9976033568382263,0.9919792413711548,0.9862450361251831,0.9833154678344727,0.9905058026313782,1
LPP_RS04535,LPP_RS04540,1,0.13380558788776398,0.3411562144756317,0.6079390048980713,0.2499510794878006,0.09838047623634338,0.34241437911987305,0.12291847914457321,0.14214526116847992,0.02842181734740734,0.06620804220438004,0.21333403419703245,0
LPP_RS04540,LPP_RS04545,0,0.9781400561332703,0.9645419716835022,0.9586395621299744,0.9635651111602783,0.913293182849884,0.9724823236465454,0.9528036713600159,0.9719426035881042,0.9827558398246765,0.9733777642250061,0.9631542086601257,1
LPP_RS04545,LPP_RS04550,1,0.9906456470489502,0.9813732504844666,0.9780176877975464,0.9896439909934998,0.9590193629264832,0.9883738160133362,0.9802803993225098,0.9793277382850647,0.9869353175163269,0.9804642796516418,0.9814081490039825,1
LPP_RS04590,LPP_RS04595,1,0.988841712474823,0.983523428440094,0.9708432555198669,0.9750917553901672,0.9631105661392212,0.9873138666152954,0.9715760350227356,0.9725117683410645,0.9847787618637085,0.9727165699005127,0.977030771970749,1
LPP_RS04635,LPP_RS04640,1,0.8072046637535095,0.8245075941085815,0.7428695559501648,0.9334134459495544,0.8083533644676208,0.8649786710739136,0.6075931191444397,0.9271053671836853,0.8350199460983276,0.957343578338623,0.830838930606842,1
LPP_RS04660,LPP_RS04665,1,0.9922099709510803,0.9919780492782593,0.9928122162818909,0.9937916994094849,0.9829970002174377,0.9898062348365784,0.9978918433189392,0.9892475605010986,0.989597499370575,0.9903376698493958,0.991066974401474,1
LPP_RS04775,LPP_RS04780,1,0.9931911826133728,0.9813603758811951,0.9758372902870178,0.9790387749671936,0.9826269149780273,0.9914445877075195,0.9858609437942505,0.9887303113937378,0.992089569568634,0.9885788559913635,0.9858758807182312,1
LPP_RS04780,LPP_RS04785,0,0.43590590357780457,0.5431066155433655,0.6217714548110962,0.512276291847229,0.5018123388290405,0.5034884810447693,0.40842127799987793,0.3947656452655792,0.27947843074798584,0.2921794056892395,0.44932058453559875,0
LPP_RS04785,LPP_RS04790,1,0.9918308854103088,0.9920518398284912,0.9863428473472595,0.9893749952316284,0.9725859761238098,0.9887399077415466,0.9955343008041382,0.9750356078147888,0.9785072803497314,0.9802970290184021,0.9850300669670105,1
LPP_RS04790,LPP_RS04815,0,9.738795779412612e-05,0.0010435404255986214,0.0005046683945693076,0.0003572811547201127,0.0005512948846444488,0.0013130652951076627,0.00021286298579070717,0.0002433098416076973,0.000366077059879899,3.176890459144488e-05,0.00047212569043040273,0
LPP_RS04815,LPP_RS04820,1,0.9896140098571777,0.985444962978363,0.9785277843475342,0.9832634925842285,0.9711428880691528,0.9762284159660339,0.9948602914810181,0.9853795170783997,0.9756972193717957,0.9787977933883667,0.981895637512207,1
LPP_RS04820,LPP_RS04830,0,0.6655012369155884,0.6101554036140442,0.839227020740509,0.9086120128631592,0.7208144664764404,0.716667115688324,0.6048998832702637,0.4953211843967438,0.5842916369438171,0.8245319724082947,0.6970021933317184,1
LPP_RS04830,LPP_RS04835,1,0.9828097224235535,0.9715077877044678,0.9741981029510498,0.9905824661254883,0.9488890767097473,0.9652813076972961,0.9834529757499695,0.9845881462097168,0.9747540950775146,0.9819396734237671,0.9758003354072571,1
LPP_RS04835,LPP_RS04840,0,0.7751562595367432,0.7711372971534729,0.7711356282234192,0.5547365546226501,0.7528553605079651,0.8706376552581787,0.8648992776870728,0.7645778656005859,0.6957764625549316,0.5394347310066223,0.7360347092151642,1
LPP_RS04840,LPP_RS04845,1,0.34245508909225464,0.4816398322582245,0.6563742756843567,0.24132049083709717,0.3527846038341522,0.4946199357509613,0.4593043029308319,0.3412039875984192,0.3356797993183136,0.5295881032943726,0.42349704205989835,0
LPP_RS04880,LPP_RS04885,1,0.9915369153022766,0.985309362411499,0.9929007291793823,0.9897533655166626,0.970966100692749,0.9852389097213745,0.9979685544967651,0.9866567254066467,0.9845221638679504,0.9903795719146729,0.9875232398509979,1
LPP_RS04885,LPP_RS04890,1,0.9892719388008118,0.9810824990272522,0.9787981510162354,0.9718096852302551,0.9632111191749573,0.9856020212173462,0.9754225015640259,0.9712207913398743,0.9848302006721497,0.9769963622093201,0.9778245270252228,1
LPP_RS04890,LPP_RS04895,0,0.8930619359016418,0.9284252524375916,0.885059654712677,0.8705616593360901,0.9021806716918945,0.9442682862281799,0.8926066160202026,0.8967874050140381,0.9046473503112793,0.9060540199279785,0.9023652851581574,1
LPP_RS04895,LPP_RS04900,1,0.9881736636161804,0.980755090713501,0.9865880012512207,0.986941933631897,0.9603890180587769,0.9765368700027466,0.9850887060165405,0.9787544012069702,0.9779051542282104,0.9872136116027832,0.9808346450328826,1
LPP_RS04930,LPP_RS04935,1,0.9680091738700867,0.9702471494674683,0.9823164939880371,0.9868338108062744,0.9613117575645447,0.9688207507133484,0.9955132007598877,0.9855138063430786,0.9719805717468262,0.9757473468780518,0.9766294062137604,1
LPP_RS04935,LPP_RS04950,0,0.001055972301401198,0.0046712132170796394,0.00141056883148849,0.00019215916108805686,0.0015238545602187514,0.00589606910943985,0.0012403446016833186,0.002212115563452244,0.0034971367567777634,0.0001875106245279312,0.0021886944727157243,0
LPP_RS04950,LPP_RS04955,1,0.9927437901496887,0.9819633960723877,0.992004930973053,0.9917020797729492,0.9772818684577942,0.991054117679596,0.9974811673164368,0.9877243041992188,0.9798765182495117,0.9916417598724365,0.9883473932743072,1
LPP_RS04955,LPP_RS04960,1,0.9641291499137878,0.9767360091209412,0.9793946146965027,0.9804855585098267,0.9395990371704102,0.939894437789917,0.9782796502113342,0.9540166258811951,0.9259957075119019,0.9706072211265564,0.9609138011932373,1
LPP_RS04960,LPP_RS04965,0,0.9891045093536377,0.9849715232849121,0.9697657227516174,0.9865607619285583,0.9732064008712769,0.9877026677131653,0.9934543967247009,0.9781439900398254,0.9886181354522705,0.980193555355072,0.9831721663475037,1
LPP_RS04965,LPP_RS04970,1,0.9852138757705688,0.9884060621261597,0.9895921945571899,0.99010169506073,0.9836745262145996,0.9750538468360901,0.9956731200218201,0.9909559488296509,0.9785598516464233,0.9882155060768127,0.9865446627140045,1
LPP_RS04970,LPP_RS04975,0,0.20825809240341187,0.24110274016857147,0.2803100049495697,0.12740488350391388,0.2701098620891571,0.31200990080833435,0.3154892921447754,0.23192429542541504,0.2299208641052246,0.25799739360809326,0.24745273292064668,0
LPP_RS04975,LPP_RS04980,1,0.9930369257926941,0.9778172373771667,0.9918567538261414,0.9931647777557373,0.9844692349433899,0.9852564930915833,0.9971988797187805,0.9906144738197327,0.9896262884140015,0.9892686605453491,0.9892309725284576,1
LPP_RS04980,LPP_RS04985,1,0.9887102842330933,0.9894843697547913,0.9867407083511353,0.9714204668998718,0.9721506834030151,0.9769858717918396,0.9978725910186768,0.9805704355239868,0.970363974571228,0.9428647756576538,0.9777164161205292,1
LPP_RS05000,LPP_RS05005,1,0.989200234413147,0.9865575432777405,0.9883747696876526,0.9885401129722595,0.9805857539176941,0.9868173599243164,0.9953572154045105,0.9853468537330627,0.9773856997489929,0.9854512214660645,0.9863616764545441,1
LPP_RS05005,LPP_RS05025,0,0.0004420686746016145,0.0005737227620556951,0.00019344841712154448,0.00022222833649720997,0.0014122092397883534,0.005123019218444824,0.0008048740564845502,0.0003613011504057795,0.0014010898303240538,9.894013055600226e-05,0.0010632901816279628,0
LPP_RS05025,LPP_RS05030,1,0.987334132194519,0.9874386191368103,0.9680252075195312,0.9676178693771362,0.9673038721084595,0.9726942777633667,0.9930499196052551,0.9724586009979248,0.9751386642456055,0.9529630541801453,0.9744024217128754,1
LPP_RS05030,LPP_RS05045,0,0.0030228174291551113,0.030160140246152878,0.03049786202609539,0.0052894968539476395,0.006237581372261047,0.011234561912715435,0.007914925925433636,0.008266315795481205,0.0022945820819586515,0.0013454932486638427,0.010626377689186483,0
LPP_RS05045,LPP_RS05050,1,0.9919844269752502,0.9886189103126526,0.9934505820274353,0.9953284859657288,0.983791708946228,0.9836896657943726,0.9985822439193726,0.9919650554656982,0.9855678081512451,0.9752492308616638,0.9888228118419647,1
LPP_RS05050,LPP_RS05055,1,0.9884671568870544,0.9806260466575623,0.9880834221839905,0.958522617816925,0.9797508120536804,0.9810905456542969,0.9970932006835938,0.9845170378684998,0.979602575302124,0.9683424830436707,0.9806095898151398,1
LPP_RS05055,LPP_RS05065,0,0.0038413498550653458,0.006710934918373823,0.010403752326965332,0.0023778905160725117,0.004926875699311495,0.01333631295710802,0.002873983234167099,0.004346953239291906,0.006472219247370958,0.0007043630466796458,0.005599463504040614,0
LPP_RS05065,LPP_RS05070,1,0.9873728156089783,0.9754399061203003,0.9940962791442871,0.994272768497467,0.9514368772506714,0.9745354056358337,0.9984585642814636,0.9891239404678345,0.978007972240448,0.987371563911438,0.9830116093158722,1
LPP_RS05070,LPP_RS05075,1,0.9882718920707703,0.9923981428146362,0.9898242950439453,0.9880918264389038,0.9817578196525574,0.9878685474395752,0.9956069588661194,0.9836839437484741,0.9869304895401001,0.9899482131004333,0.9884382128715515,1
LPP_RS05075,LPP_RS05080,1,0.9837933778762817,0.9727692008018494,0.9866403341293335,0.9938566088676453,0.9729577302932739,0.9796358346939087,0.9969378113746643,0.9526913166046143,0.9579028487205505,0.9724608659744263,0.9769645929336548,1
LPP_RS05110,LPP_RS05115,1,0.9911248087882996,0.984200119972229,0.9850665926933289,0.9855719208717346,0.9762090444564819,0.9839388132095337,0.9921347498893738,0.983299970626831,0.9794756174087524,0.9892328977584839,0.9850254535675049,1
LPP_RS05115,LPP_RS05120,1,0.9890382289886475,0.9878755211830139,0.9791740775108337,0.9933196306228638,0.9655550122261047,0.9733468890190125,0.9903740286827087,0.9795495867729187,0.9770212769508362,0.9812336564064026,0.9816487908363343,1
LPP_RS05205,LPP_RS05210,1,0.9888263940811157,0.9853758811950684,0.9673430919647217,0.9780166149139404,0.9650333523750305,0.9852083325386047,0.9862552285194397,0.9765974283218384,0.9886333346366882,0.9768263697624207,0.9798116028308869,1
LPP_RS05390,LPP_RS05395,1,0.7926539182662964,0.673769474029541,0.9824491739273071,0.5988792181015015,0.8626574277877808,0.8434017896652222,0.8497141003608704,0.6591891050338745,0.5407384037971497,0.9545136094093323,0.7757966220378876,1
LPP_RS05395,LPP_RS05435,0,0.00010837160516530275,0.001044894102960825,0.0007364723132923245,4.119769801036455e-05,0.0005764770903624594,0.0017561310669407248,0.0002863622212316841,0.00025251563056372106,0.0005144497845321894,5.2154791774228215e-05,0.0005369026304833824,0
LPP_RS05435,LPP_RS05440,1,0.9806991219520569,0.9669343829154968,0.9628832936286926,0.9839572310447693,0.9621372818946838,0.9765141606330872,0.9796512722969055,0.9700750708580017,0.9666022062301636,0.9742866158485413,0.9723740637302398,1
LPP_RS05460,LPP_RS05465,1,0.7281996011734009,0.6311261057853699,0.7381519675254822,0.6151434183120728,0.7646101713180542,0.8536208868026733,0.8451247811317444,0.6497382521629333,0.697943389415741,0.8313683867454529,0.7355026960372925,1
LPP_RS05475,LPP_RS05480,1,0.5900969505310059,0.6206619143486023,0.7776557207107544,0.923827052116394,0.6142074465751648,0.729197084903717,0.6705725193023682,0.6413538455963135,0.7028486132621765,0.7245588302612305,0.6994979977607727,1
LPP_RS05480,LPP_RS05485,1,0.84914231300354,0.9099789261817932,0.928774893283844,0.9435561299324036,0.879898726940155,0.9324155449867249,0.9353359341621399,0.8969150185585022,0.8651587963104248,0.9754362106323242,0.9116612493991851,1
LPP_RS05640,LPP_RS05645,1,0.7727457284927368,0.7696978449821472,0.6228790879249573,0.6890575885772705,0.7763444185256958,0.7513579726219177,0.7231862545013428,0.6343633532524109,0.6287582516670227,0.6410660743713379,0.7009456574916839,1
LPP_RS05750,LPP_RS05755,1,0.8837688565254211,0.932255208492279,0.9410682916641235,0.8591750860214233,0.9382570385932922,0.9650667309761047,0.9515629410743713,0.9481533169746399,0.930536687374115,0.935250997543335,0.9285095155239105,1
LPP_RS05755,LPP_RS05760,1,0.7765823602676392,0.5790373086929321,0.9097874760627747,0.8378506302833557,0.8346091508865356,0.885506808757782,0.8919966816902161,0.8035213947296143,0.8658755421638489,0.7387055158615112,0.812347286939621,1
LPP_RS05760,LPP_RS05765,0,0.5059291124343872,0.5461074113845825,0.4539210796356201,0.35810035467147827,0.5866082310676575,0.5661899447441101,0.6947321891784668,0.4668983817100525,0.3208340108394623,0.3212722837924957,0.4820592999458313,0
LPP_RS05765,LPP_RS05770,1,0.8548035621643066,0.9449765682220459,0.9535403847694397,0.9520701766014099,0.9252074956893921,0.9382326602935791,0.9411162734031677,0.824274480342865,0.6816405653953552,0.9727434515953064,0.8988605618476868,1
LPP_RS05835,LPP_RS05840,1,0.9860798716545105,0.9852614402770996,0.9917351603507996,0.9929521083831787,0.9733500480651855,0.9659704566001892,0.996191680431366,0.984123706817627,0.9591636061668396,0.9838960766792297,0.9818724155426025,1
LPP_RS05870,LPP_RS05875,1,0.9311156272888184,0.944333553314209,0.9787604808807373,0.9734370708465576,0.9414043426513672,0.948117196559906,0.961497962474823,0.9632806181907654,0.9032771587371826,0.945285975933075,0.9490509986877441,1
LPP_RS05885,LPP_RS05890,1,0.987143874168396,0.9809537529945374,0.9696738719940186,0.9905373454093933,0.9702255129814148,0.968324601650238,0.9856431484222412,0.9822522401809692,0.9741001725196838,0.9778790473937988,0.9786733567714692,1
LPP_RS05910,LPP_RS05915,1,0.9861374497413635,0.9772523045539856,0.9787566065788269,0.9674477577209473,0.9454640746116638,0.9791363477706909,0.9900438189506531,0.9720510244369507,0.9822138547897339,0.9634968638420105,0.9742000102996826,1
LPP_RS05915,LPP_RS05920,1,0.9845813512802124,0.959116518497467,0.9814249873161316,0.9815401434898376,0.9562385082244873,0.9504987597465515,0.9828788638114929,0.9747879505157471,0.9708981513977051,0.9662948250770569,0.9708260059356689,1
LPP_RS05920,LPP_RS05925,1,0.9876663088798523,0.9768980741500854,0.9910032749176025,0.9873635172843933,0.9610745310783386,0.9828507304191589,0.9939272403717041,0.9606145620346069,0.9671854376792908,0.9567548036575317,0.9765338480472565,1
LPP_RS05925,LPP_RS05930,0,0.7025006413459778,0.7574498653411865,0.7551469206809998,0.6813310980796814,0.7093693614006042,0.8346585631370544,0.901909351348877,0.6798886060714722,0.7958822846412659,0.8731293082237244,0.7691266000270843,1
LPP_RS05930,LPP_RS05935,1,0.9903219938278198,0.977148711681366,0.9730918407440186,0.9370152950286865,0.9663367867469788,0.9846422672271729,0.9895576238632202,0.9792618751525879,0.9818276166915894,0.9605223536491394,0.973972636461258,1
LPP_RS05980,LPP_RS05985,1,0.5842433571815491,0.741292417049408,0.7806679010391235,0.8179037570953369,0.7320494651794434,0.7719677090644836,0.7224892377853394,0.625677227973938,0.7820355892181396,0.6948895454406738,0.7253216207027435,1
LPP_RS06060,LPP_RS06065,1,0.27342700958251953,0.43892741203308105,0.7144778966903687,0.21500279009342194,0.298592209815979,0.45249417424201965,0.28585416078567505,0.2401149719953537,0.2067587673664093,0.2994537353515625,0.34251031279563904,0
LPP_RS06065,LPP_RS06075,0,0.045091934502124786,0.09854477643966675,0.04888435825705528,0.008075043559074402,0.042085159569978714,0.07088733464479446,0.026392647996544838,0.10717877745628357,0.037370551377534866,0.0246273223310709,0.050913790613412856,0
LPP_RS06075,LPP_RS06080,1,0.9903455376625061,0.9766412377357483,0.9730809330940247,0.9642819166183472,0.9663706421852112,0.9854578971862793,0.9846714735031128,0.9778924584388733,0.9869633316993713,0.9663575291633606,0.9772062957286834,1
LPP_RS06135,LPP_RS06140,1,0.9918918609619141,0.9883009195327759,0.9929932355880737,0.9918156266212463,0.9847196340560913,0.9867967367172241,0.9974572658538818,0.9911935925483704,0.9832727909088135,0.986984372138977,0.9895426034927368,1
LPP_RS06140,LPP_RS06145,1,0.9932266473770142,0.9899526834487915,0.9919097423553467,0.9919899106025696,0.9841926097869873,0.9923874139785767,0.9976648688316345,0.9932582974433899,0.9931380152702332,0.9927258491516113,0.9920446038246155,1
LPP_RS06145,LPP_RS06150,0,0.7865551710128784,0.5572488307952881,0.9471324682235718,0.213937908411026,0.7294266223907471,0.7439566254615784,0.8217208981513977,0.5362516045570374,0.5461215972900391,0.8531842231750488,0.6735535949468613,1
LPP_RS06150,LPP_RS06155,1,0.9907327890396118,0.9748730659484863,0.990951418876648,0.9951030611991882,0.9735680818557739,0.9837623834609985,0.9942232370376587,0.9891045093536377,0.9797180891036987,0.9828048348426819,0.9854841470718384,1
LPP_RS06155,LPP_RS06160,0,0.5697323679924011,0.5410990715026855,0.6860188245773315,0.7086384296417236,0.6989856958389282,0.7805047035217285,0.6328652501106262,0.488811731338501,0.7495480179786682,0.5763037204742432,0.6432507812976838,1
LPP_RS06160,LPP_RS06165,1,0.985177218914032,0.9806767702102661,0.9749336838722229,0.991356611251831,0.9678232669830322,0.9818577170372009,0.9926360249519348,0.9781942963600159,0.9746663570404053,0.9836077690124512,0.9810929715633392,1
LPP_RS06165,LPP_RS06170,1,0.9474817514419556,0.874622106552124,0.9396049976348877,0.8012004494667053,0.8868310451507568,0.8611127138137817,0.9192493557929993,0.719277024269104,0.8136284947395325,0.8842039704322815,0.8647211909294128,1
LPP_RS06170,LPP_RS06175,1,0.9909984469413757,0.9904016256332397,0.9842353463172913,0.987005352973938,0.9643595814704895,0.9848271608352661,0.9872913956642151,0.9845383763313293,0.9766873717308044,0.9806461334228516,0.9830990791320801,1
LPP_RS06175,LPP_RS06180,1,0.971319854259491,0.9335653781890869,0.9877078533172607,0.9548484683036804,0.9188885688781738,0.9645285606384277,0.9023410677909851,0.8644500374794006,0.957389235496521,0.9501552581787109,0.9405194282531738,1
LPP_RS06225,LPP_RS06230,1,0.9014077186584473,0.9465335607528687,0.9784694314002991,0.8708246946334839,0.911013126373291,0.9773569107055664,0.9357514977455139,0.8729242086410522,0.92336505651474,0.9611144661903381,0.92787606716156,1
LPP_RS06230,LPP_RS06240,0,0.0013210306642577052,0.0022770892828702927,0.00047107849968597293,0.002286030910909176,0.006574992090463638,0.009347072802484035,0.005402013193815947,0.0013475142186507583,0.0035294254776090384,0.0014934239443391562,0.003404967108508572,0
LPP_RS06240,LPP_RS06245,1,0.992711067199707,0.9917242527008057,0.9894241690635681,0.9927141070365906,0.9829543232917786,0.9918181896209717,0.9979702234268188,0.9891095757484436,0.9875593185424805,0.9878165125846863,0.9903801739215851,1
LPP_RS06265,LPP_RS06270,1,0.993736982345581,0.9908206462860107,0.9809101223945618,0.9879297018051147,0.9826952815055847,0.9933927059173584,0.9940626621246338,0.9892566204071045,0.9872439503669739,0.9876745343208313,0.9887723207473755,1
LPP_RS06270,LPP_RS06275,1,0.9932283163070679,0.9933221340179443,0.9871993660926819,0.9934913516044617,0.9854401350021362,0.9929362535476685,0.9980782866477966,0.9879536628723145,0.9910194873809814,0.9852100014686584,0.9907878994941711,1
LPP_RS06275,LPP_RS06280,1,0.8149455785751343,0.8084944486618042,0.9495425224304199,0.7627384066581726,0.8691114187240601,0.9263191819190979,0.8686058521270752,0.7115241289138794,0.6427587270736694,0.8339153528213501,0.8187955617904663,1
LPP_RS06355,LPP_RS06360,1,0.9927994012832642,0.9831086993217468,0.9867709875106812,0.9872581958770752,0.9711164832115173,0.9905217289924622,0.9884659647941589,0.9840813279151917,0.9850254058837891,0.9848716855049133,0.98540198802948,1
LPP_RS06360,LPP_RS06365,1,0.9796523451805115,0.9738112688064575,0.9800606966018677,0.9847516417503357,0.9360698461532593,0.9559783339500427,0.9923808574676514,0.9706488251686096,0.9736731648445129,0.9827722311019897,0.9729799211025238,1
LPP_RS06365,LPP_RS06370,1,0.9928991794586182,0.9846625328063965,0.9944977164268494,0.9900392293930054,0.9773367643356323,0.9861171245574951,0.9991748332977295,0.9921702146530151,0.9838973879814148,0.9897556900978088,0.9890550673007965,1
LPP_RS06370,LPP_RS06375,1,0.9918960332870483,0.9889628887176514,0.9866517782211304,0.9949319958686829,0.9754412174224854,0.9878949522972107,0.9962829947471619,0.9842829704284668,0.9864845275878906,0.9810081124305725,0.9873837471008301,1
LPP_RS06375,LPP_RS06380,1,0.9948124289512634,0.9957175254821777,0.9970139861106873,0.998108983039856,0.9899865984916687,0.9903531074523926,0.9990594983100891,0.9955527186393738,0.9854735136032104,0.9931926131248474,0.9939270973205566,1
LPP_RS06380,LPP_RS06385,1,0.7713084816932678,0.6765355467796326,0.9811955094337463,0.1878398060798645,0.8105407953262329,0.735537588596344,0.8750398755073547,0.6580339074134827,0.47258007526397705,0.8936712145805359,0.7062282800674439,1
LPP_RS06505,LPP_RS06510,1,0.9939673542976379,0.9935218095779419,0.9964139461517334,0.9947531223297119,0.9919310212135315,0.9894431829452515,0.9989887475967407,0.9939309358596802,0.9894840121269226,0.9817492365837097,0.9924183368682862,1
LPP_RS06510,LPP_RS06515,0,0.9918330907821655,0.9928780198097229,0.9898614883422852,0.9857089519500732,0.984868049621582,0.9810941815376282,0.996120274066925,0.991485595703125,0.9805842041969299,0.9811578392982483,0.9875591695308685,1
LPP_RS06515,LPP_RS06520,1,0.9923140406608582,0.9812843799591064,0.9850785732269287,0.9886348247528076,0.9766289591789246,0.9900431036949158,0.9967203140258789,0.9854151010513306,0.9811035394668579,0.9896018505096436,0.9866824686527252,1
LPP_RS06520,LPP_RS06550,0,0.0002342896768823266,0.0007824759231880307,0.0011478372616693377,0.00011819409701274708,0.0005099685513414443,0.001571748172864318,0.00042914345976896584,0.0002834538754541427,0.0004265580209903419,3.110612306045368e-05,0.0005534775162232108,0
LPP_RS06550,LPP_RS06555,1,0.9768189191818237,0.9700523018836975,0.9865800142288208,0.9743790626525879,0.9656895995140076,0.9555379152297974,0.9934415817260742,0.9523757696151733,0.9495659470558167,0.9348182678222656,0.9659259378910064,1
LPP_RS06555,LPP_RS06560,1,0.8875832557678223,0.8888496160507202,0.9647071361541748,0.9763237237930298,0.9090917706489563,0.8499001860618591,0.9681218266487122,0.8218280673027039,0.7277083992958069,0.9185872077941895,0.8912701189517975,1
LPP_RS06560,LPP_RS06565,1,0.9879569411277771,0.9832461476325989,0.9907245635986328,0.9870455861091614,0.9723078012466431,0.9696679711341858,0.993276059627533,0.9841272234916687,0.9722093343734741,0.9831178188323975,0.9823679447174072,1
LPP_RS06625,LPP_RS06630,1,0.9904606938362122,0.9633581042289734,0.9694120287895203,0.9890075922012329,0.9471551775932312,0.9887746572494507,0.9937396049499512,0.9836087822914124,0.9711393117904663,0.971246063709259,0.9767902016639709,1
LPP_RS06630,LPP_RS06635,1,0.9457916021347046,0.9816951751708984,0.9738731384277344,0.9841141104698181,0.9668604135513306,0.9754055142402649,0.9914488196372986,0.9771730303764343,0.9790574908256531,0.9485794901847839,0.9723998785018921,1
LPP_RS06700,LPP_RS06705,1,0.9929230213165283,0.9919050931930542,0.9974081516265869,0.9971402883529663,0.982342004776001,0.9883241057395935,0.9991675615310669,0.9954023361206055,0.985044538974762,0.9871512651443481,0.9916808366775512,1
LPP_RS06705,LPP_RS06710,1,0.982789933681488,0.9383211731910706,0.9659872651100159,0.9216424822807312,0.9467455148696899,0.9765152335166931,0.9678689241409302,0.9692766666412354,0.9732574224472046,0.9177318215370178,0.9560136437416077,1
LPP_RS06720,LPP_RS06725,1,0.9922526478767395,0.992182731628418,0.9873204827308655,0.9925248026847839,0.9863013029098511,0.9905608296394348,0.9976205825805664,0.9829259514808655,0.9879200458526611,0.9864069223403931,0.9896016299724579,1
LPP_RS06725,LPP_RS06735,0,0.011032233014702797,0.031140871345996857,0.015969330444931984,0.002171242842450738,0.007806526962667704,0.042185332626104355,0.009984523057937622,0.019191039726138115,0.01595933921635151,0.006663402542471886,0.016210384177975358,0
LPP_RS06735,LPP_RS06740,1,0.8633072972297668,0.9273742437362671,0.9482530355453491,0.9506404995918274,0.9026386141777039,0.8780114054679871,0.9408882856369019,0.9032096266746521,0.7766596674919128,0.9422334432601929,0.9033216118812561,1
LPP_RS06760,LPP_RS06765,1,0.9918637275695801,0.993405818939209,0.9930204749107361,0.9952805638313293,0.9832406640052795,0.9895086288452148,0.9971005916595459,0.989276111125946,0.9921534061431885,0.9908711314201355,0.9915721118450165,1
LPP_RS06765,LPP_RS06770,1,0.9902353286743164,0.9653638005256653,0.9833613634109497,0.9684858918190002,0.9831411838531494,0.9834210872650146,0.9935155510902405,0.9858636260032654,0.986866295337677,0.9734842777252197,0.9813738405704499,1
LPP_RS06770,LPP_RS06775,1,0.9784121513366699,0.9797604084014893,0.9865569472312927,0.9860508441925049,0.9707927703857422,0.9864572286605835,0.9859749674797058,0.991254448890686,0.9758605360984802,0.9612178206443787,0.9802338123321533,1
LPP_RS06775,LPP_RS06780,1,0.9919471144676208,0.9851335287094116,0.9934675693511963,0.9916364550590515,0.978193461894989,0.9804319143295288,0.9971165060997009,0.9886918067932129,0.97465580701828,0.9835343360900879,0.986480849981308,1
LPP_RS06780,LPP_RS06785,0,0.5687358975410461,0.3927784860134125,0.6018925905227661,0.2436370998620987,0.5083366632461548,0.6126680970191956,0.593967616558075,0.41874393820762634,0.4096742868423462,0.23030894994735718,0.45807436257600787,0
LPP_RS06785,LPP_RS06790,1,0.960102915763855,0.9776148796081543,0.9485507607460022,0.9764546751976013,0.9589532017707825,0.9669539332389832,0.9883300065994263,0.9579865336418152,0.9609410762786865,0.9773483872413635,0.967323637008667,1
LPP_RS06790,LPP_RS06795,1,0.9898026585578918,0.9546541571617126,0.9528951048851013,0.9761091470718384,0.9361364841461182,0.9856175184249878,0.942251443862915,0.9515972137451172,0.9541294574737549,0.9790229201316833,0.9622216105461121,1
LPP_RS06795,LPP_RS06800,1,0.9835973381996155,0.9635287523269653,0.965146541595459,0.9439073801040649,0.9433544874191284,0.9487202763557434,0.9806368947029114,0.9629924893379211,0.9706910848617554,0.9570347666740417,0.9619610011577606,1
LPP_RS06800,LPP_RS06805,1,0.9904475808143616,0.9730613231658936,0.9767767786979675,0.9553149938583374,0.9717925786972046,0.9834328889846802,0.9851179122924805,0.9720074534416199,0.9853660464286804,0.9711430072784424,0.9764460563659668,1
LPP_RS06805,LPP_RS06810,0,0.9199440479278564,0.9301841855049133,0.9690828919410706,0.9722713828086853,0.8957856893539429,0.9615760445594788,0.95294588804245,0.9262443780899048,0.9501135349273682,0.931339681148529,0.94094877243042,1
LPP_RS06810,LPP_RS06815,1,0.7997734546661377,0.738906741142273,0.7129748463630676,0.6101489067077637,0.8094503879547119,0.7910287976264954,0.634716272354126,0.6500478982925415,0.8099201917648315,0.7048065066337585,0.7261774003505707,1
LPP_RS06860,LPP_RS06865,1,0.9909877181053162,0.979590892791748,0.9937154054641724,0.9919967651367188,0.9681647419929504,0.990854799747467,0.9972122311592102,0.9864086508750916,0.9759894013404846,0.9902365207672119,0.9865157127380371,1
LPP_RS06895,LPP_RS06900,1,0.9813257455825806,0.9760280251502991,0.9869779348373413,0.9853832721710205,0.9492162466049194,0.9647601246833801,0.9807831645011902,0.9506024122238159,0.9673803448677063,0.9663412570953369,0.970879852771759,1
LPP_RS06900,LPP_RS06905,1,0.977117121219635,0.9780133366584778,0.9629746079444885,0.9725344777107239,0.9551985859870911,0.9545009732246399,0.9818395376205444,0.960353434085846,0.9541015625,0.9827820658683777,0.9679415702819825,1
LPP_RS06915,LPP_RS06920,1,0.8983801007270813,0.9650859236717224,0.9569032192230225,0.9703359007835388,0.9379004240036011,0.9424196481704712,0.9702237844467163,0.9720451235771179,0.9402486681938171,0.9689316749572754,0.9522474467754364,1
LPP_RS06930,LPP_RS06935,1,0.861936628818512,0.7859956622123718,0.9370661377906799,0.9015167951583862,0.8501278758049011,0.8222995400428772,0.9500433206558228,0.7760457396507263,0.6026382446289062,0.9172542691230774,0.8404924213886261,1
LPP_RS06935,LPP_RS06940,1,0.9863494038581848,0.9938497543334961,0.9837560653686523,0.9764429330825806,0.9806554913520813,0.98397296667099,0.9963536858558655,0.9847719669342041,0.9775798320770264,0.9689235687255859,0.9832655668258667,1
LPP_RS06940,LPP_RS06945,0,0.9547326564788818,0.9417162537574768,0.958982527256012,0.9776239991188049,0.8820529580116272,0.9345307350158691,0.9156104326248169,0.8511377573013306,0.9119343757629395,0.9627385139465332,0.9291060209274292,1
LPP_RS06945,LPP_RS06950,1,0.6483035683631897,0.6579826474189758,0.6162958741188049,0.3370268940925598,0.6104463934898376,0.5945402383804321,0.6238633394241333,0.7461611032485962,0.41557496786117554,0.6706741452217102,0.5920869171619415,1
LPP_RS06950,LPP_RS06955,1,0.992691159248352,0.988015353679657,0.9759939312934875,0.9837249517440796,0.9827456474304199,0.9899207353591919,0.9921179413795471,0.982115626335144,0.9907028079032898,0.9889094829559326,0.9866937637329102,1
LPP_RS07025,LPP_RS07030,1,0.9923314452171326,0.9899227023124695,0.9865851998329163,0.9916906952857971,0.9814386963844299,0.9878793954849243,0.9983591437339783,0.9844505786895752,0.986605167388916,0.9730927348136902,0.9872355759143829,1
LPP_RS07030,LPP_RS07035,1,0.985325813293457,0.9690532088279724,0.9832056164741516,0.9826483130455017,0.9611690640449524,0.9843840599060059,0.9820581078529358,0.9616070985794067,0.9791948199272156,0.9858200550079346,0.9774466156959534,1
LPP_RS07035,LPP_RS07040,1,0.9837448000907898,0.9632328152656555,0.9663026928901672,0.9653587341308594,0.9333865642547607,0.9551975727081299,0.980905294418335,0.9695465564727783,0.9738829135894775,0.9634754657745361,0.9655033409595489,1
LPP_RS07040,LPP_RS07045,1,0.4974270761013031,0.3184884488582611,0.5048351287841797,0.03434491157531738,0.2995173931121826,0.5276244878768921,0.5410842299461365,0.37529125809669495,0.18776044249534607,0.4812520444393158,0.3767625421285629,0
LPP_RS07105,LPP_RS07110,1,0.9922699332237244,0.9858183860778809,0.9934332966804504,0.9923220872879028,0.9872522950172424,0.9903963208198547,0.9986792802810669,0.9890068769454956,0.9810643792152405,0.9877833127975464,0.9898026168346405,1
LPP_RS07110,LPP_RS07115,1,0.9857897162437439,0.9767281413078308,0.975109875202179,0.9803521633148193,0.9576903581619263,0.9683452844619751,0.9706500768661499,0.982441782951355,0.9790454506874084,0.977325439453125,0.9753478288650512,1
LPP_RS07125,LPP_RS07130,1,0.983961820602417,0.9892580509185791,0.9837368130683899,0.9786733984947205,0.9740269780158997,0.9816015362739563,0.9930806159973145,0.9739331007003784,0.9744820594787598,0.9658541679382324,0.9798608541488647,1
LPP_RS07130,LPP_RS07135,1,0.26636651158332825,0.2331170290708542,0.22680442035198212,0.05713300779461861,0.11984501779079437,0.2688949704170227,0.1727662831544876,0.2154586762189865,0.09248627722263336,0.20121392607688904,0.18540861196815966,0
LPP_RS07170,LPP_RS07175,1,0.9918572306632996,0.9856498837471008,0.985045850276947,0.9856967329978943,0.9794411659240723,0.9808022975921631,0.9977135062217712,0.9879598021507263,0.9850461483001709,0.9795341491699219,0.9858746767044068,1
LPP_RS07175,LPP_RS07180,1,0.9860073924064636,0.96490877866745,0.9602029323577881,0.9222103357315063,0.9612074494361877,0.9784998297691345,0.9840962290763855,0.9609230756759644,0.9675828218460083,0.9685003161430359,0.9654139161109925,1
LPP_RS07180,LPP_RS07185,1,0.9910270571708679,0.9897634983062744,0.9728274345397949,0.9816709756851196,0.981719434261322,0.9900164604187012,0.9855093359947205,0.9813812375068665,0.987358570098877,0.9868188500404358,0.984809285402298,1
LPP_RS07185,LPP_RS07190,0,0.5597800016403198,0.677415132522583,0.47714391350746155,0.2423909306526184,0.4554354250431061,0.5852446556091309,0.5311352014541626,0.6999726891517639,0.4641619622707367,0.5266936421394348,0.5219373553991318,1
LPP_RS07190,LPP_RS07195,1,0.990030825138092,0.9871010184288025,0.977702796459198,0.9814127087593079,0.9777425527572632,0.9869945645332336,0.9967559576034546,0.9796923995018005,0.9893506169319153,0.982136070728302,0.984891951084137,1
LPP_RS07195,LPP_RS07200,1,0.8823463320732117,0.9261249303817749,0.9229807257652283,0.9563155770301819,0.9251202940940857,0.9334452748298645,0.9598082304000854,0.9163589477539062,0.9032660126686096,0.8890158534049988,0.9214782178401947,1
LPP_RS07200,LPP_RS07205,1,0.9928482174873352,0.9755324125289917,0.9936850070953369,0.9884403944015503,0.9734309911727905,0.9806860089302063,0.9941695332527161,0.9847543835639954,0.9783910512924194,0.9875117540359497,0.9849449753761291,1
LPP_RS07205,LPP_RS07210,1,0.9865941405296326,0.9896201491355896,0.9760379195213318,0.9815727472305298,0.9705246090888977,0.9742119312286377,0.987444281578064,0.9721700549125671,0.9766803979873657,0.9429566264152527,0.9757812857627869,1
LPP_RS07365,LPP_RS07370,1,0.9868468642234802,0.9503206610679626,0.8356223106384277,0.9666044116020203,0.9161621332168579,0.9883097410202026,0.9096025824546814,0.9533621072769165,0.9579019546508789,0.9682285785675049,0.9432961344718933,1
LPP_RS07370,LPP_RS07375,0,0.9808926582336426,0.9801439046859741,0.9603147506713867,0.9728260636329651,0.9515108466148376,0.9509791731834412,0.9849790334701538,0.9785211682319641,0.9660341739654541,0.9750062823295593,0.9701208055019379,1
LPP_RS07375,LPP_RS07380,1,0.979862630367279,0.9230929613113403,0.9833278656005859,0.9434114694595337,0.9119070768356323,0.9652101397514343,0.9650819301605225,0.9324365258216858,0.9238961338996887,0.9610447287559509,0.9489271461963653,1
LPP_RS07380,LPP_RS07385,0,0.8871562480926514,0.8456223607063293,0.9175112843513489,0.5840645432472229,0.9453544616699219,0.8951476812362671,0.8374451398849487,0.8188601732254028,0.7223289012908936,0.7968002557754517,0.8250291049480438,1
LPP_RS07385,LPP_RS07390,1,0.7856212258338928,0.741686224937439,0.8136792778968811,0.6287550330162048,0.752959668636322,0.7880348563194275,0.7393885254859924,0.7192778587341309,0.7147091627120972,0.8172971606254578,0.7501408994197846,1
LPP_RS07390,LPP_RS07395,0,0.8606275320053101,0.6927837133407593,0.8939270973205566,0.5906788110733032,0.7684087753295898,0.7884940505027771,0.8589641451835632,0.5784529447555542,0.6762344837188721,0.6587000489234924,0.7367271602153778,1
LPP_RS07395,LPP_RS07400,1,0.9867819547653198,0.9717438817024231,0.9678820967674255,0.9850894808769226,0.9656829237937927,0.9690690040588379,0.9921550750732422,0.9759281277656555,0.9483143091201782,0.9639061689376831,0.972655302286148,1
LPP_RS07425,LPP_RS07430,1,0.9904274940490723,0.977398157119751,0.9880914688110352,0.9926936626434326,0.9633135199546814,0.9815363883972168,0.9950152635574341,0.9771425127983093,0.9782806038856506,0.9876548051834106,0.9831553876399994,1
LPP_RS07430,LPP_RS07435,1,0.973732590675354,0.9709624648094177,0.988681435585022,0.9787607192993164,0.9540823698043823,0.9391920566558838,0.9888138175010681,0.9622424244880676,0.9512422680854797,0.986819326877594,0.9694529473781586,1
LPP_RS07505,LPP_RS07510,1,0.9884161949157715,0.9905732274055481,0.979484498500824,0.9823167324066162,0.9738240838050842,0.9867451786994934,0.9927007555961609,0.9780400991439819,0.9831014275550842,0.9764089584350586,0.9831611156463623,1
LPP_RS07605,LPP_RS07610,1,0.9899162650108337,0.9773615598678589,0.9779739379882812,0.9666460156440735,0.9674703478813171,0.9841881394386292,0.9921913743019104,0.9832255244255066,0.9838947057723999,0.9653255939483643,0.9788193464279175,1
LPP_RS07610,LPP_RS07615,1,0.9737465381622314,0.9702552556991577,0.9538224935531616,0.9381052255630493,0.9331566095352173,0.9738303422927856,0.9935112595558167,0.9299825429916382,0.9648774266242981,0.9738753437995911,0.9605163037776947,1
LPP_RS07640,LPP_RS07645,1,0.9914697408676147,0.9855197072029114,0.9902477264404297,0.988129734992981,0.9840589165687561,0.9878242015838623,0.9944192171096802,0.9817529916763306,0.9799261093139648,0.9923006892204285,0.9875649034976959,1
LPP_RS07645,LPP_RS07650,1,0.9871965646743774,0.9802845120429993,0.9760009050369263,0.9764435291290283,0.9591307044029236,0.9863872528076172,0.9736522436141968,0.9678425192832947,0.9826512336730957,0.9778004884719849,0.9767389953136444,1
LPP_RS07650,LPP_RS07655,1,0.9786386489868164,0.9787507653236389,0.9744232892990112,0.988126814365387,0.9627896547317505,0.9689562320709229,0.9898226261138916,0.9852602481842041,0.9618667960166931,0.9856836795806885,0.9774318754673004,1
LPP_RS07655,LPP_RS07660,1,0.9876703023910522,0.973507821559906,0.9777535796165466,0.981303334236145,0.9426126480102539,0.9880947470664978,0.9763762950897217,0.9761996269226074,0.9886835217475891,0.9774380326271057,0.9769639909267426,1
LPP_RS07660,LPP_RS07665,1,0.9897677302360535,0.9739918112754822,0.9730784893035889,0.971094012260437,0.9498011469841003,0.9808370471000671,0.9751520752906799,0.9760984182357788,0.9831526279449463,0.9690945744514465,0.9742067933082581,1
LPP_RS07750,LPP_RS07755,1,0.9910916090011597,0.9896075129508972,0.9907808899879456,0.9908670783042908,0.9804567098617554,0.9903969168663025,0.9977541565895081,0.9864816665649414,0.9900560975074768,0.9886033535003662,0.9896095991134644,1
LPP_RS07755,LPP_RS07760,1,0.9771809577941895,0.9365822672843933,0.9519854187965393,0.9223467707633972,0.9409244060516357,0.9757854342460632,0.9148290753364563,0.8892561793327332,0.9433469176292419,0.9353609085083008,0.938759833574295,1
LPP_RS07760,LPP_RS07790,0,9.706217679195106e-05,0.001099311513826251,0.00040804006857797503,0.00020977704843971878,0.0005206273635849357,0.0013640864053741097,0.0003069976228289306,0.00023226349730975926,0.00038633515941910446,3.053965701838024e-05,0.0004655040513171116,0
LPP_RS07790,LPP_RS07795,1,0.9910868406295776,0.9738675951957703,0.9913901686668396,0.9922671914100647,0.9643558263778687,0.9897809624671936,0.9942442178726196,0.9773622751235962,0.9766557216644287,0.9864414930343628,0.9837452292442321,1
LPP_RS07860,LPP_RS07865,1,0.9892112016677856,0.9885898232460022,0.9688957333564758,0.9511092305183411,0.9665329456329346,0.9671888947486877,0.9895532131195068,0.9645731449127197,0.9733608365058899,0.971439003944397,0.9730454027652741,1
LPP_RS07905,LPP_RS07910,1,0.5185344815254211,0.5862143635749817,0.6927084922790527,0.4633399546146393,0.5112665295600891,0.5958592891693115,0.7587959170341492,0.5912402868270874,0.4256219267845154,0.4398353099822998,0.5583416551351548,1
LPP_RS07910,LPP_RS07930,0,0.0008924484136514366,0.003905689110979438,0.003241676138713956,0.0002783279924187809,0.002641210565343499,0.004585330840200186,0.003261629492044449,0.0007674663793295622,0.0021050411742180586,0.00011659124720608816,0.0021795411354105453,0
LPP_RS07930,LPP_RS07935,1,0.6207306385040283,0.46229180693626404,0.5181760191917419,0.9260988831520081,0.663009524345398,0.49414461851119995,0.7716653347015381,0.4695149064064026,0.7303145527839661,0.6067886352539062,0.6262734919786453,1
LPP_RS08055,LPP_RS08060,1,0.9867326617240906,0.9667772650718689,0.9501866698265076,0.9312273263931274,0.9579362869262695,0.9748713970184326,0.974471390247345,0.9507714509963989,0.9758117198944092,0.9602503776550293,0.9629036545753479,1
LPP_RS08075,LPP_RS08080,1,0.9904009699821472,0.9877128005027771,0.9870746731758118,0.987942099571228,0.9767475724220276,0.9843270778656006,0.9911506772041321,0.9854772686958313,0.9775722026824951,0.9806008338928223,0.9849006175994873,1
LPP_RS08185,LPP_RS08190,1,0.9914993047714233,0.989318311214447,0.9872409105300903,0.9670215249061584,0.9844412207603455,0.9857436418533325,0.9947828650474548,0.9874129891395569,0.9891915321350098,0.9807353615760803,0.9857387661933898,1
LPP_RS08255,LPP_RS08260,1,0.774823784828186,0.8403420448303223,0.7693693041801453,0.8664984703063965,0.8718713521957397,0.8605359792709351,0.8844853639602661,0.8087225556373596,0.7286625504493713,0.8746210932731628,0.8279932498931885,1
LPP_RS08395,LPP_RS08400,1,0.9918054342269897,0.9818363785743713,0.9860767126083374,0.983527421951294,0.9812445044517517,0.9871691465377808,0.9943752884864807,0.9830148220062256,0.9868387579917908,0.9835518002510071,0.9859440267086029,1
LPP_RS08400,LPP_RS08405,1,0.9791402220726013,0.9728543758392334,0.9859223961830139,0.9832665324211121,0.9546087384223938,0.9580403566360474,0.9891132116317749,0.9868173599243164,0.9692108035087585,0.9708983302116394,0.9749872326850891,1
LPP_RS08405,LPP_RS08410,1,0.9937815070152283,0.9914879202842712,0.9972259998321533,0.9973659515380859,0.9881978034973145,0.986731767654419,0.9989416003227234,0.9921912550926208,0.9873825907707214,0.9920751452445984,0.9925381541252136,1
LPP_RS08410,LPP_RS08415,1,0.986792266368866,0.9835348129272461,0.9919127821922302,0.990818440914154,0.9833680987358093,0.9874487519264221,0.9941811561584473,0.9824422597885132,0.9713391065597534,0.9909540414810181,0.9862791717052459,1
LPP_RS08465,LPP_RS08470,1,0.9922692179679871,0.9782547950744629,0.9896360635757446,0.9911110997200012,0.9839418530464172,0.9766854047775269,0.9962409734725952,0.9798943996429443,0.9789988398551941,0.9758723974227905,0.9842905044555664,1
LPP_RS08470,LPP_RS08490,0,0.0030250137206166983,0.0040242914110422134,0.006615370977669954,0.0038983498234301805,0.00600531417876482,0.012193300761282444,0.0035860708449035883,0.0021644094958901405,0.004454080481082201,0.0010132105089724064,0.004697941220365464,0
LPP_RS08490,LPP_RS08495,1,0.9888229966163635,0.9789445996284485,0.9801981449127197,0.980556309223175,0.9769957661628723,0.9852326512336731,0.9942763447761536,0.9752176403999329,0.9802181124687195,0.9753811955451965,0.9815843760967254,1
LPP_RS08545,LPP_RS08550,1,0.9859540462493896,0.983952522277832,0.9846442341804504,0.9881715178489685,0.9703822731971741,0.967322587966919,0.9959258437156677,0.9839205145835876,0.979244589805603,0.9875481128692627,0.9827066242694855,1
LPP_RS08550,LPP_RS08555,1,0.9916905760765076,0.9923691749572754,0.9918741583824158,0.9909946918487549,0.9854872822761536,0.9867545366287231,0.9976915121078491,0.9894139170646667,0.9815897345542908,0.9828290939331055,0.9890694677829742,1
LPP_RS08555,LPP_RS08560,0,0.7334319949150085,0.6760982871055603,0.7828417420387268,0.37293004989624023,0.7207251191139221,0.8106198310852051,0.8281775712966919,0.7357072234153748,0.3444841802120209,0.46039828658103943,0.646541428565979,1
LPP_RS08560,LPP_RS08565,1,0.756907045841217,0.7266994118690491,0.9428731203079224,0.7561432719230652,0.8603734970092773,0.8298178315162659,0.8356850147247314,0.7335270643234253,0.67597895860672,0.8826868534088135,0.8000692069530487,1
LPP_RS08565,LPP_RS08570,0,0.9859418272972107,0.9883818030357361,0.9726759791374207,0.9866992831230164,0.9704424142837524,0.9776374101638794,0.9791896939277649,0.974781334400177,0.9722939729690552,0.9779794216156006,0.9786023139953614,1
LPP_RS08570,LPP_RS08575,1,0.983863353729248,0.9338089823722839,0.9537190198898315,0.9556770920753479,0.9397413730621338,0.9653546810150146,0.963114321231842,0.9559075236320496,0.9762412905693054,0.9434143900871277,0.9570842027664185,1
LPP_RS08705,LPP_RS08710,1,0.9901066422462463,0.9859521389007568,0.9844568371772766,0.9898363947868347,0.969297468662262,0.9853519201278687,0.9962790012359619,0.9761244654655457,0.980913519859314,0.9880203008651733,0.984633868932724,1
LPP_RS08710,LPP_RS08715,1,0.7733815908432007,0.7595145106315613,0.7984411716461182,0.8062481880187988,0.7595884799957275,0.7974224090576172,0.7407098412513733,0.7037892937660217,0.6240803003311157,0.905931293964386,0.766910707950592,1
LPP_RS08740,LPP_RS08745,1,0.993593692779541,0.9955154657363892,0.9971134066581726,0.9958396553993225,0.9945574402809143,0.9903993010520935,0.9992722868919373,0.9957165718078613,0.9829427003860474,0.9961315989494324,0.9941082119941711,1
LPP_RS08840,LPP_RS08845,1,0.9876663088798523,0.9885237216949463,0.9805290699005127,0.9549971222877502,0.9798097014427185,0.9823631048202515,0.9954655766487122,0.9826969504356384,0.982850968837738,0.963538408279419,0.9798440933227539,1
LPP_RS08895,LPP_RS08900,1,0.989443302154541,0.8951235413551331,0.9929133057594299,0.993262529373169,0.9487813711166382,0.9753827452659607,0.9679867625236511,0.9688202738761902,0.9600245356559753,0.9738993048667908,0.9665637671947479,1
LPP_RS08900,LPP_RS08905,1,0.9904201626777649,0.9899465441703796,0.9783921241760254,0.9832556247711182,0.9777370691299438,0.9801710247993469,0.9940950870513916,0.9813291430473328,0.9816603064537048,0.985434889793396,0.9842441976070404,1
LPP_RS08905,LPP_RS08910,1,0.9798829555511475,0.9811912775039673,0.987445592880249,0.9732325077056885,0.9635589122772217,0.9549776911735535,0.9866999983787537,0.9672728776931763,0.9475664496421814,0.9748292565345764,0.9716657519340515,1
LPP_RS08925,LPP_RS08930,1,0.9924659729003906,0.9885358810424805,0.9911198616027832,0.9951565861701965,0.985892117023468,0.98648601770401,0.9962286353111267,0.9847976565361023,0.9867027997970581,0.9889132380485535,0.9896298766136169,1
LPP_RS09085,LPP_RS09090,1,0.9887707829475403,0.9800547361373901,0.9852834939956665,0.979655385017395,0.9711630344390869,0.9831247329711914,0.9919856190681458,0.9743504524230957,0.9773937463760376,0.9729198813438416,0.9804701864719391,1
LPP_RS09125,LPP_RS09130,1,0.9919436573982239,0.9845515489578247,0.9793142080307007,0.980012834072113,0.968398928642273,0.9926267862319946,0.9915763735771179,0.9846405982971191,0.9857537150382996,0.9858349561691284,0.9844653606414795,1
LPP_RS09130,LPP_RS09140,0,0.11244858056306839,0.20028406381607056,0.06733592599630356,0.06065940484404564,0.07106196135282516,0.2394077181816101,0.05235768109560013,0.07614413648843765,0.12846341729164124,0.024546179920434952,0.10327090695500374,0
LPP_RS09140,LPP_RS09145,1,0.9879356622695923,0.9900999069213867,0.9954743981361389,0.9918699860572815,0.9770118594169617,0.9878522157669067,0.9986192584037781,0.9836145639419556,0.9757540225982666,0.9897723197937012,0.9878004193305969,1
LPP_RS09265,LPP_RS09270,1,0.9893806576728821,0.9878090023994446,0.9685128927230835,0.9518340826034546,0.9794173836708069,0.9876164197921753,0.987371563911438,0.9745606184005737,0.9876397252082825,0.9750246405601501,0.9789166986942291,1
LPP_RS09410,LPP_RS09415,1,0.9919501543045044,0.9934788346290588,0.9957016110420227,0.9960117936134338,0.98447585105896,0.9784300327301025,0.9975122213363647,0.9909361004829407,0.9815173149108887,0.9888432621955872,0.9898857176303864,1
LPP_RS09435,LPP_RS09440,1,0.9855132102966309,0.9629836678504944,0.960379958152771,0.9181892275810242,0.9382757544517517,0.9759134650230408,0.954107940196991,0.9573138952255249,0.9828445315361023,0.9540562033653259,0.9589577853679657,1
LPP_RS09440,LPP_RS09445,1,0.9794214963912964,0.9549528956413269,0.9523791670799255,0.9285774827003479,0.9189683198928833,0.9492887854576111,0.9611724615097046,0.9632832407951355,0.9655022621154785,0.9372032880783081,0.9510749399662017,1
LPP_RS09585,LPP_RS09590,1,0.9535993933677673,0.9532563090324402,0.9854627251625061,0.9281994104385376,0.9666616916656494,0.9669896960258484,0.9911636710166931,0.9534754157066345,0.9210048317909241,0.975595235824585,0.9595408380031586,1
LPP_RS09590,LPP_RS09595,1,0.4767509996891022,0.4987674057483673,0.5588722825050354,0.6663505434989929,0.6087231636047363,0.6448866724967957,0.6315390467643738,0.49645259976387024,0.6048986315727234,0.6516773104667664,0.5838918656110763,1
LPP_RS09595,LPP_RS09600,1,0.9743620753288269,0.9637194871902466,0.9520241022109985,0.9792053699493408,0.9326114058494568,0.9372249245643616,0.9736948609352112,0.9766554832458496,0.9640511274337769,0.9261507987976074,0.9579699635505676,1
LPP_RS09775,LPP_RS09780,1,0.733479917049408,0.6543930172920227,0.6708410382270813,0.7601189017295837,0.65195631980896,0.6205825805664062,0.6420868635177612,0.43642181158065796,0.27417078614234924,0.4233655035495758,0.5867416739463807,1
LPP_RS09830,LPP_RS09835,1,0.9107746481895447,0.9530583024024963,0.9652746319770813,0.980938196182251,0.9410703182220459,0.9437872171401978,0.9713117480278015,0.9377894997596741,0.9165783524513245,0.9801443815231323,0.950072729587555,1
LPP_RS09905,LPP_RS09910,1,0.9835260510444641,0.979400098323822,0.9912449717521667,0.9932737946510315,0.970909833908081,0.9724979996681213,0.997087836265564,0.9873677492141724,0.9663637280464172,0.9865459203720093,0.9828217983245849,1
LPP_RS09980,LPP_RS09985,1,0.8747947216033936,0.9652840495109558,0.9068182706832886,0.9396512508392334,0.9453735947608948,0.9633477330207825,0.968658983707428,0.9211561679840088,0.9273975491523743,0.8565264344215393,0.9269008755683898,1
LPP_RS10085,LPP_RS10090,1,0.9554949998855591,0.9756631851196289,0.983434796333313,0.99155193567276,0.9709908366203308,0.9745342135429382,0.9936590790748596,0.966139554977417,0.9729164242744446,0.9498773217201233,0.9734262347221374,1
LPP_RS10185,LPP_RS10190,1,0.9925103187561035,0.990329384803772,0.9844693541526794,0.9911759495735168,0.9740488529205322,0.9800166487693787,0.9937302470207214,0.9890931844711304,0.9803021550178528,0.9869564175605774,0.9862632513046264,1
LPP_RS10190,LPP_RS10195,1,0.930667519569397,0.9317806959152222,0.9586539268493652,0.9520139098167419,0.9429345726966858,0.891100287437439,0.9719275236129761,0.9414255619049072,0.900568425655365,0.9305427074432373,0.9351615130901336,1
LPP_RS10270,LPP_RS10275,1,0.9906976222991943,0.9773915410041809,0.9815372228622437,0.9712888598442078,0.9746063947677612,0.9847590327262878,0.9921082258224487,0.9800262451171875,0.9841738343238831,0.9702923893928528,0.9806881368160247,1
LPP_RS10550,LPP_RS10555,1,0.8911450505256653,0.9203763604164124,0.9682143926620483,0.9456745386123657,0.9079107046127319,0.9056900143623352,0.9560605883598328,0.9168041944503784,0.7759855389595032,0.9630914926528931,0.9150952875614167,1
LPP_RS10565,LPP_RS10570,1,0.8653976321220398,0.8195033073425293,0.8945590257644653,0.8715800642967224,0.7979265451431274,0.8112361431121826,0.8604185581207275,0.7136391997337341,0.5863977670669556,0.9434314966201782,0.8164089739322662,1
LPP_RS10580,LPP_RS10585,1,0.9615411758422852,0.9435228109359741,0.976410448551178,0.9621226191520691,0.9104916453361511,0.9235526323318481,0.9637154936790466,0.8421221375465393,0.8825140595436096,0.8970661759376526,0.9263059198856354,1
LPP_RS10585,LPP_RS10590,1,0.8585686683654785,0.7239157557487488,0.880266010761261,0.4876560568809509,0.6008750796318054,0.6929793953895569,0.6317623257637024,0.5563660264015198,0.7580050826072693,0.531842827796936,0.6722237229347229,1
LPP_RS10670,LPP_RS10675,1,0.9758549928665161,0.9663182497024536,0.9503049254417419,0.9849563241004944,0.9301524758338928,0.9582896828651428,0.9853610992431641,0.9462563395500183,0.9681488275527954,0.9738695621490479,0.9639512479305268,1
LPP_RS10765,LPP_RS10770,1,0.8886398673057556,0.9462933540344238,0.909707248210907,0.9236583709716797,0.911685585975647,0.8906744122505188,0.8979583382606506,0.8104816675186157,0.8534069657325745,0.9021965265274048,0.8934702336788177,1
LPP_RS10770,LPP_RS10775,1,0.8447222113609314,0.8950677514076233,0.9580341577529907,0.5729610323905945,0.8837342262268066,0.8468626141548157,0.8362069725990295,0.8382445573806763,0.5428732633590698,0.9590274691581726,0.8177734255790711,1
LPP_RS10790,LPP_RS10795,1,0.9845754504203796,0.9655638337135315,0.9817407131195068,0.9896628260612488,0.9784703850746155,0.9839128851890564,0.975318193435669,0.9723476767539978,0.9652479290962219,0.9758942723274231,0.977273416519165,1
LPP_RS10835,LPP_RS10840,1,0.9631669521331787,0.9168433547019958,0.8828723430633545,0.8237985968589783,0.7605320811271667,0.9040314555168152,0.7805096507072449,0.929052472114563,0.8384391069412231,0.8076331615447998,0.860687917470932,1
LPP_RS11025,LPP_RS11030,1,0.9924954175949097,0.9913685917854309,0.9908409714698792,0.9942532181739807,0.9855620861053467,0.9851741790771484,0.9973077774047852,0.9880403280258179,0.9844407439231873,0.9818518161773682,0.9891335129737854,1
LPP_RS11030,LPP_RS11035,1,0.9919132590293884,0.9901552796363831,0.9945253133773804,0.9946302771568298,0.9831899404525757,0.987551212310791,0.9989585280418396,0.9899584650993347,0.9832586050033569,0.9889934062957764,0.9903134286403656,1
LPP_RS11035,LPP_RS11040,1,0.9903615117073059,0.9833162426948547,0.9782891869544983,0.9730114340782166,0.9709030985832214,0.9740605354309082,0.994120717048645,0.9811109304428101,0.9765846133232117,0.9751477837562561,0.9796906054019928,1
LPP_RS11040,LPP_RS11045,1,0.9884553551673889,0.9826401472091675,0.9758110046386719,0.9695730805397034,0.9569493532180786,0.9816956520080566,0.9851264953613281,0.9747971296310425,0.9861241579055786,0.9703484773635864,0.9771520853042602,1
LPP_RS11045,LPP_RS11050,1,0.9921000599861145,0.9874805212020874,0.9910959601402283,0.9903438091278076,0.9787781238555908,0.9816123247146606,0.9971098303794861,0.9869723916053772,0.9836487770080566,0.9760154485702515,0.9865157246589661,1
LPP_RS11090,LPP_RS11095,1,0.9288148880004883,0.9133075475692749,0.8479815125465393,0.8028644919395447,0.8072091937065125,0.9233022928237915,0.9094448685646057,0.7476666569709778,0.8848088979721069,0.8188315629959106,0.8584231913089753,1
LPP_RS11095,LPP_RS11100,1,0.9876269698143005,0.9783748388290405,0.9701346158981323,0.9684372544288635,0.9610341787338257,0.9783473014831543,0.9911932349205017,0.9627298712730408,0.9782830476760864,0.9704738259315491,0.9746635138988495,1
LPP_RS11100,LPP_RS11105,1,0.9911460876464844,0.9782578349113464,0.9923055171966553,0.9931635856628418,0.9693931937217712,0.97531658411026,0.9973770976066589,0.9867770075798035,0.9731786847114563,0.986600935459137,0.9843516528606415,1
LPP_RS11190,LPP_RS11195,1,0.9889242053031921,0.9840769171714783,0.9882034659385681,0.9777640700340271,0.9518042206764221,0.9801076650619507,0.9976584315299988,0.9729775786399841,0.9792065620422363,0.9829403758049011,0.9803663492202759,1
LPP_RS11195,LPP_RS11200,1,0.9915627837181091,0.98772794008255,0.9883757829666138,0.9876418113708496,0.9769376516342163,0.9815886616706848,0.9966719150543213,0.9833894371986389,0.9849093556404114,0.9756976962089539,0.9854503035545349,1
LPP_RS11200,LPP_RS11205,1,0.9874513149261475,0.989683985710144,0.991774320602417,0.9915764927864075,0.9788650274276733,0.9721911549568176,0.9952189922332764,0.991310179233551,0.9741529226303101,0.9841635227203369,0.9856387913227082,1
LPP_RS11205,LPP_RS11210,1,0.9872534871101379,0.9785785675048828,0.9921002984046936,0.9915696382522583,0.9628427028656006,0.9907748699188232,0.9974578619003296,0.9754610657691956,0.9747834205627441,0.9894576668739319,0.9840279579162597,1
LPP_RS11230,LPP_RS11235,1,0.9776742458343506,0.9681918621063232,0.9473398923873901,0.9687157273292542,0.9488012790679932,0.9536297917366028,0.9615025520324707,0.9742339849472046,0.964370846748352,0.9678415060043335,0.9632301688194275,1
LPP_RS11235,LPP_RS11240,1,0.9698101282119751,0.9779298901557922,0.9801926612854004,0.974634051322937,0.9571210145950317,0.9743317365646362,0.9874560236930847,0.9234897494316101,0.9713960289955139,0.9477808475494385,0.966414213180542,1
LPP_RS11270,LPP_RS11275,1,0.9936805367469788,0.9933353662490845,0.9960110783576965,0.997374415397644,0.9895942807197571,0.991884171962738,0.9991536140441895,0.996484637260437,0.9851394295692444,0.9861456751823425,0.9928803205490112,1
LPP_RS11275,LPP_RS11280,1,0.9528419375419617,0.9754506349563599,0.9814943671226501,0.9807807207107544,0.9662327170372009,0.9821035265922546,0.98276686668396,0.9876526594161987,0.9757934212684631,0.9691619277000427,0.9754278779029846,1
LPP_RS11280,LPP_RS11285,1,0.9754278659820557,0.9860119819641113,0.9840219616889954,0.9792345762252808,0.9743732213973999,0.9819270968437195,0.9910157322883606,0.9765259623527527,0.9833476543426514,0.9703189730644226,0.980220502614975,1
LPP_RS11285,LPP_RS11290,1,0.9923572540283203,0.9815394282341003,0.9896778464317322,0.9900888800621033,0.977865993976593,0.9851295351982117,0.9932605028152466,0.9871344566345215,0.9876335859298706,0.9811549186706543,0.9865842401981354,1
LPP_RS11400,LPP_RS11405,1,0.992286741733551,0.9909169673919678,0.9807199239730835,0.9889124035835266,0.9694406390190125,0.9927136301994324,0.9923863410949707,0.9819886088371277,0.9878417253494263,0.9897855520248413,0.986699253320694,1
LPP_RS11405,LPP_RS11410,1,0.9666742086410522,0.9670196771621704,0.962130069732666,0.9773889780044556,0.912500262260437,0.9283356666564941,0.9873969554901123,0.9674859046936035,0.9448372721672058,0.9773721694946289,0.9591141164302825,1
LPP_RS11410,LPP_RS11415,1,0.9912950396537781,0.988878607749939,0.985893964767456,0.9896334409713745,0.9744105339050293,0.9869610071182251,0.994825541973114,0.9821925163269043,0.9889236092567444,0.9888300895690918,0.9871844351291656,1
LPP_RS11460,LPP_RS11465,1,0.9835913181304932,0.9405884146690369,0.9452431797981262,0.9470646381378174,0.8649906516075134,0.9789149761199951,0.97453773021698,0.9568636417388916,0.934154212474823,0.9311429858207703,0.9457091748714447,1
LPP_RS11465,LPP_RS11470,1,0.9915239810943604,0.9844284057617188,0.992752194404602,0.9931976795196533,0.9890679121017456,0.9899727702140808,0.9930614233016968,0.9826158881187439,0.9825809597969055,0.9880660176277161,0.9887267231941224,1
LPP_RS11470,LPP_RS11475,1,0.9820865392684937,0.9760540723800659,0.9662449359893799,0.9775746464729309,0.9309375882148743,0.9552276134490967,0.9812283515930176,0.9553255438804626,0.9615524411201477,0.9063868522644043,0.9592618584632874,1
LPP_RS11525,LPP_RS11530,1,0.9921685457229614,0.9741473197937012,0.9791136980056763,0.9741984605789185,0.9828371405601501,0.9860237240791321,0.992607593536377,0.9878756403923035,0.9897317290306091,0.9814386963844299,0.9840142548084259,1
LPP_RS11555,LPP_RS11560,1,0.9920952320098877,0.9856842756271362,0.9803411960601807,0.963909924030304,0.9770712852478027,0.9885547161102295,0.9875752925872803,0.9807533621788025,0.9894481301307678,0.9686047434806824,0.9814038157463074,1
LPP_RS11560,LPP_RS11565,1,0.9939879775047302,0.9898260235786438,0.9952126741409302,0.9932861328125,0.9855427145957947,0.9900598526000977,0.9986984133720398,0.993277370929718,0.9882722496986389,0.9835786819458008,0.9911742091178894,1
LPP_RS11565,LPP_RS11570,0,0.726422131061554,0.6979309916496277,0.7075753211975098,0.9066870212554932,0.725479006767273,0.8211427927017212,0.6052945256233215,0.6814521551132202,0.7638360857963562,0.8050905466079712,0.7440910577774048,1
LPP_RS11570,LPP_RS11575,1,0.8544725179672241,0.6286329627037048,0.8887771964073181,0.5178186893463135,0.681603729724884,0.8491929769515991,0.9218785166740417,0.6251065731048584,0.45017239451408386,0.9000746011734009,0.7317730158567428,1
LPP_RS11745,LPP_RS11750,1,0.34472963213920593,0.42901262640953064,0.4453333914279938,0.252763032913208,0.273079514503479,0.4525308907032013,0.3578184247016907,0.39493945240974426,0.21756501495838165,0.21137335896492004,0.33791453391313553,0
LPP_RS11750,LPP_RS11755,1,0.9429455995559692,0.9425952434539795,0.9282464385032654,0.93406742811203,0.9237172603607178,0.951610267162323,0.9609741568565369,0.8984049558639526,0.9666911959648132,0.9483163356781006,0.9397568881511689,1
LPP_RS11785,LPP_RS11790,1,0.9898669123649597,0.9863793849945068,0.9850624799728394,0.9831932187080383,0.9644909501075745,0.9864423871040344,0.9914532899856567,0.980781614780426,0.9820492267608643,0.9900570511817932,0.9839776515960693,1
LPP_RS11790,LPP_RS11795,1,0.9804928302764893,0.9286735653877258,0.938937783241272,0.9012040495872498,0.875465989112854,0.95950847864151,0.9135788083076477,0.9400123357772827,0.976959228515625,0.9151780009269714,0.9330011069774627,1
LPP_RS11795,LPP_RS11800,0,0.9746618270874023,0.99410080909729,0.9919358491897583,0.9866865873336792,0.9805953502655029,0.9839369058609009,0.9923539161682129,0.9878261685371399,0.9809076189994812,0.9521293044090271,0.9825134336948395,1
LPP_RS11800,LPP_RS11805,1,0.9877799153327942,0.9768849015235901,0.9741180539131165,0.9509379267692566,0.9569693207740784,0.9853767156600952,0.9849931001663208,0.9685690402984619,0.9805685877799988,0.9735780358314514,0.9739775598049164,1
LPP_RS11805,LPP_RS11810,1,0.9831312298774719,0.9743919372558594,0.9886257648468018,0.985528826713562,0.9337649345397949,0.9603013396263123,0.96604323387146,0.9796911478042603,0.9785665273666382,0.9535397291183472,0.9703584671020508,1
LPP_RS11810,LPP_RS11815,1,0.9858856201171875,0.9676197171211243,0.9679481387138367,0.9527132511138916,0.9487173557281494,0.9731013178825378,0.974442720413208,0.9818941950798035,0.9845646619796753,0.963277280330658,0.9700164258480072,1
LPP_RS11815,LPP_RS11820,1,0.9854549765586853,0.9824625253677368,0.9924758672714233,0.9917882084846497,0.9694578647613525,0.9746869206428528,0.997192919254303,0.9761601090431213,0.9748592972755432,0.9698225259780884,0.9814361214637757,1
LPP_RS11820,LPP_RS11830,0,0.04168803617358208,0.10251517593860626,0.0501912385225296,0.008914783596992493,0.06128445640206337,0.0895141214132309,0.03895056992769241,0.09895537793636322,0.032787807285785675,0.016743304207921028,0.0541544871404767,0
LPP_RS11830,LPP_RS11835,1,0.9892280697822571,0.9813925623893738,0.9858624935150146,0.9496641755104065,0.9640070796012878,0.9842020273208618,0.9884119629859924,0.9784890413284302,0.9798371195793152,0.9817389845848083,0.9782833516597748,1
LPP_RS11835,LPP_RS11840,1,0.990260124206543,0.963422417640686,0.9712019562721252,0.9780619144439697,0.960996150970459,0.9774347543716431,0.9834962487220764,0.9840245842933655,0.9838132858276367,0.9691533446311951,0.97618647813797,1
LPP_RS12145,LPP_RS12150,1,0.9886264801025391,0.9699617624282837,0.9716227054595947,0.9762617945671082,0.9430997371673584,0.9813640117645264,0.9697917699813843,0.9786659479141235,0.985372006893158,0.9737855195999146,0.973855173587799,1
LPP_RS12580,LPP_RS12585,1,0.982599139213562,0.9649074673652649,0.9782297611236572,0.9714292883872986,0.9353503584861755,0.9492605328559875,0.9738926887512207,0.9476380944252014,0.9488890767097473,0.9498642086982727,0.9602060616016388,1
LPP_RS12585,LPP_RS12590,1,0.9911577701568604,0.9775413870811462,0.9858173727989197,0.983523428440094,0.9740775227546692,0.9868379235267639,0.9952857494354248,0.9836780428886414,0.977662205696106,0.9888052940368652,0.984438669681549,1
LPP_RS12590,LPP_RS12595,1,0.9931970834732056,0.9913995265960693,0.9826709628105164,0.9879165887832642,0.9820442795753479,0.9928493499755859,0.995127260684967,0.9893055558204651,0.9910830855369568,0.9865612387657166,0.9892154932022095,1
LPP_RS12595,LPP_RS12600,1,0.9910687804222107,0.9743998050689697,0.9795905351638794,0.9529737234115601,0.9655027389526367,0.988251268863678,0.9833018183708191,0.9829509258270264,0.988620936870575,0.9713377952575684,0.9777998328208923,1
LPP_RS12600,LPP_RS12605,1,0.9933384656906128,0.9774930477142334,0.991265058517456,0.9902344942092896,0.9817544221878052,0.9893602132797241,0.9945938587188721,0.9892712831497192,0.9882044196128845,0.9867849946022034,0.98823002576828,1
LPP_RS12620,LPP_RS12625,1,0.9882044196128845,0.9846845269203186,0.9953122138977051,0.9955815672874451,0.9592742919921875,0.9749109148979187,0.9939100742340088,0.9693373441696167,0.9664539098739624,0.9858571887016296,0.9813526451587677,1
LPP_RS12625,LPP_RS12630,1,0.9528618454933167,0.9800947308540344,0.9670059680938721,0.9715821743011475,0.9580798745155334,0.9799016118049622,0.9858616590499878,0.9463220238685608,0.9683053493499756,0.9729099273681641,0.9682925164699554,1
LPP_RS12630,LPP_RS12650,0,0.00022541594807989895,0.0010434327414259315,0.00044573310879059136,0.0001986655406653881,0.0008410034934058785,0.002259093802422285,0.0009555197902955115,0.0005588771891780198,0.0008178299758583307,0.00011952617933275178,0.0007465097769454587,0
LPP_RS12650,LPP_RS12655,1,0.9659271836280823,0.9738406538963318,0.9876217246055603,0.9879958033561707,0.9648231863975525,0.9749226570129395,0.9674491286277771,0.9630786776542664,0.9557498097419739,0.9500225186347961,0.969143134355545,1
LPP_RS12655,LPP_RS12660,1,0.712421715259552,0.7609970569610596,0.7378589510917664,0.8720150589942932,0.7501584887504578,0.8324056267738342,0.8675296306610107,0.7817487716674805,0.7541406750679016,0.9498001337051392,0.8019076108932495,1
LPP_RS12880,LPP_RS12885,1,0.9320842623710632,0.9253550171852112,0.9918829798698425,0.9544559121131897,0.9311552047729492,0.962224543094635,0.9651575684547424,0.9037440419197083,0.8678926825523376,0.9690908789634705,0.940304309129715,1
LPP_RS12885,LPP_RS12890,1,0.9213825464248657,0.8722580671310425,0.8519057631492615,0.8451017737388611,0.9274154901504517,0.8490799069404602,0.8528313636779785,0.8884020447731018,0.8944039344787598,0.7889112234115601,0.8691692113876343,1
LPP_RS12955,LPP_RS12960,1,0.8812677264213562,0.9445627331733704,0.9583254456520081,0.9687946438789368,0.9128499627113342,0.9338924884796143,0.9531247615814209,0.9635345339775085,0.9495949149131775,0.9617522358894348,0.9427699446678162,1
LPP_RS12960,LPP_RS12965,1,0.9262337684631348,0.94370037317276,0.9593860507011414,0.9638810753822327,0.9426228404045105,0.8918138146400452,0.9720256328582764,0.8640528321266174,0.8995476961135864,0.8239585161209106,0.9187222599983216,1
LPP_RS13090,LPP_RS13095,1,0.9884907007217407,0.9610829949378967,0.9812329411506653,0.9654200673103333,0.9582451581954956,0.9688756465911865,0.9823241829872131,0.9772833585739136,0.9773373603820801,0.9561349153518677,0.9716427326202393,1
LPP_RS13095,LPP_RS13100,1,0.915724515914917,0.8963711857795715,0.912758469581604,0.9412088990211487,0.9369294047355652,0.9366446733474731,0.9676998257637024,0.9264955520629883,0.8545809388160706,0.962253212928772,0.9250666677951813,1
LPP_RS13100,LPP_RS13105,1,0.9712797403335571,0.9500520825386047,0.9558139443397522,0.9134105443954468,0.9189869165420532,0.9421716928482056,0.9543846845626831,0.9805547595024109,0.9685771465301514,0.965456485748291,0.9520687997341156,1
LPP_RS13120,LPP_RS13125,1,0.9874917268753052,0.9727701544761658,0.9691034555435181,0.9754962921142578,0.9411584734916687,0.9836480617523193,0.9755542874336243,0.9742199182510376,0.9869145154953003,0.9726434946060181,0.9739000380039216,1
LPP_RS13275,LPP_RS13280,1,0.9910632371902466,0.9717429280281067,0.9678380489349365,0.9388095736503601,0.9666865468025208,0.9887310266494751,0.9743964672088623,0.9743458032608032,0.985333263874054,0.9701999425888062,0.9729146838188172,1
LPP_RS13295,LPP_RS13300,1,0.8064024448394775,0.6388863921165466,0.7905818223953247,0.5918856859207153,0.7610207796096802,0.8533065915107727,0.6413093209266663,0.6300922632217407,0.6686782240867615,0.5960429310798645,0.697820645570755,1
LPP_RS13350,LPP_RS13355,1,0.9885894656181335,0.9852334856987,0.9879220128059387,0.9716997146606445,0.9675952792167664,0.9682399034500122,0.9895140528678894,0.9823404550552368,0.9723424315452576,0.9819062948226929,0.9795383095741272,1
LPP_RS13525,LPP_RS13530,1,0.9892050623893738,0.9728692173957825,0.9849218130111694,0.9917212128639221,0.9708296060562134,0.9849821925163269,0.9951130151748657,0.9799357056617737,0.9797752499580383,0.9800829291343689,0.9829436004161834,1
LPP_RS13585,LPP_RS13590,1,0.8383997082710266,0.8465527892112732,0.933917760848999,0.8720312118530273,0.7833388447761536,0.8024386763572693,0.9152529835700989,0.8355531096458435,0.6571602821350098,0.750662624835968,0.8235307991504669,1
LPP_RS13630,LPP_RS13635,1,0.6331942677497864,0.435671329498291,0.9182924032211304,0.2868030369281769,0.6283954381942749,0.6903113126754761,0.7988883852958679,0.4454820156097412,0.3054106533527374,0.5017961263656616,0.5644244968891143,1
LPP_RS13635,LPP_RS13640,1,0.9894497990608215,0.9935635328292847,0.9942466020584106,0.9947915077209473,0.9885779023170471,0.9888467788696289,0.9977535605430603,0.9882479906082153,0.9889140725135803,0.9831022620201111,0.9907494008541107,1
LPP_RS13680,LPP_RS13685,1,0.9797821044921875,0.9458258748054504,0.9860790371894836,0.9725332260131836,0.9563648700714111,0.9849714040756226,0.9953749775886536,0.9678855538368225,0.973635196685791,0.9832910299301147,0.9745743274688721,1
LPP_RS13735,LPP_RS13740,1,0.985565721988678,0.9803844690322876,0.9604204893112183,0.9635074138641357,0.9468684196472168,0.9793803691864014,0.9738629460334778,0.958632230758667,0.9797375202178955,0.9456616640090942,0.9674021244049072,1
LPP_RS13740,LPP_RS13745,0,0.653159499168396,0.6512141227722168,0.7965342402458191,0.4129408895969391,0.8303573131561279,0.8042243123054504,0.7728225588798523,0.7221406102180481,0.7338851094245911,0.6084463000297546,0.6985724955797196,1
LPP_RS13745,LPP_RS13750,1,0.9832204580307007,0.9529213309288025,0.9546738266944885,0.9363800883293152,0.9202028512954712,0.9695191979408264,0.9570283889770508,0.9703482389450073,0.9810497164726257,0.9592429399490356,0.9584587037563324,1
LPP_RS13750,LPP_RS13755,0,0.9854644536972046,0.9422084093093872,0.9609436988830566,0.9095495939254761,0.932997465133667,0.9653862714767456,0.9761345982551575,0.9733384251594543,0.976711094379425,0.9661085605621338,0.9588842570781708,1
LPP_RS13755,LPP_RS13760,1,0.9288302659988403,0.6257016062736511,0.9598882794380188,0.7770766615867615,0.7005071640014648,0.780414879322052,0.8414252400398254,0.6145157217979431,0.6253852844238281,0.8801826238632202,0.7733927726745605,1
LPP_RS13780,LPP_RS13785,1,0.9171488285064697,0.9589274525642395,0.9369254112243652,0.9634977579116821,0.9137384295463562,0.9615654945373535,0.9752851724624634,0.9493238925933838,0.9158120155334473,0.8850693702697754,0.9377293825149536,1
LPP_RS13785,LPP_RS13790,1,0.9634668827056885,0.9155941009521484,0.9038618206977844,0.8280234336853027,0.8012832403182983,0.9327226877212524,0.886763870716095,0.9000455141067505,0.9705719351768494,0.8995347619056702,0.900186824798584,1
LPP_RS13790,LPP_RS13795,1,0.97866290807724,0.9444520473480225,0.9397525787353516,0.9145563840866089,0.8661515712738037,0.9650245904922485,0.9103751182556152,0.9152039885520935,0.9623488783836365,0.9338052868843079,0.9330333352088929,1
LPP_RS13795,LPP_RS13815,0,0.000301508727716282,0.00048402693937532604,0.0003842238220386207,0.00018864830781240016,0.0012655315222218633,0.002947599161416292,0.0008650164818391204,0.00029318046290427446,0.0009760280954651535,4.368026930023916e-05,0.0007749443790089572,0
LPP_RS13815,LPP_RS13820,1,0.9885092377662659,0.9744598865509033,0.9724554419517517,0.9486263990402222,0.9672779440879822,0.981894314289093,0.9819254875183105,0.9820495843887329,0.9874269962310791,0.9701541662216187,0.9754779458045959,1
LPP_RS13995,LPP_RS14000,1,0.9896138906478882,0.9769083261489868,0.9676639437675476,0.9753314256668091,0.9537939429283142,0.9873200058937073,0.9619177579879761,0.9720969200134277,0.9817425608634949,0.9768691062927246,0.9743257880210876,1
LPP_RS14000,LPP_RS14005,1,0.987321138381958,0.9819114208221436,0.9717515110969543,0.9736669063568115,0.9758760333061218,0.9824831485748291,0.9894897937774658,0.9747142195701599,0.9815926551818848,0.9662056565284729,0.9785012483596802,1
LPP_RS14070,LPP_RS14075,1,0.9796882271766663,0.9473099708557129,0.9479155540466309,0.8971466422080994,0.8982718586921692,0.9670976996421814,0.9430827498435974,0.9076049327850342,0.9562792181968689,0.9376718997955322,0.9382068753242493,1
LPP_RS14075,LPP_RS14080,0,0.9937650561332703,0.9917941093444824,0.9950807690620422,0.9953185319900513,0.9836332201957703,0.9912109375,0.9974663257598877,0.9893655180931091,0.9883407950401306,0.9918248653411865,0.991780012845993,1
LPP_RS14080,LPP_RS14085,1,0.9915704727172852,0.9918340444564819,0.994633674621582,0.9943534731864929,0.9795236587524414,0.9816033244132996,0.9972289800643921,0.990047812461853,0.9768879413604736,0.9843798279762268,0.9882063210010529,1
LPP_RS14150,LPP_RS14155,1,0.9900261163711548,0.9887401461601257,0.9824584126472473,0.9934200644493103,0.9649722576141357,0.9906278252601624,0.9932170510292053,0.9764216542243958,0.9912775754928589,0.9723350405693054,0.9843496143817901,1
LPP_RS14155,LPP_RS14160,1,0.984868049621582,0.9608117938041687,0.9228575229644775,0.9127488732337952,0.950033962726593,0.9703373908996582,0.9367013573646545,0.9259905219078064,0.9745302796363831,0.9657726287841797,0.9504652380943298,1
LPP_RS14160,LPP_RS14165,1,0.9726590514183044,0.9167442321777344,0.9347946643829346,0.8558746576309204,0.8355090618133545,0.9564902782440186,0.8461528420448303,0.8648266792297363,0.9697620272636414,0.9089275002479553,0.906174099445343,1
LPP_RS14200,LPP_RS14205,1,0.9898426532745361,0.9905847311019897,0.9809011220932007,0.988966166973114,0.9692521691322327,0.9889546036720276,0.9881064295768738,0.983298659324646,0.9844546914100647,0.9916636347770691,0.9856024861335755,1
LPP_RS14380,LPP_RS14385,1,0.9771718978881836,0.9619717001914978,0.922600269317627,0.9322667717933655,0.8589942455291748,0.9641278982162476,0.9561460614204407,0.9321022629737854,0.9578425884246826,0.9286476373672485,0.9391871333122254,1
LPP_RS14420,LPP_RS14425,1,0.9008507132530212,0.8802971839904785,0.9422680139541626,0.9583280682563782,0.9353802800178528,0.9202446937561035,0.9729685187339783,0.8991568684577942,0.8802515268325806,0.9683445692062378,0.9258090436458588,1
LPP_RS14425,LPP_RS14430,1,0.9800674915313721,0.9474185109138489,0.9530571699142456,0.8663299083709717,0.9053217768669128,0.9757888913154602,0.9364306330680847,0.9292163848876953,0.9772301316261292,0.9479859471321106,0.9418846845626831,1
LPP_RS14505,LPP_RS14510,1,0.9653331637382507,0.9647478461265564,0.983635425567627,0.9907864332199097,0.9698310494422913,0.9801692962646484,0.9951145648956299,0.9706581830978394,0.9630025029182434,0.9735102653503418,0.9756788730621337,1
LPP_RS14510,LPP_RS14515,1,0.9935425519943237,0.9932778477668762,0.9964196085929871,0.9971969723701477,0.9903697967529297,0.9884658455848694,0.9990065097808838,0.9888612031936646,0.9868287444114685,0.9917212128639221,0.9925690293312073,1
LPP_RS14525,LPP_RS14530,1,0.9783826470375061,0.9744065403938293,0.9845895767211914,0.9739390015602112,0.9679664373397827,0.9459913372993469,0.9805681109428406,0.9780240654945374,0.94487464427948,0.9742415547370911,0.9702983915805816,1
LPP_RS14615,LPP_RS14620,1,0.828883707523346,0.8625878095626831,0.9237277507781982,0.8038265705108643,0.8597167134284973,0.9006937146186829,0.9060302972793579,0.8178457021713257,0.7733122110366821,0.7647473216056824,0.844137179851532,1
LPP_RS14620,LPP_RS14625,1,0.9898764491081238,0.9953541159629822,0.9866743683815002,0.9840154051780701,0.9849011898040771,0.9814633727073669,0.9957716464996338,0.9883202314376831,0.9823166131973267,0.9681117534637451,0.9856805145740509,1
LPP_RS14745,LPP_RS14750,1,0.990774393081665,0.9829293489456177,0.9919752478599548,0.99538654088974,0.9795407056808472,0.9879208207130432,0.9984122514724731,0.9853741526603699,0.9785097241401672,0.9861018657684326,0.9876925051212311,1
LPP_RS14750,LPP_RS14755,1,0.9769167304039001,0.9681953191757202,0.9676153659820557,0.9751517176628113,0.9033005237579346,0.9752938747406006,0.9314711093902588,0.9726173877716064,0.979989230632782,0.967060387134552,0.9617611646652222,1
LPP_RS14755,LPP_RS14760,1,0.9870250225067139,0.9792365431785583,0.9684677720069885,0.941220223903656,0.9610376358032227,0.9737188816070557,0.9805091619491577,0.957043468952179,0.9732065200805664,0.9600598812103271,0.9681525111198426,1
LPP_RS14805,LPP_RS14810,1,0.9801602959632874,0.9479429125785828,0.8961291313171387,0.9146785140037537,0.8599631786346436,0.9809460043907166,0.9815320372581482,0.9716282486915588,0.9373296499252319,0.8923561573028564,0.9362666130065918,1
LPP_RS14875,LPP_RS14880,1,0.984549880027771,0.9801503419876099,0.9720084071159363,0.9422677755355835,0.9383006691932678,0.9600485563278198,0.9844666719436646,0.9558584094047546,0.9603205919265747,0.9638656973838806,0.9641837000846862,1
LPP_RS14880,LPP_RS14885,0,0.9921193718910217,0.9934613704681396,0.9902666211128235,0.9927103519439697,0.9837735295295715,0.9901450276374817,0.9981544017791748,0.9889898896217346,0.9891185164451599,0.9876585602760315,0.9906397640705109,1
LPP_RS14885,LPP_RS14890,1,0.9934359192848206,0.9899410009384155,0.995870053768158,0.9961503744125366,0.9812266230583191,0.9896035194396973,0.9980694651603699,0.9936485290527344,0.9883949160575867,0.9907929301261902,0.9917133331298829,1
LPP_RS14950,LPP_RS14955,1,0.985105574131012,0.985200822353363,0.98940509557724,0.9898415207862854,0.9813568592071533,0.9809050559997559,0.9947926998138428,0.986195981502533,0.9826479554176331,0.9842348694801331,0.9859686434268952,1
LPP_RS14955,LPP_RS14960,1,0.845849871635437,0.886420726776123,0.9940164089202881,0.9532346725463867,0.8664064407348633,0.8575931191444397,0.9426148533821106,0.6591376662254333,0.4883691966533661,0.9616467356681824,0.845528969168663,1
LPP_RS14985,LPP_RS14990,1,0.9885350465774536,0.9785812497138977,0.9890088438987732,0.989573061466217,0.9780767560005188,0.9889580607414246,0.9964004755020142,0.9869527220726013,0.9809755086898804,0.9823125004768372,0.9859374225139618,1
LPP_RS15000,LPP_RS15005,1,0.9846438765525818,0.9669353365898132,0.9565572142601013,0.9678218960762024,0.9300612211227417,0.9854313135147095,0.9517533183097839,0.9731374979019165,0.9804053902626038,0.9737855195999146,0.9670532584190369,1
LPP_RS15315,LPP_RS15320,1,0.9889514446258545,0.9750105738639832,0.9712351560592651,0.9679265022277832,0.9531221389770508,0.9819363951683044,0.9823703169822693,0.9736419320106506,0.9803511500358582,0.9696455001831055,0.9744191110134125,1
LPP_RS15320,LPP_RS15335,0,0.0008050987962633371,0.0017866275738924742,0.002646043198183179,0.0014485387364402413,0.002219402464106679,0.007893391884863377,0.0005465053836815059,0.0009763080161064863,0.00135184230748564,0.0004011640266980976,0.0020074922387721015,0
LPP_RS15335,LPP_RS15340,1,0.8608753681182861,0.921305239200592,0.9127127528190613,0.9250532388687134,0.8573516607284546,0.933864951133728,0.9452512860298157,0.829707145690918,0.9649105072021484,0.9111021757125854,0.9062134325504303,1
LPP_RS15340,LPP_RS15355,0,0.041943877935409546,0.081733837723732,0.10453367233276367,0.016560731455683708,0.023699281737208366,0.10138625651597977,0.05545049160718918,0.028485408052802086,0.010658779181540012,0.019432006403803825,0.04838843429461122,0
LPP_RS15355,LPP_RS15360,1,0.763322114944458,0.7942229509353638,0.7474860548973083,0.8912133574485779,0.766490638256073,0.802671492099762,0.8015707731246948,0.7057402729988098,0.7207249402999878,0.7390210628509521,0.7732463657855988,1
LPP_RS15470,LPP_RS15465,1,0.9897750616073608,0.9884297847747803,0.9883174896240234,0.9942753911018372,0.9784745573997498,0.9872136116027832,0.9959136247634888,0.9867997169494629,0.9790915250778198,0.9885511994361877,0.9876841962337494,1
LPP_RS15465,LPP_RS15460,1,0.8868820071220398,0.9403217434883118,0.94794762134552,0.9385465979576111,0.9299843907356262,0.9242486357688904,0.9219242334365845,0.9462561011314392,0.8942918181419373,0.945594847202301,0.9275997996330261,1
LPP_RS15460,LPP_RS15455,1,0.980125904083252,0.9730502963066101,0.9714935421943665,0.9878134727478027,0.9425473809242249,0.9620011448860168,0.9735121130943298,0.9763949513435364,0.9706069827079773,0.9731152653694153,0.9710661053657532,1
LPP_RS15455,LPP_RS15450,1,0.9932501316070557,0.9782223701477051,0.9894344210624695,0.9887126684188843,0.9727256298065186,0.9900872707366943,0.9920221567153931,0.9815987348556519,0.9850121140480042,0.9893748760223389,0.9860440373420716,1
LPP_RS15330,LPP_RS15325,1,0.982860803604126,0.98143070936203,0.9917023181915283,0.9950217008590698,0.9744632840156555,0.9732199311256409,0.9953674077987671,0.9801666140556335,0.9774213433265686,0.9783470630645752,0.9830001175403595,1
LPP_RS15305,LPP_RS15300,1,0.8619703054428101,0.9299739003181458,0.929282009601593,0.9597267508506775,0.8732011318206787,0.9734247326850891,0.9225463271141052,0.9396458864212036,0.9616021513938904,0.9274320602416992,0.9278805255889893,1
LPP_RS15300,LPP_RS15295,1,0.8506847620010376,0.6274946331977844,0.8802668452262878,0.5053899884223938,0.8080722093582153,0.9194183945655823,0.7811225056648254,0.6900022029876709,0.7314246296882629,0.9195979833602905,0.7713474154472351,1
LPP_RS15285,LPP_RS15280,1,0.9812527298927307,0.9780606627464294,0.9833949208259583,0.9877225756645203,0.967808187007904,0.9737287759780884,0.9894860982894897,0.9843613505363464,0.972355306148529,0.9472274780273438,0.976539808511734,1
LPP_RS15245,LPP_RS15240,1,0.7034891247749329,0.486673504114151,0.9221532344818115,0.5578697323799133,0.6877138614654541,0.7886945009231567,0.6977207064628601,0.4752759039402008,0.38345858454704285,0.7271060943603516,0.6430155247449875,1
LPP_RS15240,LPP_RS15235,1,0.9880372881889343,0.9750871062278748,0.9637535214424133,0.9491016268730164,0.958773136138916,0.9699686765670776,0.9874268770217896,0.9667531847953796,0.9802492260932922,0.961381196975708,0.9700531840324402,1
LPP_RS15225,LPP_RS15220,1,0.6022027134895325,0.3421952426433563,0.6806126832962036,0.17049865424633026,0.390741229057312,0.6830279231071472,0.6641568541526794,0.550599217414856,0.34810131788253784,0.5296227931976318,0.4961758628487587,0
LPP_RS15220,LPP_RS15215,1,0.9892690181732178,0.9491124749183655,0.9924970865249634,0.9869101643562317,0.9444138407707214,0.985684871673584,0.9795709252357483,0.9808645844459534,0.9768107533454895,0.9815962910652161,0.9766730010509491,1
LPP_RS15215,LPP_RS15205,0,0.008372959680855274,0.010469689033925533,0.01576613448560238,0.0010778261348605156,0.009374944493174553,0.015478034503757954,0.00511764595285058,0.015894602984189987,0.01184086687862873,0.0006248486461117864,0.00940175527939573,0
LPP_RS15205,LPP_RS15200,1,0.9801610708236694,0.9574622511863708,0.93589848279953,0.8946377635002136,0.8797635436058044,0.9635448455810547,0.9291492700576782,0.919391930103302,0.971072793006897,0.9353424310684204,0.9366424381732941,1
LPP_RS15145,LPP_RS15140,1,0.9851526618003845,0.9619498252868652,0.9628798961639404,0.9489931464195251,0.9488680362701416,0.973994255065918,0.9699110388755798,0.9555549025535583,0.9726576209068298,0.9589990377426147,0.9638960421085357,1
LPP_RS15140,LPP_RS15135,1,0.9890198111534119,0.9879356622695923,0.9978145360946655,0.998323917388916,0.981194794178009,0.9882437586784363,0.9970503449440002,0.9926780462265015,0.9725398421287537,0.9917299747467041,0.9896530687808991,1
LPP_RS15110,LPP_RS15105,1,0.9888868927955627,0.9803041219711304,0.9734278917312622,0.9586982727050781,0.9618595838546753,0.9809625148773193,0.9824654459953308,0.964599609375,0.9785701632499695,0.9805400371551514,0.975031453371048,1
LPP_RS15105,LPP_RS15100,1,0.9880716800689697,0.9894489645957947,0.9973704814910889,0.9933313727378845,0.9788802266120911,0.9823946952819824,0.9961293339729309,0.9758929014205933,0.9790146350860596,0.9900450110435486,0.9870579302310943,1
LPP_RS15100,LPP_RS15095,1,0.9807645678520203,0.9554862976074219,0.932090699672699,0.8964565396308899,0.8926702737808228,0.9538753628730774,0.9530225992202759,0.9143331050872803,0.9587098360061646,0.9327096939086914,0.9370118975639343,1
LPP_RS15095,LPP_RS15090,1,0.9864122867584229,0.9712371230125427,0.9434118270874023,0.9625146389007568,0.9231004118919373,0.9833394885063171,0.9596386551856995,0.9554684162139893,0.9793451428413391,0.9616110920906067,0.9626079082489014,1
LPP_RS15090,LPP_RS15085,1,0.986220121383667,0.9709621667861938,0.9737047553062439,0.9732856154441833,0.932427167892456,0.9860098958015442,0.964479923248291,0.9766498804092407,0.9863977432250977,0.9705548882484436,0.9720692157745361,1
LPP_RS15055,LPP_RS15050,1,0.9875643849372864,0.9824602603912354,0.986371636390686,0.9931608438491821,0.9579655528068542,0.9780352115631104,0.9962061643600464,0.9838061332702637,0.978507399559021,0.9862992167472839,0.983037680387497,1
LPP_RS14915,LPP_RS14910,1,0.11146973073482513,0.1423797905445099,0.1857379525899887,0.07196731865406036,0.07282444834709167,0.2167748212814331,0.1031617820262909,0.1953660100698471,0.07742780447006226,0.2019421011209488,0.13790517598390578,0
LPP_RS14860,LPP_RS14855,1,0.7458212375640869,0.7786092162132263,0.9760884046554565,0.39252132177352905,0.8172458410263062,0.8578051328659058,0.8335645198822021,0.6338506937026978,0.6052224636077881,0.9018028378486633,0.7542531669139863,1
LPP_RS14840,LPP_RS14835,1,0.9854710698127747,0.9860926866531372,0.9623304009437561,0.9580335021018982,0.953411877155304,0.9805863499641418,0.9871318340301514,0.9648987054824829,0.9803235530853271,0.9526487588882446,0.9710928738117218,1
LPP_RS14835,LPP_RS14830,1,0.9811114072799683,0.9280151724815369,0.9440234303474426,0.8724833130836487,0.9362727403640747,0.9530688524246216,0.9647185802459717,0.9374988079071045,0.9617756605148315,0.9284944534301758,0.9407462418079376,1
LPP_RS14790,LPP_RS14785,1,0.9800612926483154,0.9634484648704529,0.9641602635383606,0.9235028624534607,0.9191029071807861,0.9645353555679321,0.9460783004760742,0.9693068265914917,0.9789443612098694,0.9608359932899475,0.9569976627826691,1
LPP_RS14785,LPP_RS14780,1,0.9804930686950684,0.9648320078849792,0.9581549167633057,0.9202674031257629,0.9450122714042664,0.9685758352279663,0.9693320393562317,0.929877758026123,0.959916889667511,0.9436341524124146,0.9540096342563629,1
LPP_RS14780,LPP_RS14775,1,0.9876322746276855,0.9858080744743347,0.9909101128578186,0.9887007474899292,0.9657877087593079,0.9771433472633362,0.993070662021637,0.977030873298645,0.9692703485488892,0.9868714809417725,0.9822225630283355,1
LPP_RS14775,LPP_RS14770,1,0.9805322289466858,0.9388229250907898,0.9309461712837219,0.886609673500061,0.891999363899231,0.9505217671394348,0.9547948837280273,0.9317472577095032,0.973766028881073,0.9447860717773438,0.9384526371955871,1
LPP_RS14770,LPP_RS14765,1,0.7378612160682678,0.6675056219100952,0.8687777519226074,0.4671504497528076,0.7028159499168396,0.8000119924545288,0.786857008934021,0.6043897271156311,0.5091977119445801,0.7652350664138794,0.6909802496433258,1
LPP_RS14720,LPP_RS14715,1,0.9866376519203186,0.9384103417396545,0.967860221862793,0.9681382179260254,0.9430945515632629,0.9805582761764526,0.9735085368156433,0.9651929140090942,0.9563934803009033,0.9800695776939392,0.9659863770008087,1
LPP_RS14715,LPP_RS14710,1,0.9832067489624023,0.9742398858070374,0.9606773257255554,0.9363911151885986,0.9337032437324524,0.9790715575218201,0.9608725309371948,0.932889997959137,0.9674840569496155,0.9626952409744263,0.959123170375824,1
LPP_RS14710,LPP_RS14705,0,0.9760831594467163,0.950901985168457,0.9480851888656616,0.9333776235580444,0.8861928582191467,0.9534645676612854,0.9498983025550842,0.9599106311798096,0.9743440747261047,0.9565921425819397,0.948885053396225,1
LPP_RS14705,LPP_RS14700,1,0.9828002452850342,0.9558107852935791,0.9578767418861389,0.9421237111091614,0.911500871181488,0.9609342813491821,0.9482366442680359,0.9211804270744324,0.9426044225692749,0.946945071220398,0.9470013201236724,1
LPP_RS14700,LPP_RS14695,1,0.9819903373718262,0.9602833986282349,0.9443919062614441,0.9231947660446167,0.8977062106132507,0.9725584983825684,0.9462013840675354,0.9504969120025635,0.9779389500617981,0.9501596689224243,0.9504922032356262,1
LPP_RS14695,LPP_RS14690,1,0.9787697196006775,0.9492488503456116,0.9410353899002075,0.9083360433578491,0.8788889646530151,0.9681335091590881,0.9182664155960083,0.9266406893730164,0.974234938621521,0.9410092830657959,0.9384563803672791,1
LPP_RS14690,LPP_RS14685,0,0.675520658493042,0.4475802481174469,0.5646687746047974,0.08378738909959793,0.45248010754585266,0.6999258995056152,0.6965653300285339,0.35974007844924927,0.4020545184612274,0.5082146525382996,0.4890537656843662,0
LPP_RS14685,LPP_RS14680,1,0.6141864657402039,0.8250186443328857,0.8140866160392761,0.907717227935791,0.8187969923019409,0.7557559609413147,0.805930495262146,0.7189929485321045,0.6772261261940002,0.8157644271850586,0.7753475904464722,1
LPP_RS14595,LPP_RS14590,1,0.9816423058509827,0.9809001684188843,0.9597369432449341,0.9348269701004028,0.9268856644630432,0.9711470603942871,0.9707050919532776,0.9370399713516235,0.9709267020225525,0.9440898299217224,0.957790070772171,1
LPP_RS14590,LPP_RS14585,0,0.7147653698921204,0.7578030824661255,0.6604507565498352,0.7598793506622314,0.8112829923629761,0.8160123825073242,0.7428448796272278,0.8540448546409607,0.8297998309135437,0.7311655282974243,0.7678049027919769,1
LPP_RS14585,LPP_RS14580,1,0.9884678721427917,0.9788252115249634,0.9907642006874084,0.9882652163505554,0.9645743370056152,0.9741093516349792,0.9931796789169312,0.9854162931442261,0.970971405506134,0.9665223360061646,0.980109590291977,1
LPP_RS14580,LPP_RS14575,1,0.9798426032066345,0.9692174792289734,0.9240039587020874,0.9231223464012146,0.9092532992362976,0.9422866702079773,0.966953694820404,0.8555765151977539,0.9332142472267151,0.9354625344276428,0.93389333486557,1
LPP_RS14445,LPP_RS14440,1,0.9812904596328735,0.9624980092048645,0.953353226184845,0.9437107443809509,0.9178367853164673,0.9809811115264893,0.9284694194793701,0.9379337430000305,0.978624165058136,0.9556671977043152,0.9540364861488342,1
LPP_RS14440,LPP_RS14435,1,0.9793634414672852,0.9530965685844421,0.923405647277832,0.9148557782173157,0.8661432862281799,0.9664851427078247,0.9085215330123901,0.9000431299209595,0.9723636507987976,0.9196543097496033,0.930393248796463,1
LPP_RS14395,LPP_RS14390,1,0.860841691493988,0.7807801365852356,0.9804279804229736,0.8148200511932373,0.8831120729446411,0.869102418422699,0.893622636795044,0.7084245681762695,0.4638040363788605,0.9478467106819153,0.8202782303094864,1
LPP_RS14355,LPP_RS14350,1,0.990249514579773,0.9860740900039673,0.9924837946891785,0.9920454621315002,0.9723116159439087,0.9850658774375916,0.9972211122512817,0.9858813881874084,0.9836120009422302,0.9899750351905823,0.9874919891357422,1
LPP_RS14320,LPP_RS14315,1,0.19362840056419373,0.29494768381118774,0.6547770500183105,0.2796218991279602,0.2209365963935852,0.3255487382411957,0.24340415000915527,0.34643957018852234,0.12124305963516235,0.2735265791416168,0.295407372713089,0
LPP_RS14315,LPP_RS14310,1,0.9874959588050842,0.9841718673706055,0.9961124658584595,0.9961245656013489,0.9798177480697632,0.9842915534973145,0.995488166809082,0.9810252785682678,0.9634699821472168,0.9872235059738159,0.9855221092700959,1
LPP_RS14310,LPP_RS14305,1,0.9799473881721497,0.9559829831123352,0.9602745771408081,0.9081388711929321,0.9143643975257874,0.9506133198738098,0.9747543334960938,0.9678780436515808,0.9691299200057983,0.963945209980011,0.9545029044151306,1
LPP_RS14305,LPP_RS14300,1,0.6897516846656799,0.6568679809570312,0.9771205186843872,0.3798476457595825,0.6006851196289062,0.8125696778297424,0.8601334691047668,0.4253585636615753,0.5296279788017273,0.8978583216667175,0.6829820960760117,1
LPP_RS14300,LPP_RS14295,1,0.9536266922950745,0.9179496169090271,0.902752161026001,0.958321213722229,0.9106069207191467,0.8998017311096191,0.8980976343154907,0.8989686369895935,0.9316316246986389,0.878490686416626,0.9150246918201447,1
LPP_RS14295,LPP_RS14290,1,0.993241012096405,0.9933493733406067,0.9969452619552612,0.991720974445343,0.9883378744125366,0.9859845042228699,0.9990796446800232,0.9905705451965332,0.9871073961257935,0.9938026070594788,0.9920139193534852,1
LPP_RS14290,LPP_RS14285,1,0.994043231010437,0.99479079246521,0.9976320266723633,0.9968850016593933,0.9943795800209045,0.9908298850059509,0.9986389875411987,0.9954221844673157,0.9873694181442261,0.9948005676269531,0.9944791674613953,1
LPP_RS14285,LPP_RS14280,1,0.9908414483070374,0.991418182849884,0.9875330328941345,0.9893292784690857,0.9800639748573303,0.9853317141532898,0.995308518409729,0.9913326501846313,0.9805032014846802,0.9864134788513184,0.987807548046112,1
LPP_RS14280,LPP_RS14275,1,0.994089663028717,0.9888284206390381,0.9889357686042786,0.9953915476799011,0.9812391400337219,0.9924092888832092,0.9970929622650146,0.9921602606773376,0.9822667241096497,0.9865166544914246,0.9898930430412293,1
LPP_RS14275,LPP_RS14270,1,0.9845736026763916,0.9438729286193848,0.9280673265457153,0.9880838990211487,0.9328901171684265,0.9845238327980042,0.9753937721252441,0.9752748012542725,0.9484346508979797,0.9579449892044067,0.9619059920310974,1
LPP_RS14270,LPP_RS14265,1,0.9764742851257324,0.9625147581100464,0.9612735509872437,0.9803548455238342,0.9388332962989807,0.935737669467926,0.9682008028030396,0.9783112406730652,0.9413642883300781,0.9745934009552002,0.9617658138275147,1
LPP_RS14265,LPP_RS14260,1,0.9896016120910645,0.9695124626159668,0.9917274713516235,0.9909082055091858,0.9706293940544128,0.976993203163147,0.9952645301818848,0.9785338640213013,0.9519378542900085,0.9860037565231323,0.9801112353801728,1
LPP_RS14260,LPP_RS14255,1,0.9838463664054871,0.977203905582428,0.9877989888191223,0.9911771416664124,0.961693286895752,0.9510836005210876,0.9944216012954712,0.9707720875740051,0.9391632676124573,0.9766756296157837,0.9733835875988006,1
LPP_RS14245,LPP_RS14240,1,0.9793312549591064,0.9600706696510315,0.9932271242141724,0.9844592809677124,0.9486420154571533,0.9668527841567993,0.9893461465835571,0.9811064600944519,0.9692730903625488,0.9698301553726196,0.9742138981819153,1
LPP_RS14240,LPP_RS14235,1,0.8314949870109558,0.6307897567749023,0.8387463092803955,0.6927955150604248,0.7661561965942383,0.8236088156700134,0.7735796570777893,0.710786759853363,0.7851459383964539,0.815213143825531,0.7668317079544067,1
LPP_RS14235,LPP_RS14230,1,0.9827930927276611,0.9726502299308777,0.9906865358352661,0.9888212084770203,0.9590058922767639,0.9832155704498291,0.9928327798843384,0.9505996108055115,0.9408854246139526,0.9702689051628113,0.9731759250164032,1
LPP_RS14230,LPP_RS14225,1,0.9843047857284546,0.9756550192832947,0.9608784914016724,0.9667963981628418,0.9291940331459045,0.9826155304908752,0.9673126339912415,0.9703227877616882,0.9827242493629456,0.9676384329795837,0.9687442362308503,1
LPP_RS14105,LPP_RS14100,1,0.9878219366073608,0.9736809134483337,0.9618200063705444,0.9137646555900574,0.9485645890235901,0.9775769114494324,0.9772138595581055,0.953482449054718,0.9777723550796509,0.9595803022384644,0.9631277978420257,1
LPP_RS14100,LPP_RS14095,1,0.9824289083480835,0.9560477137565613,0.9325466752052307,0.8790956735610962,0.9135156273841858,0.9675382971763611,0.923322319984436,0.9363952875137329,0.9749302268028259,0.9407417178153992,0.9406562447547913,1
LPP_RS14095,LPP_RS14090,1,0.9765744805335999,0.9649529457092285,0.9343815445899963,0.8804935812950134,0.871519148349762,0.9603106379508972,0.9696923494338989,0.9134239554405212,0.9617214202880859,0.9167985320091248,0.9349868595600128,1
LPP_RS14045,LPP_RS14040,1,0.9846697449684143,0.9484032392501831,0.9517629146575928,0.9269863963127136,0.922227144241333,0.9762868285179138,0.9264395236968994,0.9179535508155823,0.9684714674949646,0.9529772400856018,0.9476178050041199,1
LPP_RS14040,LPP_RS14035,0,0.7971476316452026,0.8420609831809998,0.9236276745796204,0.9234854578971863,0.9021908044815063,0.786538302898407,0.9228816032409668,0.9120681285858154,0.7827105522155762,0.850426435470581,0.8643137574195862,1
LPP_RS14035,LPP_RS14030,1,0.9889804720878601,0.9609229564666748,0.9793469905853271,0.9648042917251587,0.9613438248634338,0.9676349759101868,0.9935113787651062,0.9808784127235413,0.9695435762405396,0.9207636117935181,0.9687730491161346,1
LPP_RS14015,LPP_RS14010,1,0.9207290410995483,0.9369719624519348,0.9109123349189758,0.9801525473594666,0.9356096982955933,0.900246262550354,0.9814529418945312,0.9014846086502075,0.9415745735168457,0.8218368887901306,0.9230970859527587,1
LPP_RS13950,LPP_RS13945,1,0.9910255074501038,0.9919923543930054,0.9891768097877502,0.9943169951438904,0.9852334856987,0.9929136633872986,0.992598295211792,0.9865155816078186,0.9874890446662903,0.9908720254898071,0.9902133762836456,1
LPP_RS13945,LPP_RS13940,1,0.9887653589248657,0.9897447228431702,0.989949643611908,0.9908006191253662,0.9829075932502747,0.9905590415000916,0.9903509020805359,0.9860265851020813,0.9867520332336426,0.9899148344993591,0.9885771334171295,1
LPP_RS13925,LPP_RS13920,1,0.9914327263832092,0.9875212907791138,0.9821098446846008,0.9914218783378601,0.9683442115783691,0.9795305132865906,0.9948930144309998,0.9775856137275696,0.979377031326294,0.9923585057258606,0.9844574630260468,1
LPP_RS13920,LPP_RS13915,0,0.0638139396905899,0.13413704931735992,0.1139024943113327,0.07791179418563843,0.05275023356080055,0.10333267599344254,0.0509568452835083,0.09639126062393188,0.03725399821996689,0.12239810079336166,0.08528483919799328,0
LPP_RS13915,LPP_RS13910,1,0.9905771613121033,0.9894660711288452,0.9862105846405029,0.9829265475273132,0.9723572731018066,0.9857577085494995,0.9955764412879944,0.9805800318717957,0.9880558848381042,0.9812281131744385,0.9852735817432403,1
LPP_RS13910,LPP_RS13905,0,0.34694504737854004,0.1970536708831787,0.39078256487846375,0.03660080209374428,0.14448468387126923,0.3363405168056488,0.46354302763938904,0.21817423403263092,0.1148885115981102,0.31172919273376465,0.25605422519147397,0
LPP_RS13905,LPP_RS13900,1,0.9923462271690369,0.9638885855674744,0.9960101246833801,0.9947749376296997,0.9641547799110413,0.9895303249359131,0.9972984194755554,0.9831130504608154,0.9694352149963379,0.9872090220451355,0.9837760686874389,1
LPP_RS13900,LPP_RS13895,1,0.9854932427406311,0.963728666305542,0.9563982486724854,0.9470077157020569,0.9189295172691345,0.9759378433227539,0.9311379790306091,0.9437747597694397,0.9790326952934265,0.9596487283706665,0.9561089396476745,1
LPP_RS13895,LPP_RS13890,0,0.28432074189186096,0.3790578842163086,0.32295283675193787,0.19000296294689178,0.35293376445770264,0.38712191581726074,0.23665526509284973,0.33654507994651794,0.27272117137908936,0.6418260335922241,0.3404137656092644,0
LPP_RS13890,LPP_RS13885,1,0.9872393608093262,0.9837251901626587,0.9796711802482605,0.9915392398834229,0.9622880816459656,0.9727662205696106,0.9959813952445984,0.9837193489074707,0.9740309715270996,0.9866108298301697,0.9817571818828583,1
LPP_RS13885,LPP_RS13880,1,0.5697346925735474,0.6017212867736816,0.5060533881187439,0.5449650883674622,0.7064006328582764,0.8601919412612915,0.5474905967712402,0.5754877328872681,0.7016842365264893,0.7976820468902588,0.641141164302826,1
LPP_RS13880,LPP_RS13875,1,0.6698176264762878,0.6625565886497498,0.8949887752532959,0.25589004158973694,0.7018953561782837,0.7566373348236084,0.8196347951889038,0.48406553268432617,0.35140177607536316,0.75518399477005,0.6352071821689605,1
LPP_RS13875,LPP_RS13870,0,0.9702538847923279,0.9087405800819397,0.937836229801178,0.8716704249382019,0.8463088870048523,0.9599212408065796,0.868848443031311,0.9270696043968201,0.9745084643363953,0.9294073581695557,0.9194565117359161,1
LPP_RS13870,LPP_RS13865,1,0.9817956686019897,0.9560425877571106,0.9482530355453491,0.932348906993866,0.8896072506904602,0.9697899222373962,0.9519484043121338,0.9564535617828369,0.9778066277503967,0.9448219537734985,0.9508867919445038,1
LPP_RS13865,LPP_RS13860,1,0.9806995391845703,0.9452041983604431,0.9394643306732178,0.8562194108963013,0.9103333353996277,0.9661849141120911,0.9199409484863281,0.8993784785270691,0.9723731875419617,0.9364384412765503,0.9326236784458161,1
LPP_RS13860,LPP_RS13855,0,0.7702344655990601,0.8151381015777588,0.7615674734115601,0.8821659684181213,0.8146101236343384,0.8265984654426575,0.8423471450805664,0.7608397603034973,0.7896469831466675,0.8840757608413696,0.8147224247455597,1
LPP_RS13855,LPP_RS13850,1,0.9618691205978394,0.9680628180503845,0.9820671081542969,0.9908852577209473,0.9358265995979309,0.9699350595474243,0.8866794109344482,0.9370781779289246,0.9636741280555725,0.9713053107261658,0.9567382991313934,1
LPP_RS13850,LPP_RS13845,1,0.7296156287193298,0.665270984172821,0.9684581756591797,0.5294503569602966,0.7426286935806274,0.8020573854446411,0.8715876340866089,0.49503326416015625,0.38309627771377563,0.9266414642333984,0.7113839864730835,1
LPP_RS13810,LPP_RS13805,1,0.9742171764373779,0.9662891626358032,0.9447557330131531,0.889505922794342,0.9231832027435303,0.9403614401817322,0.955186665058136,0.961712658405304,0.966623067855835,0.951487123966217,0.947332215309143,1
LPP_RS13805,LPP_RS13800,1,0.7143121957778931,0.782453179359436,0.9194470047950745,0.4928443133831024,0.541433572769165,0.5850803852081299,0.7368991374969482,0.552483081817627,0.518375813961029,0.37711653113365173,0.6220445215702057,1
LPP_RS13720,LPP_RS13715,1,0.9823067784309387,0.9689298272132874,0.9542600512504578,0.9260172247886658,0.9091691374778748,0.9708800911903381,0.9668666124343872,0.9314365983009338,0.9656159281730652,0.9414347410202026,0.9516916990280151,1
LPP_RS13700,LPP_RS13695,1,0.9887193441390991,0.971061110496521,0.9711027145385742,0.9635519981384277,0.9636631011962891,0.9781720042228699,0.9812951683998108,0.9776018261909485,0.9869660139083862,0.963472843170166,0.9745606124401093,1
LPP_RS13695,LPP_RS13675,0,0.0022886141669005156,0.001505390857346356,0.0005861008539795876,0.0008500292315147817,0.004320848733186722,0.00836082175374031,0.001608066027984023,0.0026947702281177044,0.006805397570133209,0.0006137332529760897,0.00296337726758793,0
LPP_RS13675,LPP_RS13670,1,0.9887831211090088,0.9782680869102478,0.9591708183288574,0.9581423401832581,0.9610226154327393,0.9755386114120483,0.9856771230697632,0.9399079084396362,0.9702708721160889,0.9536426067352295,0.9670424103736878,1
LPP_RS13670,LPP_RS13665,1,0.8904873132705688,0.9360262155532837,0.9500918388366699,0.9407907128334045,0.9332109093666077,0.9580113291740417,0.979613184928894,0.936237096786499,0.8380815386772156,0.8910406231880188,0.9253590762615204,1
LPP_RS13665,LPP_RS13660,1,0.9698898196220398,0.9650998711585999,0.9293734431266785,0.9210861921310425,0.8417525887489319,0.9440746307373047,0.9381270408630371,0.9007246494293213,0.9483612179756165,0.9256421327590942,0.9284131586551666,1
LPP_RS13660,LPP_RS13655,1,0.9774156808853149,0.9739293456077576,0.9416546821594238,0.9306424260139465,0.9411267042160034,0.9600965976715088,0.9785611629486084,0.9360311031341553,0.9609204530715942,0.9064135551452637,0.9506791710853577,1
LPP_RS13655,LPP_RS13625,0,3.581416967790574e-05,0.00036305145476944745,9.964579658117145e-05,2.4622950149932876e-05,0.0002854604972526431,0.0006868044729344547,0.0002042333217104897,0.0001241894788108766,0.0004189893661532551,2.0048635633429512e-05,0.00022628601436736062,0
LPP_RS13625,LPP_RS13620,1,0.9801107048988342,0.9781356453895569,0.9644012451171875,0.9881761074066162,0.9637015461921692,0.9705991148948669,0.9858360290527344,0.9723480939865112,0.9666374921798706,0.9874169826507568,0.9757362961769104,1
LPP_RS13620,LPP_RS13615,1,0.588015079498291,0.5746821165084839,0.9223349094390869,0.15887968242168427,0.49355068802833557,0.6590232849121094,0.6412438154220581,0.34841984510421753,0.1480967253446579,0.7371687293052673,0.5271414875984192,1
LPP_RS13600,LPP_RS13595,1,0.9907000064849854,0.9638385772705078,0.9855954647064209,0.9889783263206482,0.9653579592704773,0.9830164909362793,0.9925342798233032,0.9754629731178284,0.9682718515396118,0.9823760986328125,0.9796132028102875,1
LPP_RS13595,LPP_RS13575,0,0.0007552019669674337,0.004557461012154818,0.004559928085654974,0.0006187098915688694,0.0013747051125392318,0.005909864325076342,0.0015619687037542462,0.0008736039744690061,0.0011937266681343317,0.00021269805438350886,0.0021617867794702763,0
LPP_RS13575,LPP_RS13570,1,0.9804111123085022,0.9611181616783142,0.9600247740745544,0.9721682071685791,0.9409517645835876,0.960353672504425,0.9731950163841248,0.9737899303436279,0.9784037470817566,0.9674928784370422,0.9667909264564514,1
LPP_RS13570,LPP_RS13565,1,0.9838377833366394,0.9795273542404175,0.9865633249282837,0.9867478609085083,0.9737219214439392,0.9678687453269958,0.990264356136322,0.9829790592193604,0.973200261592865,0.9872589111328125,0.9811969578266144,1
LPP_RS13540,LPP_RS13535,1,0.9919598698616028,0.9893225431442261,0.9917416572570801,0.991524338722229,0.9801572561264038,0.9922507405281067,0.9995452165603638,0.9883055090904236,0.9799630641937256,0.9878405332565308,0.9892610728740692,1
LPP_RS13535,LPP_RS13520,0,0.0012213197769597173,0.0012634244048967957,0.00118981022387743,0.0004260285058990121,0.0051949541084468365,0.00765078142285347,0.0015066341729834676,0.0014208366628736258,0.002475942252203822,0.00022770219948142767,0.0022577433730475603,0
LPP_RS13520,LPP_RS13515,1,0.9892954230308533,0.9796410202980042,0.9745809435844421,0.9590948820114136,0.9680189490318298,0.9802753925323486,0.9912376403808594,0.9774918556213379,0.9831302762031555,0.9780711531639099,0.9780837535858155,1
LPP_RS13515,LPP_RS13510,1,0.9897404909133911,0.9791209697723389,0.9766035676002502,0.963263750076294,0.9597140550613403,0.9807236194610596,0.9890612363815308,0.9766473174095154,0.9839472770690918,0.9692200422286987,0.976804232597351,1
LPP_RS13510,LPP_RS13500,0,0.018925782293081284,0.012672357261180878,0.02017977461218834,0.016838913783431053,0.010151185095310211,0.040492136031389236,0.027136433869600296,0.0054203663021326065,0.01933525875210762,0.0030446676537394524,0.0174196875654161,0
LPP_RS13500,LPP_RS13495,1,0.8667616844177246,0.6359454393386841,0.5279768705368042,0.553867518901825,0.6403726935386658,0.7687925696372986,0.560644268989563,0.6880316138267517,0.8704759478569031,0.6674332022666931,0.6780301809310914,1
LPP_RS13495,LPP_RS13490,1,0.9894474148750305,0.9934109449386597,0.9907440543174744,0.989421010017395,0.984707772731781,0.9830992221832275,0.9965130090713501,0.9853441715240479,0.9726908206939697,0.9804919958114624,0.9865870416164398,1
LPP_RS13460,LPP_RS13455,1,0.978154182434082,0.9797061681747437,0.9885984063148499,0.9753752946853638,0.9637225866317749,0.9835363626480103,0.9957160949707031,0.936512291431427,0.9711056351661682,0.9884194135665894,0.9760846436023712,1
LPP_RS13455,LPP_RS13450,1,0.9870531558990479,0.9843422174453735,0.9801947474479675,0.9728268384933472,0.9554163217544556,0.9795230627059937,0.9944731593132019,0.9829270243644714,0.9806854128837585,0.9867455959320068,0.9804187536239624,1
LPP_RS13440,LPP_RS13435,1,0.9913063645362854,0.9895864129066467,0.991294801235199,0.9906558990478516,0.9788039922714233,0.9836125373840332,0.9965076446533203,0.9897385835647583,0.98238605260849,0.9762779474258423,0.987017023563385,1
LPP_RS13435,LPP_RS13430,1,0.9914454817771912,0.9799665212631226,0.9880106449127197,0.9900593757629395,0.9767693281173706,0.9870193600654602,0.9962031841278076,0.9860445857048035,0.9852199554443359,0.9728679060935974,0.9853606343269348,1
LPP_RS13430,LPP_RS13425,1,0.993147611618042,0.9829255938529968,0.9973304867744446,0.9962154626846313,0.9838434457778931,0.9830418825149536,0.9993076920509338,0.9930328726768494,0.9689605236053467,0.9874992370605469,0.9885304808616638,1
LPP_RS13425,LPP_RS13420,1,0.9833237528800964,0.9755054712295532,0.981365978717804,0.9841101169586182,0.947262704372406,0.961723804473877,0.9647925496101379,0.9790362119674683,0.970087468624115,0.9791368246078491,0.9726344883441925,1
LPP_RS13420,LPP_RS13415,1,0.6523279547691345,0.6575870513916016,0.5980191826820374,0.44560813903808594,0.7118388414382935,0.767184853553772,0.7577089071273804,0.669376790523529,0.6448251008987427,0.40414664149284363,0.630862346291542,1
LPP_RS13405,LPP_RS13400,1,0.9204393625259399,0.9583047032356262,0.9812978506088257,0.9837479591369629,0.9567375779151917,0.9486947059631348,0.9952646493911743,0.9728695154190063,0.8979825377464294,0.9540511965751648,0.9569390058517456,1
LPP_RS13400,LPP_RS13395,1,0.8956356644630432,0.7922192215919495,0.9146899580955505,0.9316096305847168,0.9252015352249146,0.9643568396568298,0.8740850687026978,0.9151779413223267,0.85359126329422,0.97079998254776,0.9037367105484009,1
LPP_RS13375,LPP_RS13370,1,0.863111138343811,0.8371243476867676,0.8453417420387268,0.9124929904937744,0.8702358603477478,0.8147388100624084,0.9139988422393799,0.7553704380989075,0.5385878086090088,0.9346299767494202,0.8285631954669952,1
LPP_RS13370,LPP_RS13345,0,0.0005755803431384265,0.0011878913501277566,0.004071400500833988,0.0004774887056555599,0.004485300742089748,0.005805899854749441,0.0020787527319043875,0.0010398568119853735,0.001661488669924438,0.0002819106448441744,0.0021665570355253296,0
LPP_RS13345,LPP_RS13340,1,0.9901911616325378,0.9814581871032715,0.9734779000282288,0.9793318510055542,0.9645363688468933,0.9832901358604431,0.9893115758895874,0.9770479798316956,0.9873760342597961,0.9714791178703308,0.9797500312328339,1
LPP_RS13340,LPP_RS13335,1,0.9919397830963135,0.9820429086685181,0.9883705377578735,0.9836831092834473,0.9809602499008179,0.9820151329040527,0.9954914450645447,0.9897667765617371,0.9857544302940369,0.9765101075172424,0.9856534481048584,1
LPP_RS13335,LPP_RS13330,1,0.9917613863945007,0.981332540512085,0.9870233535766602,0.985460102558136,0.9721992611885071,0.9897387027740479,0.9939884543418884,0.9824028015136719,0.9831303954124451,0.9890952706336975,0.985613226890564,1
LPP_RS13270,LPP_RS13265,1,0.9894604086875916,0.9837712049484253,0.9790238738059998,0.9683427214622498,0.9678232669830322,0.985439658164978,0.9863709211349487,0.9797870516777039,0.9872191548347473,0.9683348536491394,0.9795573115348816,1
LPP_RS13265,LPP_RS13260,1,0.7955998778343201,0.8837820291519165,0.9005234241485596,0.8812246322631836,0.8833068609237671,0.8636568784713745,0.9578456878662109,0.7464084625244141,0.7421256899833679,0.8708174228668213,0.8525290966033936,1
LPP_RS13205,LPP_RS13200,1,0.8598455190658569,0.7913292050361633,0.8185434937477112,0.9562129974365234,0.8658768534660339,0.9059125185012817,0.7852515578269958,0.8910152316093445,0.8254712224006653,0.9211729168891907,0.8620631515979766,1
LPP_RS13190,LPP_RS13185,1,0.9432692527770996,0.9285709261894226,0.9046028852462769,0.9157431125640869,0.9266976118087769,0.9310908913612366,0.9232714772224426,0.8564199209213257,0.8311185836791992,0.8817047476768494,0.9042489409446717,1
LPP_RS13185,LPP_RS13180,0,0.9899191856384277,0.9855234622955322,0.9859494566917419,0.9924233555793762,0.9747896194458008,0.9790775179862976,0.9956453442573547,0.9802352786064148,0.9756066203117371,0.979605495929718,0.9838775336742401,1
LPP_RS13180,LPP_RS13175,1,0.6155592203140259,0.4250318109989166,0.8765276670455933,0.18644222617149353,0.5573373436927795,0.6328230500221252,0.6191392540931702,0.459800124168396,0.26659637689590454,0.46717146039009094,0.5106428533792495,1
LPP_RS13035,LPP_RS13030,1,0.8589032888412476,0.8901111483573914,0.9224105477333069,0.8676699995994568,0.8778581023216248,0.853747546672821,0.9301370978355408,0.8172681331634521,0.7987262606620789,0.9138953685760498,0.873072749376297,1
LPP_RS13020,LPP_RS13015,1,0.9858107566833496,0.9742982387542725,0.9920179843902588,0.9912679195404053,0.9656831622123718,0.9721213579177856,0.9933321475982666,0.9541342258453369,0.9580380320549011,0.9798020720481873,0.9766505897045136,1
LPP_RS13015,LPP_RS13000,0,0.0006772587657906115,0.007095078006386757,0.007608861196786165,0.000562025757972151,0.002316805301234126,0.002887164009734988,0.002643016166985035,0.003103103954344988,0.0023814563173800707,0.0003587630926631391,0.002963353256927803,0
LPP_RS13000,LPP_RS12995,1,0.9889150261878967,0.987402617931366,0.9896400570869446,0.9945549964904785,0.9854910373687744,0.9867586493492126,0.9968382716178894,0.9762105941772461,0.9817202091217041,0.9837104082107544,0.9871241867542266,1
LPP_RS12940,LPP_RS12935,1,0.9894940257072449,0.9733881950378418,0.967303991317749,0.9605797529220581,0.9682910442352295,0.9778095483779907,0.9683668613433838,0.9664850234985352,0.9820924401283264,0.9793666005134583,0.9733177483081817,1
LPP_RS12900,LPP_RS12895,1,0.8099552392959595,0.8014882802963257,0.7597171068191528,0.7715805768966675,0.8862394690513611,0.9185857772827148,0.8819335103034973,0.8398549556732178,0.8021392822265625,0.8996233940124512,0.8371117591857911,1
LPP_RS12870,LPP_RS12865,1,0.9866926670074463,0.9773718118667603,0.9827725887298584,0.9880387187004089,0.9552285671234131,0.9795206189155579,0.9920255541801453,0.9792413711547852,0.9856888651847839,0.9619227647781372,0.9788503527641297,1
LPP_RS12820,LPP_RS12815,1,0.9862790703773499,0.9786913394927979,0.9683356881141663,0.9577715396881104,0.9348611831665039,0.9852354526519775,0.9768484830856323,0.9686504602432251,0.9841378927230835,0.9640766382217407,0.9704887747764588,1
LPP_RS12815,LPP_RS12810,1,0.9846828579902649,0.9502172470092773,0.9853020906448364,0.9876309037208557,0.9513407945632935,0.9505301117897034,0.966038167476654,0.9509507417678833,0.9717097878456116,0.9650301337242126,0.9663432836532593,1
LPP_RS12810,LPP_RS12805,0,0.9801117777824402,0.9821649193763733,0.9592854976654053,0.9882145524024963,0.9551536440849304,0.9552634954452515,0.9715097546577454,0.9343215823173523,0.9489710927009583,0.9653191566467285,0.9640315473079681,1
LPP_RS12805,LPP_RS12800,1,0.9846460223197937,0.9632904529571533,0.9541366100311279,0.9554874897003174,0.9419316053390503,0.9750762581825256,0.9457671046257019,0.952847421169281,0.986454963684082,0.9621564149856567,0.962179434299469,1
LPP_RS12800,LPP_RS12795,1,0.9899044632911682,0.9831801056861877,0.9661158323287964,0.9660354256629944,0.9698726534843445,0.9836549162864685,0.9752076268196106,0.9814071655273438,0.9859434366226196,0.9719653129577637,0.9773286938667297,1
LPP_RS12795,LPP_RS12790,1,0.9902082681655884,0.9916767477989197,0.995894730091095,0.9927704334259033,0.9822945594787598,0.9883655905723572,0.998374879360199,0.9878371357917786,0.9858596324920654,0.9899667501449585,0.9903248727321625,1
LPP_RS12790,LPP_RS12785,1,0.991756796836853,0.9874444007873535,0.9848454594612122,0.9861255884170532,0.9789944291114807,0.9876722097396851,0.9934223890304565,0.9877252578735352,0.9890537858009338,0.9836126565933228,0.9870652973651886,1
LPP_RS12785,LPP_RS12780,0,0.9602099061012268,0.9656826853752136,0.9780498147010803,0.9875481128692627,0.9509297609329224,0.9839289784431458,0.992111086845398,0.9706770777702332,0.9776237607002258,0.978887677192688,0.9745648860931396,1
LPP_RS12780,LPP_RS12775,1,0.987873375415802,0.969956636428833,0.9744420051574707,0.9550642371177673,0.9575635194778442,0.9623020887374878,0.9883654713630676,0.977672815322876,0.9724951982498169,0.963249146938324,0.970898449420929,1
LPP_RS12775,LPP_RS12770,1,0.9869291186332703,0.9687668681144714,0.9690267443656921,0.9439830183982849,0.9730693101882935,0.9809207320213318,0.9902936220169067,0.9798447489738464,0.9744674563407898,0.9754494428634644,0.9742751061916352,1
LPP_RS12740,LPP_RS12735,1,0.9800688028335571,0.9607318639755249,0.961848258972168,0.9630558490753174,0.9316686987876892,0.9629557728767395,0.9713902473449707,0.9779283404350281,0.9783631563186646,0.9709921479225159,0.9659003138542175,1
LPP_RS12440,LPP_RS12435,1,0.9166013598442078,0.915381669998169,0.9902610778808594,0.9413871765136719,0.9049137830734253,0.9103488326072693,0.9623486399650574,0.821940541267395,0.7111541628837585,0.967330276966095,0.9041667520999909,1
LPP_RS12390,LPP_RS12385,1,0.8847048878669739,0.8316445350646973,0.7618269920349121,0.4267425239086151,0.7675900459289551,0.849283754825592,0.7722100019454956,0.7047819495201111,0.7946473956108093,0.7993103861808777,0.759274247288704,1
LPP_RS12175,LPP_RS12170,1,0.9865427613258362,0.9717051982879639,0.9759544730186462,0.9750949740409851,0.9334108233451843,0.9889618158340454,0.9596591591835022,0.9804515838623047,0.9875695705413818,0.9785707592964172,0.9737921118736267,1
LPP_RS12000,LPP_RS11995,1,0.9809879064559937,0.9624102711677551,0.9709856510162354,0.9642782211303711,0.9497851729393005,0.9548380970954895,0.9540438055992126,0.9617120027542114,0.9447069764137268,0.9357298612594604,0.9579477965831756,1
LPP_RS11995,LPP_RS11990,1,0.9853565096855164,0.9466103911399841,0.9899463057518005,0.983169674873352,0.9320670962333679,0.9585514068603516,0.9728994369506836,0.9466434717178345,0.9334259629249573,0.974682629108429,0.9623352885246277,1
LPP_RS11990,LPP_RS11985,1,0.9863021373748779,0.9902036786079407,0.9827662706375122,0.9697974324226379,0.9769802093505859,0.9805013537406921,0.9918243885040283,0.9743854403495789,0.973866879940033,0.9870273470878601,0.9813655138015747,1
LPP_RS11915,LPP_RS11910,1,0.4512662887573242,0.5562551021575928,0.4203298091888428,0.3729826807975769,0.5190507769584656,0.49247944355010986,0.5417950749397278,0.48102089762687683,0.305473268032074,0.5049302577972412,0.4645583599805832,0
LPP_RS11910,LPP_RS11905,1,0.9877618551254272,0.9824764728546143,0.982485830783844,0.9922648072242737,0.9658069014549255,0.9800171256065369,0.9864134788513184,0.9636387228965759,0.9837545156478882,0.9830313324928284,0.9807651042938232,1
LPP_RS11905,LPP_RS11900,1,0.9842806458473206,0.9663911461830139,0.977756142616272,0.8778170347213745,0.9602524638175964,0.9727497100830078,0.9891508221626282,0.9768118262290955,0.972805380821228,0.9568407535552979,0.9634855926036835,1
LPP_RS11900,LPP_RS11895,1,0.9876712560653687,0.9783812761306763,0.9829979538917542,0.9695807695388794,0.9530120491981506,0.9654886722564697,0.970125138759613,0.9761121273040771,0.9841180443763733,0.9787346720695496,0.9746221959590912,1
LPP_RS11875,LPP_RS11870,1,0.9881080389022827,0.9904556274414062,0.9932882189750671,0.9945030212402344,0.9808711409568787,0.973988950252533,0.9955611228942871,0.9893509745597839,0.9809138178825378,0.9858109951019287,0.987285190820694,1
LPP_RS11870,LPP_RS11865,1,0.737399160861969,0.8195305466651917,0.9251596331596375,0.4284207820892334,0.8543314337730408,0.7127608060836792,0.9221831560134888,0.7045856714248657,0.5595676302909851,0.775309681892395,0.7439248502254486,1
LPP_RS11865,LPP_RS11855,0,0.03792567178606987,0.04594999924302101,0.014151301234960556,0.01273365132510662,0.01608428545296192,0.10721613466739655,0.03858477994799614,0.028836635872721672,0.024626975879073143,0.035372111946344376,0.03614815473556519,0
LPP_RS11855,LPP_RS11850,1,0.9907665848731995,0.9854369759559631,0.9911013841629028,0.9941228032112122,0.9712278842926025,0.9795141816139221,0.9960924983024597,0.9887114763259888,0.9772974848747253,0.9828982949256897,0.9857169568538666,1
LPP_RS11850,LPP_RS11845,1,0.9917799234390259,0.9833269119262695,0.9744740724563599,0.9813836812973022,0.9530288577079773,0.9844263195991516,0.9899497628211975,0.9805243611335754,0.9831989407539368,0.9815124869346619,0.9803605318069458,1
LPP_RS11770,LPP_RS11765,1,0.9847676157951355,0.9698944091796875,0.9688887000083923,0.9394556879997253,0.9315714240074158,0.9706843495368958,0.9748109579086304,0.9707944989204407,0.9786363244056702,0.9466394186019897,0.9636143386363983,1
LPP_RS11635,LPP_RS11630,1,0.9836862683296204,0.9742252826690674,0.9723309874534607,0.9732241630554199,0.9558131694793701,0.9721788763999939,0.9738677144050598,0.9518746137619019,0.9678784012794495,0.9441170692443848,0.9669196546077728,1
LPP_RS11630,LPP_RS11620,0,0.13988634943962097,0.3834206759929657,0.2996395230293274,0.09496717900037766,0.14796844124794006,0.25207188725471497,0.10384315252304077,0.11064112186431885,0.14611750841140747,0.10668927431106567,0.17852451130747796,0
LPP_RS11620,LPP_RS11615,1,0.9901363849639893,0.989685595035553,0.990062952041626,0.9890733361244202,0.9838840365409851,0.9875955581665039,0.9977636933326721,0.9851669073104858,0.983092188835144,0.9727896451950073,0.9869250297546387,1
LPP_RS11595,LPP_RS11590,1,0.6357221007347107,0.7380925416946411,0.8365476131439209,0.6139593720436096,0.6443496346473694,0.6855846047401428,0.7668017148971558,0.5129569172859192,0.4661629796028137,0.6856981515884399,0.6585875630378724,1
LPP_RS11550,LPP_RS11545,1,0.875512957572937,0.9509822130203247,0.9355778694152832,0.9371019601821899,0.9138847589492798,0.8951900601387024,0.9589309096336365,0.957443356513977,0.8810828328132629,0.9562374949455261,0.9261944413185119,1
LPP_RS11510,LPP_RS11505,1,0.9913164377212524,0.9847007393836975,0.9819344878196716,0.9835472702980042,0.9763325452804565,0.9852561354637146,0.9875502586364746,0.9825847148895264,0.9811496138572693,0.9879128336906433,0.984228503704071,1
LPP_RS11425,LPP_RS11420,1,0.9872369170188904,0.9940510392189026,0.9931118488311768,0.9943955540657043,0.9879918098449707,0.9812883734703064,0.9983503818511963,0.9878031015396118,0.9813806414604187,0.9883061647415161,0.9893915832042695,1
LPP_RS11385,LPP_RS11380,1,0.7312848567962646,0.5926567316055298,0.7900590300559998,0.4963831603527069,0.6209006905555725,0.8506336212158203,0.79433673620224,0.6324808597564697,0.6044467687606812,0.6533946394920349,0.676657709479332,1
LPP_RS11380,LPP_RS11375,0,0.5959755182266235,0.4765232801437378,0.9430696964263916,0.10819622874259949,0.6287943720817566,0.7223741412162781,0.46129122376441956,0.3440757691860199,0.5715423822402954,0.34539657831192017,0.5197239190340042,1
LPP_RS11375,LPP_RS11370,1,0.9928333759307861,0.9886360168457031,0.9863278865814209,0.984533429145813,0.9826594591140747,0.9902349710464478,0.9962383508682251,0.9872406721115112,0.9891287684440613,0.9796236157417297,0.9877456545829773,1
LPP_RS11345,LPP_RS11340,1,0.9912700057029724,0.9749769568443298,0.9846215844154358,0.9828404188156128,0.9742622375488281,0.9875407218933105,0.9903271794319153,0.9863391518592834,0.9879187345504761,0.9725452661514282,0.9832642257213593,1
LPP_RS11340,LPP_RS11335,1,0.9912027716636658,0.9898234605789185,0.9960546493530273,0.9966318607330322,0.9752015471458435,0.9888389110565186,0.9974868893623352,0.9914886355400085,0.9793457388877869,0.9888957738876343,0.9894970238208771,1
LPP_RS11315,LPP_RS11310,1,0.9876857399940491,0.9777716398239136,0.9819594621658325,0.9727425575256348,0.9684773683547974,0.964573860168457,0.9930348992347717,0.9848952889442444,0.9737339615821838,0.9750338196754456,0.977990859746933,1
LPP_RS11310,LPP_RS11305,1,0.9569565057754517,0.9635797739028931,0.9821766018867493,0.9637577533721924,0.9600541591644287,0.9729083776473999,0.9868075847625732,0.9281598329544067,0.9458392858505249,0.982718288898468,0.9642958164215087,1
LPP_RS11265,LPP_RS11260,1,0.9905047416687012,0.9900640845298767,0.9851007461547852,0.9889606237411499,0.9712275266647339,0.9902858138084412,0.9949610829353333,0.9808332920074463,0.9903594851493835,0.9913731813430786,0.987367057800293,1
LPP_RS11260,LPP_RS11255,1,0.9903652667999268,0.9677847623825073,0.9875825047492981,0.9843924045562744,0.9772632122039795,0.9813025593757629,0.9928792119026184,0.9838171601295471,0.987650990486145,0.9783509373664856,0.9831389009952545,1
LPP_RS11255,LPP_RS11250,1,0.9698893427848816,0.979246973991394,0.9933285117149353,0.9934422969818115,0.9599423408508301,0.9738210439682007,0.9928753972053528,0.9591837525367737,0.8959007263183594,0.9765266180038452,0.9694157004356384,1
LPP_RS11165,LPP_RS11160,1,0.9857770204544067,0.9912165999412537,0.9872598648071289,0.9945372939109802,0.9828569889068604,0.986100435256958,0.9917728304862976,0.9887745380401611,0.9820991158485413,0.9820888042449951,0.9872483491897583,1
LPP_RS11160,LPP_RS11155,1,0.9917067885398865,0.98649662733078,0.983587920665741,0.9811577200889587,0.9795612692832947,0.9842403531074524,0.9959481358528137,0.9869275689125061,0.9869644045829773,0.9691604971885681,0.9845751285552978,1
LPP_RS11155,LPP_RS11150,1,0.986419141292572,0.9895893335342407,0.9698213338851929,0.9833884835243225,0.9702991843223572,0.9727158546447754,0.9934731125831604,0.9663504958152771,0.9760979413986206,0.9865725040435791,0.9794727385044097,1
LPP_RS11150,LPP_RS11145,1,0.9496458768844604,0.895702600479126,0.9705605506896973,0.9326346516609192,0.869267463684082,0.9654397964477539,0.9455249309539795,0.8725707530975342,0.9252840876579285,0.9703084826469421,0.9296939194202423,1
LPP_RS11145,LPP_RS11140,1,0.7894347310066223,0.5832759737968445,0.7592940330505371,0.6427267789840698,0.6347965598106384,0.8461244106292725,0.9013527035713196,0.5265204906463623,0.6134114861488342,0.5531677007675171,0.6850104868412018,1
LPP_RS11140,LPP_RS11135,1,0.6208531856536865,0.6413599252700806,0.8470942378044128,0.30673936009407043,0.7278680205345154,0.7939124703407288,0.6668853759765625,0.5249260067939758,0.5850785970687866,0.6632319688796997,0.637794914841652,1
LPP_RS11060,LPP_RS11055,1,0.9851705431938171,0.9885079264640808,0.9901568293571472,0.9878294467926025,0.98518967628479,0.9916021823883057,0.9972396492958069,0.9817788600921631,0.9786440134048462,0.9522011280059814,0.9838320255279541,1
LPP_RS11015,LPP_RS11010,1,0.9908236265182495,0.9757170081138611,0.9950442314147949,0.989196240901947,0.9266647696495056,0.9770752191543579,0.9983599781990051,0.9853121638298035,0.9797214865684509,0.9811771512031555,0.9799091875553131,1
LPP_RS10990,LPP_RS10985,1,0.8385856747627258,0.9483118057250977,0.923166036605835,0.9092696905136108,0.8958663940429688,0.9191133975982666,0.9361022114753723,0.8126922249794006,0.7988736629486084,0.9396934509277344,0.892167454957962,1
LPP_RS10900,LPP_RS10895,1,0.9864370226860046,0.9820879697799683,0.9801864624023438,0.9811351299285889,0.9628711342811584,0.9577926993370056,0.9924269318580627,0.9863872528076172,0.9622807502746582,0.986624002456665,0.9778229355812073,1
LPP_RS10875,LPP_RS10855,0,0.0009150168625637889,0.0060656871646642685,0.003313124645501375,0.00048274503205902874,0.0009828691836446524,0.0043135592713952065,0.00393558107316494,0.0014659781008958817,0.0016097808256745338,0.000556523387786001,0.0023640865547349676,0
LPP_RS10855,LPP_RS10850,1,0.8951505422592163,0.921610951423645,0.9348872900009155,0.9279141426086426,0.9103087186813354,0.9508125185966492,0.9592251181602478,0.9541833400726318,0.9622958898544312,0.9587072134017944,0.9375095725059509,1
LPP_RS10645,LPP_RS10640,1,0.9888878464698792,0.9835361242294312,0.991705596446991,0.9886070489883423,0.9680293202400208,0.9728914499282837,0.9963178038597107,0.9867453575134277,0.9769043922424316,0.9641806483268738,0.9817805588245392,1
LPP_RS10535,LPP_RS10530,1,0.9876531362533569,0.9840665459632874,0.978157639503479,0.9736506342887878,0.9791693091392517,0.9863986968994141,0.9924890398979187,0.9718286991119385,0.9806768894195557,0.9774008393287659,0.9811491429805755,1
LPP_RS10500,LPP_RS10495,1,0.8199377059936523,0.9139304161071777,0.8868751525878906,0.9577130675315857,0.8847150802612305,0.9420958757400513,0.9142833352088928,0.8714209794998169,0.8945665955543518,0.853083074092865,0.8938621282577515,1
LPP_RS10480,LPP_RS10475,1,0.9904260635375977,0.989051103591919,0.9871487021446228,0.9685478806495667,0.9750546216964722,0.9781333804130554,0.9933434128761292,0.9895569086074829,0.9813909530639648,0.9809144139289856,0.9833567440509796,1
LPP_RS10475,LPP_RS10470,1,0.9900048971176147,0.9770746231079102,0.9889061450958252,0.9907763004302979,0.9586717486381531,0.9681914448738098,0.9850348830223083,0.9710187315940857,0.9795439839363098,0.9790334105491638,0.9788256168365479,1
LPP_RS10425,LPP_RS10420,1,0.9212749600410461,0.928286612033844,0.9725231528282166,0.9538846015930176,0.9274110794067383,0.8818640112876892,0.9238663911819458,0.9290097951889038,0.8587048649787903,0.9580783843994141,0.9254903852939605,1
LPP_RS10420,LPP_RS10415,0,0.5780277252197266,0.7419161200523376,0.8712997436523438,0.24565400183200836,0.8136366605758667,0.629899799823761,0.6794376373291016,0.6514995098114014,0.2579497694969177,0.5965676307678223,0.6065888598561286,1
LPP_RS10415,LPP_RS10410,1,0.9107187390327454,0.7441022396087646,0.9144474864006042,0.5803406834602356,0.6465665102005005,0.77549809217453,0.8350880146026611,0.6851403713226318,0.7882465124130249,0.7142837047576904,0.7594432353973388,1
LPP_RS10225,LPP_RS10220,1,0.9918323755264282,0.9807352423667908,0.9891116619110107,0.9856998920440674,0.9733225107192993,0.9841482639312744,0.9923861026763916,0.9786306023597717,0.9863913655281067,0.9799994826316833,0.9842257499694824,1
LPP_RS10220,LPP_RS10215,1,0.9884966015815735,0.9593737721443176,0.9724736213684082,0.9586955308914185,0.9722383618354797,0.98077791929245,0.9737271666526794,0.9723942279815674,0.9840192794799805,0.9803323149681091,0.9742528796195984,1
LPP_RS10215,LPP_RS10210,1,0.9767064452171326,0.9725552797317505,0.989349365234375,0.993015468120575,0.966157853603363,0.979769766330719,0.9955880641937256,0.9709980487823486,0.9701175093650818,0.9826056957244873,0.9796863496303558,1
LPP_RS10210,LPP_RS10205,1,0.9920749068260193,0.9874172210693359,0.9841636419296265,0.9856849908828735,0.9765738844871521,0.9924728274345398,0.9893554449081421,0.9866323471069336,0.9900785088539124,0.9828075170516968,0.9867261290550232,1
LPP_RS10155,LPP_RS10150,1,0.9878103733062744,0.9864468574523926,0.9776707291603088,0.9762881994247437,0.9684275984764099,0.9832431077957153,0.9886975884437561,0.9727826714515686,0.9844759702682495,0.9698706269264221,0.9795713722705841,1
LPP_RS10130,LPP_RS10125,1,0.6053974032402039,0.5512217283248901,0.6710479855537415,0.41248539090156555,0.529207706451416,0.6911123991012573,0.7289928197860718,0.4344216287136078,0.6055119633674622,0.6336265206336975,0.5863025546073913,1
LPP_RS10125,LPP_RS10120,1,0.5331334471702576,0.545941948890686,0.9260039925575256,0.176905557513237,0.5220071077346802,0.6133103966712952,0.7145385146141052,0.35149624943733215,0.24378366768360138,0.6809405088424683,0.5308061391115189,1
LPP_RS10110,LPP_RS10105,1,0.9914158582687378,0.9895856976509094,0.9895943999290466,0.9901439547538757,0.974430501461029,0.9901500940322876,0.9972407221794128,0.9806709289550781,0.9876350164413452,0.9921624064445496,0.9883029580116272,1
LPP_RS10055,LPP_RS10050,1,0.9929044246673584,0.9930861592292786,0.9958602786064148,0.9967040419578552,0.9879941940307617,0.9901084303855896,0.9990642666816711,0.990456223487854,0.9846237301826477,0.9886747002601624,0.9919476449489594,1
LPP_RS10005,LPP_RS10000,1,0.9845787286758423,0.9696493148803711,0.9969007968902588,0.9934866428375244,0.9306535124778748,0.8927795886993408,0.9940929412841797,0.9538365006446838,0.941983699798584,0.9689570665359497,0.9626918792724609,1
LPP_RS10000,LPP_RS09995,1,0.9902752041816711,0.9853335022926331,0.9965386390686035,0.9932652711868286,0.9773049354553223,0.9853340983390808,0.9987103343009949,0.9873294234275818,0.9720997214317322,0.9885965585708618,0.987478768825531,1
LPP_RS09995,LPP_RS09975,0,0.005173720885068178,0.0074628680013120174,0.001824091887101531,0.00024706157273612916,0.002591896103695035,0.01984832063317299,0.002315287012606859,0.003161611733958125,0.008954726159572601,0.0006027406197972596,0.005218232460902072,0
LPP_RS09975,LPP_RS09970,1,0.9933868646621704,0.977052628993988,0.984125554561615,0.9852971434593201,0.9806003570556641,0.9929433465003967,0.9956405758857727,0.9809564352035522,0.9854320287704468,0.9925427436828613,0.9867977678775788,1
LPP_RS09970,LPP_RS09965,1,0.5010792016983032,0.34647175669670105,0.5421121716499329,0.23607540130615234,0.5968893766403198,0.5462534427642822,0.6523590087890625,0.4329802393913269,0.4227328896522522,0.40300145745277405,0.4679954946041107,0
LPP_RS09855,LPP_RS09850,1,0.9408726096153259,0.9456960558891296,0.9339693188667297,0.9775069952011108,0.9060783386230469,0.9412605166435242,0.9503746628761292,0.9357298612594604,0.9495327472686768,0.9741366505622864,0.945515775680542,1
LPP_RS09770,LPP_RS09765,1,0.9934276342391968,0.9829319715499878,0.9881503582000732,0.9895052313804626,0.986940860748291,0.9897370934486389,0.9957274794578552,0.9889050126075745,0.9899458885192871,0.9901688694953918,0.9895440399646759,1
LPP_RS09700,LPP_RS09695,1,0.911867082118988,0.9729098081588745,0.982208251953125,0.9597148299217224,0.9719143509864807,0.8824176788330078,0.979742169380188,0.9346951842308044,0.9388259053230286,0.9611086249351501,0.9495403885841369,1
LPP_RS09675,LPP_RS09670,1,0.9919754862785339,0.9932128190994263,0.9940865635871887,0.9959447979927063,0.9874600172042847,0.981484055519104,0.9980109333992004,0.9883055090904236,0.9798455238342285,0.990230143070221,0.9900555849075318,1
LPP_RS09670,LPP_RS09665,1,0.3458225131034851,0.5638992786407471,0.6150842308998108,0.19305862486362457,0.48191767930984497,0.4242686927318573,0.6763685941696167,0.5019052028656006,0.160197451710701,0.3914424479007721,0.43539647161960604,0
LPP_RS09665,LPP_RS09660,1,0.9900544285774231,0.9871704578399658,0.9785152077674866,0.9737077355384827,0.9790278077125549,0.9826169610023499,0.9918550848960876,0.9762971997261047,0.9871798753738403,0.9662144184112549,0.981263917684555,1
LPP_RS09570,LPP_RS09565,1,0.9924264550209045,0.9945324659347534,0.9911771416664124,0.9873319864273071,0.9874649047851562,0.9887008666992188,0.9964362382888794,0.9844141006469727,0.9878805875778198,0.9704539179801941,0.9880818665027619,1
LPP_RS09565,LPP_RS09560,1,0.9881889820098877,0.967375636100769,0.9748334288597107,0.9560927748680115,0.957158088684082,0.9703270792961121,0.9676588773727417,0.9618907570838928,0.9665175080299377,0.9662708640098572,0.9676313996315002,1
LPP_RS09560,LPP_RS09555,0,0.9869909882545471,0.9825562238693237,0.9722601175308228,0.9749202132225037,0.9591419100761414,0.9846906065940857,0.9611631035804749,0.9714059233665466,0.9854281544685364,0.9692839980125427,0.9747841238975525,1
LPP_RS09555,LPP_RS09550,1,0.9848587512969971,0.9814369082450867,0.9695967435836792,0.9703103303909302,0.9609480500221252,0.9548075199127197,0.9902997612953186,0.982400119304657,0.964907169342041,0.9802461862564087,0.9739811539649963,1
LPP_RS09490,LPP_RS09485,1,0.957802951335907,0.8855462074279785,0.9464969635009766,0.954973578453064,0.9391807317733765,0.9378816485404968,0.9796238541603088,0.926418662071228,0.9255951642990112,0.950007438659668,0.9403527200222015,1
LPP_RS09470,LPP_RS09465,1,0.38512343168258667,0.2135823667049408,0.3328738510608673,0.15139175951480865,0.2940773367881775,0.41678452491760254,0.5219419598579407,0.22119642794132233,0.2922721207141876,0.29201439023017883,0.3121258169412613,0
LPP_RS09255,LPP_RS09250,1,0.848041832447052,0.853978157043457,0.9918431639671326,0.9457061886787415,0.8645728230476379,0.8782712817192078,0.8931647539138794,0.8226032853126526,0.7768451571464539,0.858390212059021,0.8733416855335235,1
LPP_RS09250,LPP_RS09245,0,0.9891891479492188,0.9936937093734741,0.9678012132644653,0.9911031723022461,0.9783492684364319,0.9868051409721375,0.9921408891677856,0.9765443205833435,0.9836676716804504,0.9802674651145935,0.9839561998844146,1
LPP_RS09245,LPP_RS09240,1,0.99152010679245,0.9848997592926025,0.9815705418586731,0.9841468334197998,0.9698999524116516,0.986994206905365,0.977199375629425,0.9830330014228821,0.9893752336502075,0.9818452000617981,0.9830484211444854,1
LPP_RS09205,LPP_RS09200,1,0.9893404841423035,0.9897320866584778,0.9891754984855652,0.9919097423553467,0.9805009961128235,0.9874960780143738,0.996964156627655,0.9875582456588745,0.9826166033744812,0.9879282712936401,0.9883222162723542,1
LPP_RS09105,LPP_RS09100,1,0.9923951029777527,0.9921808838844299,0.9872608780860901,0.9915542602539062,0.9827054738998413,0.9869483709335327,0.9985901117324829,0.989591121673584,0.9862463474273682,0.9764701724052429,0.988394272327423,1
LPP_RS08985,LPP_RS08980,1,0.9769912362098694,0.9783933758735657,0.9913873672485352,0.9904294013977051,0.9773815274238586,0.9787483215332031,0.9939132332801819,0.9666282534599304,0.976086437702179,0.9693708419799805,0.9799329996109009,1
LPP_RS08965,LPP_RS08960,1,0.990735650062561,0.978452742099762,0.9756558537483215,0.9702986478805542,0.9770130515098572,0.9803656339645386,0.9954884052276611,0.9820760488510132,0.984633207321167,0.9660733938217163,0.9800792634487152,1
LPP_RS08960,LPP_RS08955,1,0.9869000315666199,0.9869688749313354,0.9899975657463074,0.9939035177230835,0.970170795917511,0.9656222462654114,0.9977953433990479,0.9857913255691528,0.9706148505210876,0.9862295389175415,0.9833994090557099,1
LPP_RS08875,LPP_RS08870,1,0.9891505837440491,0.9831658005714417,0.9851182699203491,0.97409588098526,0.9804333448410034,0.9867272973060608,0.9905304908752441,0.9764441251754761,0.9813671708106995,0.9739726781845093,0.9821005642414093,1
LPP_RS08870,LPP_RS08865,1,0.9556698203086853,0.9157977104187012,0.9449209570884705,0.9371538758277893,0.880925178527832,0.9173507690429688,0.9048258066177368,0.921970546245575,0.9505836367607117,0.9301835298538208,0.9259381830692291,1
LPP_RS08780,LPP_RS08775,1,0.9851624369621277,0.9725152254104614,0.9935787916183472,0.9909335970878601,0.9640185832977295,0.9868272542953491,0.9945023059844971,0.9621181488037109,0.9709953665733337,0.9897036552429199,0.9810355365276336,1
LPP_RS08775,LPP_RS08770,1,0.9812262654304504,0.9510201811790466,0.9525519013404846,0.9434913396835327,0.8752295970916748,0.9668768644332886,0.9501779079437256,0.9442507028579712,0.9550704956054688,0.9389697909355164,0.9458865046501159,1
LPP_RS08770,LPP_RS08765,1,0.9777003526687622,0.9423613548278809,0.9358611106872559,0.8823987245559692,0.9023118019104004,0.9539930820465088,0.9545736908912659,0.9447311758995056,0.9538553953170776,0.902379035949707,0.9350165724754333,1
LPP_RS08765,LPP_RS08760,0,0.7873458862304688,0.7729112505912781,0.3504452705383301,0.3978337347507477,0.5053752660751343,0.661095142364502,0.5169015526771545,0.7558234333992004,0.7594656944274902,0.6425545811653137,0.6149751812219619,1
LPP_RS08760,LPP_RS08755,1,0.9913159608840942,0.9813700914382935,0.9912000894546509,0.9883798360824585,0.9702567458152771,0.9806888103485107,0.9955031275749207,0.9816831350326538,0.978664755821228,0.9741335511207581,0.9833196103572845,1
LPP_RS08700,LPP_RS08695,1,0.9921368360519409,0.9935479760169983,0.9943553805351257,0.9925552010536194,0.9870412349700928,0.9897960424423218,0.9982860088348389,0.9919630289077759,0.9787352681159973,0.9912044405937195,0.9909621417522431,1
LPP_RS08695,LPP_RS08690,1,0.9895848631858826,0.9963517785072327,0.9916554689407349,0.9947320222854614,0.9913736581802368,0.9916513562202454,0.9986393451690674,0.9895952343940735,0.9861885905265808,0.9791581034660339,0.9908930420875549,1
LPP_RS08690,LPP_RS08685,0,0.6798383593559265,0.6143041253089905,0.6583766341209412,0.13434435427188873,0.42427998781204224,0.5942440629005432,0.5655015110969543,0.43813592195510864,0.26201820373535156,0.5323097705841064,0.49033529311418533,0
LPP_RS08685,LPP_RS08680,1,0.9892932176589966,0.9899951815605164,0.9930788278579712,0.9876460433006287,0.9759100079536438,0.9821963906288147,0.9894317388534546,0.9840698838233948,0.9820399880409241,0.980957567691803,0.9854618847370148,1
LPP_RS08680,LPP_RS08675,1,0.9814975261688232,0.983009934425354,0.9634943008422852,0.9726604223251343,0.9482138156890869,0.9671065807342529,0.9848738312721252,0.955879807472229,0.978082537651062,0.972270131111145,0.9707088887691497,1
LPP_RS08675,LPP_RS08670,0,0.6348804831504822,0.6915730237960815,0.7734535336494446,0.7632122039794922,0.7087557911872864,0.7148274779319763,0.8094501495361328,0.657867968082428,0.6042561531066895,0.614285409450531,0.6972562193870544,1
LPP_RS08670,LPP_RS08665,1,0.9900611639022827,0.9794512391090393,0.9898257851600647,0.9886265993118286,0.9740707874298096,0.9799435138702393,0.9904875159263611,0.9791661500930786,0.9738804697990417,0.9873912930488586,0.9832904517650605,1
LPP_RS08655,LPP_RS08650,1,0.9900296330451965,0.9764374494552612,0.9853147864341736,0.9719805717468262,0.972931981086731,0.987622082233429,0.9925463199615479,0.9791173338890076,0.9811968803405762,0.9812148213386536,0.9818391859531402,1
LPP_RS08650,LPP_RS08645,1,0.9605797529220581,0.8846583366394043,0.8981989026069641,0.773136556148529,0.9336436986923218,0.8971899747848511,0.9482159614562988,0.960542619228363,0.9484732151031494,0.9214321970939636,0.9126071214675904,1
LPP_RS08645,LPP_RS08640,1,0.9308192133903503,0.9172611832618713,0.9707348346710205,0.9270359873771667,0.9258180856704712,0.9065897464752197,0.962184727191925,0.9016131162643433,0.8658075332641602,0.8961423635482788,0.9204006791114807,1
LPP_RS08640,LPP_RS08635,1,0.9327104687690735,0.9165782332420349,0.8398898243904114,0.920676589012146,0.8794237971305847,0.8766065835952759,0.9025974869728088,0.9375476241111755,0.8652058243751526,0.8963449001312256,0.8967581331729889,1
LPP_RS08635,LPP_RS08630,0,0.41165491938591003,0.4321762025356293,0.4472981095314026,0.0783907100558281,0.32390350103378296,0.4817368686199188,0.5031090974807739,0.3967101275920868,0.1386324018239975,0.23464693129062653,0.34482588693499566,0
LPP_RS08630,LPP_RS08625,1,0.9919924736022949,0.9925866723060608,0.9945468902587891,0.994152307510376,0.9831478595733643,0.9811859130859375,0.9979426264762878,0.98480623960495,0.9724533557891846,0.9873877763748169,0.9880202114582062,1
LPP_RS08605,LPP_RS08600,1,0.9935509562492371,0.9952277541160583,0.995757520198822,0.9938616156578064,0.9915308952331543,0.986713171005249,0.9990274906158447,0.9940635561943054,0.9872170686721802,0.9896022081375122,0.992655223608017,1
LPP_RS08600,LPP_RS08595,0,0.9894199371337891,0.9758585691452026,0.9771251678466797,0.9749892354011536,0.9673938751220703,0.9869537949562073,0.983336329460144,0.9774136543273926,0.9775439500808716,0.9860491752624512,0.9796083688735961,1
LPP_RS08595,LPP_RS08590,1,0.9844915270805359,0.984319806098938,0.9749189615249634,0.9909912347793579,0.9741153120994568,0.9679455757141113,0.9929131865501404,0.980627179145813,0.9683508276939392,0.973644495010376,0.9792318105697632,1
LPP_RS08540,LPP_RS08535,1,0.9889897704124451,0.9805013537406921,0.9810413122177124,0.9774584174156189,0.9709887504577637,0.9728818535804749,0.9961881041526794,0.9805468320846558,0.9827922582626343,0.9654433131217957,0.9796831965446472,1
LPP_RS08535,LPP_RS08525,0,0.047925133258104324,0.05193955451250076,0.017250211909413338,0.005399981047958136,0.026545140892267227,0.0831872746348381,0.013423687778413296,0.02047666162252426,0.03410446643829346,0.01397064607590437,0.03142227581702173,0
LPP_RS08525,LPP_RS08520,1,0.9738323092460632,0.9699390530586243,0.926662266254425,0.9420387148857117,0.9293597340583801,0.9368695616722107,0.9553853273391724,0.9341591000556946,0.9541491270065308,0.9582201242446899,0.9480615317821502,1
LPP_RS08520,LPP_RS08515,1,0.9867715835571289,0.9851073622703552,0.953680694103241,0.97257000207901,0.943366527557373,0.9813728928565979,0.9742358326911926,0.9653981924057007,0.9864683747291565,0.968395471572876,0.9717366933822632,1
LPP_RS08515,LPP_RS08510,1,0.9872139692306519,0.9843304753303528,0.9695830941200256,0.9760103225708008,0.9619068503379822,0.9784611463546753,0.9923164248466492,0.9637623429298401,0.9740793108940125,0.9551342725753784,0.9742798209190369,1
LPP_RS08510,LPP_RS08505,1,0.9865036606788635,0.9824362993240356,0.9613288044929504,0.9393395781517029,0.9540295600891113,0.9608919024467468,0.9855784177780151,0.9646085500717163,0.9732284545898438,0.9621499180793762,0.9670095145702362,1
LPP_RS08480,LPP_RS08475,1,0.9883516430854797,0.9883907437324524,0.9805454015731812,0.9700506925582886,0.9775146842002869,0.9886461496353149,0.9957064986228943,0.9808525443077087,0.9812277555465698,0.9728071689605713,0.9824093282222748,1
LPP_RS08440,LPP_RS08435,1,0.8681222796440125,0.939001202583313,0.9295691847801208,0.8478126525878906,0.9317072629928589,0.9260997772216797,0.9172397255897522,0.8503192067146301,0.9035560488700867,0.8710798621177673,0.8984507203102112,1
LPP_RS08435,LPP_RS08430,1,0.9871857166290283,0.9809227585792542,0.9777352809906006,0.9643283486366272,0.9582531452178955,0.9616162776947021,0.9945363402366638,0.9820669889450073,0.9724436402320862,0.9752300381660461,0.9754318535327912,1
LPP_RS08430,LPP_RS08425,1,0.9888448119163513,0.9819754958152771,0.9793272614479065,0.9655347466468811,0.9699084162712097,0.9819995760917664,0.9915178418159485,0.9790365695953369,0.9842613935470581,0.9667338132858276,0.9789139926433563,1
LPP_RS08390,LPP_RS08385,1,0.9877372980117798,0.9801483750343323,0.9678196907043457,0.9746977686882019,0.9423966407775879,0.9817731380462646,0.9714832305908203,0.9639925956726074,0.9861942529678345,0.9677175879478455,0.9723960578441619,1
LPP_RS08385,LPP_RS08370,0,0.0002448595187161118,0.0012456623371690512,0.0007795888814143836,0.0005208678194321692,0.0005620184820145369,0.0022751009091734886,0.0006571420817635953,0.00046788519830442965,0.0009862863225862384,0.00016340799629688263,0.0007902819546870887,0
LPP_RS08370,LPP_RS08365,1,0.9894425868988037,0.9761633276939392,0.9669256210327148,0.962520956993103,0.9538451433181763,0.9728009700775146,0.9858810305595398,0.9743919372558594,0.9798192381858826,0.9742429256439209,0.9736033737659454,1
LPP_RS08330,LPP_RS08325,1,0.9857549071311951,0.9778490662574768,0.9908682703971863,0.9859108924865723,0.9651116132736206,0.9798328280448914,0.9865454435348511,0.9539709687232971,0.9503648281097412,0.9759719371795654,0.9752180755138398,1
LPP_RS08295,LPP_RS08290,1,0.9912277460098267,0.9891692399978638,0.982694149017334,0.9855330586433411,0.9732756614685059,0.9856416583061218,0.9937853217124939,0.9867191314697266,0.9822220802307129,0.9751546382904053,0.9845422685146332,1
LPP_RS08290,LPP_RS08285,1,0.990690290927887,0.9916639924049377,0.989590048789978,0.9823734164237976,0.9817211627960205,0.9862174987792969,0.9988424181938171,0.9903169870376587,0.9855953454971313,0.9718853831291199,0.9868896543979645,1
LPP_RS08285,LPP_RS08280,0,0.9907609224319458,0.9823418855667114,0.987775444984436,0.9694307446479797,0.9799646735191345,0.9848270416259766,0.9920355081558228,0.9889437556266785,0.9851762652397156,0.9719078540802002,0.9833164095878602,1
LPP_RS08280,LPP_RS08275,1,0.979729413986206,0.9949540495872498,0.9948370456695557,0.9950098395347595,0.9881945252418518,0.9882277250289917,0.9979830980300903,0.987369179725647,0.9829155206680298,0.9695631265640259,0.9878783524036407,1
LPP_RS08275,LPP_RS08270,1,0.9873765110969543,0.9704000949859619,0.9637187123298645,0.9374445080757141,0.9749268293380737,0.9661452770233154,0.9878398180007935,0.971854567527771,0.9824029207229614,0.956393837928772,0.9698503077030182,1
LPP_RS08270,LPP_RS08265,1,0.9896512627601624,0.9738094210624695,0.9746469855308533,0.9724688529968262,0.9747472405433655,0.9848923683166504,0.9883719086647034,0.9768345355987549,0.9824641346931458,0.975772500038147,0.9793659210205078,1
LPP_RS08240,LPP_RS08235,1,0.8804847598075867,0.9544427990913391,0.9742035865783691,0.9125305414199829,0.9451404213905334,0.9304179549217224,0.9744155406951904,0.9291221499443054,0.8549030423164368,0.670458972454071,0.9026119768619537,1
LPP_RS08235,LPP_RS08230,1,0.6527519226074219,0.6978268027305603,0.7498093843460083,0.7380179762840271,0.6096716523170471,0.5877135992050171,0.7316170930862427,0.5253918766975403,0.40064796805381775,0.5398245453834534,0.6233272820711135,1
LPP_RS08180,LPP_RS08175,1,0.9920964241027832,0.9899076223373413,0.9944007992744446,0.9959367513656616,0.9837022423744202,0.9835560321807861,0.9979747533798218,0.9925628900527954,0.9777103662490845,0.9856330752372742,0.9893480956554412,1
LPP_RS08165,LPP_RS08160,1,0.9697678089141846,0.9597547650337219,0.938321053981781,0.9594565033912659,0.9596738815307617,0.9687520861625671,0.93562912940979,0.9320757985115051,0.9509708881378174,0.9030439257621765,0.9477445840835571,1
LPP_RS08160,LPP_RS08155,1,0.993012547492981,0.9952473044395447,0.9961585402488708,0.9961460828781128,0.9871833920478821,0.984835684299469,0.9986388683319092,0.9930062294006348,0.9823627471923828,0.988396167755127,0.9914987564086915,1
LPP_RS08155,LPP_RS08150,1,0.9809623956680298,0.9685907363891602,0.9908519983291626,0.954509973526001,0.9465415477752686,0.9603250622749329,0.9896208047866821,0.9603627920150757,0.9677216410636902,0.9571750164031982,0.9676661968231202,1
LPP_RS08150,LPP_RS08145,1,0.9893438816070557,0.9905875325202942,0.9915984869003296,0.9917576313018799,0.9720835089683533,0.9755969643592834,0.9983692765235901,0.9829394221305847,0.972993791103363,0.9833720326423645,0.9848642528057099,1
LPP_RS08145,LPP_RS08140,0,0.647280216217041,0.56551593542099,0.8432978987693787,0.3249441981315613,0.6545314788818359,0.8098416328430176,0.7735182642936707,0.6596001982688904,0.4741712510585785,0.7489702105522156,0.6501671284437179,1
LPP_RS08140,LPP_RS08135,1,0.982205331325531,0.9654971957206726,0.991465151309967,0.98814857006073,0.9549384117126465,0.9845874309539795,0.97216796875,0.9588184356689453,0.9585120677947998,0.9875620007514954,0.9743902564048768,1
LPP_RS08135,LPP_RS08130,1,0.9911268353462219,0.9830373525619507,0.9708653688430786,0.9864983558654785,0.9776332974433899,0.989332377910614,0.9903525114059448,0.9848083853721619,0.9867183566093445,0.9907327890396118,0.9851105630397796,1
LPP_RS08130,LPP_RS08125,1,0.9825475811958313,0.9608792066574097,0.9613624215126038,0.934154212474823,0.9246191382408142,0.9555785059928894,0.9812434315681458,0.9689149260520935,0.975823700428009,0.9639294743537903,0.960905259847641,1
LPP_RS08045,LPP_RS08040,1,0.9885655641555786,0.9750261902809143,0.9621691703796387,0.9099635481834412,0.9585751891136169,0.9754840731620789,0.9769249558448792,0.9604294300079346,0.9707069396972656,0.9508187770843506,0.9628663837909699,1
LPP_RS08040,LPP_RS08035,1,0.9812878966331482,0.9394083023071289,0.9692167043685913,0.9621822237968445,0.9370428919792175,0.9458258748054504,0.9558246731758118,0.9601498246192932,0.9618194699287415,0.9409772157669067,0.9553735077381134,1
LPP_RS08035,LPP_RS08025,0,0.01807672716677189,0.03743656724691391,0.08528689295053482,0.02349516935646534,0.058994609862565994,0.06262636184692383,0.04823554307222366,0.021466512233018875,0.02603146992623806,0.0038712143432348967,0.03855210680048913,0
LPP_RS08025,LPP_RS08020,1,0.7914132475852966,0.7102048993110657,0.7891250848770142,0.17652356624603271,0.5402700901031494,0.7720978260040283,0.7761543393135071,0.5533492565155029,0.529887318611145,0.5004417896270752,0.6139467418193817,1
LPP_RS08005,LPP_RS08000,1,0.753994882106781,0.6159794330596924,0.763383150100708,0.20515084266662598,0.6438745260238647,0.7761626839637756,0.7045080065727234,0.6719223260879517,0.574090838432312,0.6831205487251282,0.6392187237739563,1
LPP_RS08000,LPP_RS07995,0,0.37277036905288696,0.24100817739963531,0.37255188822746277,0.06814756989479065,0.18708710372447968,0.440319299697876,0.3774068355560303,0.24752777814865112,0.1569744199514389,0.21624338626861572,0.2680036827921867,0
LPP_RS07995,LPP_RS07990,1,0.9586970210075378,0.92010897397995,0.8733015656471252,0.7993993759155273,0.7647589445114136,0.8737829327583313,0.8004982471466064,0.8728581070899963,0.896763026714325,0.888763427734375,0.8648931622505188,1
LPP_RS07990,LPP_RS07985,1,0.9846217036247253,0.9908148646354675,0.9939086437225342,0.9901258945465088,0.9692497849464417,0.9674152135848999,0.9955930709838867,0.9858083128929138,0.9518679976463318,0.9813418984413147,0.9810747385025025,1
LPP_RS07920,LPP_RS07915,1,0.9914893507957458,0.9821412563323975,0.9949512481689453,0.9942885041236877,0.981294572353363,0.9853107929229736,0.997119128704071,0.9866625666618347,0.9703008532524109,0.9878361821174622,0.9871394455432891,1
LPP_RS07915,LPP_RS07895,0,0.0001910635328385979,0.0022487810347229242,0.009173943661153316,0.00021871911303605884,0.0013407871592789888,0.0013530600117519498,0.0015483201714232564,0.000588468334171921,0.0006890302174724638,6.463693716796115e-05,0.001741681017301744,0
LPP_RS07895,LPP_RS07890,1,0.9934827089309692,0.9869728684425354,0.994924783706665,0.9938685894012451,0.9816576242446899,0.9891668558120728,0.9982304573059082,0.9871782064437866,0.9867900609970093,0.9911795258522034,0.9903451681137085,1
LPP_RS07890,LPP_RS07880,0,0.0039378805086016655,0.02651616558432579,0.0271286778151989,0.000500030699186027,0.019493570551276207,0.013136938214302063,0.014339079149067402,0.014540689066052437,0.005397061817348003,0.0008436441421508789,0.012583373754750937,0
LPP_RS07880,LPP_RS07875,1,0.8429321646690369,0.6959887146949768,0.9784246683120728,0.0988917127251625,0.5247843861579895,0.4276820421218872,0.6150378584861755,0.5569171905517578,0.2661076784133911,0.6280388236045837,0.5634805239737034,1
LPP_RS07810,LPP_RS07805,1,0.990824818611145,0.9902350902557373,0.98232102394104,0.9847009181976318,0.9797640442848206,0.9842275977134705,0.9922418594360352,0.9854393005371094,0.9876885414123535,0.9871593713760376,0.9864602565765381,1
LPP_RS07805,LPP_RS07800,1,0.9668141603469849,0.7363185286521912,0.9579587578773499,0.6324918270111084,0.6919362545013428,0.7903807759284973,0.964294970035553,0.8516380786895752,0.8415381908416748,0.7812070846557617,0.8214578628540039,1
LPP_RS07800,LPP_RS07785,0,0.0013967076083645225,0.012889712117612362,0.020767319947481155,0.0028517814353108406,0.0034753577783703804,0.004820403177291155,0.008027016185224056,0.0022056857123970985,0.0026119756512343884,0.003733463119715452,0.006277942273300141,0
LPP_RS07785,LPP_RS07780,1,0.9471794366836548,0.9026780128479004,0.9268906116485596,0.8926281332969666,0.9304429888725281,0.9583663940429688,0.9058043956756592,0.8821780681610107,0.8921523690223694,0.9393895268440247,0.9177709937095642,1
LPP_RS07780,LPP_RS07775,1,0.9893702268600464,0.9743250012397766,0.9838240742683411,0.9893572330474854,0.9649897813796997,0.9687438607215881,0.9905603528022766,0.9831411838531494,0.9832348823547363,0.9709437489509583,0.9798490345478058,1
LPP_RS07775,LPP_RS07770,1,0.9843276739120483,0.9826183319091797,0.9815335869789124,0.9937241673469543,0.9734487533569336,0.9692776203155518,0.9940991401672363,0.9827072620391846,0.9707191586494446,0.9779269695281982,0.9810382664203644,1
LPP_RS07740,LPP_RS07735,1,0.989719808101654,0.9833315014839172,0.9751983284950256,0.9885903000831604,0.9674742817878723,0.971889078617096,0.9942956566810608,0.9764503836631775,0.97666335105896,0.9795272350311279,0.9803139925003052,1
LPP_RS07735,LPP_RS07730,1,0.972701370716095,0.9635039567947388,0.975609302520752,0.9572595953941345,0.9457978010177612,0.9326656460762024,0.9745269417762756,0.9552284479141235,0.9506519436836243,0.9474003314971924,0.9575345337390899,1
LPP_RS07730,LPP_RS07725,1,0.9368589520454407,0.8963791728019714,0.9846808910369873,0.6837553977966309,0.6883118152618408,0.893072783946991,0.879216194152832,0.7909692525863647,0.7933984994888306,0.8239321708679199,0.8370575129985809,1
LPP_RS07700,LPP_RS07695,1,0.9857927560806274,0.9429865479469299,0.9701634049415588,0.9733403921127319,0.8899304270744324,0.9825105667114258,0.9924761056900024,0.962215006351471,0.9301095008850098,0.9440980553627014,0.957362276315689,1
LPP_RS07695,LPP_RS07690,1,0.9588619470596313,0.9642170667648315,0.9764419198036194,0.9861648678779602,0.893240213394165,0.9220731854438782,0.9558954834938049,0.9630526304244995,0.9089929461479187,0.9671620726585388,0.9496102333068848,1
LPP_RS07690,LPP_RS07685,1,0.9892881512641907,0.9724792242050171,0.9897392988204956,0.9850456118583679,0.9497125744819641,0.9769110083580017,0.9859778881072998,0.9849326014518738,0.9630172848701477,0.9767100811004639,0.9773813724517822,1
LPP_RS07685,LPP_RS07680,1,0.9839499592781067,0.9795241951942444,0.9775635600090027,0.9874127507209778,0.9641882181167603,0.9612898230552673,0.989700973033905,0.9779062271118164,0.971840500831604,0.9789071679115295,0.9772283375263214,1
LPP_RS07680,LPP_RS07675,1,0.9873200058937073,0.9746311902999878,0.9640493988990784,0.9857897758483887,0.9531927108764648,0.9791420698165894,0.989893913269043,0.958250880241394,0.9724965691566467,0.9794502854347229,0.9744216799736023,1
LPP_RS07675,LPP_RS07670,1,0.9913201928138733,0.9910037517547607,0.9924478530883789,0.9926223158836365,0.9817978739738464,0.9869067668914795,0.9977472424507141,0.9839622974395752,0.9844327569007874,0.9896215200424194,0.9891862571239471,1
LPP_RS07670,LPP_RS07635,0,0.00010667393507901579,0.0015498758293688297,0.0004921002546325326,0.0001089161160052754,0.0006184608209878206,0.0011919724056497216,0.0005134687526151538,0.0005784315872006118,0.000962384045124054,4.510580765781924e-05,0.0006167389554320834,0
LPP_RS07635,LPP_RS07630,1,0.7829694151878357,0.8669310808181763,0.7602723836898804,0.7126826643943787,0.9287702441215515,0.8736217021942139,0.9475757479667664,0.7759451270103455,0.8135735392570496,0.7176967263221741,0.8180038630962372,1
LPP_RS07555,LPP_RS07550,1,0.9926897287368774,0.9897617101669312,0.9879352450370789,0.9932916760444641,0.9846338033676147,0.9873647093772888,0.9979386329650879,0.9875303506851196,0.9883989095687866,0.9916582107543945,0.9901202976703644,1
LPP_RS07550,LPP_RS07545,0,0.6281067132949829,0.6191186904907227,0.7913283705711365,0.17922106385231018,0.5259246826171875,0.6652964353561401,0.8241590857505798,0.5139477252960205,0.29262083768844604,0.4834367036819458,0.5523160308599472,1
LPP_RS07545,LPP_RS07540,1,0.9940242171287537,0.9925243258476257,0.9816755056381226,0.9883396625518799,0.9802964329719543,0.9905945062637329,0.9959027767181396,0.9868665337562561,0.985593318939209,0.9810745120048523,0.9876891791820526,1
LPP_RS07540,LPP_RS07535,1,0.9878145456314087,0.9814953207969666,0.9822226166725159,0.9807431697845459,0.9687554240226746,0.9695247411727905,0.990765392780304,0.9849103093147278,0.9800659418106079,0.9700677990913391,0.9796365261077881,1
LPP_RS07535,LPP_RS07530,1,0.9902506470680237,0.9292386174201965,0.989740252494812,0.9843931794166565,0.9320998787879944,0.9833326935768127,0.9623969197273254,0.9830652475357056,0.9649134874343872,0.9823963642120361,0.970182728767395,1
LPP_RS07530,LPP_RS07525,1,0.9591277241706848,0.9505544900894165,0.9762407541275024,0.956822395324707,0.9220786690711975,0.953765332698822,0.9690121412277222,0.9349907040596008,0.9620448350906372,0.9630942344665527,0.9547731280326843,1
LPP_RS07525,LPP_RS07520,1,0.9912818074226379,0.9851497411727905,0.9944564700126648,0.9963647723197937,0.9769254326820374,0.9862604141235352,0.9984006881713867,0.9848724007606506,0.9734573364257812,0.9824046492576599,0.9869573712348938,1
LPP_RS07520,LPP_RS07500,0,0.006712368689477444,0.009569843299686909,0.0012776588555425406,0.0005502928397618234,0.007339417468756437,0.01461334154009819,0.0018532731337472796,0.006458377931267023,0.01073503214865923,0.0005718169268220663,0.005968142283381894,0
LPP_RS07500,LPP_RS07495,1,0.9516464471817017,0.8418968319892883,0.9554404616355896,0.9581369757652283,0.8730295896530151,0.922383189201355,0.8858211636543274,0.9254616498947144,0.9152275323867798,0.8869728446006775,0.9116016685962677,1
LPP_RS07480,LPP_RS07475,1,0.988271176815033,0.9658859372138977,0.98785799741745,0.9767346382141113,0.9613166451454163,0.9706592559814453,0.9811904430389404,0.9785057306289673,0.9623371958732605,0.9849753975868225,0.9757734417915345,1
LPP_RS07475,LPP_RS07470,1,0.9832817912101746,0.9801401495933533,0.9662201404571533,0.9557706713676453,0.9664966464042664,0.9596478343009949,0.9903598427772522,0.9718981981277466,0.947767972946167,0.9334613084793091,0.9655044555664063,1
LPP_RS07470,LPP_RS07465,1,0.6217678189277649,0.6235570311546326,0.7882760167121887,0.8430513143539429,0.8176212310791016,0.7513427734375,0.8963395357131958,0.7945258021354675,0.6797192692756653,0.816370964050293,0.7632571756839752,1
LPP_RS07465,LPP_RS07460,1,0.9912027716636658,0.9824113249778748,0.9951677322387695,0.993380606174469,0.9756908416748047,0.9745962023735046,0.9964144229888916,0.9890689849853516,0.9799501895904541,0.985762894153595,0.9863645970821381,1
LPP_RS07460,LPP_RS07450,0,0.026891620829701424,0.059427738189697266,0.04317719489336014,0.009369933046400547,0.015421777963638306,0.07527721673250198,0.07079186290502548,0.03441079705953598,0.012434068135917187,0.030516929924488068,0.037771913968026635,0
LPP_RS07450,LPP_RS07445,1,0.9765636920928955,0.9792261719703674,0.9845548272132874,0.9897461533546448,0.9339467287063599,0.9491814374923706,0.9937440752983093,0.9672861099243164,0.9454395174980164,0.9831991195678711,0.9702887833118439,1
LPP_RS07445,LPP_RS07440,1,0.7836133241653442,0.6275649666786194,0.9333640933036804,0.3793713450431824,0.7758621573448181,0.8472148180007935,0.8387420177459717,0.5902930498123169,0.4987759590148926,0.8996790051460266,0.7174480736255646,1
LPP_RS07415,LPP_RS07410,1,0.9897516965866089,0.9909067749977112,0.992540180683136,0.9909862875938416,0.9816577434539795,0.9835169911384583,0.9968047738075256,0.9908145070075989,0.9799025654792786,0.9900146722793579,0.9886896193027497,1
LPP_RS07350,LPP_RS07345,1,0.9909267425537109,0.942426860332489,0.9866697788238525,0.9845423698425293,0.9512025713920593,0.9844198226928711,0.9979922771453857,0.9821770787239075,0.9680891036987305,0.9867836833000183,0.9775230288505554,1
LPP_RS07345,LPP_RS07340,1,0.8063284158706665,0.8599424362182617,0.9626242518424988,0.9761697053909302,0.8622232675552368,0.8924005031585693,0.8596432209014893,0.8662784695625305,0.8661357164382935,0.8708755373954773,0.8822621524333953,1
LPP_RS07340,LPP_RS07335,0,0.8791390061378479,0.9296422004699707,0.9015892148017883,0.9425828456878662,0.9234607219696045,0.9237178564071655,0.9124355316162109,0.9499786496162415,0.9275423884391785,0.9207589030265808,0.9210847318172455,1
LPP_RS07335,LPP_RS07330,1,0.9522496461868286,0.8965746164321899,0.9691874384880066,0.9304634928703308,0.8908494114875793,0.9270877242088318,0.9865147471427917,0.8525964617729187,0.6605808734893799,0.8731517791748047,0.8939256191253662,1
LPP_RS07220,LPP_RS07215,1,0.5518384575843811,0.5156537294387817,0.6192187070846558,0.18336676061153412,0.4200328290462494,0.5992045402526855,0.5387912392616272,0.45819589495658875,0.2519577741622925,0.4213304817676544,0.45595904141664506,0
LPP_RS07155,LPP_RS07150,1,0.97879958152771,0.9724745750427246,0.9484009742736816,0.9720644950866699,0.9552583694458008,0.9507307410240173,0.9713108539581299,0.9515836834907532,0.9667367339134216,0.9412401914596558,0.9608600199222564,1
LPP_RS07150,LPP_RS07145,1,0.9897177219390869,0.9744111895561218,0.9749162793159485,0.9745514392852783,0.9636200070381165,0.9818862676620483,0.9921926856040955,0.9694430828094482,0.9785798192024231,0.9698373079299927,0.9769155800342559,1
LPP_RS07085,LPP_RS07080,1,0.9673488736152649,0.9252117276191711,0.9784712791442871,0.9659984707832336,0.9432766437530518,0.9527298212051392,0.9902796149253845,0.9175417423248291,0.9461808800697327,0.9756482839584351,0.9562687337398529,1
LPP_RS07010,LPP_RS07005,1,0.9938085079193115,0.9903680086135864,0.9808279275894165,0.9802952408790588,0.9850497245788574,0.989478588104248,0.9972907900810242,0.9867024421691895,0.9839048981666565,0.9834765195846558,0.9871202647686005,1
LPP_RS07005,LPP_RS07000,1,0.993335485458374,0.9934806823730469,0.9874416589736938,0.9826269149780273,0.9874501824378967,0.9884815216064453,0.9978367686271667,0.9867157340049744,0.9868180751800537,0.9791465401649475,0.9883333563804626,1
LPP_RS07000,LPP_RS06995,1,0.992792546749115,0.9922876358032227,0.9914647936820984,0.9934571385383606,0.981694221496582,0.9903433322906494,0.9956671595573425,0.9901851415634155,0.985005795955658,0.9809045791625977,0.9893802344799042,1
LPP_RS06995,LPP_RS06990,1,0.9914815425872803,0.9884368777275085,0.9816526770591736,0.9843723773956299,0.9696452021598816,0.9879631996154785,0.9969000816345215,0.9790538549423218,0.99149090051651,0.9776999950408936,0.9848696708679199,1
LPP_RS06980,LPP_RS06975,1,0.9660940170288086,0.935734748840332,0.9490764141082764,0.9795191884040833,0.9369105100631714,0.9252169728279114,0.8429873585700989,0.9465323090553284,0.9435519576072693,0.9018313884735107,0.932745486497879,1
LPP_RS06975,LPP_RS06970,1,0.9930823445320129,0.9769988059997559,0.9904071092605591,0.9891735911369324,0.9856020212173462,0.988103449344635,0.9972445368766785,0.988972544670105,0.9886134266853333,0.9890461564064026,0.9887243986129761,1
LPP_RS06690,LPP_RS06685,1,0.9915860891342163,0.9908826947212219,0.9817442297935486,0.9846125245094299,0.9789188504219055,0.9908853769302368,0.9964566826820374,0.9835759997367859,0.9906249642372131,0.9907373189926147,0.988002473115921,1
LPP_RS06685,LPP_RS06675,0,0.028825441375374794,0.07320046424865723,0.015138561837375164,0.005964154843240976,0.01629241742193699,0.07645221799612045,0.01894415356218815,0.04099519923329353,0.03369157016277313,0.00513225793838501,0.031463643861934544,0
LPP_RS06675,LPP_RS06670,1,0.9915210008621216,0.9819268584251404,0.98941969871521,0.9855906367301941,0.9832284450531006,0.9857419729232788,0.9974699020385742,0.9902710914611816,0.9824286699295044,0.9871363043785095,0.9874734580516815,1
LPP_RS06670,LPP_RS06660,0,0.07554172724485397,0.1406642496585846,0.14530915021896362,0.040737494826316833,0.07170632481575012,0.10899680852890015,0.034119196236133575,0.09011140465736389,0.038669735193252563,0.011736157350242138,0.07575922487303614,0
LPP_RS06660,LPP_RS06655,1,0.992053747177124,0.9912089109420776,0.9902225732803345,0.993453323841095,0.9821093082427979,0.9869027733802795,0.9985292553901672,0.9843554496765137,0.9891878962516785,0.9726024270057678,0.9880625665187835,1
LPP_RS06610,LPP_RS06605,1,0.9914391040802002,0.9811146855354309,0.9847516417503357,0.9838201999664307,0.9737673997879028,0.9854177236557007,0.986045777797699,0.979910135269165,0.9894512891769409,0.9753983020782471,0.9831116259098053,1
LPP_RS06605,LPP_RS06600,1,0.9887552261352539,0.9593285322189331,0.9727540016174316,0.9557967782020569,0.9667045474052429,0.9848662614822388,0.9834223389625549,0.9767283201217651,0.9855197072029114,0.9820238947868347,0.9755899608135223,1
LPP_RS06600,LPP_RS06595,1,0.9898746013641357,0.9821072816848755,0.9719551205635071,0.9716523289680481,0.9525154232978821,0.9844683408737183,0.9875838160514832,0.9765781164169312,0.9835355281829834,0.9775061011314392,0.9777776658535003,1
LPP_RS06595,LPP_RS06590,1,0.9833756685256958,0.9664682149887085,0.9525982141494751,0.9232124090194702,0.9156823754310608,0.9707918763160706,0.9743227958679199,0.9496248364448547,0.9802987575531006,0.9524450302124023,0.9568820178508759,1
LPP_RS06540,LPP_RS06535,1,0.855191707611084,0.8681880831718445,0.9903238415718079,0.9852142333984375,0.7916327714920044,0.8176484107971191,0.8660497665405273,0.6640950441360474,0.6906118988990784,0.8624392151832581,0.8391394972801208,1
LPP_RS06535,LPP_RS06530,1,0.993561863899231,0.9921595454216003,0.9944900274276733,0.9953373670578003,0.9896442890167236,0.9882999658584595,0.9989151954650879,0.9901565909385681,0.9843649864196777,0.9917635321617126,0.9918693363666534,1
LPP_RS06530,LPP_RS06525,1,0.9897331595420837,0.9882428050041199,0.9777080416679382,0.9881641268730164,0.9767453670501709,0.9759652018547058,0.9961270689964294,0.9826024174690247,0.9767873883247375,0.977414608001709,0.9829490184783936,1
LPP_RS06525,LPP_RS06500,0,0.0002761952637229115,0.0007428040844388306,0.0004803212941624224,0.00018444235320203006,0.0013900257181376219,0.0033222984056919813,0.0002855091879609972,0.0005157398409210145,0.0009086871286854148,0.00010092020966112614,0.0008206943486584351,0
LPP_RS06500,LPP_RS06495,1,0.712344229221344,0.6487167477607727,0.9590846300125122,0.5007249116897583,0.6338644027709961,0.7763518691062927,0.8452487587928772,0.5272107124328613,0.43373194336891174,0.879227340221405,0.6916505545377731,1
LPP_RS06495,LPP_RS06490,1,0.8474700450897217,0.9358139038085938,0.9248136281967163,0.9703757762908936,0.8877529501914978,0.9360229969024658,0.9348000884056091,0.9343159198760986,0.9327450394630432,0.8649762868881226,0.9169086635112762,1
LPP_RS06490,LPP_RS06485,1,0.9839419722557068,0.9844056367874146,0.9866440296173096,0.9756692051887512,0.9705008864402771,0.9862605333328247,0.9959011077880859,0.9772369265556335,0.9713044166564941,0.9896177649497986,0.9821482479572297,1
LPP_RS06475,LPP_RS06470,1,0.9699300527572632,0.877548098564148,0.9107725620269775,0.873546838760376,0.9097586274147034,0.9056549072265625,0.9024542570114136,0.9318510890007019,0.9540336728096008,0.9190284013748169,0.9154578506946563,1
LPP_RS06470,LPP_RS06465,1,0.9898694753646851,0.9873256087303162,0.9804306626319885,0.9832439422607422,0.9758388996124268,0.98408043384552,0.993376612663269,0.9770020842552185,0.9859462976455688,0.9739879965782166,0.9831102013587951,1
LPP_RS06465,LPP_RS06460,1,0.9928240180015564,0.9878068566322327,0.9848282933235168,0.9672023057937622,0.9765856862068176,0.9812726974487305,0.9958499670028687,0.9871624708175659,0.9820120930671692,0.9802038669586182,0.9835748255252839,1
LPP_RS06445,LPP_RS06440,1,0.9010488390922546,0.742057204246521,0.9306836128234863,0.697763204574585,0.7516642808914185,0.7716479301452637,0.8024494647979736,0.7171955108642578,0.8175600171089172,0.6551204919815063,0.7787190556526185,1
LPP_RS06400,LPP_RS06395,1,0.9915384650230408,0.9928435683250427,0.9938681125640869,0.9924014806747437,0.9743385910987854,0.9854427576065063,0.9991832375526428,0.9860672950744629,0.9771369695663452,0.9838678240776062,0.9876688301563263,1
LPP_RS06395,LPP_RS06350,0,0.0002396889467490837,0.0008224910125136375,0.0003430139331612736,0.00019942887593060732,0.0014057846274226904,0.00417705811560154,0.00035698391729965806,0.0005941622075624764,0.0011068206513300538,8.857050124788657e-05,0.0009334002788818907,0
LPP_RS06350,LPP_RS06345,1,0.9898968935012817,0.9819220900535583,0.9838998317718506,0.9796052575111389,0.9714742302894592,0.983803927898407,0.9925063252449036,0.9827374219894409,0.9757460951805115,0.9849430918693542,0.9826535165309906,1
LPP_RS06320,LPP_RS06315,1,0.9805690050125122,0.9779332280158997,0.9709387421607971,0.9915897250175476,0.9659727811813354,0.964259922504425,0.9931125640869141,0.9704377055168152,0.9666271209716797,0.979864239692688,0.9761305034160614,1
LPP_RS06300,LPP_RS06295,1,0.8114107251167297,0.9412801265716553,0.943909764289856,0.9705471396446228,0.8976994752883911,0.9310582280158997,0.9435354471206665,0.939852774143219,0.9233719706535339,0.9242531657218933,0.9226918816566467,1
LPP_RS06295,LPP_RS06290,1,0.9909392595291138,0.962783932685852,0.9876635074615479,0.9817364811897278,0.9692568182945251,0.98270583152771,0.9925908446311951,0.9817044138908386,0.9810793399810791,0.9905107617378235,0.9820971190929413,1
LPP_RS06215,LPP_RS06210,1,0.9551753997802734,0.8854861259460449,0.9807007312774658,0.9493630528450012,0.9205722212791443,0.9434895515441895,0.9559489488601685,0.8741098046302795,0.8366601467132568,0.9308997392654419,0.9232405722141266,1
LPP_RS06110,LPP_RS06105,1,0.9923231601715088,0.9930135607719421,0.9900834560394287,0.9907219409942627,0.9816704988479614,0.9880119562149048,0.9980944395065308,0.9910656213760376,0.9882707595825195,0.9816433191299438,0.9894898712635041,1
LPP_RS06030,LPP_RS06025,1,0.9924824237823486,0.9908315539360046,0.9879024624824524,0.9945582747459412,0.9727522730827332,0.9887442588806152,0.9934926629066467,0.9890987277030945,0.9881575107574463,0.9823949337005615,0.9880415081977845,1
LPP_RS06025,LPP_RS06020,1,0.9911686182022095,0.9904645681381226,0.993251621723175,0.9943386912345886,0.9824263453483582,0.9812171459197998,0.9980095028877258,0.9860013127326965,0.9836121201515198,0.98273766040802,0.9883227586746216,1
LPP_RS06020,LPP_RS06015,1,0.9905328154563904,0.9864086508750916,0.9805192351341248,0.978280246257782,0.9756743311882019,0.9825713634490967,0.9948301911354065,0.9806469678878784,0.9837709665298462,0.9802209138870239,0.9833455681800842,1
LPP_RS06015,LPP_RS06010,1,0.9885669946670532,0.9732578992843628,0.9766913056373596,0.985341489315033,0.951516330242157,0.9701323509216309,0.9822154641151428,0.983223557472229,0.9729730486869812,0.9816282391548157,0.9765546679496765,1
LPP_RS06010,LPP_RS06005,1,0.9934772849082947,0.989782989025116,0.9898251891136169,0.9934321045875549,0.9850553274154663,0.9894082546234131,0.9984111785888672,0.9880586266517639,0.9844759702682495,0.981269896030426,0.9893196821212769,1
LPP_RS06005,LPP_RS06000,1,0.9936012625694275,0.9899765253067017,0.989707350730896,0.9875070452690125,0.9829721450805664,0.9913952946662903,0.9942945837974548,0.9924376606941223,0.9904139041900635,0.9837992191314697,0.9896104991436004,1
LPP_RS06000,LPP_RS05995,1,0.9880351424217224,0.9747188091278076,0.9714723825454712,0.9740927815437317,0.9575300812721252,0.9830232858657837,0.9760614037513733,0.966566264629364,0.9894205331802368,0.9718518853187561,0.9752772569656372,1
LPP_RS05995,LPP_RS05990,1,0.9812622666358948,0.9747941493988037,0.9502118229866028,0.9708035588264465,0.9495349526405334,0.9563355445861816,0.9578937292098999,0.9654186964035034,0.9665012359619141,0.9694361686706543,0.9642192125320435,1
LPP_RS05990,LPP_RS05970,0,0.0018533868715167046,0.026687266305088997,0.007129261735826731,0.0006321604014374316,0.004109027795493603,0.0057294475845992565,0.0073472424410283566,0.003396926913410425,0.0036830310709774494,0.00020274732378311455,0.0060770498443162065,0
LPP_RS05970,LPP_RS05965,1,0.9908429980278015,0.9743897318840027,0.9886894226074219,0.9857854843139648,0.9618630409240723,0.9863018989562988,0.9976604580879211,0.9771097898483276,0.9750301241874695,0.9755982756614685,0.9813271224498749,1
LPP_RS05865,LPP_RS05860,1,0.8563432693481445,0.9311596155166626,0.9352202415466309,0.81984943151474,0.8686672449111938,0.8543639183044434,0.8774558305740356,0.7841114401817322,0.6792747378349304,0.936626136302948,0.8543071866035461,1
LPP_RS05785,LPP_RS05780,1,0.9914685487747192,0.9877245426177979,0.9804590344429016,0.9872700572013855,0.9730027318000793,0.9793173670768738,0.991917073726654,0.9796393513679504,0.9794595241546631,0.9658078551292419,0.9816066086292267,1
LPP_RS05725,LPP_RS05720,1,0.9927397966384888,0.9799985289573669,0.9865491986274719,0.9882922768592834,0.9737555980682373,0.988097608089447,0.9902870059013367,0.9835909605026245,0.9860946536064148,0.9888195991516113,0.9858225226402283,1
LPP_RS05720,LPP_RS05715,1,0.9905552864074707,0.9841739535331726,0.9850577116012573,0.9878600835800171,0.9785679578781128,0.9832161664962769,0.9967964887619019,0.9821287393569946,0.9882900714874268,0.977112352848053,0.9853758811950684,1
LPP_RS05715,LPP_RS05710,1,0.9855356812477112,0.978980541229248,0.9733902812004089,0.9833455681800842,0.9675719738006592,0.9723170399665833,0.9859983325004578,0.9859633445739746,0.9737071990966797,0.9838008880615234,0.9790610849857331,1
LPP_RS05690,LPP_RS05685,1,0.9891241788864136,0.987516462802887,0.967941164970398,0.9748727083206177,0.980114221572876,0.979948103427887,0.9948168992996216,0.9809021353721619,0.9823728203773499,0.9792271256446838,0.9816835820674896,1
LPP_RS05590,LPP_RS05585,1,0.97488933801651,0.9624350070953369,0.9810939431190491,0.9898044466972351,0.9738517999649048,0.9676598906517029,0.9896311163902283,0.9540001153945923,0.9624607563018799,0.9485754370689392,0.9704401850700378,1
LPP_RS05585,LPP_RS05580,1,0.9724273085594177,0.9761213660240173,0.8055779337882996,0.9705979228019714,0.9510656595230103,0.9390496611595154,0.9354358911514282,0.970338761806488,0.9199007153511047,0.9580652117729187,0.9398580431938172,1
LPP_RS05425,LPP_RS05420,1,0.9897024631500244,0.9793117642402649,0.9689760208129883,0.9599375128746033,0.977721095085144,0.9876276850700378,0.9822725653648376,0.9790453314781189,0.9905369877815247,0.9722110629081726,0.9787342488765717,1
LPP_RS05420,LPP_RS05415,1,0.9930088520050049,0.9940323233604431,0.9928637146949768,0.9960053563117981,0.9893816113471985,0.9889644384384155,0.9981157779693604,0.9902465343475342,0.9907426238059998,0.9870722889900208,0.9920433521270752,1
LPP_RS05415,LPP_RS05410,1,0.974463939666748,0.970565676689148,0.9734793901443481,0.9666561484336853,0.9565361142158508,0.9707028865814209,0.9877877831459045,0.9299410581588745,0.9398407936096191,0.9714457392692566,0.9641419529914856,1
LPP_RS05100,LPP_RS05095,1,0.9913237690925598,0.9874070882797241,0.9829704165458679,0.9543555378913879,0.970738410949707,0.9799168705940247,0.9882196187973022,0.9863979816436768,0.9812396168708801,0.9750096797943115,0.9797578990459442,1
LPP_RS05095,LPP_RS05090,1,0.9914261102676392,0.9740448594093323,0.9942003488540649,0.990574300289154,0.969292163848877,0.9800395369529724,0.9991669654846191,0.986984372138977,0.9753629565238953,0.9896984696388245,0.9850790083408356,1
LPP_RS05090,LPP_RS05085,1,0.8713251352310181,0.6289101243019104,0.8093691468238831,0.7524465918540955,0.7355837821960449,0.762363851070404,0.6746787428855896,0.6723458766937256,0.7318971157073975,0.6264562606811523,0.7265376627445221,1
LPP_RS05040,LPP_RS05035,1,0.7088768482208252,0.7647193670272827,0.8371520042419434,0.7138194441795349,0.7688971757888794,0.7418788075447083,0.884871780872345,0.7431226968765259,0.587914228439331,0.8302383422851562,0.7581490695476532,1
LPP_RS04910,LPP_RS04905,1,0.9933184385299683,0.9884487390518188,0.9850257635116577,0.9892899990081787,0.9759373664855957,0.99228835105896,0.9899667501449585,0.9867138862609863,0.9886093735694885,0.9865134358406067,0.9876112103462219,1
LPP_RS04855,LPP_RS04850,1,0.9371098875999451,0.9617576599121094,0.9558519124984741,0.9876088500022888,0.9234938621520996,0.93593829870224,0.9682990908622742,0.9328969120979309,0.9355170726776123,0.9657997488975525,0.9504273295402527,1
LPP_RS04850,LPP_RS04810,0,0.00029425829416140914,0.0007203924469649792,0.0007093165186233819,0.0006050948286429048,0.0011222076136618853,0.003938925918191671,0.0007991406018845737,0.000496984866913408,0.0011580726131796837,0.000168821366969496,0.0010013215069193393,0
LPP_RS04810,LPP_RS04805,1,0.993798553943634,0.9870492219924927,0.9789717793464661,0.9823779463768005,0.9874235391616821,0.9909175634384155,0.9959882497787476,0.9836397767066956,0.9885960817337036,0.9776129126548767,0.9866375625133514,1
LPP_RS04760,LPP_RS04755,1,0.9881533980369568,0.9830674529075623,0.987201988697052,0.9977603554725647,0.979262113571167,0.981937050819397,0.9957064986228943,0.9798930883407593,0.965783417224884,0.9867498278617859,0.9845515191555023,1
LPP_RS04755,LPP_RS04750,1,0.975911021232605,0.9599971771240234,0.9687286615371704,0.9831113815307617,0.9407797455787659,0.9443707466125488,0.9746249914169312,0.9764755368232727,0.9497719407081604,0.9463720917701721,0.9620143294334411,1
LPP_RS04750,LPP_RS04745,1,0.9926030039787292,0.9911067485809326,0.9835062026977539,0.9917885661125183,0.9838166832923889,0.991263747215271,0.9940645098686218,0.9890149831771851,0.9929203987121582,0.9887640476226807,0.989884889125824,1
LPP_RS04705,LPP_RS04700,1,0.08953480422496796,0.15599559247493744,0.10327906906604767,0.03112807497382164,0.08580091595649719,0.1485101878643036,0.10503662377595901,0.14552906155586243,0.05570394545793533,0.19175264239311218,0.11122709177434445,0
LPP_RS04700,LPP_RS04695,0,0.019482029601931572,0.028517330065369606,0.01917252689599991,0.014126143418252468,0.021594800055027008,0.05370578169822693,0.02861059457063675,0.013457629829645157,0.02141660451889038,0.0035972276236861944,0.022368066827766597,0
LPP_RS04695,LPP_RS04690,1,0.990110456943512,0.984084963798523,0.9699382781982422,0.979729413986206,0.9763931035995483,0.9912323355674744,0.98077392578125,0.9784737229347229,0.9863524436950684,0.9885544776916504,0.9825643122196197,1
LPP_RS04690,LPP_RS04685,1,0.9790635108947754,0.9810509085655212,0.9913230538368225,0.9903545379638672,0.9714507460594177,0.953228771686554,0.9958873391151428,0.9871396422386169,0.9609395861625671,0.9845483303070068,0.9794986426830292,1
LPP_RS04650,LPP_RS04645,1,0.9814293384552002,0.9356315732002258,0.9798398017883301,0.8862313628196716,0.9309278130531311,0.9739113450050354,0.9764591455459595,0.9039066433906555,0.9413732886314392,0.9479188919067383,0.9457629203796387,1
LPP_RS04565,LPP_RS04560,1,0.9904413223266602,0.9821985363960266,0.9754812717437744,0.971934974193573,0.9798319935798645,0.984001100063324,0.9839901924133301,0.9700859785079956,0.9896800518035889,0.984155535697937,0.9811800956726074,1
LPP_RS04480,LPP_RS04475,1,0.9908457398414612,0.9808400869369507,0.9793121218681335,0.9812058806419373,0.974796712398529,0.9840340614318848,0.9910780191421509,0.9752817749977112,0.9871872663497925,0.9767622351646423,0.9821343898773194,1
LPP_RS04330,LPP_RS04325,1,0.8363707065582275,0.8834172487258911,0.9407961368560791,0.9415245056152344,0.8957824110984802,0.83650803565979,0.8921770453453064,0.7404976487159729,0.5946158766746521,0.9361398220062256,0.8497829437255859,1
LPP_RS04325,LPP_RS04315,0,0.008515855297446251,0.03860308974981308,0.015344672836363316,0.004872529301792383,0.020483870059251785,0.024707350879907608,0.02589355781674385,0.03003540262579918,0.009375741705298424,0.0045720674097537994,0.018240413768216966,0
LPP_RS04315,LPP_RS04310,1,0.9888753294944763,0.9781937003135681,0.9710263013839722,0.9662477970123291,0.9565287232398987,0.9840158820152283,0.9817861914634705,0.973279595375061,0.9885091185569763,0.9613859057426453,0.9749848544597626,1
LPP_RS04230,LPP_RS04225,1,0.9941415786743164,0.9925222992897034,0.9967122077941895,0.9957387447357178,0.9880648255348206,0.9898840188980103,0.9991952776908875,0.9915831089019775,0.9867756962776184,0.9868748784065247,0.9921492636203766,1
LPP_RS04205,LPP_RS04200,1,0.9921082258224487,0.9898852109909058,0.981011152267456,0.9848212599754333,0.9797165989875793,0.9894502758979797,0.9932873845100403,0.9816066026687622,0.990013599395752,0.9863652586936951,0.9868265569210053,1
LPP_RS04155,LPP_RS04150,1,0.7520520687103271,0.5594857335090637,0.9537103772163391,0.20543982088565826,0.7870067954063416,0.76642906665802,0.9001104235649109,0.5680896639823914,0.43877261877059937,0.6711518168449402,0.6602248385548591,1
LPP_RS04150,LPP_RS04145,1,0.9802156686782837,0.9781174063682556,0.9815571904182434,0.9921122789382935,0.9661209583282471,0.9620941877365112,0.9904780387878418,0.9836556911468506,0.9640904068946838,0.9828780293464661,0.9781319856643677,1
LPP_RS04145,LPP_RS04140,1,0.9777749180793762,0.984127938747406,0.9713975787162781,0.9799485206604004,0.9657747745513916,0.9786416888237,0.9901847839355469,0.9594197869300842,0.9595295190811157,0.9606314301490784,0.9727430939674377,1
LPP_RS03980,LPP_RS03975,1,0.9954819679260254,0.9931033253669739,0.9976228475570679,0.9969925880432129,0.9878857731819153,0.9910593628883362,0.9985455870628357,0.99611496925354,0.9848948121070862,0.9917604327201843,0.9933461666107177,1
LPP_RS03975,LPP_RS03925,0,0.0009201422217302024,0.0014785538660362363,5.886326835025102e-05,0.00013536334154196084,0.0023660564329475164,0.004344592336565256,0.0004420328186824918,0.0004077831981703639,0.003208289621397853,0.00011483675189083442,0.0013476513857312966,0
LPP_RS03925,LPP_RS03920,1,0.91350257396698,0.9423016905784607,0.9767438173294067,0.9135717153549194,0.9394155144691467,0.9090117812156677,0.9728178381919861,0.876528263092041,0.8703132271766663,0.9459401965141296,0.9260146617889404,1
LPP_RS03920,LPP_RS03915,0,0.7682146430015564,0.6609329581260681,0.7826002836227417,0.5797825455665588,0.5143970251083374,0.6302757263183594,0.6374099254608154,0.5052380561828613,0.45771464705467224,0.47255656123161316,0.6009122371673584,1
LPP_RS03915,LPP_RS03910,1,0.9795934557914734,0.9068883657455444,0.814125657081604,0.9631962180137634,0.8600752353668213,0.96877121925354,0.966865599155426,0.9113921523094177,0.9112876653671265,0.7168427109718323,0.8999038279056549,1
LPP_RS03895,LPP_RS03890,1,0.989887535572052,0.9877452850341797,0.9730252623558044,0.972094714641571,0.9838023781776428,0.9874987006187439,0.9828643202781677,0.9757585525512695,0.9917836785316467,0.9852936267852783,0.9829754054546356,1
LPP_RS03830,LPP_RS03825,1,0.8494869470596313,0.8709166646003723,0.9940935373306274,0.5666137933731079,0.8536146879196167,0.8304184079170227,0.9279769062995911,0.7334638237953186,0.28898119926452637,0.9563584923744202,0.7871924459934234,1
LPP_RS03785,LPP_RS03780,1,0.9696976542472839,0.875853955745697,0.9405806660652161,0.8938376307487488,0.871844470500946,0.961722195148468,0.9592187404632568,0.932453989982605,0.9211130738258362,0.6745966672897339,0.9000919044017792,1
LPP_RS03720,LPP_RS03715,1,0.9123548269271851,0.8231616020202637,0.8279941082000732,0.8760827779769897,0.7382500171661377,0.7884779572486877,0.9183963537216187,0.7913912534713745,0.7831906080245972,0.6353942155838013,0.8094693720340729,1
LPP_RS03675,LPP_RS03670,1,0.9905037879943848,0.979687511920929,0.976716935634613,0.9809227585792542,0.9596514701843262,0.990251362323761,0.9736000895500183,0.9808628559112549,0.9874459505081177,0.9807658791542053,0.9800408601760864,1
LPP_RS03670,LPP_RS03640,0,0.0001786591310519725,0.0023823699448257685,0.003305660095065832,0.0004946221597492695,0.0009211913566105068,0.0017524592112749815,0.0005075096269138157,0.0006142055499367416,0.000529555429238826,6.43869279883802e-05,0.0010750619432656095,0
LPP_RS03640,LPP_RS03635,1,0.9921524524688721,0.9766241908073425,0.9841148853302002,0.9859105348587036,0.9582759141921997,0.9890681505203247,0.9945855736732483,0.9780105352401733,0.9777719974517822,0.9857685565948486,0.9822282791137695,1
LPP_RS03635,LPP_RS03630,1,0.9857509136199951,0.9681812524795532,0.9620959758758545,0.9640654921531677,0.9391009211540222,0.9720172882080078,0.966680109500885,0.95533287525177,0.9832859039306641,0.9520168304443359,0.9648527562618255,1
LPP_RS03620,LPP_RS03615,1,0.9760048985481262,0.8224413990974426,0.9814326763153076,0.8971027731895447,0.7958225607872009,0.9387945532798767,0.7808363437652588,0.9067927598953247,0.9227469563484192,0.9089686870574951,0.8930943608283997,1
LPP_RS03615,LPP_RS03575,0,0.0001331995881628245,0.001123072113841772,0.0009759938111528754,0.0001032524523907341,0.0008055611397139728,0.002472293796017766,0.0002791302977129817,0.00040243726107291877,0.0007327690254896879,3.959359310101718e-05,0.0007067303078656551,0
LPP_RS03575,LPP_RS03570,1,0.9923053979873657,0.989014744758606,0.9924394488334656,0.9933608174324036,0.9814360737800598,0.9859978556632996,0.997815728187561,0.9822485446929932,0.9819847345352173,0.99178147315979,0.9888384819030762,1
LPP_RS03570,LPP_RS03565,0,0.6211884021759033,0.6898313164710999,0.8293073177337646,0.730857789516449,0.660902202129364,0.7177008986473083,0.6253453493118286,0.7058765888214111,0.5946678519248962,0.8038959503173828,0.6979573667049408,1
LPP_RS03565,LPP_RS03560,1,0.6940903067588806,0.5353133082389832,0.6616276502609253,0.1776503473520279,0.49012377858161926,0.6189165711402893,0.6846592426300049,0.412977010011673,0.31751343607902527,0.6605772376060486,0.5253448888659478,1
LPP_RS03450,LPP_RS03445,1,0.985724687576294,0.9802569150924683,0.9844652414321899,0.9827793836593628,0.9556170105934143,0.9663882851600647,0.9956544637680054,0.9655426740646362,0.9543402791023254,0.9849002361297607,0.9755669176578522,1
LPP_RS03445,LPP_RS03440,1,0.984114408493042,0.9616491794586182,0.9655081629753113,0.9684826731681824,0.9179922342300415,0.9726880192756653,0.9526606798171997,0.9740065932273865,0.9824075698852539,0.9691433310508728,0.9648652851581574,1
LPP_RS03440,LPP_RS03435,1,0.9866122603416443,0.9698976278305054,0.9635193347930908,0.9639694690704346,0.9325847029685974,0.9814273118972778,0.9589102268218994,0.9583047032356262,0.9832541346549988,0.9659635424613953,0.966444331407547,1
LPP_RS03435,LPP_RS03430,1,0.9784176349639893,0.973242461681366,0.9806197285652161,0.9768338203430176,0.9430080056190491,0.9425249695777893,0.9850887060165405,0.9718034267425537,0.9508130550384521,0.9821203947067261,0.9684472203254699,1
LPP_RS03430,LPP_RS03425,1,0.9867002367973328,0.9918503761291504,0.9875606298446655,0.9917363524436951,0.9788258075714111,0.9789086580276489,0.9958415627479553,0.9758564829826355,0.9692745804786682,0.9733791351318359,0.9829933822154999,1
LPP_RS03225,LPP_RS03220,1,0.8872764110565186,0.9424934387207031,0.9588685631752014,0.9662033319473267,0.930517852306366,0.9450927376747131,0.965060830116272,0.9226795434951782,0.941900372505188,0.9333867430686951,0.9393479824066162,1
LPP_RS03190,LPP_RS03185,1,0.9934256076812744,0.9909215569496155,0.9965019822120667,0.9974279999732971,0.9841963648796082,0.987701416015625,0.997236967086792,0.994669497013092,0.9854310154914856,0.9901930689811707,0.9917705476284027,1
LPP_RS03165,LPP_RS03160,1,0.9922757148742676,0.9914624094963074,0.9932420253753662,0.9924297332763672,0.9855682849884033,0.9794256687164307,0.9981684684753418,0.9925034642219543,0.9761419296264648,0.9904609322547913,0.9891678631305695,1
LPP_RS03080,LPP_RS03075,1,0.9865050911903381,0.9913896918296814,0.9769377708435059,0.9784736037254333,0.980158269405365,0.992903470993042,0.9691141843795776,0.9856421947479248,0.9931042790412903,0.9929577708244324,0.984718632698059,1
LPP_RS03075,LPP_RS03070,1,0.7728354930877686,0.7974785566329956,0.8982819318771362,0.7171252965927124,0.8087410926818848,0.7538600564002991,0.9273557662963867,0.7080248594284058,0.6673610210418701,0.8837040662765503,0.793476814031601,1
LPP_RS02805,LPP_RS02800,1,0.5993695259094238,0.6492629051208496,0.595860481262207,0.5328748822212219,0.7978119254112244,0.7167035341262817,0.7734693884849548,0.6561883091926575,0.5988271236419678,0.6576696634292603,0.6578037738800049,1
LPP_RS02800,LPP_RS02795,1,0.9895919561386108,0.9876166582107544,0.9707187414169312,0.9794886112213135,0.9705578088760376,0.9914941787719727,0.9496785998344421,0.9781955480575562,0.9904553890228271,0.9895166754722595,0.9797314167022705,1
LPP_RS02705,LPP_RS02700,1,0.9870157241821289,0.9888413548469543,0.983426570892334,0.9910049438476562,0.9787982702255249,0.9873084425926208,0.9916653037071228,0.9764373302459717,0.9804264307022095,0.9870129823684692,0.9851937353610992,1
LPP_RS02700,LPP_RS02695,0,0.465747594833374,0.34504231810569763,0.6694668531417847,0.07313960045576096,0.22190998494625092,0.2900102138519287,0.3139273524284363,0.19485270977020264,0.10787686705589294,0.3140064775943756,0.29959799721837044,0
LPP_RS02695,LPP_RS02690,1,0.9871546626091003,0.9916772246360779,0.9741411805152893,0.9912945628166199,0.9750121235847473,0.982102632522583,0.9851957559585571,0.9722495675086975,0.9645127654075623,0.9652162790298462,0.9788556754589081,1
LPP_RS02635,LPP_RS02630,1,0.9737254977226257,0.9735808372497559,0.9686846137046814,0.9868149757385254,0.9503099322319031,0.9568773508071899,0.993262529373169,0.9727349877357483,0.9608408212661743,0.981185793876648,0.9718017339706421,1
LPP_RS02630,LPP_RS02625,0,0.9801117777824402,0.9724306464195251,0.9813738465309143,0.9701852798461914,0.9642084240913391,0.9843536019325256,0.9931206107139587,0.961642861366272,0.9841718673706055,0.9563820958137512,0.9747981011867524,1
LPP_RS02625,LPP_RS02620,1,0.9920273423194885,0.9924957752227783,0.9916155338287354,0.9929285645484924,0.986824631690979,0.9908778667449951,0.9985507726669312,0.992775022983551,0.9838114380836487,0.9827242493629456,0.9904631197452545,1
LPP_RS02620,LPP_RS02615,1,0.9590973258018494,0.9756752252578735,0.986943244934082,0.978666365146637,0.9598385095596313,0.9819062948226929,0.9934459924697876,0.9550533294677734,0.9602146744728088,0.9485777020454407,0.9699418663978576,1
LPP_RS02615,LPP_RS02610,1,0.6226550340652466,0.5380869507789612,0.7997821569442749,0.8036831617355347,0.7919506430625916,0.7225492596626282,0.888921320438385,0.5556694865226746,0.4097701609134674,0.7847926616668701,0.6917860835790635,1
LPP_RS02610,LPP_RS02605,1,0.9857537150382996,0.9868535995483398,0.9855221509933472,0.983930230140686,0.9683451652526855,0.9853287935256958,0.9692046642303467,0.9857587814331055,0.9880900382995605,0.9865861535072327,0.9825373291969299,1
LPP_RS02440,LPP_RS02435,1,0.4426873028278351,0.293759822845459,0.4845398962497711,0.0825812965631485,0.34038326144218445,0.5898180603981018,0.5865280032157898,0.3340442478656769,0.20659244060516357,0.5595352053642273,0.39204695373773574,0
LPP_RS02435,LPP_RS02430,1,0.6038050055503845,0.6377257108688354,0.738991916179657,0.6567139625549316,0.7912768125534058,0.622241199016571,0.5324752926826477,0.608166515827179,0.5579720139503479,0.5798772573471069,0.6329245686531066,1
LPP_RS02315,LPP_RS02310,1,0.993350625038147,0.993962287902832,0.9838074445724487,0.9904911518096924,0.9822781682014465,0.9896610975265503,0.9965115785598755,0.9863730669021606,0.9849125742912292,0.9874136447906494,0.9888761639595032,1
LPP_RS02310,LPP_RS02305,1,0.9901309609413147,0.983137309551239,0.9682642817497253,0.9684130549430847,0.9813985228538513,0.9878000617027283,0.9791752099990845,0.9810441136360168,0.9920954704284668,0.9906603097915649,0.9822119295597076,1
LPP_RS02305,LPP_RS02300,1,0.9829808473587036,0.9828429222106934,0.9887158274650574,0.9951258301734924,0.9778199195861816,0.9739428162574768,0.9957886934280396,0.9851502180099487,0.9683862328529358,0.991163432598114,0.9841916739940644,1
LPP_RS02300,LPP_RS02295,1,0.9912018179893494,0.9829676151275635,0.9850176572799683,0.9907760620117188,0.9784245491027832,0.9915764927864075,0.9977198839187622,0.9859307408332825,0.9914385080337524,0.9917058348655701,0.9886759161949158,1
LPP_RS02295,LPP_RS02285,0,0.04750027135014534,0.13725298643112183,0.11516035348176956,0.018764149397611618,0.04068475216627121,0.2723007798194885,0.1703352928161621,0.1155000850558281,0.01040368340909481,0.026482991874217987,0.09543853458017111,0
LPP_RS02285,LPP_RS02280,1,0.21771444380283356,0.298602432012558,0.3712034523487091,0.454546183347702,0.31483688950538635,0.3496444821357727,0.38479334115982056,0.3888266980648041,0.16567380726337433,0.4057743549346924,0.3351616084575653,0
LPP_RS02265,LPP_RS02260,1,0.9904730916023254,0.9873310327529907,0.9844171404838562,0.9774097204208374,0.9792421460151672,0.994260311126709,0.9743896126747131,0.9861354827880859,0.991820216178894,0.9904209971427917,0.9855899751186371,1
LPP_RS02235,LPP_RS02230,1,0.990924596786499,0.9870615005493164,0.9843245148658752,0.9822290539741516,0.9782061576843262,0.9940820932388306,0.9765936732292175,0.986005425453186,0.991614580154419,0.9896672368049622,0.9860708832740783,1
LPP_RS02230,LPP_RS02225,0,0.5923938751220703,0.7273645401000977,0.7459744811058044,0.487962543964386,0.5355366468429565,0.5804692506790161,0.672477126121521,0.7019683718681335,0.31894221901893616,0.5137386322021484,0.587682768702507,1
LPP_RS02225,LPP_RS02220,1,0.9876519441604614,0.9855630397796631,0.9898622035980225,0.9952441453933716,0.9762595891952515,0.97125244140625,0.9956365823745728,0.9821788668632507,0.9787515997886658,0.9780207276344299,0.9840421140193939,1
LPP_RS02220,LPP_RS02215,1,0.9932190775871277,0.9858362674713135,0.9844812154769897,0.988300085067749,0.9744012355804443,0.9927149415016174,0.9847712516784668,0.9880271553993225,0.9854758381843567,0.9864203333854675,0.9863647401332856,1
LPP_RS02215,LPP_RS02210,1,0.9935983419418335,0.9873708486557007,0.9861902594566345,0.9871945977210999,0.9799736738204956,0.993022084236145,0.9853163957595825,0.988675057888031,0.9871109127998352,0.9859623908996582,0.9874414563179016,1
LPP_RS02210,LPP_RS02205,1,0.8826698064804077,0.7024635672569275,0.8696525692939758,0.7701371908187866,0.6677920818328857,0.7466526627540588,0.7958347797393799,0.6608401536941528,0.4174979627132416,0.5034059882164001,0.7016946762800217,1
LPP_RS01830,LPP_RS01825,1,0.9888017773628235,0.9618951678276062,0.9610355496406555,0.9663122296333313,0.935502290725708,0.9784764051437378,0.9692304134368896,0.9710907936096191,0.9772599935531616,0.9725685715675354,0.9682173192501068,1
LPP_RS01825,LPP_RS01810,0,0.00019608094589784741,0.000655480136629194,0.0006092585390433669,0.0001966894924407825,0.001124263391830027,0.0034077290911227465,0.0005262033664621413,0.0006312801269814372,0.0012986614601686597,0.00010997948993463069,0.0008755626040510833,0
LPP_RS01810,LPP_RS01805,1,0.9898864030838013,0.9704572558403015,0.9724069833755493,0.9762750864028931,0.9495348334312439,0.9858641028404236,0.9705578088760376,0.9815300703048706,0.9834480285644531,0.9802273511886597,0.9760187923908233,1
LPP_RS01805,LPP_RS01800,1,0.8801509141921997,0.8885123133659363,0.9086411595344543,0.9376664161682129,0.9397176504135132,0.8929161429405212,0.9667910933494568,0.8565241098403931,0.8822332620620728,0.7920788526535034,0.8945231914520264,1
LPP_RS01750,LPP_RS01745,1,0.8374131917953491,0.9276624917984009,0.925183892250061,0.8860931396484375,0.8801151514053345,0.9385210871696472,0.9715916514396667,0.8607559204101562,0.9269118905067444,0.8993380665779114,0.9053586483001709,1
LPP_RS01535,LPP_RS01530,1,0.7625921368598938,0.8511149883270264,0.8456116914749146,0.766852855682373,0.770071268081665,0.8348119854927063,0.8747698664665222,0.7996039986610413,0.7965556979179382,0.6147753000259399,0.7916759788990021,1
LPP_RS01355,LPP_RS01350,1,0.9852696657180786,0.9719041585922241,0.9737730026245117,0.9668804407119751,0.9304993152618408,0.9860216379165649,0.9685291647911072,0.9757808446884155,0.9887348413467407,0.9669078588485718,0.971430093050003,1
LPP_RS01350,LPP_RS01335,0,0.008914862759411335,0.011572604067623615,0.0033511256333440542,0.0005647984798997641,0.004675928503274918,0.02454308047890663,0.008203335106372833,0.005223370622843504,0.015737205743789673,0.0012008590856567025,0.008398717048112302,0
LPP_RS01335,LPP_RS01330,1,0.9876857399940491,0.9780358076095581,0.9756457209587097,0.979986846446991,0.9562733769416809,0.9920119643211365,0.9678910970687866,0.9826484322547913,0.9844014048576355,0.9849764108657837,0.9789556801319123,1
LPP_RS01285,LPP_RS01280,1,0.9913607835769653,0.982832133769989,0.9801793098449707,0.9780287146568298,0.9698585867881775,0.992095947265625,0.9833822846412659,0.9847224354743958,0.98122239112854,0.9860520362854004,0.9829734623432159,1
LPP_RS01280,LPP_RS01275,1,0.992333710193634,0.9897131323814392,0.9903645515441895,0.9905583262443542,0.9704073667526245,0.9778751730918884,0.9964938759803772,0.9868161678314209,0.9774640202522278,0.9880676865577698,0.9860094010829925,1
LPP_RS01130,LPP_RS01125,1,0.9826042652130127,0.9841664433479309,0.9832723140716553,0.9867343306541443,0.9634536504745483,0.9625251293182373,0.994029700756073,0.9848752021789551,0.9680540561676025,0.9893770813941956,0.9799092173576355,1
LPP_RS01125,LPP_RS01120,1,0.9362359642982483,0.9498528838157654,0.9746100306510925,0.9880546927452087,0.9509865641593933,0.9614456295967102,0.9821943044662476,0.9330250024795532,0.9048780798912048,0.9663330912590027,0.9547616243362427,1
LPP_RS01120,LPP_RS01115,1,0.8532918095588684,0.8612786531448364,0.9220619797706604,0.8809270262718201,0.8768167495727539,0.8972528576850891,0.9187926650047302,0.9327966570854187,0.8449159264564514,0.9134737253189087,0.8901608049869537,1
LPP_RS01080,LPP_RS01075,1,0.9752269387245178,0.9412145018577576,0.9607571363449097,0.9559906125068665,0.8755268454551697,0.9656321406364441,0.9140177369117737,0.9720067381858826,0.9809569120407104,0.9568818211555481,0.949821138381958,1
LPP_RS01075,LPP_RS01070,0,0.7931736707687378,0.6399482488632202,0.9237194657325745,0.46697402000427246,0.7516329884529114,0.595379650592804,0.8426731824874878,0.5595594644546509,0.5248485803604126,0.6146569848060608,0.6712566256523133,1
LPP_RS01070,LPP_RS01065,1,0.9561018943786621,0.9415656924247742,0.9572874307632446,0.9149795174598694,0.9294997453689575,0.9554435610771179,0.9650540947914124,0.8989970684051514,0.9338115453720093,0.9207494854927063,0.9373490035533905,1
LPP_RS00770,LPP_RS00765,1,0.9524810314178467,0.9835771322250366,0.9815555810928345,0.9888153076171875,0.9727475047111511,0.9862790703773499,0.9892593622207642,0.9664831757545471,0.9765574932098389,0.9856246113777161,0.9783380270004273,1
LPP_RS00765,LPP_RS00760,1,0.9903036952018738,0.9863733053207397,0.9875373840332031,0.9920767545700073,0.9684439897537231,0.9849467277526855,0.9892889261245728,0.9879902005195618,0.9816685914993286,0.9901489019393921,0.9858778476715088,1
LPP_RS00760,LPP_RS00755,1,0.9924286603927612,0.9888419508934021,0.9903911352157593,0.987191379070282,0.9894529581069946,0.9889152646064758,0.9972988963127136,0.9882850050926208,0.9886730313301086,0.9802453517913818,0.98917236328125,1
LPP_RS00735,LPP_RS00730,1,0.35403403639793396,0.6333842873573303,0.5515326261520386,0.5301157236099243,0.5884072184562683,0.6700336337089539,0.6887518763542175,0.6037948727607727,0.4082866609096527,0.5351423025131226,0.5563483238220215,1
LPP_RS00660,LPP_RS00655,1,0.9875277280807495,0.980389416217804,0.9769266247749329,0.9892822504043579,0.9470331072807312,0.9771208763122559,0.9891906976699829,0.9657095074653625,0.977022111415863,0.9799992442131042,0.9770201563835144,1
LPP_RS00655,LPP_RS00650,1,0.9908302426338196,0.9877611994743347,0.9829438924789429,0.9787694811820984,0.9797919392585754,0.9885783791542053,0.9894116520881653,0.9862209558486938,0.9829460382461548,0.9797239303588867,0.9846977710723877,1
LPP_RS00650,LPP_RS00645,1,0.9877064228057861,0.9801249504089355,0.979102373123169,0.968425989151001,0.9594577550888062,0.9864937663078308,0.9734743237495422,0.9845863580703735,0.9864238500595093,0.9793299436569214,0.9785125732421875,1
LPP_RS00635,LPP_RS00630,1,0.9490837454795837,0.9765689969062805,0.981611967086792,0.9851872324943542,0.9746962189674377,0.9687504768371582,0.9805802702903748,0.9350177049636841,0.9019739627838135,0.9754148125648499,0.9628885388374329,1
LPP_RS00610,LPP_RS00605,1,0.9882823824882507,0.9876623153686523,0.9811989068984985,0.9928362369537354,0.9697118401527405,0.9818310141563416,0.996220052242279,0.9830344915390015,0.9808743000030518,0.9867732524871826,0.9848424792289734,1
LPP_RS00595,LPP_RS00590,1,0.7897159457206726,0.7579959630966187,0.8130264282226562,0.6535272598266602,0.8257111310958862,0.874446451663971,0.7874712944030762,0.7656525373458862,0.5216531753540039,0.7826940417289734,0.7571894228458405,1
LPP_RS00575,LPP_RS00570,1,0.9859195947647095,0.9821944236755371,0.9940012693405151,0.9917802810668945,0.9715073704719543,0.9812238216400146,0.9976096749305725,0.9771280884742737,0.9767279028892517,0.9902443885803223,0.9848336815834046,1
LPP_RS00500,LPP_RS00495,1,0.9922043681144714,0.9881299734115601,0.9856563210487366,0.9909865260124207,0.9796898365020752,0.9903912544250488,0.9884431958198547,0.990121066570282,0.9910851120948792,0.9843629598617554,0.9881070613861084,1
LPP_RS00495,LPP_RS00490,1,0.9879863858222961,0.9749294519424438,0.9726773500442505,0.9577127695083618,0.9552810788154602,0.9683822393417358,0.9841076135635376,0.9812861680984497,0.9738665819168091,0.9733567833900452,0.972958642244339,1
LPP_RS00285,LPP_RS00280,1,0.991229772567749,0.9906631708145142,0.9822561740875244,0.9854393005371094,0.9785225987434387,0.9903225302696228,0.997421383857727,0.9845474362373352,0.989372193813324,0.9760782718658447,0.986585283279419,1
LPP_RS00160,LPP_RS00155,1,0.9052326083183289,0.8308143019676208,0.9737232327461243,0.751538097858429,0.8382925391197205,0.8790630102157593,0.9215536713600159,0.6689357161521912,0.8103107213973999,0.8698517680168152,0.8449315667152405,1
LPP_RS00140,LPP_RS00135,1,0.9930873513221741,0.9941372871398926,0.9959495067596436,0.996885359287262,0.9806482195854187,0.988846480846405,0.9993686079978943,0.9912804961204529,0.9857417345046997,0.9836175441741943,0.9909562587738037,1
LPP_RS00060,LPP_RS00055,1,0.5576724410057068,0.5442345142364502,0.5561038255691528,0.23252075910568237,0.5496258735656738,0.7300187945365906,0.6566572189331055,0.535403847694397,0.4683745205402374,0.6599900126457214,0.5490601807832718,1
LPP_RS00035,LPP_RS00030,1,0.9916308522224426,0.9922296404838562,0.9956427812576294,0.9944820404052734,0.9884423613548279,0.9879629611968994,0.9975905418395996,0.9867180585861206,0.9831120371818542,0.9868329167366028,0.9904644191265106,1
LPP_RS00030,LPP_RS00025,1,0.9730198979377747,0.9610469937324524,0.9593353867530823,0.9503920674324036,0.9526858925819397,0.9775729179382324,0.9924098253250122,0.9546355605125427,0.934394121170044,0.9505869746208191,0.9606079638004303,1
