name_1,name_2,true,prob_0,prob_1,prob_2,prob_3,prob_4,prob_5,prob_6,prob_7,prob_8,prob_9,prob,pred
HP0005,HP0006,1,0.9691033363342285,0.9508938193321228,0.9584847688674927,0.9686699509620667,0.9225229024887085,0.9429740309715271,0.940833330154419,0.9491191506385803,0.9665929675102234,0.9278466701507568,0.9497040927410125,1
HP0012,HP0013,1,0.9918981194496155,0.9820980429649353,0.9809187650680542,0.9814528226852417,0.9710606336593628,0.9935536980628967,0.9842216968536377,0.9866120219230652,0.9836233258247375,0.9875933527946472,0.9843032479286193,1
HP0013,HP0014,1,0.8371282815933228,0.8230384588241577,0.8137122392654419,0.7667136192321777,0.8413552045822144,0.7672351598739624,0.6284632086753845,0.6942307353019714,0.7923814654350281,0.7804343104362488,0.7744692683219909,1
HP0014,HP0015,0,0.46420788764953613,0.2596765458583832,0.4815952181816101,0.11381212621927261,0.3979327976703644,0.6666038632392883,0.563102126121521,0.3236691653728485,0.3658981919288635,0.61768639087677,0.42541843131184576,0
HP0015,HP0016,1,0.9908362627029419,0.9811716079711914,0.9807692170143127,0.9828615188598633,0.9680117964744568,0.9940484166145325,0.9820148348808289,0.9862092733383179,0.9849101901054382,0.9875016212463379,0.9838334739208221,1
HP0016,HP0017,1,0.9873679876327515,0.9552516341209412,0.9747754335403442,0.9840688109397888,0.9360873699188232,0.9613491296768188,0.979849636554718,0.9448572397232056,0.9688408374786377,0.9590529203414917,0.965150099992752,1
HP0019,HP0020,1,0.9879752397537231,0.9705504179000854,0.9730532169342041,0.9795558452606201,0.9311344027519226,0.9860345721244812,0.9584729075431824,0.9751309156417847,0.9875419735908508,0.9753724932670593,0.9724821984767914,1
HP0024,HP0027,0,0.00022206272114999592,0.0008780909702181816,0.00032686334452591836,0.00010077087790705264,0.0006651902222074568,0.0014354208251461387,0.0007997418288141489,0.00044913950841873884,0.0007776106358505785,4.922912921756506e-05,0.0005704120063455776,0
HP0027,HP0028,1,0.9515796303749084,0.9805629849433899,0.9855847358703613,0.991540789604187,0.9665507078170776,0.982231080532074,0.9871124625205994,0.9614936113357544,0.960102915763855,0.9787625670433044,0.9745521485805512,1
HP0059,HP0060,1,0.9527214169502258,0.969428300857544,0.9650203585624695,0.9734247326850891,0.9493035078048706,0.9485992789268494,0.9826943874359131,0.9410507678985596,0.9368928670883179,0.9325897097587585,0.9551725327968598,1
HP0060,HP0061,1,0.9914695024490356,0.9852701425552368,0.9831436276435852,0.9791147708892822,0.9744786024093628,0.9930710196495056,0.9866421222686768,0.9863522052764893,0.9799431562423706,0.9873753190040588,0.9846860468387604,1
HP0061,HP0062,1,0.9791711568832397,0.9769514203071594,0.9771263599395752,0.9909559488296509,0.9557093381881714,0.9629369378089905,0.990443229675293,0.979169487953186,0.9713107347488403,0.9773931503295898,0.9761167764663696,1
HP0062,HP0063,1,0.9715976715087891,0.9673232436180115,0.9508541226387024,0.9838944673538208,0.9466696977615356,0.9530460238456726,0.9796136617660522,0.9736229181289673,0.9625920057296753,0.9722856283187866,0.9661499440670014,1
HP0063,HP0064,1,0.991771399974823,0.9849215745925903,0.9832158088684082,0.9797550439834595,0.974855363368988,0.9934776425361633,0.9870315790176392,0.9868055582046509,0.9807100892066956,0.9877484440803528,0.9850292503833771,1
HP0064,HP0065,1,0.9890082478523254,0.985440731048584,0.9915281534194946,0.9939090013504028,0.973901629447937,0.9708414077758789,0.9981623888015747,0.989998996257782,0.9737776517868042,0.991755485534668,0.9858323693275451,1
HP0065,HP0066,1,0.9768769145011902,0.9856618642807007,0.9802832007408142,0.9806620478630066,0.9525154232978821,0.9926412105560303,0.9693580269813538,0.9856090545654297,0.9828552007675171,0.9880250096321106,0.9794487953186035,1
HP0066,HP0076,0,0.00031322744325734675,0.000713887857273221,0.00036529527278617024,0.0004750972439069301,0.0015404034638777375,0.005908805411309004,0.0002911900810431689,0.0006454301765188575,0.001345055759884417,6.01972897129599e-05,0.0011658589999569812,0
HP0076,HP0077,1,0.9529067277908325,0.8982025384902954,0.9476808309555054,0.9656258225440979,0.8841689825057983,0.9017903804779053,0.9521501660346985,0.8672458529472351,0.8692945241928101,0.9701075553894043,0.9209173381328583,1
HP0077,HP0078,0,0.06553623825311661,0.20100271701812744,0.3675987422466278,0.053574059158563614,0.03249496966600418,0.11097000539302826,0.06058049574494362,0.06102622672915459,0.024241352453827858,0.05592380836606026,0.10329486150294542,0
HP0078,HP0079,1,0.9916632771492004,0.994232714176178,0.9889702200889587,0.9935380220413208,0.9829460382461548,0.9845708608627319,0.9973546266555786,0.9865739345550537,0.9873305559158325,0.9880843758583069,0.9895264625549316,1
HP0099,HP0100,1,0.9919657707214355,0.9828717112541199,0.9814296364784241,0.9816673398017883,0.9716318249702454,0.9936130046844482,0.9841772317886353,0.9866381287574768,0.9834909439086914,0.9875994324684143,0.984508502483368,1
HP0100,HP0101,1,0.9721953272819519,0.9742445349693298,0.9781111478805542,0.988258957862854,0.9634432196617126,0.9854315519332886,0.9612295627593994,0.9652190208435059,0.9692122936248779,0.9619545936584473,0.9719300210475922,1
HP0112,HP0113,1,0.8686800003051758,0.9350688457489014,0.9530559182167053,0.9722829461097717,0.9144356846809387,0.9360907077789307,0.942766547203064,0.9359576106071472,0.9447836875915527,0.9383581876754761,0.9341480135917664,1
HP0113,HP0116,0,0.0009537261794321239,0.004622818902134895,0.003742004046216607,0.0003409475611988455,0.0007971351151354611,0.002431764965876937,0.0035774358548223972,0.0015658268239349127,0.0020755897276103497,0.0010527740232646465,0.0021160023199627174,0
HP0116,HP0117,1,0.9921178221702576,0.9840341806411743,0.9828041195869446,0.9813110828399658,0.9745808243751526,0.9940927624702454,0.9869674444198608,0.9873620271682739,0.9824060797691345,0.9882461428642273,0.9853922486305237,1
HP0117,HP0122,0,0.00023500603856518865,0.0016786912456154823,0.0003336271911393851,0.014272848144173622,0.014085699804127216,0.024363428354263306,0.0018468386260792613,0.0021563393529504538,0.00413163285702467,0.0017788951518014073,0.006488300676573999,0
HP0122,HP0123,1,0.9671010375022888,0.9554926156997681,0.8486036062240601,0.9739418029785156,0.7163662910461426,0.9451219439506531,0.9626551866531372,0.9403260946273804,0.9168716669082642,0.8555991649627686,0.9082079410552979,1
HP0123,HP0124,1,0.9919790029525757,0.9844280481338501,0.9828111529350281,0.9803109169006348,0.974425733089447,0.9936473965644836,0.9867554903030396,0.986847460269928,0.9815954566001892,0.987808883190155,0.9850609540939331,1
HP0124,HP0125,1,0.9920106530189514,0.9842747449874878,0.9819665551185608,0.979779064655304,0.9733543395996094,0.9931047558784485,0.9859471321105957,0.9862057566642761,0.9814243912696838,0.9871299862861633,0.9845197379589081,1
HP0125,HP0126,1,0.8956114053726196,0.9160269498825073,0.9724717736244202,0.9684929251670837,0.9007056951522827,0.9632616639137268,0.9327846169471741,0.9212533235549927,0.9540109038352966,0.9514304399490356,0.9376049697399139,1
HP0126,HP0127,0,0.23659205436706543,0.3428095877170563,0.3840169310569763,0.11648792773485184,0.3383346498012543,0.37526077032089233,0.20132853090763092,0.3351845145225525,0.3428131639957428,0.2369532734155655,0.2909781403839588,0
HP0127,HP0128,1,0.8279799818992615,0.9143370389938354,0.9564754366874695,0.892231822013855,0.8817285895347595,0.9331960082054138,0.964911162853241,0.8638938665390015,0.8844993114471436,0.95786452293396,0.9077117741107941,1
HP0140,HP0141,1,0.9904059171676636,0.9909552335739136,0.9903327226638794,0.9929986596107483,0.9874188303947449,0.9877636432647705,0.9978310465812683,0.9839931130409241,0.9819492697715759,0.9884482622146606,0.989209669828415,1
HP0141,HP0144,0,0.010289917699992657,0.03556910157203674,0.014223944395780563,0.006464337930083275,0.005957749672234058,0.013223567977547646,0.013761760666966438,0.008356877602636814,0.01067798025906086,0.0013262092834338546,0.01198514470597729,0
HP0144,HP0145,1,0.9892192482948303,0.9810035228729248,0.991919994354248,0.9901705384254456,0.970973014831543,0.9833844900131226,0.9984602332115173,0.9829733371734619,0.9827161431312561,0.9887948036193848,0.9859615325927734,1
HP0145,HP0146,1,0.9911723136901855,0.9925739169120789,0.9850085973739624,0.990416407585144,0.9790432453155518,0.9893354177474976,0.9929379224777222,0.9827253818511963,0.9851806163787842,0.9867799282073975,0.9875173747539521,1
HP0146,HP0147,1,0.9829446077346802,0.9673911929130554,0.9899656772613525,0.9938609004020691,0.9464797377586365,0.9583045840263367,0.9920251965522766,0.9857271909713745,0.9689729809761047,0.9856725335121155,0.9771344602108002,1
HP0147,HP0148,1,0.9839179515838623,0.9893238544464111,0.9905571341514587,0.9929218292236328,0.974994957447052,0.9842742681503296,0.9947036504745483,0.9759865999221802,0.9772024154663086,0.9821904301643372,0.9846073091030121,1
HP0148,HP0149,1,0.9725388884544373,0.9772729277610779,0.9634138941764832,0.9805182814598083,0.9612802267074585,0.9759178161621094,0.9802863597869873,0.9559406042098999,0.9673190116882324,0.9458754658699036,0.9680363476276398,1
HP0149,HP0150,1,0.9794487953186035,0.9300675392150879,0.9720171689987183,0.9678683876991272,0.9207656979560852,0.9789478778839111,0.9771257638931274,0.9021235108375549,0.9466755390167236,0.9519584774971008,0.952699875831604,1
HP0153,HP0154,1,0.991807222366333,0.9885305762290955,0.9909325242042542,0.9940192699432373,0.9781852960586548,0.9773422479629517,0.9978356957435608,0.9876726865768433,0.9785379767417908,0.9936913251876831,0.9878554821014405,1
HP0154,HP0155,1,0.9913241267204285,0.985512375831604,0.9830226898193359,0.9788038730621338,0.9742826223373413,0.9929438233375549,0.986627995967865,0.9860907793045044,0.979153037071228,0.9871149063110352,0.9844876229763031,1
HP0155,HP0156,1,0.9922269582748413,0.9865645170211792,0.9915562868118286,0.9871798753738403,0.980526864528656,0.9905781149864197,0.9947484731674194,0.9848229289054871,0.9907928109169006,0.9913843870162964,0.9890381217002868,1
HP0156,HP0157,1,0.9923141598701477,0.9922630786895752,0.9896342754364014,0.9933803677558899,0.9879833459854126,0.9903499484062195,0.9970154166221619,0.9870892763137817,0.9884352087974548,0.988264262676239,0.9906729340553284,1
HP0157,HP0158,1,0.9592759013175964,0.9720633029937744,0.9856524467468262,0.9814968109130859,0.950999915599823,0.9633194804191589,0.9853914976119995,0.9488764405250549,0.94115149974823,0.9827108979225159,0.9670938193798065,1
HP0175,HP0176,1,0.9881101846694946,0.9864388704299927,0.9862664341926575,0.9918451905250549,0.9700819253921509,0.9694070219993591,0.9977377653121948,0.9824962615966797,0.9730782508850098,0.98739093542099,0.9832852840423584,1
HP0176,HP0177,1,0.9879103899002075,0.9725209474563599,0.990399181842804,0.9918867945671082,0.9643729329109192,0.984855592250824,0.9910867214202881,0.9698283076286316,0.9703615307807922,0.9873310327529907,0.9810553431510926,1
HP0177,HP0181,0,0.0007976465858519077,0.0045656175352633,0.0016541515942662954,0.0005386557313613594,0.0008121638675220311,0.003181577892974019,0.001424466259777546,0.0013055667513981462,0.002017049118876457,0.0008016802603378892,0.001709857559762895,0
HP0181,HP0182,1,0.9895230531692505,0.9854947924613953,0.9901719093322754,0.9874861836433411,0.9747949242591858,0.9677304029464722,0.9958252906799316,0.9894561767578125,0.9814683794975281,0.9817355871200562,0.9843686699867249,1
HP0182,HP0183,1,0.991615891456604,0.983607292175293,0.9822942018508911,0.9834791421890259,0.9733195304870605,0.994926929473877,0.9861646294593811,0.9880653023719788,0.9839609861373901,0.9888423085212708,0.9856276214122772,1
HP0183,HP0184,1,0.9843094944953918,0.9722622036933899,0.9898606538772583,0.990688145160675,0.9605964422225952,0.9619366526603699,0.9984074831008911,0.9772725701332092,0.9743569493293762,0.9785338640213013,0.9788224458694458,1
HP0184,HP0185,1,0.95494544506073,0.9653945565223694,0.9531038403511047,0.9744721055030823,0.924022376537323,0.9385609030723572,0.9876938462257385,0.9550634622573853,0.9312172532081604,0.9763116240501404,0.9560785412788391,1
HP0214,HP0215,1,0.9908474683761597,0.9769306778907776,0.9857715964317322,0.9917294979095459,0.9727705121040344,0.9799237847328186,0.9973903298377991,0.9872043132781982,0.9817067980766296,0.974883496761322,0.9839158475399017,1
HP0215,HP0216,1,0.9903028607368469,0.9839682579040527,0.981961190700531,0.9843536019325256,0.9709494113922119,0.9952455163002014,0.9844087958335876,0.9879932403564453,0.9845404028892517,0.9888687133789062,0.9852591991424561,1
HP0216,HP0217,1,0.8519964218139648,0.9697117209434509,0.9328206181526184,0.9685548543930054,0.9074916243553162,0.9433824419975281,0.9740059971809387,0.8456912040710449,0.9532929062843323,0.9019835591316223,0.9248931348323822,1
HP0220,HP0221,1,0.9769459366798401,0.9770798683166504,0.972273588180542,0.9905264377593994,0.9518697261810303,0.9584504961967468,0.9773324728012085,0.9604461193084717,0.9560810327529907,0.9638793468475342,0.9684885025024415,1
HP0231,HP0232,1,0.9881524443626404,0.9907308220863342,0.9900084137916565,0.9924441576004028,0.9806751012802124,0.9772704839706421,0.9973809123039246,0.9886760115623474,0.9792346954345703,0.9851661920547485,0.9869739234447479,1
HP0232,HP0233,1,0.9874572157859802,0.9925117492675781,0.9885663986206055,0.9932062029838562,0.9784517288208008,0.9789301753044128,0.9962704181671143,0.9864796996116638,0.9751837849617004,0.984950602054596,0.9862007975578309,1
HP0233,HP0234,1,0.9919794797897339,0.9829917550086975,0.9815669059753418,0.9808611869812012,0.9720650315284729,0.9933781027793884,0.9847047924995422,0.9863365888595581,0.982982337474823,0.9873991012573242,0.9844265282154083,1
HP0234,HP0247,0,5.5212232837220654e-05,0.0007480101194232702,0.00031979207415133715,9.097157453652471e-05,0.0002868502342607826,0.0008205112535506487,0.00020728142408188432,0.00021426493185572326,0.00044475222239270806,2.436184513499029e-05,0.000321200791222509,0
HP0247,HP0248,1,0.9761917591094971,0.9558110237121582,0.9574423432350159,0.9589555859565735,0.9526011347770691,0.948822021484375,0.877610981464386,0.9664900898933411,0.943873405456543,0.9591622352600098,0.9496960580348969,1
HP0248,HP0249,1,0.9899221658706665,0.9775423407554626,0.9866374135017395,0.987609326839447,0.9681200981140137,0.9892200827598572,0.9974947571754456,0.9758802056312561,0.9788281321525574,0.9897844791412354,0.984103900194168,1
HP0255,HP0256,1,0.9919921159744263,0.9842599630355835,0.9828568696975708,0.980424702167511,0.9744395613670349,0.99369215965271,0.986782968044281,0.9869850873947144,0.9817937612533569,0.9879064559936523,0.9851133644580841,1
HP0256,HP0257,1,0.9901332259178162,0.9845212697982788,0.9822629690170288,0.9845125675201416,0.9718546867370605,0.9954742789268494,0.9851089715957642,0.9883533120155334,0.9844059944152832,0.9891747832298279,0.9855802059173584,1
HP0257,HP0258,1,0.9899151921272278,0.9845852255821228,0.9822465181350708,0.984523355960846,0.9715835452079773,0.9954856634140015,0.984889566898346,0.9883360862731934,0.9844503402709961,0.9891731142997742,0.9855188608169556,1
HP0258,HP0259,1,0.9699583053588867,0.9613919854164124,0.9449290633201599,0.9560325741767883,0.9572320580482483,0.9737648367881775,0.9664196968078613,0.9198763370513916,0.9585340023040771,0.9564799070358276,0.9564618766307831,1
HP0259,HP0262,0,0.002810727572068572,0.007548805791884661,0.007642853539437056,0.0007158798980526626,0.007713583763688803,0.010240741074085236,0.005678514484316111,0.005842145998030901,0.004859467037022114,0.0008297868771478534,0.005388250603573397,0
HP0262,HP0263,1,0.7122294902801514,0.5485979914665222,0.8773728013038635,0.34007787704467773,0.6657044887542725,0.7499505281448364,0.8269198536872864,0.4912359416484833,0.366769939661026,0.804904580116272,0.6383763492107392,1
HP0263,HP0264,1,0.8290680646896362,0.7075545191764832,0.5958877801895142,0.5926675200462341,0.6171609163284302,0.7055817246437073,0.6367583870887756,0.6979047656059265,0.6473503708839417,0.6466554403305054,0.6676589488983155,1
HP0264,HP0265,1,0.9876392483711243,0.986472487449646,0.9828389286994934,0.9903525114059448,0.9634222984313965,0.9834178686141968,0.9895378947257996,0.9819496273994446,0.9845718145370483,0.9671325087547302,0.9817335188388825,1
HP0265,HP0266,1,0.9843782186508179,0.9438310861587524,0.9613863825798035,0.9851254224777222,0.9026617407798767,0.9569184184074402,0.9833500385284424,0.9292791485786438,0.9513530731201172,0.9686179161071777,0.9566901445388794,1
HP0266,HP0267,1,0.9911981821060181,0.9837684631347656,0.9820222854614258,0.983857274055481,0.9724271893501282,0.9950647354125977,0.9855243563652039,0.9880917072296143,0.9841352105140686,0.9888916015625,0.9854981005191803,1
HP0267,HP0268,1,0.6361734867095947,0.7536832690238953,0.6685457825660706,0.7335019707679749,0.6877094507217407,0.6724841594696045,0.6929140090942383,0.6513699889183044,0.5417441725730896,0.7563546895980835,0.6794480979442596,1
HP0268,HP0269,1,0.9923622012138367,0.9915556907653809,0.9888468980789185,0.9914848804473877,0.9801821112632751,0.987269937992096,0.9934155344963074,0.974144458770752,0.9877385497093201,0.9808245301246643,0.9867824792861939,1
HP0269,HP0270,1,0.38345083594322205,0.39740508794784546,0.48898953199386597,0.13718104362487793,0.20190173387527466,0.438642293214798,0.23361243307590485,0.23728281259536743,0.1313958466053009,0.44652625918388367,0.3096387878060341,0
HP0270,HP0271,1,0.9887642860412598,0.9844704270362854,0.9818212985992432,0.9842777848243713,0.9689458608627319,0.9952463507652283,0.9827302694320679,0.9878697395324707,0.9846391081809998,0.988869309425354,0.9847634434700012,1
HP0271,HP0272,1,0.9920857548713684,0.9835776090621948,0.9824270009994507,0.982032835483551,0.9740157723426819,0.9943096041679382,0.9865823984146118,0.987540602684021,0.9831447005271912,0.9883997440338135,0.9854116022586823,1
HP0272,HP0273,1,0.9913364052772522,0.9839682579040527,0.9824184775352478,0.9839529991149902,0.9734596610069275,0.9952276349067688,0.9863525629043579,0.9883236289024353,0.9840527176856995,0.9890890717506409,0.9858181416988373,1
HP0273,HP0274,1,0.974876880645752,0.9796546697616577,0.9930828213691711,0.9950270056724548,0.9496592283248901,0.9781681895256042,0.9816926121711731,0.930103600025177,0.95867520570755,0.9764869213104248,0.9717427134513855,1
HP0274,HP0275,1,0.857384443283081,0.9189748764038086,0.8957589864730835,0.8946701884269714,0.8645561933517456,0.8865718245506287,0.9290713667869568,0.8926373720169067,0.9109572768211365,0.9208977818489075,0.8971480309963227,1
HP0275,HP0276,1,0.9920746684074402,0.9839194416999817,0.9826681017875671,0.9814664125442505,0.9741232991218567,0.9940798282623291,0.9866341352462769,0.9872350096702576,0.9825755953788757,0.9881736636161804,0.9852950155735016,1
HP0276,HP0277,0,0.8626269698143005,0.8959401249885559,0.9090246558189392,0.9477055668830872,0.8806414604187012,0.9211367964744568,0.9206077456474304,0.8714376091957092,0.8725079298019409,0.9029263257980347,0.8984555184841156,1
HP0277,HP0278,1,0.9922862648963928,0.9899597764015198,0.989655077457428,0.9882696866989136,0.9807000160217285,0.9861050248146057,0.9945456981658936,0.9880021810531616,0.9892050623893738,0.9910958409309387,0.9889824628829956,1
HP0278,HP0279,1,0.991888701915741,0.9835435152053833,0.9823518395423889,0.9829291105270386,0.9737383723258972,0.9947094917297363,0.9864700436592102,0.9878811836242676,0.9836316704750061,0.9886989593505859,0.9855842888355255,1
HP0279,HP0280,1,0.9913721084594727,0.9837040901184082,0.9821865558624268,0.9837486743927002,0.9728943705558777,0.9950347542762756,0.9858447313308716,0.9881357550621033,0.9841073751449585,0.9889019131660461,0.985593032836914,1
HP0280,HP0282,0,0.034789424389600754,0.056712035089731216,0.02237359620630741,0.01043107733130455,0.015961242839694023,0.06860315054655075,0.008994639851152897,0.015175246633589268,0.022418338805437088,0.008416972123086452,0.026387572381645442,0
HP0282,HP0283,1,0.9790574908256531,0.9841568470001221,0.9822205305099487,0.9855242371559143,0.9762601852416992,0.9757863283157349,0.9802494645118713,0.9477450251579285,0.9558867812156677,0.9638415575027466,0.9730728447437287,1
HP0283,HP0284,1,0.9901432394981384,0.9845137596130371,0.9822794795036316,0.9844945073127747,0.9719076156616211,0.9954695105552673,0.9851364493370056,0.9883780479431152,0.9844159483909607,0.9891851544380188,0.985592371225357,1
HP0284,HP0285,1,0.9917606711387634,0.9838770031929016,0.9825229644775391,0.9834676384925842,0.974154531955719,0.9950394630432129,0.9868321418762207,0.9882209300994873,0.9837070107460022,0.9889996647834778,0.9858582019805908,1
HP0285,HP0286,1,0.9906182289123535,0.9843301177024841,0.9823058247566223,0.9843825101852417,0.9725101590156555,0.9954208731651306,0.985640823841095,0.9883801937103271,0.9842879176139832,0.9891737103462219,0.9857050359249115,1
HP0286,HP0287,1,0.9482417106628418,0.8989174365997314,0.9661232829093933,0.9405010938644409,0.9177492260932922,0.9205989837646484,0.9930111169815063,0.9492946863174438,0.9209953546524048,0.9503841996192932,0.9405817091464996,1
HP0287,HP0288,1,0.9900345802307129,0.9943575263023376,0.9881659150123596,0.9914725422859192,0.9826381206512451,0.9891287684440613,0.9886626601219177,0.9833307862281799,0.9850208163261414,0.9866456389427185,0.9879457354545593,1
HP0290,HP0291,1,0.9898715019226074,0.9933276772499084,0.9845876693725586,0.9905985593795776,0.975399911403656,0.98961341381073,0.9955498576164246,0.983635425567627,0.9855441451072693,0.9909267425537109,0.987905490398407,1
HP0291,HP0292,1,0.9904471039772034,0.9827496409416199,0.9956315755844116,0.9955522418022156,0.9641457796096802,0.9845495223999023,0.9960498809814453,0.9843976497650146,0.98775315284729,0.9875196218490601,0.9868796169757843,1
HP0292,HP0293,1,0.9891660809516907,0.9848997592926025,0.9822078943252563,0.9845899939537048,0.9706913232803345,0.9955132007598877,0.9841060042381287,0.9882785081863403,0.9845179319381714,0.9891680479049683,0.9853138744831085,1
HP0296,HP0297,1,0.9893938302993774,0.993111252784729,0.9906482696533203,0.9885994791984558,0.9797598123550415,0.9928661584854126,0.9965130090713501,0.9819985628128052,0.9859296083450317,0.9956215023994446,0.9894441485404968,1
HP0297,HP0298,0,0.3649846017360687,0.5628760457038879,0.4415862560272217,0.5984727144241333,0.549887478351593,0.6280065774917603,0.4951450526714325,0.4847228229045868,0.710067868232727,0.5728063583374023,0.5408555775880813,1
HP0298,HP0299,1,0.9843826293945312,0.9640451073646545,0.9881457686424255,0.9907996654510498,0.9559704661369324,0.9727094769477844,0.9944807291030884,0.9601050019264221,0.9705761075019836,0.9809294939041138,0.9762144446372986,1
HP0299,HP0300,1,0.9915860891342163,0.9834650754928589,0.9819871783256531,0.9833712577819824,0.9727071523666382,0.9947836995124817,0.9856392741203308,0.9879401326179504,0.9839891195297241,0.9887009859085083,0.9854169964790345,1
HP0300,HP0301,1,0.9899267554283142,0.9799589514732361,0.9942100644111633,0.9938026070594788,0.978783369064331,0.981256902217865,0.9988742470741272,0.9787893891334534,0.9779849052429199,0.9856241345405579,0.9859211325645447,1
HP0301,HP0302,1,0.9914585947990417,0.9838551878929138,0.9823355674743652,0.983765184879303,0.9734262824058533,0.9951199889183044,0.9863064885139465,0.9882444739341736,0.9839885234832764,0.9890111088752747,0.9857511401176453,1
HP0302,HP0303,1,0.9939122200012207,0.9897592663764954,0.9884704351425171,0.9884564280509949,0.9767937660217285,0.9875702261924744,0.9971964955329895,0.9909226298332214,0.9850975871086121,0.9870048761367798,0.9885183930397033,1
HP0303,HP0304,1,0.9768514037132263,0.9746913313865662,0.9915387034416199,0.9662610292434692,0.9534298181533813,0.9804607033729553,0.9913312196731567,0.9549956917762756,0.9634922742843628,0.9839663505554199,0.9737018525600434,1
HP0304,HP0305,0,0.46314629912376404,0.4618227183818817,0.42719241976737976,0.521725058555603,0.7359964847564697,0.5674303770065308,0.5503101348876953,0.4176778793334961,0.5024321675300598,0.38746339082717896,0.5035196930170059,1
HP0305,HP0306,1,0.992905855178833,0.9876230955123901,0.9887621402740479,0.9925154447555542,0.9836407899856567,0.9882058501243591,0.9967740178108215,0.9855979084968567,0.9911383986473083,0.9895164370536804,0.9896679937839508,1
HP0306,HP0307,1,0.991117000579834,0.9849986433982849,0.9823874235153198,0.9783294796943665,0.9728877544403076,0.9922318458557129,0.985031247138977,0.9852481484413147,0.9799708724021912,0.986532986164093,0.9838735401630402,1
HP0307,HP0308,1,0.9678224921226501,0.9614695906639099,0.980742335319519,0.9826284050941467,0.9389306902885437,0.962863564491272,0.9737365245819092,0.9561148881912231,0.9743291735649109,0.9791896939277649,0.967782735824585,1
HP0308,HP0309,1,0.6221514940261841,0.6529905200004578,0.4846250116825104,0.34599724411964417,0.644702672958374,0.7032928466796875,0.5182140469551086,0.6291879415512085,0.6624377369880676,0.6630474925041199,0.5926647007465362,1
HP0309,HP0310,1,0.9825137257575989,0.9712553024291992,0.9771032929420471,0.9873542189598083,0.9512961506843567,0.9592880010604858,0.991935133934021,0.9818344116210938,0.9685001969337463,0.9857434034347534,0.975682383775711,1
HP0310,HP0311,1,0.9750689268112183,0.9904196858406067,0.9885830879211426,0.988007128238678,0.9809600710868835,0.9895856976509094,0.9914903044700623,0.9706935882568359,0.982114315032959,0.9873242378234863,0.9844247043132782,1
HP0311,HP0312,1,0.9865159392356873,0.9824002385139465,0.9809327721595764,0.9839392900466919,0.9614081382751465,0.9942935109138489,0.974242091178894,0.9858675599098206,0.9860037565231323,0.987256646156311,0.9822859942913056,1
HP0325,HP0326,1,0.9933162927627563,0.985520601272583,0.9814726114273071,0.9888851046562195,0.9775565266609192,0.9901289343833923,0.9930298328399658,0.9828388094902039,0.9897171258926392,0.9914472699165344,0.9873913109302521,1
HP0326,HP0327,1,0.9920324087142944,0.9844414591789246,0.983090877532959,0.9805629849433899,0.9749853014945984,0.9938656091690063,0.9872197508811951,0.9871989488601685,0.9816439151763916,0.9880926609039307,0.9853133916854858,1
HP0327,HP0330,0,0.0014032338513061404,0.006693314295262098,0.006394878029823303,0.0026087427977472544,0.007053070701658726,0.006482766475528479,0.01016407273709774,0.003935352433472872,0.0032834701705724,0.001280629076063633,0.004929953056853264,0
HP0330,HP0331,1,0.9819292426109314,0.9541149735450745,0.9819099307060242,0.9836103320121765,0.9483945369720459,0.9769394397735596,0.9850600361824036,0.965593159198761,0.9446118474006653,0.9730669856071472,0.9695230484008789,1
HP0331,HP0332,1,0.9918522834777832,0.9848482608795166,0.9830871224403381,0.9798463582992554,0.9747930765151978,0.9935117363929749,0.9869989156723022,0.9868155717849731,0.980851411819458,0.9877339601516724,0.9850338697433472,1
HP0332,HP0333,1,0.9852437973022461,0.9856268167495728,0.9817749857902527,0.9839330911636353,0.9653934836387634,0.9950680732727051,0.979397177696228,0.987442135810852,0.9845050573348999,0.9888087511062622,0.9837193369865418,1
HP0333,HP0334,1,0.9921584129333496,0.983936607837677,0.9827804565429688,0.9818961024284363,0.9748194813728333,0.9944139122962952,0.9872301816940308,0.9876736402511597,0.9827197790145874,0.988527238368988,0.9856155812740326,1
HP0337,HP0338,1,0.9893067479133606,0.9848195314407349,0.9821951389312744,0.9845653772354126,0.9707766175270081,0.995488166809082,0.9841669201850891,0.9882915616035461,0.9845118522644043,0.9891564846038818,0.9853278398513794,1
HP0338,HP0339,1,0.9307008981704712,0.9353758096694946,0.9671919345855713,0.9901731014251709,0.9474407434463501,0.9692468643188477,0.9639785289764404,0.9331149458885193,0.9169541001319885,0.9878966212272644,0.9542073547840119,1
HP0339,HP0340,1,0.991832971572876,0.9838361740112305,0.9825734496116638,0.9833225607872009,0.9742849469184875,0.9949820637702942,0.9869211316108704,0.9881893396377563,0.9836387038230896,0.98896723985672,0.9858548581600189,1
HP0340,HP0341,1,0.9149347543716431,0.9453586339950562,0.959679365158081,0.9708359837532043,0.9108511209487915,0.9354938864707947,0.9466091394424438,0.8959413170814514,0.898021399974823,0.9767439365386963,0.9354469537734985,1
HP0350,HP0351,1,0.980219304561615,0.9510443210601807,0.9787765741348267,0.9812870025634766,0.9507257342338562,0.9629843235015869,0.9909389019012451,0.9633944034576416,0.9592864513397217,0.9619954228401184,0.9680652439594268,1
HP0351,HP0352,1,0.9816374778747559,0.9694574475288391,0.984080970287323,0.988183319568634,0.9650689959526062,0.9644260406494141,0.9857643246650696,0.9816766977310181,0.9680367112159729,0.9482111930847168,0.973654317855835,1
HP0352,HP0353,1,0.9917677044868469,0.9836044907569885,0.9823943376541138,0.9832485914230347,0.9736839532852173,0.9948657751083374,0.9864755868911743,0.9879764914512634,0.9837768077850342,0.9888045787811279,0.9856598317623139,1
HP0353,HP0354,1,0.9879866242408752,0.9850438237190247,0.9819765090942383,0.9844008088111877,0.9686762094497681,0.9953421354293823,0.9823065400123596,0.9879791140556335,0.9846165180206299,0.9889909625053406,0.984731924533844,1
HP0354,HP0355,1,0.9914028644561768,0.983953595161438,0.982370913028717,0.9839066863059998,0.9734302163124084,0.9951823353767395,0.9863040447235107,0.988285481929779,0.9840028882026672,0.9890502691268921,0.9857889294624329,1
HP0355,HP0356,1,0.9895841479301453,0.9828158617019653,0.9887813925743103,0.9906144738197327,0.9706256985664368,0.9850848317146301,0.9968347549438477,0.9760282635688782,0.9748551249504089,0.9892997741699219,0.9844524323940277,1
HP0377,HP0378,1,0.9924018383026123,0.9896804094314575,0.9939655661582947,0.9929511547088623,0.979839026927948,0.9759913682937622,0.9976951479911804,0.989943265914917,0.9815417528152466,0.9874593615531921,0.9881468892097474,1
HP0378,HP0379,1,0.986885130405426,0.981361448764801,0.9882107973098755,0.9899452924728394,0.9576672911643982,0.9681000113487244,0.9954681992530823,0.9734970331192017,0.9612844586372375,0.986502468585968,0.9788922131061554,1
HP0385,HP0386,1,0.9796047806739807,0.9663076400756836,0.9619523882865906,0.9880025386810303,0.9488502740859985,0.9599141478538513,0.9918839335441589,0.9761799573898315,0.9573319554328918,0.9922869801521301,0.9722314596176147,1
HP0386,HP0387,1,0.9748366475105286,0.9860279560089111,0.9800916910171509,0.9799505472183228,0.9504472017288208,0.9922701716423035,0.9686754941940308,0.9853581786155701,0.9820173978805542,0.9880648255348206,0.9787740111351013,1
HP0404,HP0405,1,0.9888764023780823,0.9837759733200073,0.9732154607772827,0.987889289855957,0.9702137112617493,0.9860725998878479,0.9897933602333069,0.9776483178138733,0.991371750831604,0.983487069606781,0.9832343935966492,1
HP0405,HP0406,1,0.929143488407135,0.9113047122955322,0.9598894119262695,0.9656724333763123,0.8015663623809814,0.8925825953483582,0.9343997836112976,0.7881248593330383,0.8749457597732544,0.9319452047348022,0.8989574611186981,1
HP0408,HP0409,1,0.9839766025543213,0.9786757230758667,0.9875895380973816,0.9894152283668518,0.9669952392578125,0.9639394879341125,0.994367241859436,0.9838239550590515,0.9719637036323547,0.9823502898216248,0.9803097009658813,1
HP0409,HP0410,1,0.6326455473899841,0.745476484298706,0.6646018028259277,0.6087242960929871,0.6423298716545105,0.6735965609550476,0.6305689811706543,0.5774874687194824,0.46181178092956543,0.6678844094276428,0.6305127203464508,1
HP0417,HP0418,1,0.9919127821922302,0.9831730723381042,0.9819666743278503,0.9819480776786804,0.9724473357200623,0.9940065741539001,0.9853163957595825,0.986828625202179,0.9833453297615051,0.9879285097122192,0.9848873376846313,1
HP0418,HP0419,1,0.9720479249954224,0.9354329109191895,0.9539778232574463,0.9640015959739685,0.915732741355896,0.9444133639335632,0.9120755195617676,0.8781481981277466,0.9466327428817749,0.9478023052215576,0.9370265126228332,1
HP0419,HP0420,1,0.990368127822876,0.9897866249084473,0.9894881248474121,0.9929459691047668,0.9769448041915894,0.9898691773414612,0.9856116771697998,0.9779572486877441,0.9854966402053833,0.9864605069160461,0.9864928901195527,1
HP0420,HP0421,1,0.9922326803207397,0.9921716451644897,0.9954322576522827,0.9965542554855347,0.9829009175300598,0.9891713857650757,0.9973659515380859,0.9924265742301941,0.9888527989387512,0.9925734400749207,0.9919681906700134,1
HP0421,HP0422,1,0.972200870513916,0.9715585112571716,0.9578463435173035,0.9763774871826172,0.9442769289016724,0.9475111961364746,0.9778270125389099,0.9619086980819702,0.9555260539054871,0.9734898805618286,0.9638522982597351,1
HP0447,HP0448,1,0.9920554757118225,0.9843475222587585,0.9829660654067993,0.9806522130966187,0.9748061299324036,0.9938677549362183,0.9870838522911072,0.9871585369110107,0.981806755065918,0.988065779209137,0.9852810084819794,1
HP0448,HP0449,0,0.3071824908256531,0.17384982109069824,0.20870178937911987,0.06263619661331177,0.23733176290988922,0.2547076344490051,0.2799837589263916,0.1258753091096878,0.12882094085216522,0.22917293012142181,0.20082626342773438,0
HP0449,HP0450,1,0.9881531596183777,0.9883813261985779,0.9831638932228088,0.9791443943977356,0.9732452630996704,0.9917659163475037,0.9850372672080994,0.9841976761817932,0.9676194787025452,0.9862936735153198,0.9827002048492431,1
HP0457,HP0458,1,0.9453487992286682,0.9588460922241211,0.9746217727661133,0.9873256087303162,0.9214065074920654,0.9380388855934143,0.9625411629676819,0.9184862375259399,0.9278951287269592,0.9736343026161194,0.9508144497871399,1
HP0458,HP0459,1,0.9691982865333557,0.9858441352844238,0.979095995426178,0.976375162601471,0.9414743781089783,0.9900115728378296,0.9645018577575684,0.9843647480010986,0.9798149466514587,0.9875401258468628,0.9758221209049225,1
HP0473,HP0474,1,0.9877503514289856,0.9909455180168152,0.985066831111908,0.9852752685546875,0.9738819599151611,0.9852854013442993,0.9929254651069641,0.9769876599311829,0.9846208691596985,0.9902270436286926,0.9852966368198395,1
HP0474,HP0475,1,0.9909526109695435,0.9842109084129333,0.982380747795105,0.9842441082000732,0.973052978515625,0.9953709244728088,0.9860453009605408,0.9884122014045715,0.9841917753219604,0.9891788959503174,0.9858040452003479,1
HP0486,HP0487,1,0.9887142777442932,0.9808652997016907,0.9829055666923523,0.9836465716362,0.9557697772979736,0.9758414626121521,0.9949964284896851,0.9619596600532532,0.9776469469070435,0.9895566701889038,0.9791902661323547,1
HP0487,HP0488,0,0.5812634229660034,0.6311336159706116,0.6481006741523743,0.629435122013092,0.6148502826690674,0.60689377784729,0.6001477241516113,0.47639596462249756,0.396141916513443,0.7938487529754639,0.5978211253881455,1
HP0488,HP0489,1,0.975920557975769,0.7513406872749329,0.9448362588882446,0.8965802788734436,0.5746024250984192,0.5899166464805603,0.754336416721344,0.8926579356193542,0.6870043277740479,0.9300154447555542,0.799721097946167,1
HP0489,HP0493,0,0.0006592818535864353,0.0016421496402472258,0.0010434153955429792,0.00038550604949705303,0.0027440942358225584,0.005258078221231699,0.0006122846971265972,0.0013151878956705332,0.002018752507865429,0.00018330433522351086,0.001586205483181402,0
HP0493,HP0494,1,0.9898741245269775,0.9811481237411499,0.9911016225814819,0.9913185834884644,0.9757531881332397,0.9778555035591125,0.9893115758895874,0.971851646900177,0.9669989943504333,0.9862097501754761,0.9821423113346099,1
HP0494,HP0497,0,0.06148146465420723,0.0777105987071991,0.042326174676418304,0.03616132587194443,0.1556895226240158,0.09774340689182281,0.07749740779399872,0.05623731017112732,0.06427959352731705,0.017190173268318176,0.0686316978186369,0
HP0497,HP0498,1,0.9915056824684143,0.9827747941017151,0.9919142127037048,0.9915844202041626,0.974163830280304,0.9838157296180725,0.9969583749771118,0.9791934490203857,0.9797706604003906,0.9888661503791809,0.9860547304153442,1
HP0498,HP0499,1,0.9875261187553406,0.9680801033973694,0.981959879398346,0.9834402799606323,0.9254476428031921,0.9789093732833862,0.9964812994003296,0.9578937292098999,0.9566760063171387,0.9654213786125183,0.9701835811138153,1
HP0506,HP0507,1,0.9921489357948303,0.9839137196540833,0.982792854309082,0.9821423292160034,0.9748392105102539,0.9945056438446045,0.9872283935546875,0.9878092408180237,0.9828919768333435,0.9886270761489868,0.9856899380683899,1
HP0507,HP0508,1,0.993158757686615,0.9932883381843567,0.9917998909950256,0.993520975112915,0.9839639067649841,0.989922285079956,0.9984992742538452,0.9894960522651672,0.9899773597717285,0.9913142919540405,0.9914941132068634,1
HP0508,HP0509,1,0.9919759631156921,0.9878122806549072,0.9927418828010559,0.9954660534858704,0.9832562208175659,0.9866120219230652,0.9975258708000183,0.9875157475471497,0.9869697093963623,0.9932871460914612,0.9903162896633149,1
HP0509,HP0510,1,0.979279637336731,0.9696701169013977,0.9873533844947815,0.9917474389076233,0.9506492614746094,0.961615800857544,0.9908531308174133,0.9701151847839355,0.9680826663970947,0.9709699153900146,0.9740336537361145,1
HP0513,HP0514,0,0.8600541949272156,0.7488827705383301,0.7319355607032776,0.6213311553001404,0.6539016366004944,0.7304262518882751,0.7631899118423462,0.665237545967102,0.5135852098464966,0.6303342580795288,0.6918878495693207,1
HP0514,HP0515,1,0.9890608787536621,0.9492789506912231,0.9067839980125427,0.9610142707824707,0.9057332277297974,0.9876061677932739,0.9848850965499878,0.9665259122848511,0.9578185081481934,0.9582998752593994,0.9567006886005401,1
HP0515,HP0516,1,0.9878209829330444,0.9852806925773621,0.982069730758667,0.9844663143157959,0.9689479470252991,0.9954404234886169,0.9825923442840576,0.9880319833755493,0.9845374226570129,0.9890837669372559,0.9848271608352661,1
HP0516,HP0517,1,0.991969108581543,0.9838413000106812,0.982637882232666,0.9830170273780823,0.974531352519989,0.9948722720146179,0.987098217010498,0.9880880117416382,0.9834126234054565,0.9888906478881836,0.9858358442783356,1
HP0517,HP0518,1,0.9911700487136841,0.9841060042381287,0.9823756217956543,0.9840933084487915,0.9732947945594788,0.9953014254570007,0.9862295389175415,0.9883766174316406,0.9840905070304871,0.9891435503959656,0.9858181416988373,1
HP0523,HP0531,0,6.628441042266786e-05,0.0004564175324048847,8.174382674042135e-05,0.0001691878424026072,0.001969357021152973,0.003412731923162937,0.0004535591579042375,0.00025018080486916006,0.0009757612715475261,7.651900523342192e-05,0.0007911742795840837,0
HP0531,HP0532,1,0.9508314728736877,0.9532747268676758,0.9646314382553101,0.981318473815918,0.9391272068023682,0.9557197093963623,0.9547678232192993,0.9722536206245422,0.9590367078781128,0.9546913504600525,0.9585652530193329,1
HP0532,HP0537,0,0.0014435737393796444,0.008784920908510685,0.005228799302130938,0.0010172795737162232,0.002385797444730997,0.007920874282717705,0.001558176358230412,0.002613381016999483,0.0026801356580108404,0.0002563214802648872,0.0033889259764691817,0
HP0537,HP0538,1,0.9886178970336914,0.9850532412528992,0.9847172498703003,0.989498496055603,0.9627091884613037,0.9780577421188354,0.9962047338485718,0.98317551612854,0.9828003644943237,0.9795085787773132,0.9830343008041382,1
HP0551,HP0552,1,0.9836276769638062,0.9771845936775208,0.9871865510940552,0.9866999983787537,0.9748844504356384,0.9823602437973022,0.9930680394172668,0.9706916213035583,0.9834932088851929,0.9896237850189209,0.9828820168972016,1
HP0552,HP0553,1,0.9860253930091858,0.9494853615760803,0.9524716138839722,0.9885615706443787,0.8913659453392029,0.9740243554115295,0.9713749885559082,0.955333411693573,0.9535820484161377,0.9311884641647339,0.9553413152694702,1
HP0553,HP0554,1,0.9774136543273926,0.9636383652687073,0.9851841330528259,0.968968391418457,0.9519368410110474,0.9655895829200745,0.9901193976402283,0.9249873161315918,0.9649505019187927,0.9309647679328918,0.9623752951622009,1
HP0554,HP0555,1,0.9916791319847107,0.9839475154876709,0.9825437068939209,0.9836273193359375,0.9741559624671936,0.9951277375221252,0.9868544936180115,0.9882985353469849,0.983763575553894,0.9890700578689575,0.9859068036079407,1
HP0602,HP0603,1,0.9267441034317017,0.937137246131897,0.9494107365608215,0.9486533403396606,0.9314215183258057,0.9465770721435547,0.9674085378646851,0.9038907885551453,0.8540695905685425,0.9775577187538147,0.9342870652675629,1
HP0603,HP0604,0,0.7773748636245728,0.798041582107544,0.7465280890464783,0.8343519568443298,0.7963728308677673,0.8356347680091858,0.7349376678466797,0.857392430305481,0.8028575778007507,0.8793805837631226,0.8062872350215912,1
HP0604,HP0605,1,0.9907680153846741,0.9898554682731628,0.9849441647529602,0.9890282154083252,0.962002158164978,0.989386796951294,0.9896188378334045,0.985535204410553,0.9893578290939331,0.9865880012512207,0.9857084691524506,1
HP0605,HP0606,1,0.9889439940452576,0.964454710483551,0.9858548641204834,0.9913723468780518,0.9546666741371155,0.9754775762557983,0.9900079369544983,0.970035970211029,0.9692927598953247,0.9822731614112854,0.9772379994392395,1
HP0606,HP0607,1,0.9841687083244324,0.9865282773971558,0.9878506660461426,0.9877790808677673,0.9706417322158813,0.9626814723014832,0.9965454339981079,0.9817957878112793,0.9712525606155396,0.9820284843444824,0.9811272203922272,1
HP0607,HP0608,1,0.8228942155838013,0.9098115563392639,0.9459123611450195,0.9465546607971191,0.8324725031852722,0.8808808326721191,0.8778681755065918,0.8147670030593872,0.8686403036117554,0.9478897452354431,0.8847691357135773,1
HP0631,HP0632,1,0.9890385866165161,0.9451953768730164,0.9688180088996887,0.9797163605690002,0.9461628794670105,0.9838033318519592,0.9962635636329651,0.9642799496650696,0.9788777232170105,0.9612602591514587,0.9713416039943695,1
HP0632,HP0633,1,0.9901838302612305,0.9781612753868103,0.9917048811912537,0.9947850108146667,0.975509762763977,0.9837623834609985,0.9963900446891785,0.9750871062278748,0.9736963510513306,0.9916960000991821,0.9850976645946503,1
HP0633,HP0634,1,0.9917367100715637,0.9837830066680908,0.9824315905570984,0.9834270477294922,0.9739048480987549,0.9950029253959656,0.9866971373558044,0.9881241917610168,0.9837232232093811,0.9889354109764099,0.9857766091823578,1
HP0634,HP0635,1,0.985447883605957,0.9502348899841309,0.9615828990936279,0.9812353849411011,0.8666759729385376,0.9589388966560364,0.9862130284309387,0.9468517899513245,0.9558157920837402,0.9202224016189575,0.9513218939304352,1
HP0640,HP0641,1,0.8003790378570557,0.8270878195762634,0.8047988414764404,0.8731378316879272,0.8063677549362183,0.8109055161476135,0.9032494425773621,0.7086934447288513,0.6914708614349365,0.8674739599227905,0.8093564510345459,1
HP0641,HP0642,1,0.9914624094963074,0.9891090989112854,0.9862264394760132,0.9926110506057739,0.9747414588928223,0.9844522476196289,0.9955256581306458,0.9828721880912781,0.9901353120803833,0.9913485646247864,0.9878484427928924,1
HP0642,HP0643,0,0.5313592553138733,0.494282603263855,0.5994938611984253,0.28621214628219604,0.3782618045806885,0.44752728939056396,0.4035740792751312,0.4303753972053528,0.22450166940689087,0.2907716631889343,0.4086359769105911,0
HP0643,HP0644,1,0.9914100766181946,0.9854998588562012,0.9832643270492554,0.979099452495575,0.9746541976928711,0.9930927753448486,0.9867766499519348,0.9863812923431396,0.9795501232147217,0.987389087677002,0.9847117841243744,1
HP0644,HP0645,1,0.9909620881080627,0.9678004384040833,0.9912866950035095,0.9872243404388428,0.9623316526412964,0.9841504096984863,0.9940702319145203,0.9705456495285034,0.970718264579773,0.9805683493614197,0.9799658119678497,1
HP0645,HP0646,1,0.9921663999557495,0.9839766025543213,0.98282390832901,0.9819296002388,0.9749032258987427,0.9944326281547546,0.987272322177887,0.9877210259437561,0.9827127456665039,0.9885579943656921,0.9856496453285217,1
HP0646,HP0647,1,0.9904244542121887,0.9894509315490723,0.9931537508964539,0.9945075511932373,0.9812206625938416,0.985446035861969,0.9983019232749939,0.9856162667274475,0.9843375086784363,0.9896607398986816,0.9892119824886322,1
HP0647,HP0648,1,0.9916832447052002,0.9883358478546143,0.9918995499610901,0.9922241568565369,0.9804450273513794,0.988784909248352,0.9976240396499634,0.9855907559394836,0.986216127872467,0.9894259572029114,0.9892229616641999,1
HP0648,HP0649,1,0.941135585308075,0.9546021223068237,0.9223076105117798,0.971769392490387,0.9233832955360413,0.925812840461731,0.9100436568260193,0.907551109790802,0.935155987739563,0.9642084240913391,0.9355970025062561,1
HP0649,HP0650,1,0.9918081760406494,0.9925495386123657,0.980444073677063,0.9924179315567017,0.9783115983009338,0.9918618202209473,0.9899910688400269,0.9807665348052979,0.982718825340271,0.990729033946991,0.9871598601341247,1
HP0655,HP0656,1,0.9921406507492065,0.9841080904006958,0.9829289317131042,0.9813336133956909,0.9749194979667664,0.9941875338554382,0.9872498512268066,0.9874799847602844,0.9823063015937805,0.988350510597229,0.9855004966259002,1
HP0656,HP0657,1,0.9912898540496826,0.9920194149017334,0.9903887510299683,0.9912305474281311,0.9742016792297363,0.9854856133460999,0.9982046484947205,0.9842506051063538,0.9834073185920715,0.9912860989570618,0.988176453113556,1
HP0657,HP0658,1,0.9911558628082275,0.9840867519378662,0.9824114441871643,0.9841145277023315,0.9732918739318848,0.9953061938285828,0.9862212538719177,0.9883808493614197,0.9841322898864746,0.9891415238380432,0.9858242571353912,1
HP0658,HP0659,1,0.9916254281997681,0.9839255809783936,0.9825036525726318,0.9836735129356384,0.9740023016929626,0.995133638381958,0.9867432713508606,0.9882929921150208,0.9838257431983948,0.9890633225440979,0.9858789443969727,1
HP0659,HP0660,1,0.9653995037078857,0.8694445490837097,0.9342457056045532,0.8848998546600342,0.8730614185333252,0.9124090671539307,0.9539580345153809,0.9137610793113708,0.8737634420394897,0.7767986059188843,0.8957741260528564,1
HP0660,HP0661,1,0.9921345114707947,0.9840658903121948,0.9828754663467407,0.9813007712364197,0.9747959971427917,0.9941393136978149,0.9871382117271423,0.9874405264854431,0.9823541641235352,0.9883085489273071,0.9854553401470184,1
HP0661,HP0662,1,0.9926168322563171,0.9856060147285461,0.9910388588905334,0.9928464293479919,0.980238139629364,0.9885973930358887,0.9971054196357727,0.9805095195770264,0.9865721464157104,0.9920840263366699,0.9887214779853821,1
HP0662,HP0663,1,0.9901534914970398,0.9845756888389587,0.9823089838027954,0.9845224022865295,0.9720486998558044,0.9955005049705505,0.9852520227432251,0.9884105324745178,0.9843812584877014,0.9892192482948303,0.9856372833251953,1
HP0663,HP0664,1,0.7958840131759644,0.8801432251930237,0.8614047169685364,0.8796621561050415,0.8374987840652466,0.823375403881073,0.8551223278045654,0.8112497925758362,0.808496356010437,0.8475638031959534,0.8400400578975677,1
HP0664,HP0665,1,0.987191379070282,0.9854519963264465,0.9820258021354675,0.9843868613243103,0.9682105779647827,0.995391309261322,0.9819161295890808,0.9879257678985596,0.9845269918441772,0.989050030708313,0.9846076846122742,1
HP0665,HP0666,1,0.9914718866348267,0.9839934706687927,0.9824680089950562,0.9838563203811646,0.9737894535064697,0.9952114820480347,0.9865960478782654,0.9883397817611694,0.9839317798614502,0.9891073107719421,0.9858765542507172,1
HP0690,HP0691,1,0.9910866022109985,0.9657859802246094,0.9889369606971741,0.9940491318702698,0.9642881155014038,0.9880317449569702,0.9927478432655334,0.9760847091674805,0.974422037601471,0.982787013053894,0.9818220138549805,1
HP0691,HP0692,1,0.9915793538093567,0.9839553236961365,0.9824751615524292,0.9837347269058228,0.9739189147949219,0.9951585531234741,0.9866836667060852,0.9882997274398804,0.9838475584983826,0.9890738129615784,0.9858726799488068,1
HP0692,HP0693,1,0.9917362332344055,0.9959427714347839,0.9947831034660339,0.9960808753967285,0.9905973672866821,0.9892368316650391,0.9985247254371643,0.9922971129417419,0.9883888959884644,0.9911647439002991,0.9928752660751343,1
HP0695,HP0696,1,0.9907960891723633,0.9880812168121338,0.9871575236320496,0.9948766827583313,0.9732992053031921,0.987007737159729,0.9893137216567993,0.9830852746963501,0.9899480938911438,0.9928426146507263,0.9876408159732819,1
HP0696,HP0697,1,0.9869639277458191,0.9738389253616333,0.9954710602760315,0.9953385591506958,0.9527781009674072,0.9835208654403687,0.9972189664840698,0.9857090711593628,0.9612953662872314,0.9857914447784424,0.9817926287651062,1
HP0706,HP0707,1,0.8689570426940918,0.8954289555549622,0.9545551538467407,0.9635404944419861,0.8978701233863831,0.9349015355110168,0.9822853207588196,0.9371216297149658,0.9282895922660828,0.942458987236023,0.9305408835411072,1
HP0707,HP0708,1,0.9737616181373596,0.9761725068092346,0.9795800447463989,0.9883043169975281,0.9630865454673767,0.9825383424758911,0.9930165410041809,0.9727703928947449,0.9708905816078186,0.977713406085968,0.9777834296226502,1
HP0737,HP0738,1,0.6657503843307495,0.5832529067993164,0.5265324711799622,0.4354343116283417,0.4031834006309509,0.6035635471343994,0.45559024810791016,0.48269838094711304,0.34788498282432556,0.502925455570221,0.500681608915329,1
HP0738,HP0739,1,0.9918901920318604,0.9835440516471863,0.9823555946350098,0.9829310178756714,0.9737328290939331,0.9947001338005066,0.9864539504051208,0.9878770709037781,0.9836463332176208,0.9886965155601501,0.9855827689170837,1
HP0739,HP0740,1,0.9888744950294495,0.9849997758865356,0.9821796417236328,0.9845778346061707,0.9703249931335449,0.995506763458252,0.9837847948074341,0.9882350564002991,0.9845292568206787,0.9891564846038818,0.9852169096469879,1
HP0740,HP0741,1,0.9915925860404968,0.9875472784042358,0.9902588129043579,0.9920918941497803,0.9791688323020935,0.9870283007621765,0.9980773329734802,0.9879159331321716,0.9787391424179077,0.9915603995323181,0.9883980512619018,1
HP0741,HP0742,1,0.7842959761619568,0.8985326886177063,0.887672483921051,0.9473958015441895,0.8619468808174133,0.8453038334846497,0.7997791767120361,0.7896411418914795,0.8107207417488098,0.8688697814941406,0.8494158506393432,1
HP0750,HP0751,0,0.6999865174293518,0.7133334279060364,0.7174239158630371,0.433991938829422,0.5925345420837402,0.6849921345710754,0.624403715133667,0.5239407420158386,0.49834954738616943,0.7611862421035767,0.6250142723321914,1
HP0751,HP0752,1,0.9941304326057434,0.9963464140892029,0.9863672852516174,0.9962523579597473,0.9919825792312622,0.9943810105323792,0.9976363182067871,0.9892098307609558,0.9907121658325195,0.987991452217102,0.9925009846687317,1
HP0752,HP0753,1,0.9167859554290771,0.9589954614639282,0.9567279815673828,0.9696176648139954,0.9409028887748718,0.9589651823043823,0.9519926309585571,0.9033980369567871,0.8698699474334717,0.9725740551948547,0.9399829804897308,1
HP0753,HP0754,1,0.9920578598976135,0.9838890433311462,0.9827325344085693,0.9827708601951599,0.9747806787490845,0.9947884678840637,0.9872493743896484,0.9880469441413879,0.9832307696342468,0.9888483285903931,0.9858394861221313,1
HP0754,HP0755,0,0.5861586928367615,0.5682539939880371,0.4522051513195038,0.39876100420951843,0.5923165082931519,0.6400820016860962,0.33691322803497314,0.5592474341392517,0.6177456378936768,0.65622478723526,0.5407908439636231,1
HP0755,HP0756,1,0.9897283315658569,0.9910091161727905,0.9853646159172058,0.9901055693626404,0.9746832251548767,0.9897971153259277,0.9934172034263611,0.974797248840332,0.9851618409156799,0.9930089712142944,0.9867073237895966,1
HP0756,HP0757,1,0.992550253868103,0.9930634498596191,0.9919477105140686,0.991713285446167,0.9812544584274292,0.9913437366485596,0.9975484609603882,0.9907556176185608,0.9906731843948364,0.9908158183097839,0.9911665976047516,1
HP0757,HP0758,1,0.7818425893783569,0.896517276763916,0.8649543523788452,0.9352631568908691,0.8394321203231812,0.8810946941375732,0.7886320948600769,0.8926721811294556,0.8536455035209656,0.9412479400634766,0.8675301909446717,1
HP0758,HP0759,1,0.7671489119529724,0.7932332158088684,0.9131695628166199,0.9252527356147766,0.8477643728256226,0.7941814064979553,0.8679612278938293,0.7268637418746948,0.7806881070137024,0.7672333121299744,0.8183496594429016,1
HP0759,HP0762,0,0.000575776444748044,0.001598212867975235,0.001553241047076881,0.00016928432160057127,0.0021487362682819366,0.0050550359301269054,0.0010977236088365316,0.0012798497918993235,0.004095019772648811,0.00044929469004273415,0.0018022174743236973,0
HP0762,HP0763,1,0.992218554019928,0.9860318303108215,0.9944292902946472,0.9961506128311157,0.9701676964759827,0.9888497591018677,0.9983317852020264,0.990003228187561,0.9876430034637451,0.9862044453620911,0.9890030205249787,1
HP0763,HP0769,0,0.0006195769528858364,0.0025994512252509594,0.0006169730331748724,7.123297837097198e-05,0.001245631487108767,0.004729405976831913,0.0006266249110922217,0.001454841927625239,0.005039106123149395,0.000213204650208354,0.001721604926569853,0
HP0769,HP0770,1,0.9894461035728455,0.9848282933235168,0.9822404384613037,0.9845898151397705,0.9711037874221802,0.9955235123634338,0.9844590425491333,0.9883296489715576,0.9844818115234375,0.9891946911811829,0.9854197144508362,1
HP0770,HP0779,0,0.011833945289254189,0.008808139711618423,0.0065009454265236855,0.06224582716822624,0.048500847071409225,0.1261807233095169,0.015811873599886894,0.041731491684913635,0.05753638595342636,0.02491094544529915,0.04040611246600747,0
HP0779,HP0780,1,0.9365464448928833,0.9576418399810791,0.9911824464797974,0.9764966368675232,0.9547246098518372,0.9722018241882324,0.9872211813926697,0.9541666507720947,0.9088907837867737,0.9802655577659607,0.9619337975978851,1
HP0780,HP0781,1,0.8027232885360718,0.8990843892097473,0.8316867351531982,0.8988884091377258,0.8444012999534607,0.9403212666511536,0.9088038206100464,0.8308247327804565,0.8774570822715759,0.871911346912384,0.870610237121582,1
HP0781,HP0782,1,0.8518884778022766,0.7017723321914673,0.5859013199806213,0.6981738209724426,0.6601089239120483,0.8159089088439941,0.47134682536125183,0.6215161681175232,0.8322305679321289,0.6457442045211792,0.6884591549634933,1
HP0786,HP0787,1,0.9921566247940063,0.9840009808540344,0.9828858971595764,0.9818493723869324,0.974932074546814,0.9943996071815491,0.9872854948043823,0.9876893758773804,0.9826576709747314,0.9885358810424805,0.9856392979621887,1
HP0813,HP0814,1,0.9907859563827515,0.9842401146888733,0.9823552370071411,0.984306812286377,0.9727694392204285,0.9953898787498474,0.985833466053009,0.9883978366851807,0.984266996383667,0.989171028137207,0.9857516765594483,1
HP0814,HP0815,1,0.9802632331848145,0.9771748185157776,0.9844892024993896,0.9877474904060364,0.9541752934455872,0.9600692987442017,0.9875410795211792,0.961625874042511,0.9504244327545166,0.9857285618782043,0.9729239284992218,1
HP0815,HP0816,1,0.9904898405075073,0.9793902039527893,0.9801645874977112,0.9832848310470581,0.9620503783226013,0.9848306775093079,0.9959667921066284,0.969221293926239,0.981196403503418,0.9888128638267517,0.9815407872200013,1
HP0816,HP0817,1,0.9921128749847412,0.9838991761207581,0.9827761054039001,0.9824779629707336,0.9748519062995911,0.9946637153625488,0.987275242805481,0.9879398345947266,0.9830634593963623,0.9887526035308838,0.9857812881469726,1
HP0817,HP0818,0,0.922918438911438,0.9275282621383667,0.9454530477523804,0.9329617619514465,0.9213007092475891,0.9246092438697815,0.9521555304527283,0.9002020955085754,0.9294569492340088,0.8826485276222229,0.9239234566688538,1
HP0818,HP0819,1,0.9875199794769287,0.9501952528953552,0.9878789186477661,0.9853139519691467,0.979275643825531,0.9872358441352844,0.991092324256897,0.9700275659561157,0.9749778509140015,0.9847444891929626,0.9798261821269989,1
HP0819,HP0820,0,0.8904149532318115,0.8154788613319397,0.7784125208854675,0.9533299207687378,0.8450421094894409,0.8852473497390747,0.8968468308448792,0.8562136292457581,0.8181024193763733,0.9155129790306091,0.8654601573944092,1
HP0820,HP0821,1,0.9842528104782104,0.9859468936920166,0.9816733002662659,0.9837040901184082,0.9645023345947266,0.994964063167572,0.9786496162414551,0.9873009324073792,0.9842599630355835,0.9888423085212708,0.9834096312522889,1
HP0821,HP0822,1,0.9764776229858398,0.9669661521911621,0.9589098691940308,0.9820476770401001,0.9390920400619507,0.9502575397491455,0.960137128829956,0.9537187218666077,0.9600622653961182,0.9772168397903442,0.9624885857105255,1
HP0822,HP0823,1,0.9917836785316467,0.9849680662155151,0.983279824256897,0.9798033833503723,0.974979043006897,0.993530809879303,0.9871447682380676,0.9868749976158142,0.9806448221206665,0.9878031015396118,0.9850812494754791,1
HP0823,HP0824,0,0.3884485065937042,0.4120950698852539,0.35066747665405273,0.26188352704048157,0.4506370723247528,0.4750485420227051,0.4006212651729584,0.48585543036460876,0.37499773502349854,0.5465404391288757,0.4146795064210892,0
HP0824,HP0825,1,0.9866083860397339,0.9840083718299866,0.9891932010650635,0.9947049617767334,0.9621059894561768,0.9664690494537354,0.9974836707115173,0.9855464696884155,0.9772917628288269,0.9884467720985413,0.983185863494873,1
HP0840,HP0841,1,0.9907062649726868,0.9842829704284668,0.9823696613311768,0.9843500852584839,0.9727118015289307,0.9954110383987427,0.9857706427574158,0.9884251952171326,0.9843073487281799,0.9891874194145203,0.9857522428035737,1
HP0841,HP0842,1,0.9921125173568726,0.9839003086090088,0.9827776551246643,0.9824785590171814,0.9748542308807373,0.9946645498275757,0.9872770309448242,0.9879401326179504,0.9830642938613892,0.9887536764144897,0.9857822954654694,1
HP0854,HP0855,1,0.9656082391738892,0.8951170444488525,0.9379853010177612,0.9405014514923096,0.8409205079078674,0.9436240196228027,0.9447627067565918,0.8941481709480286,0.8492496609687805,0.9175995588302612,0.9129516661167145,1
HP0855,HP0856,1,0.9660448431968689,0.9594353437423706,0.9584974646568298,0.984531819820404,0.9453280568122864,0.9465928077697754,0.9735862016677856,0.9602288603782654,0.958880603313446,0.9503422975540161,0.9603468298912048,1
HP0878,HP0879,1,0.9852955937385559,0.9857541918754578,0.9817600250244141,0.9839744567871094,0.9656028151512146,0.9950954914093018,0.9795941710472107,0.9875050187110901,0.9843851327896118,0.9888864159584045,0.9837853312492371,1
HP0879,HP0885,0,0.0006591209676116705,0.006720696110278368,0.0016604624688625336,0.00039382249815389514,0.0012283781543374062,0.0036169427912682295,0.0013433952117338777,0.0019468192476779222,0.0028383617755025625,0.00043273891787976027,0.0020840738143306226,0
HP0885,HP0886,1,0.9913609027862549,0.9840430021286011,0.9824153184890747,0.9839599132537842,0.973583996295929,0.9952475428581238,0.986442506313324,0.9883499145507812,0.9839894771575928,0.9891194701194763,0.9858512043952942,1
HP0907,HP0908,1,0.9888307452201843,0.9848001599311829,0.9820994734764099,0.9845069050788879,0.9698138236999512,0.9954137206077576,0.9833584427833557,0.9881315231323242,0.9846298098564148,0.989044725894928,0.9850629329681396,1
HP0908,HP0909,0,0.9188008308410645,0.9577162861824036,0.9597741961479187,0.9661886096000671,0.9490130543708801,0.9486944079399109,0.9746990203857422,0.9311845898628235,0.9071825742721558,0.9315158724784851,0.9444769442081451,1
HP0909,HP0910,1,0.9892633557319641,0.9846746325492859,0.9821689128875732,0.984523594379425,0.9705002903938293,0.9954439997673035,0.9839486479759216,0.988208532333374,0.9846200346946716,0.9890830516815186,0.9852435052394867,1
HP0910,HP0911,1,0.9930897355079651,0.9924694895744324,0.9954030513763428,0.9970585703849792,0.9867256283760071,0.9902791380882263,0.9980977773666382,0.9878101348876953,0.9870097041130066,0.9905519485473633,0.9918495178222656,1
HP0911,HP0912,0,0.4274456799030304,0.6684198975563049,0.5270070433616638,0.5902011394500732,0.6163122057914734,0.6163594722747803,0.7356563806533813,0.5577431321144104,0.3797090947628021,0.7945342659950256,0.5913388311862946,1
HP0912,HP0913,1,0.9894964694976807,0.9870932698249817,0.984947681427002,0.9834980964660645,0.9710836410522461,0.9817764163017273,0.9837213158607483,0.9767122864723206,0.9595364928245544,0.9869881868362427,0.9804853856563568,1
HP0921,HP0922,1,0.9930498003959656,0.995371401309967,0.9815590381622314,0.9939749240875244,0.9868800640106201,0.9904085993766785,0.9965642094612122,0.9865753054618835,0.9893621802330017,0.9893422722816467,0.9903087794780732,1
HP0922,HP0923,1,0.9549749493598938,0.8940920233726501,0.8854383826255798,0.8682156205177307,0.871025025844574,0.9493554830551147,0.8484750390052795,0.8126501441001892,0.8379154205322266,0.8750896453857422,0.879723173379898,1
HP0933,HP0934,1,0.9835989475250244,0.940666139125824,0.9797646999359131,0.9863848090171814,0.9135751128196716,0.9524835348129272,0.9691189527511597,0.9364146590232849,0.9500031471252441,0.9656535983085632,0.9577663600444793,1
HP0934,HP0935,1,0.9880436658859253,0.9793775677680969,0.9868915677070618,0.9897250533103943,0.9624490141868591,0.9714221358299255,0.9956588745117188,0.9846034049987793,0.9721436500549316,0.9846596121788025,0.9814974546432496,1
HP0951,HP0952,1,0.9804944396018982,0.974177896976471,0.9534207582473755,0.9867982864379883,0.9483235478401184,0.9575994610786438,0.9743366241455078,0.9611769318580627,0.9666428565979004,0.9789812564849854,0.9681952059268951,1
HP0952,HP0973,0,2.895464604080189e-05,0.0003760550753213465,7.208159513538703e-05,5.937392415944487e-05,0.00023256774875335395,0.0009231956792064011,0.00015153040294535458,0.00010032100544776767,0.00038297809078358114,1.9841823814203963e-05,0.00023468999916076427,0
HP0973,HP0974,1,0.9916096329689026,0.979202926158905,0.9888208508491516,0.9892722964286804,0.9653018712997437,0.9796584248542786,0.996640682220459,0.9764082431793213,0.9829698204994202,0.9871355891227722,0.9837020337581635,1
HP0974,HP0975,1,0.9744475483894348,0.95038902759552,0.9442038536071777,0.9136456847190857,0.9552994966506958,0.9772912859916687,0.9838479161262512,0.9373890161514282,0.9703768491744995,0.9557217955589294,0.9562612473964691,1
HP0975,HP0977,0,0.07088878005743027,0.2679230868816376,0.15197373926639557,0.3077745735645294,0.24755041301250458,0.3796476721763611,0.28642627596855164,0.3266763985157013,0.3874867558479309,0.1334666609764099,0.25598143562674525,0
HP0977,HP0978,1,0.9904156923294067,0.9836859107017517,0.9848340749740601,0.9917745590209961,0.9637283682823181,0.9801149368286133,0.9955309629440308,0.9782642722129822,0.9837811589241028,0.9858524799346924,0.9837982416152954,1
HP0993,HP0994,1,0.9858981966972351,0.9856787323951721,0.9818795919418335,0.984116792678833,0.9665430784225464,0.9952262043952942,0.980445146560669,0.9876359701156616,0.9844574928283691,0.9889427423477173,0.9840823948383332,1
HP1001,HP1002,1,0.9813971519470215,0.9926944971084595,0.9909512996673584,0.9966582655906677,0.9727069139480591,0.9835419654846191,0.9920240640640259,0.9888827800750732,0.9806188941001892,0.9857292771339417,0.9865205109119415,1
HP1014,HP1015,1,0.8677240014076233,0.8906437754631042,0.9375960230827332,0.9645983576774597,0.8959275484085083,0.9262567758560181,0.9593980312347412,0.7948282957077026,0.7757805585861206,0.9474536180496216,0.8960206985473633,1
HP1015,HP1016,1,0.9909204840660095,0.9840402007102966,0.9822947978973389,0.9841724634170532,0.9726806282997131,0.9952857494354248,0.9857341051101685,0.9883204698562622,0.9842885732650757,0.9890819787979126,0.9856819450855255,1
HP1016,HP1017,0,0.9646567702293396,0.9756132960319519,0.9843569993972778,0.9863943457603455,0.9611002802848816,0.9792428612709045,0.9780638813972473,0.9592090249061584,0.9834898114204407,0.9764076471328735,0.9748534917831421,1
HP1024,HP1025,1,0.99219810962677,0.991329550743103,0.9794196486473083,0.9857643246650696,0.9728259444236755,0.9910665154457092,0.9907591342926025,0.9826636910438538,0.9851229786872864,0.9899404048919678,0.9861090302467346,1
HP1025,HP1026,1,0.9858507513999939,0.9854945540428162,0.9818572402000427,0.9840680956840515,0.9661428928375244,0.9951557517051697,0.9800492525100708,0.9875745177268982,0.9846002459526062,0.9888412356376648,0.9839634537696839,1
HP1041,HP1042,1,0.9666783809661865,0.9675966501235962,0.9859045743942261,0.9691910147666931,0.9623773097991943,0.9784035086631775,0.9822991490364075,0.9475353956222534,0.9531124830245972,0.9790906310081482,0.969218909740448,1
HP1058,HP1059,1,0.9907851219177246,0.9842525720596313,0.9823192954063416,0.9843289852142334,0.9726877808570862,0.9953842163085938,0.9857674837112427,0.9883798360824585,0.9842562079429626,0.9891562461853027,0.9857317745685578,1
HP1059,HP1060,0,0.7499394416809082,0.7897117733955383,0.8360445499420166,0.7384738922119141,0.7631950974464417,0.870925784111023,0.9381027221679688,0.7223848104476929,0.7209834456443787,0.876327633857727,0.8006089150905609,1
HP1060,HP1061,1,0.9900289177894592,0.9845267534255981,0.9822710156440735,0.9845098853111267,0.9717049598693848,0.9954633712768555,0.984950840473175,0.9883654713630676,0.9844627976417542,0.9891676902770996,0.9855451703071594,1
HP1061,HP1062,1,0.9905363917350769,0.9843850135803223,0.9823362827301025,0.9844165444374084,0.9724975228309631,0.995446503162384,0.9856170415878296,0.9884161949157715,0.9843183755874634,0.9891998767852783,0.98571697473526,1
HP1062,HP1063,1,0.9921519756317139,0.9839532375335693,0.9828454852104187,0.9821735620498657,0.9749634265899658,0.9945478439331055,0.9873356223106384,0.9878417253494263,0.9828567504882812,0.9886659979820251,0.985733562707901,1
HP1063,HP1064,1,0.9921543598175049,0.9839627146720886,0.9828499555587769,0.9821789860725403,0.9749788045883179,0.9945526123046875,0.9873465895652771,0.9878466725349426,0.9828499555587769,0.9886702299118042,0.9857390880584717,1
HP1064,HP1065,1,0.9887679219245911,0.9883648753166199,0.9732363224029541,0.9872512817382812,0.9598999619483948,0.9825887084007263,0.9889131188392639,0.9765584468841553,0.9869682788848877,0.9841468334197998,0.9816695749759674,1
HP1065,HP1067,0,0.0020853588357567787,0.004495687782764435,0.003148595802485943,0.0015683636302128434,0.0075172665528953075,0.01714511215686798,0.004011340904980898,0.002236498985439539,0.0047139571979641914,0.0018917269771918654,0.004881390882655978,0
HP1067,HP1068,1,0.9871599674224854,0.9853938817977905,0.9819917678833008,0.9843811392784119,0.9680019021034241,0.9953665733337402,0.9817560315132141,0.9878652691841125,0.9845653772354126,0.9890031814575195,0.9845485091209412,1
HP1068,HP1069,1,0.9667715430259705,0.9597991704940796,0.9704388380050659,0.972825825214386,0.9364372491836548,0.9373449683189392,0.9700447916984558,0.9740633368492126,0.9503155946731567,0.9625060558319092,0.960054737329483,1
HP1069,HP1070,1,0.9844119548797607,0.969460666179657,0.994658350944519,0.9943520426750183,0.9352235794067383,0.9775127172470093,0.9978269934654236,0.9714053273200989,0.955564558506012,0.9858179092407227,0.976623409986496,1
HP1070,HP1071,1,0.9869561791419983,0.985493004322052,0.9819968938827515,0.9843388199806213,0.9678952693939209,0.9953622817993164,0.9816392660140991,0.9878711700439453,0.9845180511474609,0.9890286922454834,0.984509962797165,1
HP1071,HP1072,1,0.986172616481781,0.9855570197105408,0.9818668365478516,0.9841404557228088,0.9666643142700195,0.9952108860015869,0.9805205464363098,0.9876672625541687,0.9845076203346252,0.9889218211174011,0.9841229379177093,1
HP1072,HP1073,1,0.9881513118743896,0.9884349703788757,0.9830782413482666,0.9791889786720276,0.9731248617172241,0.9917173981666565,0.9848673343658447,0.9840620160102844,0.9677623510360718,0.9861918687820435,0.9826579332351685,1
HP1073,HP1074,1,0.9617846012115479,0.9835776090621948,0.9797117114067078,0.9899004101753235,0.9738358855247498,0.9821161031723022,0.9907932877540588,0.9756085276603699,0.9679868817329407,0.9368252158164978,0.9742140233516693,1
HP1085,HP1086,1,0.9905316233634949,0.9843491315841675,0.9823098182678223,0.9843955636024475,0.9724031686782837,0.995424211025238,0.9855356812477112,0.988392174243927,0.9843349456787109,0.9891769289970398,0.9856853246688843,1
HP1086,HP1087,1,0.9909592270851135,0.9842475056648254,0.9824013710021973,0.9842581152915955,0.9731435775756836,0.9953907132148743,0.9861230254173279,0.9884309768676758,0.984165608882904,0.9892009496688843,0.9858321070671081,1
HP1087,HP1088,1,0.8658374547958374,0.8054254055023193,0.5722561478614807,0.5948644876480103,0.7009083032608032,0.8088252544403076,0.5196358561515808,0.779697597026825,0.8354976177215576,0.7741333246231079,0.725708144903183,1
HP1088,HP1089,1,0.9908425211906433,0.9840866327285767,0.9822890758514404,0.9842345118522644,0.9725626707077026,0.995309591293335,0.9856463074684143,0.9883277416229248,0.9843148589134216,0.989089846611023,0.9856703758239747,1
HP1089,HP1090,1,0.9911676645278931,0.984118640422821,0.9824067950248718,0.9841110110282898,0.9733515381813049,0.9953161478042603,0.9862744212150574,0.9883919358253479,0.9840970635414124,0.9891576766967773,0.9858392894268035,1
HP1090,HP1091,1,0.47744691371917725,0.4817262291908264,0.8875247836112976,0.12324967980384827,0.5050139427185059,0.6032533645629883,0.6566698551177979,0.3248187303543091,0.4110277593135834,0.5515357851982117,0.5022267043590546,1
HP1101,HP1102,1,0.9908546805381775,0.9881981611251831,0.9899688959121704,0.9953886866569519,0.977654755115509,0.9852184653282166,0.9973201751708984,0.9868596792221069,0.986568033695221,0.9899879693984985,0.9888019502162934,1
HP1102,HP1103,1,0.990238606929779,0.9844496846199036,0.9822586178779602,0.9844616055488586,0.971961259841919,0.9954478144645691,0.9851822853088379,0.9883549809455872,0.984401524066925,0.9891659617424011,0.9855922341346741,1
HP1108,HP1109,1,0.9719562530517578,0.9738785028457642,0.973193883895874,0.9819813370704651,0.9549908638000488,0.9704124927520752,0.9874660968780518,0.9628087282180786,0.9741630554199219,0.985669732093811,0.9736520946025848,1
HP1109,HP1110,1,0.9928131699562073,0.988446056842804,0.9962024688720703,0.9936560392379761,0.9863069653511047,0.9797438979148865,0.9963909983634949,0.9928498268127441,0.986564040184021,0.9920422434806824,0.9905015707015992,1
HP1110,HP1111,1,0.9931273460388184,0.9939777851104736,0.9954609870910645,0.99647057056427,0.9892914295196533,0.9908692240715027,0.9991371631622314,0.9917882084846497,0.9858129024505615,0.9940136671066284,0.9929949283599854,1
HP1111,HP1112,1,0.8953078389167786,0.925708532333374,0.9629601240158081,0.897036612033844,0.9251042604446411,0.9310117363929749,0.9742675423622131,0.8776826858520508,0.9218651056289673,0.933108389377594,0.9244052827358246,1
HP1112,HP1113,1,0.8965239524841309,0.9374613165855408,0.9528355002403259,0.9621447324752808,0.8882587552070618,0.9086203575134277,0.9066855311393738,0.8353629112243652,0.823785662651062,0.9692192077636719,0.908089792728424,1
HP1154,HP1155,1,0.9926607608795166,0.9876033067703247,0.9845438003540039,0.9913841485977173,0.9776660799980164,0.9885923266410828,0.9920461773872375,0.9836861491203308,0.9908629655838013,0.9887388348579407,0.9877784550189972,1
HP1155,HP1156,0,0.6772053837776184,0.8314667344093323,0.6847317814826965,0.8273476958274841,0.7479507327079773,0.8619303703308105,0.7387590408325195,0.6166847348213196,0.9480857849121094,0.8396838307380676,0.7773846089839935,1
HP1156,HP1157,1,0.9823705554008484,0.9201686382293701,0.9799589514732361,0.9625335931777954,0.9543582797050476,0.9421159625053406,0.995333194732666,0.9767651557922363,0.9708284139633179,0.9825038909912109,0.966693663597107,1
HP1157,HP1158,1,0.9929096102714539,0.9934306740760803,0.9915357232093811,0.9945595860481262,0.9841234683990479,0.9924341440200806,0.99256432056427,0.9866176843643188,0.9868127703666687,0.991746723651886,0.9906734704971314,1
HP1158,HP1159,1,0.9709993004798889,0.9571022987365723,0.9682695865631104,0.9723753333091736,0.9369930624961853,0.9575508236885071,0.9853346347808838,0.9633121490478516,0.9519435167312622,0.9583641290664673,0.9622244834899902,1
HP1159,HP1163,0,0.0002005456917686388,0.0011047807056456804,0.0008271439000964165,8.218488801503554e-05,0.0006567970849573612,0.0021450782660394907,0.0001996868959395215,0.0004121697274968028,0.0004606685251928866,4.968832217855379e-05,0.0006138744007330388,0
HP1163,HP1164,1,0.9478203654289246,0.9627196788787842,0.9837048053741455,0.985039234161377,0.9459955096244812,0.9344403147697449,0.9878445267677307,0.9734022617340088,0.9457242488861084,0.9832160472869873,0.9649906992912293,1
HP1169,HP1170,1,0.992729127407074,0.9936118125915527,0.9894963502883911,0.9927536249160767,0.9774225354194641,0.9900694489479065,0.9968218803405762,0.9902915358543396,0.9864694476127625,0.9907531142234802,0.9900418877601623,1
HP1170,HP1171,1,0.9742915034294128,0.9596728682518005,0.9603045582771301,0.9838024973869324,0.9324513077735901,0.9485999345779419,0.9589832425117493,0.9644439816474915,0.9537208676338196,0.967083752155304,0.9603354513645173,1
HP1181,HP1182,1,0.9784839153289795,0.9768346548080444,0.9600687026977539,0.9929189682006836,0.9454707503318787,0.9621829986572266,0.985011875629425,0.970494270324707,0.9716962575912476,0.9746798276901245,0.9717842221260071,1
HP1223,HP1224,1,0.9932626485824585,0.9904206395149231,0.9915606379508972,0.9929186105728149,0.9809178113937378,0.9900162220001221,0.9962016344070435,0.9827705025672913,0.988800585269928,0.9890751242637634,0.9895944416522979,1
HP1224,HP1225,1,0.8560686111450195,0.8988799452781677,0.8826548457145691,0.8993430733680725,0.877948522567749,0.9294297099113464,0.8269184827804565,0.790008544921875,0.8228551745414734,0.9607145190238953,0.8744821429252625,1
HP1228,HP1229,1,0.9895129203796387,0.9834244847297668,0.9912898540496826,0.9911114573478699,0.9655792713165283,0.9748464226722717,0.9962130784988403,0.9794968962669373,0.9779302477836609,0.9833544492721558,0.9832759082317353,1
HP1229,HP1230,1,0.9921585917472839,0.9840513467788696,0.9829152226448059,0.9815880656242371,0.9749626517295837,0.9942969679832458,0.9872930645942688,0.9876030087471008,0.9824874401092529,0.9884546399116516,0.98558109998703,1
HP1230,HP1231,1,0.9908744096755981,0.9842563271522522,0.9823824167251587,0.9842907190322876,0.9729853272438049,0.995398759841919,0.986005425453186,0.9884170293807983,0.9842090606689453,0.9891928434371948,0.9858012318611145,1
HP1231,HP1232,1,0.9895716309547424,0.9847679734230042,0.9822417497634888,0.984577476978302,0.971233069896698,0.9955152273178101,0.9845724105834961,0.9883366823196411,0.9844751358032227,0.9891910552978516,0.9854482412338257,1
HP1232,HP1234,0,0.004304676316678524,0.01168743334710598,0.01229957677423954,0.0014127070317044854,0.0059541272930800915,0.015347941778600216,0.005218860227614641,0.006972694769501686,0.009033610112965107,0.0009874212555587292,0.0073219048907049,0
HP1234,HP1235,1,0.9926014542579651,0.9834808707237244,0.9797877073287964,0.9884344935417175,0.971217691898346,0.984732985496521,0.9921590685844421,0.9794294238090515,0.9872007966041565,0.9903533458709717,0.9849397838115692,1
HP1235,HP1236,0,0.6157090663909912,0.6944267153739929,0.50144362449646,0.5682947635650635,0.6833170056343079,0.6766418814659119,0.6229814887046814,0.5026025176048279,0.43747472763061523,0.6701216101646423,0.5973013401031494,1
HP1236,HP1237,1,0.9888285398483276,0.984725832939148,0.9820145964622498,0.9844494462013245,0.9695599675178528,0.9953457713127136,0.9830907583236694,0.988088846206665,0.984626293182373,0.9889954328536987,0.9849725484848022,1
HP1237,HP1238,1,0.5688703656196594,0.5033065676689148,0.6966891288757324,0.1568489670753479,0.3531220257282257,0.5914064645767212,0.5640143752098083,0.3341483771800995,0.2701767385005951,0.5078445672988892,0.45464275777339935,0
HP1260,HP1261,1,0.9909390211105347,0.984078049659729,0.9822957515716553,0.9841838479042053,0.9727088809013367,0.9952746033668518,0.985692024230957,0.9883509278297424,0.9842775464057922,0.9890884757041931,0.9856889128684998,1
HP1261,HP1262,1,0.98973149061203,0.9843982458114624,0.9821298718452454,0.9845139980316162,0.9707719683647156,0.9953860640525818,0.9841846227645874,0.9881808757781982,0.9846166372299194,0.9890143871307373,0.9852928161621094,1
HP1262,HP1263,1,0.9888225197792053,0.9841431975364685,0.9903587698936462,0.9932318925857544,0.9741860032081604,0.9728849530220032,0.9973623752593994,0.9898361563682556,0.977737307548523,0.9856926202774048,0.9854255795478821,1
HP1263,HP1264,1,0.9909566640853882,0.9861041903495789,0.983367383480072,0.9787576794624329,0.9744719862937927,0.9928304553031921,0.9865757822990417,0.9860570430755615,0.978065550327301,0.987140417098999,0.984432715177536,1
HP1264,HP1265,1,0.9916056990623474,0.9674813151359558,0.9788879156112671,0.9851666688919067,0.969046950340271,0.9796102643013,0.9760032296180725,0.9740715622901917,0.987697958946228,0.9838144779205322,0.9793386042118073,1
HP1265,HP1266,1,0.9875850677490234,0.9851574897766113,0.9819526672363281,0.9843531250953674,0.9681982398033142,0.9953241944313049,0.9819190502166748,0.9878982305526733,0.9845977425575256,0.9889712333679199,0.9845957040786744,1
HP1266,HP1267,1,0.9921310544013977,0.9842249751091003,0.9828952550888062,0.9810702204704285,0.9748448133468628,0.994036078453064,0.9871179461479187,0.9873352646827698,0.9821315407752991,0.988210916519165,0.9853998064994812,1
HP1267,HP1268,1,0.988742470741272,0.9865084886550903,0.9825957417488098,0.9878183007240295,0.9626149535179138,0.9754673838615417,0.9957485795021057,0.9795117378234863,0.9792141318321228,0.9866659045219421,0.9824887692928315,1
HP1268,HP1269,1,0.9916811585426331,0.983635663986206,0.982254147529602,0.9833984375,0.9733842611312866,0.9949004650115967,0.9862390160560608,0.988047182559967,0.983852207660675,0.9888249039649963,0.9856217443943024,1
HP1269,HP1270,1,0.9920798540115356,0.9836118817329407,0.9825003743171692,0.9821932315826416,0.9741225242614746,0.9943801760673523,0.9866262674331665,0.9876675009727478,0.9832245707511902,0.9884800910949707,0.9854886472225189,1
HP1270,HP1271,1,0.9912811517715454,0.9897018074989319,0.990593433380127,0.991999089717865,0.9803432822227478,0.9840742945671082,0.993687629699707,0.9841126799583435,0.9880921840667725,0.9897396564483643,0.9883625209331512,1
HP1271,HP1272,1,0.986420214176178,0.9840399622917175,0.9890937805175781,0.9798306226730347,0.9744216799736023,0.9785080552101135,0.9939253330230713,0.9722858667373657,0.9748607277870178,0.9700090289115906,0.980339527130127,1
HP1272,HP1273,1,0.9914020299911499,0.9839213490486145,0.9823751449584961,0.9838662147521973,0.9734454154968262,0.995169997215271,0.9863120317459106,0.9882876873016357,0.9840242266654968,0.989050030708313,0.9857854127883912,1
HP1273,HP1274,1,0.9897922873497009,0.9846072793006897,0.9822474718093872,0.9845433235168457,0.9713885188102722,0.9954842329025269,0.9847142100334167,0.9883241057395935,0.9844920039176941,0.9891579151153564,0.9854751348495483,1
HP1274,HP1275,1,0.9688417911529541,0.9658271074295044,0.9708300828933716,0.9755669832229614,0.9488731622695923,0.9498919248580933,0.9823058247566223,0.9538113474845886,0.9354042410850525,0.9727457761764526,0.9624098241329193,1
HP1275,HP1276,1,0.9723041653633118,0.9865354299545288,0.9730134010314941,0.9888337254524231,0.9742113351821899,0.9839670658111572,0.9908246994018555,0.9609750509262085,0.9690818190574646,0.9584605693817139,0.9758207261562347,1
HP1288,HP1289,1,0.982391893863678,0.9835755228996277,0.9799314737319946,0.9822298884391785,0.975660502910614,0.9868103861808777,0.9928799271583557,0.9696593880653381,0.9884361624717712,0.9895471334457397,0.9831122279167175,1
HP1289,HP1290,0,0.8180015683174133,0.65253746509552,0.9111371636390686,0.958716094493866,0.6432430148124695,0.8026885390281677,0.8593536019325256,0.7240925431251526,0.8735818266868591,0.7712835669517517,0.8014635384082794,1
HP1290,HP1291,1,0.9914525747299194,0.9838712215423584,0.9823595881462097,0.9837890267372131,0.9734766483306885,0.9951379299163818,0.9863457679748535,0.9882493019104004,0.9839911460876465,0.9890246391296387,0.985769784450531,1
HP1326,HP1327,1,0.992106556892395,0.9860994815826416,0.9818227887153625,0.9910464286804199,0.969548761844635,0.9837227463722229,0.9928048849105835,0.9781296849250793,0.9872353672981262,0.991746723651886,0.9854263424873352,1
HP1327,HP1328,1,0.9917190670967102,0.9839033484458923,0.982533872127533,0.9835453629493713,0.9741515517234802,0.9950829148292542,0.9868415594100952,0.98826003074646,0.9837406873703003,0.9890342354774475,0.9858812630176544,1
HP1328,HP1329,1,0.9861928224563599,0.9856478571891785,0.9818991422653198,0.9841828942298889,0.9669069647789001,0.9952609539031982,0.9807552099227905,0.987708568572998,0.9844573140144348,0.98897385597229,0.9841985583305359,1
HP1339,HP1340,1,0.9917593002319336,0.9837009310722351,0.9824530482292175,0.9833369851112366,0.9738684296607971,0.9949485063552856,0.9866490364074707,0.9880913496017456,0.9837440848350525,0.9888937473297119,0.9857445418834686,1
HP1340,HP1341,1,0.988240122795105,0.9846217036247253,0.982048511505127,0.9843758940696716,0.9687503576278687,0.9953287243843079,0.9824005365371704,0.9878817796707153,0.9848988056182861,0.9888655543327332,0.9847411990165711,1
HP1371,HP1378,0,0.0011776149040088058,0.0017296291189268231,0.0015364227583631873,0.0012932195095345378,0.0071804639883339405,0.01148586068302393,0.0033106752671301365,0.0022811591625213623,0.0029124829452484846,0.0016565353143960238,0.0034564063651487233,0
HP1378,HP1379,1,0.9944103956222534,0.9925633668899536,0.9912780523300171,0.9969843626022339,0.9886425137519836,0.9951173067092896,0.9976446032524109,0.9939600229263306,0.9873532056808472,0.9935889840126038,0.9931542813777924,1
HP1379,HP1380,1,0.9731417894363403,0.964595377445221,0.9878386855125427,0.9769260287284851,0.9722670912742615,0.9891802072525024,0.9909896850585938,0.9727351069450378,0.9544184803962708,0.9835668206214905,0.9765659272670746,1
HP1380,HP1381,1,0.7389832139015198,0.8164716958999634,0.8982754945755005,0.8573516607284546,0.8664451837539673,0.9072533249855042,0.9389798641204834,0.778522789478302,0.7562152147293091,0.8562508821487427,0.8414749324321746,1
HP1386,HP1387,1,0.9899111390113831,0.9845617413520813,0.982207179069519,0.9845381379127502,0.9714269638061523,0.9954612255096436,0.9847546219825745,0.9883118271827698,0.9844597578048706,0.9891444444656372,0.9854777038097382,1
HP1387,HP1388,0,0.04976201802492142,0.08745338022708893,0.05354032292962074,0.004894798621535301,0.03584631159901619,0.11736048758029938,0.05436597019433975,0.05743065103888512,0.02895941026508808,0.044378772377967834,0.053399212285876275,0
HP1406,HP1407,1,0.9912999868392944,0.984092116355896,0.9824443459510803,0.9840310215950012,0.9735854864120483,0.9952914714813232,0.9864546656608582,0.9883849024772644,0.9840168356895447,0.9891530871391296,0.9858753919601441,1
HP1409,HP1410,1,0.9809460043907166,0.9823411703109741,0.9823667407035828,0.9886578321456909,0.9558050632476807,0.9720043540000916,0.9951879978179932,0.9702677130699158,0.9749642610549927,0.9818779230117798,0.9784419059753418,1
HP1410,HP1411,1,0.7768781781196594,0.8752579092979431,0.916978120803833,0.9126738905906677,0.8703365921974182,0.8407572507858276,0.7504355907440186,0.7761657238006592,0.7635299563407898,0.8303906917572021,0.8313403904438019,1
HP1411,HP1412,1,0.8495505452156067,0.8314483761787415,0.9607831239700317,0.9097020030021667,0.9119856953620911,0.7924906611442566,0.9364932775497437,0.8107412457466125,0.5702458620071411,0.9556028842926025,0.8529043674468995,1
HP1412,HP1414,0,0.04277338832616806,0.08923009037971497,0.04679252579808235,0.006284590344876051,0.023596322163939476,0.08418582379817963,0.040368057787418365,0.0685577392578125,0.03662324696779251,0.02240016497671604,0.046081194980069996,0
HP1414,HP1415,1,0.9102826714515686,0.8914074897766113,0.8441789746284485,0.9444054961204529,0.8581904172897339,0.9045571684837341,0.9184731245040894,0.8602630496025085,0.8220677375793457,0.9447100162506104,0.8898536145687104,1
HP1415,HP1416,1,0.9904987215995789,0.9898339509963989,0.9915205836296082,0.9933484196662903,0.9813566207885742,0.9749155640602112,0.9973220825195312,0.9856417179107666,0.9783772826194763,0.9868502616882324,0.9869665205478668,1
HP1441,HP1442,1,0.9811981916427612,0.9904388189315796,0.9894928336143494,0.9942478537559509,0.9841310977935791,0.9875767230987549,0.9967471361160278,0.9775425791740417,0.9846566915512085,0.988890528678894,0.9874922454357147,1
HP1442,HP1443,1,0.9852237105369568,0.985466480255127,0.981735348701477,0.9838435649871826,0.9650493264198303,0.9949819445610046,0.9790071249008179,0.9873994588851929,0.9845907092094421,0.9887346029281616,0.9836032271385193,1
HP1443,HP1444,1,0.992088258266449,0.9836357831954956,0.9823938608169556,0.9822713732719421,0.9740464091300964,0.9944303631782532,0.9866376519203186,0.9876658320426941,0.983172595500946,0.9884874224662781,0.9854829549789429,1
HP1444,HP1445,1,0.9908992052078247,0.990557849407196,0.990198016166687,0.9936691522598267,0.9824783205986023,0.9903451204299927,0.9991637468338013,0.9828128814697266,0.9861258268356323,0.9912889003753662,0.9897539019584656,1
HP1445,HP1446,1,0.9883309006690979,0.9879370927810669,0.9856213927268982,0.9926126003265381,0.976230263710022,0.9778521060943604,0.9966652989387512,0.9778256416320801,0.9790958762168884,0.975241482257843,0.9837412655353546,1
HP1446,HP1447,0,0.8533990383148193,0.8587339520454407,0.9105628132820129,0.961557924747467,0.9150043725967407,0.9097468852996826,0.8701257109642029,0.907920241355896,0.9273579120635986,0.9390990138053894,0.905350786447525,1
HP1447,HP1448,1,0.9845342636108398,0.9840026497840881,0.9811846017837524,0.9830001592636108,0.961257815361023,0.994193971157074,0.9746583700180054,0.9865192174911499,0.9851199388504028,0.9879425764083862,0.9822413563728333,1
HP1448,HP1449,1,0.9917904138565063,0.9833109974861145,0.9821137189865112,0.9829464554786682,0.9731062054634094,0.9946203827857971,0.9859322905540466,0.9877637624740601,0.9838341474533081,0.9885867834091187,0.9854005157947541,1
HP1449,HP1450,1,0.9938117265701294,0.9905377626419067,0.9912158846855164,0.9921668767929077,0.9871883392333984,0.9923528432846069,0.9965494871139526,0.9840958714485168,0.9906659722328186,0.9927507638931274,0.9911335527896881,1
HP1450,HP1451,1,0.9921647906303406,0.9840026497840881,0.9828634262084961,0.9818282127380371,0.9749318361282349,0.994389533996582,0.9872803092002869,0.9876866936683655,0.9826472997665405,0.9885280728340149,0.9856322824954986,1
HP1451,HP1452,1,0.9895581007003784,0.9847057461738586,0.9822260141372681,0.9845585823059082,0.9710984230041504,0.9954876899719238,0.9844503402709961,0.9883118271827698,0.9845181703567505,0.9891573190689087,0.9854072213172913,1
HP1452,HP1453,1,0.5523977875709534,0.6314167976379395,0.6286228895187378,0.278693825006485,0.6769903302192688,0.5730972290039062,0.342284232378006,0.48256441950798035,0.49959462881088257,0.442173033952713,0.5107835173606873,1
HP1492,HP1493,1,0.9926286935806274,0.9923183917999268,0.9900645613670349,0.9933196306228638,0.9846699833869934,0.9923361539840698,0.9969836473464966,0.9851211905479431,0.9915173649787903,0.9912428259849548,0.99102024435997,1
HP1493,HP1494,1,0.9757436513900757,0.9832065105438232,0.979371964931488,0.9804459810256958,0.970426619052887,0.9743537306785583,0.9814772605895996,0.9531058073043823,0.976095974445343,0.9606801867485046,0.9734907686710358,1
HP1494,HP1495,1,0.9676047563552856,0.9713751077651978,0.9692561030387878,0.9778439402580261,0.9520534873008728,0.9522591829299927,0.9890653491020203,0.9722864627838135,0.9594020247459412,0.9603227376937866,0.9671469151973724,1
HP1495,HP1496,0,0.6135231852531433,0.6913922429084778,0.4634968638420105,0.5987659692764282,0.575785756111145,0.6691727042198181,0.4983813464641571,0.45831364393234253,0.4005393385887146,0.6210705041885376,0.5590441554784775,1
HP1496,HP1497,1,0.9918890595436096,0.9783096313476562,0.9904980063438416,0.9875661134719849,0.968097448348999,0.988610565662384,0.9966602921485901,0.9742279648780823,0.9795712828636169,0.9905784726142883,0.9846008837223053,1
HP1497,HP1498,1,0.8322519659996033,0.8912020921707153,0.8527256846427917,0.8913061022758484,0.8283423781394958,0.8091742992401123,0.8074758648872375,0.6868817806243896,0.7387933135032654,0.9305076599121094,0.8268661141395569,1
HP1509,HP1510,1,0.9919203519821167,0.9830912351608276,0.9825563430786133,0.9811391234397888,0.9735773801803589,0.993685245513916,0.9856089353561401,0.9870882034301758,0.983391284942627,0.9880231618881226,0.9850081264972687,1
HP1510,HP1511,1,0.9914928078651428,0.9838265776634216,0.982413649559021,0.9837394952774048,0.9735733866691589,0.9951197504997253,0.9864187836647034,0.9882418513298035,0.9839935898780823,0.9890167713165283,0.9857836663722992,1
HP1511,HP1512,0,0.590234100818634,0.5282644629478455,0.3846742808818817,0.41948404908180237,0.6640811562538147,0.7130652070045471,0.28683701157569885,0.5565485954284668,0.6489865779876709,0.612800121307373,0.5404975563287735,1
HP1512,HP1513,1,0.8295526504516602,0.6987321376800537,0.9761465787887573,0.9673287868499756,0.834236204624176,0.8540204167366028,0.8536390066146851,0.6606156229972839,0.595931887626648,0.9657829999923706,0.8235986292362213,1
HP1524,HP1525,1,0.9928455948829651,0.9867953658103943,0.9872603416442871,0.9909305572509766,0.9748041033744812,0.9882980585098267,0.9949700832366943,0.9776701331138611,0.9880544543266296,0.9912562966346741,0.987288498878479,1
HP1530,HP1531,1,0.8164454698562622,0.8539899587631226,0.9645978808403015,0.8992248177528381,0.9260676503181458,0.8874410390853882,0.9726124405860901,0.8307530283927917,0.6872360110282898,0.9037308096885681,0.8742099106311798,1
HP1531,HP1532,1,0.9760878086090088,0.9861418008804321,0.9802892804145813,0.9804151058197021,0.9527125358581543,0.9927231073379517,0.9700647592544556,0.9856287240982056,0.9824183583259583,0.9882249236106873,0.9794706404209137,1
HP1532,HP1533,1,0.9920952320098877,0.9842365980148315,0.9829995036125183,0.9809504747390747,0.9749069809913635,0.9940106272697449,0.9871916174888611,0.987335741519928,0.9820339679718018,0.9882135987281799,0.9853974342346191,1
HP1554,HP1555,1,0.9897684454917908,0.9806256890296936,0.9799180626869202,0.9831140041351318,0.9639760255813599,0.9935844540596008,0.9784995317459106,0.9855824112892151,0.9854813814163208,0.9868531227111816,0.9827403128147125,1
HP1563,HP1564,1,0.59703129529953,0.3449360132217407,0.653378427028656,0.20909099280834198,0.401432603597641,0.5405471324920654,0.6594083309173584,0.3318043351173401,0.2077578753232956,0.5668442249298096,0.45122312307357787,0
HP1564,HP1574,0,0.00013372275861911476,0.0014290607068687677,0.00025104841915890574,5.217105717747472e-05,0.00033507723128423095,0.001087706652469933,0.0005172142991796136,0.00035103445407003164,0.0015759217785671353,0.00019908935064449906,0.0005932046708039707,0
HP1574,HP1575,1,0.9910651445388794,0.978689968585968,0.9790950417518616,0.9786344170570374,0.9641802906990051,0.9903552532196045,0.9760973453521729,0.9826480746269226,0.984735369682312,0.9843446612358093,0.9809845566749573,1
HP1575,HP1576,1,0.9870152473449707,0.9844930768013,0.9882734417915344,0.9912994503974915,0.9816442728042603,0.9849447011947632,0.9926170706748962,0.9759981036186218,0.9863739609718323,0.9924103617668152,0.9865069687366486,1
HP1576,HP1577,1,0.9841739535331726,0.976222813129425,0.9879692196846008,0.9712666869163513,0.9460467100143433,0.9820662140846252,0.9928853511810303,0.9539579153060913,0.9719852209091187,0.9850547313690186,0.9751628816127778,1
HP1577,HP1582,0,0.00025947618996724486,0.0015688162529841065,0.0011166236363351345,0.00019300034909974784,0.0025862983893603086,0.0024256121832877398,0.003461873857304454,0.0007684947340749204,0.0028560671489685774,0.0001621481351321563,0.001539841087651439,0
HP1582,HP1583,1,0.9891197085380554,0.9816979765892029,0.976064920425415,0.9880144596099854,0.9580187201499939,0.9827422499656677,0.9794924855232239,0.9764423370361328,0.9893225431442261,0.9869375824928284,0.9807852983474732,1
HP1583,HP1584,1,0.928899347782135,0.8094613552093506,0.968066394329071,0.943912923336029,0.698845624923706,0.8319738507270813,0.8503807187080383,0.7802212834358215,0.6868962049484253,0.9097230434417725,0.8408380746841431,1
HP1581,HP1580,1,0.9891000390052795,0.9695477485656738,0.9709033370018005,0.9747793674468994,0.9420572519302368,0.9847719669342041,0.9636548161506653,0.9737410545349121,0.9859023094177246,0.9735038876533508,0.9727961778640747,1
HP1580,HP1579,1,0.9916929602622986,0.9815149903297424,0.9923892617225647,0.9928109049797058,0.9703945517539978,0.9919635057449341,0.9987795948982239,0.9828445315361023,0.979412853717804,0.9913021326065063,0.987310528755188,1
HP1579,HP1578,1,0.871829092502594,0.7808724641799927,0.9012935757637024,0.8487817049026489,0.8150302171707153,0.7635017037391663,0.8416595458984375,0.7922074198722839,0.881300151348114,0.8453937768936157,0.8341869652271271,1
HP1572,HP1571,1,0.9915739297866821,0.9833718538284302,0.9820531010627747,0.9834204912185669,0.9725950360298157,0.9947507381439209,0.9854380488395691,0.9878603219985962,0.9841338992118835,0.9886560440063477,0.9853853464126587,1
HP1571,HP1570,1,0.9921413660049438,0.9836239218711853,0.9822009801864624,0.9818510413169861,0.973713219165802,0.9941378831863403,0.9862353801727295,0.9873946309089661,0.9830296039581299,0.9882140755653381,0.9852542102336883,1
HP1570,HP1569,1,0.9907885789871216,0.9835913181304932,0.9819588661193848,0.9840507507324219,0.9714828133583069,0.995120108127594,0.984907865524292,0.9879217743873596,0.9844136238098145,0.9887938499450684,0.9853029549121857,1
HP1569,HP1568,1,0.9914165735244751,0.9834350347518921,0.9819092154502869,0.9834739565849304,0.9724202156066895,0.9948530793190002,0.985491156578064,0.9879338145256042,0.9840907454490662,0.9887390732765198,0.9853762865066529,1
HP1568,HP1567,1,0.9910759925842285,0.9839677810668945,0.9822986721992493,0.9840657711029053,0.9728726744651794,0.9952353239059448,0.9858750700950623,0.9883250594139099,0.9842153787612915,0.989065945148468,0.9856997668743134,1
HP1567,HP1566,1,0.9879338145256042,0.9720157980918884,0.9927754998207092,0.9925427436828613,0.9611068367958069,0.9896987080574036,0.995351254940033,0.9760717749595642,0.9736834764480591,0.9896479845046997,0.983082789182663,1
HP1566,HP1565,1,0.9839979410171509,0.9850326776504517,0.9812268614768982,0.9832739233970642,0.9616729021072388,0.9943634271621704,0.9758354425430298,0.9868154525756836,0.9845224022865295,0.9883323311805725,0.982507336139679,1
HP1559,HP1558,1,0.9930212497711182,0.9924139976501465,0.996410608291626,0.995326578617096,0.9918584227561951,0.9877536296844482,0.9975703954696655,0.9908866882324219,0.9887270331382751,0.9929506778717041,0.9926919281482697,1
HP1558,HP1557,1,0.704297661781311,0.6044063568115234,0.893854558467865,0.9374087452888489,0.845567524433136,0.770035982131958,0.7370101809501648,0.6523706912994385,0.7581716775894165,0.8243300914764404,0.7727453470230102,1
HP1557,HP1556,1,0.9446375966072083,0.8598288297653198,0.9166226983070374,0.9699732065200806,0.7537163496017456,0.8701106309890747,0.911615252494812,0.8632078766822815,0.7864136099815369,0.9643553495407104,0.8840481400489807,1
HP1556,HP1553,0,0.08277780562639236,0.05799775570631027,0.19489294290542603,0.2323174774646759,0.2783568799495697,0.22347964346408844,0.21102961897850037,0.10063434392213821,0.08811458200216293,0.19889070093631744,0.16684917509555816,0
HP1553,HP1552,1,0.9820046424865723,0.9606349468231201,0.9470968246459961,0.9825361967086792,0.9449743628501892,0.9516261219978333,0.9730334877967834,0.9616269469261169,0.9408479332923889,0.9814225435256958,0.9625804007053376,1
HP1552,HP1551,1,0.9317964315414429,0.9757705330848694,0.9825747609138489,0.9853291511535645,0.9574744701385498,0.9665384888648987,0.989372730255127,0.9326913356781006,0.9592788815498352,0.964959979057312,0.9645786762237549,1
HP1551,HP1550,1,0.9787538051605225,0.9648460745811462,0.986725389957428,0.9926586151123047,0.9524627327919006,0.959774911403656,0.9818370938301086,0.9532415270805359,0.9540931582450867,0.9801071882247925,0.9704500496387481,1
HP1550,HP1549,1,0.9829597473144531,0.9831734895706177,0.982249915599823,0.9882665872573853,0.9615135788917542,0.9660277962684631,0.9950831532478333,0.9822899103164673,0.9727586507797241,0.9862378835678101,0.9800560712814331,1
HP1549,HP1548,1,0.9862778186798096,0.9678126573562622,0.9754827618598938,0.9628443121910095,0.9647022485733032,0.9566114544868469,0.9800328016281128,0.9610966444015503,0.9601983428001404,0.9541574120521545,0.9669216454029084,1
HP1548,HP1547,1,0.9790523052215576,0.9796043038368225,0.9869147539138794,0.9821761250495911,0.9403541088104248,0.9699434638023376,0.9956638813018799,0.979219377040863,0.9768681526184082,0.992222249507904,0.9782018721103668,1
HP1547,HP1546,1,0.9912652969360352,0.9856002926826477,0.9830859899520874,0.9790381789207458,0.9740449786186218,0.9929239749908447,0.986312985420227,0.9860353469848633,0.9792885184288025,0.9871252775192261,0.9844720840454102,1
HP1546,HP1545,1,0.9881611466407776,0.9849865436553955,0.982038676738739,0.9844379425048828,0.9689761400222778,0.9953742623329163,0.9825787544250488,0.9880204200744629,0.9846599698066711,0.9890028238296509,0.9848236680030823,1
HP1545,HP1544,1,0.9917623400688171,0.9835989475250244,0.9822379946708679,0.98324054479599,0.9734508395195007,0.994825541973114,0.9862613677978516,0.987952709197998,0.9837758541107178,0.9887654781341553,0.9855871617794036,1
HP1544,HP1543,1,0.9895942807197571,0.9910167455673218,0.9859235882759094,0.9906210899353027,0.9757088422775269,0.9840169548988342,0.9928659200668335,0.9780026078224182,0.9794682860374451,0.9845645427703857,0.9851782858371735,1
HP1543,HP1542,1,0.9921272993087769,0.983963668346405,0.9828380942344666,0.9813809990882874,0.9747149348258972,0.9941622018814087,0.9870861768722534,0.9874660968780518,0.982490062713623,0.9883330464363098,0.985456258058548,1
HP1542,HP1541,1,0.9669530391693115,0.9261428117752075,0.8790859580039978,0.8987753987312317,0.9130479097366333,0.9305045008659363,0.9622080326080322,0.9712054133415222,0.9422803521156311,0.8237987160682678,0.9214002132415772,1
HP1541,HP1540,0,0.5308297872543335,0.6152104735374451,0.47336623072624207,0.7214829325675964,0.6362606287002563,0.6670860052108765,0.41812074184417725,0.33246535062789917,0.5800338983535767,0.4366194009780884,0.5411475449800491,1
HP1540,HP1539,1,0.9848509430885315,0.9772745370864868,0.976608157157898,0.990531861782074,0.9570162892341614,0.9606688618659973,0.9927456974983215,0.9846908450126648,0.9724140763282776,0.9870756268501282,0.9783876895904541,1
HP1518,HP1517,1,0.9822860360145569,0.9589466452598572,0.9713444113731384,0.9836627244949341,0.9494462609291077,0.949834406375885,0.9865816831588745,0.981191873550415,0.9636020660400391,0.9890698194503784,0.9715965926647187,1
HP1517,HP1516,1,0.9900789856910706,0.9869738221168518,0.9832058548927307,0.9784159064292908,0.9738853573799133,0.9923025965690613,0.9859541654586792,0.9852839708328247,0.9752208590507507,0.9865873456001282,0.9837908864021301,1
HP1506,HP1505,1,0.9916636347770691,0.9838598370552063,0.9824572205543518,0.9835937023162842,0.9738825559616089,0.9950683116912842,0.9866441488265991,0.9882246851921082,0.983819842338562,0.9890022873878479,0.9858216226100922,1
HP1505,HP1504,1,0.9918889403343201,0.983291745185852,0.9818889498710632,0.9827131032943726,0.9728208184242249,0.9944384098052979,0.9856783151626587,0.987590491771698,0.9836430549621582,0.9884044528007507,0.9852358281612397,1
HP1504,HP1503,1,0.989698588848114,0.9707624912261963,0.991151750087738,0.9883804321289062,0.9566655158996582,0.9767079949378967,0.9962372779846191,0.9621409773826599,0.9672815203666687,0.9848286509513855,0.9783855199813842,1
HP1491,HP1490,1,0.8553565740585327,0.7545396089553833,0.8337457180023193,0.6435768008232117,0.5690487623214722,0.7065873742103577,0.8313707113265991,0.5972493290901184,0.418875128030777,0.4512966573238373,0.6661646664142609,1
HP1490,HP1489,1,0.9910492897033691,0.9838307499885559,0.982108473777771,0.9839926362037659,0.9723747968673706,0.9951412677764893,0.9854853749275208,0.9881551861763,0.9842543601989746,0.9889466166496277,0.9855338752269744,1
HP1489,HP1488,1,0.985693097114563,0.9832907319068909,0.9790841937065125,0.9786128401756287,0.9724775552749634,0.9694265723228455,0.9951146841049194,0.9677296876907349,0.9695499539375305,0.9666033387184143,0.9767582654953003,1
HP1488,HP1487,1,0.9925372004508972,0.9934781193733215,0.9945684671401978,0.9974263310432434,0.9839499592781067,0.986652135848999,0.9977911710739136,0.9912610650062561,0.9858781099319458,0.9911320209503174,0.9914674580097198,1
HP1487,HP1486,1,0.9912849068641663,0.9840101599693298,0.9823958873748779,0.9839957356452942,0.973396897315979,0.9952470660209656,0.9862987399101257,0.9883381128311157,0.9840666651725769,0.9891036748886108,0.9858137845993042,1
HP1486,HP1485,1,0.9921529293060303,0.9839507937431335,0.9828398823738098,0.9820550680160522,0.9749113917350769,0.9944894313812256,0.9872903227806091,0.9877748489379883,0.9828013181686401,0.988610565662384,0.985687655210495,1
HP1485,HP1484,1,0.9501515030860901,0.9307822585105896,0.7925447225570679,0.883111834526062,0.6638917326927185,0.8823457956314087,0.7948934435844421,0.9486581087112427,0.8256146907806396,0.8888746500015259,0.8560868740081787,1
HP1484,HP1483,1,0.9674734473228455,0.957848072052002,0.9547795057296753,0.9741932153701782,0.9486321806907654,0.9713315367698669,0.9902390837669373,0.9500290751457214,0.9421730637550354,0.9692971706390381,0.9625996351242065,1
HP1483,HP1482,1,0.9914223551750183,0.9854760766029358,0.9895085096359253,0.9923179745674133,0.9703298807144165,0.986393392086029,0.9881198406219482,0.9836847186088562,0.9845714569091797,0.9833601117134094,0.9855184316635132,1
HP1482,HP1481,1,0.9890339970588684,0.9885330200195312,0.9910359978675842,0.9945250749588013,0.9754520058631897,0.9741038084030151,0.9968129992485046,0.9846449494361877,0.9823944568634033,0.990770697593689,0.9867307007312774,1
HP1481,HP1480,1,0.9900088906288147,0.9843590259552002,0.9821167588233948,0.9844178557395935,0.9712041616439819,0.9953553080558777,0.9845185279846191,0.9882574081420898,0.984502911567688,0.9890581369400024,0.9853798985481262,1
HP1480,HP1479,1,0.9887419939041138,0.9718751907348633,0.9863247275352478,0.9888501167297363,0.9360417127609253,0.9718657732009888,0.9957770705223083,0.9621772170066833,0.961942732334137,0.9686830043792725,0.9732279539108276,1
HP1479,HP1478,1,0.9917176365852356,0.9838958382606506,0.9825214743614197,0.98354172706604,0.9741193652153015,0.995075523853302,0.9868143796920776,0.9882502555847168,0.9837458729743958,0.9890252351760864,0.9858707308769226,1
HP1478,HP1477,1,0.9919738173484802,0.9846340417861938,0.9832075834274292,0.9803494811058044,0.9750964045524597,0.99379962682724,0.9872904419898987,0.9871417284011841,0.9813144207000732,0.9880417585372925,0.9852849304676056,1
HP1477,HP1476,1,0.9745953679084778,0.9607234597206116,0.948949933052063,0.979334831237793,0.9375019669532776,0.9456962943077087,0.9358611106872559,0.9454982280731201,0.958878755569458,0.9714967012405396,0.9558536648750305,1
HP1476,HP1475,1,0.9916631579399109,0.983875572681427,0.9824855923652649,0.9835975766181946,0.9739638566970825,0.9950917959213257,0.9867246747016907,0.9882412552833557,0.9837971329689026,0.9890217185020447,0.9858462333679199,1
HP1475,HP1474,1,0.9919983744621277,0.9903810024261475,0.9857966303825378,0.9917188286781311,0.9727848768234253,0.983828067779541,0.9889061450958252,0.977069616317749,0.9807126522064209,0.9852988123893738,0.984849500656128,1
HP1474,HP1473,1,0.9913445711135864,0.9839969873428345,0.9823904633522034,0.9839499592781067,0.9734667539596558,0.9952361583709717,0.9863801002502441,0.9883098602294922,0.9840060472488403,0.9890919923782349,0.985817289352417,1
HP1473,HP1472,1,0.868812084197998,0.8432668447494507,0.8586724400520325,0.8239489793777466,0.7798359394073486,0.8650900721549988,0.8337711691856384,0.6924794912338257,0.888189971446991,0.7360362410545349,0.8190103232860565,1
HP1472,HP1471,1,0.8491865992546082,0.9410844445228577,0.9536030292510986,0.9545997381210327,0.9114761352539062,0.8668777346611023,0.9751273989677429,0.8615166544914246,0.8535780906677246,0.9294893145561218,0.9096539139747619,1
HP1471,HP1470,1,0.9442870616912842,0.9474306702613831,0.9655517935752869,0.9356998205184937,0.9336798787117004,0.9180107116699219,0.9317368268966675,0.952350914478302,0.9492768049240112,0.9085787534713745,0.9386603236198425,1
HP1470,HP1469,0,0.9204066395759583,0.8497440814971924,0.7467466592788696,0.5760539174079895,0.6950672268867493,0.8380438685417175,0.7680583596229553,0.8897942900657654,0.7513257265090942,0.7724310755729675,0.7807671844959259,1
HP1469,HP1468,1,0.9415590763092041,0.9638679027557373,0.9780274629592896,0.9666009545326233,0.9360548853874207,0.9570205211639404,0.9647447466850281,0.9178297519683838,0.9440206289291382,0.9748693108558655,0.9544595241546631,1
HP1468,HP1466,0,0.04746045917272568,0.05678342655301094,0.07918135821819305,0.01429511234164238,0.01577964425086975,0.07455670833587646,0.06995778530836105,0.036973584443330765,0.02298654615879059,0.0780286118388176,0.04960032366216183,0
HP1466,HP1465,1,0.9919397830963135,0.9838241934776306,0.982603907585144,0.9830849170684814,0.9744280576705933,0.9948830604553223,0.9870082139968872,0.988112211227417,0.9834853410720825,0.9888981580734253,0.9858267843723297,1
HP1465,HP1464,1,0.9912988543510437,0.9840319752693176,0.9823600649833679,0.9839823246002197,0.9733846187591553,0.9952397346496582,0.9862855672836304,0.9883354306221008,0.984030544757843,0.9891010522842407,0.9858050167560577,1
HP1464,HP1463,1,0.9916397333145142,0.9895017743110657,0.9805907607078552,0.986939013004303,0.9645658135414124,0.9888309836387634,0.9907177090644836,0.9794294238090515,0.987203061580658,0.9906136393547058,0.9850031912326813,1
HP1463,HP1462,1,0.760425329208374,0.7942594885826111,0.8245670795440674,0.7130582332611084,0.7163302898406982,0.8147614598274231,0.7814805507659912,0.5294364094734192,0.8290396928787231,0.7947165966033936,0.755807512998581,1
HP1462,HP1460,0,0.03582140803337097,0.11180033534765244,0.04140182211995125,0.0086376266553998,0.03274931758642197,0.05499478057026863,0.050643522292375565,0.095158651471138,0.023233497515320778,0.04004897549748421,0.04944899370893836,0
HP1460,HP1459,1,0.9912923574447632,0.9852237105369568,0.9822149276733398,0.9784440994262695,0.9730510115623474,0.9925739169120789,0.9859598875045776,0.9852437973022461,0.9791990518569946,0.9863919615745544,0.9839594721794128,1
HP1459,HP1458,1,0.8742491602897644,0.805141031742096,0.8618503212928772,0.707856297492981,0.7704724669456482,0.8171879649162292,0.7909174561500549,0.7943775057792664,0.8427284359931946,0.7748105525970459,0.8039591193199158,1
HP1458,HP1457,0,0.13719581067562103,0.19139687716960907,0.44456979632377625,0.009817165322601795,0.09527744352817535,0.22015003859996796,0.2314959466457367,0.12435632199048996,0.03330739960074425,0.1263950914144516,0.1613961891271174,0
HP1457,HP1456,1,0.9525778889656067,0.9631307721138,0.9691681265830994,0.9851462244987488,0.9312499761581421,0.9493246674537659,0.979503333568573,0.9517434239387512,0.9628952741622925,0.9649284482002258,0.9609668135643006,1
HP1456,HP1455,1,0.9917422533035278,0.9813814759254456,0.979202926158905,0.9817491173744202,0.9676132798194885,0.9926204085350037,0.9812272191047668,0.9859345555305481,0.9834407567977905,0.986718475818634,0.9831630468368531,1
HP1455,HP1454,1,0.990756094455719,0.983735203742981,0.9858723282814026,0.9876970648765564,0.9722187519073486,0.9831697940826416,0.9973098039627075,0.9756790995597839,0.9850048422813416,0.9892247915267944,0.9850667774677276,1
HP1435,HP1434,1,0.9931319952011108,0.9913148880004883,0.9902827739715576,0.9908916354179382,0.9839975833892822,0.9858207702636719,0.9978260397911072,0.9879798293113708,0.9817920327186584,0.9841349720954895,0.9887172520160675,1
HP1431,HP1430,1,0.9843698143959045,0.9791437387466431,0.9876552224159241,0.9724504947662354,0.9709193110466003,0.9634049534797668,0.9918187856674194,0.9567359685897827,0.9697761535644531,0.954664945602417,0.9730939388275146,1
HP1430,HP1429,1,0.9921302199363708,0.9838283061981201,0.9827589988708496,0.9817259907722473,0.9746125936508179,0.9942866563796997,0.9870484471321106,0.9875859022140503,0.9827709794044495,0.9884353280067444,0.985518342256546,1
HP1429,HP1428,1,0.9911507964134216,0.9840312600135803,0.9823576807975769,0.9840760827064514,0.9731444716453552,0.9952690601348877,0.9861013889312744,0.9883410334587097,0.9841530919075012,0.9891043901443481,0.9857729256153107,1
HP1423,HP1422,1,0.989490270614624,0.9864146709442139,0.9924245476722717,0.9924100041389465,0.9734452962875366,0.9836740493774414,0.9949837327003479,0.9904308319091797,0.9856969714164734,0.989991307258606,0.9878961682319641,1
HP1422,HP1421,1,0.991794228553772,0.9842208027839661,0.9929654002189636,0.9942091107368469,0.9694120287895203,0.9874972701072693,0.9973923563957214,0.986536979675293,0.9802154302597046,0.9895331859588623,0.9873776793479919,1
HP1421,HP1420,1,0.9903486371040344,0.9844515323638916,0.9822995066642761,0.9844586849212646,0.972205400466919,0.9954586029052734,0.9853763580322266,0.9883991479873657,0.9843620657920837,0.989193320274353,0.9856553256511689,1
HP1420,HP1419,1,0.9893791079521179,0.9850172996520996,0.9859379529953003,0.9905087351799011,0.9726290106773376,0.9868919253349304,0.9959568977355957,0.9680213928222656,0.9790022373199463,0.9881769418716431,0.9841521501541137,1
HP1419,HP1418,1,0.9944916367530823,0.9892272353172302,0.9859204292297363,0.9897516965866089,0.9850910305976868,0.9932601451873779,0.9970126748085022,0.9900315403938293,0.9909647703170776,0.9903054237365723,0.9906056582927704,1
HP1402,HP1401,1,0.9914983510971069,0.9854156970977783,0.9833398461341858,0.9793062806129456,0.9748056530952454,0.9932379126548767,0.9869278073310852,0.986547589302063,0.9797542095184326,0.9875330328941345,0.9848366379737854,1
HP1394,HP1393,1,0.9888625741004944,0.9739431738853455,0.9853283166885376,0.9848871827125549,0.9575802087783813,0.9792028069496155,0.9822779297828674,0.9515985250473022,0.9654452800750732,0.9853763580322266,0.9754502356052399,1
HP1393,HP1392,1,0.9916779398918152,0.983943521976471,0.9825392961502075,0.9836261868476868,0.9741408228874207,0.9951246380805969,0.9868420362472534,0.9882937073707581,0.9837668538093567,0.989065945148468,0.9859020948410034,1
HP1392,HP1391,1,0.9255626201629639,0.9436410069465637,0.9352594614028931,0.9753412008285522,0.9143290519714355,0.9258705377578735,0.9406235218048096,0.9182903170585632,0.917824387550354,0.9409331679344177,0.9337675273418427,1
HP1385,HP1384,1,0.9915042519569397,0.9854127764701843,0.9833614826202393,0.9793005585670471,0.9748620986938477,0.9932587742805481,0.9869976043701172,0.9865795373916626,0.9797250032424927,0.9875549674034119,0.9848557054996491,1
HP1376,HP1375,1,0.9910722374916077,0.9825355410575867,0.9873546957969666,0.9918844103813171,0.9657641053199768,0.9797313213348389,0.9904646873474121,0.9759944081306458,0.9818614721298218,0.9688968658447266,0.98155597448349,1
HP1375,HP1374,1,0.9882805347442627,0.9825217127799988,0.9896525740623474,0.9944896697998047,0.96332848072052,0.9750055074691772,0.9946341514587402,0.9839015007019043,0.9859412312507629,0.9839553236961365,0.9841710686683655,1
HP1374,HP1373,1,0.9766165018081665,0.9664614200592041,0.9914068579673767,0.9947381615638733,0.9667943716049194,0.9828886985778809,0.985149621963501,0.9736080169677734,0.9682838916778564,0.9870356917381287,0.979298323392868,1
HP1373,HP1372,1,0.9886313080787659,0.9884381294250488,0.9744412899017334,0.9839394092559814,0.9701894521713257,0.9846036434173584,0.9912140369415283,0.9752694964408875,0.987479031085968,0.9894269108772278,0.9833632707595825,1
HP1372,HP1368,0,0.0007720639696344733,0.0026750292163342237,0.007722409907728434,0.0011237196158617735,0.0014826582046225667,0.003641740186139941,0.00482703885063529,0.0009592578280717134,0.0008877600193955004,0.00026311635156162083,0.0024354794149985537,0
HP1368,HP1367,1,0.9915311336517334,0.9839988946914673,0.9825003743171692,0.9838109612464905,0.9739314317703247,0.9952012896537781,0.9866976141929626,0.9883446097373962,0.9838816523551941,0.9891111254692078,0.9859009087085724,1
HP1367,HP1366,1,0.9713578224182129,0.9797095656394958,0.9797222018241882,0.9842435717582703,0.9694622755050659,0.9589601755142212,0.9941110014915466,0.9726310968399048,0.9570834040641785,0.9627017378807068,0.9729982852935791,1
HP1352,HP1351,1,0.9917230010032654,0.9839252233505249,0.9825527667999268,0.9835565090179443,0.9742053151130676,0.9950960278511047,0.9868857860565186,0.9882755875587463,0.9837266206741333,0.9890490770339966,0.9858995914459229,1
HP1351,HP1350,0,0.6075455546379089,0.7125952243804932,0.4381101727485657,0.4011310040950775,0.6743313670158386,0.6245351433753967,0.29543623328208923,0.46031883358955383,0.47468701004981995,0.5103184580802917,0.5199009001255035,1
HP1350,HP1349,1,0.9905571341514587,0.9825705289840698,0.983776330947876,0.9857527613639832,0.9626405835151672,0.9831688404083252,0.9972790479660034,0.9684533476829529,0.9797896146774292,0.9897171258926392,0.9823705315589905,1
HP1349,HP1348,1,0.9920523166656494,0.9838554263114929,0.9826985597610474,0.9827492833137512,0.974694013595581,0.9947649836540222,0.9871837496757507,0.9880191683769226,0.9832513332366943,0.9888227581977844,0.9858091592788696,1
HP1348,HP1347,1,0.9914212822914124,0.9840483665466309,0.9824801683425903,0.9839286208152771,0.973786473274231,0.9952523112297058,0.9865977764129639,0.9883742928504944,0.9839497208595276,0.9891393780708313,0.9858978390693665,1
HP1347,HP1346,0,0.6648511290550232,0.5917823910713196,0.35312536358833313,0.409441739320755,0.3717710077762604,0.5851403474807739,0.29926612973213196,0.5787131190299988,0.4629547595977783,0.5016914010047913,0.48187373876571654,0
HP1346,HP1345,1,0.9709088802337646,0.9651585221290588,0.9656822681427002,0.9825119972229004,0.9383025765419006,0.947566568851471,0.9652297496795654,0.9660114645957947,0.9550577402114868,0.9645017385482788,0.9620931506156921,1
HP1345,HP1344,1,0.991650402545929,0.9945222735404968,0.9885855913162231,0.9916359782218933,0.9854547381401062,0.9891000390052795,0.9978254437446594,0.9880615472793579,0.9866736531257629,0.9892599582672119,0.990276962518692,1
HP1344,HP1343,1,0.9872913956642151,0.9651724100112915,0.9896223545074463,0.9922467470169067,0.9604688882827759,0.985417366027832,0.9874544143676758,0.9651590585708618,0.966854989528656,0.9850149154663086,0.978470253944397,1
HP1343,HP1338,0,0.0006203706143423915,0.0008616573177278042,0.002831538673490286,0.002539912238717079,0.006683702114969492,0.008557452820241451,0.0010570413433015347,0.0009580238838680089,0.0013320791767910123,0.00045456545194610953,0.002589634363539517,0
HP1338,HP1337,1,0.9909569621086121,0.9842226505279541,0.9823722243309021,0.9842415452003479,0.9730624556541443,0.9953716397285461,0.9860544800758362,0.9884103536605835,0.9841741919517517,0.9891808032989502,0.9858047306537628,1
HP1332,HP1331,1,0.9658980369567871,0.9184139966964722,0.9636563062667847,0.9359530210494995,0.9509099125862122,0.9340841174125671,0.988671600818634,0.9778510332107544,0.9621111154556274,0.9107140302658081,0.9508263170719147,1
HP1331,HP1330,1,0.9921579360961914,0.9839670658111572,0.9828629493713379,0.9820639491081238,0.9749711155891418,0.9945011734962463,0.9873336553573608,0.987799346446991,0.982789933681488,0.9886279106140137,0.9857075035572052,1
HP1330,HP1325,0,0.0005043814308010042,0.008249538019299507,0.00655053136870265,0.0005891034961678088,0.001980271888896823,0.002912660129368305,0.002664098283275962,0.001448930473998189,0.0008779143681749701,0.00010979821672663093,0.002588722767541185,0
HP1325,HP1324,1,0.9550163149833679,0.9926764965057373,0.9735360145568848,0.9885754585266113,0.9773804545402527,0.9846259355545044,0.9925536513328552,0.9534786939620972,0.9765466451644897,0.9612288475036621,0.9755618512630463,1
HP1324,HP1323,1,0.9841302633285522,0.9816386699676514,0.9916841983795166,0.9944618940353394,0.9761128425598145,0.9887917637825012,0.9925182461738586,0.9709224104881287,0.9793475866317749,0.9918262362480164,0.9851434111595154,1
HP1323,HP1320,0,0.0011989190243184566,0.00794182624667883,0.00345910107716918,0.00042702342034317553,0.0012554592685773969,0.005547880195081234,0.0031314175575971603,0.0017655853880569339,0.003002957906574011,0.000681794248521328,0.0028411964332917703,0
HP1320,HP1319,1,0.9750953316688538,0.9804114699363708,0.9805701971054077,0.9839541912078857,0.955985963344574,0.9692915081977844,0.9892466068267822,0.9662328362464905,0.9728603959083557,0.9894619584083557,0.9763110458850861,1
HP1319,HP1318,1,0.9798330664634705,0.9744626879692078,0.9921834468841553,0.9921926856040955,0.960899829864502,0.9766583442687988,0.9921844005584717,0.9703834056854248,0.9756050109863281,0.9875169396400452,0.9801919817924499,1
HP1318,HP1317,1,0.9920316338539124,0.9920902848243713,0.9934864044189453,0.9934264421463013,0.9837499856948853,0.9891138076782227,0.9973916411399841,0.9915083646774292,0.9867545366287231,0.986183226108551,0.9905736327171326,1
HP1317,HP1316,1,0.9727280735969543,0.9689584374427795,0.9784268736839294,0.9829065203666687,0.934975802898407,0.9526638388633728,0.9853705167770386,0.9837730526924133,0.9605451822280884,0.9814998507499695,0.9701848149299621,1
HP1316,HP1315,1,0.991851806640625,0.9903171062469482,0.9833467602729797,0.9890983700752258,0.9728774428367615,0.9862659573554993,0.9921373128890991,0.98328697681427,0.9827473163604736,0.9884415864944458,0.9860370635986329,1
HP1315,HP1314,1,0.9887334108352661,0.9866758584976196,0.9809707999229431,0.9885525703430176,0.9641338586807251,0.9894205331802368,0.9815733432769775,0.9825125336647034,0.9857302308082581,0.9923347234725952,0.9840637862682342,1
HP1314,HP1313,1,0.9852083325386047,0.966864287853241,0.9657418727874756,0.9887085556983948,0.956311821937561,0.9600008130073547,0.9831939339637756,0.978622555732727,0.9678667783737183,0.9908947348594666,0.9743413686752319,1
HP1313,HP1312,1,0.9948726296424866,0.9930051565170288,0.9906122088432312,0.9951197504997253,0.9845463633537292,0.9950045943260193,0.99546217918396,0.9892808198928833,0.9862591624259949,0.9912270307540894,0.9915389895439148,1
HP1312,HP1311,1,0.9921652674674988,0.9840385317802429,0.9829211831092834,0.9817227125167847,0.9750048518180847,0.994358479976654,0.9873294234275818,0.9876765608787537,0.9825632572174072,0.9885141849517822,0.9856294453144073,1
HP1311,HP1310,1,0.983161449432373,0.9813279509544373,0.9967552423477173,0.9951296448707581,0.9779983162879944,0.9889496564865112,0.9910596013069153,0.9730491638183594,0.9766156077384949,0.9932593703269958,0.9857306003570556,1
HP1310,HP1309,1,0.9898864030838013,0.9778340458869934,0.9917359948158264,0.9918301701545715,0.9673141837120056,0.9787652492523193,0.9921560287475586,0.9892785549163818,0.9862023591995239,0.9851493835449219,0.9850152373313904,1
HP1309,HP1308,1,0.9920774698257446,0.983873724937439,0.9827193021774292,0.9826579093933105,0.9747579097747803,0.9947356581687927,0.9872292280197144,0.9879915714263916,0.983177125453949,0.988800585269928,0.985802048444748,1
HP1308,HP1307,1,0.993235170841217,0.9938618540763855,0.9923675060272217,0.9945933818817139,0.9794681668281555,0.989890992641449,0.9976264238357544,0.9857487678527832,0.9870389103889465,0.9895145297050476,0.9903345704078674,1
HP1307,HP1306,1,0.9895051121711731,0.9873521327972412,0.9858850240707397,0.993227481842041,0.9682204127311707,0.9812668561935425,0.9861584901809692,0.9735151529312134,0.9812664985656738,0.9809139370918274,0.9827311098575592,1
HP1306,HP1305,1,0.9912729859352112,0.9900714159011841,0.9852199554443359,0.9892303347587585,0.972112238407135,0.984648585319519,0.9939673542976379,0.9815597534179688,0.9873173832893372,0.985097348690033,0.9860497355461121,1
HP1305,HP1304,1,0.9876910448074341,0.98480623960495,0.9890172481536865,0.9931080341339111,0.9706504344940186,0.9721765518188477,0.9958390593528748,0.9772589206695557,0.9785938262939453,0.971039354801178,0.9820180714130402,1
HP1304,HP1303,1,0.987601101398468,0.9805872440338135,0.9912329316139221,0.9939340949058533,0.9762164950370789,0.9797029495239258,0.9970013499259949,0.9757140874862671,0.9807278513908386,0.9815564751625061,0.9844274580478668,1
HP1303,HP1302,1,0.9907144904136658,0.9843181371688843,0.9823395609855652,0.9843524098396301,0.9727140069007874,0.9954158663749695,0.9857845306396484,0.9884112477302551,0.9842578768730164,0.9891904592514038,0.9857498586177826,1
HP1302,HP1301,1,0.9903269410133362,0.9881961941719055,0.9853702783584595,0.9922369122505188,0.9729904532432556,0.9880467057228088,0.9899480938911438,0.9793986082077026,0.9870868921279907,0.9862485527992249,0.9859849631786346,1
HP1301,HP1300,1,0.8916084170341492,0.9549856781959534,0.9557121992111206,0.9741594195365906,0.9245967864990234,0.9440402984619141,0.961259126663208,0.9604787826538086,0.9420299530029297,0.947724461555481,0.9456595122814179,1
HP1300,HP1299,1,0.9920704960823059,0.9838408827781677,0.9826896786689758,0.9826444387435913,0.9746645092964172,0.9947080612182617,0.9871482253074646,0.987964391708374,0.9832107424736023,0.9887735843658447,0.9857715010643006,1
HP1299,HP1298,1,0.9918416142463684,0.9848873019218445,0.9832930564880371,0.979949951171875,0.9750762581825256,0.99361252784729,0.9872245788574219,0.9869751930236816,0.9808288812637329,0.9878900051116943,0.9851579368114471,1
HP1298,HP1297,0,0.20325608551502228,0.28295934200286865,0.21462424099445343,0.12342464923858643,0.3116462826728821,0.2788373529911041,0.24645023047924042,0.19645744562149048,0.17350484430789948,0.5453727841377258,0.2576533257961273,0
HP1297,HP1296,1,0.9916824102401733,0.976579487323761,0.9804986715316772,0.9815450310707092,0.9693242907524109,0.9878056645393372,0.9898496270179749,0.9757662415504456,0.9882997274398804,0.9838158488273621,0.9825167000293732,1
HP1296,HP1295,1,0.9853052496910095,0.9883686304092407,0.9906280636787415,0.9950743317604065,0.9771833419799805,0.9815441966056824,0.9935162663459778,0.9857880473136902,0.980426549911499,0.9872081279754639,0.9865042805671692,1
HP1295,HP1294,1,0.983504593372345,0.9664110541343689,0.9786937832832336,0.985888659954071,0.9546327590942383,0.9580721855163574,0.9930704236030579,0.983898937702179,0.9649388790130615,0.9807909727096558,0.9749902248382568,1
HP1294,HP1293,1,0.9912981390953064,0.9909844994544983,0.9814170002937317,0.9891175627708435,0.9746402502059937,0.989384651184082,0.992711067199707,0.9822201728820801,0.9884775280952454,0.9909443259239197,0.9871195197105408,1
HP1293,HP1292,1,0.9919986128807068,0.984507143497467,0.98312908411026,0.9804370999336243,0.9749865531921387,0.9938122034072876,0.987213134765625,0.9871523380279541,0.9815084338188171,0.9880495071411133,0.9852794110774994,1
HP1285,HP1284,1,0.984592616558075,0.9849486947059631,0.9887216091156006,0.9901419281959534,0.9714888334274292,0.9855905175209045,0.9939141869544983,0.9779284596443176,0.9853780269622803,0.9838858842849731,0.9846590757369995,1
HP1284,HP1283,1,0.8616749048233032,0.919570803642273,0.9338354468345642,0.9053414463996887,0.870590329170227,0.8609326481819153,0.8941437005996704,0.7709197998046875,0.7524732351303101,0.9582669734954834,0.8727749288082123,1
HP1283,HP1282,0,0.618424117565155,0.6616712808609009,0.835014283657074,0.503068745136261,0.5143594741821289,0.6654710173606873,0.7391366362571716,0.5308528542518616,0.25820106267929077,0.43843117356300354,0.5764630645513534,1
HP1282,HP1281,1,0.992116391658783,0.9843200445175171,0.9830840826034546,0.9810020327568054,0.9751355648040771,0.9940788745880127,0.9873661398887634,0.9874193072319031,0.9819617867469788,0.9882859587669373,0.9854770183563233,1
HP1281,HP1279,1,0.0727856233716011,0.32032763957977295,0.20202936232089996,0.14685314893722534,0.18221400678157806,0.1460702121257782,0.21359261870384216,0.17881986498832703,0.05246393755078316,0.06905429810285568,0.15842107124626637,0
HP1279,HP1278,1,0.99112468957901,0.9925814867019653,0.9917304515838623,0.9940434098243713,0.9798733592033386,0.9798803329467773,0.9972720146179199,0.9876507520675659,0.9726780652999878,0.9884377717971802,0.9875272333621978,1
HP1278,HP1277,1,0.9919780492782593,0.9838626980781555,0.982650876045227,0.9830202460289001,0.9745785593986511,0.9948758482933044,0.9871181845664978,0.988112211227417,0.9834047555923462,0.988902747631073,0.9858504176139832,1
HP1277,HP1254,0,8.254955901065841e-05,0.0003245351545047015,0.0015485428739339113,0.00025977223413065076,0.0009275529300794005,0.0032679291907697916,0.00033951629302464426,0.00021153796114958823,0.0004893342265859246,0.00017394241876900196,0.0007625212841958273,0
HP1254,HP1253,1,0.967933714389801,0.9326527714729309,0.9323592185974121,0.935586154460907,0.9233258366584778,0.9181524515151978,0.8621998429298401,0.9410797357559204,0.9500001668930054,0.9509863257408142,0.9314276218414307,1
HP1253,HP1252,1,0.9895672798156738,0.9847569465637207,0.9822368025779724,0.9845756888389587,0.9711936116218567,0.9955092668533325,0.984541654586792,0.9883270263671875,0.9844824075698853,0.9891817569732666,0.9854372441768646,1
HP1252,HP1251,1,0.9920873045921326,0.9838414192199707,0.9827037453651428,0.9825384616851807,0.9747084379196167,0.9946825504302979,0.9872043132781982,0.9879226088523865,0.9831273555755615,0.9887472987174988,0.9857563495635986,1
HP1251,HP1250,1,0.9914038777351379,0.9900091290473938,0.9913385510444641,0.9937940835952759,0.9790684580802917,0.9833568334579468,0.9981425404548645,0.9913951754570007,0.9790647029876709,0.9896543622016907,0.9887227714061737,1
HP1250,HP1249,1,0.9767174124717712,0.9587537050247192,0.9500911235809326,0.9741159677505493,0.9324217438697815,0.9438744187355042,0.9443995356559753,0.9549704194068909,0.9436334371566772,0.9656255841255188,0.954460334777832,1
HP1249,HP1248,1,0.987726092338562,0.9848893284797668,0.9819045066833496,0.984381377696991,0.9678410291671753,0.9952369928359985,0.9815121293067932,0.9878414869308472,0.9847625494003296,0.9888405799865723,0.9844936072826386,1
HP1248,HP1247,1,0.9921486973762512,0.9839297533035278,0.9828141927719116,0.9821547269821167,0.9748976826667786,0.9945300817489624,0.9872877597808838,0.9878165125846863,0.9828671813011169,0.9886440634727478,0.9857090651988983,1
HP1247,HP1246,0,0.581120491027832,0.548163652420044,0.45760655403137207,0.1805071383714676,0.4596852660179138,0.5772627592086792,0.537409782409668,0.6236104369163513,0.40717530250549316,0.6080568432807922,0.4980598226189613,0
HP1246,HP1245,1,0.9901817440986633,0.9883459806442261,0.9942660331726074,0.9943304657936096,0.968247652053833,0.9883484840393066,0.9961066246032715,0.9818970561027527,0.9884307384490967,0.990175724029541,0.9880330502986908,1
HP1245,HP1244,1,0.9895895719528198,0.9921010136604309,0.9936118125915527,0.9944707751274109,0.9867132902145386,0.9926536679267883,0.9946783781051636,0.9858230948448181,0.9844022393226624,0.9922849535942078,0.9906328797340394,1
HP1241,HP1240,1,0.9920607209205627,0.9935457110404968,0.9904460310935974,0.9936689138412476,0.9857311844825745,0.9882171154022217,0.9961617588996887,0.9888156652450562,0.983288586139679,0.9762522578239441,0.9888187944889069,1
HP1222,HP1221,1,0.9746819734573364,0.9935370683670044,0.9876752495765686,0.9950100779533386,0.9874885678291321,0.9839510321617126,0.9975482225418091,0.9785857796669006,0.9758353233337402,0.9761677980422974,0.985048109292984,1
HP1221,HP1220,1,0.991411566734314,0.9839957356452942,0.9824471473693848,0.9839052557945251,0.9736606478691101,0.9952226281166077,0.9864959120750427,0.9883419871330261,0.9839835166931152,0.9891064763069153,0.9858570873737336,1
HP1203,HP1202,1,0.9053004384040833,0.9459524154663086,0.9624915719032288,0.9673405885696411,0.9179797172546387,0.9322246313095093,0.9740508198738098,0.9420652389526367,0.9453297257423401,0.9406676888465881,0.9433402836322784,1
HP1202,HP1201,1,0.9840907454490662,0.9880848526954651,0.9836664795875549,0.9860854148864746,0.9674308896064758,0.9846029281616211,0.9878457188606262,0.9771886467933655,0.9848726391792297,0.9855027794837952,0.9829371094703674,1
HP1201,HP1200,1,0.9534894824028015,0.978573203086853,0.9862527847290039,0.9850795269012451,0.9635205268859863,0.9743276834487915,0.9863958358764648,0.9739605784416199,0.9624544382095337,0.9630225896835327,0.9727076649665832,1
HP1200,HP1199,1,0.9782851338386536,0.9884909391403198,0.9927628636360168,0.9960440397262573,0.9690721035003662,0.9870865345001221,0.990705668926239,0.9867302179336548,0.9792124032974243,0.9874005913734436,0.9855790495872497,1
HP1199,HP1198,1,0.9767425656318665,0.9881209135055542,0.9756959676742554,0.9895346164703369,0.9709566831588745,0.968833327293396,0.991465151309967,0.98060142993927,0.9737764596939087,0.988717257976532,0.9804444372653961,1
HP1190,HP1189,1,0.9917778968811035,0.9836938977241516,0.9823771119117737,0.983287513256073,0.9737668633460999,0.9948906898498535,0.986514151096344,0.9880620241165161,0.9837542772293091,0.9888532757759094,0.9856977701187134,1
HP1184,HP1183,1,0.9141191840171814,0.7918510437011719,0.8301661610603333,0.755852460861206,0.7557228803634644,0.8123871684074402,0.7409974932670593,0.7290700674057007,0.7297845482826233,0.740783154964447,0.7800734162330627,1
HP1183,HP1180,0,0.04826170206069946,0.10495249927043915,0.21155425906181335,0.13239245116710663,0.19452153146266937,0.22257471084594727,0.26072654128074646,0.2044813185930252,0.09588491171598434,0.11522575467824936,0.15905756801366805,0
HP1180,HP1179,1,0.991712212562561,0.9868677258491516,0.9958839416503906,0.9911913275718689,0.9843729734420776,0.986584484577179,0.9989368319511414,0.9900327324867249,0.985718846321106,0.9929308295249939,0.9904231905937195,1
HP1179,HP1178,1,0.9921135902404785,0.9837992191314697,0.9825873970985413,0.9823473691940308,0.9745398163795471,0.9945725202560425,0.9870638251304626,0.9878097176551819,0.9830688834190369,0.9886393547058105,0.9856541693210602,1
HP1162,HP1161,1,0.7177262902259827,0.5752527713775635,0.6690337061882019,0.8105521202087402,0.7834205627441406,0.7365798950195312,0.7080976366996765,0.6812182068824768,0.730730414390564,0.8206859827041626,0.723329758644104,1
HP1161,HP1160,1,0.8189271688461304,0.4780575633049011,0.9091507196426392,0.49240583181381226,0.6685134768486023,0.8569402098655701,0.8766661286354065,0.577321469783783,0.4953567683696747,0.8790624737739563,0.7052401810884475,1
HP1160,HP1153,0,0.003833137219771743,0.005395038053393364,0.059419505298137665,0.0400199256837368,0.06382716447114944,0.04327070713043213,0.030356157571077347,0.006058231461793184,0.010090620256960392,0.0092534888535738,0.027152397600002588,0
HP1153,HP1152,1,0.9857718348503113,0.9845604300498962,0.979375958442688,0.9878345131874084,0.9611508250236511,0.9754794239997864,0.9927193522453308,0.9695935249328613,0.9762515425682068,0.9628192782402039,0.9775556683540344,1
HP1152,HP1151,1,0.8594565987586975,0.929677426815033,0.8767005205154419,0.7940776348114014,0.8931941986083984,0.9087913632392883,0.9383913278579712,0.8685986995697021,0.6409785747528076,0.8725387454032898,0.8582405090332031,1
HP1151,HP1150,1,0.9842236042022705,0.9900223612785339,0.9923033714294434,0.9945521354675293,0.9833299517631531,0.9891456365585327,0.9975035190582275,0.9821380972862244,0.9864183068275452,0.9855912327766418,0.9885228216648102,1
HP1150,HP1149,1,0.9899183511734009,0.9845722913742065,0.9822412729263306,0.9845177531242371,0.9715502858161926,0.9954716563224792,0.9848393201828003,0.9883431792259216,0.9844631552696228,0.9891663789749146,0.9855083644390106,1
HP1149,HP1148,1,0.9907943606376648,0.9842724204063416,0.9823524355888367,0.9843142032623291,0.9728192090988159,0.9953992366790771,0.9858676791191101,0.9884079694747925,0.9842448234558105,0.9891838431358337,0.9857656180858612,1
HP1148,HP1147,1,0.8867049813270569,0.907899022102356,0.851392388343811,0.9181807041168213,0.766348659992218,0.8789524435997009,0.7654392719268799,0.88083815574646,0.848831295967102,0.907586395740509,0.8612173318862915,1
HP1143,HP1142,1,0.9827764630317688,0.984905481338501,0.9835866689682007,0.9865155816078186,0.949725866317749,0.9799243807792664,0.9952108860015869,0.9742092490196228,0.9838376045227051,0.9844710230827332,0.9805163204669952,1
HP1142,HP1141,1,0.9889338612556458,0.9912813901901245,0.9879378080368042,0.993145227432251,0.9834092259407043,0.9761179685592651,0.9984459280967712,0.9849460124969482,0.9725840091705322,0.9859752058982849,0.9862776637077332,1
HP1141,HP1140,1,0.9919132590293884,0.9836651086807251,0.9823962450027466,0.9829792976379395,0.9739260077476501,0.994759738445282,0.9866117835044861,0.9879271984100342,0.9835676550865173,0.9887486100196838,0.9856494903564453,1
HP1140,HP1139,1,0.9841020107269287,0.9877782464027405,0.9637842178344727,0.9889308214187622,0.9524071216583252,0.9806258082389832,0.9650929570198059,0.9722696542739868,0.9819861054420471,0.968550443649292,0.9745527386665345,1
HP1139,HP1138,1,0.9872748851776123,0.982479989528656,0.9891539216041565,0.9949227571487427,0.9620369076728821,0.9771645665168762,0.998126208782196,0.9743523001670837,0.9830804467201233,0.9841626882553101,0.9832754671573639,1
HP1125,HP1124,1,0.9922635555267334,0.9839951395988464,0.9911394715309143,0.9894078969955444,0.9725415706634521,0.987025260925293,0.9974811673164368,0.9777600169181824,0.9882396459579468,0.9916947484016418,0.9871548473834991,1
HP1124,HP1123,1,0.9920240640640259,0.9833476543426514,0.9823358058929443,0.9820439219474792,0.9736723303794861,0.994236171245575,0.9862497448921204,0.987471342086792,0.9833809733390808,0.9883377552032471,0.9853099763393403,1
HP1123,HP1122,0,0.3037702441215515,0.26576709747314453,0.05285052955150604,0.11311063915491104,0.3078792691230774,0.4128977656364441,0.17735980451107025,0.1375419646501541,0.2889094352722168,0.2580256462097168,0.23181123957037925,0
HP1122,HP1121,1,0.6608647108078003,0.5792133212089539,0.47842279076576233,0.45812809467315674,0.6132545471191406,0.7367819547653198,0.6005930304527283,0.49485087394714355,0.48045244812965393,0.6475391387939453,0.5750100910663605,1
HP1121,HP1120,1,0.6103818416595459,0.4630555212497711,0.830247163772583,0.40921950340270996,0.7214361429214478,0.6831378936767578,0.8858095407485962,0.6959535479545593,0.4106817841529846,0.7807949781417847,0.6490717917680741,1
HP1120,HP1119,1,0.9730780124664307,0.9737281799316406,0.9651473164558411,0.975899875164032,0.9439512491226196,0.9530146718025208,0.9910011887550354,0.9629297852516174,0.9695490002632141,0.9833011627197266,0.9691600441932678,1
HP1117,HP1116,1,0.8939396142959595,0.8193737864494324,0.9630265831947327,0.9088467955589294,0.7970937490463257,0.7897302508354187,0.8717525601387024,0.7554252743721008,0.5283172130584717,0.7768446207046509,0.8104350447654725,1
HP1116,HP1115,1,0.9820390343666077,0.8807600140571594,0.975509524345398,0.9655671715736389,0.8320990800857544,0.8496686220169067,0.947250485420227,0.9417268633842468,0.8442628979682922,0.9606379270553589,0.917952162027359,1
HP1100,HP1099,1,0.9752882122993469,0.9281532764434814,0.8524112105369568,0.7699777483940125,0.7936052083969116,0.9691436290740967,0.920731246471405,0.9378166794776917,0.9164100289344788,0.8567898869514465,0.8920327126979828,1
HP1099,HP1098,1,0.8202099204063416,0.8209658861160278,0.9591613411903381,0.9515363574028015,0.8895605206489563,0.8670209050178528,0.9785617589950562,0.8487402200698853,0.7898527979850769,0.8586814999580383,0.8784291207790375,1
HP1098,HP1097,1,0.9869300723075867,0.9851589202880859,0.9899401068687439,0.9930586814880371,0.9775290489196777,0.9771560430526733,0.9941796064376831,0.9851306080818176,0.9653331637382507,0.985985279083252,0.9840401530265808,1
HP1082,HP1081,1,0.9921118021011353,0.984309732913971,0.983086884021759,0.9810025095939636,0.9751209020614624,0.9940769672393799,0.9873590469360352,0.9874171018600464,0.9819705486297607,0.988285481929779,0.9854740977287293,1
HP1081,HP1080,1,0.9936352968215942,0.9915866851806641,0.9912688136100769,0.9947195649147034,0.9839464426040649,0.9855813384056091,0.9983049035072327,0.9911532998085022,0.9845583438873291,0.9893972873687744,0.9904151976108551,1
HP1080,HP1079,0,0.5076934695243835,0.6251986622810364,0.6515738368034363,0.30700451135635376,0.6692403554916382,0.5376144647598267,0.39669710397720337,0.5380679965019226,0.5285050868988037,0.46113327145576477,0.5222728759050369,1
HP1079,HP1078,1,0.9878405332565308,0.9838345050811768,0.9763465523719788,0.9874155521392822,0.9555873870849609,0.9801961779594421,0.9941491484642029,0.9714446067810059,0.9841557741165161,0.9894387125968933,0.981040894985199,1
HP1078,HP1077,1,0.8938779830932617,0.8465284705162048,0.6850448846817017,0.47018373012542725,0.6982767581939697,0.8257343769073486,0.715022087097168,0.8733349442481995,0.8097963929176331,0.7807267904281616,0.7598526418209076,1
HP1057,HP1056,1,0.9909449219703674,0.984160840511322,0.982338011264801,0.9842144250869751,0.9729244709014893,0.9953420162200928,0.9859453439712524,0.9883745312690735,0.9842096567153931,0.9891465902328491,0.9857600808143616,1
HP1056,HP1055,1,0.9924448728561401,0.9890823364257812,0.9916270971298218,0.9941619634628296,0.9826246500015259,0.9850522875785828,0.9985063076019287,0.9837833642959595,0.9856657385826111,0.9928890466690063,0.9895837664604187,1
HP1055,HP1054,1,0.9883478879928589,0.9910857081413269,0.9892477989196777,0.9893583059310913,0.9825950264930725,0.9853166341781616,0.9950704574584961,0.9840682148933411,0.9853702783584595,0.9874125123023987,0.9877872824668884,1
HP1054,HP1053,1,0.992154598236084,0.983956515789032,0.9828276634216309,0.9820480346679688,0.9749008417129517,0.9944841861724854,0.9872819781303406,0.9877663850784302,0.9827989339828491,0.9886033535003662,0.9856822490692139,1
HP1053,HP1052,0,0.9904768466949463,0.9836122989654541,0.9815593957901001,0.9837902784347534,0.970547616481781,0.9949548840522766,0.9841040968894958,0.9878384470939636,0.9843465685844421,0.988744854927063,0.9849975287914277,1
HP1052,HP1051,1,0.884969174861908,0.8835231065750122,0.9161025285720825,0.9266514182090759,0.8962261080741882,0.9170114994049072,0.9389359354972839,0.7974323034286499,0.8056243062019348,0.9261870980262756,0.8892663478851318,1
HP1051,HP1050,0,0.8971927165985107,0.8343467116355896,0.8335729241371155,0.8590710759162903,0.8396868705749512,0.8693080544471741,0.8647255897521973,0.8075295686721802,0.7964451909065247,0.9387658834457397,0.8540644586086273,1
HP1050,HP1049,1,0.9918489456176758,0.9843444228172302,0.9827284216880798,0.9798889756202698,0.9740195870399475,0.9933407306671143,0.9863549470901489,0.9865883588790894,0.9815222024917603,0.9875714182853699,0.9848208010196686,1
HP1049,HP1048,1,0.9691691994667053,0.985700249671936,0.9790605902671814,0.9762760996818542,0.9409976005554199,0.9898349046707153,0.9640879034996033,0.98436039686203,0.9797927737236023,0.9874937534332275,0.9756773471832275,1
HP1048,HP1047,1,0.9892993569374084,0.9877224564552307,0.9833124876022339,0.9786978960037231,0.9737867116928101,0.9920663833618164,0.9856517314910889,0.9849597811698914,0.9723029136657715,0.9865206480026245,0.9834320366382598,1
HP1047,HP1046,1,0.9906283020973206,0.9843486547470093,0.9823244214057922,0.9843775629997253,0.9725859761238098,0.9954260587692261,0.9856845140457153,0.9884059429168701,0.9842849373817444,0.9891906976699829,0.9857257068157196,1
HP1040,HP1039,1,0.9774574637413025,0.9704155921936035,0.9887685179710388,0.9819145798683167,0.959044337272644,0.9763404726982117,0.9827678799629211,0.9599811434745789,0.9719575643539429,0.9823207855224609,0.975096833705902,1
HP1039,HP1038,0,0.49544456601142883,0.46898236870765686,0.4581945538520813,0.29725903272628784,0.5156057476997375,0.5123386383056641,0.5992420315742493,0.45185163617134094,0.3634243607521057,0.5577196478843689,0.47200625836849214,0
HP1038,HP1037,1,0.9915750622749329,0.9849758148193359,0.9930312037467957,0.9876945614814758,0.9701367020606995,0.9820987582206726,0.9971706867218018,0.9832270741462708,0.9839738607406616,0.9878188967704773,0.9861702620983124,1
HP1037,HP1036,1,0.9912187457084656,0.9803708791732788,0.9805701971054077,0.9804360270500183,0.9673120975494385,0.9921792149543762,0.9791232943534851,0.9843559265136719,0.9845322966575623,0.9862024784088135,0.9826301157474517,1
HP1036,HP1035,1,0.9864959120750427,0.9829689860343933,0.9808583855628967,0.9832610487937927,0.9621432423591614,0.993980884552002,0.9747822880744934,0.9866145849227905,0.9853079319000244,0.987758457660675,0.9824171721935272,1
HP1035,HP1034,1,0.9920228719711304,0.9838341474533081,0.9826772809028625,0.9828413724899292,0.9746071100234985,0.9947882294654846,0.987115740776062,0.9880410432815552,0.9833316206932068,0.9888366460800171,0.9858096063137054,1
HP1034,HP1032,1,0.4214722514152527,0.2569030523300171,0.6329874396324158,0.7331205010414124,0.6559459567070007,0.37980130314826965,0.5297805070877075,0.28514426946640015,0.3811284899711609,0.5162807703018188,0.47925645411014556,0
HP1032,HP1031,1,0.9904401302337646,0.9843981266021729,0.9823086261749268,0.9844314455986023,0.9723100066184998,0.9954437613487244,0.9854616522789001,0.9883975982666016,0.9843533635139465,0.9891859889030457,0.9856730699539185,1
HP1031,HP1030,1,0.9781210422515869,0.9737555980682373,0.980811357498169,0.9846009612083435,0.9569125175476074,0.958031415939331,0.9919409155845642,0.9788050651550293,0.9655585885047913,0.981368362903595,0.9749905824661255,1
HP1030,HP1029,1,0.9865607619285583,0.9854811429977417,0.9966250061988831,0.9968352317810059,0.9749881029129028,0.9863476157188416,0.9967197179794312,0.9843083024024963,0.9801803827285767,0.9917083382606506,0.9879754602909088,1
HP1029,HP1028,1,0.9914649128913879,0.9838977456092834,0.9823105931282043,0.9837833642959595,0.973423957824707,0.9951263070106506,0.9862993359565735,0.9882299900054932,0.9839499592781067,0.989009439945221,0.9857495605945588,1
HP0972,HP0971,1,0.9906367063522339,0.9827213287353516,0.9877036213874817,0.990291178226471,0.9709410667419434,0.9891247749328613,0.9930088520050049,0.982489824295044,0.9832655191421509,0.9858193397521973,0.985600221157074,1
HP0971,HP0970,1,0.9916273355484009,0.9839293956756592,0.982494056224823,0.9836701154708862,0.9739920496940613,0.9951308369636536,0.9867315292358398,0.9882887601852417,0.9838201999664307,0.9890598058700562,0.9858744084835053,1
HP0970,HP0969,1,0.9869594573974609,0.9854971170425415,0.9819916486740112,0.984333872795105,0.9678976535797119,0.9953606128692627,0.9816400408744812,0.9878721237182617,0.984507143497467,0.9890316128730774,0.9845091283321381,1
HP0966,HP0965,1,0.9917696118354797,0.9839131236076355,0.9825426936149597,0.9834813475608826,0.9742428064346313,0.9950605630874634,0.9869071245193481,0.9882465600967407,0.9836767911911011,0.9890232682228088,0.9858863890171051,1
HP0965,HP0964,1,0.9917190670967102,0.9839105606079102,0.9825505018234253,0.9835503101348877,0.9741835594177246,0.9950909614562988,0.9868698120117188,0.9882701635360718,0.9837375283241272,0.9890432953834534,0.9858925759792327,1
HP0964,HP0963,1,0.9908801913261414,0.9842672348022461,0.98238205909729,0.9842900037765503,0.9730061292648315,0.9953995943069458,0.9860151410102844,0.9884260296821594,0.9842005968093872,0.9891982674598694,0.9858065247535706,1
HP0963,HP0962,1,0.9920448660850525,0.984504222869873,0.9831789135932922,0.9806225299835205,0.975161612033844,0.9939254522323608,0.9873567223548889,0.9872784614562988,0.9815900921821594,0.9881595373153687,0.9853822410106658,1
HP0962,HP0961,0,0.6465770602226257,0.5926234722137451,0.46312639117240906,0.32470741868019104,0.3321412205696106,0.49937906861305237,0.2328227311372757,0.7345144748687744,0.3828275501728058,0.41862449049949646,0.46273438781499865,0
HP0961,HP0960,1,0.9817737340927124,0.9301754236221313,0.8635860085487366,0.8797047138214111,0.8002897500991821,0.9648598432540894,0.9575773477554321,0.954541027545929,0.9301992058753967,0.868980348110199,0.9131687402725219,1
HP0960,HP0959,1,0.9917398691177368,0.9837566614151001,0.9823360443115234,0.983393132686615,0.9736987948417664,0.9949421882629395,0.9864878058433533,0.9880680441856384,0.9837414026260376,0.9888695478439331,0.9857033491134644,1
HP0959,HP0958,1,0.9877629280090332,0.988457977771759,0.9875292778015137,0.9918995499610901,0.9678269624710083,0.9804452657699585,0.9915477633476257,0.9866057634353638,0.9818787574768066,0.9735439419746399,0.9837498188018798,1
HP0958,HP0957,1,0.9899515509605408,0.9842139482498169,0.9821521639823914,0.9844031929969788,0.9710489511489868,0.9953522086143494,0.9844352006912231,0.9881881475448608,0.9846299290657043,0.9890093207359314,0.9853384613990783,1
HP0957,HP0956,1,0.9798906445503235,0.95572429895401,0.9685748219490051,0.969745397567749,0.9429064989089966,0.9705154299736023,0.9614173173904419,0.9392741918563843,0.9648802280426025,0.9672489762306213,0.9620177805423736,1
HP0956,HP0955,1,0.9455393552780151,0.8896035552024841,0.9404373168945312,0.9687660336494446,0.8706409335136414,0.9169328808784485,0.9152241945266724,0.8717727661132812,0.9343467354774475,0.9356337189674377,0.9188897490501404,1
HP0955,HP0954,1,0.9918401837348938,0.9828029274940491,0.980944812297821,0.9823628664016724,0.9712490439414978,0.9940166473388672,0.9845126867294312,0.9870622158050537,0.98356693983078,0.9879734516143799,0.9846331775188446,1
HP0954,HP0953,1,0.9822148084640503,0.9772083759307861,0.9796187877655029,0.988278865814209,0.9725004434585571,0.9663419723510742,0.9957460165023804,0.9654563665390015,0.9750903248786926,0.9736073017120361,0.977606326341629,1
HP0953,HP0950,0,0.006463832687586546,0.019083397462964058,0.03710528463125229,0.01301886048167944,0.003657459979876876,0.011322871781885624,0.010135396383702755,0.00650992663577199,0.004678339697420597,0.003664822783321142,0.011564019252546132,0
HP0950,HP0949,1,0.9878897666931152,0.9880880117416382,0.9819406867027283,0.9903289079666138,0.9629127979278564,0.9858862161636353,0.9900153875350952,0.9737857580184937,0.9873218536376953,0.9826207756996155,0.9830790162086487,1
HP0949,HP0948,1,0.9738731384277344,0.9693385362625122,0.9827485680580139,0.9874960780143738,0.9509458541870117,0.96150803565979,0.9827210903167725,0.964730441570282,0.9738898873329163,0.9406605362892151,0.9687912166118622,1
HP0920,HP0919,1,0.9487743377685547,0.7858453989028931,0.9749194979667664,0.8566953539848328,0.7299589514732361,0.7697336673736572,0.708166241645813,0.6869155764579773,0.8012386560440063,0.8614922761917114,0.8123739957809448,1
HP0919,HP0918,1,0.9898903965950012,0.9889513254165649,0.9858119487762451,0.9920002818107605,0.9670825004577637,0.9850713014602661,0.9897193908691406,0.9807168841362,0.9828195571899414,0.9859933257102966,0.9848056912422181,1
HP0902,HP0901,1,0.9911973476409912,0.9940565824508667,0.9890470504760742,0.9927834272384644,0.9860549569129944,0.9934963583946228,0.9951947927474976,0.9876747727394104,0.9882779121398926,0.9915463328361511,0.9909329533576965,1
HP0901,HP0900,0,0.6228437423706055,0.6857204437255859,0.4421389102935791,0.2617557942867279,0.5506895780563354,0.6623509526252747,0.3397825062274933,0.6710518002510071,0.6275085210800171,0.5738915205001831,0.5437733769416809,1
HP0900,HP0899,1,0.9919175505638123,0.9843465685844421,0.9827060699462891,0.980092465877533,0.9740902185440063,0.9934605956077576,0.9864490032196045,0.986685037612915,0.9815447926521301,0.9876378178596497,0.984893012046814,1
HP0899,HP0898,1,0.9939224720001221,0.9948540329933167,0.9946552515029907,0.996806800365448,0.9882329106330872,0.9896941184997559,0.99737948179245,0.9935147166252136,0.9894413948059082,0.9925134181976318,0.9931014597415924,1
HP0895,HP0894,1,0.9919174313545227,0.9836959838867188,0.9825054407119751,0.9830171465873718,0.9741180539131165,0.9947941303253174,0.9867491722106934,0.9880167841911316,0.9835755228996277,0.9888054132461548,0.9857195079326629,1
HP0894,HP0893,0,0.45562463998794556,0.555594801902771,0.5290237069129944,0.22036875784397125,0.4549887478351593,0.46548378467559814,0.26558223366737366,0.44402581453323364,0.25619950890541077,0.39846035838127136,0.40453523546457293,0
HP0893,HP0892,1,0.9788432121276855,0.948341429233551,0.9670072197914124,0.981350302696228,0.9510048031806946,0.9770185947418213,0.9497800469398499,0.8883698582649231,0.9489219188690186,0.9304866790771484,0.9521124064922333,1
HP0892,HP0890,0,0.020721398293972015,0.02130255661904812,0.019365010783076286,0.1209276020526886,0.05489892512559891,0.09907053411006927,0.021972622722387314,0.027609290555119514,0.030330931767821312,0.028826266527175903,0.04450251385569572,0
HP0890,HP0889,1,0.9907160401344299,0.9843190908432007,0.9823436141014099,0.9843518137931824,0.972724437713623,0.9954153895378113,0.9857873320579529,0.9884169101715088,0.9842599630355835,0.9891923666000366,0.9857526957988739,1
HP0889,HP0888,1,0.9917824864387512,0.9837646484375,0.982418954372406,0.9833315014839172,0.9739091396331787,0.99494469165802,0.9866513013839722,0.9880949854850769,0.9837032556533813,0.9888962507247925,0.9857497215270996,1
HP0888,HP0884,0,0.0014917764347046614,0.0017601463478058577,0.0013278946280479431,0.013241549953818321,0.011433802545070648,0.021416835486888885,0.0023754893336445093,0.0054778773337602615,0.0047834147699177265,0.004097762983292341,0.006740654981695115,0
HP0884,HP0883,1,0.9874513149261475,0.9648483395576477,0.9892666339874268,0.9842719435691833,0.9585850238800049,0.9759193062782288,0.9871819615364075,0.9767017960548401,0.9698266386985779,0.9882962703704834,0.9782349228858948,1
HP0883,HP0881,0,0.0012668136041611433,0.0018997155129909515,0.00589036475867033,0.0005621618474833667,0.006092767231166363,0.008124628104269505,0.0016594951739534736,0.002595908008515835,0.004772697109729052,0.0007771261152811348,0.003364167746622115,0
HP0881,HP0880,1,0.9864838123321533,0.9897007346153259,0.9624893069267273,0.9911127686500549,0.9680953025817871,0.9762140512466431,0.9907858371734619,0.9715563058853149,0.981406033039093,0.9730173349380493,0.9790861487388611,1
HP0875,HP0874,1,0.8078961372375488,0.8498458862304688,0.8302348852157593,0.8895002603530884,0.8135501146316528,0.8451701998710632,0.8161776661872864,0.7053222060203552,0.7387070059776306,0.935600221157074,0.8232004582881928,1
HP0874,HP0873,1,0.979191780090332,0.9826356768608093,0.9844671487808228,0.9892810583114624,0.9721660017967224,0.9798166751861572,0.987273633480072,0.962675154209137,0.9748674631118774,0.9801713824272156,0.9792545974254608,1
HP0870,HP0869,0,0.852807343006134,0.5482521653175354,0.6855440735816956,0.6208441257476807,0.6317961812019348,0.7230450510978699,0.6165138483047485,0.5851628184318542,0.7272802591323853,0.5372281670570374,0.6528474032878876,1
HP0869,HP0868,1,0.9899632334709167,0.9871425628662109,0.9685611724853516,0.9864652156829834,0.9536909461021423,0.9829846024513245,0.9923262000083923,0.9750342965126038,0.9874711036682129,0.982063353061676,0.9805702686309814,1
HP0868,HP0867,1,0.9880108833312988,0.985202968120575,0.9820824861526489,0.9844858050346375,0.969132125377655,0.9954404234886169,0.9827342629432678,0.9880632162094116,0.9845668077468872,0.989080548286438,0.9848799526691436,1
HP0867,HP0866,1,0.8751142621040344,0.7676711082458496,0.6909507513046265,0.6368610262870789,0.7386580109596252,0.7694022059440613,0.7811394333839417,0.7847724556922913,0.7486498355865479,0.8074246644973755,0.7600643754005432,1
HP0866,HP0865,1,0.991533100605011,0.983711838722229,0.9823610782623291,0.9836369752883911,0.97340327501297,0.9950227737426758,0.9862386584281921,0.9881731867790222,0.9840258359909058,0.9889331459999084,0.9857039868831634,1
HP0865,HP0864,1,0.9901469945907593,0.9844942688941956,0.9822179675102234,0.9844635128974915,0.9717857241630554,0.9954416155815125,0.9850335121154785,0.9883466958999634,0.9843941330909729,0.9891616702079773,0.985548609495163,1
HP0864,HP0863,1,0.9901162385940552,0.9874506592750549,0.9900763630867004,0.9918567538261414,0.9756337404251099,0.9739108085632324,0.9980656504631042,0.9867450594902039,0.9796882271766663,0.9861838817596436,0.9859727382659912,1
HP0863,HP0862,1,0.9909220337867737,0.9903180599212646,0.989924967288971,0.9918460249900818,0.9778729677200317,0.9838056564331055,0.9965465068817139,0.9877864718437195,0.9777955412864685,0.9879875779151917,0.9874805808067322,1
HP0862,HP0861,1,0.9911534190177917,0.984074056148529,0.9823653101921082,0.9840940237045288,0.9732190370559692,0.9953009486198425,0.9862023591995239,0.9883438944816589,0.9841050505638123,0.9891268014907837,0.9857984900474548,1
HP0861,HP0860,1,0.9919378757476807,0.9838149547576904,0.9825887084007263,0.9830747246742249,0.9744073748588562,0.994878351688385,0.9869967699050903,0.988095223903656,0.9834853410720825,0.9888902902603149,0.9858169615268707,1
HP0860,HP0859,1,0.9481037259101868,0.9264821410179138,0.903371274471283,0.9545632004737854,0.9184162616729736,0.9216196537017822,0.9359027147293091,0.8958758115768433,0.9139288067817688,0.9046013951301575,0.9222864985466004,1
HP0859,HP0858,1,0.9904484152793884,0.9844016432762146,0.9822849631309509,0.9844176173210144,0.9722816944122314,0.9954354763031006,0.985447347164154,0.9883936047554016,0.98433518409729,0.9891839623451233,0.985662990808487,1
HP0858,HP0857,1,0.9921659827232361,0.9841247797012329,0.9828459620475769,0.9812862873077393,0.9748741984367371,0.994147002696991,0.9871911406517029,0.9874515533447266,0.9822911620140076,0.9883075952529907,0.9854685664176941,1
HP0857,HP0853,0,0.0032075822819024324,0.010954884812235832,0.0028588876593858004,0.00041266903281211853,0.002614946337416768,0.010167603380978107,0.004903246182948351,0.002979811280965805,0.003378015011548996,0.0003048736252821982,0.004178251960547641,0
HP0853,HP0852,1,0.9920940399169922,0.9838802814483643,0.982742965221405,0.9825701713562012,0.9747846126556396,0.9946950078010559,0.9872329831123352,0.9879607558250427,0.9831296801567078,0.9887712597846985,0.9857861757278442,1
HP0845,HP0844,1,0.9913617372512817,0.9840553998947144,0.9824434518814087,0.9839701056480408,0.9736410975456238,0.9952600002288818,0.9864875674247742,0.988369345664978,0.983988344669342,0.9891343116760254,0.9858711361885071,1
HP0844,HP0843,1,0.9917222857475281,0.9839188456535339,0.9825404286384583,0.9835522770881653,0.9741770625114441,0.995090126991272,0.9868637919425964,0.9882676601409912,0.9837290644645691,0.9890416264533997,0.9858903169631958,1
HP0832,HP0831,1,0.9909369349479675,0.9859937429428101,0.9826093316078186,0.9881828427314758,0.9692317843437195,0.9880599975585938,0.9976862668991089,0.9755345582962036,0.9839038252830505,0.9916793704032898,0.9853818655014038,1
HP0831,HP0830,0,0.9014057517051697,0.8308283686637878,0.5997584462165833,0.7326793074607849,0.7683027386665344,0.8329428434371948,0.7637385129928589,0.7623600363731384,0.8672110438346863,0.770572304725647,0.7829799354076385,1
HP0830,HP0829,1,0.9912811517715454,0.9896202683448792,0.9907183051109314,0.9906476736068726,0.9787169098854065,0.9830132126808167,0.9985886812210083,0.9832797050476074,0.983006477355957,0.9907839298248291,0.9879656314849854,1
HP0811,HP0810,1,0.9893072247505188,0.9848577380180359,0.9822291731834412,0.9845893383026123,0.9708985686302185,0.9955173134803772,0.9842796921730042,0.9883045554161072,0.9845108985900879,0.9891793727874756,0.9853673875331879,1
HP0810,HP0809,1,0.9510646462440491,0.9327042102813721,0.7982910871505737,0.8917184472084045,0.7885626554489136,0.8907546997070312,0.8427016139030457,0.9499797821044922,0.8494057059288025,0.862445592880249,0.8757628440856934,1
HP0809,HP0808,1,0.9902976751327515,0.9755771160125732,0.99036705493927,0.9909689426422119,0.9702731966972351,0.9916596412658691,0.997053325176239,0.9776274561882019,0.9795923233032227,0.9893141984939575,0.9852730929851532,1
HP0808,HP0807,1,0.7884246110916138,0.6845314502716064,0.5515868663787842,0.5494765043258667,0.7311975359916687,0.7457125186920166,0.37358513474464417,0.6602767705917358,0.7869389057159424,0.6939185261726379,0.6565648823976517,1
HP0802,HP0801,1,0.8263476490974426,0.7739853858947754,0.9039852023124695,0.9063352346420288,0.834942638874054,0.8908637762069702,0.8445613980293274,0.6886817216873169,0.6472545862197876,0.9523072838783264,0.8269264876842499,1
HP0801,HP0800,1,0.989028811454773,0.9849727749824524,0.9822037816047668,0.9845929741859436,0.9705702662467957,0.995521605014801,0.9839996695518494,0.98827064037323,0.9845102429389954,0.9891764521598816,0.9852847218513489,1
HP0800,HP0799,1,0.9886041879653931,0.988595724105835,0.9884676337242126,0.9908142685890198,0.9710695743560791,0.9899401664733887,0.9929177761077881,0.9825882315635681,0.9866176843643188,0.9810400605201721,0.9860655307769776,1
HP0799,HP0798,1,0.9885151982307434,0.9857995510101318,0.9748481512069702,0.9857184886932373,0.9502925872802734,0.9879946708679199,0.9772732257843018,0.9758889675140381,0.9869773387908936,0.9893854856491089,0.9802693665027619,1
HP0798,HP0797,0,0.61100834608078,0.6454441547393799,0.4705292284488678,0.4151392877101898,0.5638183355331421,0.6686475872993469,0.5252156853675842,0.693996012210846,0.5453509092330933,0.802099883556366,0.5941249430179596,1
HP0797,HP0796,1,0.9915682077407837,0.9811208844184875,0.9815331101417542,0.9882016777992249,0.9731618165969849,0.988312304019928,0.9948438405990601,0.9800570607185364,0.98554927110672,0.9897769689559937,0.9854125142097473,1
HP0796,HP0795,0,0.5928278565406799,0.6758663654327393,0.6819882392883301,0.6481643319129944,0.6613047122955322,0.630773663520813,0.6516990661621094,0.46026375889778137,0.5337433218955994,0.6511048078536987,0.6187736123800278,1
HP0795,HP0794,1,0.9774041175842285,0.9384915828704834,0.983153223991394,0.9147528409957886,0.9551233053207397,0.97296142578125,0.9887458682060242,0.9310572147369385,0.9602345824241638,0.937477171421051,0.9559401333332062,1
HP0794,HP0793,1,0.9928777813911438,0.993657648563385,0.9948047995567322,0.9939685463905334,0.9822989106178284,0.9894583821296692,0.9992784857749939,0.9896994233131409,0.9835625886917114,0.9913443326950073,0.9910950899124146,1
HP0793,HP0792,1,0.9948813915252686,0.995472252368927,0.9946819543838501,0.9944111108779907,0.9896062016487122,0.989341676235199,0.9992948174476624,0.9901648759841919,0.9877811670303345,0.9940364360809326,0.9929671883583069,1
HP0792,HP0791,1,0.9915578365325928,0.9937497973442078,0.991929829120636,0.9898576140403748,0.9862841367721558,0.9783422946929932,0.9989456534385681,0.9917613863945007,0.9757795929908752,0.9925381541252136,0.9890746295452117,1
HP0791,HP0790,1,0.9895867705345154,0.98954838514328,0.98821622133255,0.9920606017112732,0.9763137102127075,0.9843814969062805,0.9922155141830444,0.9886767864227295,0.9857049584388733,0.9807332158088684,0.9867437660694123,1
HP0790,HP0789,1,0.3849450945854187,0.5947257876396179,0.5655593872070312,0.5604003667831421,0.5913884043693542,0.7940215468406677,0.7120071649551392,0.42838749289512634,0.4141850173473358,0.665545642375946,0.571116590499878,1
HP0777,HP0776,1,0.9880720376968384,0.9864696860313416,0.9825360774993896,0.9935454726219177,0.9710157513618469,0.9781082272529602,0.9905182123184204,0.9700133204460144,0.9715351462364197,0.9852578043937683,0.9817071735858918,1
HP0776,HP0775,1,0.9724717736244202,0.9861224293708801,0.9796933531761169,0.9785017967224121,0.9473252892494202,0.9915160536766052,0.9672445058822632,0.9849750399589539,0.9812136292457581,0.9879170656204224,0.9776980936527252,1
HP0775,HP0774,1,0.9817888736724854,0.9869667291641235,0.984679102897644,0.9908141493797302,0.9721181392669678,0.9776736497879028,0.9923365116119385,0.9804497957229614,0.9740980863571167,0.9581616520881653,0.9799086689949036,1
HP0774,HP0773,1,0.9914098381996155,0.978965163230896,0.9911399483680725,0.991064190864563,0.9736409783363342,0.9903035759925842,0.9975084066390991,0.9785343408584595,0.979542076587677,0.9905034303665161,0.9862611949443817,1
HP0773,HP0772,1,0.915109395980835,0.6729170083999634,0.8994531631469727,0.8220716714859009,0.8860422968864441,0.8919338583946228,0.8840935826301575,0.887019693851471,0.9272172451019287,0.835636556148529,0.8621494472026825,1
HP0772,HP0771,1,0.9762217402458191,0.9112558960914612,0.9368731379508972,0.9753026366233826,0.8951235413551331,0.9368610382080078,0.9504328966140747,0.9142823219299316,0.9392063617706299,0.8532397747039795,0.9288799345493317,1
HP0736,HP0735,1,0.9905418157577515,0.99318927526474,0.9810152649879456,0.9868628978729248,0.9755942821502686,0.9890128970146179,0.9977039694786072,0.9822825193405151,0.9854341745376587,0.9907703995704651,0.9872407495975495,1
HP0735,HP0734,1,0.9910145401954651,0.9785915017127991,0.9928202629089355,0.9933636784553528,0.9626486301422119,0.984139084815979,0.9978353381156921,0.9801484942436218,0.9875413179397583,0.988426923751831,0.9856529772281647,1
HP0730,HP0729,1,0.982525110244751,0.9832410216331482,0.9904585480690002,0.9930184483528137,0.9513756632804871,0.9587205648422241,0.9960303902626038,0.9849002361297607,0.9712921380996704,0.985113799571991,0.9796675920486451,1
HP0729,HP0728,1,0.9721537232398987,0.9740765690803528,0.9848069548606873,0.9807114005088806,0.9531413316726685,0.975987434387207,0.981918215751648,0.9486363530158997,0.9800533652305603,0.9861218333244324,0.9737607181072235,1
HP0728,HP0727,1,0.7217562198638916,0.8428805470466614,0.7661299705505371,0.8335710763931274,0.7777731418609619,0.8355814814567566,0.8447821736335754,0.7861596941947937,0.8299322128295898,0.7427752614021301,0.7981341779232025,1
HP0727,HP0726,1,0.9914767146110535,0.9840089678764343,0.9824720025062561,0.9838606715202332,0.9738166332244873,0.995216965675354,0.9866161346435547,0.9883483648300171,0.9839187264442444,0.9891144037246704,0.9858849585056305,1
HP0717,HP0716,1,0.9914988279342651,0.985396683216095,0.983354926109314,0.9792776703834534,0.9748479127883911,0.9932411313056946,0.9869722723960876,0.9865692257881165,0.9797571301460266,0.9875485897064209,0.9848464369773865,1
HP0716,HP0715,1,0.9841412901878357,0.989885687828064,0.9874226450920105,0.9888193607330322,0.9722288250923157,0.9769666790962219,0.9940136671066284,0.985075056552887,0.9792561531066895,0.985532283782959,0.9843341648578644,1
HP0715,HP0714,1,0.9909546375274658,0.9718865156173706,0.9887273907661438,0.9893649220466614,0.952208399772644,0.983322262763977,0.9959790110588074,0.9635944962501526,0.9766277074813843,0.9879906177520752,0.9800655961036682,1
HP0682,HP0681,1,0.9687784314155579,0.9666323065757751,0.9736676812171936,0.9818369746208191,0.9336508512496948,0.9706680178642273,0.9761874079704285,0.9581995606422424,0.9712766408920288,0.9876841902732849,0.9688582062721253,1
HP0653,HP0652,1,0.9915006756782532,0.9695006012916565,0.9873932003974915,0.9909778833389282,0.9590368270874023,0.9867773652076721,0.9938371777534485,0.9808182120323181,0.9756680727005005,0.982779860496521,0.9818289875984192,1
HP0652,HP0651,1,0.9249071478843689,0.8871830105781555,0.9662886261940002,0.9679638147354126,0.838838517665863,0.8388060331344604,0.9414675235748291,0.8726837038993835,0.8985380530357361,0.9000727534294128,0.9036749184131623,1
HP0624,HP0623,1,0.9909387826919556,0.9841481447219849,0.9823099374771118,0.9842151403427124,0.9728463292121887,0.9953325390815735,0.9858944416046143,0.9883448481559753,0.9842104315757751,0.9891282916069031,0.9857368886470794,1
HP0623,HP0622,1,0.9917294979095459,0.9850800037384033,0.983325183391571,0.9796737432479858,0.9750268459320068,0.9934775233268738,0.9871585369110107,0.9868333339691162,0.9804331064224243,0.9877654314041138,0.9850503206253052,1
HP0622,HP0621,1,0.9788132309913635,0.9863007068634033,0.9808087348937988,0.9817719459533691,0.9571958780288696,0.9937001466751099,0.9730604887008667,0.9861631989479065,0.9831733107566833,0.9884877800941467,0.9809475421905518,1
HP0599,HP0598,1,0.9909654855728149,0.9784626960754395,0.9872585535049438,0.9880131483078003,0.9661486148834229,0.9817090034484863,0.9939554929733276,0.9778606295585632,0.9821265935897827,0.9884068965911865,0.9834907114505768,1
HP0598,HP0597,1,0.9895039200782776,0.9843572378158569,0.9819368124008179,0.9843741059303284,0.9700766801834106,0.9952724575996399,0.9835481643676758,0.9880714416503906,0.9846091270446777,0.9889373183250427,0.9850687265396119,1
HP0584,HP0583,1,0.9879747629165649,0.9850305318832397,0.9820371270179749,0.9844182133674622,0.9687296748161316,0.9953567385673523,0.9823471307754517,0.9879878163337708,0.9846717119216919,0.9889869093894958,0.9847540616989136,1
HP0583,HP0582,1,0.9911717176437378,0.9841462969779968,0.9824268221855164,0.9841247797012329,0.9734161496162415,0.9953311085700989,0.9863260984420776,0.9884079694747925,0.9840834736824036,0.9891737103462219,0.985860812664032,1
HP0582,HP0581,1,0.9872243404388428,0.9863231778144836,0.9891887903213501,0.9872146844863892,0.9786601066589355,0.9723625183105469,0.9977803230285645,0.9814874529838562,0.9713418483734131,0.9797210097312927,0.9831304252147675,1
HP0581,HP0580,1,0.9911671280860901,0.9840935468673706,0.9823505282402039,0.9840888381004333,0.973219633102417,0.9952867031097412,0.9861624836921692,0.9883561134338379,0.9840954542160034,0.9891244173049927,0.9857944846153259,1
HP0580,HP0579,1,0.9952889680862427,0.9948365688323975,0.9894994497299194,0.9959908723831177,0.9888615608215332,0.9964951872825623,0.9946895241737366,0.9902265667915344,0.9881029725074768,0.9901933073997498,0.992418497800827,1
HP0579,HP0578,1,0.9866473078727722,0.9842461347579956,0.9884285926818848,0.9907030463218689,0.9719197750091553,0.9704189300537109,0.9945981502532959,0.9859552383422852,0.9772993326187134,0.973936915397644,0.9824153423309326,1
HP0578,HP0577,0,0.8394831418991089,0.6573337316513062,0.6166664958000183,0.5516926646232605,0.5989824533462524,0.7144664525985718,0.5463488101959229,0.6732025146484375,0.574285089969635,0.5808586478233337,0.6353320002555847,1
HP0577,HP0576,1,0.9913616180419922,0.984010636806488,0.982369065284729,0.983930230140686,0.973479151725769,0.9952203035354614,0.9863583445549011,0.9883196353912354,0.9839933514595032,0.9890917539596558,0.9858134090900421,1
HP0576,HP0575,1,0.9918084144592285,0.9823724627494812,0.9913184642791748,0.993017852306366,0.9722452759742737,0.9868379235267639,0.9963717460632324,0.9802340269088745,0.9820996522903442,0.991141676902771,0.9867447495460511,1
HP0575,HP0574,1,0.9500299692153931,0.9438260197639465,0.9726459383964539,0.9681991338729858,0.9414941072463989,0.9632575511932373,0.9780979752540588,0.9394938945770264,0.9531044363975525,0.9191831946372986,0.9529332220554352,1
HP0574,HP0573,1,0.6089826822280884,0.6609450578689575,0.782782793045044,0.7496087551116943,0.7938142418861389,0.7535358667373657,0.8334518671035767,0.7035930752754211,0.7036352753639221,0.7707032561302185,0.7361052870750427,1
HP0573,HP0572,1,0.7896121144294739,0.9055652022361755,0.9420422911643982,0.9129956364631653,0.8862000703811646,0.8771846890449524,0.9286767840385437,0.859963059425354,0.8081251978874207,0.7648011445999146,0.8675166189670562,1
HP0572,HP0571,1,0.9705623388290405,0.8834103941917419,0.9803442358970642,0.9840366244316101,0.9379279017448425,0.9441524147987366,0.9759917259216309,0.9420245289802551,0.9388336539268494,0.9297301173210144,0.9487013936042785,1
HP0571,HP0570,1,0.9655144810676575,0.9672942161560059,0.9514549374580383,0.9783627986907959,0.9476116895675659,0.9426986575126648,0.9443901777267456,0.9754184484481812,0.9358124732971191,0.9744740724563599,0.9583031952381134,1
HP0570,HP0569,1,0.9902950525283813,0.98961341381073,0.9888660311698914,0.9880613088607788,0.9746286273002625,0.9875470399856567,0.9928075671195984,0.9840976595878601,0.9883769750595093,0.9910935759544373,0.9875387251377106,1
HP0569,HP0568,1,0.8196702003479004,0.5968198776245117,0.8581607341766357,0.6064500212669373,0.7646897435188293,0.8360632658004761,0.8275157809257507,0.6651857495307922,0.5513813495635986,0.9207239151000977,0.744666063785553,1
HP0550,HP0549,1,0.9904302358627319,0.9761949777603149,0.9945284128189087,0.9961544871330261,0.9618513584136963,0.988645076751709,0.9975117444992065,0.9822813272476196,0.973758339881897,0.9892345666885376,0.9850590527057648,1
HP0549,HP0546,0,0.0021582506597042084,0.0016203995328396559,0.0018814863869920373,0.00271028745919466,0.00162917235866189,0.01556139625608921,0.0004407369124237448,0.0006720981327816844,0.0038563376292586327,0.00019065476953983307,0.0030720820097485555,0
HP0546,HP0545,1,0.9926325678825378,0.9941232800483704,0.990209698677063,0.9952441453933716,0.9838812351226807,0.9885315895080566,0.9984409213066101,0.9879205226898193,0.9879542589187622,0.986858069896698,0.990579628944397,1
HP0545,HP0544,1,0.982979416847229,0.9302083849906921,0.9451965093612671,0.9569281339645386,0.8063390851020813,0.9452959895133972,0.9740262031555176,0.9316105246543884,0.9218719005584717,0.9328542351722717,0.9327310383319855,1
HP0544,HP0543,1,0.8744029998779297,0.8713458776473999,0.9074138402938843,0.8847795724868774,0.7661647200584412,0.844706118106842,0.7697159647941589,0.754442572593689,0.6346150040626526,0.6719092726707458,0.797949594259262,1
HP0543,HP0542,1,0.8978919386863708,0.8392558097839355,0.8608800172805786,0.9623824954032898,0.8938109874725342,0.9041053056716919,0.8986482620239258,0.8756998777389526,0.9185956120491028,0.8781108260154724,0.8929381132125854,1
HP0542,HP0541,1,0.9916692972183228,0.9915887117385864,0.9881676435470581,0.9949226379394531,0.9787047505378723,0.9891476631164551,0.9971877336502075,0.9875770807266235,0.9884961247444153,0.989672064781189,0.9897133708000183,1
HP0541,HP0540,1,0.9901770949363708,0.9678235054016113,0.9903994202613831,0.9896490573883057,0.9638585448265076,0.9884257912635803,0.9961625933647156,0.9718624353408813,0.9740568399429321,0.9868893623352051,0.9819304645061493,1
HP0540,HP0539,1,0.9920369386672974,0.9837689399719238,0.9826151728630066,0.9826974272727966,0.9744794964790344,0.9947067499160767,0.9870162010192871,0.9879466891288757,0.9833054542541504,0.9887587428092957,0.9857331812381744,1
HP0530,HP0529,1,0.9927166104316711,0.9765055775642395,0.9910369515419006,0.992846667766571,0.97808837890625,0.9896234273910522,0.9947293996810913,0.9802243113517761,0.9835519194602966,0.9906338453292847,0.9869957089424133,1
HP0529,HP0528,1,0.9210229516029358,0.9542346596717834,0.9551562666893005,0.9683706760406494,0.9319089651107788,0.9682070016860962,0.9614714980125427,0.8855347633361816,0.9628274440765381,0.9463837146759033,0.945511794090271,1
HP0528,HP0527,1,0.992770791053772,0.9931350350379944,0.9934877157211304,0.995097815990448,0.987237274646759,0.984747052192688,0.9967415928840637,0.9837981462478638,0.988997220993042,0.9907077550888062,0.9906720399856568,1
HP0527,HP0526,0,0.8381224870681763,0.8314526677131653,0.866945207118988,0.854295551776886,0.877661406993866,0.8855745792388916,0.9054913520812988,0.8380328416824341,0.9603023529052734,0.6440224647521973,0.8501900911331177,1
HP0526,HP0525,1,0.9846983551979065,0.9804461002349854,0.9838578701019287,0.9881072640419006,0.9591802954673767,0.9758933782577515,0.9949142336845398,0.9685326218605042,0.9782634377479553,0.9871285557746887,0.9801022112369537,1
HP0525,HP0524,1,0.989521861076355,0.9803533554077148,0.9791290163993835,0.9861376881599426,0.9672842025756836,0.9771841168403625,0.988435685634613,0.9730736017227173,0.9874347448348999,0.9891623854637146,0.9817716658115387,1
HP0496,HP0495,1,0.9920168519020081,0.9838197231292725,0.9826794862747192,0.9828402996063232,0.9745827317237854,0.9947875142097473,0.9871085286140442,0.9880346655845642,0.9833407402038574,0.9888333678245544,0.9858043909072876,1
HP0470,HP0469,1,0.991762101650238,0.9845679402351379,0.9824347496032715,0.9793190956115723,0.973673403263092,0.9930930137634277,0.986285924911499,0.9861466288566589,0.9807339310646057,0.9871429204940796,0.9845159709453583,1
HP0469,HP0468,1,0.9934875965118408,0.984989583492279,0.9917363524436951,0.994811475276947,0.9837902784347534,0.9873156547546387,0.9950100779533386,0.9860376119613647,0.9875133037567139,0.9925264120101929,0.9897218346595764,1
HP0468,HP0467,1,0.9915071725845337,0.985274612903595,0.9829210638999939,0.9790125489234924,0.9743025302886963,0.9929621815681458,0.9864713549613953,0.9862372875213623,0.9799018502235413,0.9872015118598938,0.9845792114734649,1
HP0467,HP0466,1,0.9889496564865112,0.9766866564750671,0.9860879778862,0.9894488453865051,0.9629736542701721,0.9870085120201111,0.9964804649353027,0.9710626006126404,0.9809773564338684,0.9879032969474792,0.9827579021453857,1
HP0466,HP0465,1,0.9887776970863342,0.959814727306366,0.9721392393112183,0.9858629703521729,0.8998215794563293,0.9821944236755371,0.9874718189239502,0.9765175580978394,0.9551790356636047,0.9649826288223267,0.9672761678695678,1
HP0465,HP0464,1,0.8778494000434875,0.8634029030799866,0.9278745055198669,0.9525083899497986,0.7743844985961914,0.8625953197479248,0.9548652172088623,0.6962941884994507,0.7267787456512451,0.7160906195640564,0.8352643787860871,1
HP0464,HP0463,1,0.9921638369560242,0.9840254187583923,0.9828953742980957,0.981706976890564,0.9749687910079956,0.9943475723266602,0.9873046875,0.9876528978347778,0.9825671315193176,0.9884985089302063,0.9856131196022033,1
HP0444,HP0443,1,0.9911006689071655,0.9859750866889954,0.9834585785865784,0.9788680672645569,0.9747570157051086,0.9929595589637756,0.9868068695068359,0.9862797856330872,0.9784444570541382,0.9873124361038208,0.9845962524414062,1
HP0443,HP0442,1,0.991584300994873,0.9839882254600525,0.9825178384780884,0.9837547540664673,0.9740262031555176,0.9951819777488708,0.9867671132087708,0.9883342385292053,0.9838368892669678,0.989102840423584,0.9859094381332397,1
HP0442,HP0441,1,0.9724856615066528,0.9861495494842529,0.9796959161758423,0.9785014390945435,0.9474129676818848,0.9915283918380737,0.9673269391059875,0.9849860668182373,0.9811844825744629,0.9879379272460938,0.9777209341526032,1
HP0441,HP0440,1,0.9827679991722107,0.977362871170044,0.9840354919433594,0.9856565594673157,0.9585801362991333,0.964679479598999,0.993453323841095,0.9616165161132812,0.9683577418327332,0.9777371883392334,0.9754247307777405,1
HP0403,HP0402,1,0.9880954623222351,0.984811544418335,0.981955349445343,0.9844415783882141,0.968425989151001,0.9953052401542664,0.9821112751960754,0.9878791570663452,0.9847661852836609,0.9888783693313599,0.9846670150756835,1
HP0402,HP0401,1,0.9881094694137573,0.9651551842689514,0.9799140691757202,0.9833976030349731,0.9597954750061035,0.9821079969406128,0.9735153913497925,0.9516083002090454,0.9679416418075562,0.9786874055862427,0.9730232536792756,1
HP0401,HP0400,1,0.9920126795768738,0.9837045669555664,0.9824773669242859,0.9827324151992798,0.9741935729980469,0.9946852922439575,0.9868118166923523,0.9878915548324585,0.983357846736908,0.9887072443962097,0.9856574356555938,1
HP0400,HP0399,0,0.6704899668693542,0.7211766839027405,0.7721753716468811,0.589545726776123,0.7933043241500854,0.7402830123901367,0.7153457999229431,0.6572365760803223,0.7201085090637207,0.7288376688957214,0.7108503639698028,1
HP0399,HP0398,1,0.9853900074958801,0.9832864999771118,0.980594277381897,0.9892711639404297,0.9607928991317749,0.981203556060791,0.9957096576690674,0.9741637110710144,0.9781879782676697,0.9865362644195557,0.9815136015415191,1
HP0398,HP0397,1,0.9353840351104736,0.8806026577949524,0.9130657315254211,0.8689265847206116,0.8958051204681396,0.9034171104431152,0.910106360912323,0.896946132183075,0.9483347535133362,0.9238378405570984,0.9076426327228546,1
HP0397,HP0396,1,0.9917344450950623,0.9604989290237427,0.9946001172065735,0.994596004486084,0.9707627296447754,0.9835965037345886,0.9975889921188354,0.9778591990470886,0.9836299419403076,0.9839276671409607,0.9838794529438019,1
HP0396,HP0395,1,0.9833748936653137,0.973393976688385,0.9588668942451477,0.9927253723144531,0.95261150598526,0.9543120265007019,0.9936050772666931,0.9588881134986877,0.9721702933311462,0.9000620245933533,0.9640010178089142,1
HP0395,HP0394,1,0.9773332476615906,0.9399302005767822,0.9184009432792664,0.9116837382316589,0.8278231024742126,0.9388576149940491,0.9668291807174683,0.9417435526847839,0.9097763895988464,0.9295310974121094,0.9261909067630768,1
HP0394,HP0393,1,0.892130434513092,0.9303094744682312,0.8123283386230469,0.9488319754600525,0.834762454032898,0.8962082862854004,0.8728328347206116,0.9018347263336182,0.8663504719734192,0.924428403377533,0.8880017399787903,1
HP0393,HP0392,1,0.8874456882476807,0.7687551975250244,0.7448607683181763,0.7582921385765076,0.7543931603431702,0.8193951845169067,0.7371537685394287,0.8056615591049194,0.8900896906852722,0.7497687339782715,0.7915815889835358,1
HP0392,HP0391,1,0.9911400675773621,0.9854350090026855,0.9825326800346375,0.9784478545188904,0.9733515381813049,0.9924213290214539,0.9857109785079956,0.9854189157485962,0.9792801141738892,0.986589789390564,0.984032827615738,1
HP0391,HP0389,0,0.005826993379741907,0.022290216758847237,0.016697289422154427,0.002755036111921072,0.019113223999738693,0.021267857402563095,0.010329389944672585,0.00936657004058361,0.005596125032752752,0.0025920826010406017,0.011583478469401599,0
HP0389,HP0388,1,0.9334741234779358,0.9354682564735413,0.9800004363059998,0.9688511490821838,0.9227678179740906,0.9366198778152466,0.9624590277671814,0.9007525444030762,0.8798518776893616,0.9763688445091248,0.9396613955497741,1
HP0382,HP0381,1,0.9916138648986816,0.9823771119117737,0.9816847443580627,0.9825541377067566,0.9712451100349426,0.9941126704216003,0.9841453433036804,0.9868775606155396,0.984210193157196,0.9879605174064636,0.9846781253814697,1
HP0375,HP0374,1,0.9899374842643738,0.9841150045394897,0.9820765852928162,0.9843641519546509,0.9707401394844055,0.9952704310417175,0.984087347984314,0.9881138205528259,0.9846928715705872,0.9889305830001831,0.9852328419685363,1
HP0364,HP0363,1,0.9915781617164612,0.9917989373207092,0.9935166239738464,0.9950999617576599,0.9883837103843689,0.9879282712936401,0.9976933002471924,0.9852372407913208,0.9826812148094177,0.9837912321090698,0.9897708654403686,1
HP0363,HP0362,1,0.9910559058189392,0.976453423500061,0.9857708811759949,0.9892058968544006,0.9552063345909119,0.9822378754615784,0.9892115592956543,0.9667940139770508,0.9832288026809692,0.9878441691398621,0.9807008862495422,1
HP0362,HP0361,1,0.9919167160987854,0.9836946129798889,0.982433557510376,0.982994794845581,0.9740237593650818,0.9947829842567444,0.9866910576820374,0.9879593253135681,0.9835546612739563,0.9887765645980835,0.9856828033924103,1
HP0361,HP0358,0,0.002346021356061101,0.0027464984450489283,0.001426573726348579,0.0047057028859853745,0.006694430485367775,0.012153970077633858,0.001560370670631528,0.0024325966369360685,0.006764636375010014,0.0007250768830999732,0.00415558775421232,0
HP0358,HP0357,1,0.9577479362487793,0.9685819745063782,0.973615288734436,0.9858888983726501,0.947270393371582,0.960696816444397,0.9884335398674011,0.9405732750892639,0.966218888759613,0.9476953744888306,0.9636722385883332,1
HP0357,HP0349,0,0.00014239750453270972,0.0014939223183318973,0.000709756335709244,0.00011167203774675727,0.001090030069462955,0.001675675855949521,0.002336622914299369,0.0004648786270990968,0.0009765978902578354,7.097005436662585e-05,0.0009072523607756011,0
HP0349,HP0348,1,0.989616334438324,0.980941891670227,0.98757004737854,0.9846096038818359,0.9570760726928711,0.9734504818916321,0.995886504650116,0.9684810638427734,0.9731967449188232,0.9878782033920288,0.9798706948757172,1
HP0348,HP0347,1,0.9920595288276672,0.9835920333862305,0.9824429750442505,0.9822801947593689,0.9740571975708008,0.9944467544555664,0.9866613149642944,0.9876493811607361,0.9832297563552856,0.9885042905807495,0.985492342710495,1
HP0347,HP0329,0,0.0003506299399305135,0.0007084088283590972,0.00036148872459307313,0.0046099089086055756,0.007230799179524183,0.009219721890985966,0.0022129525896161795,0.0012682743836194277,0.0031456761062145233,0.0004147928557358682,0.002952265340718441,0
HP0329,HP0328,1,0.990948498249054,0.9841966032981873,0.9823685884475708,0.9842353463172913,0.9730207324028015,0.9953676462173462,0.9860380291938782,0.9883980751037598,0.9841836094856262,0.9891709089279175,0.9857928037643433,1
HP0322,HP0321,1,0.992007851600647,0.9834584593772888,0.9820902943611145,0.9807208180427551,0.9730328917503357,0.9935349822044373,0.9857036471366882,0.9866635203361511,0.9826003909111023,0.9876474738121033,0.9847460329532624,1
HP0321,HP0320,1,0.6477054953575134,0.588176429271698,0.47651851177215576,0.6698204874992371,0.7061900496482849,0.6904929876327515,0.6922954320907593,0.638725996017456,0.5954582691192627,0.7922261357307434,0.6497609794139863,1
HP0320,HP0319,1,0.992893397808075,0.9933174848556519,0.9787049889564514,0.9914716482162476,0.9763574600219727,0.9895544052124023,0.9937227368354797,0.9831118583679199,0.9908158183097839,0.9871236085891724,0.9877073407173157,1
HP0319,HP0318,1,0.8631433248519897,0.8422983884811401,0.8521716594696045,0.7097582221031189,0.7440568804740906,0.8311856389045715,0.8008964657783508,0.6361346244812012,0.8052745461463928,0.8056413531303406,0.7890561103820801,1
HP0316,HP0315,1,0.9917562007904053,0.9830375909805298,0.982031524181366,0.9828003644943237,0.972617506980896,0.9944348931312561,0.9854138493537903,0.9875441193580627,0.9840037822723389,0.9884015917778015,0.985204142332077,1
HP0261,HP0260,1,0.9867038726806641,0.9855177998542786,0.9819534420967102,0.9842795729637146,0.9675108194351196,0.9953218102455139,0.9813159108161926,0.9878002405166626,0.9845107793807983,0.9889971017837524,0.9843911349773407,1
HP0260,HP0251,0,0.00019871782569680363,0.0015056976117193699,0.0007803678745403886,0.00021183406352065504,0.0009339306852780282,0.002454845467582345,0.0005370528670027852,0.00046686813584528863,0.0006305237184278667,5.025243081036024e-05,0.0007770090680423892,0
HP0251,HP0250,1,0.9868205189704895,0.9846783876419067,0.9934283494949341,0.9928498268127441,0.9679161310195923,0.9642685651779175,0.997986912727356,0.9734079241752625,0.9688107967376709,0.9859490990638733,0.9816116511821746,1
HP0250,HP0246,0,0.0028557602781802416,0.002004382200539112,0.0023138688411563635,0.002207523211836815,0.01758681796491146,0.017361804842948914,0.002243338618427515,0.0035874336026608944,0.006109399255365133,0.0016457575839012861,0.005791608639992773,0
HP0246,HP0245,1,0.9919092655181885,0.9845777153968811,0.982772707939148,0.9800752997398376,0.9742438793182373,0.9935532212257385,0.9867164492607117,0.9866245985031128,0.9811863899230957,0.9876267910003662,0.9849286317825318,1
HP0245,HP0244,1,0.9848430156707764,0.9855443835258484,0.9817245602607727,0.9838706254959106,0.9645873308181763,0.9949730634689331,0.9786152839660645,0.9872859716415405,0.9846011400222778,0.9886809587478638,0.9834726333618165,1
HP0244,HP0243,0,0.2599555552005768,0.34032878279685974,0.36292633414268494,0.20825375616550446,0.32852283120155334,0.37811654806137085,0.29247787594795227,0.2323664426803589,0.2692180871963501,0.36789172887802124,0.30400579422712326,0
HP0243,HP0242,1,0.9873427152633667,0.9896090626716614,0.9895812273025513,0.9963386058807373,0.9817091226577759,0.9850208163261414,0.9977979063987732,0.9796708226203918,0.9835532307624817,0.9789344668388367,0.9869557976722717,1
HP0242,HP0241,1,0.9886283874511719,0.9704805016517639,0.9760705232620239,0.9795039296150208,0.9423284530639648,0.9883559942245483,0.9625674486160278,0.9804535508155823,0.9869992136955261,0.9809432029724121,0.9756331205368042,1
HP0241,HP0240,1,0.9881011247634888,0.975615382194519,0.9846518635749817,0.983758270740509,0.9707465171813965,0.9834772348403931,0.9856517314910889,0.9613704085350037,0.9788658618927002,0.9867936968803406,0.9799032092094422,1
HP0240,HP0239,1,0.9902101755142212,0.984401285648346,0.9822019338607788,0.984486997127533,0.9716999530792236,0.9954196810722351,0.9849758148193359,0.9882850050926208,0.9844309687614441,0.9891059994697571,0.9855217814445496,1
HP0239,HP0238,1,0.9843709468841553,0.9729036092758179,0.9686141014099121,0.9853916168212891,0.9544331431388855,0.9675017595291138,0.9818782806396484,0.965615451335907,0.9825409054756165,0.9650902152061462,0.9728340029716491,1
HP0238,HP0237,1,0.9813641309738159,0.9763060212135315,0.9705181121826172,0.9611857533454895,0.960402250289917,0.9793792366981506,0.993205726146698,0.9572504758834839,0.9674656391143799,0.9875030517578125,0.9734580397605896,1
HP0237,HP0236,1,0.9921296238899231,0.9841493368148804,0.9829750061035156,0.9812108278274536,0.9749577641487122,0.9941297173500061,0.987253725528717,0.9874553680419922,0.9822363257408142,0.988319993019104,0.9854817688465118,1
HP0213,HP0212,1,0.989657998085022,0.9863061308860779,0.9827836155891418,0.9864116311073303,0.9666827321052551,0.984726071357727,0.9970504641532898,0.980401337146759,0.9878511428833008,0.9885187745094299,0.9850389897823334,1
HP0212,HP0211,1,0.7637022733688354,0.6418502926826477,0.7477298974990845,0.6611557602882385,0.6234360337257385,0.7627612948417664,0.7997117638587952,0.5726965665817261,0.6992447972297668,0.5747895836830139,0.6847078263759613,1
HP0204,HP0193,0,0.00023560936097055674,0.00041761857573874295,2.9524073397624306e-05,8.147161133820191e-05,0.0019768490456044674,0.0022284064907580614,0.0006057583377696574,0.00029759504832327366,0.0018147401278838515,0.00010715411917772144,0.0007794726790962159,0
HP0193,HP0192,1,0.9763347506523132,0.9602355360984802,0.9421308040618896,0.9711962938308716,0.9195746183395386,0.9362012147903442,0.8667609691619873,0.9553933143615723,0.9539499282836914,0.9543614387512207,0.9436138868331909,1
HP0192,HP0191,1,0.9916203618049622,0.9817430377006531,0.9790798425674438,0.97878098487854,0.966741681098938,0.9902668595314026,0.9794674515724182,0.9833061695098877,0.9823258519172668,0.9840952157974243,0.9817427456378937,1
HP0191,HP0190,1,0.9869575500488281,0.954852819442749,0.9608917832374573,0.9744022488594055,0.8673823475837708,0.9743324518203735,0.9938927888870239,0.9589027762413025,0.9335340857505798,0.9762140512466431,0.9581362903118134,1
HP0174,HP0173,1,0.9913462400436401,0.9839617013931274,0.9823955297470093,0.9839262366294861,0.9734334349632263,0.9952090978622437,0.9863185882568359,0.9883224368095398,0.9840503931045532,0.9890804290771484,0.985804408788681,1
HP0173,HP0172,1,0.9871336221694946,0.9860025644302368,0.9825713634490967,0.9885842800140381,0.9674538373947144,0.9741491079330444,0.9925548434257507,0.9885897040367126,0.9812708497047424,0.9788802266120911,0.9827190399169922,1
HP0172,HP0171,0,0.8555701971054077,0.955115795135498,0.9528355002403259,0.9473772644996643,0.8993926048278809,0.9136782884597778,0.9736406803131104,0.8628553152084351,0.91582190990448,0.8640393018722534,0.9140326857566834,1
HP0171,HP0170,0,0.7956900596618652,0.8184353709220886,0.7633450031280518,0.8640257120132446,0.8455510139465332,0.7947235107421875,0.7496110796928406,0.8426878452301025,0.8245540261268616,0.8993538022041321,0.8197977423667908,1
HP0170,HP0169,1,0.9926964640617371,0.98855060338974,0.9874584078788757,0.9926218390464783,0.9766116142272949,0.9895474314689636,0.9959723353385925,0.9841989278793335,0.991344690322876,0.9843947291374207,0.9883397042751312,1
HP0169,HP0168,1,0.87661212682724,0.8940150737762451,0.9756335020065308,0.990513801574707,0.839458703994751,0.8506075143814087,0.8266860246658325,0.760735034942627,0.7355979681015015,0.951208233833313,0.8701067984104156,1
HP0168,HP0167,1,0.9893197417259216,0.9839670658111572,0.9815526008605957,0.9841597676277161,0.9686409831047058,0.9949760437011719,0.9822077751159668,0.987795889377594,0.9846625328063965,0.988671064376831,0.9845953464508057,1
HP0163,HP0162,1,0.9917808771133423,0.9830192923545837,0.981584370136261,0.9826987981796265,0.9720576405525208,0.9943259954452515,0.9850135445594788,0.9873703718185425,0.9838244318962097,0.9882574081420898,0.9849932730197907,1
HP0139,HP0138,1,0.974432110786438,0.9780296683311462,0.9589468836784363,0.9809946417808533,0.9449636340141296,0.9544734358787537,0.9872202277183533,0.9709749817848206,0.9695850610733032,0.979276716709137,0.9698897361755371,1
HP0138,HP0137,1,0.9920798540115356,0.9838107228279114,0.9825205206871033,0.9813245534896851,0.9739437699317932,0.9940013885498047,0.9865099191665649,0.9871436357498169,0.9825717210769653,0.9880783557891846,0.9851984441280365,1
HP0137,HP0136,1,0.9913541674613953,0.9895106554031372,0.987930178642273,0.9926018118858337,0.9697607755661011,0.9847183227539062,0.9974210262298584,0.9880305528640747,0.983666718006134,0.989612340927124,0.9874606549739837,1
HP0136,HP0133,0,0.03340141847729683,0.07311047613620758,0.044970396906137466,0.009108712896704674,0.04831625893712044,0.08079978823661804,0.018486041575670242,0.018963385373353958,0.04675211012363434,0.004153477493673563,0.03780620661564171,0
HP0133,HP0132,1,0.99107825756073,0.9836195707321167,0.9820906519889832,0.9839131236076355,0.9721468687057495,0.995035707950592,0.9852002263069153,0.988079309463501,0.9843782186508179,0.9888418316841125,0.9854383766651154,1
HP0132,HP0121,0,0.0004380696336738765,0.0012781686382368207,0.00485811335965991,0.0008410456357523799,0.001653847866691649,0.005135000683367252,0.004563113208860159,0.0008785529062151909,0.0014343331567943096,0.00020684802439063787,0.0021287093113642186,0
HP0121,HP0120,1,0.9226217865943909,0.9362751841545105,0.9018920660018921,0.9293517470359802,0.8821141719818115,0.926879346370697,0.9601191878318787,0.8194378614425659,0.9237625598907471,0.8978101015090942,0.9100264012813568,1
HP0111,HP0110,1,0.9907881021499634,0.9774614572525024,0.9775823950767517,0.9804867506027222,0.961103618144989,0.9910544753074646,0.9771273732185364,0.9824957847595215,0.9847367405891418,0.9845146536827087,0.9807351350784301,1
HP0110,HP0109,1,0.9534695744514465,0.9531081914901733,0.9753069281578064,0.9592775106430054,0.912532389163971,0.955993115901947,0.9487462043762207,0.8571574687957764,0.9433333277702332,0.9667045474052429,0.9425629258155823,1
HP0109,HP0107,0,0.16380183398723602,0.1242506206035614,0.04798271134495735,0.029981665313243866,0.09810581803321838,0.11872067302465439,0.01269861776381731,0.03881658613681793,0.11023664474487305,0.017357641831040382,0.076195281278342,0
HP0107,HP0106,1,0.9786515831947327,0.9741870760917664,0.9623084664344788,0.9823982119560242,0.9397162795066833,0.955979585647583,0.991239070892334,0.9704710245132446,0.9697746634483337,0.9769627451896667,0.9701688706874847,1
HP0106,HP0105,1,0.8204615712165833,0.8235957622528076,0.8084693551063538,0.834190309047699,0.8218491673469543,0.7875390648841858,0.802515983581543,0.7979249954223633,0.7491143345832825,0.7969319224357605,0.8042592465877533,1
HP0103,HP0102,1,0.9547267556190491,0.9360787868499756,0.9793596267700195,0.9862039089202881,0.8886595368385315,0.8957158327102661,0.9751627445220947,0.9005383253097534,0.8728998303413391,0.9519496560096741,0.9341295003890991,1
HP0102,HP0098,0,0.005760492291301489,0.00444322545081377,0.0017094796057790518,0.00410459516569972,0.005825002212077379,0.016935158520936966,0.0008452993934042752,0.0030568588990718126,0.009036486968398094,0.0007883072830736637,0.005250490579055622,0
HP0098,HP0097,1,0.7192950248718262,0.6395285725593567,0.42920657992362976,0.3892054855823517,0.6678024530410767,0.6794144511222839,0.5536599159240723,0.5357811450958252,0.5761981010437012,0.5731130242347717,0.5763204753398895,1
HP0090,HP0089,1,0.9896054863929749,0.9591379761695862,0.9795656800270081,0.9797452092170715,0.9368991255760193,0.9870819449424744,0.9931692481040955,0.9743899703025818,0.9563179612159729,0.9620753526687622,0.9717987954616547,1
HP0089,HP0088,0,0.4129350781440735,0.38780832290649414,0.29641973972320557,0.3168807625770569,0.5427644848823547,0.6162441372871399,0.44951701164245605,0.4756695032119751,0.5999847650527954,0.5091502070426941,0.46073740124702456,0
HP0088,HP0087,1,0.9906702041625977,0.9804373979568481,0.9818603992462158,0.9888275861740112,0.9620424509048462,0.9812031984329224,0.9939705729484558,0.9814310669898987,0.9836828708648682,0.9843577146530151,0.9828483462333679,1
HP0087,HP0086,1,0.9389442205429077,0.9149068593978882,0.940039336681366,0.9457708597183228,0.8988788723945618,0.9393069744110107,0.9073856472969055,0.8531857132911682,0.8820825815200806,0.9620879888534546,0.9182589054107666,1
HP0086,HP0085,1,0.9876036643981934,0.9935232400894165,0.9799679517745972,0.9847630262374878,0.9737069606781006,0.9870957136154175,0.9916737079620361,0.9767077565193176,0.9809794425964355,0.9841756224632263,0.9840197086334228,1
HP0085,HP0084,0,0.05520058050751686,0.11759185791015625,0.021066445857286453,0.015910018235445023,0.031055273488163948,0.0941595658659935,0.026232914999127388,0.03977653756737709,0.086546391248703,0.03370274603366852,0.052124233171343806,0
HP0084,HP0083,1,0.9914405345916748,0.9823839068412781,0.9808297753334045,0.9828329682350159,0.9697360396385193,0.993850588798523,0.9826140999794006,0.9872655868530273,0.9842525720596313,0.9878678321838379,0.9843073904514312,1
HP0073,HP0072,1,0.9881165623664856,0.9870029091835022,0.9869774580001831,0.9857850074768066,0.9585705995559692,0.9783099889755249,0.996653139591217,0.9806145429611206,0.9814258217811584,0.9898970127105713,0.983335304260254,1
HP0072,HP0071,1,0.5542725324630737,0.460242360830307,0.5833386182785034,0.43400952219963074,0.5658428072929382,0.7163164615631104,0.6015326380729675,0.4569859802722931,0.47535061836242676,0.5713099241256714,0.5419201463460922,1
HP0071,HP0070,1,0.9924697279930115,0.9879090785980225,0.9910104870796204,0.9916820526123047,0.9758607745170593,0.9891635775566101,0.9970321655273438,0.9856719374656677,0.9876793622970581,0.9911723136901855,0.9889651477336884,1
HP0070,HP0069,1,0.979790985584259,0.9676617383956909,0.9872078895568848,0.9894963502883911,0.9703461527824402,0.9864144325256348,0.9887654781341553,0.9657596945762634,0.9659181833267212,0.9874842166900635,0.9788845121860504,1
HP0069,HP0068,1,0.9535016417503357,0.9718588590621948,0.9760351181030273,0.9833567142486572,0.940338134765625,0.9641090035438538,0.9801275134086609,0.9657261967658997,0.9674432277679443,0.9777916073799133,0.9680288016796113,1
HP0068,HP0067,1,0.9892053008079529,0.9763168692588806,0.977290153503418,0.9825437068939209,0.9516968131065369,0.9911753535270691,0.9664110541343689,0.9826700091362,0.9861878752708435,0.9840139150619507,0.9787511050701141,1
HP0067,HP0056,0,0.005745600443333387,0.03397512435913086,0.04289664700627327,0.005560459569096565,0.006145327817648649,0.029457028955221176,0.014154230244457722,0.016107967123389244,0.0023360049817711115,0.0006758408853784204,0.01570542313857004,0
HP0056,HP0055,1,0.9825138449668884,0.9370977282524109,0.9774952530860901,0.9809507131576538,0.934166431427002,0.9745978116989136,0.95394366979599,0.944360613822937,0.9299460649490356,0.9833852052688599,0.9598457336425781,1
HP0055,HP0054,1,0.9900961518287659,0.9745545983314514,0.9869187474250793,0.9883981943130493,0.9613313674926758,0.977402925491333,0.991442084312439,0.9675195813179016,0.9795070290565491,0.9878897666931152,0.9805060446262359,1
HP0054,HP0053,1,0.9919513463973999,0.9825230836868286,0.9814417362213135,0.9810479879379272,0.9718678593635559,0.9934465885162354,0.9846341609954834,0.9865307211875916,0.9833898544311523,0.987545907497406,0.9844379246234893,1
HP0049,HP0048,1,0.9876846671104431,0.9829135537147522,0.981631875038147,0.9838200807571411,0.9648918509483337,0.9945784211158752,0.9772781729698181,0.9868794679641724,0.9858058094978333,0.9878862500190735,0.983337014913559,1
HP0048,HP0047,1,0.949668288230896,0.9343518614768982,0.9488311409950256,0.9320670366287231,0.901991069316864,0.928034782409668,0.9128379821777344,0.8764660954475403,0.9420561194419861,0.8691250681877136,0.9195429444313049,1
HP0047,HP0030,0,0.0001475077006034553,0.00200333702377975,0.0008060752879828215,0.0003107035008724779,0.0007290939101949334,0.0020167995244264603,0.000598560378421098,0.0004967402783222497,0.000448655744548887,6.208920240169391e-05,0.0007619562551553827,0
HP0030,HP0029,1,0.950036883354187,0.8694517016410828,0.9243186116218567,0.9597128629684448,0.8263623118400574,0.9107890725135803,0.922589898109436,0.9320364594459534,0.8704839944839478,0.9140148758888245,0.9079796671867371,1
HP0022,HP0021,1,0.9841310977935791,0.9434715509414673,0.9697220325469971,0.957737386226654,0.945488691329956,0.9780718088150024,0.948430597782135,0.946519672870636,0.9706183671951294,0.9648662805557251,0.9609057486057282,1
HP0021,HP0011,0,3.191240466549061e-05,0.0002821558737196028,0.00011935476504731923,2.8869806556031108e-05,0.0002691843546926975,0.0004816681321244687,5.2278930525062606e-05,6.9741829065606e-05,0.00024095349363051355,1.859439908002969e-05,0.0001594713989106822,0
HP0011,HP0010,1,0.9805893898010254,0.9789427518844604,0.9909356236457825,0.9938774704933167,0.9487684965133667,0.957879900932312,0.9949336647987366,0.9858361482620239,0.9669052362442017,0.9866799712181091,0.9785348653793335,1
HP0010,HP0004,0,0.0010446803644299507,0.004929513204842806,0.0009685622062534094,0.00021246598043944687,0.001595808076672256,0.010219857096672058,0.0018712023738771677,0.0014891726896166801,0.0076640574261546135,0.000254426704486832,0.003024974612344522,0
HP0004,HP0003,1,0.9846581220626831,0.9774924516677856,0.9714913368225098,0.9724095463752747,0.9623454213142395,0.9628456830978394,0.9950138330459595,0.979893684387207,0.9766280651092529,0.9699522852897644,0.9752730429172516,1
HP0003,HP0002,1,0.9904261827468872,0.9829174280166626,0.9870191216468811,0.9897487759590149,0.9736146330833435,0.9893004894256592,0.9855908751487732,0.9799070954322815,0.9819744229316711,0.9829617142677307,0.9843460738658905,1
HP0002,HP0001,1,0.9928304553031921,0.9923801422119141,0.9846616387367249,0.9937657117843628,0.9768323302268982,0.9925895929336548,0.9910356998443604,0.9850623607635498,0.9873179793357849,0.9876998662948608,0.9884175777435302,1
HP0001,HP1590,0,0.0035513376351445913,0.008642232976853848,0.002646194538101554,0.0024267788976430893,0.011076735332608223,0.01453753188252449,0.0010918212356045842,0.00417074142023921,0.004123243968933821,0.0016023116186261177,0.005386892950627953,0
