name_1,name_2,true,prob_0,prob_1,prob_2,prob_3,prob_4,prob_5,prob_6,prob_7,prob_8,prob_9,prob,pred
HP0005,HP0006,1,0.9764545559883118,0.948989987373352,0.9396372437477112,0.9407665133476257,0.9718853831291199,0.9457648992538452,0.9654145836830139,0.9684664607048035,0.9657882452011108,0.9484651684761047,0.9571633040904999,1
HP0012,HP0013,1,0.9871581196784973,0.9769251942634583,0.9547532796859741,0.9843636751174927,0.9736410975456238,0.9683225154876709,0.9784982204437256,0.9737460613250732,0.9736137986183167,0.9839905500411987,0.9755012512207031,1
HP0013,HP0014,1,0.9131418466567993,0.718479335308075,0.6356514096260071,0.7688034176826477,0.82701176404953,0.7780264616012573,0.6852165460586548,0.7089138031005859,0.7687045335769653,0.6853245496749878,0.748927366733551,1
HP0014,HP0015,0,0.5790577530860901,0.2825075685977936,0.4035741090774536,0.2695419490337372,0.3356921374797821,0.3616379201412201,0.22022587060928345,0.5050197839736938,0.09232290834188461,0.28741946816444397,0.3336999468505383,0
HP0015,HP0016,1,0.9863965511322021,0.9751543998718262,0.9505211710929871,0.9845992922782898,0.9742130637168884,0.9730164408683777,0.9761186838150024,0.9720891714096069,0.974617600440979,0.981797993183136,0.9748524367809296,1
HP0016,HP0017,1,0.9786683917045593,0.8581314086914062,0.9229845404624939,0.8888239860534668,0.972832441329956,0.9263668656349182,0.9231032133102417,0.9485961198806763,0.9498103260993958,0.8757908940315247,0.9245108187198638,1
HP0019,HP0020,1,0.9846948385238647,0.9776936769485474,0.9478749632835388,0.9733357429504395,0.9768691062927246,0.9766011238098145,0.97905433177948,0.9690220952033997,0.9736335873603821,0.9756861925125122,0.9734465658664704,1
HP0024,HP0027,0,0.00029210461070761085,0.00010885144001804292,0.0009531102841719985,0.0008134775562211871,0.0005535101518034935,0.004724197089672089,0.0005603151512332261,0.00014714582357555628,0.0002054853830486536,0.000449913990451023,0.0008808111480902881,0
HP0027,HP0028,1,0.9897300004959106,0.9849823117256165,0.9622631669044495,0.9727928638458252,0.9824755191802979,0.9259979128837585,0.9780860543251038,0.9710954427719116,0.9663531184196472,0.9622253179550171,0.9696001708507538,1
HP0059,HP0060,1,0.9925918579101562,0.9713972210884094,0.9655873775482178,0.9300391674041748,0.9699154496192932,0.9037030935287476,0.9709917902946472,0.9322230815887451,0.9422720670700073,0.9571993947029114,0.953592050075531,1
HP0060,HP0061,1,0.9883407950401306,0.9787336587905884,0.954975426197052,0.984285295009613,0.9692807197570801,0.9474700093269348,0.9818627238273621,0.9717181324958801,0.9618210792541504,0.9841398000717163,0.9722627639770508,1
HP0061,HP0062,1,0.9912974238395691,0.9837004542350769,0.9711650013923645,0.9608672857284546,0.977554202079773,0.9560226798057556,0.9685087203979492,0.9488987922668457,0.9809159636497498,0.9658719301223755,0.9704802453517913,1
HP0062,HP0063,1,0.9877869486808777,0.9729170799255371,0.9675537347793579,0.9425016045570374,0.9815570712089539,0.971224308013916,0.9753508567810059,0.9843977689743042,0.970848023891449,0.9750610589981079,0.9729198455810547,1
HP0063,HP0064,1,0.9882088899612427,0.9783703684806824,0.9550297260284424,0.984623908996582,0.9704294800758362,0.9512020945549011,0.9813778400421143,0.9712974429130554,0.9635385274887085,0.9844321608543396,0.9728510439395904,1
HP0064,HP0065,1,0.9961879849433899,0.988681435585022,0.9892463684082031,0.9765411019325256,0.9843536019325256,0.9759884476661682,0.9860969185829163,0.9812964797019958,0.9888695478439331,0.9810890555381775,0.9848350942134857,1
HP0065,HP0066,1,0.9848353862762451,0.9602022171020508,0.9405505061149597,0.9766408801078796,0.9538544416427612,0.9736326336860657,0.9601837992668152,0.9691075086593628,0.9658718109130859,0.970140278339386,0.9655019462108612,1
HP0066,HP0076,0,0.00017232079699169844,0.0005507413297891617,0.00136048742569983,0.0008219546871259809,0.00022144489048514515,0.003993089776486158,0.001324901357293129,0.0008858065120875835,0.00021722109522670507,0.0008012109319679439,0.0010349178803153336,0
HP0076,HP0077,1,0.9715702533721924,0.8652963042259216,0.8880691528320312,0.8599299192428589,0.9398514032363892,0.7699100971221924,0.9628758430480957,0.9296745657920837,0.8943360447883606,0.7060189247131348,0.878753250837326,1
HP0077,HP0078,0,0.11153213679790497,0.17409414052963257,0.09112458676099777,0.07453356683254242,0.07233539968729019,0.1409938782453537,0.17868396639823914,0.10110314190387726,0.07840738445520401,0.023730654269456863,0.10465388558804989,0
HP0078,HP0079,1,0.9932889342308044,0.9858516454696655,0.9859300851821899,0.981532871723175,0.9915041327476501,0.9708372354507446,0.9941792488098145,0.9793126583099365,0.9914288520812988,0.9745506644248962,0.9848416328430176,1
HP0099,HP0100,1,0.9873335361480713,0.9780585169792175,0.9553762674331665,0.9845037460327148,0.9739724397659302,0.9665789008140564,0.9796572327613831,0.9737242460250854,0.9725047945976257,0.9842858910560608,0.9755995571613312,1
HP0100,HP0101,1,0.9875787496566772,0.9627824425697327,0.9279282093048096,0.9660922884941101,0.9583642482757568,0.9176449775695801,0.9615737199783325,0.9464476704597473,0.9822441935539246,0.8372589945793152,0.9447915494441986,1
HP0112,HP0113,1,0.9781623482704163,0.9517817497253418,0.925068199634552,0.8750599026679993,0.9007060527801514,0.9179452061653137,0.8497416973114014,0.8980119824409485,0.9150837063789368,0.8878229856491089,0.909938383102417,1
HP0113,HP0116,0,0.002875929232686758,0.003876663278788328,0.0067001525312662125,0.005783900618553162,0.004226679913699627,0.012857198715209961,0.0012140045873820782,0.003651714650914073,0.0021213707514107227,0.001166132977232337,0.004447374725714326,0
HP0116,HP0117,1,0.9878191351890564,0.9777801632881165,0.9550626277923584,0.9851781725883484,0.9726572036743164,0.9605979323387146,0.9801421761512756,0.971457302570343,0.9685239791870117,0.984669029712677,0.9743887722492218,1
HP0117,HP0122,0,0.001478436402976513,0.008959759958088398,0.012680730782449245,0.002976871794089675,0.010160345584154129,0.015262942761182785,0.014481984078884125,0.005627639126032591,0.006072477903217077,0.0073358952067792416,0.008503708359785377,0
HP0122,HP0123,1,0.9601466655731201,0.746172308921814,0.7516787648200989,0.8325393795967102,0.8704758286476135,0.8158427476882935,0.9182112812995911,0.8756831288337708,0.9068505167961121,0.5748228430747986,0.8252423465251922,1
HP0123,HP0124,1,0.9878386855125427,0.9780601859092712,0.9549963474273682,0.9846448302268982,0.9714452624320984,0.9559143781661987,0.9808876514434814,0.971718966960907,0.9659856557846069,0.9845567941665649,0.9736048758029938,1
HP0124,HP0125,1,0.9872781038284302,0.9785127639770508,0.9552292227745056,0.9837995767593384,0.9708905816078186,0.9556657671928406,0.9810712933540344,0.972939670085907,0.9663668274879456,0.9846144318580627,0.9736368238925934,1
HP0125,HP0126,1,0.9426752328872681,0.8415694832801819,0.8539458513259888,0.9042527079582214,0.9427465796470642,0.8389290571212769,0.8066666126251221,0.9424501061439514,0.9344937205314636,0.8661661148071289,0.8873895466327667,1
HP0126,HP0127,0,0.5021150708198547,0.25697895884513855,0.3589123785495758,0.4983362853527069,0.39536672830581665,0.4020313620567322,0.10897240042686462,0.232756108045578,0.1637023240327835,0.17905040085315704,0.3098222017288208,0
HP0127,HP0128,1,0.9880443215370178,0.9513683915138245,0.9365279078483582,0.9101101160049438,0.9293603897094727,0.8768799901008606,0.9754748940467834,0.966571569442749,0.7740399241447449,0.913661539554596,0.9222039043903351,1
HP0140,HP0141,1,0.995821475982666,0.9908498525619507,0.9883180856704712,0.9829625487327576,0.9932668209075928,0.9551217555999756,0.9965440034866333,0.9863746762275696,0.9786114692687988,0.9794106483459473,0.9847281336784363,1
HP0141,HP0144,0,0.0133418720215559,0.003295725677162409,0.012973745353519917,0.029046794399619102,0.011134921573102474,0.016685055568814278,0.0013074956368654966,0.0050346991047263145,0.005403746850788593,0.007890722714364529,0.010611477890051901,0
HP0144,HP0145,1,0.9937500357627869,0.9843735694885254,0.9778146743774414,0.9635573029518127,0.9875232577323914,0.9585050344467163,0.9859188795089722,0.9742489457130432,0.9789273738861084,0.9566491842269897,0.9761268258094787,1
HP0145,HP0146,1,0.9929015636444092,0.9879378080368042,0.981755793094635,0.9869440197944641,0.9894711375236511,0.9687588810920715,0.9887202978134155,0.9679925441741943,0.9875202178955078,0.9811633229255676,0.9833165585994721,1
HP0146,HP0147,1,0.9943653345108032,0.9786750078201294,0.9840924739837646,0.9682226777076721,0.9682979583740234,0.9719924330711365,0.9845578670501709,0.9640096426010132,0.9817675352096558,0.9698265790939331,0.9765807509422302,1
HP0147,HP0148,1,0.9904012680053711,0.983537495136261,0.9743885397911072,0.978796660900116,0.9795749187469482,0.9531993269920349,0.9850802421569824,0.955693781375885,0.9881731867790222,0.9701492190361023,0.975899463891983,1
HP0148,HP0149,1,0.9911565780639648,0.9905843734741211,0.9579769372940063,0.9740159511566162,0.9847737550735474,0.9645404815673828,0.9798121452331543,0.9689532518386841,0.987206220626831,0.971409022808075,0.9770428717136384,1
HP0149,HP0150,1,0.988922655582428,0.9302375316619873,0.8889965415000916,0.876071035861969,0.946286141872406,0.9104102849960327,0.86826491355896,0.904550313949585,0.8832395076751709,0.8320622444152832,0.9029041171073914,1
HP0153,HP0154,1,0.9950512051582336,0.9924460649490356,0.9880216121673584,0.9808739423751831,0.9853250980377197,0.9754679203033447,0.9909698963165283,0.9800630211830139,0.9861756563186646,0.9829292297363281,0.9857323646545411,1
HP0154,HP0155,1,0.9882001876831055,0.9784752726554871,0.9543787240982056,0.9840126037597656,0.9681366086006165,0.9444670081138611,0.9818901419639587,0.9717134833335876,0.9605917930603027,0.9839447736740112,0.9715810596942902,1
HP0155,HP0156,1,0.9968677759170532,0.9603467583656311,0.9844316840171814,0.981418788433075,0.9895150065422058,0.970806360244751,0.9894136786460876,0.9595170617103577,0.9830436706542969,0.967110276222229,0.9782471060752869,1
HP0156,HP0157,1,0.9958083033561707,0.9924113154411316,0.9874675869941711,0.9864632487297058,0.9921084642410278,0.9780741930007935,0.9944350123405457,0.9713107347488403,0.9870864152908325,0.9807673692703247,0.9865932643413544,1
HP0157,HP0158,1,0.978886604309082,0.9828261733055115,0.9512330889701843,0.8922823071479797,0.9870766401290894,0.9244733452796936,0.9845970869064331,0.9390713572502136,0.962386965751648,0.9361891150474548,0.953902268409729,1
HP0175,HP0176,1,0.9925393462181091,0.9885457754135132,0.9816218018531799,0.9732065200805664,0.9783468246459961,0.9706767201423645,0.9854799509048462,0.9788094758987427,0.9849404096603394,0.9820206165313721,0.9816187441349029,1
HP0176,HP0177,1,0.9921287298202515,0.9574304223060608,0.9565345048904419,0.9308944344520569,0.9653424024581909,0.9402218461036682,0.9527978897094727,0.9671184420585632,0.9557743072509766,0.8915532827377319,0.9509796261787414,1
HP0177,HP0181,0,0.0024193308781832457,0.0012161331251263618,0.0054301051422953606,0.00501358974725008,0.001053554704412818,0.01094861514866352,0.0005914574721828103,0.002674949122592807,0.0010834118584170938,0.0006677496712654829,0.003109889687038958,0
HP0181,HP0182,1,0.9941978454589844,0.9805909991264343,0.9838078022003174,0.9680570363998413,0.9874714612960815,0.9691537022590637,0.9889801144599915,0.9787467122077942,0.988606333732605,0.9778409004211426,0.9817452907562256,1
HP0182,HP0183,1,0.9874715805053711,0.9758749604225159,0.9540575742721558,0.9861530065536499,0.9736003279685974,0.9702433347702026,0.9758030772209167,0.9716106653213501,0.9741243720054626,0.983857274055481,0.9752796173095704,1
HP0183,HP0184,1,0.9903473258018494,0.9866473078727722,0.9708506464958191,0.9592322111129761,0.9788262844085693,0.9548026919364929,0.9885806441307068,0.9803105592727661,0.9775385856628418,0.960165798664093,0.9747302055358886,1
HP0184,HP0185,1,0.9736016988754272,0.9028611183166504,0.9264304637908936,0.9076888561248779,0.9549314379692078,0.9099839329719543,0.9305554628372192,0.9769550561904907,0.9040670990943909,0.9467177391052246,0.9333792865276337,1
HP0214,HP0215,1,0.9925565123558044,0.9695966243743896,0.9566887617111206,0.9803240299224854,0.9858525991439819,0.9588029980659485,0.9827592372894287,0.9745970964431763,0.8962466716766357,0.9679391980171204,0.9665363729000092,1
HP0215,HP0216,1,0.9868409037590027,0.973582923412323,0.9514551758766174,0.9861772060394287,0.9718987941741943,0.9735859632492065,0.9721217155456543,0.9712724685668945,0.9748741984367371,0.9820876121520996,0.9743896961212158,1
HP0216,HP0217,1,0.9889189004898071,0.9732977151870728,0.9527691006660461,0.902935802936554,0.9335530400276184,0.9523777365684509,0.9482656717300415,0.9021718502044678,0.9244504570960999,0.9212535619735718,0.939999383687973,1
HP0220,HP0221,1,0.9926741123199463,0.9483602046966553,0.872780978679657,0.9141591787338257,0.92997145652771,0.911108672618866,0.7957810163497925,0.9458478689193726,0.9739522337913513,0.8671514391899109,0.9151787161827087,1
HP0231,HP0232,1,0.9934505820274353,0.9900127649307251,0.9780296683311462,0.9740395545959473,0.9916619658470154,0.9705299139022827,0.9898979663848877,0.9775234460830688,0.989273726940155,0.9814597368240356,0.9835879325866699,1
HP0232,HP0233,1,0.9936217665672302,0.9853940010070801,0.9810866117477417,0.9752464294433594,0.9893175959587097,0.9633169770240784,0.9900352954864502,0.9833766222000122,0.9894816279411316,0.9813042879104614,0.9832181215286255,1
HP0233,HP0234,1,0.9873024225234985,0.9780718088150024,0.9550508260726929,0.9842131733894348,0.9732158780097961,0.9636614918708801,0.9803891777992249,0.9734286069869995,0.97095787525177,0.984154462814331,0.9750445723533631,1
HP0234,HP0247,0,0.00018823056598193944,8.427089778706431e-05,0.0006870303186587989,0.0007700202986598015,0.00012142753985244781,0.0030052545480430126,0.00028694732463918626,0.0003791363851632923,0.0001442878128727898,0.00024854010553099215,0.0005915145797189325,0
HP0247,HP0248,1,0.9861091375350952,0.9586182832717896,0.9569079279899597,0.9364867210388184,0.9575989246368408,0.8916272521018982,0.9195007681846619,0.9569542407989502,0.9493467807769775,0.9320781230926514,0.9445228159427643,1
HP0248,HP0249,1,0.9942024946212769,0.9912953972816467,0.9818112254142761,0.9665804505348206,0.9867712259292603,0.961838960647583,0.9916526675224304,0.9709603190422058,0.9718195796012878,0.9761788249015808,0.9793111145496368,1
HP0255,HP0256,1,0.9879276752471924,0.9781729578971863,0.9551958441734314,0.984774649143219,0.9718450307846069,0.9569023251533508,0.9808410406112671,0.9717864394187927,0.9664251208305359,0.9845340251922607,0.9738405108451843,1
HP0256,HP0257,1,0.9869873523712158,0.9728144407272339,0.9516635537147522,0.9865664839744568,0.9710188508033752,0.9733113646507263,0.9713569283485413,0.9707698822021484,0.974742591381073,0.982045590877533,0.9741277039051056,1
HP0257,HP0258,1,0.9869344234466553,0.9724320769309998,0.9513985514640808,0.9865305423736572,0.9706710577011108,0.9735428690910339,0.9710382223129272,0.9707454442977905,0.9746809005737305,0.9817551374435425,0.9739729225635528,1
HP0258,HP0259,1,0.9858836531639099,0.9550264477729797,0.9482801556587219,0.8686506748199463,0.9486259818077087,0.9334012269973755,0.944347620010376,0.9190080761909485,0.9133170247077942,0.8990448117256165,0.9315585672855378,1
HP0259,HP0262,0,0.00378760346211493,0.0025833065155893564,0.0034278640523552895,0.012459689751267433,0.007385543547570705,0.007729724980890751,0.004428699146956205,0.0028297295793890953,0.0015351264737546444,0.009935314767062664,0.005610260227695107,0
HP0262,HP0263,1,0.6164209246635437,0.7191592454910278,0.6375135779380798,0.49745023250579834,0.8035444021224976,0.5457240343093872,0.4530624449253082,0.590628445148468,0.4242516756057739,0.4146367311477661,0.5702391713857651,1
HP0263,HP0264,1,0.8900468945503235,0.8245934247970581,0.6857647895812988,0.6707249283790588,0.7462440133094788,0.690005898475647,0.721448540687561,0.7322567701339722,0.49783220887184143,0.6017303466796875,0.7060647815465927,1
HP0264,HP0265,1,0.9931923747062683,0.9913687705993652,0.9809209704399109,0.9791972637176514,0.9856817126274109,0.962602436542511,0.9865802526473999,0.9545863270759583,0.9857901334762573,0.9665510654449463,0.978647130727768,1
HP0265,HP0266,1,0.9856504201889038,0.8606083989143372,0.8325095176696777,0.8272697329521179,0.9685402512550354,0.9057487845420837,0.9526297450065613,0.9496554732322693,0.9252189993858337,0.8372014164924622,0.9045032739639283,1
HP0266,HP0267,1,0.987264096736908,0.974879801273346,0.9533266425132751,0.9861749410629272,0.9728631377220154,0.9717817902565002,0.9740721583366394,0.9717420339584351,0.9747418761253357,0.9834145903587341,0.9750261068344116,1
HP0267,HP0268,1,0.8355387449264526,0.7216564416885376,0.5928348898887634,0.7416298389434814,0.7288698554039001,0.5440242290496826,0.6028794646263123,0.7709841728210449,0.43601930141448975,0.5585820078849792,0.6533018946647644,1
HP0268,HP0269,1,0.9916573762893677,0.9819369316101074,0.9776793718338013,0.9790714383125305,0.9871537685394287,0.9709479212760925,0.9891030788421631,0.9663069248199463,0.9849510788917542,0.9707606434822083,0.97995685338974,1
HP0269,HP0270,1,0.3454079031944275,0.21672692894935608,0.2640756666660309,0.20022977888584137,0.24868600070476532,0.3294834494590759,0.1346343755722046,0.26304760575294495,0.18745718896389008,0.14845752716064453,0.2338206425309181,0
HP0270,HP0271,1,0.9865461587905884,0.9709675908088684,0.9498060941696167,0.9857057929039001,0.9691784381866455,0.9746154546737671,0.9699986577033997,0.9711970686912537,0.9741395711898804,0.980258584022522,0.9732413411140441,1
HP0271,HP0272,1,0.9876673817634583,0.9772547483444214,0.9550002217292786,0.985412061214447,0.9734451770782471,0.9650810956954956,0.9794859290122986,0.9719248414039612,0.9713850617408752,0.9845205545425415,0.9751177072525025,1
HP0272,HP0273,1,0.9873924851417542,0.9749483466148376,0.9534147381782532,0.9865241646766663,0.9729729294776917,0.9711212515830994,0.9743503332138062,0.9709930419921875,0.9744402766227722,0.9835441708564758,0.9749701738357544,1
HP0273,HP0274,1,0.9897223114967346,0.9843742251396179,0.9395275712013245,0.9577651619911194,0.9799222350120544,0.9237464666366577,0.9767760634422302,0.9276987910270691,0.9616308212280273,0.9199543595314026,0.9561118006706237,1
HP0274,HP0275,1,0.9636777639389038,0.8598655462265015,0.8856651186943054,0.8476902842521667,0.9364616870880127,0.9019665718078613,0.902585506439209,0.9311019778251648,0.8350961804389954,0.8996157050132751,0.8963726341724396,1
HP0275,HP0276,1,0.987690806388855,0.9777966141700745,0.9547625184059143,0.9851284623146057,0.9727671146392822,0.961372971534729,0.9799699187278748,0.9715615510940552,0.9688877463340759,0.9845958948135376,0.9744533598423004,1
HP0276,HP0277,0,0.9770824313163757,0.962611734867096,0.892680823802948,0.9087429642677307,0.8963732123374939,0.8218804001808167,0.8398301601409912,0.8901693820953369,0.9023441672325134,0.881472110748291,0.8973187386989594,1
HP0277,HP0278,1,0.9920340776443481,0.9822953939437866,0.9840127229690552,0.9804648756980896,0.9870755076408386,0.9840192794799805,0.9912589192390442,0.9740259647369385,0.9857840538024902,0.981416642665863,0.9842387437820435,1
HP0278,HP0279,1,0.9875553250312805,0.9764068722724915,0.9544376134872437,0.9858927130699158,0.9736426472663879,0.9682456851005554,0.9773622751235962,0.9716356992721558,0.973098874092102,0.9842275977134705,0.97525053024292,1
HP0279,HP0280,1,0.9873824715614319,0.9753167033195496,0.9537245035171509,0.9862344264984131,0.9732651114463806,0.9713072180747986,0.9747372269630432,0.9716838598251343,0.9746086001396179,0.9835819602012634,0.9751842081546783,1
HP0280,HP0282,0,0.014848652295768261,0.009458332322537899,0.02062404528260231,0.042918600142002106,0.025297822430729866,0.01865052990615368,0.005011425353586674,0.0113405492156744,0.00895250216126442,0.012380925938487053,0.016948338504880665,0
HP0282,HP0283,1,0.9931418299674988,0.9833677411079407,0.9265817403793335,0.9132786989212036,0.9935470223426819,0.8960009813308716,0.9624612927436829,0.9765241742134094,0.9680356979370117,0.8953955769538879,0.9508334755897522,1
HP0283,HP0284,1,0.9870197176933289,0.9728701114654541,0.9518202543258667,0.9865808486938477,0.971072793006897,0.9733415246009827,0.9714316129684448,0.9708189368247986,0.9747560620307922,0.9820606708526611,0.9741772532463073,1
HP0284,HP0285,1,0.9875568151473999,0.9757850766181946,0.9540985822677612,0.9863237738609314,0.973331093788147,0.9691451787948608,0.9759944081306458,0.9710323214530945,0.9735932350158691,0.9841451048851013,0.9751005589962005,1
HP0285,HP0286,1,0.9871365427970886,0.973590612411499,0.9523203372955322,0.9866148233413696,0.971782386302948,0.9726704955101013,0.9722842574119568,0.9708263278007507,0.9747879505157471,0.9826602935791016,0.9744674026966095,1
HP0286,HP0287,1,0.9807577729225159,0.8803108334541321,0.8486223220825195,0.9270204901695251,0.9533592462539673,0.7970225214958191,0.946653425693512,0.946501612663269,0.6149308681488037,0.9051917195320129,0.8800370812416076,1
HP0287,HP0288,1,0.9879503846168518,0.96825110912323,0.9716393947601318,0.9733786582946777,0.9748461842536926,0.9625425338745117,0.9423362016677856,0.9689961075782776,0.9850745797157288,0.9453854560852051,0.9680400609970092,1
HP0290,HP0291,1,0.9942820072174072,0.9926583766937256,0.9820572733879089,0.9897345900535583,0.9872735142707825,0.9673014879226685,0.9877063035964966,0.9786388874053955,0.9763006567955017,0.986287534236908,0.9842240631580352,1
HP0291,HP0292,1,0.992055356502533,0.9729615449905396,0.9804575443267822,0.9706113934516907,0.9831451773643494,0.9663293957710266,0.9902742505073547,0.9683043360710144,0.98060142993927,0.953289806842804,0.9758030235767364,1
HP0292,HP0293,1,0.9867459535598755,0.9714046120643616,0.9505512118339539,0.9863544702529907,0.9693780541419983,0.973992645740509,0.9698951244354248,0.9706621170043945,0.974335253238678,0.9808820486068726,0.9734201490879059,1
HP0296,HP0297,1,0.9934971928596497,0.9880957007408142,0.9811465740203857,0.9838401675224304,0.9850022792816162,0.9776320457458496,0.9825663566589355,0.9766421914100647,0.9853987097740173,0.9852496981620789,0.9839070916175843,1
HP0297,HP0298,0,0.7486439347267151,0.672619640827179,0.5256935954093933,0.4886614978313446,0.6484492421150208,0.7522692680358887,0.42225295305252075,0.6640152931213379,0.3154102563858032,0.40034300088882446,0.5638358682394028,1
HP0298,HP0299,1,0.991936206817627,0.9882355332374573,0.9672679305076599,0.9232194423675537,0.9794924855232239,0.9546834826469421,0.9928362369537354,0.9575130343437195,0.9483285546302795,0.9572767019271851,0.9660789608955384,1
HP0299,HP0300,1,0.9874265193939209,0.9759156703948975,0.9543041586875916,0.9859129190444946,0.9735227823257446,0.9705816507339478,0.9757564663887024,0.9722579121589661,0.9743570685386658,0.9839380979537964,0.9753973245620727,1
HP0300,HP0301,1,0.9947872757911682,0.981346607208252,0.9817469120025635,0.9624523520469666,0.991740345954895,0.9577867388725281,0.9916160106658936,0.9748402833938599,0.9172601699829102,0.9625683426856995,0.9716145038604737,1
HP0301,HP0302,1,0.9874278903007507,0.9752234220504761,0.9537273645401001,0.9863787889480591,0.9731317162513733,0.9707836508750916,0.9748667478561401,0.9712747931480408,0.9743335247039795,0.9837350845336914,0.9750882983207703,1
HP0302,HP0303,1,0.9953125715255737,0.978925347328186,0.9874581694602966,0.9889930486679077,0.9883231520652771,0.9696847200393677,0.9937739372253418,0.9484140872955322,0.9829347729682922,0.9809837937355042,0.9814803600311279,1
HP0303,HP0304,1,0.990594744682312,0.9813981652259827,0.9767446517944336,0.97635817527771,0.9683476686477661,0.8926743268966675,0.9855344891548157,0.970668613910675,0.980243980884552,0.944268524646759,0.9666833341121673,1
HP0304,HP0305,0,0.5459723472595215,0.45336392521858215,0.47624021768569946,0.3608420491218567,0.3982435464859009,0.33063289523124695,0.12600460648536682,0.40040746331214905,0.2558457553386688,0.37109723687171936,0.37186500430107117,0
HP0305,HP0306,1,0.9941612482070923,0.9926041960716248,0.9886889457702637,0.9879664778709412,0.9942761063575745,0.9865319132804871,0.9926691651344299,0.9751766920089722,0.9934716820716858,0.9834328889846802,0.9888979315757751,1
HP0306,HP0307,1,0.9881442189216614,0.9793004393577576,0.955071747303009,0.983549952507019,0.9686427116394043,0.9471998810768127,0.9822894334793091,0.9732509255409241,0.9617162346839905,0.9834777116775513,0.9722643256187439,1
HP0307,HP0308,1,0.9893196225166321,0.9875320196151733,0.963909924030304,0.9427852034568787,0.9808272123336792,0.9734938144683838,0.9888110756874084,0.9489569664001465,0.9777730703353882,0.9467754364013672,0.9700184345245362,1
HP0308,HP0309,1,0.8405312299728394,0.5030208230018616,0.5447752475738525,0.5892772078514099,0.7029967904090881,0.7217942476272583,0.4989563524723053,0.8250723481178284,0.39950689673423767,0.5831538438796997,0.6209084987640381,1
HP0309,HP0310,1,0.9930038452148438,0.9750940799713135,0.9812231063842773,0.9629870057106018,0.9756410717964172,0.9602354168891907,0.9733835458755493,0.968341588973999,0.9818163514137268,0.9681057929992676,0.9739831805229187,1
HP0310,HP0311,1,0.9931110143661499,0.9884769320487976,0.977443277835846,0.9830611348152161,0.9825030565261841,0.9669821858406067,0.9861098527908325,0.9681660532951355,0.9888159036636353,0.9827860593795776,0.9817455470561981,1
HP0311,HP0312,1,0.9850123524665833,0.9705036282539368,0.9449067711830139,0.982887864112854,0.9704712629318237,0.9774291515350342,0.9698662161827087,0.9716919660568237,0.973411500453949,0.9762351512908936,0.9722415864467621,1
HP0325,HP0326,1,0.9944082498550415,0.9911368489265442,0.9842462539672852,0.9820024967193604,0.9890031814575195,0.9833117127418518,0.9904897212982178,0.9710651636123657,0.9878968000411987,0.982485830783844,0.9856046259403228,1
HP0326,HP0327,1,0.9880239963531494,0.9779535531997681,0.9550977349281311,0.9849728941917419,0.9716957807540894,0.9562543630599976,0.9807490110397339,0.9711964130401611,0.9661023020744324,0.9846436381340027,0.9736689686775207,1
HP0327,HP0330,0,0.00856303796172142,0.007933986373245716,0.006728990934789181,0.011885317973792553,0.010611520148813725,0.008043097332119942,0.0024776358623057604,0.003079639980569482,0.003991754725575447,0.003940951079130173,0.00672559323720634,0
HP0330,HP0331,1,0.9924536347389221,0.7599717974662781,0.7090306282043457,0.8681967258453369,0.9780822396278381,0.8751123547554016,0.8298540711402893,0.9565344452857971,0.9462662935256958,0.8189225792884827,0.8734424769878387,1
HP0331,HP0332,1,0.9880648255348206,0.9782862067222595,0.955054759979248,0.9845743179321289,0.970564603805542,0.9520726799964905,0.9812554121017456,0.9714647531509399,0.9640164971351624,0.9845177531242371,0.9729871809482574,1
HP0332,HP0333,1,0.9858630895614624,0.9669199585914612,0.9463005661964417,0.9842334389686584,0.9634718298912048,0.9746877551078796,0.9663184285163879,0.9704352617263794,0.9716752767562866,0.9765137434005737,0.9706419348716736,1
HP0333,HP0334,1,0.9877654314041138,0.9771291613578796,0.9548155665397644,0.9855297803878784,0.972939670085907,0.9628884792327881,0.9795616865158081,0.9711248278617859,0.9699680209159851,0.9846944808959961,0.9746417105197906,1
HP0337,HP0338,1,0.9868005514144897,0.9716647267341614,0.9508268237113953,0.9863585829734802,0.9696574211120605,0.9739469885826111,0.9701376557350159,0.9708155989646912,0.9744242429733276,0.9810702204704285,0.9735702812671662,1
HP0338,HP0339,1,0.9911527037620544,0.9762510657310486,0.9451547265052795,0.9575091600418091,0.9749980568885803,0.934833288192749,0.9798904061317444,0.9626622796058655,0.9582785367965698,0.9411571025848389,0.9621887326240539,1
HP0339,HP0340,1,0.9876039028167725,0.9759825468063354,0.9542399048805237,0.9862741827964783,0.9734286665916443,0.968636691570282,0.9764867424964905,0.9710288047790527,0.9733039736747742,0.9842190146446228,0.9751204431056977,1
HP0340,HP0341,1,0.9671695232391357,0.9612089395523071,0.8932796120643616,0.8545641303062439,0.9387562870979309,0.893928050994873,0.9574140310287476,0.910158634185791,0.8540325164794922,0.8693282008171082,0.9099839925765991,1
HP0350,HP0351,1,0.9844797253608704,0.9078851938247681,0.9493168592453003,0.8821488618850708,0.9746381640434265,0.9075056910514832,0.9723643660545349,0.92547607421875,0.9260395169258118,0.8625792860984802,0.9292433738708497,1
HP0351,HP0352,1,0.9906250834465027,0.9404132962226868,0.9657647609710693,0.939879834651947,0.9732366800308228,0.9259290099143982,0.9536324739456177,0.9393938779830933,0.9712514877319336,0.9383830428123474,0.9538509547710419,1
HP0352,HP0353,1,0.9874995946884155,0.9760516285896301,0.9540156722068787,0.9860837459564209,0.973595917224884,0.9690765142440796,0.976604163646698,0.9713184833526611,0.9735128283500671,0.98402339220047,0.9751781940460205,1
HP0353,HP0354,1,0.9864700436592102,0.9700775146484375,0.9493715763092041,0.9856646656990051,0.9677080512046814,0.9745964407920837,0.9688702821731567,0.9709964990615845,0.9736546874046326,0.9795131087303162,0.9726922869682312,1
HP0354,HP0355,1,0.9873900413513184,0.9751867055892944,0.9535571336746216,0.9864464998245239,0.9730251431465149,0.9708959460258484,0.9745170474052429,0.9711214900016785,0.9743619561195374,0.9836899042129517,0.9750191867351532,1
HP0355,HP0356,1,0.9947875142097473,0.994773268699646,0.9849024415016174,0.9724623560905457,0.9932825565338135,0.9610235095024109,0.9951881170272827,0.9783442616462708,0.979675829410553,0.9749302268028259,0.9829370081424713,1
HP0377,HP0378,1,0.9937348365783691,0.9647693037986755,0.9723021984100342,0.966701328754425,0.9899455308914185,0.9675650596618652,0.9942808151245117,0.9806525707244873,0.9427857995033264,0.9785651564598083,0.9751302599906921,1
HP0378,HP0379,1,0.9913644194602966,0.9633517861366272,0.9246007800102234,0.8788623213768005,0.9868628978729248,0.9083596467971802,0.9725799560546875,0.9824517369270325,0.9624227285385132,0.8903646469116211,0.9461220920085907,1
HP0385,HP0386,1,0.9907928109169006,0.9735068082809448,0.9806755781173706,0.9602419137954712,0.9630885124206543,0.9670470952987671,0.965029239654541,0.9685006737709045,0.970947802066803,0.9785862565040588,0.9718416690826416,1
HP0386,HP0387,1,0.9845686554908752,0.958366870880127,0.9388063549995422,0.9752559661865234,0.9506567120552063,0.9727485775947571,0.9575546979904175,0.9672711491584778,0.9644069671630859,0.9691982865333557,0.9638834238052368,1
HP0404,HP0405,1,0.9896671175956726,0.984939455986023,0.9768153429031372,0.9795340299606323,0.9905485510826111,0.9868664145469666,0.9800921678543091,0.961712658405304,0.9917349219322205,0.980553388595581,0.9822464048862457,1
HP0405,HP0406,1,0.9373971223831177,0.9461876749992371,0.7507289052009583,0.7089748978614807,0.8850870132446289,0.8668777346611023,0.9063047766685486,0.8526376485824585,0.7617598176002502,0.7379978895187378,0.835395348072052,1
HP0408,HP0409,1,0.9932105541229248,0.9585114121437073,0.9690379500389099,0.962604284286499,0.9807702898979187,0.9564868807792664,0.9859373569488525,0.9809954762458801,0.9745457768440247,0.9715235829353333,0.9733623564243317,1
HP0409,HP0410,1,0.7573146224021912,0.7041011452674866,0.6403883695602417,0.5923001766204834,0.6367939710617065,0.45677420496940613,0.4935229420661926,0.740497350692749,0.4465089738368988,0.5159582495689392,0.5984160006046295,1
HP0417,HP0418,1,0.987260103225708,0.9775383472442627,0.9539070725440979,0.9849106669425964,0.9734260439872742,0.9653089046478271,0.9794270992279053,0.9721888303756714,0.9713934063911438,0.9841393232345581,0.9749499797821045,1
HP0418,HP0419,1,0.9626093506813049,0.9227628111839294,0.8956668376922607,0.8107182383537292,0.9165606498718262,0.9113923907279968,0.893137514591217,0.9206398129463196,0.89975506067276,0.8141078948974609,0.8947350561618805,1
HP0419,HP0420,1,0.9904673099517822,0.9606769680976868,0.971997857093811,0.9743754267692566,0.9568164348602295,0.9493231177330017,0.9507809281349182,0.951177716255188,0.9813817739486694,0.9170990586280823,0.9604096591472626,1
HP0420,HP0421,1,0.9951878786087036,0.9942118525505066,0.9916987419128418,0.9898558259010315,0.9941129684448242,0.9820976853370667,0.9955819249153137,0.9836930632591248,0.9957533478736877,0.9851363301277161,0.9907329618930817,1
HP0421,HP0422,1,0.9814796447753906,0.9310511350631714,0.9463302493095398,0.9251973628997803,0.9647184014320374,0.9361024498939514,0.9540687799453735,0.9726951122283936,0.9302495121955872,0.9578458666801453,0.949973851442337,1
HP0447,HP0448,1,0.9879317879676819,0.9779365062713623,0.9550964832305908,0.984933078289032,0.9718695878982544,0.9571788907051086,0.9806666970252991,0.9713879227638245,0.9666292667388916,0.9846460223197937,0.9738276243209839,1
HP0448,HP0449,0,0.2006296068429947,0.1047339215874672,0.1218128502368927,0.19942674040794373,0.1545061469078064,0.2180253118276596,0.24227818846702576,0.15656763315200806,0.07055430859327316,0.14178040623664856,0.161031511425972,0
HP0449,HP0450,1,0.9905022382736206,0.9795475602149963,0.9528568387031555,0.9833603501319885,0.9583572745323181,0.921282947063446,0.9833604693412781,0.971651554107666,0.9498657584190369,0.9824396967887878,0.9673224687576294,1
HP0457,HP0458,1,0.9737827181816101,0.9575536847114563,0.8705004453659058,0.877697229385376,0.9295616745948792,0.8957443833351135,0.9351340532302856,0.9386641979217529,0.9068150520324707,0.9346791505813599,0.922013258934021,1
HP0458,HP0459,1,0.9840952157974243,0.9533377885818481,0.936016857624054,0.9690874814987183,0.9450078010559082,0.9716225862503052,0.9523941874504089,0.9635488986968994,0.9611502289772034,0.9665706157684326,0.9602831661701202,1
HP0473,HP0474,1,0.9901288151741028,0.9869954586029053,0.9739757776260376,0.9742056727409363,0.986606240272522,0.9772897958755493,0.9855185151100159,0.9730187654495239,0.9770601987838745,0.979057788848877,0.9803857028484344,1
HP0474,HP0475,1,0.9872770309448242,0.9741573333740234,0.9528924822807312,0.986646831035614,0.9723241329193115,0.9720799922943115,0.9730934500694275,0.9708782434463501,0.9747269153594971,0.9830885529518127,0.9747164964675903,1
HP0486,HP0487,1,0.9909890294075012,0.9877414107322693,0.9697290658950806,0.9614888429641724,0.9838930368423462,0.9708642959594727,0.9873250722885132,0.9744705557823181,0.9767088890075684,0.9731086492538452,0.9776318848133088,1
HP0487,HP0488,0,0.64289790391922,0.5839284658432007,0.5350916981697083,0.4401912987232208,0.684047520160675,0.5430129170417786,0.658001184463501,0.6768074035644531,0.3806453049182892,0.3468600809574127,0.5491483777761459,1
HP0488,HP0489,1,0.9625565409660339,0.3588024079799652,0.41086751222610474,0.5981640815734863,0.41493022441864014,0.5586161613464355,0.8025095462799072,0.938113272190094,0.8905024528503418,0.26591992378234863,0.6200982123613358,1
HP0489,HP0493,0,0.0006539358291774988,0.0008476315997540951,0.0026751577388495207,0.00346203800290823,0.0009123599738813937,0.007764461915940046,0.0030901615973562002,0.0021102861501276493,0.0003948053054045886,0.0013569224392995238,0.0023267760552698746,0
HP0493,HP0494,1,0.9910575747489929,0.9603239893913269,0.9735956788063049,0.9165016412734985,0.9863283634185791,0.914660632610321,0.9613276720046997,0.9767225384712219,0.9755246639251709,0.9159576892852783,0.9572000443935395,1
HP0494,HP0497,0,0.03813149034976959,0.009696207009255886,0.06228071078658104,0.04711956903338432,0.0607554167509079,0.04731212928891182,0.014385505579411983,0.018414298072457314,0.00481934379786253,0.06017623469233513,0.03630909053608775,0
HP0497,HP0498,1,0.9928884506225586,0.9788786768913269,0.979005753993988,0.9570969343185425,0.9899832606315613,0.957954466342926,0.9906840324401855,0.9746971726417542,0.9585869908332825,0.9549546837806702,0.9734730422496796,1
HP0498,HP0499,1,0.9889586567878723,0.9399416446685791,0.8936675786972046,0.8884950280189514,0.9782974720001221,0.9130745530128479,0.8965771794319153,0.9676720499992371,0.9219621419906616,0.8652855753898621,0.9253931879997254,1
HP0506,HP0507,1,0.9877979159355164,0.9771195650100708,0.9549499154090881,0.985686182975769,0.973180890083313,0.9638993740081787,0.9793741106987,0.9711645245552063,0.9705244898796082,0.9846970438957214,0.9748394012451171,1
HP0507,HP0508,1,0.9960706830024719,0.9927898645401001,0.9903849959373474,0.987952709197998,0.9943230152130127,0.9785338640213013,0.9958344101905823,0.9753134250640869,0.9933159351348877,0.9811803102493286,0.9885699212551117,1
HP0508,HP0509,1,0.9940354824066162,0.9921966791152954,0.9869542717933655,0.9862445592880249,0.9946275353431702,0.9781878590583801,0.9952786564826965,0.9803723692893982,0.9786174893379211,0.9804055094718933,0.9866920411586761,1
HP0509,HP0510,1,0.9873600006103516,0.9651534557342529,0.9402937889099121,0.9286524057388306,0.9757817983627319,0.9407873749732971,0.9678046107292175,0.9743328094482422,0.9722827672958374,0.9549247622489929,0.9607373774051666,1
HP0513,HP0514,0,0.9137592911720276,0.7406667470932007,0.4687707722187042,0.6763797402381897,0.5902096033096313,0.5064118504524231,0.5632049441337585,0.6902309656143188,0.68045973777771,0.5251634120941162,0.6355257064104081,1
HP0514,HP0515,1,0.9923410415649414,0.8513323664665222,0.8957172632217407,0.9161473512649536,0.9190319776535034,0.8783683776855469,0.5947960019111633,0.9567033648490906,0.920377254486084,0.7799288034439087,0.8704743802547454,1
HP0515,HP0516,1,0.986411988735199,0.9695913195610046,0.9489250779151917,0.9857825040817261,0.9670644998550415,0.9743495583534241,0.9683869481086731,0.9705100059509277,0.9734666347503662,0.9793367385864258,0.9723825275897979,1
HP0516,HP0517,1,0.9876460433006287,0.9762772917747498,0.9543642997741699,0.9861211180686951,0.9733831882476807,0.967296838760376,0.9774025082588196,0.9709520936012268,0.9725673198699951,0.9844105839729309,0.9750421285629273,1
HP0517,HP0518,1,0.9873411655426025,0.9745379686355591,0.953202486038208,0.9865801334381104,0.9726021885871887,0.9715465903282166,0.9736889600753784,0.9709598422050476,0.9745997786521912,0.9833846092224121,0.9748443722724914,1
HP0523,HP0531,0,8.876954234438017e-05,3.59082841896452e-05,0.0010655863443389535,0.00039217632729560137,0.00035730161471292377,0.003913104068487883,0.0007231905474327505,0.0003227601118851453,7.760357402730733e-05,0.0006635354366153479,0.0007639935851329937,0
HP0531,HP0532,1,0.9879205226898193,0.9604376554489136,0.9684411883354187,0.9443556666374207,0.969036877155304,0.9571633338928223,0.9435256719589233,0.9568033218383789,0.9617171287536621,0.9519342184066772,0.960133558511734,1
HP0532,HP0537,0,0.002652870025485754,0.002347436733543873,0.010733583010733128,0.009836969897150993,0.0024559502489864826,0.020439958199858665,0.0030571843963116407,0.004430727101862431,0.003421675879508257,0.001840096665546298,0.006121645215898752,0
HP0537,HP0538,1,0.9917457699775696,0.9794889688491821,0.9731631278991699,0.9630510210990906,0.9861853122711182,0.9603442549705505,0.9865649938583374,0.9733735918998718,0.9817909598350525,0.9615756869316101,0.9757283687591553,1
HP0551,HP0552,1,0.993492066860199,0.9806994199752808,0.9767976403236389,0.9603740572929382,0.984825849533081,0.9582461714744568,0.9905520677566528,0.9688293933868408,0.9837587475776672,0.9570927619934082,0.9754668176174164,1
HP0552,HP0553,1,0.9845080971717834,0.8939404487609863,0.891303539276123,0.8851527571678162,0.9489789009094238,0.8698295950889587,0.9130620360374451,0.9449631571769714,0.9221822619438171,0.7407836318016052,0.8994704425334931,1
HP0553,HP0554,1,0.988890528678894,0.9766508340835571,0.9061901569366455,0.9140638113021851,0.9817023277282715,0.939067542552948,0.9586942791938782,0.9453720450401306,0.9472852349281311,0.8488510251045227,0.9406767785549164,1
HP0554,HP0555,1,0.9875349402427673,0.9755189418792725,0.9539220929145813,0.9864405393600464,0.9732054471969604,0.9695559740066528,0.9755187034606934,0.9708777666091919,0.9737833142280579,0.9840394854545593,0.9750397205352783,1
HP0602,HP0603,1,0.9712775349617004,0.9581292867660522,0.9303240776062012,0.8514993786811829,0.9627144932746887,0.8441200256347656,0.9588102102279663,0.9368664026260376,0.8711271286010742,0.8254308700561523,0.9110299408435821,1
HP0603,HP0604,0,0.9488434791564941,0.6757952570915222,0.7827960252761841,0.7790217399597168,0.8460973501205444,0.7846875190734863,0.7693752646446228,0.9296824336051941,0.6888634562492371,0.7301070690155029,0.7935269594192504,1
HP0604,HP0605,1,0.9906241297721863,0.9843955636024475,0.9772575497627258,0.9847747683525085,0.9876970648765564,0.9797514081001282,0.9774698615074158,0.9683661460876465,0.9863147139549255,0.9773104190826416,0.9813961625099182,1
HP0605,HP0606,1,0.9929012060165405,0.9832044243812561,0.9681190252304077,0.9382678270339966,0.9844315648078918,0.9361587762832642,0.9906086921691895,0.9621455669403076,0.9549617171287537,0.9598345160484314,0.9670633316040039,1
HP0606,HP0607,1,0.9914287328720093,0.9836871027946472,0.9760718941688538,0.9620735049247742,0.9859298467636108,0.9690795540809631,0.9920547604560852,0.9770693778991699,0.9841689467430115,0.9813348650932312,0.9802898585796356,1
HP0607,HP0608,1,0.9404518604278564,0.9494155645370483,0.8439733982086182,0.8468775749206543,0.950172483921051,0.8714225888252258,0.9677291512489319,0.9213744401931763,0.8971449136734009,0.8546714186668396,0.9043233394622803,1
HP0631,HP0632,1,0.9894223809242249,0.9335553646087646,0.9365408420562744,0.9177219867706299,0.9656144380569458,0.9526376128196716,0.8955856561660767,0.9397091269493103,0.9252890348434448,0.8914340734481812,0.9347510516643525,1
HP0632,HP0633,1,0.9959433674812317,0.9851828813552856,0.9741839170455933,0.9437369704246521,0.9759308099746704,0.9521414637565613,0.967896044254303,0.9750372171401978,0.9705085158348083,0.9176435470581055,0.9658204734325408,1
HP0633,HP0634,1,0.9874813556671143,0.9757437705993652,0.9538614153862,0.9862309098243713,0.973301887512207,0.9692155122756958,0.97598797082901,0.9710657596588135,0.9736114740371704,0.9840671420097351,0.9750567197799682,1
HP0634,HP0635,1,0.9790865182876587,0.9029603600502014,0.8894385695457458,0.870826244354248,0.9621274471282959,0.8929871916770935,0.9419518113136292,0.9439150094985962,0.933444619178772,0.7800690531730652,0.9096806824207306,1
HP0640,HP0641,1,0.8689274787902832,0.7735523581504822,0.6818621754646301,0.7011507153511047,0.6680746674537659,0.6375796794891357,0.585277259349823,0.8611266016960144,0.5128681063652039,0.5990390181541443,0.6889458060264587,1
HP0641,HP0642,1,0.9935028553009033,0.9886598587036133,0.9843092560768127,0.9820761680603027,0.9933861494064331,0.9851255416870117,0.9938362836837769,0.9689133763313293,0.9926554560661316,0.9833129644393921,0.9865777909755706,1
HP0642,HP0643,0,0.7936409711837769,0.7970927357673645,0.42513757944107056,0.629625678062439,0.5747388601303101,0.5234055519104004,0.2814166247844696,0.20190565288066864,0.3590252697467804,0.43935588002204895,0.5025344803929329,1
HP0643,HP0644,1,0.9884196519851685,0.9787179827690125,0.954858124256134,0.9843120574951172,0.9688529968261719,0.94586580991745,0.9818921089172363,0.9714669585227966,0.9611026644706726,0.9841586947441101,0.971964704990387,1
HP0644,HP0645,1,0.9908727407455444,0.905799150466919,0.9500933885574341,0.9310049414634705,0.9763535261154175,0.8898609280586243,0.9751267433166504,0.9691511392593384,0.9585316181182861,0.8930898308753967,0.9439884006977082,1
HP0645,HP0646,1,0.9877974390983582,0.977192759513855,0.9549068808555603,0.9855721592903137,0.9729679226875305,0.9628514051437378,0.979552686214447,0.9711023569107056,0.969902753829956,0.9847305417060852,0.9746576905250549,1
HP0646,HP0647,1,0.9943485260009766,0.9951805472373962,0.9857020378112793,0.9879430532455444,0.9952330589294434,0.9725521206855774,0.995558500289917,0.9829099178314209,0.9916123151779175,0.9843937754631042,0.9885433852672577,1
HP0647,HP0648,1,0.99390709400177,0.9853739142417908,0.9854106903076172,0.9794308543205261,0.9898274540901184,0.9665919542312622,0.9887237548828125,0.9783392548561096,0.988592803478241,0.9706134796142578,0.9826811254024506,1
HP0648,HP0649,1,0.9723068475723267,0.905238926410675,0.9055837392807007,0.8751000761985779,0.9316237568855286,0.8951152563095093,0.9402660131454468,0.8994768261909485,0.843061625957489,0.9206680059432983,0.9088441073894501,1
HP0649,HP0650,1,0.993133544921875,0.9870030283927917,0.9852279424667358,0.9877617359161377,0.9851089715957642,0.9762386083602905,0.9716545343399048,0.958176851272583,0.9887329339981079,0.9817285537719727,0.9814766705036163,1
HP0655,HP0656,1,0.9878699779510498,0.9775163531303406,0.9549502730369568,0.9852908253669739,0.9725210666656494,0.9602267146110535,0.9800906181335449,0.9711353778839111,0.9683258533477783,0.9847022294998169,0.9742629289627075,1
HP0656,HP0657,1,0.9924769401550293,0.9894289970397949,0.9829135537147522,0.9768468737602234,0.9881119728088379,0.9768126606941223,0.9822995066642761,0.9829034805297852,0.9843873381614685,0.9829864501953125,0.9839167773723603,1
HP0657,HP0658,1,0.987343430519104,0.9745739698410034,0.9531837701797485,0.9866047501564026,0.9726927876472473,0.9716411232948303,0.9737268090248108,0.9709261655807495,0.9746166467666626,0.9833264350891113,0.974863588809967,1
HP0658,HP0659,1,0.9875103235244751,0.9754471182823181,0.953863799571991,0.9864412546157837,0.973200261592865,0.9698812365531921,0.9753406047821045,0.9709472060203552,0.9739372730255127,0.9839572310447693,0.9750526309013366,1
HP0659,HP0660,1,0.9678548574447632,0.8919030427932739,0.7268314361572266,0.8527328968048096,0.8829348683357239,0.7594040632247925,0.9232405424118042,0.8016596436500549,0.7356756925582886,0.8244035243988037,0.8366640567779541,1
HP0660,HP0661,1,0.9878630042076111,0.9776322841644287,0.9550684690475464,0.9852433800697327,0.9726025462150574,0.960429847240448,0.9801411032676697,0.9713242650032043,0.9684410691261292,0.9846892356872559,0.9743435204029083,1
HP0661,HP0662,1,0.9956825971603394,0.9878209829330444,0.9854475259780884,0.9716172814369202,0.9917070269584656,0.9722640514373779,0.9951514601707458,0.9686876535415649,0.9804996252059937,0.9750235080718994,0.982390171289444,1
HP0662,HP0663,1,0.9870268702507019,0.9727939367294312,0.9517814517021179,0.9866318702697754,0.970979630947113,0.9732246994972229,0.9713350534439087,0.9707096815109253,0.9747340083122253,0.9820919632911682,0.974130916595459,1
HP0663,HP0664,1,0.9150848984718323,0.7616129517555237,0.8156288862228394,0.8070677518844604,0.8069093823432922,0.7175592184066772,0.7458054423332214,0.8050573468208313,0.6546421647071838,0.7614164352416992,0.7790784478187561,1
HP0664,HP0665,1,0.9862807393074036,0.9688655734062195,0.9482862949371338,0.9854924082756042,0.9660401344299316,0.9744071364402771,0.9677844047546387,0.9704330563545227,0.9730282425880432,0.9786547422409058,0.9719272732734681,1
HP0665,HP0666,1,0.9874522686004639,0.9751090407371521,0.9536162614822388,0.9865217208862305,0.9730169177055359,0.970551073551178,0.9746941328048706,0.9709154963493347,0.9742363095283508,0.9837579131126404,0.9749871134757996,1
HP0690,HP0691,1,0.9943482875823975,0.9742512702941895,0.9705477356910706,0.9437124133110046,0.9787147045135498,0.9338716268539429,0.9614214301109314,0.962472677230835,0.9539485573768616,0.9255990982055664,0.9598887801170349,1
HP0691,HP0692,1,0.9874818325042725,0.9753177165985107,0.9537624716758728,0.9864552021026611,0.9731114506721497,0.9700830578804016,0.975089967250824,0.9709486961364746,0.9740433692932129,0.9839078187942505,0.9750201582908631,1
HP0692,HP0693,1,0.9943347573280334,0.9945787787437439,0.9893091320991516,0.9885074496269226,0.9948582053184509,0.984441339969635,0.9920628070831299,0.9878457188606262,0.994635820388794,0.9854841828346252,0.9906058192253113,1
HP0695,HP0696,1,0.9925355315208435,0.9939827919006348,0.9776153564453125,0.9837232232093811,0.990462601184845,0.9810926914215088,0.9870366454124451,0.982044517993927,0.9874489903450012,0.9844010472297668,0.9860343396663666,1
HP0696,HP0697,1,0.9952137470245361,0.9962558150291443,0.9808043241500854,0.9718917608261108,0.9860237240791321,0.9119739532470703,0.9948691129684448,0.9676845073699951,0.9765097498893738,0.9563625454902649,0.9737589240074158,1
HP0706,HP0707,1,0.9859334826469421,0.9751255512237549,0.9510475397109985,0.9304790496826172,0.9807345271110535,0.9266993403434753,0.9690002799034119,0.9445121884346008,0.954154908657074,0.8817952275276184,0.9499482095241547,1
HP0707,HP0708,1,0.9944063425064087,0.9919015765190125,0.9778826832771301,0.9533091187477112,0.9907661080360413,0.9526022672653198,0.992009699344635,0.9633045792579651,0.9765300154685974,0.9695278406143188,0.976224023103714,1
HP0737,HP0738,1,0.8154432773590088,0.7693479061126709,0.41609299182891846,0.581920325756073,0.6191465854644775,0.5274943113327026,0.3156253397464752,0.4293897747993469,0.34024402499198914,0.5328501462936401,0.5347554683685303,1
HP0738,HP0739,1,0.9875655174255371,0.9764915108680725,0.9544886946678162,0.9858807921409607,0.9736821055412292,0.9682912826538086,0.9773609042167664,0.9716923236846924,0.9731774926185608,0.9842393398284912,0.9752869963645935,1
HP0739,HP0740,1,0.986674964427948,0.9709845781326294,0.9502145051956177,0.9862504601478577,0.9688562154769897,0.9741024971008301,0.9695344567298889,0.9706328511238098,0.9741624593734741,0.9805504679679871,0.9731963455677033,1
HP0740,HP0741,1,0.9961724281311035,0.9930583238601685,0.9866183400154114,0.9743697643280029,0.9912428259849548,0.9610987901687622,0.9909233450889587,0.9798142313957214,0.9806503653526306,0.9743969440460205,0.9828345358371735,1
HP0741,HP0742,1,0.9371351003646851,0.8872849941253662,0.8108372688293457,0.8193535208702087,0.8709008097648621,0.7997039556503296,0.8926795125007629,0.8233422040939331,0.7283477187156677,0.8307653069496155,0.8400350391864777,1
HP0750,HP0751,0,0.6919716596603394,0.7362348437309265,0.4562070667743683,0.40094906091690063,0.6633948087692261,0.5996970534324646,0.5844215750694275,0.591235339641571,0.36946603655815125,0.4235551655292511,0.5517132610082627,1
HP0751,HP0752,1,0.9945338368415833,0.9906350374221802,0.9877274036407471,0.9915553331375122,0.9906092882156372,0.9892982840538025,0.9860886931419373,0.9674901962280273,0.9945359826087952,0.9846560955047607,0.9877130150794983,1
HP0752,HP0753,1,0.969504177570343,0.953627347946167,0.9098840951919556,0.8814408779144287,0.9483317136764526,0.8644371628761292,0.935325026512146,0.9129148721694946,0.8501375913619995,0.8309345245361328,0.9056537389755249,1
HP0753,HP0754,1,0.9877176284790039,0.9765325784683228,0.9545877575874329,0.986031711101532,0.973336935043335,0.9661781191825867,0.9781967401504517,0.9709152579307556,0.9719043374061584,0.9845545887947083,0.9749955654144287,1
HP0754,HP0755,0,0.8153150081634521,0.482777863740921,0.4864480495452881,0.6138153076171875,0.7787822484970093,0.7223005890846252,0.4121761918067932,0.7353765964508057,0.7208570837974548,0.43864256143569946,0.6206491500139236,1
HP0755,HP0756,1,0.9928392171859741,0.9875106811523438,0.977941632270813,0.9863128662109375,0.9846551418304443,0.9587868452072144,0.9901571869850159,0.9581015706062317,0.9847028255462646,0.9799173474311829,0.9800925314426422,1
HP0756,HP0757,1,0.9958281517028809,0.9931483268737793,0.9904618859291077,0.9877920150756836,0.9919890761375427,0.9839715361595154,0.9936408400535583,0.9663964509963989,0.9945622086524963,0.9795348644256592,0.9877325356006622,1
HP0757,HP0758,1,0.9433252215385437,0.745081901550293,0.8055932521820068,0.7990500330924988,0.8836572170257568,0.7992960214614868,0.8214209079742432,0.9132993817329407,0.7904614806175232,0.8024610280990601,0.8303646445274353,1
HP0758,HP0759,1,0.8409538865089417,0.8189995884895325,0.7824966907501221,0.6927224397659302,0.8632479906082153,0.7095566391944885,0.8431091904640198,0.8244836926460266,0.6761137843132019,0.6713738441467285,0.7723057746887207,1
HP0759,HP0762,0,0.0010899117914959788,3.789723268710077e-05,0.002157118171453476,0.00360043509863317,0.0008549184422008693,0.007719567511230707,0.0010683240834623575,0.0006162301870062947,0.0003524314088281244,0.0017725975485518575,0.0019269431475549936,0
HP0762,HP0763,1,0.9956994652748108,0.9844653606414795,0.9877610802650452,0.9844853281974792,0.9910586476325989,0.9662438631057739,0.9916051030158997,0.9760275483131409,0.9915106296539307,0.9658128619194031,0.9834669888019562,1
HP0763,HP0769,0,0.0007004747749306262,0.00024595618015155196,0.0016522289952263236,0.003936480265110731,0.0006858260021544993,0.00476565957069397,0.00046647709677927196,0.00040785156306810677,0.00026805695961229503,0.0008702749037183821,0.0013999286311445758,0
HP0769,HP0770,1,0.9868267774581909,0.9717559218406677,0.9508939385414124,0.9864593148231506,0.9698021411895752,0.9738036394119263,0.9702438116073608,0.9706578254699707,0.9744701385498047,0.981227695941925,0.9736141204833985,1
HP0770,HP0779,0,0.03049129620194435,0.04354185611009598,0.06200267747044563,0.08591212332248688,0.1584201455116272,0.10393116623163223,0.06543479859828949,0.020005011931061745,0.03759346902370453,0.11087566614151001,0.07182082105427981,0
HP0779,HP0780,1,0.9890758395195007,0.9904817938804626,0.9622988700866699,0.9130905270576477,0.9850078821182251,0.8867599964141846,0.9855226278305054,0.9235092401504517,0.896709680557251,0.9149988293647766,0.9447455286979676,1
HP0780,HP0781,1,0.9662526249885559,0.8329887390136719,0.8565390706062317,0.9079636335372925,0.9312020540237427,0.8884221315383911,0.885585367679596,0.8977706432342529,0.874530017375946,0.8003450036048889,0.8841599285602569,1
HP0781,HP0782,1,0.883135199546814,0.5745359063148499,0.44738420844078064,0.5849050879478455,0.6831335425376892,0.772194504737854,0.36528241634368896,0.6537553071975708,0.6072134971618652,0.6078861951828003,0.6179425865411758,1
HP0786,HP0787,1,0.987830638885498,0.9772776961326599,0.9548996090888977,0.9855525493621826,0.9729322195053101,0.9623860120773315,0.9796447157859802,0.9710234999656677,0.9695790410041809,0.9847100973129272,0.9745836079120636,1
HP0813,HP0814,1,0.9872163534164429,0.973900556564331,0.952643871307373,0.9866348505020142,0.9721273183822632,0.9724533557891846,0.9727455377578735,0.9708852767944336,0.974791944026947,0.9828513264656067,0.974625039100647,1
HP0814,HP0815,1,0.989404022693634,0.9714677333831787,0.9539268612861633,0.9304835796356201,0.9583254456520081,0.9247657656669617,0.9671923518180847,0.9553689360618591,0.9595088362693787,0.9434464573860168,0.9553889989852905,1
HP0815,HP0816,1,0.9944453239440918,0.9496992230415344,0.9737497568130493,0.9514577388763428,0.9812892079353333,0.952261745929718,0.9820647835731506,0.9664196968078613,0.9615144729614258,0.9520003795623779,0.9664902329444885,1
HP0816,HP0817,1,0.9877576231956482,0.9767988920211792,0.9547350406646729,0.9858763217926025,0.9732679724693298,0.9650633931159973,0.9789525270462036,0.9709775447845459,0.9712327122688293,0.984633207321167,0.9749295234680175,1
HP0817,HP0818,0,0.9925864338874817,0.9714404344558716,0.9521650671958923,0.9592806100845337,0.9679926633834839,0.91482013463974,0.9716068506240845,0.9372002482414246,0.9512835144996643,0.9491977095603943,0.9567573666572571,1
HP0818,HP0819,1,0.9944605827331543,0.9748738408088684,0.9790017604827881,0.9240062832832336,0.9776109457015991,0.9496493935585022,0.9852941036224365,0.9603512287139893,0.9488429427146912,0.9344818592071533,0.9628572940826416,1
HP0819,HP0820,0,0.975591778755188,0.8817731738090515,0.8047702312469482,0.8618428111076355,0.8633121252059937,0.7766398191452026,0.8304193019866943,0.9097352027893066,0.8953195810317993,0.7340324521064758,0.8533436477184295,1
HP0820,HP0821,1,0.9857375025749207,0.9656756520271301,0.945380687713623,0.9836959838867188,0.9614600539207458,0.9742173552513123,0.965312123298645,0.9700556397438049,0.9708516001701355,0.9757460951805115,0.9698132693767547,1
HP0821,HP0822,1,0.9833113551139832,0.9369518756866455,0.9482408165931702,0.9355238080024719,0.9399650692939758,0.9403476119041443,0.9391135573387146,0.9568224549293518,0.9446794986724854,0.9496785998344421,0.9474634647369384,1
HP0822,HP0823,1,0.9882341027259827,0.978319525718689,0.9549940824508667,0.9846816658973694,0.9703836441040039,0.9509456157684326,0.9813342690467834,0.9711381793022156,0.9634041786193848,0.9844751358032227,0.9727910399436951,1
HP0823,HP0824,0,0.7009601593017578,0.4266073703765869,0.4159221351146698,0.5683581829071045,0.5340955853462219,0.45696917176246643,0.1620977520942688,0.4592914283275604,0.2885810434818268,0.3251665532588959,0.43380493819713595,0
HP0824,HP0825,1,0.9933640360832214,0.9896705150604248,0.9844609498977661,0.974856972694397,0.9829366207122803,0.9799006581306458,0.9922383427619934,0.9862064719200134,0.9883877038955688,0.9852365255355835,0.9857258796691895,1
HP0840,HP0841,1,0.987212598323822,0.9737920165061951,0.9526189565658569,0.9866669178009033,0.9720490574836731,0.972626805305481,0.9725813269615173,0.9708922505378723,0.9748214483261108,0.982747495174408,0.974600887298584,1
HP0841,HP0842,1,0.9877589344978333,0.9767981767654419,0.9547362327575684,0.9858783483505249,0.9732721447944641,0.9650662541389465,0.9789532423019409,0.9709736108779907,0.9712300896644592,0.9846314787864685,0.9749298512935638,1
HP0854,HP0855,1,0.9818841814994812,0.8178609609603882,0.7830160856246948,0.8645804524421692,0.9333437085151672,0.7963857650756836,0.8774856328964233,0.915311336517334,0.8787862658500671,0.6476462483406067,0.8496300637722015,1
HP0855,HP0856,1,0.9762067198753357,0.9486857056617737,0.9448168873786926,0.926938533782959,0.9714837074279785,0.925735354423523,0.9598506689071655,0.9734689593315125,0.9480189681053162,0.9459255337715149,0.9521131038665771,1
HP0878,HP0879,1,0.985914409160614,0.9670199155807495,0.9464840292930603,0.9842785000801086,0.9631306529045105,0.9743790626525879,0.9662229418754578,0.9703301191329956,0.9716210961341858,0.9768022894859314,0.9706183016300202,1
HP0879,HP0885,0,0.00245930184610188,0.0026322058402001858,0.0034363430459052324,0.007839991711080074,0.0024264350067824125,0.006712953560054302,0.0008036504732444882,0.0027154474519193172,0.0011895259376615286,0.0008342504152096808,0.0031050105288159104,0
HP0885,HP0886,1,0.9874005913734436,0.9748919606208801,0.9534546136856079,0.9865390062332153,0.9728446006774902,0.9709491729736328,0.9742752313613892,0.9709398150444031,0.9743926525115967,0.9836355447769165,0.9749323189258575,1
HP0907,HP0908,1,0.9866364598274231,0.9711951017379761,0.950215220451355,0.98606938123703,0.9691357016563416,0.9744008779525757,0.9697598218917847,0.9709518551826477,0.9741989374160767,0.9804447889328003,0.9733008146286011,1
HP0908,HP0909,0,0.9794443249702454,0.9866308569908142,0.9645528197288513,0.9166011810302734,0.988627552986145,0.8961870074272156,0.9856431484222412,0.9037632346153259,0.9370377659797668,0.9175805449485779,0.9476068437099456,1
HP0909,HP0910,1,0.9867534637451172,0.9717065691947937,0.9506996870040894,0.9862774610519409,0.9699016809463501,0.9742457270622253,0.9703178405761719,0.9709151387214661,0.9744673371315002,0.9808927774429321,0.9736177682876587,1
HP0910,HP0911,1,0.9957661628723145,0.9917847514152527,0.9864200949668884,0.9859762787818909,0.9932237267494202,0.9636152982711792,0.994852602481842,0.9761194586753845,0.9883620142936707,0.9787912964820862,0.9854911684989929,1
HP0911,HP0912,0,0.6819342970848083,0.34339237213134766,0.5444300770759583,0.4467940926551819,0.6400485038757324,0.4359724223613739,0.6045487523078918,0.6827285885810852,0.11509871482849121,0.5298047065734863,0.5024752527475357,1
HP0912,HP0913,1,0.991152822971344,0.8467490673065186,0.7584025859832764,0.9126320481300354,0.9812175035476685,0.8932950496673584,0.9482582211494446,0.9746840596199036,0.9490277171134949,0.857961118221283,0.9113380193710328,1
HP0921,HP0922,1,0.9948800206184387,0.989414393901825,0.9891431927680969,0.9879293441772461,0.9920739531517029,0.9890615940093994,0.991095244884491,0.968246340751648,0.995730459690094,0.9843317866325378,0.9881906330585479,1
HP0922,HP0923,1,0.900351881980896,0.8700277805328369,0.8249215483665466,0.795998215675354,0.7577565908432007,0.751686692237854,0.5430118441581726,0.656517505645752,0.7204363346099854,0.4942684769630432,0.7314976871013641,1
HP0933,HP0934,1,0.9804710745811462,0.9427589178085327,0.9264394044876099,0.8710194230079651,0.954327404499054,0.8874178528785706,0.9478554129600525,0.9478773474693298,0.9382885098457336,0.863490104675293,0.9259945452213287,1
HP0934,HP0935,1,0.9958887696266174,0.980866014957428,0.9789257049560547,0.9661833047866821,0.9774962663650513,0.9498165249824524,0.9827890992164612,0.9750796556472778,0.9851768612861633,0.9640774130821228,0.9756299614906311,1
HP0951,HP0952,1,0.9856334328651428,0.9581469297409058,0.9608495235443115,0.9551666975021362,0.962396502494812,0.9626746773719788,0.9384285807609558,0.9548086524009705,0.960474967956543,0.9691787958145142,0.9607758760452271,1
HP0952,HP0973,0,5.128595876158215e-05,3.3996177080553025e-05,0.0002660496102180332,0.00021497665147762746,6.430415669456124e-05,0.0018733133329078555,0.0001446223905077204,0.0001755978591972962,6.494703848147765e-05,0.00020683524780906737,0.0003095928423135774,0
HP0973,HP0974,1,0.9936306476593018,0.9920293688774109,0.9802114367485046,0.968810498714447,0.9908630847930908,0.9746851921081543,0.9935975074768066,0.9611063599586487,0.9866865873336792,0.979030966758728,0.9820651650428772,1
HP0974,HP0975,1,0.9916573762893677,0.9523966908454895,0.9644902348518372,0.8813713192939758,0.9714016318321228,0.9306908845901489,0.9501001834869385,0.9090182781219482,0.8890951871871948,0.8860630393028259,0.9326284825801849,1
HP0975,HP0977,0,0.5126314163208008,0.6209983825683594,0.40931394696235657,0.47801318764686584,0.5970170497894287,0.4364243149757385,0.47885575890541077,0.396334171295166,0.31272265315055847,0.31907832622528076,0.4561389207839966,0
HP0977,HP0978,1,0.9894474148750305,0.9861444234848022,0.9760875701904297,0.9728713035583496,0.9852401614189148,0.97528076171875,0.9859542846679688,0.9694442749023438,0.9843367338180542,0.9759031534194946,0.9800710082054138,1
HP0993,HP0994,1,0.9860069155693054,0.9673573970794678,0.9468637704849243,0.9847484827041626,0.9640112519264221,0.9744329452514648,0.966678261756897,0.9702746868133545,0.9720847606658936,0.9772700071334839,0.9709728479385376,1
HP1001,HP1002,1,0.9925010204315186,0.9853225350379944,0.9787747263908386,0.9775506258010864,0.9856402277946472,0.9648176431655884,0.9850159883499146,0.9847794771194458,0.9936109781265259,0.9716126322746277,0.9819625854492188,1
HP1014,HP1015,1,0.9564175605773926,0.893201470375061,0.894723117351532,0.9200473427772522,0.9499045014381409,0.7641844749450684,0.9069244861602783,0.9285557866096497,0.8172699809074402,0.8134686350822449,0.884469735622406,1
HP1015,HP1016,1,0.9872604608535767,0.9743146896362305,0.9529638290405273,0.9865206480026245,0.9725527167320251,0.9723929762840271,0.9732979536056519,0.9711905717849731,0.9748338460922241,0.9829828143119812,0.9748310506343841,1
HP1016,HP1017,0,0.988261878490448,0.9873324632644653,0.9616745114326477,0.9662771821022034,0.9860556721687317,0.9745458960533142,0.9799756407737732,0.9785100817680359,0.9817236065864563,0.963831901550293,0.9768188834190369,1
HP1024,HP1025,1,0.9925003051757812,0.9866905808448792,0.9801501035690308,0.9854995012283325,0.9860883355140686,0.9714763164520264,0.9817866086959839,0.9608332514762878,0.9796556234359741,0.9853648543357849,0.9810045480728149,1
HP1025,HP1026,1,0.9859775304794312,0.967598021030426,0.946930468082428,0.9846178293228149,0.9645207524299622,0.974812388420105,0.9668803215026855,0.970584511756897,0.9721611142158508,0.9770653247833252,0.9711148262023925,1
HP1041,HP1042,1,0.98990398645401,0.9704784154891968,0.9584577083587646,0.8992012143135071,0.978239893913269,0.9393033981323242,0.9797858595848083,0.9414265751838684,0.9087457656860352,0.9007257223129272,0.946626853942871,1
HP1058,HP1059,1,0.9871920943260193,0.9739695191383362,0.9526186585426331,0.9866071939468384,0.9721042513847351,0.9724299907684326,0.9726916551589966,0.970910370349884,0.974776029586792,0.9828856587409973,0.9746185421943665,1
HP1059,HP1060,0,0.8135519623756409,0.8541774749755859,0.7719857096672058,0.7660080194473267,0.754995584487915,0.5647674202919006,0.6975082755088806,0.8986326456069946,0.45077982544898987,0.6667761206626892,0.7239183038473129,1
HP1060,HP1061,1,0.9869970083236694,0.9727679491043091,0.9517359137535095,0.9865484833717346,0.9709826111793518,0.9735211730003357,0.9712886810302734,0.9709044694900513,0.9747611880302429,0.9819043874740601,0.9741411864757538,1
HP1061,HP1062,1,0.9871406555175781,0.973443329334259,0.9522991180419922,0.9866562485694885,0.9716735482215881,0.9728074669837952,0.9721264839172363,0.970803439617157,0.9748004078865051,0.9825516939163208,0.974430239200592,1
HP1062,HP1063,1,0.987804651260376,0.9770194292068481,0.9548443555831909,0.9857349395751953,0.973116397857666,0.9637474417686462,0.9793216586112976,0.9709704518318176,0.9704234600067139,0.9846969842910767,0.9747679769992829,1
HP1063,HP1064,1,0.9878045320510864,0.9770179390907288,0.9548432230949402,0.9857389330863953,0.9731072783470154,0.9637229442596436,0.979314923286438,0.9709550738334656,0.97040855884552,0.9847044944763184,0.9747617900371551,1
HP1064,HP1065,1,0.9864038228988647,0.9831079840660095,0.9603314399719238,0.9762340784072876,0.9865034222602844,0.979114294052124,0.9772977232933044,0.9741934537887573,0.982384979724884,0.9797878265380859,0.9785359025001525,1
HP1065,HP1067,0,0.0047263456508517265,0.0018413924844935536,0.004015359096229076,0.008525093086063862,0.003990358207374811,0.007287800777703524,0.0017569077899679542,0.0013690039049834013,0.0011587770422920585,0.0032214538659900427,0.003789249190595001,0
HP1067,HP1068,1,0.9862337708473206,0.9688740968704224,0.9481312036514282,0.985420286655426,0.9661321640014648,0.974522590637207,0.9678047299385071,0.9704667329788208,0.9730305671691895,0.9785698056221008,0.9719185948371887,1
HP1068,HP1069,1,0.9817734956741333,0.8983508944511414,0.9491876363754272,0.9136922955513,0.9639467000961304,0.9327169060707092,0.9325398206710815,0.9306538701057434,0.9410956501960754,0.9163832068443298,0.9360340476036072,1
HP1069,HP1070,1,0.9946712851524353,0.9936656355857849,0.973105251789093,0.9409863948822021,0.9835087656974792,0.9290874600410461,0.993999719619751,0.9793131351470947,0.9707691669464111,0.932418167591095,0.9691524982452393,1
HP1070,HP1071,1,0.9862281084060669,0.9685772657394409,0.9480145573616028,0.9853589534759521,0.9656594395637512,0.9744212031364441,0.9675812125205994,0.9704110622406006,0.9728580713272095,0.9783974885940552,0.9717507362365723,1
HP1071,HP1072,1,0.9860796332359314,0.9678365588188171,0.9473281502723694,0.984814465045929,0.9646205306053162,0.9745568037033081,0.9670637249946594,0.9705345630645752,0.972314715385437,0.9775732755661011,0.9712722420692443,1
HP1072,HP1073,1,0.9904076457023621,0.9796753525733948,0.9527676701545715,0.983274519443512,0.9582480192184448,0.9213072061538696,0.9833095669746399,0.971765398979187,0.9498576521873474,0.9823862910270691,0.9672999322414398,1
HP1073,HP1074,1,0.9932768940925598,0.9920076131820679,0.9751788973808289,0.9849966168403625,0.988525390625,0.9597002863883972,0.9926812052726746,0.9807074069976807,0.99058598279953,0.9597427248954773,0.9817403018474579,1
HP1085,HP1086,1,0.9871379733085632,0.9734807014465332,0.9523258805274963,0.9866169691085815,0.971714437007904,0.972868025302887,0.972179114818573,0.9708964824676514,0.9748227000236511,0.9825441837310791,0.974458646774292,1
HP1086,HP1087,1,0.9872784614562988,0.9741075038909912,0.9528583288192749,0.9866743683815002,0.9722594618797302,0.9719939231872559,0.973041832447052,0.9707838892936707,0.9746965765953064,0.9831075072288513,0.9746801853179932,1
HP1087,HP1088,1,0.898849606513977,0.49850237369537354,0.61348956823349,0.7237445116043091,0.6684502363204956,0.7967841029167175,0.6535949110984802,0.8917492628097534,0.5985144376754761,0.6853745579719543,0.7029053568840027,1
HP1088,HP1089,1,0.9872238636016846,0.974219024181366,0.9528277516365051,0.9865317940711975,0.9724356532096863,0.9725377559661865,0.9730732440948486,0.9711636304855347,0.9748407602310181,0.9828962087631226,0.974774968624115,1
HP1089,HP1090,1,0.9873458743095398,0.9745291471481323,0.9531837701797485,0.9866103529930115,0.972615659236908,0.9715489149093628,0.9736800193786621,0.9708948731422424,0.9745943546295166,0.983367383480072,0.9748370349407196,1
HP1090,HP1091,1,0.7938222885131836,0.3342631757259369,0.35332605242729187,0.5489556789398193,0.3706114590167999,0.3789660632610321,0.3859391510486603,0.6140444278717041,0.11278066039085388,0.28475385904312134,0.4177462816238403,0
HP1101,HP1102,1,0.9945361018180847,0.9967735409736633,0.9833819270133972,0.9892896413803101,0.9947272539138794,0.9767036437988281,0.9944443702697754,0.9798250794410706,0.9909374713897705,0.9871379733085632,0.9887757003307343,1
HP1102,HP1103,1,0.9870356917381287,0.9729931354522705,0.9518904685974121,0.9865632057189941,0.9712393283843994,0.973255455493927,0.9716207385063171,0.9708718657493591,0.9747901558876038,0.9821695685386658,0.9742429614067077,1
HP1108,HP1109,1,0.9924503564834595,0.9844356775283813,0.9672810435295105,0.9637494683265686,0.9740707874298096,0.9666420817375183,0.9822758436203003,0.9524502754211426,0.9775142669677734,0.9788861274719238,0.9739755928516388,1
HP1109,HP1110,1,0.9949379563331604,0.9874273538589478,0.9868978261947632,0.9875361323356628,0.9908024668693542,0.9812406301498413,0.9940292239189148,0.992051362991333,0.9819532036781311,0.9877288937568665,0.9884605050086975,1
HP1110,HP1111,1,0.9956318140029907,0.9956023097038269,0.9925724864006042,0.9903054237365723,0.995577871799469,0.9767360091209412,0.9964059591293335,0.9887710213661194,0.9916722774505615,0.9874966740608215,0.991077184677124,1
HP1111,HP1112,1,0.979576051235199,0.9605234265327454,0.9335179924964905,0.9075886607170105,0.9670957326889038,0.9393590688705444,0.9748660922050476,0.9381624460220337,0.8534873723983765,0.8690996170043945,0.9323276460170746,1
HP1112,HP1113,1,0.9392207860946655,0.9259993433952332,0.8414368033409119,0.7948012948036194,0.923762321472168,0.8428272008895874,0.9183669090270996,0.8855915665626526,0.7977291941642761,0.7889057993888855,0.8658641219139099,1
HP1154,HP1155,1,0.9936639666557312,0.9906300902366638,0.9869701862335205,0.9862497448921204,0.993690013885498,0.9866882562637329,0.9931683540344238,0.9686753749847412,0.9926679730415344,0.9845301508903503,0.9876934111118316,1
HP1155,HP1156,0,0.9228729009628296,0.822738528251648,0.77358078956604,0.7951578497886658,0.8296130895614624,0.9221866726875305,0.7490293383598328,0.8629760146141052,0.5468518137931824,0.7627687454223633,0.798777574300766,1
HP1156,HP1157,1,0.9948384761810303,0.9272128343582153,0.9598175883293152,0.975268542766571,0.956285834312439,0.95968097448349,0.9807040095329285,0.9161638617515564,0.920746922492981,0.976868748664856,0.9567587792873382,1
HP1157,HP1158,1,0.9939876198768616,0.9864344000816345,0.9866378903388977,0.9928219318389893,0.9870662093162537,0.9701389074325562,0.9840059280395508,0.9575855731964111,0.9889214038848877,0.9810071587562561,0.9828607022762299,1
HP1158,HP1159,1,0.9886174201965332,0.9521416425704956,0.949356734752655,0.9221521615982056,0.9831770062446594,0.909654438495636,0.9858036041259766,0.9483242630958557,0.953441858291626,0.8620636463165283,0.9454732775688172,1
HP1159,HP1163,0,0.0003226616245228797,5.7330868003191426e-05,0.0015148383099585772,0.0016171426977962255,0.00017865572590380907,0.0047556511126458645,0.0006569473189301789,0.00017370823479723185,0.00022757351689506322,0.00048777551273815334,0.0009992284922191175,0
HP1163,HP1164,1,0.9886971116065979,0.9825151562690735,0.9707645773887634,0.9391109943389893,0.9767321944236755,0.9507685899734497,0.9832400679588318,0.986427366733551,0.9740280508995056,0.9658525586128235,0.9718136668205262,1
HP1169,HP1170,1,0.9948075413703918,0.9873020052909851,0.9888240694999695,0.9849072694778442,0.9879260063171387,0.9773920178413391,0.9832857847213745,0.978418231010437,0.991938591003418,0.9778258800506592,0.9852627396583558,1
HP1170,HP1171,1,0.9825431108474731,0.9319038987159729,0.9437291622161865,0.923474907875061,0.9605286717414856,0.9263624548912048,0.9382138848304749,0.9732914566993713,0.9578656554222107,0.9474018812179565,0.9485315084457397,1
HP1181,HP1182,1,0.980746328830719,0.9802972674369812,0.9603341817855835,0.9540333151817322,0.9749425053596497,0.9607469439506531,0.9617148637771606,0.9662342071533203,0.9626204371452332,0.9756401181221008,0.9677310168743134,1
HP1223,HP1224,1,0.9943408966064453,0.9918692708015442,0.9840969443321228,0.9858474135398865,0.9898924231529236,0.9743279218673706,0.9918836951255798,0.9706865549087524,0.9868811964988708,0.9769541025161743,0.984678041934967,1
HP1224,HP1225,1,0.9396070241928101,0.895330011844635,0.8297296166419983,0.7650580406188965,0.8918476104736328,0.8227829337120056,0.8436506390571594,0.8720036149024963,0.7594023942947388,0.7591482400894165,0.837856012582779,1
HP1228,HP1229,1,0.9917148351669312,0.973232626914978,0.9719757437705994,0.9718958139419556,0.9764415621757507,0.9685306549072266,0.9839785695075989,0.9706876873970032,0.9711883068084717,0.9746032953262329,0.9754249095916748,1
HP1229,HP1230,1,0.9878625869750977,0.9774051904678345,0.9549800753593445,0.9854313135147095,0.9727556705474854,0.9613500237464905,0.979882001876831,0.9710918664932251,0.9689725637435913,0.9847206473350525,0.9744451940059662,1
HP1230,HP1231,1,0.9872438311576843,0.9739762544631958,0.9527167677879333,0.9866654276847839,0.972169816493988,0.9722000956535339,0.9728672504425049,0.9707939624786377,0.9747392535209656,0.9829814434051514,0.9746354103088379,1
HP1231,HP1232,1,0.9868577122688293,0.9719454050064087,0.9510447978973389,0.9864828586578369,0.9700360894203186,0.9737452268600464,0.9704431295394897,0.9706915020942688,0.9745335578918457,0.9813727736473083,0.9737153053283691,1
HP1232,HP1234,0,0.003999341279268265,0.0029824604280292988,0.011456192471086979,0.014372213743627071,0.009049438871443272,0.0206215251237154,0.006912899669259787,0.004196397494524717,0.0018974564736708999,0.005744020454585552,0.008123194600921124,0
HP1234,HP1235,1,0.9934386610984802,0.9897862672805786,0.9826019406318665,0.9769962430000305,0.9887344837188721,0.9811089038848877,0.9901948571205139,0.9706364274024963,0.9879951477050781,0.9788590669631958,0.9840351998806,1
HP1235,HP1236,0,0.7676733136177063,0.6974602937698364,0.5944432616233826,0.5680966973304749,0.639158308506012,0.4744837284088135,0.36867210268974304,0.7468507289886475,0.3601672947406769,0.5034008622169495,0.5720406591892242,1
HP1236,HP1237,1,0.9866679906845093,0.9713243842124939,0.9504102468490601,0.9859505295753479,0.9692421555519104,0.9744676947593689,0.9698706269264221,0.9712474346160889,0.9742347002029419,0.980473518371582,0.9733889281749726,1
HP1237,HP1238,1,0.42266586422920227,0.2708245515823364,0.29204261302948,0.36029183864593506,0.4074544608592987,0.48124781250953674,0.1482948362827301,0.35265153646469116,0.23726601898670197,0.20774957537651062,0.3180489107966423,0
HP1260,HP1261,1,0.9873033761978149,0.9744536280632019,0.9532058835029602,0.9865164160728455,0.9725900292396545,0.9723799824714661,0.9732886552810669,0.9713682532310486,0.9748825430870056,0.9830712080001831,0.9749059975147247,1
HP1261,HP1262,1,0.9868183135986328,0.9725895524024963,0.9511720538139343,0.9863096475601196,0.970876157283783,0.974075198173523,0.971042275428772,0.9711077213287354,0.9747200608253479,0.9814305901527405,0.9740141570568085,1
HP1262,HP1263,1,0.9965739250183105,0.9896939992904663,0.9885714650154114,0.9796286225318909,0.985933244228363,0.9742011427879333,0.9933677315711975,0.9850332736968994,0.9888254404067993,0.9786713123321533,0.9860500156879425,1
HP1263,HP1264,1,0.9887433052062988,0.9788764715194702,0.9544257521629333,0.9841718673706055,0.9671411514282227,0.9403170347213745,0.9822193384170532,0.9713730216026306,0.9586197733879089,0.9838400483131409,0.9709727764129639,1
HP1264,HP1265,1,0.9927015900611877,0.9565721154212952,0.9725755453109741,0.9603071808815002,0.970342218875885,0.9707968235015869,0.9762037396430969,0.946331262588501,0.970495879650116,0.9573020339012146,0.9673628389835358,1
HP1265,HP1266,1,0.9863556623458862,0.9695025682449341,0.9487897157669067,0.9854879379272461,0.9669713377952576,0.9746081829071045,0.9684163928031921,0.9708210229873657,0.9733448028564453,0.9790615439414978,0.9723359167575836,1
HP1266,HP1267,1,0.987870454788208,0.9778110980987549,0.9551612734794617,0.9851024150848389,0.9723080992698669,0.9591472744941711,0.9803520441055298,0.9713789224624634,0.9677478075027466,0.9847475290298462,0.9741626918315888,1
HP1267,HP1268,1,0.9904025793075562,0.9825597405433655,0.9735630750656128,0.972027063369751,0.9807114005088806,0.9643414616584778,0.9861098527908325,0.9680884480476379,0.984115481376648,0.9785632491111755,0.9780482351779938,1
HP1268,HP1269,1,0.9874656200408936,0.9759058952331543,0.9541133642196655,0.9860967993736267,0.9734809398651123,0.9698054790496826,0.9759763479232788,0.9716283679008484,0.9739185571670532,0.9840149283409119,0.9752406299114227,1
HP1269,HP1270,1,0.9877222180366516,0.9772871136665344,0.9551626443862915,0.9855469465255737,0.9735950231552124,0.9655070900917053,0.9793691635131836,0.9718758463859558,0.9715403318405151,0.9845333099365234,0.9752139687538147,1
HP1270,HP1271,1,0.9949646592140198,0.9773871302604675,0.9840020537376404,0.9793437123298645,0.9882218241691589,0.977605938911438,0.9909613728523254,0.9737718105316162,0.9892245531082153,0.9747918248176575,0.9830274879932404,1
HP1271,HP1272,1,0.9926431179046631,0.9788962006568909,0.9647884368896484,0.9476197957992554,0.9804970622062683,0.9526880383491516,0.9790334105491638,0.9565434455871582,0.9666833281517029,0.9364345669746399,0.9655827403068542,1
HP1272,HP1273,1,0.9874197840690613,0.9751402139663696,0.9536436200141907,0.9864490032196045,0.9730806946754456,0.970974862575531,0.9746009707450867,0.9711807370185852,0.9744120240211487,0.9836565256118774,0.9750558435916901,1
HP1273,HP1274,1,0.9869025349617004,0.9723251461982727,0.9512706995010376,0.9865000247955322,0.970557689666748,0.9737023115158081,0.9708757996559143,0.9707873463630676,0.9746618270874023,0.981584370136261,0.9739167749881744,1
HP1274,HP1275,1,0.9847618937492371,0.9229117631912231,0.9442816972732544,0.9042983055114746,0.9602002501487732,0.8729348182678223,0.9535316824913025,0.9698686599731445,0.9405181407928467,0.9375853538513184,0.9390892565250397,1
HP1275,HP1276,1,0.9902808666229248,0.9843190908432007,0.9725463390350342,0.9818750023841858,0.9790197610855103,0.9526771306991577,0.9744444489479065,0.9532623291015625,0.9832342267036438,0.9483410716056824,0.9720000267028809,1
HP1288,HP1289,1,0.9915084838867188,0.9885185360908508,0.9757968187332153,0.9763976335525513,0.9851797223091125,0.9796060919761658,0.9806642532348633,0.9705606698989868,0.9801623821258545,0.9767010807991028,0.9805095672607422,1
HP1289,HP1290,0,0.9352865815162659,0.9154084920883179,0.7943697571754456,0.873003363609314,0.9249461889266968,0.881973385810852,0.9032754898071289,0.8224866986274719,0.9021931886672974,0.8128032684326172,0.8765746414661407,1
HP1290,HP1291,1,0.9874240159988403,0.9751952886581421,0.9536442160606384,0.9864034652709961,0.9731224179267883,0.9707716107368469,0.9748075008392334,0.9712007641792297,0.974341869354248,0.9837090373039246,0.9750620186328888,1
HP1326,HP1327,1,0.9947429299354553,0.9888592958450317,0.9828840494155884,0.9734838008880615,0.9919688701629639,0.9774807691574097,0.9946712851524353,0.9698314070701599,0.9860357046127319,0.9793299436569214,0.9839288055896759,1
HP1327,HP1328,1,0.9875481128692627,0.9756466746330261,0.9540094137191772,0.9863842129707336,0.973279595375061,0.9693673849105835,0.9757670164108276,0.9709582328796387,0.9736936092376709,0.9840847253799438,0.9750738978385926,1
HP1328,HP1329,1,0.9860808253288269,0.967731773853302,0.9472517371177673,0.9849094748497009,0.964415967464447,0.9743934273719788,0.9669255018234253,0.9703406095504761,0.9722878336906433,0.9776323437690735,0.9711969494819641,1
HP1339,HP1340,1,0.9875162243843079,0.975881040096283,0.9539784789085388,0.9861932992935181,0.9734629392623901,0.9691316485404968,0.9763115048408508,0.9711759090423584,0.9735420942306519,0.9840551614761353,0.9751248300075531,1
HP1340,HP1341,1,0.9863979816436768,0.9704315662384033,0.9492497444152832,0.985747754573822,0.9688558578491211,0.9751583337783813,0.9695646166801453,0.9708858728408813,0.9739362001419067,0.979397177696228,0.9729625105857849,1
HP1371,HP1378,0,0.0006405360763892531,0.003010751446709037,0.003164116758853197,0.0016839996678754687,0.0015169790713116527,0.007180756889283657,0.00426836870610714,0.005668980069458485,0.0018078706925734878,0.0020201806910336018,0.0030962540069594978,0
HP1378,HP1379,1,0.9973125457763672,0.9955642223358154,0.9945698976516724,0.994033694267273,0.9946067929267883,0.9847654104232788,0.9912906885147095,0.9903712868690491,0.9975717067718506,0.9900157451629639,0.9930101990699768,1
HP1379,HP1380,1,0.9972819685935974,0.9841175079345703,0.9800782203674316,0.9597737789154053,0.9799448251724243,0.9457104802131653,0.9813880920410156,0.9539188742637634,0.9418853521347046,0.9534687995910645,0.9677567899227142,1
HP1380,HP1381,1,0.9189165830612183,0.8321004509925842,0.8384149074554443,0.8393689393997192,0.885490357875824,0.669853687286377,0.735605001449585,0.8125624060630798,0.6364262700080872,0.7194998264312744,0.7888238430023193,1
HP1386,HP1387,1,0.9869081377983093,0.9726453423500061,0.9514343738555908,0.9864707589149475,0.970718264579773,0.9735866189002991,0.9710210561752319,0.9708441495895386,0.9746796488761902,0.9817919135093689,0.9740100264549255,1
HP1387,HP1388,0,0.08122855424880981,0.04059885814785957,0.060932707041502,0.05904461815953255,0.05772442743182182,0.06822618097066879,0.025771919637918472,0.035891931504011154,0.008145824074745178,0.027525611221790314,0.046509063243865965,0
HP1406,HP1407,1,0.9873865842819214,0.974739670753479,0.9533277750015259,0.9865983724594116,0.9727523922920227,0.9711127877235413,0.9740382432937622,0.9708367586135864,0.9744460582733154,0.9835444092750549,0.9748783051967621,1
HP1409,HP1410,1,0.9906206130981445,0.9901658892631531,0.959326446056366,0.9603426456451416,0.9825394749641418,0.9650493264198303,0.9818505644798279,0.9746827483177185,0.9802755117416382,0.9816543459892273,0.9766507565975189,1
HP1410,HP1411,1,0.8752864599227905,0.8137075901031494,0.7234816551208496,0.7264412045478821,0.8335084319114685,0.7760211229324341,0.7859412431716919,0.8238651156425476,0.7446438074111938,0.7863432765007019,0.7889239907264709,1
HP1411,HP1412,1,0.9221559166908264,0.9033439755439758,0.8487123847007751,0.8423306941986084,0.8923213481903076,0.6227017641067505,0.9187047481536865,0.9016191363334656,0.6711295247077942,0.7710846066474915,0.8294104099273681,1
HP1412,HP1414,0,0.04692448303103447,0.01765454187989235,0.05249091610312462,0.06935256719589233,0.03660270571708679,0.03935341536998749,0.016505945473909378,0.017949147149920464,0.017850812524557114,0.018691260367631912,0.03333757948130369,0
HP1414,HP1415,1,0.9696260094642639,0.8286292552947998,0.8197855949401855,0.8254866003990173,0.9335099458694458,0.8283817768096924,0.761639416217804,0.9160789251327515,0.8682087063789368,0.6485234498977661,0.8399869680404664,1
HP1415,HP1416,1,0.9920952320098877,0.9907503128051758,0.9836606383323669,0.9760494232177734,0.9905823469161987,0.9720779061317444,0.9931981563568115,0.9835891127586365,0.9873131513595581,0.9796068072319031,0.9848923087120056,1
HP1441,HP1442,1,0.994169294834137,0.9959799647331238,0.9827280640602112,0.9886649250984192,0.9935709834098816,0.9713183641433716,0.9922378659248352,0.978217363357544,0.9937030673027039,0.984557032585144,0.9875146925449372,1
HP1442,HP1443,1,0.9858947992324829,0.9671195149421692,0.9465530514717102,0.9840801954269409,0.9638490080833435,0.9749219417572021,0.9665988683700562,0.9708028435707092,0.9717380404472351,0.9764291048049927,0.9707987368106842,1
HP1443,HP1444,1,0.987621009349823,0.977065920829773,0.9549030065536499,0.9855189919471741,0.9733974933624268,0.9656152129173279,0.9790695905685425,0.971851646900177,0.9717063307762146,0.9845818281173706,0.9751331031322479,1
HP1444,HP1445,1,0.993011474609375,0.9914032816886902,0.9875250458717346,0.974492073059082,0.9921834468841553,0.9768649339675903,0.9888562560081482,0.9852067232131958,0.9871888160705566,0.9747897386550903,0.9851521790027619,1
HP1445,HP1446,1,0.9960576891899109,0.9943864345550537,0.9772440195083618,0.9797297716140747,0.9810819029808044,0.9681775569915771,0.992900013923645,0.956020712852478,0.9894185066223145,0.9777878522872925,0.9812804460525513,1
HP1446,HP1447,0,0.9795541167259216,0.9774954915046692,0.920508086681366,0.9483531713485718,0.9678704738616943,0.9343163371086121,0.9673639535903931,0.9542479515075684,0.9269359707832336,0.9598534107208252,0.9536498963832856,1
HP1447,HP1448,1,0.9856745600700378,0.96676105260849,0.9459167718887329,0.9823526740074158,0.96550053358078,0.9763258099555969,0.9679729342460632,0.9721904397010803,0.971613883972168,0.9747985601425171,0.9709107220172882,1
HP1448,HP1449,1,0.9874948859214783,0.9763882160186768,0.9544421434402466,0.9857612252235413,0.9738060832023621,0.9692386984825134,0.9770404100418091,0.9721364378929138,0.9737173914909363,0.9840450882911682,0.9754070580005646,1
HP1449,HP1450,1,0.9964697360992432,0.9868417978286743,0.9868665337562561,0.9823922514915466,0.9898150563240051,0.9786920547485352,0.9931913018226624,0.9710413217544556,0.9801649451255798,0.9758651852607727,0.9841340184211731,1
HP1450,HP1451,1,0.9878255724906921,0.9772815108299255,0.9549446702003479,0.9855335354804993,0.972916841506958,0.962376058101654,0.9796649217605591,0.9710920453071594,0.9696004390716553,0.9847316145896912,0.9745967209339141,1
HP1451,HP1452,1,0.9868548512458801,0.9720210433006287,0.9510866403579712,0.9864421486854553,0.970162034034729,0.973873496055603,0.9705355763435364,0.9708091020584106,0.9745631814002991,0.9813238978385925,0.9737671971321106,1
HP1452,HP1453,1,0.653220534324646,0.3654004633426666,0.3764076232910156,0.44200289249420166,0.6169152855873108,0.5590922832489014,0.18610043823719025,0.5788496136665344,0.47216060757637024,0.5024568438529968,0.47526065856218336,0
HP1492,HP1493,1,0.994698703289032,0.9921411275863647,0.9871549010276794,0.9892497658729553,0.9894524812698364,0.9837908744812012,0.9897100329399109,0.968491792678833,0.9902439117431641,0.9816296696662903,0.9866563260555268,1
HP1493,HP1494,1,0.9847738742828369,0.9307928085327148,0.9632920026779175,0.8876251578330994,0.9355299472808838,0.9298242926597595,0.8961336016654968,0.9651407599449158,0.9559745788574219,0.9214655160903931,0.937055253982544,1
HP1494,HP1495,1,0.9830228090286255,0.9425875544548035,0.9674090147018433,0.9346119165420532,0.9524940848350525,0.9281715154647827,0.9237042665481567,0.9544203877449036,0.9535794258117676,0.9475911855697632,0.9487592160701752,1
HP1495,HP1496,0,0.6375001072883606,0.5867053866386414,0.46358197927474976,0.5211616158485413,0.5073303580284119,0.4408831000328064,0.22712363302707672,0.5505507588386536,0.2867794334888458,0.4273829460144043,0.4648999318480492,0
HP1496,HP1497,1,0.9941380023956299,0.9865420460700989,0.9775928854942322,0.9647472500801086,0.9883132576942444,0.9548934698104858,0.9928222894668579,0.9656993746757507,0.9689512848854065,0.9749910831451416,0.9768690943717957,1
HP1497,HP1498,1,0.866053581237793,0.8920092582702637,0.7497680187225342,0.669147253036499,0.8771235346794128,0.7849225997924805,0.8345803022384644,0.8222054243087769,0.7255141735076904,0.6321477293968201,0.7853471875190735,1
HP1509,HP1510,1,0.9881630539894104,0.9785799384117126,0.9564120769500732,0.9851356744766235,0.974241316318512,0.9642049074172974,0.9807310104370117,0.972802996635437,0.9708137512207031,0.9840375781059265,0.9755122303962708,1
HP1510,HP1511,1,0.9874539375305176,0.9753054976463318,0.9537060856819153,0.9864092469215393,0.9732558131217957,0.9706329703330994,0.9750662446022034,0.971155047416687,0.9742677807807922,0.9837194681167603,0.9750972092151642,1
HP1511,HP1512,0,0.7906983494758606,0.446072518825531,0.5337812304496765,0.43209928274154663,0.7302132248878479,0.6642217636108398,0.37830328941345215,0.7749474048614502,0.3968486189842224,0.5694344639778137,0.5716620147228241,1
HP1512,HP1513,1,0.9438673257827759,0.8761042952537537,0.873947024345398,0.8508930802345276,0.7838581204414368,0.6621493697166443,0.916775107383728,0.9205138087272644,0.746013879776001,0.72489333152771,0.829901534318924,1
HP1524,HP1525,1,0.9942392110824585,0.9915447235107422,0.984000027179718,0.9815015196800232,0.9895750880241394,0.981685221195221,0.9908003807067871,0.9669078588485718,0.9876828193664551,0.9816849827766418,0.9849621832370759,1
HP1530,HP1531,1,0.9638522267341614,0.9497531056404114,0.8554481267929077,0.9214885830879211,0.9409654140472412,0.574596643447876,0.8240901231765747,0.9065967798233032,0.7819997072219849,0.7999904155731201,0.8518781125545501,1
HP1531,HP1532,1,0.9847833514213562,0.9588122367858887,0.9397248029708862,0.9765753149986267,0.9514877200126648,0.9728106260299683,0.9586299657821655,0.9679329991340637,0.9651919603347778,0.9699553847312927,0.964590436220169,1
HP1532,HP1533,1,0.9879503846168518,0.9778273701667786,0.9551122784614563,0.9851228594779968,0.9722242951393127,0.9584869742393494,0.980444073677063,0.9712477922439575,0.9673019647598267,0.984675943851471,0.9740393936634064,1
HP1554,HP1555,1,0.9858502745628357,0.9739870429039001,0.949317216873169,0.983395516872406,0.973511815071106,0.9755818843841553,0.9748051762580872,0.9723397493362427,0.9746838212013245,0.9805957078933716,0.9744068205356597,1
HP1563,HP1564,1,0.46665769815444946,0.42788606882095337,0.43167275190353394,0.3304782509803772,0.5442331433296204,0.3548122048377991,0.2841951549053192,0.5766993165016174,0.14742033183574677,0.21277840435504913,0.37768333256244657,0
HP1564,HP1574,0,0.0003916717250831425,0.00017668111831881106,0.0009479057625867426,0.0011233289260417223,0.00019793494720943272,0.0040349410846829414,0.00023600796703249216,0.0003305874124635011,0.00014235690468922257,0.0003475697012618184,0.0007928985549369826,0
HP1574,HP1575,1,0.9878014326095581,0.980345606803894,0.9580844044685364,0.9821500182151794,0.9751392602920532,0.9666696190834045,0.9821901917457581,0.9749631285667419,0.9734747409820557,0.9815092086791992,0.9762327611446381,1
HP1575,HP1576,1,0.9941582679748535,0.9885420799255371,0.9831541776657104,0.9766564965248108,0.9912233352661133,0.982711136341095,0.9916115999221802,0.9747496843338013,0.9927065372467041,0.9752070307731628,0.9850720345973969,1
HP1576,HP1577,1,0.9909451603889465,0.9721243977546692,0.9664487242698669,0.9285205602645874,0.972751796245575,0.9279868602752686,0.9697220325469971,0.9747741222381592,0.9547922611236572,0.9133121967315674,0.9571378111839295,1
HP1577,HP1582,0,0.0006433427915908396,2.2933258151169866e-05,0.0005737952305935323,0.0016573010943830013,0.0013595153577625751,0.005630017723888159,0.0004312315722927451,0.0011297420132905245,0.00012480633449740708,0.0014877482317388058,0.0013060433608188759,0
HP1582,HP1583,1,0.9885404706001282,0.9890697002410889,0.9632775187492371,0.976386547088623,0.9889618158340454,0.9798604846000671,0.9841868877410889,0.9792978763580322,0.9793549180030823,0.9804505109786987,0.9809386730194092,1
HP1583,HP1584,1,0.9135368466377258,0.8405148983001709,0.8389859795570374,0.7944356799125671,0.7424267530441284,0.6404516696929932,0.919287919998169,0.8696099519729614,0.7434835433959961,0.5442389845848083,0.7846972227096558,1
HP1581,HP1580,1,0.9865936636924744,0.9792110919952393,0.9548846483230591,0.9756478071212769,0.9748482704162598,0.9715459942817688,0.9821763634681702,0.9685873985290527,0.9729034304618835,0.9753192663192749,0.9741717934608459,1
HP1580,HP1579,1,0.9959270358085632,0.9877983927726746,0.9806680083274841,0.9658036828041077,0.9729191660881042,0.9620636701583862,0.9834293723106384,0.9746347665786743,0.9530561566352844,0.9600422382354736,0.9736342489719391,1
HP1579,HP1578,1,0.938632071018219,0.8529136180877686,0.7820693254470825,0.7059018015861511,0.7701389193534851,0.8154264092445374,0.5969144105911255,0.712198793888092,0.8081575632095337,0.7215706706047058,0.7703923583030701,1
HP1572,HP1571,1,0.9874066114425659,0.9763270616531372,0.9542927145957947,0.9859176278114319,0.9738984704017639,0.9707546234130859,0.9760324358940125,0.9722350835800171,0.9742856621742249,0.9838351011276245,0.9754985392093658,1
HP1571,HP1570,1,0.9875950813293457,0.9775626063346863,0.9553887844085693,0.9851400852203369,0.9733300805091858,0.9647216200828552,0.9796782732009888,0.9725428223609924,0.9713600277900696,0.984740138053894,0.9752059519290924,1
HP1570,HP1569,1,0.9869803786277771,0.9742011427879333,0.9519575834274292,0.9861462712287903,0.9726946353912354,0.972837507724762,0.9733090400695801,0.9713514447212219,0.974848747253418,0.9825698137283325,0.974689656496048,1
HP1569,HP1568,1,0.987345278263092,0.9753462076187134,0.9538054466247559,0.985954999923706,0.9732916355133057,0.9712654948234558,0.9751204252243042,0.9721595048904419,0.9746269583702087,0.9836355447769165,0.9752551496028901,1
HP1568,HP1567,1,0.9873364567756653,0.974608838558197,0.9532925486564636,0.9864896535873413,0.9727733731269836,0.9720253348350525,0.9736894369125366,0.971314549446106,0.9747745990753174,0.9832007884979248,0.9749505579471588,1
HP1567,HP1566,1,0.9947001934051514,0.9867967367172241,0.9827678203582764,0.969631552696228,0.9860368967056274,0.9587042331695557,0.992222011089325,0.963588297367096,0.9710198044776917,0.9691457152366638,0.977461326122284,1
HP1566,HP1565,1,0.9856894612312317,0.9665911197662354,0.9457303285598755,0.9824379086494446,0.9630919694900513,0.9752451777458191,0.9664343595504761,0.9715179800987244,0.9708828330039978,0.9753049612045288,0.9702926099300384,1
HP1559,HP1558,1,0.994753360748291,0.9892663955688477,0.9920351505279541,0.9913294315338135,0.9942799806594849,0.9824140071868896,0.9937009811401367,0.9841859340667725,0.9903835654258728,0.9842126965522766,0.9896561503410339,1
HP1558,HP1557,1,0.9063777923583984,0.9074761271476746,0.784935712814331,0.7258115410804749,0.804906964302063,0.6717841029167175,0.7248602509498596,0.734186053276062,0.7623454928398132,0.6668436527252197,0.7689527690410614,1
HP1557,HP1556,1,0.9568120837211609,0.7274146676063538,0.834606945514679,0.828548014163971,0.7831763625144958,0.6326767802238464,0.9499455094337463,0.9195870161056519,0.8459734320640564,0.4874608516693115,0.7966201663017273,1
HP1556,HP1553,0,0.14411555230617523,0.03389989212155342,0.10558003932237625,0.10184238106012344,0.13929645717144012,0.09941796958446503,0.12200610339641571,0.06934059411287308,0.13935144245624542,0.08376123011112213,0.10386116616427898,0
HP1553,HP1552,1,0.9894116520881653,0.8885799050331116,0.8922739028930664,0.9365859627723694,0.9446993470191956,0.9220383167266846,0.8299685120582581,0.9583231806755066,0.9487336277961731,0.9107587933540344,0.9221373200416565,1
HP1552,HP1551,1,0.9916078448295593,0.976085364818573,0.9547062516212463,0.9611560702323914,0.9595277905464172,0.9357370734214783,0.9847023487091064,0.9612524509429932,0.9741044044494629,0.9487919807434082,0.9647671580314636,1
HP1551,HP1550,1,0.9870353937149048,0.9379940629005432,0.9362181425094604,0.9042131304740906,0.9673629403114319,0.9281492829322815,0.933393657207489,0.9603992700576782,0.9653326272964478,0.896255612373352,0.9416354119777679,1
HP1550,HP1549,1,0.9909700751304626,0.9814446568489075,0.9730772376060486,0.9591736793518066,0.9777119755744934,0.9567973017692566,0.9719803929328918,0.9699274897575378,0.9798414707183838,0.9680293202400208,0.9728953599929809,1
HP1549,HP1548,1,0.9927242994308472,0.9720819592475891,0.9581680297851562,0.9529041051864624,0.9618168473243713,0.9182454943656921,0.9465969800949097,0.9070751070976257,0.9726036190986633,0.9450200796127319,0.9527236521244049,1
HP1548,HP1547,1,0.9928032159805298,0.9722722172737122,0.9758808016777039,0.9435318112373352,0.9773834943771362,0.980419397354126,0.9742015600204468,0.9826939105987549,0.9756109714508057,0.9801909923553467,0.9754988372325897,1
HP1547,HP1546,1,0.9882791042327881,0.9789400696754456,0.954437255859375,0.9840888381004333,0.9683502316474915,0.9446699619293213,0.9818441271781921,0.9716779589653015,0.9604692459106445,0.9840106964111328,0.9716767489910125,1
HP1546,HP1545,1,0.9864969849586487,0.970293402671814,0.9495136737823486,0.9857946038246155,0.9680917859077454,0.9746372103691101,0.9690631031990051,0.9709522724151611,0.9738005995750427,0.9796395897865295,0.9728283226490021,1
HP1545,HP1544,1,0.9874685406684875,0.9760755896568298,0.9541884660720825,0.9859857559204102,0.9735342860221863,0.969367265701294,0.9763559699058533,0.9716916084289551,0.9737414121627808,0.9841021299362183,0.9752511024475098,1
HP1544,HP1543,1,0.9886637330055237,0.9687562584877014,0.9784318804740906,0.9747876524925232,0.9827627539634705,0.9446673393249512,0.9832361936569214,0.9803692102432251,0.9871929287910461,0.9594585299491882,0.9748326480388642,1
HP1543,HP1542,1,0.9878644347190857,0.9775462746620178,0.9550763964653015,0.9852905869483948,0.9727811813354492,0.9611700773239136,0.980083167552948,0.9714043736457825,0.9688729643821716,0.9846362471580505,0.9744725704193116,1
HP1542,HP1541,1,0.9884926080703735,0.880085825920105,0.8899359107017517,0.9160735011100769,0.9542896151542664,0.8683889508247375,0.9521303176879883,0.9264848232269287,0.7917611598968506,0.8956042528152466,0.9063246965408325,1
HP1541,HP1540,0,0.7585087418556213,0.6273888349533081,0.5535364151000977,0.5612170100212097,0.5663514137268066,0.5469753742218018,0.17291949689388275,0.3616771101951599,0.3518224358558655,0.317956805229187,0.481835363805294,0
HP1540,HP1539,1,0.993484616279602,0.9828644394874573,0.9833636283874512,0.9735318422317505,0.9819513559341431,0.9777584671974182,0.9877264499664307,0.9688960909843445,0.9789004921913147,0.9778508543968201,0.9806328237056732,1
HP1518,HP1517,1,0.9930936098098755,0.9613697528839111,0.9802262783050537,0.9673287868499756,0.9691551923751831,0.9773592352867126,0.9789324998855591,0.9558584094047546,0.9686126708984375,0.9693688750267029,0.9721305310726166,1
HP1517,HP1516,1,0.9892367124557495,0.9790689945220947,0.953727126121521,0.9837821125984192,0.9641010761260986,0.9326519966125488,0.9826894402503967,0.9717605113983154,0.9551886916160583,0.9831293225288391,0.9695335984230041,1
HP1506,HP1505,1,0.9875012636184692,0.9756847620010376,0.9539672136306763,0.9863443374633789,0.9733090400695801,0.9697607755661011,0.9755866527557373,0.9711143970489502,0.973870038986206,0.9840161204338074,0.9751154601573944,1
HP1505,HP1504,1,0.987428605556488,0.9767313599586487,0.9546874761581421,0.9854565858840942,0.9736659526824951,0.9685410857200623,0.9773364067077637,0.9725778698921204,0.9735032916069031,0.9843060970306396,0.9754234731197358,1
HP1504,HP1503,1,0.9881675243377686,0.9708642363548279,0.960996150970459,0.935309648513794,0.9781772494316101,0.9453936815261841,0.9755678176879883,0.9747263193130493,0.9771540760993958,0.9315441846847534,0.963790088891983,1
HP1491,HP1490,1,0.8406172394752502,0.7465884685516357,0.3946498930454254,0.4605366289615631,0.645860493183136,0.46920153498649597,0.37535858154296875,0.47415032982826233,0.4542551338672638,0.4638453423976898,0.5325063645839692,1
HP1490,HP1489,1,0.9872460961341858,0.9746516346931458,0.9531233906745911,0.9862868785858154,0.9727813005447388,0.9722034335136414,0.9737820625305176,0.9715871214866638,0.9748237729072571,0.9831791520118713,0.9749664843082428,1
HP1489,HP1488,1,0.9906234741210938,0.9906628727912903,0.9721693396568298,0.9662764072418213,0.9799724817276001,0.9278432130813599,0.976750910282135,0.9745926856994629,0.9793714284896851,0.9653976559638977,0.9723660469055175,1
HP1488,HP1487,1,0.9951114654541016,0.9940906167030334,0.9891498684883118,0.9869304895401001,0.9949800372123718,0.9794119000434875,0.9945967197418213,0.9855479001998901,0.9951624870300293,0.9865915775299072,0.9901573061943054,1
HP1487,HP1486,1,0.9873783588409424,0.9748258590698242,0.9533693790435791,0.9865344166755676,0.9728628396987915,0.971282422542572,0.974126935005188,0.9710180759429932,0.9745212197303772,0.9834980964660645,0.97494176030159,1
HP1486,HP1485,1,0.98780357837677,0.9771034121513367,0.9548512101173401,0.9856578707695007,0.9730688333511353,0.9633505344390869,0.9794374704360962,0.9710299968719482,0.9701766967773438,0.9846926331520081,0.9747172236442566,1
HP1485,HP1484,1,0.9632616639137268,0.7238114476203918,0.8014998435974121,0.8827853202819824,0.8030663728713989,0.7320696115493774,0.9073286056518555,0.9701319932937622,0.7835180759429932,0.6514322757720947,0.8218905210494996,1
HP1484,HP1483,1,0.9815226793289185,0.9432421326637268,0.92583829164505,0.8808476328849792,0.9623405933380127,0.9145457148551941,0.9630250930786133,0.9463200569152832,0.9178571105003357,0.8972992897033691,0.9332838594913483,1
HP1483,HP1482,1,0.9932277202606201,0.9847426414489746,0.9763026237487793,0.9785131216049194,0.9836453795433044,0.9575706124305725,0.9801596999168396,0.9520151019096375,0.9859962463378906,0.951871395111084,0.9744044542312622,1
HP1482,HP1481,1,0.9918239116668701,0.9909617304801941,0.982995867729187,0.9768311381340027,0.9895612597465515,0.9826399087905884,0.9859371185302734,0.9870074987411499,0.9932333827018738,0.9881029725074768,0.9869094789028168,1
HP1481,HP1480,1,0.9869818091392517,0.972953200340271,0.9518462419509888,0.9863497614860535,0.9711393117904663,0.9737188816070557,0.9714544415473938,0.9713268280029297,0.9748156070709229,0.9818893074989319,0.9742475390434265,1
HP1480,HP1479,1,0.9854270219802856,0.9379698038101196,0.8790130019187927,0.8797515034675598,0.9728650450706482,0.9134703278541565,0.9107450246810913,0.9664931297302246,0.9489303827285767,0.8927809596061707,0.9287446200847626,1
HP1479,HP1478,1,0.9875431656837463,0.9756609797477722,0.9540159106254578,0.9863718748092651,0.9732873439788818,0.9693891406059265,0.9757720232009888,0.9709869027137756,0.9737047553062439,0.98408442735672,0.9750816524028778,1
HP1478,HP1477,1,0.988103449344635,0.9780289530754089,0.9550362229347229,0.9849193692207336,0.971282422542572,0.9544668197631836,0.9809120893478394,0.9710281491279602,0.9651490449905396,0.984620988368988,0.9733547508716583,1
HP1477,HP1476,1,0.984908938407898,0.9207555055618286,0.9406862854957581,0.9262807369232178,0.9232840538024902,0.9392863512039185,0.9333081245422363,0.943352222442627,0.9400436878204346,0.934906542301178,0.9386812448501587,1
HP1476,HP1475,1,0.9875026941299438,0.9755558371543884,0.9538676738739014,0.9863772988319397,0.9732531309127808,0.9696794152259827,0.9755575656890869,0.9709901809692383,0.9738293886184692,0.9839937090873718,0.9750606894493103,1
HP1475,HP1474,1,0.9908349514007568,0.9771133065223694,0.9718000888824463,0.9698684215545654,0.9712870121002197,0.969287097454071,0.963336169719696,0.9546405673027039,0.980003833770752,0.9715361595153809,0.9719707608222962,1
HP1474,HP1473,1,0.9873675107955933,0.9748616218566895,0.9533107280731201,0.9865068197250366,0.9728529453277588,0.971002995967865,0.9742704629898071,0.9709344506263733,0.9744027256965637,0.9835805296897888,0.9749090790748596,1
HP1473,HP1472,1,0.8556946516036987,0.677506685256958,0.7955865859985352,0.6084813475608826,0.9115150570869446,0.8275942206382751,0.7181779742240906,0.7983049154281616,0.69520503282547,0.6300438046455383,0.7518110275268555,1
HP1472,HP1471,1,0.9603651165962219,0.9471399188041687,0.8729564547538757,0.8147968053817749,0.9277681112289429,0.8113098740577698,0.9169719219207764,0.9380141496658325,0.8441567420959473,0.8744243383407593,0.8907903432846069,1
HP1471,HP1470,1,0.985673725605011,0.9043008685112,0.9426878094673157,0.878344714641571,0.9119951128959656,0.9142029881477356,0.9469313025474548,0.8699755072593689,0.9512530565261841,0.9063500165939331,0.921171510219574,1
HP1470,HP1469,0,0.9368388056755066,0.5590186715126038,0.6115873456001282,0.834443986415863,0.7875676155090332,0.5701878666877747,0.8313480615615845,0.8728642463684082,0.629758358001709,0.5787153244018555,0.7212330281734467,1
HP1469,HP1468,1,0.9640198349952698,0.9615902304649353,0.9254242777824402,0.8962857723236084,0.9679133892059326,0.938423752784729,0.9751875400543213,0.9595491886138916,0.949611246585846,0.900391697883606,0.943839693069458,1
HP1468,HP1466,0,0.04137628152966499,0.05612630024552345,0.05214797332882881,0.0416603647172451,0.041642263531684875,0.06714794039726257,0.014951075427234173,0.06331850588321686,0.011001750826835632,0.016277100890874863,0.04056495567783713,0
HP1466,HP1465,1,0.9876439571380615,0.9762697219848633,0.9544293880462646,0.9861451983451843,0.9734451770782471,0.9677069783210754,0.9771913290023804,0.9710755944252014,0.9727973937988281,0.984378457069397,0.9751083195209503,1
HP1465,HP1464,1,0.9873776435852051,0.9748265743255615,0.9534191489219666,0.9865089654922485,0.9727999567985535,0.9712071418762207,0.9740899801254272,0.9710753560066223,0.9745090007781982,0.9835595488548279,0.9749373316764831,1
HP1464,HP1463,1,0.9911849498748779,0.9820523858070374,0.9775892496109009,0.9830433130264282,0.9855589270591736,0.9768640995025635,0.9795650839805603,0.9680951833724976,0.9824724793434143,0.9821933507919312,0.9808619022369385,1
HP1463,HP1462,1,0.8850699067115784,0.5735840797424316,0.6433536410331726,0.8207663297653198,0.7456892132759094,0.7143149375915527,0.6354290246963501,0.8162967562675476,0.3822144567966461,0.6433041095733643,0.6860022455453872,1
HP1462,HP1460,0,0.13464239239692688,0.09878396987915039,0.12581266462802887,0.0858292281627655,0.1541721671819687,0.08641146123409271,0.018875952810049057,0.031190352514386177,0.05841240659356117,0.07232224196195602,0.08664528373628855,0
HP1460,HP1459,1,0.9873694181442261,0.9781900644302368,0.9532575607299805,0.9832301139831543,0.9673470258712769,0.9448073506355286,0.9816976189613342,0.9722415804862976,0.9611149430274963,0.9836046099662781,0.9712860286235809,1
HP1459,HP1458,1,0.9352991580963135,0.7049872875213623,0.7691347002983093,0.815427839756012,0.7756606340408325,0.7859897613525391,0.34593328833580017,0.8010185360908508,0.7500566244125366,0.7005761861801147,0.7384084016084671,1
HP1458,HP1457,0,0.4536282420158386,0.11649727076292038,0.19921961426734924,0.30533158779144287,0.13811053335666656,0.18968196213245392,0.37042152881622314,0.18824896216392517,0.038144826889038086,0.05628013238310814,0.20555646605789663,0
HP1457,HP1456,1,0.978704571723938,0.932250440120697,0.927828848361969,0.9195560812950134,0.9485974907875061,0.9258017539978027,0.9220809936523438,0.9573724865913391,0.9611334204673767,0.9262318015098572,0.9399557888507843,1
HP1456,HP1455,1,0.9869067668914795,0.977493166923523,0.9550178050994873,0.9833597540855408,0.9730283617973328,0.9698801040649414,0.9766260385513306,0.9750471115112305,0.9746483564376831,0.9846591353416443,0.9756666600704194,1
HP1455,HP1454,1,0.9918181896209717,0.9828725457191467,0.9814798831939697,0.97205650806427,0.9904462695121765,0.9769513010978699,0.9879152178764343,0.9788009524345398,0.9861882328987122,0.9711153507232666,0.9819644451141357,1
HP1435,HP1434,1,0.9921473860740662,0.9813604950904846,0.9814386963844299,0.9861120581626892,0.9891493320465088,0.971367359161377,0.9861219525337219,0.9715898036956787,0.9800931811332703,0.9812331795692444,0.9820613443851471,1
HP1431,HP1430,1,0.992798924446106,0.8595966696739197,0.9216455817222595,0.8979969024658203,0.9886554479598999,0.9071763157844543,0.9423071146011353,0.9669612050056458,0.9784787893295288,0.9106577038764954,0.9366274654865265,1
HP1430,HP1429,1,0.9878145456314087,0.9774521589279175,0.9550423622131348,0.9854316711425781,0.9731178283691406,0.9628433585166931,0.9797834157943726,0.9714241027832031,0.9699048399925232,0.9846121072769165,0.9747426390647889,1
HP1429,HP1428,1,0.9873360991477966,0.9746295213699341,0.9532278776168823,0.9865415692329407,0.9727402329444885,0.9717286825180054,0.9737871289253235,0.9710828065872192,0.9746624231338501,0.9833188652992249,0.9749055206775665,1
HP1423,HP1422,1,0.9957215189933777,0.9873806238174438,0.9868844151496887,0.9827139377593994,0.9891015291213989,0.9777086973190308,0.9958321452140808,0.9680271744728088,0.9826850891113281,0.9718976616859436,0.9837952792644501,1
HP1422,HP1421,1,0.9946479201316833,0.9950128793716431,0.9860517978668213,0.9802854657173157,0.9874600172042847,0.9661611914634705,0.9930120706558228,0.9712216258049011,0.9807252883911133,0.9773931503295898,0.9831971406936646,1
HP1421,HP1420,1,0.9870831370353699,0.9731531143188477,0.9520694017410278,0.9866195321083069,0.971369743347168,0.9730684161186218,0.971765398979187,0.9708325862884521,0.974793553352356,0.9823264479637146,0.9743081331253052,1
HP1420,HP1419,1,0.9913646578788757,0.9636774659156799,0.970114529132843,0.9693848490715027,0.970386803150177,0.9315082430839539,0.983350396156311,0.967499315738678,0.9740871787071228,0.9390197396278381,0.9660393178462983,1
HP1419,HP1418,1,0.9969097375869751,0.9705183506011963,0.9893039464950562,0.9863187074661255,0.991790771484375,0.975562334060669,0.9927254915237427,0.9549596905708313,0.9831443428993225,0.9783369302749634,0.9819570302963256,1
HP1402,HP1401,1,0.9884114861488342,0.9786080718040466,0.9548399448394775,0.9844528436660767,0.9691997766494751,0.9467570185661316,0.9817361235618591,0.9712276458740234,0.9614518880844116,0.9842576384544373,0.9720942437648773,1
HP1394,HP1393,1,0.9881992340087891,0.9643579125404358,0.944790244102478,0.9013276696205139,0.9659233689308167,0.9309216141700745,0.9715008735656738,0.9655193090438843,0.9741754531860352,0.8960082530975342,0.9502723932266235,1
HP1393,HP1392,1,0.9875330328941345,0.9755240678787231,0.9539229869842529,0.9864354729652405,0.9732109308242798,0.9695677161216736,0.9755228161811829,0.9708894491195679,0.9737886786460876,0.9840372204780579,0.9750432372093201,1
HP1392,HP1391,1,0.977854311466217,0.8346699476242065,0.7364804148674011,0.8507941961288452,0.8655150532722473,0.8445323705673218,0.5041635036468506,0.9401366710662842,0.8633663654327393,0.7490114569664001,0.8166524291038513,1
HP1385,HP1384,1,0.9884210824966431,0.9785627722740173,0.9548195600509644,0.9844704270362854,0.9691812992095947,0.9466581344604492,0.9817290306091309,0.9711591005325317,0.9614333510398865,0.9842572808265686,0.9720692038536072,1
HP1376,HP1375,1,0.9903245568275452,0.9877404570579529,0.9768971800804138,0.9766994714736938,0.9829009175300598,0.9685535430908203,0.993389368057251,0.9514727592468262,0.981136679649353,0.9726265668869019,0.9781741499900818,1
HP1375,HP1374,1,0.9916344285011292,0.9882352948188782,0.9760413765907288,0.9794713258743286,0.9886395931243896,0.9720802307128906,0.9964845180511475,0.9670752286911011,0.9671054482460022,0.9678370952606201,0.9794604539871216,1
HP1374,HP1373,1,0.9916154146194458,0.9901441931724548,0.9767577052116394,0.965080738067627,0.9798039793968201,0.9603788256645203,0.9909327626228333,0.9597134590148926,0.9751462340354919,0.9600151181221008,0.9749588429927826,1
HP1373,HP1372,1,0.9906144738197327,0.9884790182113647,0.9712314605712891,0.9750906825065613,0.9855160713195801,0.9770694971084595,0.9856659770011902,0.977811872959137,0.9707680344581604,0.978773295879364,0.9801020383834839,1
HP1372,HP1368,0,0.0014946224400773644,0.001046176883392036,0.002873447025194764,0.0020421252120286226,0.0010349403601139784,0.008923276327550411,0.0005102136638015509,0.001003821729682386,0.0008835508488118649,0.0005327784456312656,0.0020344952936284244,0
HP1368,HP1367,1,0.9874789118766785,0.9752054214477539,0.9537032246589661,0.9865196943283081,0.9730544686317444,0.97027987241745,0.9748804569244385,0.9708737134933472,0.9741204977035522,0.983845055103302,0.974996131658554,1
HP1367,HP1366,1,0.9936462044715881,0.9765939116477966,0.9794383645057678,0.9491854906082153,0.9776188731193542,0.9443182349205017,0.9893082976341248,0.96280437707901,0.9192312359809875,0.9701874852180481,0.9662332475185395,1
HP1352,HP1351,1,0.9875518679618835,0.9756303429603577,0.9539993405342102,0.986402690410614,0.9732547402381897,0.9693167805671692,0.9757444858551025,0.9709033370018005,0.9736691117286682,0.984096348285675,0.9750569045543671,1
HP1351,HP1350,0,0.7970166206359863,0.441925972700119,0.41106879711151123,0.7078612446784973,0.6588732004165649,0.6783393025398254,0.31611478328704834,0.6512585282325745,0.6001654267311096,0.49578067660331726,0.5758404552936554,1
HP1350,HP1349,1,0.992009162902832,0.9870452284812927,0.9762956500053406,0.9678530693054199,0.9855300188064575,0.9699557423591614,0.9869300723075867,0.973534882068634,0.9782826900482178,0.9746385812759399,0.9792075097560883,1
HP1349,HP1348,1,0.9877073764801025,0.9765602946281433,0.9546014666557312,0.9859983325004578,0.9733659029006958,0.9662606716156006,0.9782139658927917,0.9710075259208679,0.9719619750976562,0.9845393300056458,0.9750216841697693,1
HP1348,HP1347,1,0.9874381422996521,0.974973201751709,0.9535256624221802,0.9865720272064209,0.9729139804840088,0.9707021713256836,0.974452793598175,0.9708414077758789,0.9742944836616516,0.9837016463279724,0.9749415516853333,1
HP1347,HP1346,0,0.7709003686904907,0.6309521198272705,0.3897515833377838,0.6013005375862122,0.5451623797416687,0.5356425046920776,0.5290038585662842,0.6166782379150391,0.2537888288497925,0.4361204206943512,0.530930083990097,1
HP1346,HP1345,1,0.9826957583427429,0.869258463382721,0.9464135766029358,0.9221348166465759,0.9647027254104614,0.9293490648269653,0.9107635617256165,0.9626265168190002,0.957686722278595,0.9368128180503845,0.9382444024085999,1
HP1345,HP1344,1,0.994220495223999,0.9937862753868103,0.9866980910301208,0.9879685044288635,0.9934438467025757,0.9788942337036133,0.9958451986312866,0.9751840233802795,0.9898827075958252,0.9838895201683044,0.9879812896251678,1
HP1344,HP1343,1,0.9923791289329529,0.976058304309845,0.9609794020652771,0.9273471832275391,0.9771884679794312,0.9247339963912964,0.9658316373825073,0.9616464376449585,0.9485661387443542,0.9165863990783691,0.9551317095756531,1
HP1343,HP1338,0,0.0005045920261181891,0.00022198607621248811,0.0015219490742310882,0.0014352321159094572,0.002710001077502966,0.0025675774086266756,0.00243122735992074,0.0004805802891496569,0.0006118189194239676,0.001177002559415996,0.0013661966906511225,0
HP1338,HP1337,1,0.9872741103172302,0.9741402864456177,0.9528840780258179,0.9866401553153992,0.9722838997840881,0.9720368981361389,0.9730706214904785,0.9708673357963562,0.9747165441513062,0.9831081032752991,0.9747022032737732,1
HP1332,HP1331,1,0.9838668704032898,0.8893136382102966,0.9005294442176819,0.9547630548477173,0.9422345757484436,0.9136269092559814,0.9371803998947144,0.9420813918113708,0.7856861352920532,0.9533326625823975,0.9202615082263946,1
HP1331,HP1330,1,0.9878179430961609,0.9771029353141785,0.9548778533935547,0.9856788516044617,0.9730632901191711,0.9633044004440308,0.9794338345527649,0.9709877371788025,0.970150351524353,0.9847059845924377,0.9747123181819916,1
HP1330,HP1325,0,0.002356546465307474,0.0006972423288971186,0.0037705758586525917,0.005903961602598429,0.0014478913508355618,0.013061783276498318,0.0004133765469305217,0.0015393538633361459,0.0008668833179399371,0.0016775394324213266,0.0031735154043417424,0
HP1325,HP1324,1,0.9899932742118835,0.9861512184143066,0.9702147841453552,0.9673901796340942,0.9760721325874329,0.961532473564148,0.9718974232673645,0.948158323764801,0.9681006073951721,0.956743061542511,0.9696253478527069,1
HP1324,HP1323,1,0.9937465786933899,0.9914014339447021,0.9810422658920288,0.970026969909668,0.9894677996635437,0.9651834964752197,0.9921133518218994,0.9654096364974976,0.9841916561126709,0.967775285243988,0.9800358474254608,1
HP1323,HP1320,0,0.002309983130544424,0.0010503845987841487,0.004436806309968233,0.0037514842115342617,0.0006559775792993605,0.009486694820225239,0.0006328518502414227,0.0016652548220008612,0.0010477254400029778,0.0008946203743107617,0.002593178313691169,0
HP1320,HP1319,1,0.9916195273399353,0.9781420230865479,0.9566525220870972,0.9551429152488708,0.9717726111412048,0.9686214923858643,0.9800617694854736,0.9663922786712646,0.980527400970459,0.9756538271903992,0.9724586367607116,1
HP1319,HP1318,1,0.9922566413879395,0.9840076565742493,0.9641802906990051,0.953105092048645,0.9836928248405457,0.9614691138267517,0.9950389862060547,0.9599228501319885,0.9433761835098267,0.9485248923301697,0.9685574531555176,1
HP1318,HP1317,1,0.9957050681114197,0.9912435412406921,0.9844178557395935,0.9874506592750549,0.9920865893363953,0.9688060879707336,0.991113543510437,0.9691202044487,0.9889813661575317,0.974193811416626,0.9843118727207184,1
HP1317,HP1316,1,0.9890279769897461,0.9663419723510742,0.9664315581321716,0.9438755512237549,0.9764862656593323,0.9655964970588684,0.9577296376228333,0.971305787563324,0.9764086008071899,0.9631745219230652,0.967637836933136,1
HP1316,HP1315,1,0.9932405352592468,0.9884722232818604,0.9819338917732239,0.9828639626502991,0.9894358515739441,0.9705799221992493,0.9850081205368042,0.9686263203620911,0.9839073419570923,0.9839822053909302,0.9828050374984741,1
HP1315,HP1314,1,0.9923599362373352,0.9864616990089417,0.9752087593078613,0.9763528108596802,0.9837794899940491,0.9772667288780212,0.9833788871765137,0.9803135991096497,0.9810185432434082,0.984568178653717,0.9820708632469177,1
HP1314,HP1313,1,0.9924461841583252,0.9744431376457214,0.9829985499382019,0.9649926424026489,0.9686378836631775,0.9734153747558594,0.958031415939331,0.9506170749664307,0.9753316640853882,0.9715156555175781,0.9712429583072663,1
HP1313,HP1312,1,0.9940326809883118,0.9843707084655762,0.9884309768676758,0.9928525686264038,0.9891437888145447,0.9772347807884216,0.984939694404602,0.9535977244377136,0.9935720562934875,0.9822061061859131,0.984038108587265,1
HP1312,HP1311,1,0.9878664612770081,0.9773482084274292,0.9549904465675354,0.9855136871337891,0.9728543758392334,0.9618419408798218,0.9797677397727966,0.9710488319396973,0.9692535996437073,0.9847344160079956,0.9745219707489013,1
HP1311,HP1310,1,0.9961994290351868,0.9893940687179565,0.9868335723876953,0.9877784848213196,0.991272509098053,0.9412891268730164,0.9963012933731079,0.9804423451423645,0.9597887396812439,0.9695354700088501,0.9798835039138794,1
HP1310,HP1309,1,0.9928518533706665,0.9807109236717224,0.976536214351654,0.9740488529205322,0.9889301061630249,0.9724690914154053,0.9869635701179504,0.9765065908432007,0.9868354797363281,0.9659289121627808,0.9801781594753265,1
HP1309,HP1308,1,0.9877160787582397,0.9766098856925964,0.9546231627464294,0.985954999923706,0.9733095169067383,0.9658352732658386,0.9784753918647766,0.9709743857383728,0.9717081785202026,0.9845783114433289,0.9749785184860229,1
HP1308,HP1307,1,0.9943979382514954,0.9843634366989136,0.9852400422096252,0.9874033331871033,0.9854709506034851,0.9817169308662415,0.989801824092865,0.9667817950248718,0.9911515116691589,0.9800741672515869,0.9846401929855346,1
HP1307,HP1306,1,0.9877152442932129,0.9669486880302429,0.9684582948684692,0.9728697538375854,0.9697997570037842,0.9525357484817505,0.9615085124969482,0.93752121925354,0.9816661477088928,0.9472203254699707,0.9646243691444397,1
HP1306,HP1305,1,0.9934039115905762,0.9936627745628357,0.9806025624275208,0.984535813331604,0.9881041646003723,0.9817416667938232,0.9935758113861084,0.9530622959136963,0.98732990026474,0.9770807027816772,0.9833099603652954,1
HP1305,HP1304,1,0.9938894510269165,0.990729033946991,0.9801130294799805,0.9525682926177979,0.9903320074081421,0.9643594026565552,0.9942467212677002,0.964896559715271,0.9843855500221252,0.9670542478561401,0.9782574295997619,1
HP1304,HP1303,1,0.9928158521652222,0.9936069846153259,0.9797772169113159,0.963482141494751,0.9877138137817383,0.9669827818870544,0.9954158663749695,0.9635761380195618,0.9701894521713257,0.9622009992599487,0.9775761246681214,1
HP1303,HP1302,1,0.9871922135353088,0.9737339615821838,0.9525364637374878,0.9866461157798767,0.9719240665435791,0.9725089073181152,0.9724888205528259,0.970846951007843,0.9747875332832336,0.9827947616577148,0.9745459794998169,1
HP1302,HP1301,1,0.9920722842216492,0.9803933501243591,0.9746497869491577,0.9775272011756897,0.984523355960846,0.9661839008331299,0.984781801700592,0.9681609272956848,0.9878911972045898,0.9446054100990295,0.9760789215564728,1
HP1301,HP1300,1,0.9918482303619385,0.9774497747421265,0.9465562105178833,0.9107849597930908,0.9707649946212769,0.9315106868743896,0.959033727645874,0.9579305648803711,0.9658203125,0.940689206123352,0.9552388668060303,1
HP1300,HP1299,1,0.9877117276191711,0.9766854047775269,0.9546738266944885,0.9859233498573303,0.9733678698539734,0.9659556150436401,0.9784998297691345,0.9710854887962341,0.9717854857444763,0.9845649003982544,0.975025349855423,1
HP1299,HP1298,1,0.9882256388664246,0.9782541990280151,0.9550514817237854,0.9847691655158997,0.970651388168335,0.9518717527389526,0.9812387824058533,0.9710692167282104,0.9638487100601196,0.984529435634613,0.9729509770870208,1
HP1298,HP1297,0,0.39061787724494934,0.26142439246177673,0.18675296008586884,0.1978277713060379,0.26933038234710693,0.19379614293575287,0.08709734678268433,0.28844088315963745,0.21361111104488373,0.15749961137771606,0.22463984787464142,0
HP1297,HP1296,1,0.9947786331176758,0.9364234805107117,0.9735362529754639,0.9569190144538879,0.9856094121932983,0.967717707157135,0.9769226312637329,0.9505977630615234,0.9674757719039917,0.9578058123588562,0.9667786478996276,1
HP1296,HP1295,1,0.9958092570304871,0.9904009699821472,0.9838486909866333,0.9755532741546631,0.98729008436203,0.9693831205368042,0.9855300188064575,0.9802617430686951,0.9930559396743774,0.9691347479820251,0.983026784658432,1
HP1295,HP1294,1,0.9925441741943359,0.9743010997772217,0.984402596950531,0.9667316675186157,0.9763737320899963,0.9704844355583191,0.9618756771087646,0.9669437408447266,0.9782254099845886,0.9670762419700623,0.9738958775997162,1
HP1294,HP1293,1,0.9910904169082642,0.9855962991714478,0.9762268662452698,0.9763612151145935,0.9885168671607971,0.9839401245117188,0.9770549535751343,0.984582245349884,0.9817937612533569,0.9865943789482117,0.9831757128238678,1
HP1293,HP1292,1,0.9880596399307251,0.9780220985412598,0.9550898671150208,0.9849281907081604,0.9715254306793213,0.9554783701896667,0.9808496236801147,0.9711786508560181,0.9656844139099121,0.9846147894859314,0.973543107509613,1
HP1285,HP1284,1,0.9951507449150085,0.9923176169395447,0.9867364764213562,0.9889333844184875,0.9885631799697876,0.9812838435173035,0.9900592565536499,0.9637948870658875,0.9915740489959717,0.9767800569534302,0.9855193495750427,1
HP1284,HP1283,1,0.90789794921875,0.9525402188301086,0.8186872005462646,0.7400663495063782,0.9316698312759399,0.783178985118866,0.8799077868461609,0.8515180349349976,0.7291842103004456,0.7231466174125671,0.8317797183990479,1
HP1283,HP1282,0,0.7007420659065247,0.8281075954437256,0.5100857615470886,0.6958948373794556,0.7654051184654236,0.27509626746177673,0.5933677554130554,0.6044789552688599,0.5271602869033813,0.48621997237205505,0.5986558616161346,1
HP1282,HP1281,1,0.9879809617996216,0.9777238965034485,0.9550787210464478,0.9851993322372437,0.9721343517303467,0.9581875801086426,0.9803962707519531,0.9710142612457275,0.9671419858932495,0.9847350120544434,0.9739592373371124,1
HP1281,HP1279,1,0.07903390377759933,0.02632858231663704,0.10115201771259308,0.10321024060249329,0.34456726908683777,0.0291008111089468,0.043168630450963974,0.21766184270381927,0.05803278461098671,0.07904903590679169,0.1081305118277669,0
HP1279,HP1278,1,0.9928891658782959,0.9788728356361389,0.9817609786987305,0.9735598564147949,0.9810611009597778,0.9459959864616394,0.9754542112350464,0.9778489470481873,0.9851604104042053,0.9687491655349731,0.9761352658271789,1
HP1278,HP1277,1,0.987663984298706,0.9763046503067017,0.9544521570205688,0.9861354827880859,0.9733883142471313,0.9672764539718628,0.9774065613746643,0.9709775447845459,0.9725558161735535,0.9844427108764648,0.9750603675842285,1
HP1277,HP1254,0,0.00011259502207394689,5.386710836319253e-05,0.001132005825638771,0.00030074131791479886,0.00039961555739864707,0.0021545568015426397,0.0007554078474640846,0.0003624628880061209,0.0002585351176094264,0.00039950181962922215,0.000592928930564085,0
HP1254,HP1253,1,0.9867794513702393,0.9175944328308105,0.925210177898407,0.9232446551322937,0.9345186352729797,0.9346057176589966,0.9218148589134216,0.8903989195823669,0.9477751851081848,0.8845840692520142,0.9266526103019714,1
HP1253,HP1252,1,0.9868524074554443,0.9719619750976562,0.9510340094566345,0.9864702820777893,0.9700586795806885,0.9737688302993774,0.9704504013061523,0.9707114100456238,0.9745393395423889,0.9813596606254578,0.9737206995487213,1
HP1252,HP1251,1,0.9877093434333801,0.9766533374786377,0.9545876383781433,0.9858750700950623,0.9732851386070251,0.9654988050460815,0.9787389039993286,0.9710109829902649,0.971523106098175,0.9845651388168335,0.9749447464942932,1
HP1251,HP1250,1,0.9964859485626221,0.9805205464363098,0.9837106466293335,0.975721538066864,0.984971821308136,0.9620681405067444,0.9847230315208435,0.9799208641052246,0.9906124472618103,0.969939649105072,0.9808674633502961,1
HP1250,HP1249,1,0.982775866985321,0.9051327109336853,0.9312328696250916,0.9411010146141052,0.9429768919944763,0.910011887550354,0.9314290285110474,0.9650213718414307,0.9212675094604492,0.9337636828422546,0.9364712834358215,1
HP1249,HP1248,1,0.9863504767417908,0.9702807068824768,0.9491638541221619,0.9853945970535278,0.9678949117660522,0.975022554397583,0.968831479549408,0.9712703824043274,0.9735766649246216,0.9791206121444702,0.9726906239986419,1
HP1248,HP1247,1,0.9877901673316956,0.977025032043457,0.9548404216766357,0.9857059121131897,0.9731226563453674,0.9637999534606934,0.9793363809585571,0.9710356593132019,0.9704670906066895,0.9846857786178589,0.9747809052467347,1
HP1247,HP1246,0,0.8197226524353027,0.43637821078300476,0.35759228467941284,0.6282102465629578,0.5309342741966248,0.44244185090065,0.640823483467102,0.8119329214096069,0.3610256612300873,0.3815583884716034,0.5410619974136353,1
HP1246,HP1245,1,0.991265058517456,0.9860644936561584,0.9792846441268921,0.9831342697143555,0.986470639705658,0.9731845855712891,0.9901081919670105,0.9711023569107056,0.9840376973152161,0.9707976579666138,0.9815449595451355,1
HP1245,HP1244,1,0.994907796382904,0.9887548685073853,0.9873051643371582,0.9912211894989014,0.9884968400001526,0.9712374806404114,0.9894705414772034,0.9599452018737793,0.9945581555366516,0.9776801466941833,0.9843577384948731,1
HP1241,HP1240,1,0.996444821357727,0.9884476065635681,0.9837979078292847,0.9834905862808228,0.9902487993240356,0.962486982345581,0.9836404919624329,0.9504973888397217,0.9874209761619568,0.9642881155014038,0.9790763676166534,1
HP1222,HP1221,1,0.9926522374153137,0.996358335018158,0.9791740775108337,0.9841710329055786,0.993281364440918,0.9644924402236938,0.9928424954414368,0.9725703597068787,0.9910308122634888,0.9827790260314941,0.9849352180957794,1
HP1221,HP1220,1,0.9874311089515686,0.9750316143035889,0.9535540342330933,0.9865289926528931,0.9729825854301453,0.9708161950111389,0.9745141267776489,0.9709603190422058,0.9743450880050659,0.9836750030517578,0.9749839067459106,1
HP1203,HP1202,1,0.9831941723823547,0.9543991088867188,0.9358211755752563,0.9088552594184875,0.9487231373786926,0.9051752090454102,0.9421795606613159,0.9357888698577881,0.9069307446479797,0.9211798906326294,0.9342247128486634,1
HP1202,HP1201,1,0.9910250306129456,0.9813016057014465,0.9717220664024353,0.9726682901382446,0.9827145338058472,0.9754077196121216,0.9797444939613342,0.9823963642120361,0.9877853393554688,0.976974368095398,0.9801739811897278,1
HP1201,HP1200,1,0.9793082475662231,0.9503239393234253,0.9590455293655396,0.9569379091262817,0.9805694818496704,0.9296975135803223,0.9446751475334167,0.972138524055481,0.9686678647994995,0.9559076428413391,0.9597271800041198,1
HP1200,HP1199,1,0.9908876419067383,0.9937984347343445,0.9606990814208984,0.9843580722808838,0.9867329001426697,0.9669936895370483,0.9868294596672058,0.9728646874427795,0.9883608222007751,0.9765220880508423,0.9808046877384186,1
HP1199,HP1198,1,0.9933677911758423,0.9893126487731934,0.9814454317092896,0.9673508405685425,0.9899648427963257,0.9806474447250366,0.9890246391296387,0.9785240888595581,0.9959754347801208,0.9783399701118469,0.9843953132629395,1
HP1190,HP1189,1,0.9875316619873047,0.9760386347770691,0.9542703032493591,0.9861125349998474,0.973512589931488,0.9692240953445435,0.9763653874397278,0.9714732766151428,0.9736539125442505,0.9841416478157043,0.9752324044704437,1
HP1184,HP1183,1,0.9438809156417847,0.8746196031570435,0.6039412617683411,0.7108101844787598,0.7728028893470764,0.7214205861091614,0.665095865726471,0.6994323134422302,0.6833862066268921,0.6901666522026062,0.7365556478500366,1
HP1183,HP1180,0,0.2907554507255554,0.1045273020863533,0.03855721652507782,0.11825769394636154,0.23268282413482666,0.11509951949119568,0.16720999777317047,0.07816856354475021,0.09738274663686752,0.09493587911128998,0.13375771939754486,0
HP1180,HP1179,1,0.9952959418296814,0.9889245629310608,0.9872545599937439,0.9731606841087341,0.9912084341049194,0.9690905213356018,0.9914224743843079,0.9862316250801086,0.9850342273712158,0.9674020409584045,0.9835025072097778,1
HP1179,HP1178,1,0.9876712560653687,0.9767627120018005,0.9547262191772461,0.9857025146484375,0.9732220768928528,0.9652020931243896,0.9789939522743225,0.9713152050971985,0.971412718296051,0.9846203923225403,0.9749629139900208,1
HP1162,HP1161,1,0.8577316403388977,0.70396488904953,0.6994442343711853,0.5604557991027832,0.624695360660553,0.7262853980064392,0.400450736284256,0.6430814266204834,0.6801322102546692,0.5570098757743835,0.6453251570463181,1
HP1161,HP1160,1,0.769869863986969,0.7205456495285034,0.7011951208114624,0.5972014665603638,0.740657389163971,0.6445732116699219,0.7591390609741211,0.7365720272064209,0.43199142813682556,0.42803245782852173,0.6529777675867081,1
HP1160,HP1153,0,0.0019670051988214254,0.00934536848217249,0.01330791786313057,0.005792522337287664,0.013977209106087685,0.01861351542174816,0.019169412553310394,0.011889439076185226,0.001946092932485044,0.009576289914548397,0.010558477288577705,0
HP1153,HP1152,1,0.9892763495445251,0.965631365776062,0.961739182472229,0.9522398710250854,0.9775081872940063,0.9363601207733154,0.9725341796875,0.9635988473892212,0.9756880402565002,0.9417619705200195,0.9636338114738464,1
HP1152,HP1151,1,0.923831582069397,0.9302312135696411,0.8473618030548096,0.8318725824356079,0.8840314149856567,0.6566371917724609,0.7299161553382874,0.8264448642730713,0.7371396422386169,0.6976398229598999,0.8065106272697449,1
HP1151,HP1150,1,0.9952005743980408,0.9917972683906555,0.9869114756584167,0.9868184328079224,0.992615282535553,0.9749442934989929,0.9947595000267029,0.9709247350692749,0.9910898208618164,0.9787675738334656,0.9863828957080841,1
HP1150,HP1149,1,0.9869529604911804,0.9725320935249329,0.9515185952186584,0.9865168929100037,0.9707349538803101,0.9735817909240723,0.9710793495178223,0.9708573818206787,0.9747065901756287,0.9817733764648438,0.9740253984928131,1
HP1149,HP1148,1,0.9872199892997742,0.9738757014274597,0.9526546597480774,0.9866461157798767,0.9720775485038757,0.9723924994468689,0.9727082252502441,0.9708609580993652,0.9747770428657532,0.9828844666481018,0.9746097207069397,1
HP1148,HP1147,1,0.9727554321289062,0.7460328936576843,0.7685630321502686,0.8250234723091125,0.583884060382843,0.6704872250556946,0.9069936871528625,0.8575655221939087,0.8811262249946594,0.49948692321777344,0.7711918473243713,1
HP1143,HP1142,1,0.9875354170799255,0.9720860123634338,0.9648667573928833,0.9509202241897583,0.9810922145843506,0.9673572778701782,0.9754157662391663,0.9777451753616333,0.9728189706802368,0.9694905281066895,0.9719328343868255,1
HP1142,HP1141,1,0.9931408762931824,0.9931633472442627,0.9828908443450928,0.9782790541648865,0.9908202886581421,0.9585084319114685,0.989953875541687,0.9862935543060303,0.9885436296463013,0.9842271208763123,0.9845821022987366,1
HP1141,HP1140,1,0.9875577688217163,0.9763674736022949,0.9544134736061096,0.985937237739563,0.9735390543937683,0.9680651426315308,0.9772549867630005,0.9715040922164917,0.9730430841445923,0.9843108654022217,0.9751993179321289,1
HP1140,HP1139,1,0.9815748929977417,0.9592157602310181,0.9694708585739136,0.9703059196472168,0.9733032584190369,0.9681124687194824,0.9658942222595215,0.9436885714530945,0.9828645586967468,0.9574638605117798,0.9671894371509552,1
HP1139,HP1138,1,0.9874615669250488,0.9854362607002258,0.9730164408683777,0.9641199707984924,0.9888342022895813,0.9695290327072144,0.9835225939750671,0.9772343635559082,0.986177921295166,0.9692979454994202,0.9784630298614502,1
HP1125,HP1124,1,0.9950115084648132,0.9869360327720642,0.9833304286003113,0.977387011051178,0.9893433451652527,0.9740048050880432,0.991720974445343,0.9684922099113464,0.9861031174659729,0.9768040180206299,0.9829133450984955,1
HP1124,HP1123,1,0.9876896142959595,0.9773537516593933,0.9551501870155334,0.9853879809379578,0.9737747311592102,0.9660165309906006,0.9795054197311401,0.972202718257904,0.9719708561897278,0.9843397736549377,0.9753391563892364,1
HP1123,HP1122,0,0.2332206517457962,0.0014312656130641699,0.267221599817276,0.3220253586769104,0.4153743088245392,0.17438428103923798,0.15069493651390076,0.41216662526130676,0.047110531479120255,0.17264357209205627,0.2196273131063208,0
HP1122,HP1121,1,0.7896501421928406,0.44382065534591675,0.7561759948730469,0.5853762030601501,0.8086308836936951,0.5311514735221863,0.6140434145927429,0.5794543027877808,0.41200020909309387,0.44164741039276123,0.5961950689554214,1
HP1121,HP1120,1,0.8207258582115173,0.54975825548172,0.6272268295288086,0.39287009835243225,0.781588613986969,0.4903706908226013,0.5330774784088135,0.7679535746574402,0.34742122888565063,0.5439839959144592,0.5854976624250412,1
HP1120,HP1119,1,0.9848362803459167,0.9645879864692688,0.9528777599334717,0.9255247712135315,0.9742242097854614,0.9735674858093262,0.9680464267730713,0.9723492860794067,0.9595546722412109,0.977940022945404,0.965350890159607,1
HP1117,HP1116,1,0.7967713475227356,0.7058279514312744,0.7060483694076538,0.8867989778518677,0.835901141166687,0.4844508171081543,0.929194450378418,0.8741869926452637,0.6696221828460693,0.6343929171562195,0.7523195147514343,1
HP1116,HP1115,1,0.9799943566322327,0.6764376163482666,0.6300202012062073,0.7430095076560974,0.914914071559906,0.6878489255905151,0.9173929691314697,0.9660781621932983,0.9448698163032532,0.5515003800392151,0.8012066006660461,1
HP1100,HP1099,1,0.9758360981941223,0.8875281810760498,0.6274762749671936,0.8197959661483765,0.9390383362770081,0.842680811882019,0.3725563883781433,0.9051359295845032,0.795181393623352,0.6363050937652588,0.7801534473896027,1
HP1099,HP1098,1,0.8894670605659485,0.8578015565872192,0.9035152196884155,0.807857096195221,0.9177243709564209,0.6850010752677917,0.8774599432945251,0.8967596888542175,0.7659052610397339,0.7477695941925049,0.8349260866641999,1
HP1098,HP1097,1,0.996116042137146,0.9793686866760254,0.9043383002281189,0.9409317970275879,0.9871476292610168,0.911376953125,0.9885127544403076,0.9704004526138306,0.9849288463592529,0.9285385012626648,0.9591659963130951,1
HP1082,HP1081,1,0.9879851341247559,0.9777300357818604,0.9550697207450867,0.9852023720741272,0.9721484780311584,0.9582127928733826,0.9803974628448486,0.97101229429245,0.9671497344970703,0.9847235083580017,0.9739631533622741,1
HP1081,HP1080,1,0.9953612089157104,0.9852822422981262,0.9864701628684998,0.9848092794418335,0.984993577003479,0.9724919199943542,0.9928350448608398,0.9907186627388,0.9634971618652344,0.9820401668548584,0.9838499426841736,1
HP1080,HP1079,0,0.7686222791671753,0.4005059003829956,0.5319458246231079,0.7071809768676758,0.5687974095344543,0.5386561155319214,0.48548105359077454,0.5337039828300476,0.3561767339706421,0.46366140246391296,0.5354731678962708,1
HP1079,HP1078,1,0.992546796798706,0.9922745227813721,0.974098801612854,0.976715087890625,0.9877145290374756,0.9765295386314392,0.9894687533378601,0.9637266397476196,0.9825793504714966,0.9809147715568542,0.9816568791866302,1
HP1078,HP1077,1,0.9449789524078369,0.7124251127243042,0.673437774181366,0.8006563782691956,0.8365070223808289,0.7265481948852539,0.8535454273223877,0.9192556142807007,0.6238407492637634,0.7165986895561218,0.7807793915271759,1
HP1057,HP1056,1,0.9872652888298035,0.9741829037666321,0.952889084815979,0.9865931868553162,0.9723567962646484,0.9721494317054749,0.9731460213661194,0.9709818363189697,0.9747543334960938,0.9830713272094727,0.9747390210628509,1
HP1056,HP1055,1,0.9959332942962646,0.994493305683136,0.9901311993598938,0.9808230400085449,0.9940932989120483,0.9756615161895752,0.9967163801193237,0.981152355670929,0.9833924770355225,0.9794462323188782,0.9871843099594116,1
HP1055,HP1054,1,0.9931241869926453,0.9911422729492188,0.9834997653961182,0.9776793718338013,0.9905344843864441,0.978779137134552,0.9872413873672485,0.9831485748291016,0.9912305474281311,0.9796057343482971,0.9855985462665557,1
HP1054,HP1053,1,0.9877977967262268,0.9771052598953247,0.9548643231391907,0.9856465458869934,0.973059356212616,0.9633488059043884,0.9794468879699707,0.9710469841957092,0.9701924324035645,0.9847010374069214,0.9747209429740906,1
HP1053,HP1052,0,0.9870355725288391,0.9732873439788818,0.9523440003395081,0.9857880473136902,0.9717270731925964,0.9733633399009705,0.9728575944900513,0.9721089601516724,0.9749032258987427,0.9824825525283813,0.9745897710323334,1
HP1052,HP1051,1,0.9696983098983765,0.9476982355117798,0.8999279737472534,0.8627167344093323,0.9637166261672974,0.8629206418991089,0.9406672716140747,0.8995068669319153,0.8649417757987976,0.8446605801582336,0.9056455016136169,1
HP1051,HP1050,0,0.9490999579429626,0.8204396367073059,0.813588559627533,0.8006021976470947,0.9251549243927002,0.8386073708534241,0.6938267946243286,0.8465226292610168,0.8775798082351685,0.8028310537338257,0.836825293302536,1
HP1050,HP1049,1,0.9879302978515625,0.9785354733467102,0.9553040266036987,0.9844270944595337,0.9713686108589172,0.9551283717155457,0.981262743473053,0.9722233414649963,0.9655846357345581,0.984332263469696,0.9736096858978271,1
HP1049,HP1048,1,0.9841288924217224,0.953683078289032,0.9363594055175781,0.968764066696167,0.9453659057617188,0.9717428088188171,0.9527156352996826,0.9638202786445618,0.9611591696739197,0.9665988683700562,0.9604338109493256,1
HP1048,HP1047,1,0.9899922609329224,0.9794323444366455,0.9535438418388367,0.9837583899497986,0.9618003964424133,0.9271969199180603,0.983062744140625,0.9716154932975769,0.9527448415756226,0.9829176664352417,0.9686064898967743,1
HP1047,HP1046,1,0.9871647953987122,0.9735857248306274,0.9524238109588623,0.9866388440132141,0.9717890620231628,0.972657322883606,0.9723165035247803,0.9708453416824341,0.9747962355613708,0.9826868772506714,0.9744904518127442,1
HP1040,HP1039,1,0.9886414408683777,0.9659253358840942,0.9624719619750977,0.9288687109947205,0.9784478545188904,0.9366252422332764,0.988285481929779,0.9588698744773865,0.9720597267150879,0.9438934326171875,0.9624089062213897,1
HP1039,HP1038,0,0.6759819388389587,0.4698079824447632,0.3934263586997986,0.5353334546089172,0.5435031652450562,0.32551833987236023,0.233411967754364,0.345286101102829,0.1974237710237503,0.35159018635749817,0.40712832659482956,0
HP1038,HP1037,1,0.9915370345115662,0.9701429605484009,0.9804467558860779,0.9737604260444641,0.9879363775253296,0.967295229434967,0.9908844828605652,0.9740573167800903,0.9740906953811646,0.9700427055358887,0.9780193984508514,1
HP1037,HP1036,1,0.9873654246330261,0.9793266654014587,0.9547802805900574,0.9834058284759521,0.9751655459403992,0.966485857963562,0.9808377623558044,0.9743310809135437,0.9721749424934387,0.9821303486824036,0.9756003737449646,1
HP1036,HP1035,1,0.9861897826194763,0.9701411128044128,0.9489628672599792,0.9829044342041016,0.9689071774482727,0.9766327142715454,0.9701667428016663,0.9734756946563721,0.973088800907135,0.9772015810012817,0.9727670907974243,1
HP1035,HP1034,1,0.9876963496208191,0.9765366315841675,0.9545913338661194,0.9860353469848633,0.973433792591095,0.9666966795921326,0.9779633283615112,0.9710517525672913,0.9722123742103577,0.9844931960105896,0.9750710785388946,1
HP1034,HP1032,1,0.45174726843833923,0.5598458051681519,0.41911929845809937,0.3347981870174408,0.6233164072036743,0.35275909304618835,0.6062362194061279,0.44641953706741333,0.2895979583263397,0.27107560634613037,0.4354915380477905,0
HP1032,HP1031,1,0.9871094822883606,0.9733192920684814,0.9521899223327637,0.9866244792938232,0.9715536832809448,0.9729791879653931,0.9719724655151367,0.9708554148674011,0.9748111963272095,0.9824281930923462,0.9743843317031861,1
HP1031,HP1030,1,0.9907428622245789,0.9675834774971008,0.9768720865249634,0.9446982145309448,0.9661293029785156,0.9497545957565308,0.9559146165847778,0.967495858669281,0.9758104085922241,0.9576064348220825,0.9652607858180999,1
HP1030,HP1029,1,0.9933511018753052,0.996177077293396,0.9801366329193115,0.978183925151825,0.9878338575363159,0.9718672633171082,0.9948480725288391,0.9675854444503784,0.984451174736023,0.9768703579902649,0.9831304907798767,1
HP1029,HP1028,1,0.9874066114425659,0.9752119183540344,0.953660786151886,0.9863596558570862,0.9730563163757324,0.9707021713256836,0.9747323989868164,0.9712652564048767,0.9743406772613525,0.9837685823440552,0.975050437450409,1
HP0972,HP0971,1,0.9947296380996704,0.994472324848175,0.9843717813491821,0.9816854596138,0.9907857179641724,0.974612832069397,0.9941235184669495,0.9678244590759277,0.9851624369621277,0.9801090955734253,0.9847877264022827,1
HP0971,HP0970,1,0.9875086545944214,0.9754445552825928,0.9538674354553223,0.9864327907562256,0.9731898903846741,0.9698712825775146,0.9753316640853882,0.9709724187850952,0.9739424586296082,0.9839670658111572,0.9750528216362,1
HP0970,HP0969,1,0.9862346649169922,0.9685617685317993,0.948028564453125,0.9853560328483582,0.9656380414962769,0.974401593208313,0.9675834774971008,0.9704163074493408,0.9728531837463379,0.9784120321273804,0.9717485666275024,1
HP0966,HP0965,1,0.9875631928443909,0.9757468104362488,0.9540890455245972,0.9863510727882385,0.9732800722122192,0.969042181968689,0.9759644865989685,0.9709442257881165,0.9735367298126221,0.9841715097427368,0.9750689327716827,1
HP0965,HP0964,1,0.9875528216362,0.9756237268447876,0.9539987444877625,0.9863998293876648,0.9732739329338074,0.9693500399589539,0.9757652878761292,0.9709180593490601,0.9736801385879517,0.98408043384552,0.9750643014907837,1
HP0964,HP0963,1,0.9872516989707947,0.9739857912063599,0.9527593851089478,0.986668586730957,0.9721596240997314,0.9721793532371521,0.9728652238845825,0.970806360244751,0.9747356176376343,0.983003556728363,0.9746415197849274,1
HP0963,HP0962,1,0.9880638718605042,0.9779099225997925,0.9550791382789612,0.9850501418113708,0.9716622233390808,0.9560189247131348,0.9807049632072449,0.9709892272949219,0.965953528881073,0.9846854209899902,0.9736117362976074,1
HP0962,HP0961,0,0.8994876742362976,0.5956342816352844,0.6174940466880798,0.7861416339874268,0.5390920042991638,0.5018819570541382,0.6703143119812012,0.5909899473190308,0.3621577322483063,0.4111321270465851,0.5974325716495514,1
HP0961,HP0960,1,0.9783687591552734,0.7763635516166687,0.8952611088752747,0.8757843971252441,0.8788425326347351,0.827353835105896,0.42354580760002136,0.936265766620636,0.9041957855224609,0.6194166541099548,0.8115398198366165,1
HP0960,HP0959,1,0.9874718189239502,0.9758614897727966,0.9540312886238098,0.9861380457878113,0.9733622074127197,0.9693312048912048,0.9760181307792664,0.9713522791862488,0.9737144708633423,0.9841122031211853,0.9751393139362335,1
HP0959,HP0958,1,0.9933527708053589,0.9814258217811584,0.981534481048584,0.9687477946281433,0.9792107343673706,0.972180962562561,0.96981281042099,0.9369543194770813,0.9854973554611206,0.967349112033844,0.9736066162586212,1
HP0958,HP0957,1,0.986908495426178,0.9728333353996277,0.9514784216880798,0.9863437414169312,0.9713222980499268,0.9739924073219299,0.971592128276825,0.9712093472480774,0.9748303890228271,0.9816315174102783,0.9742142081260681,1
HP0957,HP0956,1,0.9870260953903198,0.960176944732666,0.9424296617507935,0.8686513900756836,0.9529473781585693,0.9417336583137512,0.9440154433250427,0.9248735904693604,0.9307472109794617,0.9020401239395142,0.9354641497135162,1
HP0956,HP0955,1,0.9614107608795166,0.9106377363204956,0.8996941447257996,0.800113320350647,0.9467377066612244,0.8951842784881592,0.9271397590637207,0.9599114060401917,0.9036035537719727,0.854193389415741,0.9058626055717468,1
HP0955,HP0954,1,0.9871576428413391,0.9764360785484314,0.9544998407363892,0.9847689270973206,0.9732612371444702,0.9693276286125183,0.9766929745674133,0.9734721183776855,0.9741619825363159,0.9843511581420898,0.9754129588603974,1
HP0954,HP0953,1,0.9948741793632507,0.9924455881118774,0.9825204014778137,0.9748504757881165,0.9910469055175781,0.9615121483802795,0.995819091796875,0.9694949388504028,0.9847084879875183,0.9668216705322266,0.9814093887805939,1
HP0953,HP0950,0,0.016828157007694244,0.011019856669008732,0.015915926545858383,0.024622732773423195,0.025664495304226875,0.019782129675149918,0.001476332196034491,0.009657653979957104,0.00589878112077713,0.00511190015822649,0.013597796543035657,0
HP0950,HP0949,1,0.988189697265625,0.9849916696548462,0.9774342775344849,0.9799752831459045,0.9827196598052979,0.9716182947158813,0.9788322448730469,0.962685227394104,0.9832087755203247,0.9710716605186462,0.9780726790428161,1
HP0949,HP0948,1,0.9867225885391235,0.9335851669311523,0.9494222402572632,0.8682190775871277,0.9797704219818115,0.9319021105766296,0.9654453992843628,0.9497218728065491,0.9740721583366394,0.9043033719062805,0.944316440820694,1
HP0920,HP0919,1,0.933274507522583,0.6938005685806274,0.5831173062324524,0.6558562517166138,0.8646590709686279,0.8045400381088257,0.7787266373634338,0.793078601360321,0.8568161129951477,0.4788767099380493,0.7442745804786682,1
HP0919,HP0918,1,0.9917044043540955,0.9867338538169861,0.9803719520568848,0.9797435998916626,0.9858049750328064,0.9571801424026489,0.983346164226532,0.9592170119285583,0.9799807071685791,0.9613267779350281,0.9765409588813782,1
HP0902,HP0901,1,0.9934373497962952,0.9893078207969666,0.988053560256958,0.9903603196144104,0.9878643155097961,0.9762241840362549,0.978351354598999,0.9588044881820679,0.990282416343689,0.9774365425109863,0.9830122351646423,1
HP0901,HP0900,0,0.9235488772392273,0.7311139106750488,0.6255516409873962,0.74436354637146,0.7940266728401184,0.8268887996673584,0.49384886026382446,0.8198577165603638,0.7915809750556946,0.5486906170845032,0.7299471616744995,1
HP0900,HP0899,1,0.9878447651863098,0.9783931374549866,0.9551719427108765,0.9844835996627808,0.9714645147323608,0.9556029438972473,0.9810532331466675,0.9721460938453674,0.965745210647583,0.9844463467597961,0.9736351788043975,1
HP0899,HP0898,1,0.9957637786865234,0.9922770261764526,0.9931113719940186,0.9902591705322266,0.9939378499984741,0.9852988123893738,0.9956203699111938,0.9879043698310852,0.9953766465187073,0.9857772588729858,0.9915326654911041,1
HP0895,HP0894,1,0.9876235723495483,0.9764271974563599,0.954544186592102,0.9860309958457947,0.9736054539680481,0.9680342078208923,0.977295994758606,0.9713898301124573,0.9730044603347778,0.9843140840530396,0.9752269983291626,1
HP0894,HP0893,0,0.8441054224967957,0.5339071750640869,0.5465219020843506,0.6714494824409485,0.623447597026825,0.5692445635795593,0.2439928650856018,0.4940805733203888,0.43153730034828186,0.36575847864151,0.5324045360088349,1
HP0893,HP0892,1,0.9930663704872131,0.9503482580184937,0.8871666193008423,0.8923778533935547,0.9576376080513,0.9057202339172363,0.8839884400367737,0.9281705617904663,0.9319852590560913,0.8096000552177429,0.9140061259269714,1
HP0892,HP0890,0,0.02928914502263069,0.08367615193128586,0.036472395062446594,0.0539749413728714,0.06622294336557388,0.10972995311021805,0.0734306201338768,0.058315459638834,0.0092029282823205,0.032154470682144165,0.055246900860220195,0
HP0890,HP0889,1,0.9871993660926819,0.973748505115509,0.9525681138038635,0.9866496324539185,0.9719365835189819,0.9725138545036316,0.9724950790405273,0.970859944820404,0.9747934341430664,0.9827978014945984,0.9745562314987183,1
HP0889,HP0888,1,0.9875200986862183,0.975899875164032,0.9541007876396179,0.9861719012260437,0.9734015464782715,0.9690500497817993,0.9762681722640991,0.9712573885917664,0.973551332950592,0.9841477870941162,0.9751368939876557,1
HP0888,HP0884,0,0.0034686182625591755,0.007143235299736261,0.002781686605885625,0.0017694142879918218,0.0026015513576567173,0.015384630300104618,0.00745385279878974,0.009044856764376163,0.002432235749438405,0.0036189574748277664,0.0055699038901366295,0
HP0884,HP0883,1,0.9935310482978821,0.9709994196891785,0.9575111269950867,0.895314633846283,0.9852162003517151,0.9346598386764526,0.9734786152839661,0.9723626375198364,0.9684731960296631,0.902689516544342,0.9554236233234406,1
HP0883,HP0881,0,0.0007968206773512065,0.00040926161454990506,0.0026774918660521507,0.002857421524822712,0.006764366757124662,0.005475538782775402,0.001414835569448769,0.0016695535741746426,0.0008787668193690479,0.002167724072933197,0.0025111781258601697,0
HP0881,HP0880,1,0.993250846862793,0.9860002398490906,0.9773221611976624,0.9743106365203857,0.9843138456344604,0.9848123788833618,0.9785526394844055,0.9542155265808105,0.9916885495185852,0.9792826771736145,0.980374950170517,1
HP0875,HP0874,1,0.9021215438842773,0.7263214588165283,0.7273857593536377,0.6693434119224548,0.8512932658195496,0.8196539878845215,0.874988853931427,0.9192025065422058,0.6349884867668152,0.6966229677200317,0.7821922242641449,1
HP0874,HP0873,1,0.990598738193512,0.9862445592880249,0.9737496376037598,0.9776993989944458,0.9776075482368469,0.9468847513198853,0.9855709075927734,0.9529246687889099,0.9865772128105164,0.9473092555999756,0.972516667842865,1
HP0870,HP0869,0,0.7551634907722473,0.6441506743431091,0.4808741509914398,0.520243763923645,0.5582876801490784,0.646822988986969,0.3358196020126343,0.49761253595352173,0.5914329290390015,0.3693200647830963,0.5399727880954742,1
HP0869,HP0868,1,0.9913337230682373,0.9871454834938049,0.9739999771118164,0.9790582656860352,0.9881922602653503,0.9787023067474365,0.9903870224952698,0.9582127332687378,0.9831507802009583,0.9768909811973572,0.9807073533535003,1
HP0868,HP0867,1,0.9864626526832581,0.9699073433876038,0.9492255449295044,0.9858527183532715,0.9674805998802185,0.9743921756744385,0.9686474800109863,0.9706180095672607,0.9736217260360718,0.9795441627502441,0.9725752413272858,1
HP0867,HP0866,1,0.9053938984870911,0.6997085213661194,0.6025781631469727,0.7894759774208069,0.6909455060958862,0.7104173898696899,0.5007405281066895,0.7608813047409058,0.6123474836349487,0.6417707800865173,0.6914259552955627,1
HP0866,HP0865,1,0.9874792695045471,0.9756419658660889,0.9539985060691833,0.9862949848175049,0.9734969139099121,0.9706454873085022,0.9753940105438232,0.9714561700820923,0.9742975234985352,0.983763575553894,0.9752468407154083,1
HP0865,HP0864,1,0.9870175719261169,0.9728688597679138,0.9518436193466187,0.9865173697471619,0.9710343480110168,0.9733218550682068,0.971439003944397,0.9709387421607971,0.974758505821228,0.9821022748947144,0.9741842150688171,1
HP0864,HP0863,1,0.9935879111289978,0.989565372467041,0.9882362484931946,0.9751222729682922,0.9905506372451782,0.9717282056808472,0.9958773851394653,0.9745386242866516,0.9882663488388062,0.9839386940002441,0.9851411700248718,1
HP0863,HP0862,1,0.9939170479774475,0.9854292273521423,0.9810904264450073,0.9715406894683838,0.9896259307861328,0.9512213468551636,0.9895368218421936,0.9772119522094727,0.9823415279388428,0.9650393128395081,0.9786954283714294,1
HP0862,HP0861,1,0.9873079657554626,0.9744839072227478,0.9530346989631653,0.9865660071372986,0.9726037383079529,0.9715849161148071,0.9736730456352234,0.9708981513977051,0.974592924118042,0.9833215475082397,0.9748066902160645,1
HP0861,HP0860,1,0.9876327514648438,0.9762380719184875,0.9543890953063965,0.98613041639328,0.97342449426651,0.9677098989486694,0.977187991142273,0.9710771441459656,0.9728140830993652,0.9843719005584717,0.9750975847244263,1
HP0860,HP0859,1,0.972726047039032,0.8672550916671753,0.8710236549377441,0.7936838269233704,0.8738617897033691,0.8866483569145203,0.7334113717079163,0.9638446569442749,0.7525469064712524,0.8339248299598694,0.8548926532268524,1
HP0859,HP0858,1,0.9871111512184143,0.9733373522758484,0.9522349834442139,0.9866037964820862,0.9715226292610168,0.9729491472244263,0.9719762206077576,0.9708895683288574,0.9747990369796753,0.9824715256690979,0.9743895411491394,1
HP0858,HP0857,1,0.9878323078155518,0.9776026606559753,0.9551241397857666,0.9852123260498047,0.9724971652030945,0.9602687358856201,0.9801383018493652,0.9713505506515503,0.9684301018714905,0.9847714900970459,0.9743227779865264,1
HP0857,HP0853,0,0.002141738310456276,0.0003154711739625782,0.00584223959594965,0.0067028566263616085,0.004893013276159763,0.011149381287395954,0.0013641006080433726,0.0008838076610118151,0.0013348546344786882,0.0013711503706872463,0.003599861354450695,0
HP0853,HP0852,1,0.9877359867095947,0.9767280220985413,0.9546892046928406,0.9859106540679932,0.9733087420463562,0.9654861688613892,0.9787420630455017,0.9709997773170471,0.9714943766593933,0.9846031665802002,0.9749698162078857,1
HP0845,HP0844,1,0.9874110817909241,0.9748823642730713,0.9534541368484497,0.9865657091140747,0.9728500843048096,0.9709362983703613,0.9742589592933655,0.9708974361419678,0.9743907451629639,0.9836282730102539,0.9749275088310242,1
HP0844,HP0843,1,0.987547755241394,0.9756385087966919,0.9540032744407654,0.986392080783844,0.9732589721679688,0.9693295955657959,0.9757497906684875,0.9709299802780151,0.9736736416816711,0.9840964674949646,0.9750620067119599,1
HP0832,HP0831,1,0.9950793385505676,0.9930689930915833,0.9820694923400879,0.9770228266716003,0.9906996488571167,0.9747146964073181,0.9932712912559509,0.9720839262008667,0.9838147163391113,0.9828246235847473,0.984464955329895,1
HP0831,HP0830,0,0.9558150768280029,0.7407884001731873,0.7113657593727112,0.7347601056098938,0.8431170582771301,0.8495546579360962,0.5982760190963745,0.8266533017158508,0.7401824593544006,0.7742480635643005,0.7774760901927948,1
HP0830,HP0829,1,0.9940192699432373,0.9855774641036987,0.9852716326713562,0.9732776284217834,0.9907771944999695,0.9618939757347107,0.9873145818710327,0.9830373525619507,0.985272228717804,0.9621871113777161,0.980862843990326,1
HP0811,HP0810,1,0.986789345741272,0.9715885519981384,0.9507399201393127,0.9864104390144348,0.9696208834648132,0.9739263653755188,0.9700914025306702,0.9706734418869019,0.9744139909744263,0.9810466170310974,0.9735300958156585,1
HP0810,HP0809,1,0.9736447334289551,0.7979785799980164,0.8271048665046692,0.893504798412323,0.8415313959121704,0.7787327170372009,0.9571601748466492,0.9711230993270874,0.8574584722518921,0.6741851568222046,0.8572423994541168,1
HP0809,HP0808,1,0.9952178001403809,0.9890291690826416,0.9829151034355164,0.9708858728408813,0.9889751672744751,0.9630498886108398,0.9890015721321106,0.9606904983520508,0.969567060470581,0.9736452102661133,0.9782977342605591,1
HP0808,HP0807,1,0.9256377220153809,0.6567184925079346,0.5492799282073975,0.6960157752037048,0.7951589822769165,0.843748927116394,0.48634210228919983,0.907685399055481,0.7796788215637207,0.5810818672180176,0.7221348017454148,1
HP0802,HP0801,1,0.9505855441093445,0.897118091583252,0.8617884516716003,0.8554956316947937,0.9040188193321228,0.7576931715011597,0.8977614045143127,0.9215080142021179,0.6493424773216248,0.7446451783180237,0.8439956784248352,1
HP0801,HP0800,1,0.9867154955863953,0.9711716175079346,0.9503823518753052,0.9863249659538269,0.9690810441970825,0.9740046262741089,0.9696840047836304,0.9706089496612549,0.9742447733879089,0.9807353615760803,0.9732953190803528,1
HP0800,HP0799,1,0.9934309124946594,0.9798060655593872,0.981459379196167,0.982498824596405,0.9829591512680054,0.9683787226676941,0.9889227747917175,0.9720642566680908,0.9910610914230347,0.9654386043548584,0.9806019783020019,1
HP0799,HP0798,1,0.9887387156486511,0.9849970936775208,0.9581247568130493,0.9763652682304382,0.980817973613739,0.9747723340988159,0.9843654632568359,0.9766244292259216,0.9743859767913818,0.9823312163352966,0.9781523227691651,1
HP0798,HP0797,0,0.8751126527786255,0.5096578598022461,0.5189999341964722,0.5496265292167664,0.7011244893074036,0.5712335705757141,0.5742993950843811,0.914777934551239,0.4262177050113678,0.5258816480636597,0.6166931718587876,1
HP0797,HP0796,1,0.9939769506454468,0.9939644932746887,0.9824391007423401,0.9767957329750061,0.9891607165336609,0.9717804789543152,0.9932565093040466,0.9709699153900146,0.9818844795227051,0.9792259335517883,0.9833454310894012,1
HP0796,HP0795,0,0.6225718855857849,0.7440899610519409,0.5340259671211243,0.4191676080226898,0.7796451449394226,0.6534979343414307,0.653338611125946,0.6661986112594604,0.5957185626029968,0.41209205985069275,0.608034634590149,1
HP0795,HP0794,1,0.994795560836792,0.9847277402877808,0.9604263305664062,0.9061242341995239,0.9780687093734741,0.9311971664428711,0.985190749168396,0.9046969413757324,0.95236736536026,0.8750486373901367,0.9472643435001373,1
HP0794,HP0793,1,0.994549036026001,0.9874364137649536,0.9895776510238647,0.9827535152435303,0.990440845489502,0.9766062498092651,0.9865574240684509,0.9856650233268738,0.9898449182510376,0.981889545917511,0.986532062292099,1
HP0793,HP0792,1,0.9953959584236145,0.9922177791595459,0.9925413727760315,0.9883003234863281,0.9907361268997192,0.9819263219833374,0.994027316570282,0.986528754234314,0.9910314083099365,0.9852511286735535,0.9897956490516663,1
HP0792,HP0791,1,0.9955771565437317,0.9857614636421204,0.9896242618560791,0.9792511463165283,0.9908813834190369,0.9694848656654358,0.9935277104377747,0.9885231256484985,0.9852461814880371,0.9826344847679138,0.9860511779785156,1
HP0791,HP0790,1,0.9940181970596313,0.9883865118026733,0.9847758412361145,0.9771948456764221,0.9892199635505676,0.9624447822570801,0.9907681345939636,0.96981281042099,0.9889231324195862,0.959195613861084,0.9804739832878113,1
HP0790,HP0789,1,0.4339448809623718,0.26261332631111145,0.4555496871471405,0.5229589343070984,0.4233735501766205,0.27646344900131226,0.1530742347240448,0.4387776255607605,0.1836710423231125,0.22949369251728058,0.3379920423030853,0
HP0777,HP0776,1,0.9931297302246094,0.9813970327377319,0.9767895936965942,0.9747655987739563,0.9769988059997559,0.9618136286735535,0.98161381483078,0.9380584359169006,0.9872398376464844,0.9683808088302612,0.9740187287330627,1
HP0776,HP0775,1,0.9843779802322388,0.9557669162750244,0.9374606013298035,0.9730240702629089,0.9477260112762451,0.9721312522888184,0.9550786018371582,0.9657279253005981,0.963010847568512,0.9680148959159851,0.9622319102287292,1
HP0775,HP0774,1,0.9933497905731201,0.9659593105316162,0.9708160758018494,0.9489086270332336,0.9798827171325684,0.9429492354393005,0.9820338487625122,0.970131516456604,0.9838910698890686,0.965642511844635,0.9703564703464508,1
HP0774,HP0773,1,0.9963889718055725,0.9908050894737244,0.9859453439712524,0.9693401455879211,0.9920487403869629,0.9608474373817444,0.9936249852180481,0.9710686206817627,0.9827471971511841,0.9693737626075745,0.9812190294265747,1
HP0773,HP0772,1,0.9254680275917053,0.6478450894355774,0.7762237191200256,0.7724323868751526,0.9233568906784058,0.7916985750198364,0.746013343334198,0.9032863974571228,0.5707927346229553,0.7557017803192139,0.7812818944454193,1
HP0772,HP0771,1,0.9745084643363953,0.9168729782104492,0.9317110180854797,0.8433722257614136,0.9583707451820374,0.8564531207084656,0.9505220055580139,0.9311625957489014,0.9445676803588867,0.8576316237449646,0.9165172457695008,1
HP0736,HP0735,1,0.9924860596656799,0.9853510856628418,0.9807432889938354,0.9825223088264465,0.9880678057670593,0.971984326839447,0.9856656193733215,0.9760802984237671,0.9785471558570862,0.9816985726356506,0.9823146522045135,1
HP0735,HP0734,1,0.9953430891036987,0.9617660045623779,0.9640325903892517,0.9553113579750061,0.9887857437133789,0.9691681265830994,0.9909018278121948,0.9624211192131042,0.893441379070282,0.9425858855247498,0.9623757123947143,1
HP0730,HP0729,1,0.9910072088241577,0.9696095585823059,0.9576138854026794,0.9613246917724609,0.9647932648658752,0.9663019776344299,0.987250566482544,0.9631614089012146,0.9641749858856201,0.9649575352668762,0.9690195083618164,1
HP0729,HP0728,1,0.9864521622657776,0.9533807039260864,0.9479652643203735,0.923812985420227,0.9607736468315125,0.9604600071907043,0.9579376578330994,0.9557834267616272,0.960294246673584,0.9317334890365601,0.9538593590259552,1
HP0728,HP0727,1,0.8843010663986206,0.8333176970481873,0.7560126781463623,0.780704915523529,0.8224425911903381,0.715835690498352,0.6312009692192078,0.8123605847358704,0.6416488289833069,0.6066603064537048,0.7484485328197479,1
HP0727,HP0726,1,0.9874539375305176,0.9751048684120178,0.9536231756210327,0.9865273237228394,0.9729917049407959,0.9705110788345337,0.9746789336204529,0.970900297164917,0.9742203950881958,0.9837775230407715,0.9749789237976074,1
HP0717,HP0716,1,0.9884353280067444,0.9785683751106262,0.9548627138137817,0.9844678640365601,0.9692143797874451,0.9467790126800537,0.9817621111869812,0.971211314201355,0.9614853858947754,0.9842464923858643,0.9721032977104187,1
HP0716,HP0715,1,0.9917078614234924,0.9820325970649719,0.9753910899162292,0.9592052102088928,0.9835578203201294,0.9740315079689026,0.9759684205055237,0.97743159532547,0.9861589670181274,0.9772348999977112,0.978271996974945,1
HP0715,HP0714,1,0.9919853806495667,0.9560472965240479,0.9634119868278503,0.9405558109283447,0.9769848585128784,0.9453859925270081,0.9861904978752136,0.9702122211456299,0.9473309516906738,0.9476776719093323,0.9625782668590546,1
HP0682,HP0681,1,0.9910620450973511,0.9757277965545654,0.9582766890525818,0.9630253314971924,0.9723571538925171,0.962141752243042,0.973681628704071,0.9676593542098999,0.9777271151542664,0.971699595451355,0.9713358461856842,1
HP0653,HP0652,1,0.9954787492752075,0.9701783061027527,0.9445865154266357,0.9228345155715942,0.9913043975830078,0.934091329574585,0.9934227466583252,0.9665738344192505,0.9670146107673645,0.9551818370819092,0.9640666842460632,1
HP0652,HP0651,1,0.9384170174598694,0.7822728753089905,0.7908539772033691,0.6510241031646729,0.9089893698692322,0.791454553604126,0.9139279127120972,0.9019712209701538,0.926255464553833,0.6702589988708496,0.8275425493717193,1
HP0624,HP0623,1,0.9872417449951172,0.9742006659507751,0.9528236389160156,0.9865610003471375,0.9723495244979858,0.9721595048904419,0.9731332063674927,0.9709850549697876,0.9747505187988281,0.9830639362335205,0.9747268795967102,1
HP0623,HP0622,1,0.9882965087890625,0.978357195854187,0.9549936056137085,0.9846494197845459,0.9701156616210938,0.9499210119247437,0.9814465045928955,0.9711109399795532,0.9629322290420532,0.9844394326210022,0.9726262509822845,1
HP0622,HP0621,1,0.9850208163261414,0.960683286190033,0.941087543964386,0.9793875217437744,0.9541451334953308,0.9731946587562561,0.9606632590293884,0.9687094688415527,0.966956615447998,0.9715755581855774,0.9661423861980438,1
HP0599,HP0598,1,0.9933076500892639,0.9879226088523865,0.9800848960876465,0.9653831124305725,0.9876212477684021,0.9670329093933105,0.990935742855072,0.9661644101142883,0.9748073816299438,0.9708349108695984,0.9784094870090485,1
HP0598,HP0597,1,0.9868119359016418,0.9723196029663086,0.9511961936950684,0.9860309958457947,0.9704915881156921,0.9742933511734009,0.9709101915359497,0.971541702747345,0.9746389389038086,0.9812542200088501,0.973948872089386,1
HP0584,HP0583,1,0.9864579439163208,0.9701200723648071,0.9493504762649536,0.9857031106948853,0.9678352475166321,0.974700391292572,0.9688938856124878,0.9709542989730835,0.9736831188201904,0.9794289469718933,0.9727127492427826,1
HP0583,HP0582,1,0.9873496294021606,0.9745021462440491,0.9531691074371338,0.986634373664856,0.9725854992866516,0.9714983105659485,0.9736483097076416,0.9708330631256104,0.9745745658874512,0.9833781719207764,0.9748173177242279,1
HP0582,HP0581,1,0.9931097030639648,0.9908653497695923,0.9852988123893738,0.9706690907478333,0.983147382736206,0.9664399027824402,0.9809359312057495,0.9863812923431396,0.9860715270042419,0.9792742729187012,0.9822193264961243,1
HP0581,HP0580,1,0.9873334169387817,0.9745743274688721,0.9532083868980408,0.986550509929657,0.9726248383522034,0.9715821743011475,0.9736732840538025,0.9710319638252258,0.9746280312538147,0.9833831787109375,0.9748590111732482,1
HP0580,HP0579,1,0.9931711554527283,0.9809693694114685,0.9902569055557251,0.9942042827606201,0.9878656268119812,0.9821388125419617,0.9719799160957336,0.9495041370391846,0.9933706521987915,0.982793927192688,0.9826254785060883,1
HP0579,HP0578,1,0.99379563331604,0.9894478917121887,0.9868230223655701,0.9722261428833008,0.9850264191627502,0.97862309217453,0.9928200244903564,0.9830905199050903,0.9903156161308289,0.9827069044113159,0.9854875266551971,1
HP0578,HP0577,0,0.8405317664146423,0.6789134740829468,0.4673987925052643,0.6631157994270325,0.6315467953681946,0.5487430691719055,0.4611791968345642,0.6418904662132263,0.3588343560695648,0.5242248773574829,0.5816378593444824,1
HP0577,HP0576,1,0.98739093542099,0.9749197363853455,0.9534923434257507,0.9864886403083801,0.9728561043739319,0.9709967374801636,0.9743026494979858,0.9710496664047241,0.9744197130203247,0.9836456179618835,0.974956214427948,1
HP0576,HP0575,1,0.9959083795547485,0.9898045659065247,0.9830666184425354,0.9706254601478577,0.9924104809761047,0.96845543384552,0.9958274364471436,0.9687095880508423,0.9604456424713135,0.9750374555587769,0.9800291061401367,1
HP0575,HP0574,1,0.9726375937461853,0.9090194702148438,0.9151979684829712,0.8601124286651611,0.9421089291572571,0.899803638458252,0.9016091227531433,0.9033485054969788,0.869748592376709,0.8612781167030334,0.9034864366054535,1
HP0574,HP0573,1,0.9052585363388062,0.8094820380210876,0.7348240613937378,0.6625421643257141,0.7234418392181396,0.6691839694976807,0.8318623304367065,0.8134105205535889,0.5273072123527527,0.5438548922538757,0.722116756439209,1
HP0573,HP0572,1,0.9014304876327515,0.728376030921936,0.7216425538063049,0.7378497123718262,0.8935338854789734,0.7299138307571411,0.7312162518501282,0.7758116722106934,0.7436808943748474,0.5771664977073669,0.7540621817111969,1
HP0572,HP0571,1,0.964553713798523,0.9404621720314026,0.9178277850151062,0.8573071956634521,0.9604043364524841,0.8884648084640503,0.9384071826934814,0.9491153359413147,0.8990879058837891,0.882922887802124,0.9198553323745727,1
HP0571,HP0570,1,0.9903388619422913,0.9364302158355713,0.9699304103851318,0.9398739337921143,0.9644292593002319,0.951866865158081,0.9700126051902771,0.9678677916526794,0.9654723405838013,0.943800151348114,0.9600022435188293,1
HP0570,HP0569,1,0.993028998374939,0.9885929226875305,0.979812502861023,0.9827651977539062,0.9907960891723633,0.9765337705612183,0.9872798323631287,0.9762693643569946,0.9826160073280334,0.9802409410476685,0.9837935626506805,1
HP0569,HP0568,1,0.8462387323379517,0.864598274230957,0.7348979115486145,0.5940028429031372,0.8479110598564148,0.5993992686271667,0.7742129564285278,0.8660100698471069,0.5707177519798279,0.5861823558807373,0.7284171223640442,1
HP0550,HP0549,1,0.9947494268417358,0.9878720045089722,0.9810978174209595,0.9684848189353943,0.9822745323181152,0.9526517987251282,0.987771213054657,0.9694747924804688,0.970775306224823,0.9609936475753784,0.9756145358085633,1
HP0549,HP0546,0,0.00028662444674409926,0.0003165416419506073,0.002854033140465617,0.0011511353077366948,0.0015444740420207381,0.003475669538602233,0.00206050300039351,0.00045287999091669917,0.0006595571176148951,0.0012156059965491295,0.0014017024222994223,0
HP0546,HP0545,1,0.9948666095733643,0.9942290186882019,0.9874941110610962,0.9887283444404602,0.9933353662490845,0.9839823246002197,0.9933691024780273,0.9798885583877563,0.9949882626533508,0.9857267141342163,0.9896608412265777,1
HP0545,HP0544,1,0.9696696996688843,0.7700661420822144,0.8256213665008545,0.8117600679397583,0.9316366314888,0.7645609974861145,0.9461873173713684,0.9399118423461914,0.8821747303009033,0.6603653430938721,0.8501954138278961,1
HP0544,HP0543,1,0.8792598247528076,0.7986539602279663,0.7722736597061157,0.7084697484970093,0.7482191324234009,0.5303385257720947,0.6378745436668396,0.5755353569984436,0.6506375670433044,0.5702297687530518,0.6871492087841033,1
HP0543,HP0542,1,0.9632956385612488,0.795596182346344,0.8732343316078186,0.7988672852516174,0.8249631524085999,0.8409540057182312,0.3824690580368042,0.7604105472564697,0.8171512484550476,0.7927463054656982,0.7849687755107879,1
HP0542,HP0541,1,0.9939931035041809,0.9928529262542725,0.9848372340202332,0.9876885414123535,0.9930487275123596,0.984061062335968,0.9882465600967407,0.9805634021759033,0.9946606159210205,0.9860421419143677,0.98859943151474,1
HP0541,HP0540,1,0.9939687848091125,0.9798889756202698,0.9773420095443726,0.9538899064064026,0.987396240234375,0.9401185512542725,0.9879931211471558,0.9615510106086731,0.9641420245170593,0.9559720754623413,0.9702262699604034,1
HP0540,HP0539,1,0.9876823425292969,0.9766231775283813,0.9546270370483398,0.9859177470207214,0.9734396934509277,0.9664690494537354,0.978259801864624,0.9712228775024414,0.972102165222168,0.9844948649406433,0.975083875656128,1
HP0530,HP0529,1,0.994559109210968,0.9812069535255432,0.9772380590438843,0.9650970697402954,0.9835229516029358,0.9642634987831116,0.9851434230804443,0.9648618102073669,0.9615449905395508,0.9666278958320618,0.9744065761566162,1
HP0529,HP0528,1,0.9698067903518677,0.9735181927680969,0.9374002814292908,0.932584285736084,0.9642414450645447,0.900905191898346,0.9239096641540527,0.9197515845298767,0.9235911965370178,0.928004801273346,0.9373713433742523,1
HP0528,HP0527,1,0.9941339492797852,0.9903721213340759,0.9862426519393921,0.9850898385047913,0.9942348599433899,0.984184741973877,0.9940613508224487,0.9683594703674316,0.9933212995529175,0.9788556694984436,0.9868855953216553,1
HP0527,HP0526,0,0.9455605745315552,0.8895202279090881,0.9259674549102783,0.8051150441169739,0.8175180554389954,0.9343222379684448,0.5478615164756775,0.7898192405700684,0.7881749272346497,0.8283666968345642,0.8272225975990295,1
HP0526,HP0525,1,0.9906734228134155,0.9572437405586243,0.9742430448532104,0.9401953816413879,0.9797183275222778,0.9649102687835693,0.965364933013916,0.9690206050872803,0.9703161120414734,0.9641729593276978,0.9675858795642853,1
HP0525,HP0524,1,0.9894648790359497,0.9838560819625854,0.9742364287376404,0.9682149887084961,0.9889757037162781,0.9828060865402222,0.9854090213775635,0.9720359444618225,0.9842063784599304,0.9762108325958252,0.9805416345596314,1
HP0496,HP0495,1,0.9876931309700012,0.9765266180038452,0.954561173915863,0.9860368967056274,0.9734483361244202,0.9667226672172546,0.9779741764068604,0.9710361361503601,0.9722073674201965,0.9844699501991272,0.9750676453113556,1
HP0470,HP0469,1,0.987576961517334,0.9784232378005981,0.9545495510101318,0.9838956594467163,0.9700777530670166,0.9518237709999084,0.9813438653945923,0.9723648428916931,0.9641457796096802,0.98419189453125,0.9728393316268921,1
HP0469,HP0468,1,0.9955540299415588,0.9908512830734253,0.9898384213447571,0.9797004461288452,0.9948074221611023,0.9770253896713257,0.9957084655761719,0.975779116153717,0.988344132900238,0.9797956943511963,0.9867404401302338,1
HP0468,HP0467,1,0.9881541132926941,0.9787686467170715,0.9550793766975403,0.9840816855430603,0.9691330194473267,0.9475271701812744,0.9818586111068726,0.9721384048461914,0.9619232416152954,0.9841617345809937,0.972282600402832,1
HP0467,HP0466,1,0.9941346645355225,0.9903365969657898,0.9815477132797241,0.954139769077301,0.9879716634750366,0.9745180010795593,0.9912643432617188,0.9687119126319885,0.9829303026199341,0.967599093914032,0.9793154060840606,1
HP0466,HP0465,1,0.9884207248687744,0.9246631264686584,0.9160169959068298,0.9225625395774841,0.9382410645484924,0.874731183052063,0.9705358147621155,0.9505850076675415,0.9303237795829773,0.7999021410942078,0.9215982377529144,1
HP0465,HP0464,1,0.9514843225479126,0.9027436375617981,0.9000113010406494,0.7901543974876404,0.87195885181427,0.7444422841072083,0.8687012195587158,0.7966253757476807,0.7783894538879395,0.7873326539993286,0.8391843497753143,1
HP0464,HP0463,1,0.9878497123718262,0.9773337244987488,0.9549655914306641,0.9854896068572998,0.9728401899337769,0.9618662595748901,0.9797759056091309,0.9710787534713745,0.9692928791046143,0.9847257137298584,0.9745218336582184,1
HP0444,HP0443,1,0.9887537956237793,0.9788081049919128,0.9546648263931274,0.9843172430992126,0.9676753878593445,0.9416525363922119,0.9821628928184509,0.9712178111076355,0.959217369556427,0.9839893579483032,0.9712459325790406,1
HP0443,HP0442,1,0.9874979853630066,0.9753008484840393,0.9537715911865234,0.9864997863769531,0.9730962514877319,0.970025360584259,0.975080668926239,0.9708563089370728,0.9740063548088074,0.9839180707931519,0.9750053226947785,1
HP0442,HP0441,1,0.984398365020752,0.9557198286056519,0.937502384185791,0.9730648994445801,0.9476082921028137,0.9720648527145386,0.9551106095314026,0.9656881093978882,0.9629937410354614,0.968074381351471,0.962222546339035,1
HP0441,HP0440,1,0.985174298286438,0.971430778503418,0.9700741767883301,0.9475501179695129,0.9731482267379761,0.9507910013198853,0.9689469933509827,0.9787179827690125,0.974969744682312,0.9574782252311707,0.9678281545639038,1
HP0403,HP0402,1,0.9863728284835815,0.9705231785774231,0.9492314457893372,0.9856076836585999,0.9683562517166138,0.9749269485473633,0.9691566824913025,0.9710103273391724,0.9737880825996399,0.9794954657554626,0.9728468894958496,1
HP0402,HP0401,1,0.9879375696182251,0.9755898714065552,0.9569041728973389,0.9089218974113464,0.9486209750175476,0.9245036840438843,0.9481386542320251,0.946873128414154,0.94853675365448,0.8949326872825623,0.9440959393978119,1
HP0401,HP0400,1,0.9876046180725098,0.9765732288360596,0.9545502662658691,0.9858436584472656,0.9734286665916443,0.9669052362442017,0.9779402613639832,0.9714340567588806,0.9724106192588806,0.9844699501991272,0.9751160562038421,1
HP0400,HP0399,0,0.8760421276092529,0.6441565752029419,0.7295598387718201,0.7250388264656067,0.7432165145874023,0.6785635352134705,0.5977598428726196,0.7550618052482605,0.6297935843467712,0.727203905582428,0.7106396555900574,1
HP0399,HP0398,1,0.9942094683647156,0.9956513047218323,0.9794499278068542,0.9755846858024597,0.9925296306610107,0.9674360752105713,0.9959490895271301,0.9684618711471558,0.983960747718811,0.9781427383422852,0.9831375539302826,1
HP0398,HP0397,1,0.9808667302131653,0.8691167831420898,0.891024112701416,0.8281435370445251,0.9015854597091675,0.9197104573249817,0.8408729434013367,0.8478235006332397,0.8754364252090454,0.8363489508628845,0.8790928900241852,1
HP0397,HP0396,1,0.9937065243721008,0.9836905002593994,0.9746804237365723,0.970441997051239,0.986411988735199,0.9704172015190125,0.9900780320167542,0.9582481384277344,0.9243452548980713,0.9631279706954956,0.9715148031711578,1
HP0396,HP0395,1,0.9902693033218384,0.9941861033439636,0.9650415182113647,0.9726209044456482,0.9909530878067017,0.9627082943916321,0.9953113794326782,0.9353179931640625,0.98297518491745,0.9760928153991699,0.9765476584434509,1
HP0395,HP0394,1,0.9704539179801941,0.8015438914299011,0.8682687282562256,0.8267772793769836,0.8633870482444763,0.7409493923187256,0.901129961013794,0.8999019861221313,0.8077241778373718,0.6537842154502869,0.833392059803009,1
HP0394,HP0393,1,0.9681892395019531,0.871895432472229,0.8747581839561462,0.7888053059577942,0.870171308517456,0.8115766048431396,0.8686815500259399,0.9431288838386536,0.7252155542373657,0.6546328663825989,0.8377054929733276,1
HP0393,HP0392,1,0.8843507170677185,0.6438281536102295,0.8054513931274414,0.6898496747016907,0.8303961157798767,0.8157642483711243,0.5462679862976074,0.6807942390441895,0.6766036152839661,0.6875282526016235,0.7260834395885467,1
HP0392,HP0391,1,0.9880393147468567,0.9791963696479797,0.9546521902084351,0.9835389256477356,0.9679055213928223,0.9447197318077087,0.9821177124977112,0.9726724624633789,0.9606803059577942,0.9835951924324036,0.9717117726802826,1
HP0391,HP0389,0,0.011220177635550499,0.00013375590788200498,0.011871262453496456,0.06305594742298126,0.01175657007843256,0.015733247622847557,0.006049508228898048,0.0034452490508556366,0.0024928972125053406,0.014881624840199947,0.014064024045364932,0
HP0389,HP0388,1,0.9692370295524597,0.9452828168869019,0.9313319325447083,0.8834569454193115,0.9595861434936523,0.8546739816665649,0.9777818322181702,0.954204261302948,0.9055392742156982,0.8573216795921326,0.9238415896892548,1
HP0382,HP0381,1,0.9871859550476074,0.977113664150238,0.9535920023918152,0.9850823283195496,0.9744517803192139,0.9695292711257935,0.9780052900314331,0.9725691676139832,0.973722517490387,0.9833945631980896,0.975464653968811,1
HP0375,HP0374,1,0.9869232177734375,0.9731020331382751,0.9517253637313843,0.986210823059082,0.9715489149093628,0.9741867184638977,0.9717742204666138,0.9715321063995361,0.9749065041542053,0.9816317558288574,0.9743541657924653,1
HP0364,HP0363,1,0.9965890645980835,0.9942716956138611,0.9889675974845886,0.9871755242347717,0.9951542019844055,0.9688581824302673,0.9964529871940613,0.9794350266456604,0.9835260510444641,0.9813806414604187,0.9871810972690582,1
HP0363,HP0362,1,0.9934238195419312,0.9726085066795349,0.9586844444274902,0.9508411884307861,0.9719235897064209,0.9616053700447083,0.9764887094497681,0.9519858360290527,0.9700121879577637,0.9541341066360474,0.9661707758903504,1
HP0362,HP0361,1,0.9875750541687012,0.9763347506523132,0.9544053673744202,0.9859766960144043,0.9735170006752014,0.9679985642433167,0.9772458672523499,0.9714229106903076,0.9730104207992554,0.9843204021453857,0.9751807034015656,1
HP0361,HP0358,0,0.0013695262605324388,0.0006240680813789368,0.0049792686477303505,0.003310291562229395,0.003918553236871958,0.012070924043655396,0.0020497445948421955,0.0007054304587654769,0.0006387577741406858,0.004690304398536682,0.0034356869058683515,0
HP0358,HP0357,1,0.9893084168434143,0.9723966717720032,0.9645895957946777,0.9548607468605042,0.9647737145423889,0.9430676698684692,0.9706760048866272,0.9362630248069763,0.9737401604652405,0.9568871855735779,0.9626563191413879,1
HP0357,HP0349,0,0.00028089515399187803,9.522239997750148e-05,0.0007266173488460481,0.0013681275304406881,0.0005527854664251208,0.003639870323240757,0.00044681577128358185,0.0014700832543894649,0.0002398578799329698,0.0006313282647170126,0.0009451603393245023,0
HP0349,HP0348,1,0.9905911087989807,0.9862602949142456,0.966719388961792,0.9479435682296753,0.9851393103599548,0.9514520764350891,0.9862642884254456,0.9792374968528748,0.9686495065689087,0.9682605862617493,0.9730517625808716,1
HP0348,HP0347,1,0.9876328706741333,0.9769636392593384,0.9547501802444458,0.9855633974075317,0.9734507203102112,0.9657406210899353,0.9790961146354675,0.9717019200325012,0.9717314839363098,0.9844729900360107,0.9751103937625885,1
HP0347,HP0329,0,0.0009386132005602121,9.074613626580685e-05,0.0032114051282405853,0.001144871348515153,0.0019165402045473456,0.008540844544768333,0.0027222924400120974,0.0005756864557042718,0.0003653558960650116,0.002126959152519703,0.002163331450719852,0
HP0329,HP0328,1,0.9872639775276184,0.9741301536560059,0.9528214931488037,0.9866306185722351,0.9723008275032043,0.9720640182495117,0.9730674624443054,0.9708623290061951,0.9747243523597717,0.9830703735351562,0.9746935606002808,1
HP0322,HP0321,1,0.987537145614624,0.9781230092048645,0.9551381468772888,0.9844934344291687,0.9727424383163452,0.9612952470779419,0.9805267453193665,0.9728707075119019,0.9691739082336426,0.9843430519104004,0.9746243834495545,1
HP0321,HP0320,1,0.8857287764549255,0.6406983137130737,0.6430615782737732,0.734269380569458,0.6946534514427185,0.6138185858726501,0.44005534052848816,0.6977468132972717,0.40403443574905396,0.4949646592140198,0.6249031335115433,1
HP0320,HP0319,1,0.9929147362709045,0.9870772361755371,0.9821548461914062,0.987474799156189,0.9898202419281006,0.986031711101532,0.9901862144470215,0.9632531404495239,0.9910509586334229,0.9806841015815735,0.9850647985935211,1
HP0319,HP0318,1,0.7665708661079407,0.7583765387535095,0.5945757627487183,0.6154991984367371,0.6975247263908386,0.7410920858383179,0.4742574691772461,0.6602001786231995,0.592854380607605,0.48654186725616455,0.6387493073940277,1
HP0316,HP0315,1,0.9874874949455261,0.9768510460853577,0.9546543955802917,0.9855666756629944,0.9742248058319092,0.969533383846283,0.9774855971336365,0.972436249256134,0.9738551378250122,0.9838725328445435,0.9755967319011688,1
HP0261,HP0260,1,0.9861664772033691,0.9683107733726501,0.9477136135101318,0.9851924777030945,0.9652963280677795,0.9744570851325989,0.9673758745193481,0.9704004526138306,0.9726757407188416,0.9781133532524109,0.9715702176094055,1
HP0260,HP0251,0,0.00038637936813756824,0.0003219800419174135,0.0014772871509194374,0.0010454499861225486,0.00025067239766940475,0.005260440520942211,0.0005210551898926497,0.0004372477123979479,0.0004628680180758238,0.00043062440818175673,0.001059400479425676,0
HP0251,HP0250,1,0.9917058348655701,0.9888728857040405,0.9786890149116516,0.9451858997344971,0.9918580651283264,0.9544816017150879,0.9940334558486938,0.984167754650116,0.9819891452789307,0.9598337411880493,0.9770817399024964,1
HP0250,HP0246,0,0.002256600419059396,0.003970464691519737,0.004828855395317078,0.00327192316763103,0.005874599330127239,0.016720861196517944,0.005705755669623613,0.004383481107652187,0.0013765766052529216,0.004084633197635412,0.005247375078033656,0
HP0246,HP0245,1,0.9877007007598877,0.978049099445343,0.9544644355773926,0.9844218492507935,0.9707468748092651,0.9538744688034058,0.9809085726737976,0.971535861492157,0.9650079607963562,0.9844731092453003,0.9731182932853699,1
HP0245,HP0244,1,0.9857028722763062,0.9666971564292908,0.9457492828369141,0.9838969111442566,0.9633625745773315,0.9749506711959839,0.966075599193573,0.9705618619918823,0.9715017676353455,0.9759545922279358,0.970445328950882,1
HP0244,HP0243,0,0.39152029156684875,0.20324145257472992,0.21955741941928864,0.3818618655204773,0.28426438570022583,0.30526843667030334,0.0913979709148407,0.14974470436573029,0.10436130315065384,0.17608973383903503,0.23073075637221335,0
HP0243,HP0242,1,0.9944033622741699,0.9944011569023132,0.9864732027053833,0.9890343546867371,0.9941158294677734,0.977840781211853,0.9944304823875427,0.9756256937980652,0.9953939318656921,0.9835368394851685,0.9885255634784699,1
HP0242,HP0241,1,0.9865153431892395,0.9751229882240295,0.9517209529876709,0.9778726100921631,0.9768856167793274,0.9771116375923157,0.9783945679664612,0.97248774766922,0.9750387072563171,0.9759469032287598,0.9747097074985505,1
HP0241,HP0240,1,0.9941714406013489,0.9844069480895996,0.9674326181411743,0.928841769695282,0.9869505167007446,0.9610608816146851,0.9815044403076172,0.9549171328544617,0.9671630859375,0.9478021860122681,0.9674251019954682,1
HP0240,HP0239,1,0.9869726300239563,0.9730978608131409,0.9517357349395752,0.9864862561225891,0.9713002443313599,0.9733476042747498,0.9715926051139832,0.9709217548370361,0.974787712097168,0.9821197986602783,0.9742362201213837,1
HP0239,HP0238,1,0.9856383204460144,0.9864971041679382,0.956764817237854,0.9592608213424683,0.9825491309165955,0.9748716354370117,0.9841054081916809,0.9722197651863098,0.9752464294433594,0.9742798805236816,0.9751433312892914,1
HP0238,HP0237,1,0.9905717372894287,0.9672889113426208,0.9659632444381714,0.934159517288208,0.9739035964012146,0.9315851926803589,0.9483662843704224,0.9529566764831543,0.9548460841178894,0.9427973628044128,0.9562438607215882,1
HP0237,HP0236,1,0.9879232048988342,0.9776663184165955,0.9550908803939819,0.9852548837661743,0.9724780321121216,0.959716796875,0.9802331924438477,0.9711664915084839,0.9680240154266357,0.984699547290802,0.9742253363132477,1
HP0213,HP0212,1,0.9902310967445374,0.9876790046691895,0.975257396697998,0.9790356159210205,0.9882493019104004,0.9744845032691956,0.9846484661102295,0.978669285774231,0.9779222011566162,0.9780178070068359,0.9814194679260254,1
HP0212,HP0211,1,0.8764427900314331,0.7370858788490295,0.525389552116394,0.5335829257965088,0.658088207244873,0.6291373372077942,0.39234039187431335,0.5626625418663025,0.63909912109375,0.4805905222892761,0.6034419268369675,1
HP0204,HP0193,0,0.00020057229266967624,8.361117215827107e-05,0.000574921490624547,0.00023777650494594127,0.00020244886400178075,0.005517263896763325,0.00034718558890745044,0.00018338004883844405,8.737075404496863e-05,0.0006419426645152271,0.0008076473277469631,0
HP0193,HP0192,1,0.9844448566436768,0.863667368888855,0.8767033219337463,0.922061562538147,0.9414154291152954,0.924311101436615,0.8596577048301697,0.955603301525116,0.9162097573280334,0.8714020848274231,0.9115476489067078,1
HP0192,HP0191,1,0.9862264394760132,0.9799329042434692,0.9560234546661377,0.9814658164978027,0.9713312983512878,0.9608336091041565,0.9815224409103394,0.9757326245307922,0.9703402519226074,0.9839439988136292,0.9747352838516236,1
HP0191,HP0190,1,0.9868033528327942,0.8960817456245422,0.9300556778907776,0.9087139368057251,0.9395225644111633,0.8031874299049377,0.9771101474761963,0.9680233597755432,0.9069637060165405,0.7739650011062622,0.9090426921844482,1
HP0174,HP0173,1,0.9874081611633301,0.9749802947044373,0.9535369873046875,0.9864997863769531,0.9729849696159363,0.9711354970932007,0.9744056463241577,0.9710968136787415,0.9744609594345093,0.9835840463638306,0.9750093162059784,1
HP0173,HP0172,1,0.9929162263870239,0.9683248400688171,0.976570188999176,0.9574766159057617,0.9874030947685242,0.9588592052459717,0.9891275763511658,0.9804867506027222,0.986558735370636,0.9694347977638245,0.9767158031463623,1
HP0172,HP0171,0,0.9464355707168579,0.9698984622955322,0.930558443069458,0.9131793975830078,0.9624276757240295,0.9022991061210632,0.9572467803955078,0.8973791003227234,0.8977417349815369,0.8488694429397583,0.9226035714149475,1
HP0171,HP0170,0,0.9508919715881348,0.7854675650596619,0.8277678489685059,0.8582324385643005,0.8533276319503784,0.7860287427902222,0.4427416920661926,0.8452810645103455,0.7625173330307007,0.7291104197502136,0.7841366708278656,1
HP0170,HP0169,1,0.9937727451324463,0.9916731119155884,0.9850378632545471,0.989482581615448,0.9928163290023804,0.9851895570755005,0.9908508062362671,0.9693472981452942,0.9925991892814636,0.9830252528190613,0.9873794734477996,1
HP0169,HP0168,1,0.9090901017189026,0.9575808644294739,0.8338097929954529,0.8113704919815063,0.8561815619468689,0.7680124640464783,0.8948654532432556,0.8562247157096863,0.868166983127594,0.6846567988395691,0.8439959228038788,1
HP0168,HP0167,1,0.9867745041847229,0.9725922346115112,0.9513040781021118,0.985484778881073,0.97059565782547,0.9746391773223877,0.9710481762886047,0.9723803400993347,0.9746225476264954,0.9811028242111206,0.9740544319152832,1
HP0163,HP0162,1,0.9873131513595581,0.976517915725708,0.9544618129730225,0.9852634072303772,0.9737655520439148,0.9695672988891602,0.9769246578216553,0.9729292988777161,0.9740447998046875,0.9840615391731262,0.9754849433898926,1
HP0139,HP0138,1,0.984935462474823,0.9646391868591309,0.9610117077827454,0.9483622312545776,0.9700279235839844,0.9699476361274719,0.9547735452651978,0.9749013781547546,0.9638199806213379,0.9736130833625793,0.9666032135486603,1
HP0138,HP0137,1,0.9876320362091064,0.9776763319969177,0.9547727704048157,0.9849944114685059,0.9727420806884766,0.9615151286125183,0.9800592064857483,0.9718331098556519,0.9691488742828369,0.9845396876335144,0.9744913637638092,1
HP0137,HP0136,1,0.9949183464050293,0.9887035489082336,0.9852890372276306,0.9799396395683289,0.986031711101532,0.9743842482566833,0.9842308759689331,0.9731022715568542,0.9887967109680176,0.9771491885185242,0.9832545578479767,1
HP0136,HP0133,0,0.005904051009565592,0.00031203791149891913,0.013690045103430748,0.03590051829814911,0.048808541148900986,0.014842054806649685,0.0042015318758785725,0.013346166349947453,0.0065998053178191185,0.019962983205914497,0.01635677350277547,0
HP0133,HP0132,1,0.9872797131538391,0.9751065969467163,0.9534695744514465,0.9861950874328613,0.973270058631897,0.9724535942077637,0.9742105007171631,0.9718793630599976,0.9749216437339783,0.9831144213676453,0.9751900553703308,1
HP0132,HP0121,0,0.00048185433843173087,0.0004891006392426789,0.0016644763527438045,0.001338695059530437,0.0013824683846905828,0.0041885459795594215,0.0010919299675151706,0.0008862269460223615,0.00045189185766503215,0.0008381570805795491,0.001281334660598077,0
HP0121,HP0120,1,0.9600708484649658,0.9023684859275818,0.9066227078437805,0.8800139427185059,0.9078879952430725,0.8496195077896118,0.824231743812561,0.8890142440795898,0.7896870970726013,0.8445631265640259,0.8754079699516296,1
HP0111,HP0110,1,0.9856261014938354,0.9769957661628723,0.9496316909790039,0.9815686345100403,0.9742457270622253,0.9707750678062439,0.9788757562637329,0.9727054238319397,0.9740426540374756,0.9811801910400391,0.9745647013187408,1
HP0110,HP0109,1,0.9477506875991821,0.9102563858032227,0.8916459083557129,0.816500186920166,0.9624428153038025,0.9149755835533142,0.9361106753349304,0.901201069355011,0.8920925259590149,0.8176634311676025,0.8990639269351959,1
HP0109,HP0107,0,0.04595017060637474,0.001301709096878767,0.09139006584882736,0.0890209972858429,0.11681900918483734,0.09611795097589493,0.03376181051135063,0.027954023331403732,0.00887854304164648,0.03936336189508438,0.055055764177814125,0
HP0107,HP0106,1,0.9817391633987427,0.9599801301956177,0.9659796953201294,0.9527477622032166,0.9696775674819946,0.9657148122787476,0.9476837515830994,0.9731025099754333,0.9611985087394714,0.9717322587966919,0.9649556159973145,1
HP0106,HP0105,1,0.9128092527389526,0.7588508129119873,0.8311132192611694,0.791060745716095,0.795150876045227,0.6610442996025085,0.6694991588592529,0.6842129230499268,0.6031700968742371,0.7270058989524841,0.7433917284011841,1
HP0103,HP0102,1,0.9731001853942871,0.9450366497039795,0.8685763478279114,0.7720240354537964,0.9619916081428528,0.7852309346199036,0.9349564909934998,0.9354462623596191,0.9013296961784363,0.7486525177955627,0.8826344728469848,1
HP0102,HP0098,0,0.0010521976510062814,0.00019825511844828725,0.004810919053852558,0.004635553807020187,0.006818746216595173,0.00727346446365118,0.0018201294587925076,0.000769331818446517,0.002015262609347701,0.0026718517765402794,0.0032065711973700674,0
HP0098,HP0097,1,0.8073886632919312,0.3824360966682434,0.4079975187778473,0.5455505847930908,0.4864806830883026,0.554361879825592,0.2783995568752289,0.6662030816078186,0.3264118731021881,0.552529513835907,0.500775945186615,1
HP0090,HP0089,1,0.9941610097885132,0.9471114873886108,0.9535298347473145,0.9240072965621948,0.9526433944702148,0.877082109451294,0.9715603590011597,0.9761831164360046,0.9431463479995728,0.8522460460662842,0.9391671001911164,1
HP0089,HP0088,0,0.7317335605621338,0.4996814727783203,0.5579222440719604,0.4284583032131195,0.6232723593711853,0.5678610801696777,0.29156294465065,0.31140995025634766,0.1626729518175125,0.4438430964946747,0.4618417963385582,0
HP0088,HP0087,1,0.9940629005432129,0.9934242963790894,0.9824598431587219,0.9713797569274902,0.9884525537490845,0.9700382947921753,0.9908707737922668,0.9697378873825073,0.9838588237762451,0.9732372760772705,0.9817522406578064,1
HP0087,HP0086,1,0.946268618106842,0.8992037773132324,0.8527774214744568,0.7363055944442749,0.9145219326019287,0.8566921353340149,0.8637282252311707,0.9041074514389038,0.8581164479255676,0.7254180312156677,0.855713963508606,1
HP0086,HP0085,1,0.9923242330551147,0.9868350028991699,0.974145233631134,0.9857723116874695,0.9839653372764587,0.9528467059135437,0.9899901151657104,0.9705801010131836,0.9741791486740112,0.9839155673980713,0.9794553756713867,1
HP0085,HP0084,0,0.1546059548854828,0.007672094274312258,0.07183287292718887,0.17461419105529785,0.04035358130931854,0.061715077608823776,0.006368815898895264,0.029762668535113335,0.05926631763577461,0.03560788556933403,0.06417994596995413,0
HP0084,HP0083,1,0.98750901222229,0.9771230816841125,0.9561505317687988,0.9847959280014038,0.9741103053092957,0.9720972776412964,0.9761263728141785,0.9746519923210144,0.9752094745635986,0.9839858412742615,0.9761759817600251,1
HP0073,HP0072,1,0.9924144744873047,0.9771971702575684,0.9799503087997437,0.9701293110847473,0.9819206595420837,0.9794116616249084,0.9781977534294128,0.9788546562194824,0.9835488796234131,0.9821637272834778,0.9803788602352143,1
HP0072,HP0071,1,0.5180163383483887,0.4536128044128418,0.34373214840888977,0.444766640663147,0.4015296399593353,0.43132248520851135,0.31981971859931946,0.4205937087535858,0.18921582400798798,0.29940879344940186,0.3822018101811409,0
HP0071,HP0070,1,0.9969629645347595,0.9945417046546936,0.9888958930969238,0.9851721525192261,0.9932909607887268,0.9679267406463623,0.9958657622337341,0.9735194444656372,0.9880539774894714,0.9804349541664124,0.9864664554595948,1
HP0070,HP0069,1,0.9923951029777527,0.9771905541419983,0.9598649740219116,0.9341886043548584,0.9740889072418213,0.9525198936462402,0.9774273037910461,0.9485922455787659,0.9536874294281006,0.9431102871894836,0.9613065302371979,1
HP0069,HP0068,1,0.9871615171432495,0.9801081418991089,0.940857470035553,0.938941478729248,0.9784372448921204,0.9575717449188232,0.9729936718940735,0.9637137651443481,0.9631761312484741,0.9753685593605042,0.9658329725265503,1
HP0068,HP0067,1,0.9859411120414734,0.9770292043685913,0.950177788734436,0.9809184074401855,0.9765720367431641,0.9763410687446594,0.9759432077407837,0.9742791652679443,0.9751397371292114,0.9797092080116272,0.9752050936222076,1
HP0067,HP0056,0,0.04626048356294632,0.00799234863370657,0.04820708557963371,0.03914259001612663,0.011583643965423107,0.07355178147554398,0.0019359465222805738,0.006633451208472252,0.006700184196233749,0.006850902456790209,0.02488584176171571,0
HP0056,HP0055,1,0.9903649091720581,0.9484394192695618,0.8566262125968933,0.8487026691436768,0.9706085920333862,0.8682600259780884,0.9650750160217285,0.9776768088340759,0.9577585458755493,0.798168957233429,0.9181681156158448,1
HP0055,HP0054,1,0.9906210899353027,0.9877171516418457,0.9740484952926636,0.9567968249320984,0.9844987392425537,0.9626694917678833,0.9915009140968323,0.9678335189819336,0.9743757843971252,0.9641935229301453,0.9754255533218383,1
HP0054,HP0053,1,0.9873974323272705,0.9775905013084412,0.9552642703056335,0.9843976497650146,0.9736159443855286,0.9657408595085144,0.9802230596542358,0.9736400842666626,0.9721801280975342,0.9840070009231567,0.9754056930541992,1
HP0049,HP0048,1,0.9861664772033691,0.9710608720779419,0.9492210149765015,0.9842920303344727,0.971322774887085,0.97705078125,0.9711772799491882,0.9729589223861694,0.9743026494979858,0.9778357744216919,0.9735388576984405,1
HP0048,HP0047,1,0.9666438102722168,0.9299808740615845,0.8857014179229736,0.8074464201927185,0.9335110783576965,0.9030959606170654,0.9158450961112976,0.916691243648529,0.8826391696929932,0.8668874502182007,0.9008442521095276,1
HP0047,HP0030,0,0.0004059640341438353,4.936047116643749e-05,0.0018033344531431794,0.001707162824459374,0.00019873357086908072,0.0068411631509661674,0.0006176066817715764,0.001202939311042428,0.000395594077417627,0.0003964948409702629,0.001361835341594997,0
HP0030,HP0029,1,0.969023585319519,0.711901068687439,0.8174273371696472,0.8514285087585449,0.9184804558753967,0.7086989879608154,0.8976138234138489,0.9620944857597351,0.8165143728256226,0.7393377423286438,0.8392520368099212,1
HP0022,HP0021,1,0.9899479746818542,0.9509516358375549,0.9421728253364563,0.8933871388435364,0.9343283772468567,0.9246569871902466,0.9434707760810852,0.924048125743866,0.9313319325447083,0.8772434592247009,0.9311539232730865,1
HP0021,HP0011,0,5.5985201470321044e-05,5.246177170192823e-05,0.00023394728486891836,0.00019025489746127278,3.6595749406842515e-05,0.0012852015206590295,8.853536564856768e-05,8.352820441359654e-05,7.086610276019201e-05,0.0001288361381739378,0.00022262122365646064,0
HP0011,HP0010,1,0.9919804334640503,0.9792582988739014,0.9775866866111755,0.967955470085144,0.9740003943443298,0.9692406058311462,0.9842138290405273,0.9799582362174988,0.9744324684143066,0.9768255949020386,0.9775452017784119,1
HP0010,HP0004,0,0.0012765086721628904,0.00022112885199021548,0.0027544836048036814,0.006069272756576538,0.0006855861283838749,0.008653908967971802,0.0008889180026017129,0.0004605846479535103,0.0001293764653382823,0.001463096821680665,0.0022602864919463173,0
HP0004,HP0003,1,0.9915059208869934,0.9905465245246887,0.9795934557914734,0.9712983965873718,0.9801994562149048,0.9784340858459473,0.984687328338623,0.9618877172470093,0.9857083559036255,0.9804375171661377,0.9804298758506775,1
HP0003,HP0002,1,0.9948706030845642,0.9623729586601257,0.9718823432922363,0.9714728593826294,0.9843152165412903,0.9577648043632507,0.9650395512580872,0.939382791519165,0.9786927700042725,0.9597116112709045,0.9685505509376526,1
HP0002,HP0001,1,0.9915481209754944,0.9813003540039062,0.9844760298728943,0.9889082312583923,0.986732542514801,0.9769819974899292,0.9816991090774536,0.9699780941009521,0.9910141825675964,0.9772680401802063,0.9829906702041626,1
HP0001,HP1590,0,0.0038369407411664724,0.0010733481030911207,0.011622093617916107,0.015420730225741863,0.0029581082053482533,0.016597863286733627,0.020534077659249306,0.0022415791172534227,0.002006819937378168,0.005296895280480385,0.008158845617435873,0
