name_1,name_2,true,prob_0,prob_1,prob_2,prob_3,prob_4,prob_5,prob_6,prob_7,prob_8,prob_9,prob,pred
BSU00010,BSU00020,1,0.7133820056915283,0.7058328986167908,0.8796008825302124,0.24358640611171722,0.7446745038032532,0.8184261322021484,0.7209832668304443,0.6222628355026245,0.5528458952903748,0.36621904373168945,0.6367813870310783,1
BSU00020,BSU00030,1,0.3609763979911804,0.2893293797969818,0.40182605385780334,0.042660925537347794,0.24316272139549255,0.36646443605422974,0.35649213194847107,0.17606306076049805,0.16687297821044922,0.1831573098897934,0.25870053954422473,0
BSU00030,BSU00040,1,0.9488137364387512,0.9531420469284058,0.9439350962638855,0.959368109703064,0.9358932375907898,0.9315401911735535,0.9379620552062988,0.9032853245735168,0.9565239548683167,0.9622116684913635,0.9432675421237946,1
BSU00040,BSU00050,1,0.9672319293022156,0.9541664123535156,0.9923253059387207,0.9882323145866394,0.8941171765327454,0.9591520428657532,0.9907292723655701,0.9486002922058105,0.9040251970291138,0.9715664982795715,0.9570146441459656,1
BSU00050,BSU00060,1,0.841425359249115,0.934116005897522,0.9451394081115723,0.9619647860527039,0.9122161269187927,0.9283515810966492,0.8072002530097961,0.9081707000732422,0.8914827108383179,0.9650656580924988,0.909513258934021,1
BSU00060,BSU00070,1,0.7604138255119324,0.6826853156089783,0.9493443965911865,0.8126707673072815,0.6915624737739563,0.81574946641922,0.7474461197853088,0.6713282465934753,0.6850462555885315,0.8581671714782715,0.7674414038658142,1
BSU00090,BSU00100,0,0.5846855044364929,0.36021333932876587,0.7217932939529419,0.2071082442998886,0.3643696904182434,0.6394303441047668,0.5727336406707764,0.43965429067611694,0.41626232862472534,0.2854181230068207,0.4591668799519539,0
BSU00100,BSU00110,1,0.7225548624992371,0.7453207969665527,0.9392207860946655,0.834401547908783,0.8303417563438416,0.8437645435333252,0.8520927429199219,0.6008474826812744,0.6025757193565369,0.949917197227478,0.7921037435531616,1
BSU00110,BSU00120,1,0.9888362884521484,0.9879480004310608,0.9863970279693604,0.9847388863563538,0.972778856754303,0.9858853816986084,0.9893683195114136,0.9787470698356628,0.9848366379737854,0.9854658842086792,0.9845002353191376,1
BSU00190,BSU00200,1,0.9864628911018372,0.9853789210319519,0.9892105460166931,0.9840007424354553,0.9585861563682556,0.9809752702713013,0.9975744485855103,0.9654772877693176,0.9489935040473938,0.9837483167648315,0.9780408084392548,1
BSU00200,BSU00210,1,0.9851521849632263,0.9284833669662476,0.9870098233222961,0.983086109161377,0.8788642287254333,0.9453743696212769,0.9930722117424011,0.9334810376167297,0.9514164924621582,0.9050131440162659,0.9490952968597413,1
BSU00210,BSU00220,1,0.9794223308563232,0.9882799386978149,0.9819121360778809,0.9890885949134827,0.9738345146179199,0.9810131192207336,0.9910593628883362,0.9681786298751831,0.9807823300361633,0.9850161075592041,0.9818587064743042,1
BSU00220,BSU00230,1,0.6895788311958313,0.7843532562255859,0.8958852291107178,0.8797956705093384,0.7519384026527405,0.8786569833755493,0.9101725220680237,0.6853023171424866,0.7723299264907837,0.8577555418014526,0.8105768680572509,1
BSU00240,BSU00250,0,0.5745090246200562,0.3498119115829468,0.43647506833076477,0.40020909905433655,0.32066330313682556,0.661679208278656,0.4019666910171509,0.3555116057395935,0.46873950958251953,0.5538307428359985,0.45233961641788484,0
BSU00250,BSU00260,1,0.9862515926361084,0.9874283671379089,0.989747941493988,0.9775793552398682,0.9524174332618713,0.9783151149749756,0.9908800721168518,0.9686464071273804,0.9869177937507629,0.9816281199455261,0.9799812197685241,1
BSU00260,BSU00270,0,0.7105774879455566,0.8860759139060974,0.8642073273658752,0.7522616982460022,0.7625119090080261,0.8810156583786011,0.8525458574295044,0.7558817863464355,0.9156893491744995,0.856075644493103,0.8236842632293702,1
BSU00270,BSU00280,1,0.9907521605491638,0.9849197268486023,0.9867807626724243,0.9742721915245056,0.9701896905899048,0.9833373427391052,0.9942110180854797,0.9775523543357849,0.9771583676338196,0.9865351915359497,0.982570880651474,1
BSU00280,BSU00290,1,0.8963655233383179,0.9457736611366272,0.9510254263877869,0.962276041507721,0.8847837448120117,0.9649224281311035,0.9675162434577942,0.9140581488609314,0.9543614387512207,0.9426225423812866,0.9383705198764801,1
BSU00290,BSU00300,1,0.9897288084030151,0.9794037342071533,0.9882373809814453,0.9917755126953125,0.9722576141357422,0.9899342656135559,0.9941980838775635,0.9799147844314575,0.9865854382514954,0.9852253794670105,0.9857261002063751,1
BSU00300,BSU00310,1,0.9799319505691528,0.9841514229774475,0.9637222290039062,0.9868935942649841,0.9738500714302063,0.964603841304779,0.9941123127937317,0.9653024673461914,0.9724239110946655,0.9624889492988586,0.9747480750083923,1
BSU00310,BSU00320,1,0.9888904094696045,0.9900387525558472,0.9963363409042358,0.986112654209137,0.9817396402359009,0.9864059686660767,0.9973587989807129,0.9864532351493835,0.9778184294700623,0.9886393547058105,0.9879793584346771,1
BSU00320,BSU00330,1,0.9899869561195374,0.9909014701843262,0.9902842044830322,0.9917989373207092,0.9831421375274658,0.989977240562439,0.997384250164032,0.9774590134620667,0.983766496181488,0.9854011535644531,0.988010185956955,1
BSU00330,BSU00340,1,0.8480562567710876,0.9076616168022156,0.9141152501106262,0.8044016361236572,0.9118316173553467,0.8962589502334595,0.9243125319480896,0.8337630033493042,0.8041290640830994,0.9464191198348999,0.8790949046611786,1
BSU00340,BSU00350,1,0.9916793704032898,0.9866809248924255,0.9914287328720093,0.9836729168891907,0.9716553688049316,0.9935386180877686,0.994978129863739,0.9829509258270264,0.981764018535614,0.9841643571853638,0.9862513363361358,1
BSU00350,BSU00360,1,0.987601101398468,0.9832941293716431,0.9739862680435181,0.9789133667945862,0.9541783332824707,0.9843400120735168,0.9782232046127319,0.9843674302101135,0.9785485863685608,0.9887498021125793,0.9792202234268188,1
BSU00360,BSU00380,0,0.013407272286713123,0.039106786251068115,0.04859130084514618,0.01243787445127964,0.012341887690126896,0.03634411841630936,0.02596399188041687,0.012685294263064861,0.01290145143866539,0.006086908280849457,0.02198668858036399,0
BSU00400,BSU00410,0,0.47828206419944763,0.3283843398094177,0.31012701988220215,0.09487337619066238,0.4293900430202484,0.39936313033103943,0.461261123418808,0.23384511470794678,0.24570530652999878,0.2930305004119873,0.32742620185017585,0
BSU00410,BSU00420,1,0.9886428713798523,0.9784185886383057,0.9854461550712585,0.9786112308502197,0.9463796615600586,0.984101414680481,0.9823107123374939,0.9821322560310364,0.9755368828773499,0.9838314652442932,0.978541123867035,1
BSU00420,BSU00430,0,0.7953047752380371,0.5820512175559998,0.7171242833137512,0.6501107811927795,0.6611230969429016,0.7684953212738037,0.7403244376182556,0.5585009455680847,0.562936544418335,0.8454761505126953,0.6881447553634643,1
BSU00430,BSU00440,0,0.19355757534503937,0.12058279663324356,0.2630886435508728,0.3329010009765625,0.3492230474948883,0.4619140625,0.23452043533325195,0.35927221179008484,0.14787936210632324,0.2914312779903412,0.27543704137206076,0
BSU00440,BSU00450,1,0.1607666015625,0.09034395217895508,0.07418779283761978,0.007013531867414713,0.04740341752767563,0.19569459557533264,0.10855165868997574,0.06045513600111008,0.03518185019493103,0.05440446734428406,0.08340030037797988,0
BSU00450,BSU00460,0,0.24303361773490906,0.3971809446811676,0.06343913078308105,0.16150425374507904,0.41807466745376587,0.3845309019088745,0.3671838343143463,0.08715261518955231,0.45557400584220886,0.08944527804851532,0.26671192497015,0
BSU00460,BSU00470,1,0.825106680393219,0.882888674736023,0.8887871503829956,0.9222052693367004,0.8722181916236877,0.8665249347686768,0.836876392364502,0.840258002281189,0.8144004344940186,0.8233016729354858,0.8572567403316498,1
BSU00470,BSU00480,1,0.989096462726593,0.9824370741844177,0.9897953867912292,0.9809632301330566,0.9572920203208923,0.98895663022995,0.9914185404777527,0.9821763634681702,0.9782790541648865,0.9766398668289185,0.9817054629325866,1
BSU00480,BSU00490,0,0.41215142607688904,0.29685425758361816,0.9225870370864868,0.15912145376205444,0.34358516335487366,0.5237686634063721,0.5761488676071167,0.3916091024875641,0.44600576162338257,0.5690791606903076,0.4640910893678665,0
BSU00490,BSU00500,1,0.4337446093559265,0.42556679248809814,0.2072746902704239,0.3384306728839874,0.264670193195343,0.4725192189216614,0.1711055487394333,0.3287995159626007,0.4094754159450531,0.2281389683485031,0.3279725626111031,0
BSU00500,BSU00510,1,0.9752703905105591,0.9827142953872681,0.9854583740234375,0.9708734750747681,0.9426062107086182,0.9700025916099548,0.9955587387084961,0.9623739719390869,0.9640575647354126,0.9753962159156799,0.9724311828613281,1
BSU00510,BSU00520,1,0.9109005928039551,0.9689383506774902,0.9544705748558044,0.9779521226882935,0.9447469711303711,0.9701142907142639,0.9729649424552917,0.9374284148216248,0.9627535343170166,0.9132933020591736,0.9513563096523285,1
BSU00520,BSU00530,1,0.7696511149406433,0.5454827547073364,0.8144498467445374,0.5530804395675659,0.7044932246208191,0.6556366682052612,0.6123173832893372,0.5887411236763,0.4367174208164215,0.7449936270713806,0.6425563603639602,1
BSU00530,BSU00540,1,0.8670823574066162,0.884891927242279,0.8818284869194031,0.879494309425354,0.870311439037323,0.906112790107727,0.900977373123169,0.7420499324798584,0.8328289985656738,0.8095340132713318,0.8575111627578735,1
BSU00540,BSU00550,1,0.9305810928344727,0.9342296719551086,0.9192971587181091,0.9474872946739197,0.9421716928482056,0.9105579257011414,0.9436003565788269,0.9275962710380554,0.9546802043914795,0.90809565782547,0.9318297326564788,1
BSU00550,BSU00560,1,0.960355281829834,0.9624072909355164,0.9343204498291016,0.9742682576179504,0.9264335632324219,0.9410514235496521,0.9781578779220581,0.9266968369483948,0.9585295915603638,0.9621943831443787,0.9524414956569671,1
BSU00560,BSU00570,0,0.5856367349624634,0.4465307295322418,0.5556225180625916,0.3762778043746948,0.49603933095932007,0.6386761665344238,0.6927556991577148,0.5057641863822937,0.42623791098594666,0.5360066294670105,0.5259547710418702,1
BSU00570,BSU00580,1,0.9849940538406372,0.9543585181236267,0.9797238111495972,0.9466707706451416,0.9257890582084656,0.9645490050315857,0.984037458896637,0.9775962233543396,0.9696228504180908,0.9741367697715759,0.9661478519439697,1
BSU00580,BSU00590,1,0.9881526827812195,0.9882630705833435,0.987714409828186,0.9914343953132629,0.9725317358970642,0.9699376821517944,0.9967033267021179,0.9820079207420349,0.9703153967857361,0.9850549697875977,0.9832115590572357,1
BSU00590,BSU00600,1,0.41272661089897156,0.4359548091888428,0.4994560480117798,0.22733543813228607,0.38293299078941345,0.44354212284088135,0.4218110144138336,0.4045044481754303,0.33655238151550293,0.6271152496337891,0.4191931113600731,0
BSU00600,BSU00610,1,0.9884583950042725,0.9892334938049316,0.9743402600288391,0.9830901622772217,0.9619296789169312,0.9902668595314026,0.9788408875465393,0.9739122986793518,0.9859520196914673,0.9873200058937073,0.9813344061374665,1
BSU00610,BSU00620,1,0.973655641078949,0.9882996082305908,0.9911628365516663,0.9904788732528687,0.9737796187400818,0.9808216094970703,0.9963786602020264,0.9838353395462036,0.9848952889442444,0.9704522490501404,0.9833759725093841,1
BSU00620,BSU00630,1,0.7152026295661926,0.7273176312446594,0.9213652014732361,0.8976339101791382,0.8088859915733337,0.9188127517700195,0.8166589736938477,0.8748445510864258,0.8179665207862854,0.9261918663978577,0.8424880027770996,1
BSU00640,BSU00650,1,0.8714146614074707,0.9682356119155884,0.9759331345558167,0.9598103761672974,0.9002902507781982,0.9277828335762024,0.9640774130821228,0.8964345455169678,0.9290464520454407,0.8806313872337341,0.9273656666278839,1
BSU00650,BSU00660,1,0.9868183135986328,0.9758865237236023,0.9622737169265747,0.9714957475662231,0.9350677132606506,0.9819979667663574,0.9662840962409973,0.9676402807235718,0.9789532423019409,0.9665345549583435,0.9692952156066894,1
BSU00660,BSU00670,0,0.8202546834945679,0.9232028126716614,0.7170030474662781,0.9621697664260864,0.8674197793006897,0.9045882225036621,0.4758058786392212,0.8642251491546631,0.8909381031990051,0.9101465940475464,0.8335754036903381,1
BSU00670,BSU00680,1,0.9909040927886963,0.9866228103637695,0.9908894300460815,0.9804349541664124,0.9668640494346619,0.9899242520332336,0.9870160818099976,0.9856370687484741,0.9794501662254333,0.9833197593688965,0.9841062664985657,1
BSU00680,BSU00690,1,0.8321895599365234,0.9407549500465393,0.9537865519523621,0.9675219058990479,0.8938235640525818,0.9252612590789795,0.8940374255180359,0.9106915593147278,0.8922041654586792,0.9702097773551941,0.9180480718612671,1
BSU00690,BSU00700,0,0.7596027255058289,0.46155160665512085,0.6483990550041199,0.12700805068016052,0.43649736046791077,0.6676305532455444,0.6755412817001343,0.48581650853157043,0.4051259756088257,0.5867122411727905,0.5253885358572006,1
BSU00700,BSU00710,1,0.9914990663528442,0.9897986650466919,0.9854161739349365,0.986987829208374,0.9717526435852051,0.984818696975708,0.9927400350570679,0.986371636390686,0.9844828844070435,0.9876136779785156,0.9861481308937072,1
BSU00710,BSU00720,1,0.948710024356842,0.9469262957572937,0.9709054231643677,0.978241503238678,0.935002863407135,0.9668985605239868,0.9525606036186218,0.9286618232727051,0.9523140788078308,0.9704132676124573,0.9550634443759918,1
BSU00720,BSU00730,1,0.770301878452301,0.8474969863891602,0.8677435517311096,0.8498004674911499,0.8422669172286987,0.8023037910461426,0.7942765951156616,0.6626831293106079,0.730911374092102,0.7828172445297241,0.7950601935386657,1
BSU00730,BSU00740,0,0.6713324189186096,0.6665792465209961,0.7840408086776733,0.5397711396217346,0.6072720289230347,0.6588684916496277,0.6582484245300293,0.4428403079509735,0.38256239891052246,0.6877705454826355,0.6099285811185837,1
BSU00740,BSU00750,1,0.9739789366722107,0.9689207673072815,0.9755566120147705,0.978092610836029,0.9500177502632141,0.943523645401001,0.9448003768920898,0.9567322134971619,0.9561900496482849,0.950261652469635,0.9598074615001678,1
BSU00750,BSU00760,1,0.9891259670257568,0.9868091344833374,0.9809218049049377,0.9819890260696411,0.9611822366714478,0.9897849559783936,0.9782601594924927,0.9725603461265564,0.9855887293815613,0.9885359406471252,0.981475830078125,1
BSU00760,BSU00770,1,0.9884096384048462,0.9904898405075073,0.9814200401306152,0.979233980178833,0.9659274220466614,0.9789441227912903,0.9858976006507874,0.9735453128814697,0.9768633842468262,0.9853848218917847,0.9806116163730622,1
BSU00770,BSU00780,1,0.9889818429946899,0.9776216745376587,0.9843837022781372,0.9781105518341064,0.9668895602226257,0.9884225726127625,0.9864835739135742,0.9741067886352539,0.9799953103065491,0.9863876104354858,0.9811383187770844,1
BSU00780,BSU00790,1,0.989983856678009,0.9786372184753418,0.9776773452758789,0.9784023761749268,0.9613038301467896,0.9896270632743835,0.9767420887947083,0.9796308279037476,0.9858038425445557,0.984214186668396,0.9802022635936737,1
BSU00790,BSU00800,1,0.9870448708534241,0.9795823693275452,0.9798559546470642,0.9748876690864563,0.9552159309387207,0.978079617023468,0.9700759053230286,0.9804844260215759,0.9714512825012207,0.9861768484115601,0.9762854874134064,1
BSU00800,BSU00810,1,0.9731928110122681,0.9708892107009888,0.9901940226554871,0.9877372980117798,0.9682977199554443,0.9490367770195007,0.9869481325149536,0.8822059631347656,0.9770470261573792,0.9193985462188721,0.9604947507381439,1
BSU00810,BSU00820,1,0.8851476907730103,0.9550207257270813,0.9640223979949951,0.9757809638977051,0.9282223582267761,0.9360036849975586,0.8926717638969421,0.9292627573013306,0.9240451455116272,0.9556960463523865,0.9345873534679413,1
BSU00830,BSU00840,1,0.9886837601661682,0.9865520596504211,0.9903720021247864,0.9875509738922119,0.9643324613571167,0.9791102409362793,0.9908542037010193,0.9864694476127625,0.9843174815177917,0.9732327461242676,0.9831475377082824,1
BSU00840,BSU00850,1,0.989841639995575,0.9830873608589172,0.9835939407348633,0.9858492016792297,0.9703615307807922,0.9928865432739258,0.9787191152572632,0.9881176948547363,0.9853814244270325,0.9873164296150208,0.9845154881477356,1
BSU00850,BSU00860,1,0.9891325831413269,0.9833530783653259,0.9833671450614929,0.9858090281486511,0.9700066447257996,0.9936894178390503,0.9775605201721191,0.9879977107048035,0.985650897026062,0.9880304336547852,0.9844597458839417,1
BSU00860,BSU00870,1,0.7922839522361755,0.7940137982368469,0.9770531058311462,0.5786964297294617,0.8519790768623352,0.8513941168785095,0.8847328424453735,0.6928349733352661,0.7555474042892456,0.9501156210899353,0.8128651320934296,1
BSU00870,BSU00880,1,0.9881641268730164,0.9910865426063538,0.9916523098945618,0.9908771514892578,0.9709238409996033,0.9850882291793823,0.996252715587616,0.9865453243255615,0.9846394062042236,0.9869066476821899,0.9872136294841767,1
BSU00880,BSU00890,1,0.7644190788269043,0.8460012674331665,0.8574484586715698,0.8981031179428101,0.8739884495735168,0.9543750882148743,0.7993179559707642,0.8740474581718445,0.9091956615447998,0.9431942105293274,0.8720090746879577,1
BSU00890,BSU00900,1,0.9906435012817383,0.992061197757721,0.9949851632118225,0.9898911118507385,0.9707673192024231,0.9867437481880188,0.9982168078422546,0.987116813659668,0.982774019241333,0.9847780466079712,0.9877977728843689,1
BSU00900,BSU00910,1,0.9923346042633057,0.98328697681427,0.9837948679924011,0.983799934387207,0.9756366610527039,0.99442458152771,0.9861109256744385,0.9883342385292053,0.9843800663948059,0.9883320927619934,0.986043494939804,1
BSU00910,BSU00920,0,0.601108968257904,0.8176682591438293,0.7267850637435913,0.8367425203323364,0.8807114362716675,0.8216254711151123,0.6959013938903809,0.6443429589271545,0.7999301552772522,0.7201918959617615,0.754500812292099,1
BSU00920,BSU00930,1,0.43071117997169495,0.43507933616638184,0.9561132788658142,0.4877718687057495,0.6700758337974548,0.7140685319900513,0.8423143625259399,0.5506054759025574,0.5471862554550171,0.7598368525505066,0.6393762975931168,1
BSU00930,BSU00940,1,0.9891701936721802,0.984679102897644,0.9834232926368713,0.9857727885246277,0.9708518385887146,0.9950370788574219,0.9813030958175659,0.9884888529777527,0.9853671789169312,0.9888360500335693,0.9852929472923279,1
BSU00940,BSU00950,1,0.9912413954734802,0.9928783774375916,0.9851934313774109,0.9878193736076355,0.9806216955184937,0.9841969609260559,0.9957271218299866,0.9684520363807678,0.9816010594367981,0.9863321185112,0.9854063570499421,1
BSU00950,BSU00960,1,0.9902285933494568,0.9842490553855896,0.983644425868988,0.9856818318367004,0.9725090861320496,0.9950685501098633,0.9828492403030396,0.9889054298400879,0.9854033589363098,0.9886552691459656,0.985719484090805,1
BSU00960,BSU00970,1,0.9878817796707153,0.9915580749511719,0.9864130020141602,0.9889833927154541,0.9745184183120728,0.9783480167388916,0.99436354637146,0.9823036193847656,0.9831107258796692,0.9834379553794861,0.9850918531417847,1
BSU01150,BSU01160,1,0.9553461670875549,0.9406529068946838,0.987499475479126,0.9771787524223328,0.8931074738502502,0.9479929804801941,0.9648444652557373,0.8389840722084045,0.9702762961387634,0.8984943628311157,0.9374376952648162,1
BSU01160,BSU01170,1,0.9356565475463867,0.9598876237869263,0.9951329231262207,0.9322695136070251,0.8854265809059143,0.9500594139099121,0.9413912296295166,0.9210861921310425,0.9557752013206482,0.9751213788986206,0.9451806604862213,1
BSU01170,BSU01180,1,0.9899377226829529,0.9784197211265564,0.9761130809783936,0.9774027466773987,0.9537704586982727,0.9814510941505432,0.9853717684745789,0.9784722328186035,0.9757615327835083,0.9814938902854919,0.97781942486763,1
BSU01180,BSU01190,1,0.9657440781593323,0.9929904937744141,0.9673367738723755,0.9817295670509338,0.9759754538536072,0.968218207359314,0.9833031296730042,0.8496269583702087,0.9776192307472229,0.9664210081100464,0.9628964900970459,1
BSU01190,BSU01200,1,0.9042300581932068,0.941695511341095,0.9528017044067383,0.9677592515945435,0.8971936106681824,0.9448546171188354,0.9703373908996582,0.9318527579307556,0.8715936541557312,0.9772250056266785,0.9359543561935425,1
BSU01200,BSU01210,1,0.8833319544792175,0.886913537979126,0.9806730151176453,0.8879925012588501,0.8945497870445251,0.9552276134490967,0.9596431255340576,0.6657070517539978,0.9653864502906799,0.909706711769104,0.89891317486763,1
BSU01210,BSU01220,1,0.992204487323761,0.9913080334663391,0.9957108497619629,0.9869754314422607,0.9671830534934998,0.9869890213012695,0.9964028596878052,0.9905195832252502,0.9870845675468445,0.9920918941497803,0.9886469781398773,1
BSU01220,BSU01230,1,0.9865283966064453,0.9574205279350281,0.9630106091499329,0.9734904170036316,0.9548278450965881,0.9713291525840759,0.9772463440895081,0.9452706575393677,0.9402974247932434,0.9540825486183167,0.9623503923416138,1
BSU01230,BSU01240,1,0.9920393824577332,0.975970447063446,0.9802482724189758,0.9804757833480835,0.9629132747650146,0.9854261875152588,0.9867730140686035,0.9797202348709106,0.976819634437561,0.9868608713150024,0.980724710226059,1
BSU01240,BSU01250,1,0.8577456474304199,0.9481076002120972,0.9569630026817322,0.9421045184135437,0.8931414484977722,0.9623192548751831,0.9455795288085938,0.8508793115615845,0.963828444480896,0.941369891166687,0.926203864812851,1
BSU01250,BSU01260,1,0.9119160771369934,0.9462454319000244,0.8816164135932922,0.910990834236145,0.9170352220535278,0.9533807039260864,0.9442687034606934,0.8291870951652527,0.8904670476913452,0.9642906188964844,0.9149398148059845,1
BSU01260,BSU01270,1,0.9116130471229553,0.9383589625358582,0.9437181353569031,0.9710685014724731,0.8809895515441895,0.9665714502334595,0.9494801163673401,0.9164177179336548,0.9527585506439209,0.9782544374465942,0.9409230470657348,1
BSU01270,BSU01280,1,0.8222225904464722,0.9865416884422302,0.9699228405952454,0.965985119342804,0.9235407114028931,0.9727141261100769,0.9813746809959412,0.7445456981658936,0.9630563259124756,0.9280830025672913,0.9257986783981323,1
BSU01280,BSU01290,1,0.9721660017967224,0.9908718466758728,0.9894882440567017,0.9911832809448242,0.9779947996139526,0.9862828850746155,0.9930622577667236,0.975022554397583,0.9793825149536133,0.9477434158325195,0.9803197801113128,1
BSU01290,BSU01300,1,0.768115758895874,0.7656890749931335,0.9815066456794739,0.6435410380363464,0.8221772909164429,0.8281877040863037,0.7693209648132324,0.6193720102310181,0.6292068958282471,0.9182153344154358,0.7745332717895508,1
BSU01300,BSU01310,1,0.9508318901062012,0.9751195311546326,0.9856051802635193,0.9847338199615479,0.95905601978302,0.973116397857666,0.9915543794631958,0.9700601696968079,0.9664171934127808,0.9911909699440002,0.9747685551643371,1
BSU01310,BSU01320,1,0.9467005729675293,0.9610196352005005,0.9573239684104919,0.9800239205360413,0.9283143877983093,0.95976722240448,0.9198712110519409,0.9511876702308655,0.9312697649002075,0.9812821745872498,0.9516760528087616,1
BSU01320,BSU01330,1,0.9261785745620728,0.913111686706543,0.9858047962188721,0.9322536587715149,0.9419733285903931,0.9464524388313293,0.9870803356170654,0.7749821543693542,0.9607648253440857,0.898760974407196,0.9267362773418426,1
BSU01330,BSU01340,1,0.9783153533935547,0.9840312600135803,0.9877656698226929,0.9866253137588501,0.9733675122261047,0.980985164642334,0.9917107820510864,0.9797268509864807,0.9787734150886536,0.9837434887886047,0.9825044810771942,1
BSU01340,BSU01350,1,0.8632829785346985,0.8748518824577332,0.9219605326652527,0.9455578327178955,0.8858404755592346,0.8669779896736145,0.9147230982780457,0.7874840497970581,0.9343401789665222,0.955700695514679,0.8950719714164734,1
BSU01350,BSU01360,1,0.9805585145950317,0.9860782027244568,0.9736631512641907,0.9884607791900635,0.9715389609336853,0.9687129259109497,0.9936476349830627,0.9818922281265259,0.9752741456031799,0.9879375696182251,0.9807764112949371,1
BSU01730,BSU01740,1,0.9920661449432373,0.9948598146438599,0.9905283451080322,0.9936074614524841,0.9857913255691528,0.9923379421234131,0.9983229637145996,0.9887046217918396,0.9837161898612976,0.9872364401817322,0.9907171249389648,1
BSU01810,BSU01820,1,0.9908387660980225,0.972541332244873,0.9760847091674805,0.9786507487297058,0.9505122303962708,0.9851893186569214,0.9791431427001953,0.9781515002250671,0.9755826592445374,0.9755144119262695,0.9762208819389343,1
BSU01820,BSU01830,0,0.04402780160307884,0.06917203217744827,0.053326353430747986,0.02779047191143036,0.09207520633935928,0.09384623169898987,0.031945936381816864,0.012922235764563084,0.027155030518770218,0.004161888267844915,0.04564231880940497,0
BSU01860,BSU01870,1,0.5959312915802002,0.6318506598472595,0.7373968362808228,0.8586467504501343,0.631214439868927,0.7910147905349731,0.7480087280273438,0.5935088396072388,0.5248686671257019,0.8056945204734802,0.6918135523796082,1
BSU01870,BSU01880,1,0.8598417639732361,0.9145665168762207,0.9416481256484985,0.9645339250564575,0.9166141748428345,0.9460992813110352,0.9316272139549255,0.9044808745384216,0.9433375000953674,0.940107524394989,0.9262856900691986,1
BSU01890,BSU01900,0,0.8925275206565857,0.5996339321136475,0.6726602911949158,0.46426573395729065,0.533419668674469,0.7607199549674988,0.7611035108566284,0.569398820400238,0.6277725100517273,0.5364334583282471,0.6417935401201248,1
BSU01900,BSU01910,1,0.016899481415748596,0.05139157921075821,0.05039124935865402,0.034601740539073944,0.01438936684280634,0.033266499638557434,0.03936716541647911,0.022931043058633804,0.0046234880574047565,0.03169247508049011,0.029955408861860634,0
BSU01950,BSU01960,1,0.8968960046768188,0.9206738471984863,0.924109697341919,0.9187649488449097,0.9303226470947266,0.9083830118179321,0.9460505843162537,0.8090015053749084,0.9205535650253296,0.8790085911750793,0.9053764402866363,1
BSU01960,BSU01970,1,0.798994779586792,0.8445796370506287,0.9431375861167908,0.9077678918838501,0.7456459403038025,0.9199111461639404,0.8929495811462402,0.8367898464202881,0.8850433230400085,0.872127890586853,0.8646947622299195,1
BSU01970,BSU01980,1,0.9837931394577026,0.9893571138381958,0.9825766086578369,0.9806502461433411,0.9296708106994629,0.9670900106430054,0.9727947115898132,0.9765187501907349,0.9757341146469116,0.9271312355995178,0.9685316741466522,1
BSU02050,BSU02060,0,0.8100144863128662,0.5477299094200134,0.6038826107978821,0.1390611082315445,0.5398654341697693,0.6902832388877869,0.3873286247253418,0.569133996963501,0.47735467553138733,0.3690904676914215,0.5133744552731514,1
BSU02060,BSU02070,1,0.9695766568183899,0.7476223111152649,0.7456555366516113,0.11836125701665878,0.5330407023429871,0.829277753829956,0.6487830877304077,0.6132402420043945,0.733104944229126,0.6715869903564453,0.6610249482095242,1
BSU02070,BSU02080,1,0.9261673092842102,0.9806003570556641,0.9581812024116516,0.9593926668167114,0.9518540501594543,0.9775193929672241,0.9321669340133667,0.9627906084060669,0.9571709036827087,0.9557543992996216,0.9561597824096679,1
BSU02080,BSU02100,0,0.003654115367680788,0.0071131521835923195,0.0191251989454031,0.004989186767488718,0.011923983693122864,0.02276516892015934,0.005357679445296526,0.010488320142030716,0.012256558984518051,0.003936423920094967,0.010160978836938738,0
BSU02100,BSU02120,0,0.0776883065700531,0.11610635370016098,0.14193303883075714,0.030323844403028488,0.03322212025523186,0.1304585486650467,0.2613225281238556,0.0650983452796936,0.040817227214574814,0.27473804354667664,0.11717083565890789,0
BSU02120,BSU02150,0,0.0028842922765761614,0.0029700016602873802,0.002632725518196821,0.011106590740382671,0.002812586259096861,0.014016997069120407,0.0014856912894174457,0.002068591071292758,0.005982629489153624,0.001062470837496221,0.004702257621102035,0
BSU02150,BSU02160,1,0.4523773193359375,0.40280482172966003,0.5094055533409119,0.5559037923812866,0.5598408579826355,0.645156741142273,0.399204283952713,0.5315244793891907,0.5467104315757751,0.43086740374565125,0.5033795684576035,1
BSU02160,BSU02170,1,0.9858384728431702,0.963149905204773,0.967252254486084,0.9636950492858887,0.9251071810722351,0.9771439433097839,0.9778546690940857,0.9786943793296814,0.9750257134437561,0.9591759443283081,0.9672937512397766,1
BSU02440,BSU02450,1,0.9786952137947083,0.9574425220489502,0.9668694734573364,0.9725083112716675,0.929758608341217,0.9535719156265259,0.9676368236541748,0.9092375040054321,0.9677801132202148,0.9327834248542786,0.9536283910274506,1
BSU02450,BSU02460,0,0.43884244561195374,0.27955159544944763,0.37822094559669495,0.14805816113948822,0.3586217761039734,0.4222748577594757,0.4228527247905731,0.27782920002937317,0.23882417380809784,0.2675061523914337,0.32325820326805116,0
BSU02460,BSU02470,1,0.9664962887763977,0.9655717015266418,0.9804083108901978,0.98211270570755,0.9181376695632935,0.9371152520179749,0.9844661951065063,0.9626045227050781,0.938447117805481,0.9464877247810364,0.9581847488880157,1
BSU02470,BSU02480,1,0.8892150521278381,0.9663581848144531,0.9433117508888245,0.9781805276870728,0.9446612596511841,0.9506173729896545,0.9654891490936279,0.8632193803787231,0.9326114058494568,0.9645550847053528,0.9398219168186188,1
BSU02480,BSU02490,1,0.9830495119094849,0.9557152986526489,0.983661949634552,0.9720308780670166,0.9461898803710938,0.9626388549804688,0.9933195114135742,0.9604273438453674,0.936882734298706,0.9774414300918579,0.967135739326477,1
BSU02490,BSU02500,1,0.7599905729293823,0.81224524974823,0.8596817851066589,0.9536682367324829,0.823434591293335,0.8677812814712524,0.7947039008140564,0.6241281628608704,0.8174034357070923,0.8220598697662354,0.8135097086429596,1
BSU02500,BSU02510,1,0.8594260811805725,0.7423004508018494,0.8878639340400696,0.5546653866767883,0.7991825938224792,0.7947278022766113,0.7227579951286316,0.5544257760047913,0.6605080962181091,0.7874704003334045,0.7363328516483307,1
BSU02510,BSU02520,1,0.6743710041046143,0.643944263458252,0.7213928699493408,0.784620463848114,0.6697005033493042,0.770051121711731,0.6887555718421936,0.5401465892791748,0.6898058652877808,0.7151499390602112,0.6897938191890717,1
BSU02530,BSU02540,1,0.9742122888565063,0.9800839424133301,0.9512048363685608,0.9790342450141907,0.9330748915672302,0.9593432545661926,0.9780793190002441,0.965574324131012,0.976826012134552,0.989529550075531,0.968696266412735,1
BSU02540,BSU02550,0,0.5733078122138977,0.385743111371994,0.5598899722099304,0.12931448221206665,0.31951040029525757,0.661670446395874,0.6854466199874878,0.2814655303955078,0.3213338255882263,0.383893758058548,0.43015759587287905,0
BSU02550,BSU02560,1,0.9792365431785583,0.9394763112068176,0.9574142098426819,0.9577385783195496,0.8890661597251892,0.9317026138305664,0.9614729881286621,0.9449357986450195,0.9055963158607483,0.9744776487350464,0.9441117167472839,1
BSU02560,BSU02570,1,0.9198030829429626,0.9443131685256958,0.973368227481842,0.9409564733505249,0.8679803609848022,0.9627530574798584,0.9418604969978333,0.9404827356338501,0.9060778021812439,0.9474439024925232,0.9345039308071137,1
BSU02570,BSU02580,1,0.9640397429466248,0.9571934938430786,0.9656873941421509,0.9427223801612854,0.920268177986145,0.9447798728942871,0.9800586104393005,0.8952382802963257,0.9332457184791565,0.9388880729675293,0.9442121744155884,1
BSU02580,BSU02600,0,0.015068622305989265,0.022890793159604073,0.024273347109556198,0.0070954873226583,0.008095686323940754,0.029276449233293533,0.028530782088637352,0.010601199232041836,0.009699970483779907,0.002061200328171253,0.015759353758767247,0
BSU02600,BSU02610,0,0.24212326109409332,0.320552259683609,0.22990275919437408,0.12375908344984055,0.4519078731536865,0.5388844013214111,0.3440972864627838,0.3636704087257385,0.3148546814918518,0.18495628237724304,0.3114708296954632,0
BSU02770,BSU02790,0,0.10581520944833755,0.06082362309098244,0.053847022354602814,0.20395860075950623,0.10800768435001373,0.23523978888988495,0.07404473423957825,0.03052561730146408,0.1283886730670929,0.16466295719146729,0.11653139106929303,0
BSU02850,BSU02860,1,0.8798606991767883,0.9232069849967957,0.9537084698677063,0.9108303785324097,0.9163320660591125,0.8982093930244446,0.9403249621391296,0.8974468111991882,0.8982444405555725,0.929249107837677,0.9147413313388825,1
BSU02860,BSU02870,1,0.9912258386611938,0.9860257506370544,0.9886968731880188,0.9858272075653076,0.963467001914978,0.9846318960189819,0.9892818927764893,0.9838456511497498,0.9741932153701782,0.9913157224655151,0.9838511049747467,1
BSU02870,BSU02890,0,0.028729010373353958,0.06557828933000565,0.10482533276081085,0.031058315187692642,0.016486549749970436,0.042567893862724304,0.029287686571478844,0.02350924350321293,0.006680467631667852,0.018801743164658546,0.0367524532135576,0
BSU02890,BSU02900,1,0.9669985771179199,0.9881279468536377,0.9895881414413452,0.9882965087890625,0.95570969581604,0.9850595593452454,0.994764506816864,0.9744411706924438,0.9793927669525146,0.9797651767730713,0.9802144050598145,1
BSU02900,BSU02910,1,0.9774678349494934,0.974693238735199,0.9814084768295288,0.9872028231620789,0.9682236313819885,0.9732169508934021,0.9958714246749878,0.9796110987663269,0.977238655090332,0.9661405682563782,0.9781074702739716,1
BSU02910,BSU02920,1,0.9173629879951477,0.9459874033927917,0.9265272617340088,0.949508547782898,0.9301853179931641,0.9054118990898132,0.979038417339325,0.8323932886123657,0.9074525833129883,0.850476861000061,0.9144344568252564,1
BSU02920,BSU02930,1,0.8246036171913147,0.8111547231674194,0.9622505903244019,0.7522367238998413,0.8526812195777893,0.779438853263855,0.9445451498031616,0.723740816116333,0.6352254152297974,0.8441956639289856,0.8130072772502899,1
BSU02930,BSU02940,1,0.99062180519104,0.9880947470664978,0.9883856773376465,0.9870162010192871,0.9778011441230774,0.9877352714538574,0.9970376491546631,0.9741837978363037,0.9822937250137329,0.983589231967926,0.9856759250164032,1
BSU02940,BSU02950,1,0.5612344741821289,0.4038242995738983,0.6374468207359314,0.20767344534397125,0.38276615738868713,0.493609756231308,0.5858301520347595,0.2579870820045471,0.15102103352546692,0.5178562998771667,0.41992495208978653,0
BSU02950,BSU02980,0,0.0012032956583425403,0.011806003749370575,0.013934978283941746,0.0012072984827682376,0.002386160660535097,0.008345440961420536,0.011070029810070992,0.004260447807610035,0.004725896753370762,0.002102674450725317,0.0061042226618155835,0
BSU02980,BSU02990,1,0.9815539121627808,0.9902828931808472,0.9802653193473816,0.9865525364875793,0.9598143696784973,0.9629849195480347,0.9951139688491821,0.9703771471977234,0.9727732539176941,0.9687564373016357,0.9768474757671356,1
BSU02990,BSU03000,1,0.9914584159851074,0.9857943654060364,0.9880406856536865,0.9827107787132263,0.9671459197998047,0.9925634860992432,0.9908781051635742,0.985490083694458,0.9820113182067871,0.9899351000785828,0.9856028258800507,1
BSU03000,BSU03020,0,0.022926172241568565,0.023201625794172287,0.025348976254463196,0.004246207419782877,0.00821258220821619,0.031976934522390366,0.04252072796225548,0.02861170284450054,0.012637616135179996,0.008225852623581886,0.02079083980061114,0
BSU03020,BSU03030,0,0.495201051235199,0.5609527230262756,0.3298272490501404,0.27227041125297546,0.6930698156356812,0.7248109579086304,0.6245278120040894,0.38640013337135315,0.45969149470329285,0.5016230344772339,0.5048374682664871,1
BSU03030,BSU03040,0,0.5835763216018677,0.8438258171081543,0.3411947190761566,0.6144564151763916,0.7555803060531616,0.42864370346069336,0.37607133388519287,0.11896950751543045,0.505709171295166,0.15836824476718903,0.47263955399394036,0
BSU03040,BSU03050,0,0.449128657579422,0.3477301299571991,0.1522713005542755,0.20095962285995483,0.4540165066719055,0.5218405723571777,0.24468320608139038,0.23985418677330017,0.44686198234558105,0.3164234459400177,0.3373769611120224,0
BSU03050,BSU03060,1,0.9885232448577881,0.9700384140014648,0.9933314919471741,0.9908067584037781,0.9533973336219788,0.9697794914245605,0.9841022491455078,0.9605398774147034,0.9698188900947571,0.9800158739089966,0.9760353624820709,1
BSU03060,BSU03080,0,0.010890963487327099,0.02108100615441799,0.015397146344184875,0.006827268283814192,0.00895622093230486,0.0380149781703949,0.009839736856520176,0.017338108271360397,0.013477497734129429,0.028287125751376152,0.017011005198583007,0
BSU03080,BSU03090,1,0.8345211148262024,0.8987067341804504,0.8942699432373047,0.9034761190414429,0.8002861738204956,0.8861009478569031,0.8727813959121704,0.8721120357513428,0.8239842653274536,0.9414879679679871,0.8727726697921753,1
BSU03090,BSU03100,1,0.8852208852767944,0.9466156363487244,0.9449795484542847,0.9467208981513977,0.8619251847267151,0.9666328430175781,0.9636409282684326,0.8621634244918823,0.9283513426780701,0.8604090213775635,0.9166659712791443,1
BSU03100,BSU03120,0,0.005021850112825632,0.010491249151527882,0.011477812193334103,0.0014010132290422916,0.0033119311556220055,0.02536618895828724,0.004457795526832342,0.004399881232529879,0.013285446912050247,0.0015497806016355753,0.00807629490736872,0
BSU03180,BSU03190,0,0.7865029573440552,0.8790258169174194,0.8989948034286499,0.7855973243713379,0.8106728196144104,0.9318109750747681,0.8687953948974609,0.7914804816246033,0.9048497080802917,0.830509603023529,0.8488239884376526,1
BSU03190,BSU03200,1,0.24955721199512482,0.14488591253757477,0.2786758244037628,0.0805143490433693,0.20450377464294434,0.4512169063091278,0.26197153329849243,0.21731194853782654,0.23865926265716553,0.07334892451763153,0.22006456479430198,0
BSU03200,BSU03210,1,0.9721524119377136,0.9675745368003845,0.9665414690971375,0.9805428385734558,0.9532530903816223,0.9535592794418335,0.9876790046691895,0.9708282947540283,0.9569085836410522,0.9733478426933289,0.9682387351989746,1
BSU03210,BSU03220,1,0.61909419298172,0.843878448009491,0.8926579356193542,0.6148640513420105,0.8270227909088135,0.7106115818023682,0.8299340009689331,0.6974733471870422,0.6469814777374268,0.6500200629234314,0.733253788948059,1
BSU03220,BSU03230,1,0.8546695709228516,0.5761217474937439,0.6194223761558533,0.14615650475025177,0.49026766419410706,0.6092543601989746,0.640239953994751,0.4573425054550171,0.5733016729354858,0.3911363184452057,0.5357912674546241,1
BSU03230,BSU03270,0,0.0010138226207345724,0.005253282375633717,0.01091424748301506,0.004298328422009945,0.0023537715896964073,0.006365352775901556,0.00273795984685421,0.002708528656512499,0.0037921203766018152,0.000992676941677928,0.004043009108863771,0
BSU03340,BSU03350,1,0.9882925152778625,0.9729976654052734,0.9797218441963196,0.9631884098052979,0.9635066986083984,0.9857217669487,0.977914035320282,0.96173095703125,0.980429470539093,0.9694291353225708,0.9742932498455048,1
BSU03700,BSU03710,1,0.9885470271110535,0.9791417121887207,0.9872562885284424,0.9796556234359741,0.9560749530792236,0.9789441227912903,0.9755517244338989,0.9756871461868286,0.9763237237930298,0.9664596915245056,0.9763642013072967,1
BSU03710,BSU03720,1,0.9566661715507507,0.9726120829582214,0.9571477174758911,0.9712204933166504,0.858695924282074,0.9616848230361938,0.963112473487854,0.8753952383995056,0.9742822051048279,0.8888663649559021,0.9379683494567871,1
BSU03720,BSU03750,0,0.000858860497828573,0.007959498092532158,0.004763785284012556,0.0011639195727184415,0.009112934581935406,0.010288389399647713,0.006723870988935232,0.0037780688144266605,0.005165314767509699,0.0009927441133186221,0.005080738611286506,0
BSU03750,BSU03760,1,0.988548219203949,0.9823184609413147,0.9882341027259827,0.9810705780982971,0.9576993584632874,0.9862114191055298,0.9846858978271484,0.981665313243866,0.9800032377243042,0.9854304194450378,0.9815867006778717,1
BSU03760,BSU03770,1,0.7186325788497925,0.779475212097168,0.8225228190422058,0.6423450708389282,0.750308096408844,0.8298555612564087,0.8485838770866394,0.7726377248764038,0.6859697699546814,0.8536274433135986,0.770395815372467,1
BSU03770,BSU03780,1,0.986912190914154,0.9806675314903259,0.9788818359375,0.9664437770843506,0.9756173491477966,0.9905073046684265,0.9896926879882812,0.9764838218688965,0.9768447875976562,0.9895792007446289,0.9811630487442017,1
BSU03780,BSU03800,0,0.0006460363510996103,0.006753127556294203,0.0028566850814968348,0.0007574621704407036,0.0010501258075237274,0.002468895399942994,0.0038740909658372402,0.0025135623291134834,0.0016374749829992652,0.0011147529585286975,0.0023672213603276758,0
BSU03800,BSU03810,1,0.9901597499847412,0.9847851395606995,0.9833616018295288,0.9791152477264404,0.9601852893829346,0.983106255531311,0.986936628818512,0.9801902174949646,0.9785746932029724,0.987913191318512,0.9814328014850616,1
BSU03810,BSU03820,1,0.9901828169822693,0.9775680303573608,0.9904029369354248,0.9809214472770691,0.9598586559295654,0.991172194480896,0.991284191608429,0.9818799495697021,0.9807687997817993,0.983649492263794,0.982768851518631,1
BSU03820,BSU03830,1,0.9421712160110474,0.9753907322883606,0.9793574810028076,0.9868954420089722,0.9524282217025757,0.9741727709770203,0.9935803413391113,0.9512172937393188,0.97457355260849,0.9690206050872803,0.9698807656764984,1
BSU03830,BSU03880,0,0.0003836855466943234,0.0030228157993406057,0.0018582562915980816,7.967832789290696e-05,0.0013758459826931357,0.004182688891887665,0.0048016817308962345,0.0016772839007899165,0.0031001814641058445,0.00017322806525044143,0.0020655346001149156,0
BSU03880,BSU03900,0,0.002796124666929245,0.01105676218867302,0.013423834927380085,0.0020937230437994003,0.003922655712813139,0.013280147686600685,0.024853283539414406,0.004554973915219307,0.008739442564547062,0.0021187944803386927,0.008683974272571504,0
BSU03900,BSU03910,1,0.7000290751457214,0.8524546027183533,0.8393791913986206,0.8670336008071899,0.8238895535469055,0.895257294178009,0.8513492941856384,0.6363217234611511,0.820059597492218,0.8297845125198364,0.8115558445453643,1
BSU03910,BSU03920,0,0.5254738330841064,0.3639368414878845,0.6217325329780579,0.09207537770271301,0.2889905571937561,0.3173847198486328,0.38254666328430176,0.20506297051906586,0.2132251262664795,0.2571367919445038,0.3267565414309502,0
BSU03920,BSU03930,1,0.9702039957046509,0.9637945890426636,0.9588664174079895,0.9658570289611816,0.9051358103752136,0.9539706707000732,0.9826164841651917,0.9304987788200378,0.9524633288383484,0.9706741571426392,0.955408126115799,1
BSU03930,BSU03970,0,0.0002745198435150087,0.0012265717377886176,0.00028736237436532974,0.00118021119851619,0.00528840022161603,0.007791971322149038,0.000574937672354281,0.0007827496156096458,0.0012540676398202777,0.000894763448741287,0.0019555555074475704,0
BSU04000,BSU04010,0,0.4832887053489685,0.5349563360214233,0.6620691418647766,0.21164223551750183,0.41700097918510437,0.44997626543045044,0.4096905589103699,0.3349115252494812,0.16755862534046173,0.1526409238576889,0.38237352967262267,0
BSU04010,BSU04030,0,0.006356718484312296,0.0060684410855174065,0.00804504007101059,0.0039491206407547,0.006962110288441181,0.0236701350659132,0.022792799398303032,0.0056525943800807,0.011791570112109184,0.0013627904700115323,0.009665131999645383,0
BSU04030,BSU04040,0,0.22470785677433014,0.21417474746704102,0.24899204075336456,0.14940215647220612,0.2492811232805252,0.2751220166683197,0.07116452604532242,0.08675658702850342,0.2085437774658203,0.027864255011081696,0.17560090869665146,0
BSU04040,BSU04050,0,0.6710495948791504,0.29399728775024414,0.47021692991256714,0.07586849480867386,0.3114071786403656,0.5524360537528992,0.3888198733329773,0.3371005952358246,0.3195912539958954,0.3474321663379669,0.37679194286465645,0
BSU04050,BSU04060,0,0.9878183007240295,0.9834092259407043,0.9619459509849548,0.9751632213592529,0.9609505534172058,0.9689320921897888,0.9842175245285034,0.9762752056121826,0.9791118502616882,0.9819480776786804,0.9759772002696991,1
BSU04060,BSU04070,1,0.9608475565910339,0.9863647818565369,0.9619839787483215,0.9863864183425903,0.9521591663360596,0.9695985913276672,0.9894376397132874,0.9463867545127869,0.9748165607452393,0.9758836030960083,0.9703865051269531,1
BSU04070,BSU04080,1,0.9076199531555176,0.9609227180480957,0.9637781381607056,0.9539185762405396,0.9163399934768677,0.9271142482757568,0.9677765369415283,0.9468395113945007,0.9336942434310913,0.9703086018562317,0.9448312520980835,1
BSU04080,BSU04090,1,0.9636384844779968,0.9671943187713623,0.9551087617874146,0.9709308743476868,0.8928413987159729,0.939441442489624,0.9772437810897827,0.9321351051330566,0.9365912079811096,0.9393038153648376,0.9474429190158844,1
BSU04090,BSU04100,1,0.9857643246650696,0.9777589440345764,0.9853106737136841,0.9808865785598755,0.9210470914840698,0.9633644223213196,0.9924523234367371,0.9671388864517212,0.9675222635269165,0.9702975749969482,0.9711543083190918,1
BSU04100,BSU04110,0,0.7331216931343079,0.8977872133255005,0.7966766357421875,0.64373379945755,0.8232638835906982,0.8990767598152161,0.899872362613678,0.8451822996139526,0.9029296636581421,0.7023162245750427,0.8143960535526276,1
BSU04110,BSU04120,0,0.2299925982952118,0.31551265716552734,0.16671380400657654,0.25011980533599854,0.3776596784591675,0.35763123631477356,0.1313883662223816,0.1957007795572281,0.273412823677063,0.3557825982570648,0.26539143472909926,0
BSU04150,BSU04160,1,0.7029317021369934,0.3644765317440033,0.7685250043869019,0.24357444047927856,0.42274484038352966,0.6260291337966919,0.5496505498886108,0.49206164479255676,0.4231465458869934,0.5767816305160522,0.5169922024011612,1
BSU04190,BSU04200,1,0.9864087700843811,0.9739393591880798,0.978986382484436,0.9667462706565857,0.9517219662666321,0.9772059321403503,0.978230893611908,0.9730867147445679,0.9635663628578186,0.9765074253082275,0.9726400077342987,1
BSU04200,BSU04210,1,0.5804387927055359,0.5928401350975037,0.854416012763977,0.3835127651691437,0.5360861420631409,0.6606284379959106,0.8879312872886658,0.5464809536933899,0.5130520462989807,0.3604752719402313,0.5915861845016479,1
BSU04210,BSU04220,1,0.40658050775527954,0.4524848163127899,0.5133418440818787,0.2698616087436676,0.527062714099884,0.6030671000480652,0.4567530155181885,0.3035006821155548,0.4848266839981079,0.5904847979545593,0.4607963770627975,0
BSU04670,BSU04680,1,0.9805419445037842,0.9260943531990051,0.9840323328971863,0.9139818549156189,0.939723014831543,0.934946596622467,0.9790366888046265,0.9407896399497986,0.9668289422988892,0.849760890007019,0.9415736258029938,1
BSU04680,BSU04690,1,0.9883568286895752,0.9901516437530518,0.9798675179481506,0.9867491722106934,0.9705221652984619,0.9777826070785522,0.9990504384040833,0.9819425940513611,0.9842895269393921,0.9937482476234436,0.9852460741996765,1
BSU04690,BSU04700,1,0.9890708923339844,0.9829660654067993,0.9913110136985779,0.9917815327644348,0.9758605360984802,0.9798686504364014,0.9984087944030762,0.9836044907569885,0.983920156955719,0.9900334477424622,0.9866825580596924,1
BSU04700,BSU04710,1,0.6773817539215088,0.8987744450569153,0.9607618451118469,0.7022634744644165,0.7923297882080078,0.8957144618034363,0.8923793435096741,0.7260326743125916,0.8562161326408386,0.7024570107460022,0.8104310929775238,1
BSU04710,BSU04720,1,0.9828906059265137,0.9658089876174927,0.9704394340515137,0.962463915348053,0.9303593635559082,0.9633256793022156,0.9806646108627319,0.9777699112892151,0.9731433391571045,0.9788661003112793,0.9685731947422027,1
BSU04720,BSU04730,1,0.9864186644554138,0.9467395544052124,0.946908712387085,0.9468972086906433,0.9299994707107544,0.9708281755447388,0.9758991599082947,0.9674879908561707,0.9322240948677063,0.9728006720542908,0.957620370388031,1
BSU04730,BSU04740,1,0.9883172512054443,0.9563480019569397,0.9567196369171143,0.9622046947479248,0.9304397702217102,0.9714399576187134,0.9802917242050171,0.9642673134803772,0.973232626914978,0.9722353219985962,0.9655496299266815,1
BSU06020,BSU06030,1,0.9290306568145752,0.9570329189300537,0.9813126921653748,0.9463298916816711,0.9490760564804077,0.9712960720062256,0.9545932412147522,0.9031268358230591,0.958002507686615,0.96109938621521,0.9510900259017945,1
BSU06420,BSU06430,1,0.9826013445854187,0.9739409685134888,0.9856416583061218,0.9716747999191284,0.9285871982574463,0.9737153053283691,0.9825616478919983,0.9753027558326721,0.9750096797943115,0.9752699136734009,0.9724305272102356,1
BSU06430,BSU06440,1,0.9879814386367798,0.9739587306976318,0.9822580218315125,0.9703691005706787,0.9481731057167053,0.9777829647064209,0.9893032312393188,0.9834630489349365,0.9747565388679504,0.9834092259407043,0.977145540714264,1
BSU06440,BSU06450,1,0.9631772637367249,0.9385143518447876,0.9807447195053101,0.9879962801933289,0.9540247917175293,0.9572219848632812,0.9698622822761536,0.9266103506088257,0.9476765990257263,0.976310670375824,0.9602139294147491,1
BSU06450,BSU06460,1,0.9893124103546143,0.9798446297645569,0.9823950529098511,0.9797757863998413,0.9720348119735718,0.9899574518203735,0.9869913458824158,0.9763745665550232,0.9822603464126587,0.9896212816238403,0.9828567683696747,1
BSU06460,BSU06470,1,0.9845228791236877,0.9711343050003052,0.9797741770744324,0.9778047800064087,0.9362188577651978,0.9753592610359192,0.9747808575630188,0.9791334271430969,0.9737331867218018,0.9766609072685242,0.9729122638702392,1
BSU06470,BSU06480,1,0.983414351940155,0.9840092062950134,0.9759352207183838,0.973705530166626,0.9431248903274536,0.9765550494194031,0.9792182445526123,0.9809185266494751,0.9744536280632019,0.9814955592155457,0.975283020734787,1
BSU06480,BSU06490,1,0.989456832408905,0.9791033267974854,0.9881898164749146,0.9753864407539368,0.9586625099182129,0.9871661067008972,0.9883171319961548,0.9802128672599792,0.9796183705329895,0.9800963401794434,0.9806209743022919,1
BSU06490,BSU06500,1,0.8040282726287842,0.8453430533409119,0.9219244718551636,0.8628963828086853,0.8469488620758057,0.884070098400116,0.8444136381149292,0.733687698841095,0.829465389251709,0.9357526302337646,0.8508530497550965,1
BSU06500,BSU06510,1,0.990170955657959,0.9702059626579285,0.9797834157943726,0.9744150638580322,0.9567514657974243,0.9891136884689331,0.9854108095169067,0.9790352582931519,0.9797588586807251,0.981119692325592,0.9785765171051025,1
BSU06510,BSU06520,1,0.9759296774864197,0.9799506664276123,0.979607343673706,0.9586827754974365,0.9361940622329712,0.9711601734161377,0.9073102474212646,0.9752737879753113,0.9707913994789124,0.9815213680267334,0.9636421501636505,1
BSU06520,BSU06530,1,0.9867702722549438,0.9709709286689758,0.9727311730384827,0.9884217381477356,0.9643667340278625,0.9681195020675659,0.9967824220657349,0.9736933708190918,0.9783486723899841,0.9854514002799988,0.9785656213760376,1
BSU06890,BSU06900,1,0.9876242876052856,0.9837231040000916,0.9687486290931702,0.9676490426063538,0.9585856199264526,0.9868666529655457,0.9845139980316162,0.9705383777618408,0.9845015406608582,0.9861907362937927,0.9778941988945007,1
BSU06900,BSU06910,1,0.9267395734786987,0.8598275184631348,0.6559123992919922,0.9488292336463928,0.8752354383468628,0.925096869468689,0.8169233202934265,0.8936720490455627,0.9045348763465881,0.9385319352149963,0.8745303213596344,1
BSU07260,BSU07270,0,0.47857898473739624,0.35887327790260315,0.16624659299850464,0.03201704099774361,0.24143551290035248,0.45628565549850464,0.31258705258369446,0.20312315225601196,0.23867885768413544,0.10045406222343445,0.2588280189782381,0
BSU07270,BSU07280,1,0.8910172581672668,0.9219319224357605,0.9182692766189575,0.9308487176895142,0.9253555536270142,0.9174264669418335,0.9599176049232483,0.8616606593132019,0.8902900815010071,0.7123644948005676,0.8929082036018372,1
BSU07280,BSU07290,1,0.9768750071525574,0.8517917990684509,0.9664360880851746,0.9514058232307434,0.9180729985237122,0.9191805720329285,0.9454850554466248,0.9272165894508362,0.9275397062301636,0.874927818775177,0.9258931457996369,1
BSU07290,BSU07300,1,0.9637577533721924,0.9431337714195251,0.9027583599090576,0.9530662298202515,0.9073026776313782,0.9139953851699829,0.927351713180542,0.8159378170967102,0.9270410537719727,0.809658944606781,0.9064003705978394,1
BSU07300,BSU07310,1,0.9869920611381531,0.94883793592453,0.9829385280609131,0.9623206257820129,0.9364213943481445,0.9703989624977112,0.9780818819999695,0.9814566969871521,0.965364396572113,0.9738550186157227,0.9686667501926423,1
BSU07310,BSU07350,0,0.0015678245108574629,0.007733748760074377,0.0039869328029453754,0.0017135670641437173,0.002079182071611285,0.0034726737067103386,0.0024837544187903404,0.0035206922329962254,0.0018984336638823152,0.002648648340255022,0.003110545757226646,0
BSU07350,BSU07360,1,0.9903048276901245,0.9843357801437378,0.9827724695205688,0.9920416474342346,0.9611416459083557,0.9806370139122009,0.9954835176467896,0.9774735569953918,0.9827823042869568,0.9889158606529236,0.9835888624191285,1
BSU07360,BSU07370,0,0.9476247429847717,0.6152142882347107,0.8279363512992859,0.32961413264274597,0.5290697813034058,0.6498526334762573,0.7906012535095215,0.7314010858535767,0.7199884057044983,0.4209660291671753,0.6562268704175949,1
BSU07370,BSU07380,0,0.4595696032047272,0.5402498841285706,0.7759733200073242,0.6224448084831238,0.634559154510498,0.8034677505493164,0.3311491906642914,0.5704531073570251,0.7062749266624451,0.4461992383003235,0.5890340983867646,1
BSU07380,BSU07390,0,0.3531796932220459,0.1816575974225998,0.2579571306705475,0.04929107055068016,0.15922071039676666,0.3480505645275116,0.37041327357292175,0.20875078439712524,0.09755922853946686,0.22050926089286804,0.22465893141925336,0
BSU07390,BSU07400,1,0.778727650642395,0.854058563709259,0.9572485089302063,0.7946695685386658,0.8943670392036438,0.819235622882843,0.8645302057266235,0.7854028940200806,0.7502168416976929,0.6789911985397339,0.8177448093891144,1
BSU07430,BSU07440,0,0.6706093549728394,0.6299332976341248,0.7230367064476013,0.3145349323749542,0.707349956035614,0.7932284474372864,0.7559183835983276,0.5283716917037964,0.5269884467124939,0.467535138130188,0.6117506355047226,1
BSU07440,BSU07480,0,0.0007048058905638754,0.003876433242112398,0.0031601872760802507,0.0034691421315073967,0.00233699893578887,0.006530584301799536,0.00291184289380908,0.0012543745106086135,0.0021856448147445917,0.0004408764361869544,0.0026870890433201566,0
BSU07480,BSU07550,0,0.0006523742922581732,0.0016914957668632269,0.000550026772543788,0.005996895954012871,0.006841276306658983,0.013376344926655293,0.0023757354356348515,0.0035070409066975117,0.0043669575825333595,0.002120720688253641,0.00414788686321117,0
BSU07550,BSU07560,0,0.22984914481639862,0.22247472405433655,0.17727670073509216,0.03617598116397858,0.1124357357621193,0.19736406207084656,0.22305618226528168,0.21511121094226837,0.12266723811626434,0.12532272934913635,0.16617337092757226,0
BSU07560,BSU07570,1,0.8278427720069885,0.4691733717918396,0.7868528366088867,0.33587783575057983,0.4577183723449707,0.6138086318969727,0.7375295162200928,0.5496892929077148,0.6686135530471802,0.508285403251648,0.5955391585826874,1
BSU07570,BSU07580,0,0.8986691236495972,0.7120375037193298,0.40952837467193604,0.3251798450946808,0.5966455340385437,0.6598857045173645,0.6385376453399658,0.4565459191799164,0.6392158269882202,0.4043639004230499,0.5740609377622604,1
BSU07580,BSU07590,1,0.9882490634918213,0.9809994697570801,0.9830949902534485,0.9619969129562378,0.9573877453804016,0.9812229871749878,0.9834889769554138,0.9689511656761169,0.9763911962509155,0.9735093712806702,0.9755291879177094,1
BSU07590,BSU07600,1,0.9896019697189331,0.9907689690589905,0.9780346155166626,0.9899533987045288,0.9754449129104614,0.9873491525650024,0.9953263401985168,0.9753866791725159,0.9869704842567444,0.9944168329238892,0.9863253355026245,1
BSU07600,BSU07610,0,0.5151463150978088,0.41370245814323425,0.6454296112060547,0.2323814481496811,0.6469753384590149,0.7426086068153381,0.39886564016342163,0.6345962285995483,0.5572443604469299,0.1706281155347824,0.49575781226158144,0
BSU07610,BSU07620,1,0.9605949521064758,0.9798434376716614,0.9888918399810791,0.9812150597572327,0.9580715298652649,0.963251531124115,0.9865221381187439,0.9443018436431885,0.9745821356773376,0.9708205461502075,0.9708095014095306,1
BSU07620,BSU07630,0,0.5236265659332275,0.6551921963691711,0.5430412888526917,0.34317994117736816,0.7107734680175781,0.6483774781227112,0.38574060797691345,0.44345977902412415,0.4472367763519287,0.42343825101852417,0.5124066352844239,1
BSU07630,BSU07650,1,0.7026379704475403,0.659885823726654,0.8625507950782776,0.872760534286499,0.7086521983146667,0.8761275410652161,0.8208568692207336,0.7950417399406433,0.8581700325012207,0.868863046169281,0.8025546550750733,1
BSU07650,BSU07700,0,0.011296113021671772,0.010726304724812508,0.03011186607182026,0.00833401270210743,0.0336596816778183,0.05372164398431778,0.018449125811457634,0.008336929604411125,0.015968911349773407,0.0018456708639860153,0.019245025981217623,0
BSU07750,BSU07800,0,0.0007923983503133059,0.005889208987355232,0.011100981384515762,0.0015080308075994253,0.0016682761488482356,0.004385167267173529,0.0043248687870800495,0.0018730422016233206,0.0015739422524347901,0.0008600307046435773,0.0033975946891587226,0
BSU07800,BSU07810,1,0.8441275954246521,0.9279493093490601,0.948755145072937,0.8134604692459106,0.7863849997520447,0.8579491972923279,0.9430451989173889,0.6987179517745972,0.8689471483230591,0.5499288439750671,0.8239265859127045,1
BSU07810,BSU07820,1,0.9880462288856506,0.9897246956825256,0.974517285823822,0.9854494333267212,0.9649065732955933,0.9793848395347595,0.9872629046440125,0.9741632342338562,0.9825226068496704,0.9769927859306335,0.9802970588207245,1
BSU07820,BSU07830,0,0.4635976552963257,0.34726831316947937,0.4573536515235901,0.2708495855331421,0.5076976418495178,0.7475548386573792,0.41158226132392883,0.40201616287231445,0.5206698179244995,0.29018720984458923,0.4418777137994766,0
BSU07830,BSU07850,0,0.0024894066154956818,0.011071433313190937,0.01923072338104248,0.002863994799554348,0.0019288576440885663,0.01598103903234005,0.012010687962174416,0.005095494445413351,0.00174655148293823,0.0006708534783683717,0.007308904215460643,0
BSU07850,BSU07880,0,0.0007588371518068016,0.00453524012118578,0.0009039280121214688,0.0002495239896234125,0.00424888264387846,0.003936265129595995,0.0006116375443525612,0.002466857433319092,0.002445212099701166,0.0003920997551176697,0.0020548483880702406,0
BSU07880,BSU07890,1,0.9537615776062012,0.9729932546615601,0.9848642945289612,0.9837810397148132,0.9516435861587524,0.9816896915435791,0.9911428689956665,0.971140444278717,0.9822686910629272,0.9747291207313538,0.9748014569282532,1
BSU07890,BSU07900,1,0.9828277826309204,0.9833685159683228,0.9951563477516174,0.9888176918029785,0.9608537554740906,0.965645968914032,0.9957509636878967,0.9893157482147217,0.9676985740661621,0.9859647154808044,0.9815400063991546,1
BSU07900,BSU07920,0,0.011382648721337318,0.009257056750357151,0.005523446947336197,0.0015581443440169096,0.011021535843610764,0.025928642600774765,0.008139223791658878,0.010054490529000759,0.015447757206857204,0.002890805248171091,0.010120375198312104,0
BSU07920,BSU07930,1,0.8836812973022461,0.9122737646102905,0.9712736010551453,0.8899523615837097,0.9235801696777344,0.9514719247817993,0.9370986819267273,0.8227125406265259,0.9445440173149109,0.9473728537559509,0.918396121263504,1
BSU07930,BSU07970,0,0.0003015541296917945,0.0010435195872560143,0.0006649848655797541,0.0011140884598717093,0.0011771147837862372,0.0030506092589348555,0.0006828518817201257,0.0007817618898116052,0.001621746108867228,0.0002268674288643524,0.0010665098394383675,0
BSU07970,BSU07980,0,0.5982270836830139,0.47930142283439636,0.4672364890575409,0.07811283320188522,0.43779411911964417,0.6688430309295654,0.36747023463249207,0.23507462441921234,0.6185516715049744,0.2096436321735382,0.4160255141556263,0
BSU07980,BSU08010,0,0.001575116184540093,0.0016017486341297626,0.0040224287658929825,0.0016165146371349692,0.003128637094050646,0.006902844645082951,0.006492639426141977,0.0015175063163042068,0.003283277852460742,0.0004756849375553429,0.0030616398493293674,0
BSU08010,BSU08020,1,0.852199912071228,0.9045361876487732,0.877890944480896,0.9661973714828491,0.8664047718048096,0.9112271070480347,0.8171859979629517,0.8879622220993042,0.8326318860054016,0.9677858948707581,0.8884022295475006,1
BSU08030,BSU08040,0,0.36148524284362793,0.23364633321762085,0.18037863075733185,0.10791923105716705,0.3851414620876312,0.5093625783920288,0.4835105538368225,0.287445604801178,0.2710326015949249,0.2752668559551239,0.3095189094543457,0
BSU08040,BSU08050,1,0.8942283391952515,0.9006404280662537,0.9898757338523865,0.931552529335022,0.9032405018806458,0.8531476855278015,0.9845267534255981,0.8190280199050903,0.860894501209259,0.9258224964141846,0.9062956988811492,1
BSU08050,BSU08060,0,0.47969791293144226,0.25693920254707336,0.5526936054229736,0.3324184715747833,0.40301769971847534,0.6129032969474792,0.4365728497505188,0.4373987913131714,0.42343324422836304,0.5179765820503235,0.4453051656484604,0
BSU08060,BSU08070,1,0.9738744497299194,0.9473588466644287,0.9637277722358704,0.9744724631309509,0.9213787317276001,0.9367453455924988,0.9362764954566956,0.9447034001350403,0.9513983130455017,0.9408002495765686,0.9490736067295075,1
BSU08070,BSU08080,1,0.957234263420105,0.9737878441810608,0.9501553773880005,0.9695087671279907,0.9513204097747803,0.9452776312828064,0.9907848834991455,0.9365636110305786,0.9603442549705505,0.9619417190551758,0.9596918761730194,1
BSU08080,BSU08090,1,0.9682826399803162,0.9649232625961304,0.9833664298057556,0.9592146277427673,0.891979455947876,0.9215482473373413,0.9862436056137085,0.9115338325500488,0.8860548734664917,0.9050361514091492,0.9378183126449585,1
BSU08090,BSU08100,1,0.6031602025032043,0.6929560303688049,0.6299068331718445,0.7471371293067932,0.7391409277915955,0.7543389797210693,0.5695025324821472,0.6082398295402527,0.7482184171676636,0.7738276720046997,0.6866428554058075,1
BSU08100,BSU08110,1,0.8629776239395142,0.9709419012069702,0.9587953090667725,0.9500249028205872,0.9061511754989624,0.9093188643455505,0.9616052508354187,0.9222418665885925,0.9375068545341492,0.9505711793899536,0.9330134928226471,1
BSU08110,BSU08180,0,0.00015074785915203393,0.0006358575192280114,0.00017338867473881692,9.0309142251499e-05,0.0005214394186623394,0.0015148757956922054,6.995924195507541e-05,0.0002516738895792514,0.0008532843203283846,0.00012197611795272678,0.0004383511979540344,0
BSU08180,BSU08190,1,0.5752798914909363,0.6758986711502075,0.6827709078788757,0.6713578104972839,0.5441552400588989,0.6135209202766418,0.798557460308075,0.3706778883934021,0.6569252610206604,0.6372197866439819,0.6226363837718963,1
BSU08190,BSU08200,1,0.9856706261634827,0.9143769145011902,0.9850339889526367,0.9735114574432373,0.935535192489624,0.9360647201538086,0.9759432077407837,0.9415847063064575,0.9629548192024231,0.8776978254318237,0.9488373458385467,1
BSU08200,BSU08210,0,0.7461990118026733,0.34272217750549316,0.18919621407985687,0.46521976590156555,0.38678067922592163,0.6251940727233887,0.3502431809902191,0.3038140535354614,0.579721987247467,0.35212039947509766,0.43412115424871445,0
BSU08210,BSU08220,1,0.9846839308738708,0.9840602278709412,0.9868707656860352,0.9707042574882507,0.955169677734375,0.9723978638648987,0.9862929582595825,0.942391037940979,0.9791560769081116,0.9538301229476929,0.9715556919574737,1
BSU08220,BSU08230,0,0.3875129520893097,0.32442083954811096,0.3062473237514496,0.08687609434127808,0.28954577445983887,0.40786492824554443,0.3113228380680084,0.25888100266456604,0.20048291981220245,0.14578519761562347,0.2718939870595932,0
BSU08230,BSU08240,1,0.9732800722122192,0.966766893863678,0.9696352481842041,0.9784181118011475,0.9264059662818909,0.9596850872039795,0.9785417914390564,0.9561353325843811,0.9633182287216187,0.9740603566169739,0.9646247088909149,1
BSU08240,BSU08250,0,0.6265173554420471,0.2905943691730499,0.5952392816543579,0.29966533184051514,0.5473833680152893,0.61971515417099,0.33479002118110657,0.3920707404613495,0.3784165382385254,0.5066065788269043,0.4590998739004135,0
BSU08250,BSU08260,0,0.5223588943481445,0.5926823616027832,0.6938325762748718,0.7111226320266724,0.6294119954109192,0.7151342630386353,0.5293420553207397,0.33949220180511475,0.6780024170875549,0.7020764350891113,0.6113455832004547,1
BSU08260,BSU08270,1,0.9372810125350952,0.9192835688591003,0.9471839666366577,0.896529495716095,0.886253833770752,0.9195806384086609,0.9459533095359802,0.7873035669326782,0.9123743772506714,0.8171420693397522,0.8968885838985443,1
BSU08270,BSU08280,1,0.9534457325935364,0.9629219770431519,0.9760087132453918,0.9722863435745239,0.9096091389656067,0.9642113447189331,0.9898185133934021,0.9247808456420898,0.9592624306678772,0.9802848696708679,0.9592629909515381,1
BSU08280,BSU08290,0,0.18171326816082,0.4148339629173279,0.35503286123275757,0.4428270757198334,0.5020228028297424,0.5743959546089172,0.2877705693244934,0.4529503881931305,0.4779777228832245,0.32612597942352295,0.40156505852937696,0
BSU08290,BSU08300,1,0.9911062717437744,0.986928403377533,0.9906783699989319,0.9835907220840454,0.9742087721824646,0.9876412153244019,0.9921784996986389,0.9797203540802002,0.9822024703025818,0.9891722798347473,0.985742735862732,1
BSU08350,BSU08360,0,0.5089452266693115,0.2954060137271881,0.5074886083602905,0.14137834310531616,0.5499071478843689,0.6025453209877014,0.34704431891441345,0.3137304484844208,0.3880813419818878,0.1990043669939041,0.38535311371088027,0
BSU08360,BSU08390,0,0.002746689599007368,0.009770754724740982,0.02584647946059704,0.003363502211868763,0.012076560407876968,0.017777299508452415,0.010055890306830406,0.00609701918438077,0.007342093158513308,0.001291076885536313,0.009636736544780432,0
BSU08450,BSU08460,1,0.9878849387168884,0.9842536449432373,0.9815347194671631,0.9785940647125244,0.952049970626831,0.9865698218345642,0.986160159111023,0.9737161993980408,0.9807152152061462,0.9814119935035706,0.979289072751999,1
BSU08460,BSU08470,0,0.5057398080825806,0.36090558767318726,0.3661445677280426,0.13576090335845947,0.3512371778488159,0.6391026973724365,0.44005724787712097,0.2911660373210907,0.30467599630355835,0.470979243516922,0.3865769267082214,0
BSU08470,BSU08480,1,0.7653961777687073,0.9094499349594116,0.9304548501968384,0.949663519859314,0.8508495688438416,0.918716311454773,0.8714974522590637,0.921291708946228,0.9182546138763428,0.9344106912612915,0.8969984829425812,1
BSU08480,BSU08520,0,0.01161209587007761,0.009773165918886662,0.0031401345040649176,0.0005772116710431874,0.010995826683938503,0.04817182198166847,0.02461540699005127,0.008411351591348648,0.022348610684275627,0.0016527498373761773,0.014129837573273107,0
BSU08520,BSU08530,1,0.9870626926422119,0.9829772114753723,0.9777809977531433,0.978079080581665,0.9530426263809204,0.9838274717330933,0.9909780025482178,0.9693335294723511,0.9780378937721252,0.9819639921188354,0.9783083498477936,1
BSU08530,BSU08540,0,0.3829426169395447,0.30367645621299744,0.23143687844276428,0.10795775055885315,0.3240037262439728,0.5611271858215332,0.16524499654769897,0.15527568757534027,0.4739944338798523,0.10458475351333618,0.2810244485735893,0
BSU08570,BSU08580,1,0.4914020597934723,0.5061044096946716,0.631392240524292,0.6117799282073975,0.6141928434371948,0.6260495185852051,0.5596107244491577,0.560175895690918,0.45627361536026,0.7260125279426575,0.5782993763685227,1
BSU08580,BSU08590,1,0.9858202934265137,0.9810252785682678,0.9805558323860168,0.9766207337379456,0.944904625415802,0.9870225191116333,0.9780328869819641,0.9804428219795227,0.9812805652618408,0.9815687537193298,0.9777274310588837,1
BSU08590,BSU08600,0,0.4085286855697632,0.44185489416122437,0.5177859663963318,0.16536939144134521,0.20825211703777313,0.4467537999153137,0.47608011960983276,0.35078519582748413,0.23604372143745422,0.3069321811199188,0.3558386072516441,0
BSU08600,BSU08610,1,0.8907122611999512,0.9653263688087463,0.9522829651832581,0.959140956401825,0.8928591012954712,0.938957929611206,0.962033748626709,0.9259134531021118,0.9664352536201477,0.9249197840690613,0.9378581821918488,1
BSU08610,BSU08630,0,0.12098715454339981,0.18441221117973328,0.1393846571445465,0.03087826631963253,0.09342589229345322,0.2024378925561905,0.17693081498146057,0.07182300835847855,0.11872345954179764,0.023870006203651428,0.1162873363122344,0
BSU08630,BSU08650,1,0.8081592917442322,0.8466222286224365,0.8897537589073181,0.9447584748268127,0.7671253085136414,0.8974719643592834,0.9158912897109985,0.8734999299049377,0.866901695728302,0.8875095844268799,0.8697693526744843,1
BSU08650,BSU08660,1,0.9466338753700256,0.9725908637046814,0.9820220470428467,0.9854100942611694,0.9686906337738037,0.9851210713386536,0.9614415764808655,0.9470522999763489,0.9663381576538086,0.9834643602371216,0.9698764979839325,1
BSU09270,BSU09280,0,0.6958397626876831,0.8014136552810669,0.6204966306686401,0.875697135925293,0.6844809055328369,0.7879672646522522,0.6358919739723206,0.480835497379303,0.7596950531005859,0.6266135573387146,0.6968931436538697,1
BSU09280,BSU09290,1,0.9805005192756653,0.989514172077179,0.9905022382736206,0.9907996654510498,0.9714975953102112,0.9726253151893616,0.9950788617134094,0.9827240109443665,0.9816964864730835,0.9870567917823792,0.9841995656490325,1
BSU09290,BSU09300,0,0.6250089406967163,0.6901327967643738,0.863754391670227,0.38613811135292053,0.6352245211601257,0.6693598031997681,0.6067652702331543,0.49674904346466064,0.6319020390510559,0.7420240044593811,0.6347058922052383,1
BSU09530,BSU09540,1,0.6133506894111633,0.5328079462051392,0.4225641191005707,0.2675938308238983,0.4137079417705536,0.5982561111450195,0.4089696407318115,0.4665377140045166,0.4626389741897583,0.5293246507644653,0.4715751618146896,0
BSU10040,BSU10050,1,0.9813312292098999,0.9793241024017334,0.9793546795845032,0.9515323042869568,0.9540731310844421,0.9813743233680725,0.9833501577377319,0.9599308967590332,0.9768478274345398,0.9688230752944946,0.9715941727161408,1
BSU10050,BSU10060,1,0.9846781492233276,0.9813863635063171,0.9757747054100037,0.9905486702919006,0.9709427952766418,0.9734068512916565,0.9923266768455505,0.9771196842193604,0.9781453013420105,0.983848512172699,0.9808177709579468,1
BSU10120,BSU10130,1,0.9707549214363098,0.9719707369804382,0.9834556579589844,0.9804065823554993,0.9448975324630737,0.9548185467720032,0.9862057566642761,0.9654899835586548,0.9696502685546875,0.957144558429718,0.9684794545173645,1
BSU10130,BSU10140,1,0.9911076426506042,0.9901092648506165,0.9949632287025452,0.9931470155715942,0.9750533699989319,0.9850685000419617,0.9964541792869568,0.9863505959510803,0.9852235913276672,0.9822627305984497,0.9879740118980408,1
BSU10620,BSU10630,1,0.9328234195709229,0.7509958744049072,0.8871484398841858,0.761593759059906,0.9166446924209595,0.9408018589019775,0.8688279986381531,0.8063052296638489,0.9726260900497437,0.8470587134361267,0.8684826076030732,1
BSU10770,BSU10790,0,0.9042266011238098,0.545907199382782,0.6326389908790588,0.5459674596786499,0.1717275232076645,0.4791472852230072,0.5963833332061768,0.4521104395389557,0.29366534948349,0.05563827231526375,0.46774124540388584,0
BSU11120,BSU11130,1,0.7551701664924622,0.7872414588928223,0.8829486966133118,0.9616953730583191,0.8202967643737793,0.8602424263954163,0.9585363268852234,0.81606125831604,0.8569052815437317,0.9418476819992065,0.8640945434570313,1
BSU11190,BSU11200,1,0.9648448824882507,0.9724803566932678,0.977874755859375,0.9564778804779053,0.906383752822876,0.9642636179924011,0.9675770401954651,0.9117082953453064,0.9411457777023315,0.9516792297363281,0.9514435589313507,1
BSU11200,BSU11210,1,0.9384943246841431,0.9063756465911865,0.9537736177444458,0.9279528260231018,0.9178099632263184,0.9124553799629211,0.9473492503166199,0.875246524810791,0.9009110927581787,0.9343972206115723,0.9214765846729278,1
BSU11210,BSU11220,1,0.9768441915512085,0.9760823845863342,0.981652557849884,0.9314336180686951,0.9641701579093933,0.9652917385101318,0.9262787103652954,0.9644214510917664,0.9756972193717957,0.9387449026107788,0.9600616931915283,1
BSU11220,BSU11230,1,0.501557469367981,0.7555580139160156,0.7837271094322205,0.6841983795166016,0.6819480657577515,0.776593804359436,0.7757489681243896,0.5910142660140991,0.6682335734367371,0.6948753595352173,0.691345500946045,1
BSU11230,BSU11240,1,0.9753244519233704,0.9798315167427063,0.9844868779182434,0.9627829194068909,0.9435833692550659,0.9732143878936768,0.960472583770752,0.9687413573265076,0.9713302850723267,0.964362382888794,0.9684130132198334,1
BSU11240,BSU11250,1,0.9820480346679688,0.9877854585647583,0.9836208820343018,0.963279128074646,0.9723125100135803,0.9762027859687805,0.9436690807342529,0.9759668111801147,0.972705066204071,0.9730969071388245,0.9730686664581298,1
BSU11300,BSU11310,1,0.9839350581169128,0.9827349781990051,0.9860399961471558,0.9826695322990417,0.9553754329681396,0.965753972530365,0.9956167936325073,0.9702744483947754,0.9765689969062805,0.9867738485336304,0.9785743057727814,1
BSU11430,BSU11440,1,0.824232280254364,0.8526793122291565,0.9738327860832214,0.8803810477256775,0.8045415878295898,0.8662279844284058,0.878912091255188,0.7027537822723389,0.6840068697929382,0.9405596256256104,0.8408127367496491,1
BSU11440,BSU11450,1,0.9810276627540588,0.9793816804885864,0.9631616473197937,0.9886900186538696,0.9431625008583069,0.9684627652168274,0.9906174540519714,0.9745901226997375,0.9779596328735352,0.9760875105857849,0.9743140995502472,1
BSU11450,BSU11460,1,0.9827892184257507,0.9825876355171204,0.9774134159088135,0.9777058362960815,0.9515399932861328,0.9676615595817566,0.9956624507904053,0.9712508916854858,0.9760720133781433,0.9786993861198425,0.9761382400989532,1
BSU11460,BSU11470,1,0.9875590801239014,0.9917411804199219,0.9846658706665039,0.9855043888092041,0.968292772769928,0.9858564734458923,0.9918359518051147,0.9762037396430969,0.9775673151016235,0.9926475286483765,0.9841874301433563,1
BSU11870,BSU11880,1,0.9824422597885132,0.9233807921409607,0.9880512952804565,0.8890695571899414,0.9509438276290894,0.9605621099472046,0.9173633456230164,0.9571480751037598,0.9779282212257385,0.9216017723083496,0.946849125623703,1
BSU12430,BSU12440,1,0.990103006362915,0.9721106886863708,0.9825344681739807,0.9771714210510254,0.9710778594017029,0.9810269474983215,0.9823192954063416,0.9769627451896667,0.9789869785308838,0.9850191473960876,0.9797312557697296,1
BSU12920,BSU12930,1,0.9736394882202148,0.9718400835990906,0.9949386715888977,0.982681930065155,0.9617498517036438,0.9816522598266602,0.9935040473937988,0.9635563492774963,0.9717826843261719,0.9870995879173279,0.9782444953918457,1
BSU12930,BSU12940,1,0.9391388297080994,0.9108063578605652,0.9091540575027466,0.945437490940094,0.8872473239898682,0.9172420501708984,0.9483841061592102,0.9133719205856323,0.8853166103363037,0.8775590062141418,0.913365775346756,1
BSU12940,BSU12950,1,0.9607741832733154,0.93620365858078,0.9484491348266602,0.9595056176185608,0.917860746383667,0.9469305872917175,0.9438326358795166,0.9169687628746033,0.9353201389312744,0.9207924008369446,0.938663786649704,1
BSU12950,BSU12960,1,0.9767600297927856,0.973027229309082,0.9760991334915161,0.9704210162162781,0.930221438407898,0.9593391418457031,0.9885237216949463,0.9706511497497559,0.9632037878036499,0.9756022095680237,0.9683848857879639,1
BSU13320,BSU13330,1,0.5293115377426147,0.3579695224761963,0.8540346622467041,0.7114927768707275,0.4263545572757721,0.41274595260620117,0.8076541423797607,0.3807683289051056,0.5135850310325623,0.47007444500923157,0.5463990956544876,1
BSU13890,BSU13900,1,0.7743961215019226,0.8572743535041809,0.9025185108184814,0.8817974328994751,0.7140348553657532,0.8623546957969666,0.9178903102874756,0.7065742015838623,0.8001970052719116,0.5768999457359314,0.7993937432765961,1
BSU13900,BSU13910,1,0.9824456572532654,0.9704242944717407,0.9846479892730713,0.9810941815376282,0.9667309522628784,0.9745902419090271,0.9716265201568604,0.9844586849212646,0.9859054684638977,0.9749171733856201,0.9776841163635254,1
BSU13910,BSU13920,0,0.8691002130508423,0.6462062001228333,0.554908812046051,0.14541032910346985,0.5526518225669861,0.6632851362228394,0.4266888499259949,0.3949801027774811,0.48174965381622314,0.2982443869113922,0.5033225506544113,1
BSU13920,BSU13930,1,0.7932550311088562,0.9098873734474182,0.9185143709182739,0.9135708212852478,0.8626795411109924,0.936823308467865,0.9011664986610413,0.9288344979286194,0.9376230239868164,0.9592201113700867,0.9061574578285218,1
BSU14150,BSU14160,1,0.9797468185424805,0.9602103233337402,0.9685653448104858,0.9461173415184021,0.8997503519058228,0.9463658928871155,0.9840301871299744,0.9513674974441528,0.9599723219871521,0.9351039528846741,0.9531230032444,1
BSU14160,BSU14170,1,0.9880650639533997,0.9852118492126465,0.9850271344184875,0.9947279691696167,0.966837465763092,0.9769127368927002,0.9953730702400208,0.9805144667625427,0.9772008061408997,0.9656736254692078,0.9815544188022614,1
BSU14580,BSU14590,1,0.9907904267311096,0.9858152270317078,0.9881496429443359,0.9889243245124817,0.9660367965698242,0.985443651676178,0.9972180128097534,0.9798969626426697,0.9810506701469421,0.9822658896446228,0.9845591604709625,1
BSU14590,BSU14600,1,0.9536008834838867,0.9660851955413818,0.9603591561317444,0.9778635501861572,0.9186055064201355,0.9553496241569519,0.9605420827865601,0.9465304017066956,0.9490631818771362,0.9477479457855225,0.9535747528076172,1
BSU14600,BSU14610,1,0.9885965585708618,0.9792657494544983,0.9742302894592285,0.9890154600143433,0.9624786376953125,0.9762783050537109,0.99062180519104,0.9776809811592102,0.9825767278671265,0.97769695520401,0.9798441469669342,1
BSU14880,BSU14890,1,0.28380635380744934,0.17140179872512817,0.33012154698371887,0.06944707781076431,0.23944900929927826,0.28379079699516296,0.416594535112381,0.193414568901062,0.13808386027812958,0.3517594337463379,0.24778689816594124,0
BSU14890,BSU14900,1,0.9812960028648376,0.9506403207778931,0.9639092683792114,0.9625721573829651,0.9022160768508911,0.9538537859916687,0.9680221676826477,0.9133301973342896,0.950829267501831,0.9320409297943115,0.9478710174560547,1
BSU14900,BSU14910,1,0.9883344769477844,0.9822575449943542,0.9745432138442993,0.9704089760780334,0.9743797183036804,0.9800914525985718,0.9878250956535339,0.9767768979072571,0.9810000658035278,0.9827489256858826,0.9798366367816925,1
BSU14910,BSU14920,1,0.9820809364318848,0.9801734685897827,0.9724673628807068,0.9856119155883789,0.9452674984931946,0.9718714356422424,0.9795960187911987,0.9604700803756714,0.9822844862937927,0.9702182412147522,0.9730041444301605,1
BSU15130,BSU15140,1,0.8423170447349548,0.8675829768180847,0.963707447052002,0.9403600692749023,0.9124341011047363,0.8450871109962463,0.9419060945510864,0.8033918142318726,0.6678231358528137,0.878218948841095,0.8662828743457794,1
BSU15140,BSU15150,1,0.9199591875076294,0.973088800907135,0.9776142835617065,0.9897196888923645,0.9397197961807251,0.960508406162262,0.9755710363388062,0.9462132453918457,0.9170792698860168,0.9853442907333374,0.9584818005561828,1
BSU15150,BSU15160,1,0.9840584993362427,0.9748581647872925,0.9774484038352966,0.9653359651565552,0.9581227898597717,0.9520443081855774,0.979198694229126,0.971305787563324,0.9800952672958374,0.9611127972602844,0.9703580677509308,1
BSU15180,BSU15190,1,0.9230920672416687,0.9586319923400879,0.9844977855682373,0.9742770791053772,0.9069783091545105,0.9593133926391602,0.975298285484314,0.9569711089134216,0.9515184760093689,0.9607694149017334,0.9551347911357879,1
BSU15190,BSU15200,1,0.9809503555297852,0.9492040276527405,0.95748370885849,0.9543502926826477,0.9546245336532593,0.9686815142631531,0.9834640026092529,0.9729868769645691,0.9817489981651306,0.9667174220085144,0.9670211732387543,1
BSU15280,BSU15290,1,0.9432417750358582,0.9734832644462585,0.9574682116508484,0.9788852334022522,0.943091869354248,0.9613017439842224,0.9813899993896484,0.9418593645095825,0.9527378678321838,0.9709275364875793,0.9604386866092682,1
BSU15310,BSU15320,1,0.6579473614692688,0.7456839680671692,0.8460301160812378,0.8640036582946777,0.6488019824028015,0.675888180732727,0.5086065530776978,0.6319513320922852,0.7080138921737671,0.5651285648345947,0.6852055609226226,1
BSU15490,BSU15500,1,0.9827632308006287,0.9792649149894714,0.9635388851165771,0.9704245328903198,0.9650139212608337,0.9715455770492554,0.989698588848114,0.9823657870292664,0.973944902420044,0.983771800994873,0.9762332141399384,1
BSU15500,BSU15510,1,0.9827640652656555,0.9616954922676086,0.9625118970870972,0.9163849353790283,0.9267807006835938,0.9734575748443604,0.9662719368934631,0.9378041625022888,0.9816453456878662,0.9339055418968201,0.9543221652507782,1
BSU15510,BSU15520,1,0.9807734489440918,0.9682086110115051,0.9691635370254517,0.9737809896469116,0.9531330466270447,0.965448260307312,0.9679513573646545,0.9694098234176636,0.9812932014465332,0.9609834551811218,0.969014573097229,1
BSU15520,BSU15530,1,0.9894520044326782,0.9867951273918152,0.9818045496940613,0.9850882291793823,0.9646782279014587,0.9823936223983765,0.986878514289856,0.9777464866638184,0.9806080460548401,0.9704775214195251,0.9805922329425811,1
BSU15530,BSU15540,1,0.987051248550415,0.9694852232933044,0.963034987449646,0.983228325843811,0.9244111180305481,0.9651039838790894,0.9662253260612488,0.9540098905563354,0.9767402410507202,0.9567755460739136,0.9646065890789032,1
BSU15540,BSU15550,1,0.9893736839294434,0.9625464677810669,0.9753533005714417,0.9815552234649658,0.9316548109054565,0.9702838063240051,0.9752342104911804,0.9629804491996765,0.9715103507041931,0.9641042947769165,0.9684596598148346,1
BSU15550,BSU15560,1,0.9885425567626953,0.979233980178833,0.9676303267478943,0.9748899936676025,0.949966311454773,0.9794714450836182,0.9802067875862122,0.9662519693374634,0.9882767200469971,0.9713797569274902,0.974584984779358,1
BSU15570,BSU15580,1,0.9879438877105713,0.979373037815094,0.9517699480056763,0.9768128991127014,0.9585825204849243,0.9768186807632446,0.990858256816864,0.9512935280799866,0.9775257706642151,0.9796038866043091,0.9730582416057587,1
BSU15580,BSU15590,1,0.9409026503562927,0.9647456407546997,0.9763363003730774,0.9555540084838867,0.9363034963607788,0.955045759677887,0.9851312041282654,0.9246861934661865,0.9514812231063843,0.9545980095863342,0.9544784486293793,1
BSU15590,BSU15600,1,0.9804832339286804,0.9825149178504944,0.9730402231216431,0.9791558384895325,0.9621360301971436,0.9818043112754822,0.9872538447380066,0.968545138835907,0.9817295074462891,0.9864076375961304,0.9783070683479309,1
BSU15600,BSU15610,1,0.874267578125,0.8672690391540527,0.7993273735046387,0.9298124313354492,0.8459261655807495,0.9055818915367126,0.7659474611282349,0.8458503484725952,0.8942442536354065,0.8558061122894287,0.8584032654762268,1
BSU15610,BSU15620,1,0.9859752058982849,0.9754977822303772,0.9664257168769836,0.9835059642791748,0.9477853775024414,0.9573593139648438,0.9888551831245422,0.9768925905227661,0.9690820574760437,0.9811663627624512,0.9732545554637909,1
BSU15620,BSU15630,1,0.9896157383918762,0.9698483943939209,0.9771488308906555,0.9640750288963318,0.9667677283287048,0.9706875681877136,0.994077205657959,0.9797649383544922,0.9763900637626648,0.9522055983543396,0.9740581095218659,1
BSU15950,BSU15970,1,0.011076906695961952,0.007899406366050243,0.06565196812152863,0.022465014830231667,0.008563831448554993,0.03593312203884125,0.09503289312124252,0.007823546417057514,0.010508871637284756,0.0265817791223526,0.029153733979910612,0
BSU16090,BSU16100,1,0.9856334924697876,0.9747704863548279,0.9834014773368835,0.9879345297813416,0.9711035490036011,0.9658231735229492,0.9925196766853333,0.9646117687225342,0.9759925603866577,0.9828993678092957,0.9784690082073212,1
BSU16140,BSU16150,1,0.9906951189041138,0.988427996635437,0.983778715133667,0.9870119690895081,0.9643752574920654,0.9824773669242859,0.9948849678039551,0.9829766154289246,0.9820486307144165,0.9837095141410828,0.9840386152267456,1
BSU16150,BSU16160,1,0.9878050088882446,0.9845873117446899,0.9873861074447632,0.9863709211349487,0.9596818685531616,0.9774153232574463,0.9966153502464294,0.9735481142997742,0.9813064932823181,0.9831779599189758,0.9817894458770752,1
BSU16160,BSU16170,1,0.9662712216377258,0.9825031757354736,0.9707111716270447,0.9886077642440796,0.9683533310890198,0.9729383587837219,0.9925780296325684,0.9629979729652405,0.977780282497406,0.9603773355484009,0.9743118643760681,1
BSU16600,BSU16610,1,0.9896764159202576,0.9947917461395264,0.9941980838775635,0.9908406138420105,0.9797278046607971,0.990218460559845,0.9971747398376465,0.9872271418571472,0.9826610684394836,0.9858931303024292,0.9892409205436706,1
BSU16610,BSU16620,1,0.9872373938560486,0.9835304617881775,0.9913956522941589,0.9808152914047241,0.968320906162262,0.9858973622322083,0.9942783117294312,0.9848778247833252,0.9825554490089417,0.9645852446556091,0.9823493897914887,1
BSU16620,BSU16630,1,0.9819463491439819,0.9841684699058533,0.9810944199562073,0.9927734136581421,0.9784756302833557,0.9651383757591248,0.989148736000061,0.9802475571632385,0.9747386574745178,0.9862359762191772,0.981396758556366,1
BSU17040,BSU17050,1,0.9789182543754578,0.9723847508430481,0.9753650426864624,0.9792908430099487,0.9541351199150085,0.9584523439407349,0.9907070398330688,0.971839964389801,0.9746633768081665,0.947198212146759,0.9702954947948456,1
BSU17380,BSU17390,1,0.9809737205505371,0.9862682819366455,0.9785124063491821,0.9861539006233215,0.9653418064117432,0.9623016119003296,0.9945607781410217,0.9734312295913696,0.9634130001068115,0.9781661629676819,0.9769122898578644,1
BSU17450,BSU17460,1,0.9131506085395813,0.9411364793777466,0.9717714786529541,0.9836758375167847,0.88573157787323,0.9392992258071899,0.9303972125053406,0.955235481262207,0.951909601688385,0.9711599349975586,0.9443467438220978,1
BSU17860,BSU17870,1,0.9809024930000305,0.9776206016540527,0.9710452556610107,0.9820466637611389,0.9665250182151794,0.9609001278877258,0.9849656224250793,0.9731863141059875,0.9670363664627075,0.965549111366272,0.9729777574539185,1
BSU17870,BSU17880,1,0.5410316586494446,0.6345468759536743,0.5836524367332458,0.780623197555542,0.6560271978378296,0.6315057277679443,0.685065746307373,0.6401214003562927,0.6246466040611267,0.6635679006576538,0.6440788745880127,1
BSU18020,BSU18030,1,0.25296837091445923,0.5388495922088623,0.8247517347335815,0.7617089152336121,0.2450810819864273,0.3849928379058838,0.5493142008781433,0.15061233937740326,0.10754559189081192,0.2260858565568924,0.40419105216860773,0
BSU19190,BSU19200,1,0.9547892808914185,0.9568336606025696,0.9930753707885742,0.9832695126533508,0.8692430853843689,0.9762557148933411,0.9915059208869934,0.9450973868370056,0.9736757278442383,0.9712499976158142,0.9614995658397675,1
BSU19780,BSU19790,1,0.9612988829612732,0.977262556552887,0.9532517194747925,0.9761465787887573,0.9541813135147095,0.9563355445861816,0.9724369049072266,0.9614332318305969,0.9595094919204712,0.9722987413406372,0.9644154965877533,1
BSU22310,BSU22320,1,0.9630615711212158,0.9340131878852844,0.9734789729118347,0.9558495283126831,0.8962718844413757,0.9374094605445862,0.9481631517410278,0.9175693392753601,0.9748514294624329,0.8816379904747009,0.9382306516170502,1
BSU24000,BSU24010,1,0.7669720649719238,0.860650897026062,0.8502236008644104,0.90777987241745,0.8209571242332458,0.890863835811615,0.8567425608634949,0.8515638709068298,0.8179850578308105,0.9142820835113525,0.8538020968437194,1
BSU24010,BSU24020,1,0.9661547541618347,0.6387541890144348,0.7976465225219727,0.6366432905197144,0.702475368976593,0.6721933484077454,0.9298548102378845,0.7080153822898865,0.7586293816566467,0.5360714197158813,0.7346438467502594,1
BSU26590,BSU26600,1,0.7794211506843567,0.8263551592826843,0.8070988059043884,0.8830857276916504,0.7810653448104858,0.8388779163360596,0.9220297932624817,0.7696822881698608,0.8516428470611572,0.815635621547699,0.8274894654750824,1
BSU29690,BSU29700,1,0.980676531791687,0.9775521159172058,0.9769303202629089,0.9710806012153625,0.9583399891853333,0.9713147878646851,0.9809136390686035,0.9147475957870483,0.9818217754364014,0.9465003609657288,0.9659877717494965,1
BSU29700,BSU29710,1,0.9799792766571045,0.9794904589653015,0.9731410145759583,0.9592370390892029,0.9464572668075562,0.9670324325561523,0.9729424118995667,0.9564039707183838,0.9773846864700317,0.9612194299697876,0.9673287987709045,1
BSU31090,BSU31100,1,0.9722490310668945,0.9523900747299194,0.9476515650749207,0.9467775821685791,0.8887102007865906,0.9403074979782104,0.9851324558258057,0.9219323992729187,0.930703341960907,0.9509184956550598,0.9436772644519806,1
BSU31450,BSU31460,1,0.9734112620353699,0.9814896583557129,0.9807841777801514,0.9931032061576843,0.9631345272064209,0.9839376211166382,0.9817224740982056,0.9761338829994202,0.9663403630256653,0.964439868927002,0.976449704170227,1
BSU31580,BSU31600,1,0.2788189947605133,0.3766328990459442,0.319675087928772,0.17683714628219604,0.33533358573913574,0.4047677218914032,0.294847309589386,0.3212428092956543,0.21082793176174164,0.5307311415672302,0.32497146278619765,0
BSU31600,BSU31610,1,0.9860844612121582,0.9755816459655762,0.9748010039329529,0.9738733768463135,0.9687866568565369,0.9846662878990173,0.986595094203949,0.9729905724525452,0.9771831035614014,0.9827510118484497,0.97833132147789,1
BSU31610,BSU31620,1,0.9905309677124023,0.9660707712173462,0.98361736536026,0.9704092144966125,0.9594178199768066,0.9830583333969116,0.9871101975440979,0.9816887378692627,0.9789646863937378,0.9844923615455627,0.9785360455513,1
BSU31620,BSU31630,1,0.98246169090271,0.9790467023849487,0.9721846580505371,0.9728518128395081,0.9391171336174011,0.9827556014060974,0.9690102934837341,0.979550838470459,0.9796957969665527,0.9801344275474548,0.9736808955669403,1
BSU31630,BSU31640,1,0.9852110743522644,0.9903048276901245,0.9931592345237732,0.9860773086547852,0.9643382430076599,0.9806652069091797,0.9919395446777344,0.9684557318687439,0.9800204038619995,0.9331871271133423,0.9773358702659607,1
BSU31640,BSU31650,1,0.9906948804855347,0.982627809047699,0.981623113155365,0.9770054817199707,0.9596081376075745,0.9839179515838623,0.9898580312728882,0.9810574650764465,0.9768487215042114,0.9885202050209045,0.9811761796474456,1
BSU31650,BSU31660,1,0.9899932742118835,0.9882944226264954,0.9856851100921631,0.9836488962173462,0.971141517162323,0.9932519793510437,0.9877619743347168,0.9769014716148376,0.9859516620635986,0.9924349784851074,0.9855065286159516,1
BSU32420,BSU32430,0,0.5574922561645508,0.46970993280410767,0.534458577632904,0.306037575006485,0.6153916716575623,0.5732794404029846,0.5646620392799377,0.40016937255859375,0.48911160230636597,0.6813657283782959,0.5191678196191788,1
BSU32430,BSU32440,1,0.9688345193862915,0.9330794215202332,0.9793893694877625,0.9617167115211487,0.931708574295044,0.9573284983634949,0.981002151966095,0.9078906178474426,0.9578816294670105,0.9377768635749817,0.9516608357429505,1
BSU32440,BSU32450,1,0.9486134052276611,0.9663443565368652,0.9326897859573364,0.9592587351799011,0.947297990322113,0.9591096639633179,0.8950961232185364,0.9316381812095642,0.9747360944747925,0.9682834148406982,0.9483067750930786,1
BSU32450,BSU32460,1,0.982012927532196,0.961319625377655,0.9542750716209412,0.9436903595924377,0.9324784278869629,0.9707944989204407,0.9657811522483826,0.9439612627029419,0.9719479084014893,0.9437796473503113,0.9570040881633759,1
BSU33010,BSU33020,1,0.9817052483558655,0.977434515953064,0.9836992621421814,0.9702690243721008,0.94056636095047,0.9723364114761353,0.9620952010154724,0.979166567325592,0.9716331362724304,0.9846946001052856,0.9723600327968598,1
BSU33050,BSU33060,1,0.9875479936599731,0.9777711033821106,0.9795209765434265,0.9709557890892029,0.9557353258132935,0.9752253890037537,0.984580397605896,0.9768788814544678,0.9755563735961914,0.9632033109664917,0.9746975541114807,1
BSU33060,BSU33070,1,0.9874112010002136,0.9750155806541443,0.980257511138916,0.9788745045661926,0.9392197132110596,0.9811578392982483,0.9821643233299255,0.9760716557502747,0.9766180515289307,0.9698936939239502,0.9746684074401856,1
BSU34100,BSU34110,1,0.9757248163223267,0.9793993234634399,0.9493134617805481,0.9651748538017273,0.9593316912651062,0.9801568984985352,0.9837108850479126,0.971989631652832,0.9820266366004944,0.9849549531936646,0.9731783151626587,1
BSU34450,BSU34460,1,0.6443878412246704,0.876355767250061,0.952975869178772,0.7519736886024475,0.7340049743652344,0.79783695936203,0.8306833505630493,0.5947622060775757,0.7217140793800354,0.8757778406143188,0.7780472576618195,1
BSU34460,BSU34470,1,0.6230185031890869,0.8097873330116272,0.9113891124725342,0.3656528890132904,0.6940937638282776,0.7517271041870117,0.956249475479126,0.5201771855354309,0.5730133652687073,0.9025550484657288,0.7107663780450821,1
BSU35650,BSU35670,0,0.00627756305038929,0.018511176109313965,0.013902980834245682,0.005439189728349447,0.007623110897839069,0.019879834726452827,0.015268540941178799,0.02367187663912773,0.011854270473122597,0.009598485194146633,0.013202702859416604,0
BSU35750,BSU35760,1,0.9852945804595947,0.973398745059967,0.9877281785011292,0.990966796875,0.9661493301391602,0.9762371182441711,0.9857484698295593,0.9504096508026123,0.9631378650665283,0.9833486080169678,0.976241934299469,1
BSU35760,BSU35770,1,0.7702106237411499,0.5924236178398132,0.657924473285675,0.2693340480327606,0.6969584226608276,0.6982566714286804,0.6322376728057861,0.45376744866371155,0.4569307565689087,0.6148556470870972,0.584289938211441,1
BSU35770,BSU35800,0,0.0006658986676484346,0.0017548850737512112,0.000962496327701956,0.0015328498557209969,0.004819949623197317,0.006350086070597172,0.0010133697651326656,0.0010250316699966788,0.0019241120899096131,0.0005939442198723555,0.00206426233635284,0
BSU35800,BSU35810,1,0.9839887619018555,0.9804996252059937,0.9924399256706238,0.9824548959732056,0.9609963893890381,0.9726153016090393,0.9934496283531189,0.9613660573959351,0.9536373615264893,0.9729490280151367,0.9754396975040436,1
BSU35810,BSU35820,1,0.9860898852348328,0.9718188643455505,0.9857285618782043,0.9716112017631531,0.935401201248169,0.9788116812705994,0.9639539122581482,0.9832618832588196,0.9708411693572998,0.9569276571273804,0.9704446017742157,1
BSU36510,BSU36520,1,0.9804701805114746,0.9832825064659119,0.9727892875671387,0.987023115158081,0.9646066427230835,0.9694773554801941,0.9850215315818787,0.9547332525253296,0.9689021706581116,0.9615738391876221,0.9727879881858825,1
BSU37350,BSU37360,1,0.9892048835754395,0.9812209010124207,0.9741291403770447,0.9645745158195496,0.9818657636642456,0.9914451241493225,0.9577856063842773,0.9801283478736877,0.9910579323768616,0.9830189347267151,0.9794431149959564,1
BSU37360,BSU37370,1,0.8256205916404724,0.9006811380386353,0.8690310120582581,0.9070443511009216,0.9122366905212402,0.8715156316757202,0.7666341066360474,0.7929155230522156,0.8764352798461914,0.9256791472434998,0.8647793471813202,1
BSU37370,BSU37380,1,0.9778345227241516,0.9674704670906067,0.9940629005432129,0.9873732924461365,0.9376890659332275,0.9746625423431396,0.9981186389923096,0.9510722160339355,0.9425952434539795,0.9857678413391113,0.9716646730899811,1
BSU37380,BSU37390,1,0.9789902567863464,0.9541434049606323,0.9543030261993408,0.972589373588562,0.9510908126831055,0.9508894085884094,0.9755695462226868,0.9726951122283936,0.9794781804084778,0.9658929705619812,0.9655642092227936,1
BSU37390,BSU37400,1,0.9912272691726685,0.9795678853988647,0.9788573384284973,0.9773275256156921,0.9785682559013367,0.9847571849822998,0.983756422996521,0.9826943874359131,0.9916596412658691,0.975132405757904,0.9823548316955566,1
BSU37400,BSU37410,1,0.9867249131202698,0.9782274961471558,0.9669078588485718,0.9768853783607483,0.9745422601699829,0.9794983863830566,0.9564721584320068,0.971118688583374,0.9852865934371948,0.9794054627418518,0.9755069196224213,1
BSU37410,BSU37420,1,0.9802311062812805,0.9621981382369995,0.9642314314842224,0.977927565574646,0.9209950566291809,0.9613561034202576,0.9550067186355591,0.9385436773300171,0.9722282290458679,0.9599006772041321,0.9592618703842163,1
BSU37420,BSU37430,1,0.9923672676086426,0.9833897352218628,0.9743056297302246,0.9825333952903748,0.9704335331916809,0.9885334968566895,0.9875323176383972,0.9786890149116516,0.9832682013511658,0.9834249019622803,0.982447749376297,1
BSU38410,BSU38420,1,0.8440638780593872,0.9578893780708313,0.9494548439979553,0.9483468532562256,0.9395372271537781,0.9641271829605103,0.9631965756416321,0.9178374409675598,0.9459700584411621,0.9325006604194641,0.9362924098968506,1
BSU38500,BSU38510,1,0.982218325138092,0.9576495885848999,0.9545885920524597,0.9202821254730225,0.9346523880958557,0.9601033926010132,0.9762657284736633,0.9686453938484192,0.9761673212051392,0.9665775299072266,0.9597150385379791,1
BSU38510,BSU38520,1,0.9369687438011169,0.9678837060928345,0.9648922681808472,0.9791780114173889,0.9225131869316101,0.9631777405738831,0.990198016166687,0.8796778321266174,0.9185823798179626,0.9748862981796265,0.9497958183288574,1
BSU38520,BSU38530,1,0.9748015403747559,0.9564456939697266,0.956643283367157,0.9261859059333801,0.9453824162483215,0.9522278308868408,0.9627553820610046,0.9810869097709656,0.9703400135040283,0.973314642906189,0.9599183619022369,1
BSU38530,BSU38540,1,0.9525399804115295,0.9762372374534607,0.9776934385299683,0.9747591018676758,0.9454712271690369,0.9724770784378052,0.9818231463432312,0.9344264268875122,0.9764707684516907,0.9525964856147766,0.9644494891166687,1
BSU38540,BSU38550,0,0.5662561058998108,0.29894721508026123,0.5292738676071167,0.1546766757965088,0.31865864992141724,0.49368494749069214,0.4282161295413971,0.22454792261123657,0.3049423098564148,0.23037175834178925,0.35495755821466446,0
BSU38550,BSU38630,0,0.0003442553570494056,0.002001898130401969,0.001752890762872994,0.0005309888510964811,0.0014891726896166801,0.00436073774471879,0.005820525344461203,0.0009644539095461369,0.0033054447267204523,0.0004335393605288118,0.0021003906877012923,0
BSU38710,BSU38770,0,0.000199513669940643,0.0008144970634020865,0.0003054208355024457,8.10652127256617e-05,0.0034562060609459877,0.005369970109313726,0.002411229768767953,0.0005755068268626928,0.001051134429872036,0.00029514782363548875,0.0014559691800968722,0
BSU38770,BSU38780,0,0.6495912671089172,0.7128593325614929,0.6840879321098328,0.7976056337356567,0.7026486396789551,0.6987450122833252,0.7877551317214966,0.6985316276550293,0.8394178152084351,0.7708398103713989,0.734208220243454,1
BSU38920,BSU38930,0,0.08667341619729996,0.048605430871248245,0.047335438430309296,0.01003706268966198,0.022786809131503105,0.1645527184009552,0.08049528300762177,0.044229380786418915,0.03869215026497841,0.03504463657736778,0.05784523263573647,0
BSU38930,BSU38940,1,0.20091283321380615,0.29791006445884705,0.3165726661682129,0.14299848675727844,0.24887804687023163,0.34434399008750916,0.2803551256656647,0.35826724767684937,0.23361721634864807,0.19678781926631927,0.2620643496513367,0
BSU39020,BSU39060,0,0.001912517473101616,0.003984814044088125,0.009300610050559044,0.00024488894268870354,0.0036007706075906754,0.01162619236856699,0.011421212926506996,0.0023021202068775892,0.004300455097109079,0.000104385384474881,0.00487979671015637,0
BSU39060,BSU39100,0,0.0013155087362974882,0.00171309569850564,0.006526022683829069,0.0006209260318428278,0.00810063537210226,0.013893838971853256,0.005810018628835678,0.0027972732204943895,0.004158845636993647,0.00026882963720709085,0.004520499461796135,0
BSU39100,BSU39340,0,4.673251896747388e-05,0.00047400049515999854,0.00022401101887226105,0.00012952643737662584,0.00026405020616948605,0.0008931992342695594,8.46917464514263e-05,0.0001222442660946399,0.00028996006585657597,2.3648586648050696e-05,0.0002552064575866098,0
BSU39340,BSU39350,1,0.7943330407142639,0.553404688835144,0.8991269469261169,0.7267619371414185,0.8624463081359863,0.753709077835083,0.6926905512809753,0.5862786173820496,0.5519160032272339,0.8394477963447571,0.7260114967823028,1
BSU39350,BSU39360,1,0.9801601767539978,0.9528040289878845,0.9534302949905396,0.9703400135040283,0.9442865252494812,0.9583550095558167,0.9418734312057495,0.9641930460929871,0.9714899659156799,0.9623628854751587,0.9599295377731323,1
BSU39360,BSU39370,1,0.9804315567016602,0.978265643119812,0.9721323847770691,0.9587130546569824,0.9367155432701111,0.9571770429611206,0.9771432280540466,0.9417722821235657,0.9770536422729492,0.9711406826972961,0.9650545060634613,1
BSU39370,BSU39380,1,0.987177848815918,0.9437320232391357,0.9684833288192749,0.9452019333839417,0.9050151109695435,0.9741895198822021,0.9767166972160339,0.9595234394073486,0.972944974899292,0.9463470578193665,0.9579331934452057,1
BSU39380,BSU39390,1,0.8924323320388794,0.8887672424316406,0.7300170063972473,0.897844672203064,0.9032723903656006,0.9279448986053467,0.8416084051132202,0.8605587482452393,0.922609806060791,0.7358173727989197,0.8600872874259948,1
BSU39390,BSU39580,0,7.691413338761777e-05,0.0007354919798672199,0.00030887327739037573,0.000559217412956059,0.00026413658633828163,0.001065560383722186,0.0001216922901221551,0.00015183049254119396,0.00029647728661075234,7.318257121369243e-05,0.0003653376414149534,0
BSU39580,BSU39590,0,0.09278198331594467,0.033150579780340195,0.22622929513454437,0.022815311327576637,0.06263716518878937,0.07869747281074524,0.07013610750436783,0.08021637052297592,0.07897406071424484,0.007505123037844896,0.0753143469337374,0
BSU39590,BSU39610,0,0.04453226551413536,0.09283260256052017,0.052162960171699524,0.013659772463142872,0.04298169165849686,0.0712839663028717,0.006615806370973587,0.03395863622426987,0.017105428501963615,0.01547977328300476,0.03906129030510783,0
BSU39610,BSU39770,0,7.877565076341853e-05,0.0006540716858580709,0.00016328679339494556,2.74657995760208e-05,0.0007255099480971694,0.0021564604248851538,0.0019489401020109653,0.00032982995617203414,0.0009248956921510398,1.8835480659618042e-05,0.0007028071533568437,0
BSU39770,BSU39780,1,0.9809616804122925,0.9801795482635498,0.9851366877555847,0.9902803897857666,0.9562897086143494,0.9765087366104126,0.9851596355438232,0.9696093201637268,0.9792489409446716,0.9434863924980164,0.9746861040592194,1
BSU39780,BSU39790,0,0.5802879929542542,0.4661855101585388,0.6201878786087036,0.3788463771343231,0.22839108109474182,0.3093905448913574,0.4333728551864624,0.4608287811279297,0.18968278169631958,0.10861280560493469,0.37757866084575653,0
BSU39790,BSU39800,1,0.9920054078102112,0.967944860458374,0.9760238528251648,0.9776275753974915,0.9782947897911072,0.9786659479141235,0.9953700304031372,0.981900691986084,0.9715003967285156,0.9805073142051697,0.9799840867519378,1
BSU39800,BSU39810,0,0.17031128704547882,0.162530317902565,0.251812219619751,0.11239565908908844,0.16205395758152008,0.29675373435020447,0.1411990225315094,0.2305634766817093,0.16667751967906952,0.18845054507255554,0.18827477395534514,0
BSU39810,BSU39840,0,0.0014927946031093597,0.0027465589810162783,0.004898746032267809,0.004077320918440819,0.0023969020694494247,0.010503333993256092,0.0006832682411186397,0.0016753798117861152,0.004005630034953356,0.0010132846655324101,0.0033493219350930305,0
BSU39840,BSU39860,0,0.006093393545597792,0.006208916660398245,0.007398880552500486,0.007562929764389992,0.004489028360694647,0.011239280924201012,0.0017929699970409274,0.0036739225033670664,0.007939234375953674,0.0006674168980680406,0.005706597358221188,0
BSU39890,BSU39900,1,0.9834202527999878,0.9341143369674683,0.9680761098861694,0.9581528306007385,0.8971521854400635,0.9660540819168091,0.9803822636604309,0.9406024217605591,0.9446755647659302,0.9379259347915649,0.9510555982589721,1
BSU39900,BSU39910,1,0.9695864319801331,0.9716622233390808,0.9669554233551025,0.9726613759994507,0.9161847233772278,0.9523204565048218,0.9470659494400024,0.9571858644485474,0.9269822835922241,0.9764266610145569,0.9557031393051147,1
BSU39910,BSU39920,1,0.9808976054191589,0.9825104475021362,0.979272723197937,0.9898459911346436,0.9669210314750671,0.9674091339111328,0.9882876873016357,0.9834280014038086,0.9688677787780762,0.9808565378189087,0.9788296937942504,1
BSU39920,BSU39930,1,0.9926339983940125,0.9736568927764893,0.9824694395065308,0.9782238006591797,0.9689451456069946,0.9891971945762634,0.9875525832176208,0.9781361818313599,0.9862107038497925,0.9719669222831726,0.9808992862701416,1
BSU39930,BSU39960,0,0.000941717007663101,0.0040049124509096146,0.01570945791900158,0.0033328873105347157,0.004999544005841017,0.015402569435536861,0.005949572194367647,0.0016312864609062672,0.002064769621938467,0.0015238545602187514,0.005556057096691802,0
BSU39960,BSU40000,0,0.0006970083923079073,0.0037105015944689512,0.009922731667757034,0.0010443920036777854,0.0010702197905629873,0.00318104843609035,0.000962532649282366,0.0009654582827351987,0.0011968931648880243,0.00017740904877427965,0.0022928195030544885,0
BSU40050,BSU40060,1,0.9821425676345825,0.9657514095306396,0.9698960185050964,0.9720313549041748,0.9428538680076599,0.965465784072876,0.9718837141990662,0.9779457449913025,0.982818067073822,0.9755739569664001,0.970636248588562,1
BSU40060,BSU40070,1,0.9777525663375854,0.9665530920028687,0.9802352786064148,0.9746548533439636,0.9555891752243042,0.9433248043060303,0.9741252660751343,0.931377649307251,0.9626063108444214,0.9677329659461975,0.9633951961994172,1
BSU40070,BSU40080,1,0.9851254224777222,0.9837374091148376,0.9898771643638611,0.9872485399246216,0.9492343664169312,0.9816879034042358,0.9897394180297852,0.979313850402832,0.9834178686141968,0.9793587923049927,0.9808740735054016,1
BSU40080,BSU40090,0,0.382182776927948,0.38946864008903503,0.6095913052558899,0.2924400269985199,0.20773300528526306,0.40968769788742065,0.20413823425769806,0.2834542691707611,0.14550700783729553,0.20257554948329926,0.312677851319313,0
BSU40090,BSU40100,1,0.9856136441230774,0.9810481071472168,0.9880044460296631,0.990842878818512,0.9582505226135254,0.9822255373001099,0.9948183298110962,0.967177152633667,0.9857430458068848,0.9840989708900452,0.9817822635173797,1
BSU40100,BSU40130,0,0.014473133720457554,0.019392354413866997,0.018536057323217392,0.0031136716715991497,0.006054660305380821,0.014220681972801685,0.021609535440802574,0.019168084487318993,0.0042785899713635445,0.004953628405928612,0.012580039771273732,0
BSU40300,BSU40310,1,0.9879217743873596,0.986168622970581,0.9746928811073303,0.9679033160209656,0.9792959690093994,0.9865005016326904,0.9892049431800842,0.9662097692489624,0.978561520576477,0.9781278967857361,0.9794587194919586,1
BSU40310,BSU40350,0,0.00019619986414909363,0.0006245629047043622,0.0002693388960324228,0.0003043438773602247,0.0026158776599913836,0.004859335720539093,0.0009306477149948478,0.0004436908639036119,0.0012503035832196474,0.0002864555863197893,0.0011780756671214477,0
BSU40480,BSU40490,1,0.8642349243164062,0.8808794617652893,0.9736273288726807,0.9630301594734192,0.8300331234931946,0.7700119018554688,0.8328202366828918,0.7225069403648376,0.7792584300041199,0.8348551988601685,0.8451257705688476,1
BSU40580,BSU40590,1,0.848822832107544,0.8232854604721069,0.915622889995575,0.8952630162239075,0.8234835863113403,0.7743213176727295,0.9106805324554443,0.7408415675163269,0.6204257011413574,0.9522029757499695,0.8304949879646302,1
BSU40590,BSU40600,1,0.9929644465446472,0.9621308445930481,0.990817129611969,0.9850133061408997,0.9845566749572754,0.9901973009109497,0.9921765923500061,0.9832820296287537,0.9897336363792419,0.9943335652351379,0.9865205526351929,1
BSU40600,BSU40610,1,0.964699387550354,0.961423397064209,0.9606688618659973,0.9676451683044434,0.9664772152900696,0.951073944568634,0.9270250201225281,0.955493152141571,0.9850897192955017,0.9727113246917725,0.9612307190895081,1
BSU40610,BSU40620,1,0.9825740456581116,0.9829705357551575,0.9827936887741089,0.9807548522949219,0.9687812328338623,0.9776013493537903,0.9643058180809021,0.9734242558479309,0.9819286465644836,0.9872415065765381,0.9782375931739807,1
BSU40620,BSU40650,0,0.0009506534552201629,0.0029477558564394712,0.005263492930680513,0.0011182884918525815,0.003553727874532342,0.007829594425857067,0.0021959601435810328,0.001466076006181538,0.0036675536539405584,0.0003132506681140512,0.002930635350639932,0
BSU40650,BSU40670,0,0.01535608060657978,0.013127249665558338,0.05908449739217758,0.014640908688306808,0.018587686121463776,0.03391531482338905,0.039274394512176514,0.005592899397015572,0.014098540879786015,0.0035674383398145437,0.021724501042626798,0
BSU40670,BSU40680,1,0.9547926783561707,0.9107733368873596,0.9571383595466614,0.9525668621063232,0.8879435658454895,0.9582041501998901,0.9611386656761169,0.9069748520851135,0.90642911195755,0.9398282170295715,0.9335789799690246,1
BSU40680,BSU40690,1,0.6116291284561157,0.82926344871521,0.8361307978630066,0.8360952138900757,0.7701548933982849,0.9092584848403931,0.7867276668548584,0.8053595423698425,0.8308796286582947,0.9292523264884949,0.8144751131534577,1
BSU40690,BSU40720,0,0.0016220433171838522,0.003756130812689662,0.000626172055490315,0.002444232814013958,0.0024926422629505396,0.012531755492091179,0.00825684517621994,0.002065300242975354,0.005435737781226635,0.0003855808754451573,0.003961644083028659,0
BSU40720,BSU40730,1,0.9920598864555359,0.9913431406021118,0.9831973314285278,0.9864720702171326,0.9854835271835327,0.991899311542511,0.9807392954826355,0.9872116446495056,0.9908123016357422,0.990030825138092,0.9879249334335327,1
BSU40950,BSU40980,0,0.0005327266990207136,0.0015559092862531543,0.0012822204735130072,0.0017567437607795,0.002975878305733204,0.009855995886027813,0.0007538580102846026,0.001477997750043869,0.0017130457563325763,0.0009309208835475147,0.0022835296811535956,0
BSU40980,BSU00010,0,0.00010126193956239149,0.0004204915603622794,0.00011763976362999529,0.0001222672435687855,0.0004755280970130116,0.0017698268638923764,0.0003566610685084015,0.0003103204653598368,0.0006727543659508228,0.0001883161603473127,0.00045350675281952135,0
BSU41060,BSU41050,1,0.5615018010139465,0.8558860421180725,0.6929020285606384,0.8356198668479919,0.7117377519607544,0.7942625880241394,0.8630318641662598,0.6086322069168091,0.7107190489768982,0.7275066375732422,0.7361799836158752,1
BSU41050,BSU41040,1,0.8482204079627991,0.9006863832473755,0.922153890132904,0.8535466194152832,0.8462110757827759,0.926825225353241,0.7898315191268921,0.9074655175209045,0.8733807802200317,0.9642044305801392,0.8832525849342346,1
BSU41040,BSU41030,1,0.9809927940368652,0.9767424464225769,0.9602181315422058,0.9772239923477173,0.9477584362030029,0.9562023878097534,0.9632685780525208,0.9713506698608398,0.9646695256233215,0.9747869372367859,0.967321389913559,1
BSU41030,BSU41020,0,0.8788660168647766,0.5459291338920593,0.48690614104270935,0.2613469660282135,0.36897194385528564,0.651168704032898,0.532486081123352,0.4831991493701935,0.5566219091415405,0.34309232234954834,0.5108588367700577,1
BSU41020,BSU41010,1,0.9817880392074585,0.9790292382240295,0.9919726252555847,0.9772774577140808,0.9711893200874329,0.9651565551757812,0.9951140880584717,0.9877640008926392,0.9716498255729675,0.9816730618476868,0.9802614212036133,1
BSU41010,BSU41000,1,0.9898164868354797,0.987996518611908,0.9883629679679871,0.9895370602607727,0.9759130477905273,0.9821552038192749,0.9960553646087646,0.9693794250488281,0.9755558371543884,0.9799337387084961,0.9834705650806427,1
BSU41000,BSU40990,1,0.7668859958648682,0.8224850296974182,0.8265926241874695,0.8666284680366516,0.819099485874176,0.9222551584243774,0.8546918034553528,0.7075729370117188,0.9078325033187866,0.6698673963546753,0.8163911402225494,1
BSU40990,BSU40970,0,0.0723637267947197,0.046024780720472336,0.02644047699868679,0.0060033053159713745,0.02654518373310566,0.11017807573080063,0.05587051063776016,0.09201544523239136,0.028507042676210403,0.04904734343290329,0.05129958912730217,0
BSU40970,BSU40960,1,0.9794163703918457,0.9677549600601196,0.9599736928939819,0.9546098709106445,0.9429313540458679,0.9567517042160034,0.9651633501052856,0.9746013283729553,0.9773446917533875,0.9531415700912476,0.9631688892841339,1
BSU40960,BSU40940,0,0.033058322966098785,0.026976024731993675,0.016341984272003174,0.0025216175708919764,0.01701352372765541,0.04522107169032097,0.016513587906956673,0.02379053644835949,0.013416307047009468,0.0037868607323616743,0.01986398370936513,0
BSU40930,BSU40920,1,0.8136947154998779,0.8987158536911011,0.8716073036193848,0.9435223937034607,0.8824538588523865,0.9111145734786987,0.8667535781860352,0.8514394760131836,0.8573442101478577,0.9373582601547241,0.883400422334671,1
BSU40920,BSU40910,1,0.5051074028015137,0.5197661519050598,0.5915898084640503,0.41017183661460876,0.4176197946071625,0.47131550312042236,0.4602172076702118,0.5345893502235413,0.336049884557724,0.6763231158256531,0.49227500557899473,0
BSU40910,BSU40900,1,0.7766659259796143,0.8736498355865479,0.9721801280975342,0.9297680258750916,0.8315849304199219,0.8778883218765259,0.8903688788414001,0.815792977809906,0.795591413974762,0.9332977533340454,0.8696788191795349,1
BSU40900,BSU40890,1,0.6663254499435425,0.6650524139404297,0.26351168751716614,0.6952933669090271,0.545958936214447,0.7080027461051941,0.7024012804031372,0.553884744644165,0.5464659929275513,0.9395036101341248,0.6286400228738784,1
BSU40890,BSU40880,0,0.7510693669319153,0.6552805304527283,0.9813662171363831,0.12230296432971954,0.717292845249176,0.6787548661231995,0.8033472895622253,0.4725755453109741,0.27710407972335815,0.8216887712478638,0.6280782476067543,1
BSU40880,BSU40870,1,0.6958112120628357,0.4036949872970581,0.7903690934181213,0.32659482955932617,0.6072473526000977,0.7452338337898254,0.7485333681106567,0.379344642162323,0.4425535202026367,0.7743757963180542,0.5913758635520935,1
BSU40870,BSU40860,1,0.683289110660553,0.6410773396492004,0.559757649898529,0.26988035440444946,0.6702954173088074,0.8097352981567383,0.49258965253829956,0.5063714981079102,0.5676491856575012,0.8303287029266357,0.6030974209308624,1
BSU40860,BSU40850,1,0.9288091063499451,0.9662208557128906,0.8998178243637085,0.9111300110816956,0.9238923788070679,0.9548638463020325,0.9864185452461243,0.9346473813056946,0.9214960336685181,0.9697443246841431,0.939704030752182,1
BSU40850,BSU40830,0,0.0020051838364452124,0.013168249279260635,0.03355242684483528,0.002338587073609233,0.004570955876260996,0.01404988206923008,0.017586182802915573,0.0068284813314676285,0.005539804697036743,0.0017309756949543953,0.010137072950601577,0
BSU40660,BSU40640,0,0.004891302436590195,0.00984009075909853,0.006098157726228237,0.0063108112663030624,0.0044282409362494946,0.023185407742857933,0.004639951977878809,0.004708120599389076,0.005785992834717035,0.002953574527055025,0.00728416508063674,0
BSU40640,BSU40630,1,0.8232767581939697,0.8467472195625305,0.9597769379615784,0.9493722319602966,0.855741024017334,0.9535844326019287,0.7672997117042542,0.9324005246162415,0.936897337436676,0.9347365498542786,0.8959832727909088,1
BSU40560,BSU40540,0,0.0004607716982718557,0.0010752533562481403,0.0007406510412693024,0.0003351181512698531,0.0032930904999375343,0.005190018564462662,0.00023352319840341806,0.0010213077766820788,0.0011907347943633795,0.0003123018250335008,0.0013852770905941724,0
BSU40410,BSU40400,1,0.9900835752487183,0.9899161458015442,0.993787944316864,0.9900782704353333,0.9795023798942566,0.9768902659416199,0.9985290169715881,0.9901657700538635,0.9819427132606506,0.988997220993042,0.9879893302917481,1
BSU40400,BSU40390,1,0.9860945343971252,0.9774228930473328,0.9740027189254761,0.9719840884208679,0.9731288552284241,0.9790661931037903,0.9892271757125854,0.9722106456756592,0.985923707485199,0.9656010866165161,0.9774661898612976,1
BSU40390,BSU40380,1,0.9896097779273987,0.9733777642250061,0.9796586632728577,0.9669415354728699,0.9768399000167847,0.9777460098266602,0.995713472366333,0.9773663878440857,0.9809379577636719,0.9650625586509705,0.9783254027366638,1
BSU40380,BSU40370,1,0.9728611707687378,0.9644437432289124,0.9631890654563904,0.9267266392707825,0.9109564423561096,0.9582617282867432,0.9120087027549744,0.8255394697189331,0.9637757539749146,0.9485552906990051,0.9346318006515503,1
BSU40370,BSU40360,1,0.755691647529602,0.951302707195282,0.9320576786994934,0.6542988419532776,0.8805460333824158,0.883297324180603,0.9379241466522217,0.7482190132141113,0.8803223967552185,0.9285179376602173,0.8552177727222443,1
BSU40340,BSU40330,1,0.8469193577766418,0.870392918586731,0.7723576426506042,0.9002222418785095,0.7871342897415161,0.896634042263031,0.8315475583076477,0.7850893139839172,0.8057103157043457,0.8661430478096008,0.8362150728702545,1
BSU40330,BSU40320,1,0.8911795616149902,0.958143949508667,0.9677321314811707,0.9579969048500061,0.9182933568954468,0.9571690559387207,0.9012895822525024,0.9264647960662842,0.9511072635650635,0.9667021036148071,0.9396078705787658,1
BSU40320,BSU40290,0,0.007066062651574612,0.011352159082889557,0.006824730895459652,0.0007101176306605339,0.0033252618741244078,0.007480113301426172,0.006397759076207876,0.006885529030114412,0.0036439227405935526,0.002987707033753395,0.005667336331680417,0
BSU40290,BSU40280,0,0.3070839047431946,0.3808780610561371,0.23664557933807373,0.07590813934803009,0.3145877718925476,0.4995851516723633,0.47980403900146484,0.1639934629201889,0.18881559371948242,0.07345787435770035,0.2720759578049183,0
BSU40280,BSU40270,1,0.9727122783660889,0.9437036514282227,0.933297872543335,0.9676385521888733,0.9043645858764648,0.9479483366012573,0.9270793199539185,0.9325627088546753,0.9176527261734009,0.9412020444869995,0.9388162076473237,1
BSU40180,BSU40170,1,0.8551548719406128,0.7523940205574036,0.8920681476593018,0.7330102324485779,0.8616372346878052,0.7818014621734619,0.8402619361877441,0.6905733346939087,0.6754237413406372,0.6062021255493164,0.768852710723877,1
BSU40170,BSU40160,1,0.9855450391769409,0.9515386819839478,0.9464355707168579,0.9643294811248779,0.9415059089660645,0.9686416983604431,0.944137692451477,0.970116913318634,0.9737966656684875,0.9787415862083435,0.9624789237976075,1
BSU40160,BSU40150,1,0.525555431842804,0.8278020024299622,0.9228829145431519,0.8875768780708313,0.6896895170211792,0.7988250851631165,0.8873277306556702,0.6215901970863342,0.6090586185455322,0.9126654863357544,0.7682973861694335,1
BSU40150,BSU40140,1,0.983842134475708,0.9727992415428162,0.952012300491333,0.9859008193016052,0.960495114326477,0.9640882015228271,0.9959619045257568,0.9621674418449402,0.9505795240402222,0.9786126017570496,0.9706459283828736,1
BSU40140,BSU40120,0,0.0011405618861317635,0.005104596260935068,0.05239402502775192,0.0030907699838280678,0.006872165948152542,0.012034852057695389,0.0178302563726902,0.0024735950864851475,0.0032091804314404726,0.0008074574870988727,0.010495746054220944,0
BSU40120,BSU40110,1,0.9785104393959045,0.9753471612930298,0.9669469594955444,0.9613847732543945,0.9312901496887207,0.9552325010299683,0.974469780921936,0.9592411518096924,0.9621617197990417,0.9735166430473328,0.9638101279735565,1
BSU40110,BSU40040,0,0.00013222696725279093,0.0006939509767107666,0.0003144122310914099,0.00018431174976285547,0.0003692091559059918,0.0013365906197577715,0.0002021419641096145,0.0002691699774004519,0.0005332943401299417,0.00010438398749101907,0.00041396919696126135,0
BSU40040,BSU40030,1,0.8386571407318115,0.9380075931549072,0.9625586271286011,0.9328965544700623,0.880204439163208,0.909065842628479,0.948090136051178,0.8912354111671448,0.9058049321174622,0.9549291729927063,0.9161449849605561,1
BSU40030,BSU40010,0,0.007318529766052961,0.011608495377004147,0.0071114422753453255,0.015213563106954098,0.007132621016353369,0.03811215981841087,0.014470567926764488,0.012017622590065002,0.01902763918042183,0.0018497989512979984,0.01338624400086701,0
BSU40010,BSU39990,0,0.004560597240924835,0.006811965722590685,0.04464459419250488,0.008124589920043945,0.006718176417052746,0.02865438163280487,0.04653402790427208,0.005557541269809008,0.0047215004451572895,0.015526961535215378,0.017185433628037573,0
BSU39990,BSU39980,0,0.8257265090942383,0.5632808208465576,0.8777928352355957,0.24495907127857208,0.7968892455101013,0.8292261958122253,0.37349933385849,0.4362860918045044,0.666668713092804,0.699349582195282,0.6313678398728371,1
BSU39980,BSU39970,1,0.6789237856864929,0.8592135310173035,0.9018511772155762,0.6572961807250977,0.8307297229766846,0.8647816777229309,0.8521111011505127,0.5985205769538879,0.8603217005729675,0.8639358878135681,0.7967685341835022,1
BSU39970,BSU39950,0,0.010596461594104767,0.01846439205110073,0.06241665035486221,0.012862960807979107,0.013374771922826767,0.028966408222913742,0.004105932079255581,0.007682920433580875,0.011357692070305347,0.0013060300843790174,0.017113421962130816,0
BSU39950,BSU39940,1,0.7474337816238403,0.8167381882667542,0.8420006632804871,0.855626106262207,0.7839653491973877,0.8598304986953735,0.8480277061462402,0.8190314173698425,0.8893283009529114,0.753553032875061,0.8215535044670105,1
BSU39940,BSU39880,0,0.0005924645811319351,0.0035433887969702482,0.0010768058709800243,0.00010856449807761237,0.0007890637498348951,0.0027526230551302433,0.001518756034784019,0.0015941146994009614,0.0023803971707820892,0.00014324196672532707,0.0014499420423817356,0
BSU39880,BSU39870,1,0.7604347467422485,0.8770685195922852,0.9126599431037903,0.8503604531288147,0.7691308259963989,0.8445630073547363,0.9122829437255859,0.6246386170387268,0.711203932762146,0.7999032735824585,0.8062246263027191,1
BSU39870,BSU39850,0,0.009963983669877052,0.01708148419857025,0.044552192091941833,0.016022244468331337,0.02937902696430683,0.031160395592451096,0.07076030224561691,0.009863520041108131,0.006981218233704567,0.006320405285805464,0.02420847727917135,0
BSU39760,BSU39750,1,0.9419781565666199,0.9622408151626587,0.9638238549232483,0.9429453015327454,0.9272120594978333,0.958087146282196,0.9768126606941223,0.907322883605957,0.9531199932098389,0.9536032676696777,0.9487146139144897,1
BSU39750,BSU39740,1,0.9726547598838806,0.9823559522628784,0.9872604608535767,0.9825690388679504,0.9688685536384583,0.9640492796897888,0.9858147501945496,0.9292977452278137,0.9756222367286682,0.9717040061950684,0.9720196783542633,1
BSU39740,BSU39730,1,0.9784170389175415,0.9825495481491089,0.9699854850769043,0.9679563045501709,0.9441471099853516,0.9561474323272705,0.9781382083892822,0.9562508463859558,0.9751968383789062,0.9639772772789001,0.9672766089439392,1
BSU39730,BSU39720,1,0.9775628447532654,0.9836704134941101,0.960663378238678,0.9664813280105591,0.9345810413360596,0.9695255756378174,0.9718601107597351,0.9530129432678223,0.9823729395866394,0.9554038047790527,0.9655134379863739,1
BSU39720,BSU39710,1,0.9812034368515015,0.972829282283783,0.9915772080421448,0.993847131729126,0.9503931403160095,0.9677755236625671,0.9961745738983154,0.9622706174850464,0.980233907699585,0.9774460792541504,0.9773750901222229,1
BSU39710,BSU39700,1,0.990718424320221,0.9876143932342529,0.9896970391273499,0.9858759045600891,0.9720940589904785,0.9755046367645264,0.9967381358146667,0.9843826293945312,0.979124128818512,0.9837983846664429,0.984554773569107,1
BSU39700,BSU39690,1,0.9747065901756287,0.9798872470855713,0.9722821712493896,0.9822002649307251,0.9703267216682434,0.9774246215820312,0.9696646928787231,0.9478338360786438,0.975241482257843,0.9839430451393127,0.9733510673046112,1
BSU39690,BSU39680,1,0.95558100938797,0.948989748954773,0.9143262505531311,0.9574272632598877,0.9374945759773254,0.9522390365600586,0.9518707394599915,0.9229768514633179,0.949990451335907,0.9709842801094055,0.9461880207061768,1
BSU39680,BSU39670,1,0.9740992784500122,0.9582292437553406,0.970278263092041,0.9645371437072754,0.9491076469421387,0.9653292894363403,0.9477312564849854,0.9493468999862671,0.97482830286026,0.9416623115539551,0.9595149636268616,1
BSU39670,BSU39660,0,0.4200579822063446,0.35391682386398315,0.3127628266811371,0.08505138754844666,0.3249450623989105,0.40792083740234375,0.2415388971567154,0.32260558009147644,0.2223229706287384,0.26796457171440125,0.29590869396924974,0
BSU39660,BSU39650,1,0.9930641651153564,0.9793649911880493,0.9822952747344971,0.9845268726348877,0.9689128398895264,0.9882581233978271,0.9924774169921875,0.9897782206535339,0.9910649061203003,0.9889792799949646,0.985872209072113,1
BSU39600,BSU39570,0,0.0019711898639798164,0.008668353781104088,0.007949883118271828,0.0011977511458098888,0.0030219792388379574,0.010676506906747818,0.01594695821404457,0.003965497482568026,0.006916678510606289,0.0010416344739496708,0.006135643273591995,0
BSU39570,BSU39560,1,0.9930803775787354,0.9752366542816162,0.9771016240119934,0.980940043926239,0.9705647230148315,0.9894506335258484,0.9911041259765625,0.982724130153656,0.9881501197814941,0.9899539947509766,0.9838306427001953,1
BSU39560,BSU39550,1,0.9062042832374573,0.9410721063613892,0.9187084436416626,0.9219919443130493,0.9090130925178528,0.9267066717147827,0.9293950796127319,0.9026597142219543,0.9237547516822815,0.9572689533233643,0.9236775040626526,1
BSU39550,BSU39540,0,0.5570586323738098,0.3734418749809265,0.5117082595825195,0.1682279407978058,0.41509386897087097,0.4612618684768677,0.7032923698425293,0.2929345667362213,0.196250781416893,0.2655755877494812,0.3944845750927925,0
BSU39540,BSU39530,1,0.9906609058380127,0.9717387557029724,0.9607849717140198,0.9500308632850647,0.9813690185546875,0.9858642220497131,0.9922642111778259,0.967721164226532,0.9779461026191711,0.9783057570457458,0.9756685972213746,1
BSU39530,BSU39520,0,0.5540635585784912,0.7754162549972534,0.7313734889030457,0.7491673827171326,0.6733633875846863,0.7405370473861694,0.7280576825141907,0.8306411504745483,0.6666439175605774,0.8216888904571533,0.7270952761173248,1
BSU39520,BSU39510,1,0.9831658005714417,0.9391316771507263,0.9528814554214478,0.9666704535484314,0.9377430081367493,0.9720824360847473,0.9860898852348328,0.952031135559082,0.9680594801902771,0.9496178030967712,0.9607473134994506,1
BSU39510,BSU39500,1,0.9857863783836365,0.9849083423614502,0.9913829565048218,0.9944571852684021,0.9689829349517822,0.9824204444885254,0.9833337068557739,0.9697644710540771,0.9851090908050537,0.9818163514137268,0.982796186208725,1
BSU39500,BSU39490,1,0.9120644330978394,0.952129602432251,0.9244760274887085,0.9423983097076416,0.9162778854370117,0.9525300860404968,0.8573748469352722,0.9391807317733765,0.9358914494514465,0.91964191198349,0.9251965284347534,1
BSU39490,BSU39480,1,0.9829713702201843,0.9825843572616577,0.9865053296089172,0.9862953424453735,0.970101535320282,0.9771650433540344,0.9838331341743469,0.9610208868980408,0.9794584512710571,0.9733703136444092,0.9783305764198303,1
BSU39480,BSU39470,1,0.932100772857666,0.9555416703224182,0.9622675180435181,0.9513023495674133,0.9061065316200256,0.9542251229286194,0.973366379737854,0.9315937757492065,0.961957573890686,0.9134172201156616,0.9441878914833068,1
BSU39470,BSU39460,1,0.9897890090942383,0.9522094130516052,0.9667292237281799,0.962571918964386,0.9399977922439575,0.9785463213920593,0.9829208254814148,0.9691696763038635,0.9839724898338318,0.9657818078994751,0.9691688477993011,1
BSU39460,BSU39450,0,0.5923322439193726,0.7549409866333008,0.568081796169281,0.7453336119651794,0.7502968907356262,0.790608286857605,0.679521381855011,0.6049774289131165,0.8138994574546814,0.6965976357460022,0.6996589720249176,1
BSU39450,BSU39440,1,0.8630864024162292,0.8460755944252014,0.983722984790802,0.8547840118408203,0.9367825388908386,0.9158146381378174,0.9616323113441467,0.8036929965019226,0.8563534617424011,0.9300099015235901,0.895195484161377,1
BSU39440,BSU39430,0,0.36541542410850525,0.3256460428237915,0.18881657719612122,0.12351460754871368,0.4554601311683655,0.5713621973991394,0.20048217475414276,0.31596145033836365,0.4084950387477875,0.4356256127357483,0.33907792568206785,0
BSU39430,BSU39420,1,0.5918187499046326,0.5393930077552795,0.47219884395599365,0.28737205266952515,0.6565738916397095,0.6682410836219788,0.4412404000759125,0.3278806805610657,0.44992050528526306,0.6105747222900391,0.50452139377594,1
BSU39420,BSU39410,1,0.9236592650413513,0.9401606917381287,0.9793725609779358,0.9752596020698547,0.9128325581550598,0.9428057670593262,0.9521378874778748,0.8692809343338013,0.9008632898330688,0.9558910131454468,0.9352263569831848,1
BSU39410,BSU39400,1,0.9745067954063416,0.9815253615379333,0.9787411093711853,0.9859984517097473,0.9480887055397034,0.960359513759613,0.9896832704544067,0.9547886848449707,0.9621065258979797,0.9748681783676147,0.9710666596889496,1
BSU39330,BSU39320,0,0.057726092636585236,0.12452170252799988,0.04594980180263519,0.01641402207314968,0.050307612866163254,0.11795712262392044,0.05669741705060005,0.0743316039443016,0.0467555932700634,0.05293002352118492,0.06435909923166036,0
BSU39290,BSU39280,0,0.9228657484054565,0.9302776455879211,0.9674147367477417,0.9550978541374207,0.8910329341888428,0.9383268356323242,0.9307710528373718,0.9238678216934204,0.9201301336288452,0.8634452223777771,0.9243229985237121,1
BSU39280,BSU39270,0,0.13895289599895477,0.1936628669500351,0.16763655841350555,0.02350798435509205,0.07499337196350098,0.2043723315000534,0.08170336484909058,0.18583151698112488,0.14271734654903412,0.08904899656772614,0.13024272341281176,0
BSU39270,BSU39260,1,0.9821481704711914,0.9763381481170654,0.9850535988807678,0.9810276627540588,0.9518264532089233,0.9650006890296936,0.9967525005340576,0.9732742309570312,0.9670771956443787,0.9726023077964783,0.9751100957393646,1
BSU39260,BSU39250,1,0.7372226119041443,0.8721454739570618,0.9053658246994019,0.8223344683647156,0.8002423048019409,0.8409245610237122,0.9227690696716309,0.8274067640304565,0.7714263200759888,0.792508065700531,0.8292345464229584,1
BSU39250,BSU39240,0,0.5323061347007751,0.2983274757862091,0.3840545117855072,0.08682429045438766,0.25922858715057373,0.5599971413612366,0.3259126543998718,0.4599936902523041,0.30791959166526794,0.442729651927948,0.3657293729484081,0
BSU39240,BSU39230,0,0.8928137421607971,0.7345238924026489,0.44948482513427734,0.5265319347381592,0.6953038573265076,0.886110246181488,0.3560348451137543,0.7489820718765259,0.8830299377441406,0.5162394046783447,0.6689054757356644,1
BSU39230,BSU39220,1,0.966830313205719,0.9517926573753357,0.9564223289489746,0.9417547583580017,0.9165902137756348,0.9361603260040283,0.9578085541725159,0.87986820936203,0.9472501277923584,0.9586342573165894,0.9413111746311188,1
BSU39120,BSU39110,1,0.9431555867195129,0.961917519569397,0.9522895812988281,0.9865948557853699,0.9080061316490173,0.954347550868988,0.9456994533538818,0.9481926560401917,0.9481621384620667,0.978313684463501,0.9526679158210755,1
BSU39080,BSU39070,1,0.2668441832065582,0.11564496904611588,0.3607114553451538,0.09060223400592804,0.09713076800107956,0.22152626514434814,0.3007076680660248,0.15610216557979584,0.1372385174036026,0.7541125416755676,0.2500620767474174,0
BSU39070,BSU39050,0,0.021626025438308716,0.08558372408151627,0.08089681714773178,0.03299561142921448,0.04414992406964302,0.03886368125677109,0.06166243553161621,0.03193477913737297,0.007156928535550833,0.00949169136583805,0.041436161799356344,0
BSU39050,BSU39040,1,0.8840279579162598,0.9319904446601868,0.9515814185142517,0.9112454056739807,0.8911184668540955,0.8907179832458496,0.96001136302948,0.8397745490074158,0.8076856136322021,0.7774548530578613,0.8845608055591583,1
BSU39040,BSU39010,0,0.0004513224703259766,0.0021361946128308773,0.002309388481080532,0.0012672303710132837,0.0017368964618071914,0.003338726470246911,0.0006925094057805836,0.001018325798213482,0.0014047138392925262,0.00018104795890394598,0.001453635586949531,0
BSU39010,BSU39000,0,0.8599088191986084,0.6238566040992737,0.7062182426452637,0.24337461590766907,0.7039677500724792,0.8316590189933777,0.6668589115142822,0.532595157623291,0.6320487856864929,0.7894399762153625,0.65899278819561,1
BSU39000,BSU38990,1,0.9728330969810486,0.9779951572418213,0.9832302331924438,0.9712335467338562,0.9546698331832886,0.9574724435806274,0.9952048659324646,0.9579850435256958,0.9550457000732422,0.9704033136367798,0.9696073234081268,1
BSU38990,BSU38980,1,0.9911586046218872,0.9705432057380676,0.9704006910324097,0.9799045920372009,0.9599367380142212,0.9882267713546753,0.9878900051116943,0.9750279188156128,0.9854896068572998,0.9739001989364624,0.9782478332519531,1
BSU38980,BSU38970,1,0.9083298444747925,0.9194104671478271,0.943498969078064,0.9403858780860901,0.8713558912277222,0.8636904358863831,0.9180834293365479,0.7760440111160278,0.9272939562797546,0.8740187883377075,0.8942111670970917,1
BSU38840,BSU38820,0,0.007352575194090605,0.00971350260078907,0.013871760107576847,0.0005155049148015678,0.007371122948825359,0.024073386564850807,0.02177397906780243,0.006703554652631283,0.005865049082785845,0.00028212604229338467,0.00975225611764472,0
BSU38820,BSU38810,1,0.8111727237701416,0.8780927062034607,0.8510710597038269,0.8775736093521118,0.8184598088264465,0.931349515914917,0.8249433040618896,0.8573300838470459,0.9263775944709778,0.9027020931243896,0.8679072499275208,1
BSU38810,BSU38800,0,0.5659382939338684,0.5132760405540466,0.2548278570175171,0.16903769969940186,0.37681275606155396,0.5420860052108765,0.38493573665618896,0.4152775704860687,0.4707622826099396,0.22429145872592926,0.39172457009553907,0
BSU38800,BSU38760,0,0.0005799452192150056,0.00516247283667326,0.008481710217893124,0.0017913629999384284,0.0014795905444771051,0.003367154859006405,0.0033174389973282814,0.0015053420793265104,0.0019589941948652267,0.000964212289545685,0.002860822423826903,0
BSU38760,BSU38750,1,0.98480623960495,0.9690112471580505,0.9658348560333252,0.9429485201835632,0.9465210437774658,0.9699338674545288,0.9837514758110046,0.9553297758102417,0.9740832448005676,0.9372308850288391,0.9629451155662536,1
BSU38750,BSU38740,1,0.9864304065704346,0.9693235158920288,0.9658424258232117,0.9545348882675171,0.9498820900917053,0.9686151146888733,0.9759560227394104,0.9606567025184631,0.9726476669311523,0.9643756747245789,0.9668264508247375,1
BSU38740,BSU38730,1,0.988574743270874,0.9791682362556458,0.9834483861923218,0.9747353792190552,0.9733598828315735,0.9735741019248962,0.9899390339851379,0.9662157893180847,0.9834127426147461,0.977867841720581,0.9790296137332917,1
BSU38730,BSU38720,0,0.8882623910903931,0.59944748878479,0.6768538355827332,0.18703700602054596,0.42446181178092957,0.7193804383277893,0.6406433582305908,0.5506134033203125,0.6658307909965515,0.41462841629981995,0.5767158940434456,1
BSU38720,BSU38700,0,0.011736489832401276,0.00631454773247242,0.004783065523952246,0.014608322642743587,0.011947727762162685,0.02171248383820057,0.00864443089812994,0.0048093125224113464,0.01460979413241148,0.002818693872541189,0.010198486875742674,0
BSU38700,BSU38690,1,0.9905035495758057,0.9864482879638672,0.9774858951568604,0.9783106446266174,0.972356915473938,0.9868078231811523,0.9832507371902466,0.970400333404541,0.986031711101532,0.9834031462669373,0.9814999043941498,1
BSU38690,BSU38680,1,0.9880698919296265,0.958506166934967,0.986272394657135,0.9715038537979126,0.9652144312858582,0.97152179479599,0.9638006687164307,0.9869410991668701,0.9722962975502014,0.9818911552429199,0.9746017754077911,1
BSU38680,BSU38670,1,0.9926673769950867,0.9887351393699646,0.983370304107666,0.9871309995651245,0.9803748726844788,0.9920727610588074,0.989901602268219,0.9852218627929688,0.9882110357284546,0.9902657866477966,0.9877951741218567,1
BSU38670,BSU38660,1,0.9836010932922363,0.9890190958976746,0.9729335904121399,0.9667206406593323,0.9707769155502319,0.9857639670372009,0.949757993221283,0.9797375202178955,0.9742104411125183,0.9874764084815979,0.9759997665882111,1
BSU38660,BSU38650,1,0.9896872639656067,0.975916862487793,0.9833528399467468,0.9805307984352112,0.9597047567367554,0.9815407991409302,0.9861301779747009,0.9801173806190491,0.9800164103507996,0.9831805229187012,0.9800177812576294,1
BSU38650,BSU38620,0,0.0020639386493712664,0.0021441783756017685,0.0002959412813652307,0.0017018878133967519,0.0046977149322628975,0.011030067689716816,0.0017899447120726109,0.0023549976758658886,0.007678195368498564,0.000842984882183373,0.0034599851380335165,0
BSU38600,BSU38590,0,0.654435396194458,0.6839894652366638,0.537317156791687,0.533000648021698,0.5649440884590149,0.6180022954940796,0.6041295528411865,0.49213019013404846,0.5909538865089417,0.9044118523597717,0.618331453204155,1
BSU38590,BSU38580,1,0.9533968567848206,0.965410053730011,0.9299719929695129,0.9628676772117615,0.9194632768630981,0.9595165848731995,0.9160963296890259,0.9451602101325989,0.9694985151290894,0.9092347621917725,0.943061625957489,1
BSU38580,BSU38570,1,0.9693965315818787,0.9702300429344177,0.9566003680229187,0.959890604019165,0.9425426125526428,0.9644089341163635,0.9864943623542786,0.9265934228897095,0.961212694644928,0.9733021259307861,0.9610671699047089,1
BSU38570,BSU38560,1,0.9674063920974731,0.9775286912918091,0.9674528241157532,0.9802455902099609,0.9409911036491394,0.9652170538902283,0.9682275652885437,0.9792608618736267,0.9753631949424744,0.9852115511894226,0.9706904828548432,1
BSU38310,BSU38300,1,0.9881476163864136,0.9860291481018066,0.9844871163368225,0.9890409111976624,0.9701195955276489,0.9810252785682678,0.9894139170646667,0.9668382406234741,0.9863083958625793,0.9906743764877319,0.9832084596157074,1
BSU38300,BSU38290,1,0.9891675710678101,0.9735074043273926,0.9668483138084412,0.9721198678016663,0.9323953986167908,0.9840995073318481,0.9825894236564636,0.9626704454421997,0.9817308783531189,0.972894012928009,0.9718022823333741,1
BSU38170,BSU38160,1,0.9843325018882751,0.9711604714393616,0.9846504926681519,0.980466902256012,0.9574390053749084,0.9656402468681335,0.9699947237968445,0.9695706367492676,0.9767609238624573,0.976875364780426,0.9736891269683838,1
BSU38160,BSU38150,1,0.985809326171875,0.9781575202941895,0.9822338819503784,0.9856854677200317,0.9613156318664551,0.9639455676078796,0.9835631847381592,0.9719581007957458,0.9748542308807373,0.9698182344436646,0.9757341146469116,1
BSU38150,BSU38140,1,0.9898760914802551,0.9879852533340454,0.9856740832328796,0.9941105246543884,0.9772647619247437,0.9844284057617188,0.9974021911621094,0.9707705974578857,0.9840306639671326,0.9911335706710815,0.9862676143646241,1
BSU38110,BSU38100,1,0.5147526860237122,0.3707943558692932,0.465633362531662,0.14975200593471527,0.2699365019798279,0.4992702305316925,0.36875370144844055,0.28420475125312805,0.207127645611763,0.2754422724246979,0.34056675136089326,0
BSU38050,BSU38040,1,0.9887311458587646,0.9733861088752747,0.9704144597053528,0.9729840755462646,0.9677344560623169,0.9809479713439941,0.97758948802948,0.977100133895874,0.9873790740966797,0.9735390543937683,0.976980596780777,1
BSU37790,BSU37780,0,0.3529103398323059,0.3629157245159149,0.5050389170646667,0.18376755714416504,0.3452413082122803,0.41830259561538696,0.446374773979187,0.3503372073173523,0.2476407289505005,0.5504012703895569,0.3762930423021317,0
BSU37780,BSU37770,1,0.8468450307846069,0.818199634552002,0.9792239665985107,0.8012398481369019,0.7075249552726746,0.6183907389640808,0.8255665302276611,0.5391191244125366,0.3564572036266327,0.9066442251205444,0.7399211257696152,1
BSU37770,BSU37760,1,0.9785295724868774,0.9465907216072083,0.9631810784339905,0.9539943337440491,0.9687173366546631,0.954964280128479,0.941087543964386,0.9473984837532043,0.9783893823623657,0.9723607301712036,0.9605213463306427,1
BSU37740,BSU37730,1,0.9878808259963989,0.9804769158363342,0.9810237884521484,0.9757148027420044,0.9619697332382202,0.980650007724762,0.9829436540603638,0.9766756296157837,0.9752017855644226,0.9760611653327942,0.9778598308563232,1
BSU37730,BSU37720,1,0.938347339630127,0.9289451241493225,0.8313686847686768,0.9429521560668945,0.8038099408149719,0.8746548295021057,0.9432708024978638,0.7844818234443665,0.9237121939659119,0.797569215297699,0.876911211013794,1
BSU37720,BSU37710,1,0.9651168584823608,0.9752698540687561,0.955003559589386,0.9225906729698181,0.9249843955039978,0.9194008111953735,0.9390239715576172,0.9390549063682556,0.9296219348907471,0.9428814053535461,0.9412948369979859,1
BSU37710,BSU37700,1,0.9896766543388367,0.9738603830337524,0.9846449494361877,0.9816492795944214,0.9423712491989136,0.9899560213088989,0.9831346273422241,0.9834077954292297,0.9772534370422363,0.9642922282218933,0.9770246624946595,1
BSU37700,BSU37690,1,0.9888127446174622,0.9788580536842346,0.9759300947189331,0.9726106524467468,0.9606809020042419,0.9793987274169922,0.9765294194221497,0.967574954032898,0.98093581199646,0.9719637036323547,0.9753295063972474,1
BSU37500,BSU37490,1,0.9202513694763184,0.9546095132827759,0.9782073497772217,0.9814231991767883,0.9177121520042419,0.9594720602035522,0.9209339022636414,0.9127952456474304,0.9322192072868347,0.961299479007721,0.9438923478126526,1
BSU37320,BSU37310,1,0.7982445359230042,0.8556608557701111,0.8931441307067871,0.9158357977867126,0.8154643774032593,0.8789055347442627,0.9081820249557495,0.8147841095924377,0.9249457120895386,0.8599836826324463,0.8665150761604309,1
BSU37280,BSU37270,1,0.9819256067276001,0.9382448792457581,0.9831265211105347,0.9609966278076172,0.9711196422576904,0.9749832153320312,0.9864929914474487,0.9602391719818115,0.9773366451263428,0.9763023853302002,0.9710767686367034,1
BSU37270,BSU37260,1,0.9904048442840576,0.9945979118347168,0.9942868947982788,0.9940992593765259,0.9892035722732544,0.9882751107215881,0.9983384609222412,0.9911767840385437,0.9852856397628784,0.986408531665802,0.9912077009677887,1
BSU37260,BSU37250,1,0.9903689622879028,0.9878191351890564,0.9845116138458252,0.9815120100975037,0.9730654954910278,0.9897571206092834,0.984456479549408,0.9798972010612488,0.9883769750595093,0.9832137823104858,0.9842978775501251,1
BSU37160,BSU37150,1,0.41127291321754456,0.46144792437553406,0.5155908465385437,0.34834522008895874,0.232256218791008,0.5271714329719543,0.386462926864624,0.4260629117488861,0.37425005435943604,0.2904265522956848,0.3973287001252174,0
BSU37150,BSU37130,0,0.07182979583740234,0.0444355234503746,0.0221396591514349,0.0052164276130497456,0.035183146595954895,0.15258586406707764,0.05911427363753319,0.09280664473772049,0.05931125581264496,0.017769332975149155,0.05603919238783419,0
BSU36880,BSU36870,1,0.9735764265060425,0.9676274657249451,0.9533795118331909,0.9780778884887695,0.9393478631973267,0.9504032135009766,0.9803374409675598,0.9673232436180115,0.9604881405830383,0.9697839021682739,0.9640345096588134,1
BSU36870,BSU36860,1,0.9087461233139038,0.9197375178337097,0.9296380281448364,0.9938580393791199,0.8696223497390747,0.9255350232124329,0.9796590805053711,0.7528160810470581,0.8152440190315247,0.959677517414093,0.9054533779621124,1
BSU36860,BSU36850,1,0.5652956962585449,0.5957607626914978,0.5257477164268494,0.6985859274864197,0.6358393430709839,0.8304415345191956,0.7258291244506836,0.6436131596565247,0.6861103773117065,0.7318643927574158,0.6639088034629822,1
BSU36850,BSU36840,1,0.9863559007644653,0.9757451415061951,0.9771826267242432,0.9761174917221069,0.9444566369056702,0.976531445980072,0.9781920909881592,0.9848771095275879,0.975375771522522,0.9867125749588013,0.9761546790599823,1
BSU36840,BSU36830,1,0.9847557544708252,0.9795283079147339,0.9902603626251221,0.9806891679763794,0.9602540731430054,0.9706569314002991,0.9964920878410339,0.983640730381012,0.9793829321861267,0.9790565371513367,0.9804716885089875,1
BSU36830,BSU36820,1,0.8838971257209778,0.9425258040428162,0.9685749411582947,0.9734094142913818,0.9007185101509094,0.9166886210441589,0.8953341841697693,0.9144933819770813,0.931506872177124,0.9483360052108765,0.927548485994339,1
BSU36820,BSU36810,1,0.9870744347572327,0.983647882938385,0.9895799160003662,0.9876936078071594,0.9612447619438171,0.9672488570213318,0.995306670665741,0.9816198348999023,0.9758070707321167,0.9801039695739746,0.9809327006340027,1
BSU36810,BSU36800,1,0.9832700490951538,0.9852239489555359,0.9908090829849243,0.9894041419029236,0.9677509665489197,0.9822968244552612,0.9932459592819214,0.9775049090385437,0.9737184047698975,0.9776344895362854,0.9820858776569367,1
BSU36680,BSU36670,1,0.8808544278144836,0.8671684861183167,0.9314712285995483,0.860550582408905,0.8763939142227173,0.9462475776672363,0.8905226588249207,0.845649778842926,0.9046398997306824,0.957234263420105,0.8960732817649841,1
BSU36660,BSU36650,1,0.9836229681968689,0.9796651601791382,0.9801519513130188,0.9344007968902588,0.9446845650672913,0.9891868233680725,0.9279873967170715,0.9726081490516663,0.9855157136917114,0.9786486625671387,0.9676472187042237,1
BSU36650,BSU36640,1,0.9731261730194092,0.9540619850158691,0.9729474186897278,0.9396442770957947,0.9246057868003845,0.9680567979812622,0.9174054265022278,0.9876969456672668,0.9670929908752441,0.982596218585968,0.9587234020233154,1
BSU36010,BSU36000,1,0.8688827157020569,0.9429354071617126,0.9394915103912354,0.9322156310081482,0.9216184616088867,0.9541608095169067,0.9571372270584106,0.9006288647651672,0.9455464482307434,0.9083651304244995,0.9270982205867767,1
BSU35900,BSU35890,1,0.9548979997634888,0.9701611995697021,0.9860063195228577,0.9829932451248169,0.9619597792625427,0.9637415409088135,0.9946692585945129,0.9421889781951904,0.9601061344146729,0.9574503898620605,0.9674174845218658,1
BSU35890,BSU35880,1,0.9863611459732056,0.9862446784973145,0.9836142063140869,0.9854716062545776,0.9549677968025208,0.9541517496109009,0.9947109222412109,0.9799913167953491,0.9750652313232422,0.9693848490715027,0.9769963502883912,1
BSU35880,BSU35870,1,0.9776540398597717,0.9747948050498962,0.980829119682312,0.9738261699676514,0.9304028153419495,0.9626711010932922,0.9780688285827637,0.9486194252967834,0.9676846265792847,0.9680780172348022,0.9662628948688508,1
BSU35790,BSU35780,0,0.8882837295532227,0.6138352751731873,0.506674587726593,0.3657299280166626,0.681908369064331,0.7891512513160706,0.666907787322998,0.5026921033859253,0.8313640356063843,0.40719661116600037,0.6253743678331375,1
BSU35780,BSU35740,0,0.0012806192971765995,0.0036762028466910124,0.0024655929300934076,0.000463516655145213,0.0017793684964999557,0.007245586719363928,0.0013928236439824104,0.0021677548065781593,0.0031704185530543327,0.0005303245270624757,0.0024172208475647496,0
BSU35740,BSU35730,1,0.8762795329093933,0.9412208795547485,0.9611672163009644,0.9589043855667114,0.8325571417808533,0.9160695672035217,0.8845391273498535,0.895134449005127,0.8555530905723572,0.9747063517570496,0.9096131742000579,1
BSU35730,BSU35720,1,0.9887154698371887,0.9808264374732971,0.9818968176841736,0.979263424873352,0.9556201696395874,0.9792938828468323,0.9809310436248779,0.9815754294395447,0.9788379669189453,0.9820069670677185,0.9788967609405518,1
BSU35720,BSU35710,0,0.7279470562934875,0.723469078540802,0.7176187038421631,0.4814395010471344,0.6962386965751648,0.5530529618263245,0.7127292156219482,0.5050743818283081,0.3984405994415283,0.5952406525611877,0.6111250847578049,1
BSU35710,BSU35700,1,0.9690653085708618,0.9757183790206909,0.982305109500885,0.977329432964325,0.9552367329597473,0.9627520442008972,0.9907495975494385,0.9647461175918579,0.9768338203430176,0.977691113948822,0.9732427656650543,1
BSU35640,BSU35630,1,0.985018253326416,0.9812144637107849,0.9908128976821899,0.9848663806915283,0.9614865183830261,0.9664442539215088,0.9890987277030945,0.9815484285354614,0.9801270961761475,0.9787263870239258,0.9799343407154083,1
BSU35630,BSU35620,1,0.9799371957778931,0.9855422377586365,0.9830725789070129,0.9783286452293396,0.9616496562957764,0.974510669708252,0.9945703744888306,0.9643516540527344,0.977422297000885,0.9763368368148804,0.977572214603424,1
BSU35500,BSU35490,1,0.9632034301757812,0.9238207936286926,0.9362152814865112,0.9725213050842285,0.9152603149414062,0.9387200474739075,0.9666301012039185,0.904448926448822,0.9399070143699646,0.9226493239402771,0.938337653875351,1
BSU35310,BSU35300,0,0.4960220456123352,0.6244219541549683,0.7698798179626465,0.47593575716018677,0.6105301976203918,0.6110112071037292,0.7294172644615173,0.6368891596794128,0.4885216951370239,0.5663935542106628,0.6009022653102875,1
BSU35300,BSU35290,1,0.979436993598938,0.9725684523582458,0.9737471342086792,0.9829957485198975,0.9468704462051392,0.9716516733169556,0.9813112020492554,0.9662584066390991,0.9717286825180054,0.9768759608268738,0.9723444700241088,1
BSU33950,BSU33940,1,0.7165704965591431,0.8422837257385254,0.8492156267166138,0.8858525156974792,0.8352010846138,0.8439098000526428,0.7843521237373352,0.8106077909469604,0.8146916031837463,0.7924026846885681,0.8175087451934815,1
BSU33940,BSU33930,1,0.8074136972427368,0.7568177580833435,0.828360915184021,0.8892644643783569,0.8559494018554688,0.8838644623756409,0.9278573989868164,0.7851178646087646,0.7874147295951843,0.8769485950469971,0.8399009287357331,1
BSU33930,BSU33920,1,0.9625864624977112,0.9809483289718628,0.9911627173423767,0.9862769842147827,0.9659956097602844,0.97343510389328,0.9913389086723328,0.9599865078926086,0.9646720290184021,0.9871137142181396,0.9763516366481781,1
BSU33920,BSU33910,1,0.9320439100265503,0.9485986828804016,0.9588538408279419,0.8210787177085876,0.962109386920929,0.9599055647850037,0.8728398084640503,0.8704350590705872,0.9576107859611511,0.9447781443595886,0.9228253901004791,1
BSU33910,BSU33900,1,0.9712713956832886,0.9682630896568298,0.9737090468406677,0.9649220108985901,0.938116729259491,0.9507553577423096,0.9733114838600159,0.9231205582618713,0.9402030110359192,0.9667524099349976,0.9570425093173981,1
BSU33480,BSU33470,1,0.9914673566818237,0.9859054684638977,0.9892529845237732,0.9936838746070862,0.9768140316009521,0.9876185059547424,0.9957177639007568,0.9798694849014282,0.9863624572753906,0.9839621782302856,0.9870654106140136,1
BSU33310,BSU33300,1,0.990205705165863,0.9844194054603577,0.9898977279663086,0.9771389365196228,0.9625892639160156,0.9881795644760132,0.9875172972679138,0.9794259071350098,0.9813538193702698,0.9865222573280334,0.9827249884605408,1
BSU33300,BSU33290,1,0.9889382123947144,0.986152172088623,0.9882041811943054,0.9847895503044128,0.9636169075965881,0.9821484088897705,0.9882789850234985,0.9814276695251465,0.9825764298439026,0.9828247427940369,0.9828957259654999,1
BSU32510,BSU32500,1,0.9466913342475891,0.6427399516105652,0.699252724647522,0.6527438759803772,0.7235478162765503,0.8116061091423035,0.8198438882827759,0.6142873167991638,0.9324058294296265,0.5127789974212646,0.7355897843837738,1
BSU32500,BSU32490,1,0.959189236164093,0.8707506656646729,0.8463354706764221,0.7990702390670776,0.7708901166915894,0.8773481249809265,0.8466882705688477,0.8012472987174988,0.9017398357391357,0.8197308778762817,0.8492990136146545,1
BSU32490,BSU32480,1,0.9704129099845886,0.9034303426742554,0.9498491287231445,0.9199098944664001,0.81915682554245,0.9507061243057251,0.9243686199188232,0.9348269701004028,0.9539077281951904,0.8716774582862854,0.9198246002197266,1
BSU32480,BSU32470,1,0.9792668223381042,0.9480063915252686,0.9382358193397522,0.9444131851196289,0.9002962708473206,0.9557341933250427,0.9702379107475281,0.9355164170265198,0.9577416181564331,0.8745452761650085,0.9403993904590606,1
BSU32260,BSU32250,1,0.9863181114196777,0.9534587860107422,0.9828903675079346,0.9611338376998901,0.9321743249893188,0.9779873490333557,0.9769275188446045,0.9638426899909973,0.9743077158927917,0.9633334875106812,0.9672374188899994,1
BSU32250,BSU32240,1,0.9899014830589294,0.9816381931304932,0.9819290041923523,0.9763349890708923,0.9550344944000244,0.9824289083480835,0.9826589822769165,0.9730929732322693,0.9787523150444031,0.9791437387466431,0.9780915081501007,1
BSU32010,BSU32000,0,0.5729275345802307,0.7874597311019897,0.9057434797286987,0.6980152726173401,0.6971102356910706,0.5832155346870422,0.8072746992111206,0.7060371041297913,0.47914400696754456,0.6360259056091309,0.687295350432396,1
BSU32000,BSU31990,1,0.9433216452598572,0.9650099873542786,0.9660279154777527,0.9790252447128296,0.9324090480804443,0.9643296003341675,0.9844894409179688,0.9282275438308716,0.973263144493103,0.9485328197479248,0.9584636390209198,1
BSU31990,BSU31980,1,0.9839208722114563,0.9894111752510071,0.9859887361526489,0.989757239818573,0.9803401231765747,0.9814662933349609,0.993765652179718,0.9768708348274231,0.981508195400238,0.9845430850982666,0.9847572207450866,1
BSU31980,BSU31970,1,0.9817554354667664,0.9725441336631775,0.9901256561279297,0.9868155717849731,0.967047929763794,0.9752227067947388,0.991640567779541,0.9745880365371704,0.9706821441650391,0.9729136228561401,0.978333580493927,1
BSU31970,BSU31960,1,0.9801784157752991,0.9662948250770569,0.9825281500816345,0.9877868294715881,0.9558561444282532,0.9491780996322632,0.9887100458145142,0.97053062915802,0.9698231816291809,0.9686101675033569,0.9719496488571167,1
BSU31350,BSU31340,1,0.8468212485313416,0.9129242300987244,0.934009850025177,0.9212862253189087,0.876806378364563,0.8574424386024475,0.9422392845153809,0.719641387462616,0.8257221579551697,0.7670239210128784,0.8603917121887207,1
BSU31340,BSU31330,1,0.8490451574325562,0.8810808062553406,0.9640257954597473,0.908314049243927,0.8312233090400696,0.9450830221176147,0.8583133816719055,0.7684935927391052,0.9339525103569031,0.9473875761032104,0.888691920042038,1
BSU30800,BSU30790,1,0.8940079212188721,0.8710119128227234,0.9761692881584167,0.9712867140769958,0.8966807126998901,0.9016259908676147,0.9312332272529602,0.8031131029129028,0.7457761764526367,0.9507624506950378,0.894166749715805,1
BSU30770,BSU30760,1,0.9728480577468872,0.984636127948761,0.9856482148170471,0.9867494106292725,0.9532632231712341,0.9802043437957764,0.995987057685852,0.932625412940979,0.979540228843689,0.9746184945106506,0.9746120572090149,1
BSU30760,BSU30750,1,0.9384180307388306,0.7646923661231995,0.9232373833656311,0.8771098256111145,0.8794538378715515,0.9370909929275513,0.979668915271759,0.8454579710960388,0.9388818144798279,0.9186812043190002,0.9002692341804505,1
BSU30750,BSU30740,1,0.9897941946983337,0.9874268770217896,0.9853392243385315,0.9869020581245422,0.9775890111923218,0.9865628480911255,0.989713728427887,0.9807851314544678,0.9860047101974487,0.9847970008850098,0.9854914784431458,1
BSU30540,BSU30530,1,0.7391357421875,0.5774254202842712,0.9268060922622681,0.6900571584701538,0.7462273240089417,0.7376227974891663,0.8360068798065186,0.6228758692741394,0.5347652435302734,0.8531851172447205,0.7264107644557953,1
BSU30240,BSU30230,1,0.9665364027023315,0.9738836288452148,0.9567299485206604,0.8679388761520386,0.8890345096588135,0.9391027092933655,0.8844137787818909,0.9251843690872192,0.971106767654419,0.8999481201171875,0.9273879110813141,1
BSU30230,BSU30220,1,0.9862807393074036,0.9575415849685669,0.982792854309082,0.9770728945732117,0.937602698802948,0.9764935970306396,0.9591615796089172,0.9842162132263184,0.9696608781814575,0.9765298962593079,0.9707352936267852,1
BSU30220,BSU30210,1,0.987189531326294,0.9823226928710938,0.9778174757957458,0.9743738174438477,0.9550677537918091,0.9825760722160339,0.9721319079399109,0.9572795629501343,0.9830350875854492,0.9771072268486023,0.9748901128768921,1
BSU30210,BSU30200,1,0.975678026676178,0.9789373874664307,0.9760302305221558,0.9824709296226501,0.9729801416397095,0.9599909782409668,0.9614542126655579,0.9690857529640198,0.9708552956581116,0.9736745357513428,0.9721157491207123,1
BSU30200,BSU30190,1,0.739808201789856,0.8886566758155823,0.9205632209777832,0.7209758758544922,0.8925354480743408,0.8425936698913574,0.8865461349487305,0.8616307377815247,0.8499437570571899,0.7626477479934692,0.8365901470184326,1
BSU30190,BSU30180,1,0.6156797409057617,0.6920955777168274,0.8027139902114868,0.3253646790981293,0.6684445738792419,0.7284923791885376,0.7743752598762512,0.4948749244213104,0.5605913996696472,0.7182181477546692,0.6380850672721863,1
BSU29780,BSU29770,1,0.8989701271057129,0.9286414384841919,0.972928524017334,0.9728643298149109,0.9089188575744629,0.9617709517478943,0.9584755301475525,0.8975405097007751,0.9254176616668701,0.9576504826545715,0.9383178412914276,1
BSU29770,BSU29760,1,0.9415625929832458,0.9674959778785706,0.977247416973114,0.9824916124343872,0.9545689821243286,0.9811442494392395,0.9669984579086304,0.9522246718406677,0.9673116207122803,0.9578728675842285,0.9648918449878693,1
BSU29190,BSU29180,1,0.9741708040237427,0.9740027189254761,0.9836896657943726,0.9774108529090881,0.9401109218597412,0.9718356728553772,0.9867638349533081,0.9670103192329407,0.9782268404960632,0.957987368106842,0.9711208999156952,1
BSU29110,BSU29100,1,0.9821307063102722,0.9775061011314392,0.9824284315109253,0.9808980822563171,0.9559955596923828,0.9818419814109802,0.977215588092804,0.9757381677627563,0.9821115136146545,0.9771151542663574,0.977298128604889,1
BSU28990,BSU28980,1,0.9709851741790771,0.9563871026039124,0.9629510641098022,0.9432224631309509,0.9384079575538635,0.9609254598617554,0.9815464615821838,0.9200572967529297,0.9463743567466736,0.9607275128364563,0.9541584849357605,1
BSU28980,BSU28970,1,0.9464247822761536,0.9793944954872131,0.9627978205680847,0.9547501802444458,0.9579536318778992,0.9792054891586304,0.9936491250991821,0.926769495010376,0.9740670919418335,0.972291886806488,0.9647303998470307,1
BSU28970,BSU28960,1,0.9524943232536316,0.948607325553894,0.9667372703552246,0.9827771782875061,0.9231619834899902,0.9538245797157288,0.9649981260299683,0.9245923161506653,0.9419969320297241,0.9371841549873352,0.9496374189853668,1
BSU28800,BSU28790,1,0.9859699010848999,0.9716672897338867,0.9563905000686646,0.981852650642395,0.9662693738937378,0.9697510600090027,0.9842696189880371,0.968615710735321,0.9789420366287231,0.9846506118774414,0.9748378753662109,1
BSU28790,BSU28780,1,0.9670336246490479,0.9470210075378418,0.9814603328704834,0.9630512595176697,0.9535201787948608,0.9654302000999451,0.9589254260063171,0.9466995596885681,0.9620335102081299,0.9079599380493164,0.955313503742218,1
BSU28780,BSU28770,1,0.9893997311592102,0.9904173612594604,0.9812341928482056,0.9846673607826233,0.9699426889419556,0.9851070046424866,0.9795716404914856,0.9765141010284424,0.9810388684272766,0.9767085313796997,0.9814601480960846,1
BSU28770,BSU28760,1,0.9869520664215088,0.9901818633079529,0.9841342568397522,0.9781275987625122,0.9740833640098572,0.9730345010757446,0.9847183227539062,0.9765923023223877,0.9827450513839722,0.98775315284729,0.9818322479724884,1
BSU28760,BSU28750,1,0.9447717666625977,0.8226292133331299,0.9292325973510742,0.955099880695343,0.8771682977676392,0.9324179887771606,0.9564065933227539,0.8837486505508423,0.8541840314865112,0.9041296243667603,0.9059788644313812,1
BSU28750,BSU28740,1,0.9279220700263977,0.9353493452072144,0.9205847382545471,0.9530254602432251,0.9015873670578003,0.9425493478775024,0.9601168632507324,0.9059960246086121,0.9389431476593018,0.8773177862167358,0.9263392150402069,1
BSU28740,BSU28730,1,0.9882200956344604,0.9907472133636475,0.9818961024284363,0.9795871376991272,0.9732630252838135,0.9849260449409485,0.9907271265983582,0.972928524017334,0.9826777577400208,0.9830573797225952,0.9828030407428742,1
BSU28730,BSU28720,1,0.9668107032775879,0.9489949941635132,0.9433704614639282,0.9609323740005493,0.9283825159072876,0.9529989361763,0.9717680811882019,0.9582903981208801,0.9525701403617859,0.9491368532180786,0.9533255457878113,1
BSU28450,BSU28440,1,0.8624476194381714,0.9232560992240906,0.9476615786552429,0.9040221571922302,0.8848516941070557,0.9180880784988403,0.9444606304168701,0.8980836868286133,0.9436935186386108,0.893119215965271,0.9119684278964997,1
BSU28440,BSU28430,1,0.9835872054100037,0.9840284585952759,0.9846970438957214,0.9862961173057556,0.9496341943740845,0.9803295135498047,0.9891281723976135,0.9692179560661316,0.9848477840423584,0.9874814748764038,0.9799247920513153,1
BSU28170,BSU28160,1,0.9876828193664551,0.9826683402061462,0.9767773747444153,0.9849587082862854,0.952339768409729,0.9790538549423218,0.9943117499351501,0.9604856371879578,0.9779282212257385,0.9824686050415039,0.9778675079345703,1
BSU28160,BSU28150,1,0.9199151992797852,0.9495765566825867,0.9622641205787659,0.9429998993873596,0.8855002522468567,0.9193363785743713,0.9586427211761475,0.9168205857276917,0.9341428279876709,0.9506564140319824,0.9339854955673218,1
BSU28150,BSU28140,1,0.9878466725349426,0.9837765693664551,0.9801632165908813,0.9651382565498352,0.9522221684455872,0.9803060293197632,0.9858753085136414,0.9795398712158203,0.9760617613792419,0.9852322936058044,0.9776162147521973,1
BSU28140,BSU28130,1,0.9878081679344177,0.9818174242973328,0.979939341545105,0.9782914519309998,0.9650431275367737,0.9859631061553955,0.9859683513641357,0.9747245907783508,0.9865667223930359,0.9811146855354309,0.9807236969470978,1
BSU28130,BSU28120,1,0.9644913077354431,0.975972056388855,0.9722490310668945,0.9826212525367737,0.9476404786109924,0.9539315104484558,0.9851502180099487,0.954944908618927,0.953790545463562,0.9702368378639221,0.9661028146743774,1
BSU28030,BSU28020,1,0.9863826632499695,0.9821270704269409,0.9863428473472595,0.9845166802406311,0.9479833841323853,0.9795055389404297,0.9950920343399048,0.9684779047966003,0.984594464302063,0.9872447848320007,0.9802267372608184,1
BSU28020,BSU28010,1,0.9893180727958679,0.9891456365585327,0.9780767560005188,0.9774523377418518,0.9797999858856201,0.9864141941070557,0.9885193705558777,0.972852349281311,0.9858428239822388,0.9855794906616211,0.9833001017570495,1
BSU28010,BSU28000,1,0.841644823551178,0.9379218816757202,0.9287021160125732,0.8894270062446594,0.8922821283340454,0.9133284687995911,0.8798282742500305,0.9382361173629761,0.9413846135139465,0.9104498624801636,0.9073205292224884,1
BSU28000,BSU27990,1,0.9886426329612732,0.9818376898765564,0.9927874803543091,0.9904239773750305,0.9697307348251343,0.986058235168457,0.9963915944099426,0.9754678606987,0.9873932003974915,0.988895058631897,0.9857628464698791,1
BSU27990,BSU27980,0,0.6697279214859009,0.4139622449874878,0.7419081330299377,0.14340510964393616,0.44331836700439453,0.5968607068061829,0.5496970415115356,0.3108029365539551,0.24960702657699585,0.5453842878341675,0.4664673775434494,0
BSU27980,BSU27970,1,0.9867540597915649,0.9812725782394409,0.9859694242477417,0.9640222787857056,0.9489301443099976,0.9856439828872681,0.9815500378608704,0.9641761779785156,0.9830099940299988,0.9829728603363037,0.9764301538467407,1
BSU27930,BSU27920,1,0.9456766843795776,0.9480898380279541,0.9875601530075073,0.959190845489502,0.9200341701507568,0.8240786194801331,0.9184319376945496,0.9613208174705505,0.6863641142845154,0.9850597977638245,0.913580697774887,1
BSU27070,BSU27060,1,0.986229419708252,0.9423930644989014,0.9531173706054688,0.9561367034912109,0.9153998494148254,0.962498128414154,0.9615022540092468,0.9658023118972778,0.9730778932571411,0.9487360119819641,0.9564893007278442,1
BSU27060,BSU27050,1,0.9696944355964661,0.8845344185829163,0.9105795621871948,0.9436401128768921,0.89208984375,0.909002959728241,0.9198949933052063,0.922879159450531,0.9201588034629822,0.9393360018730164,0.9211810290813446,1
BSU27050,BSU27040,1,0.9777318239212036,0.937175452709198,0.9334843754768372,0.9549175500869751,0.9300417304039001,0.9618121385574341,0.9567379355430603,0.9571026563644409,0.907839298248291,0.9292912483215332,0.9446134209632874,1
BSU26720,BSU26710,1,0.9515696167945862,0.9686723947525024,0.9654921293258667,0.9795982837677002,0.9364296197891235,0.9555838108062744,0.9857358932495117,0.960452675819397,0.9694574475288391,0.9393704533576965,0.9612362325191498,1
BSU26710,BSU26700,1,0.9873327016830444,0.9705580472946167,0.9757299423217773,0.967968761920929,0.9422775506973267,0.9789799451828003,0.9833415746688843,0.9782601594924927,0.9783384203910828,0.9761275053024292,0.9738914608955384,1
BSU26700,BSU26690,1,0.9134109616279602,0.8394621014595032,0.7922618389129639,0.9363133311271667,0.8464285731315613,0.8357847332954407,0.8616107106208801,0.8563673496246338,0.8406904339790344,0.9346536993980408,0.8656983733177185,1
BSU26690,BSU26680,1,0.9652763605117798,0.9676440954208374,0.9138103127479553,0.9217667579650879,0.8099259734153748,0.9394365549087524,0.8900583982467651,0.8423686623573303,0.8641332983970642,0.8795453310012817,0.8993965744972229,1
BSU25810,BSU25800,1,0.71112459897995,0.7969012260437012,0.931256115436554,0.8594694137573242,0.7220203876495361,0.8825773000717163,0.6175755262374878,0.8068538904190063,0.8573333621025085,0.716015100479126,0.7901126921176911,1
BSU25800,BSU25790,1,0.8456796407699585,0.9198037385940552,0.940758466720581,0.9372369050979614,0.841769278049469,0.9324776530265808,0.9046100378036499,0.9082789421081543,0.9327929615974426,0.9308452606201172,0.909425288438797,1
BSU25790,BSU25780,1,0.9886176586151123,0.9862814545631409,0.9827120304107666,0.992205798625946,0.9623773097991943,0.98064786195755,0.9937881827354431,0.980613648891449,0.9734614491462708,0.9937570095062256,0.9834462404251099,1
BSU25510,BSU25500,1,0.9730000495910645,0.9690388441085815,0.9821171164512634,0.9852800965309143,0.9615415334701538,0.9543755650520325,0.9906654953956604,0.9359485507011414,0.946147084236145,0.9866488575935364,0.9684763193130493,1
BSU25500,BSU25490,0,0.7111278772354126,0.7957180142402649,0.856471598148346,0.6166651248931885,0.8117271661758423,0.7978442907333374,0.7188230156898499,0.7378560900688171,0.7739466428756714,0.7051700949668884,0.7525349915027618,1
BSU25490,BSU25480,1,0.8688070178031921,0.9523990750312805,0.9281756281852722,0.9851596355438232,0.8931281566619873,0.8971349596977234,0.9315894246101379,0.8930023312568665,0.8731220960617065,0.9425961375236511,0.9165114462375641,1
BSU25480,BSU25470,1,0.959051251411438,0.9732523560523987,0.9539567828178406,0.9811339378356934,0.9558566808700562,0.9637361764907837,0.9544100165367126,0.9171140193939209,0.9658903479576111,0.9360312223434448,0.95604327917099,1
BSU25470,BSU25460,1,0.5020195245742798,0.4481109082698822,0.5823041200637817,0.23728643357753754,0.4032728970050812,0.4096623957157135,0.3320680856704712,0.2844442129135132,0.20135746896266937,0.5758839249610901,0.397640997171402,0
BSU25460,BSU25450,1,0.9878186583518982,0.9880235195159912,0.9909624457359314,0.9849986433982849,0.9673959016799927,0.9745558500289917,0.9913011789321899,0.9800082445144653,0.9854390025138855,0.9808009266853333,0.9831304371356964,1
BSU25450,BSU25440,1,0.9833332300186157,0.9866449236869812,0.9871904253959656,0.9887522459030151,0.9608523845672607,0.9648114442825317,0.9958357214927673,0.9836956262588501,0.9699875116348267,0.9802059531211853,0.9801309466361999,1
BSU25440,BSU25430,1,0.9838768839836121,0.9775505065917969,0.9686776995658875,0.9558241963386536,0.9398449063301086,0.9747769236564636,0.9903408288955688,0.9639215469360352,0.9817582964897156,0.9610809087753296,0.9697652697563172,1
BSU25230,BSU25210,1,0.9794352650642395,0.9508563876152039,0.9856563210487366,0.9804160594940186,0.925340473651886,0.960975170135498,0.9933097958564758,0.9583012461662292,0.949506938457489,0.9821016788482666,0.9665899336338043,1
BSU25210,BSU25200,1,0.9394999146461487,0.86282879114151,0.9371810555458069,0.9310735464096069,0.8785691261291504,0.9337483048439026,0.8970698118209839,0.8656924366950989,0.9261048436164856,0.8765341639518738,0.9048301994800567,1
BSU24990,BSU24980,1,0.7455175518989563,0.8270019888877869,0.942123532295227,0.43056005239486694,0.8500292301177979,0.8713216781616211,0.9422683119773865,0.6428487300872803,0.7972090840339661,0.7708444595336914,0.781972461938858,1
BSU24980,BSU24970,1,0.9882005453109741,0.9892004728317261,0.9801345467567444,0.9770349264144897,0.9700786471366882,0.9862250685691833,0.9872574806213379,0.968948483467102,0.9852271676063538,0.9802625179290771,0.9812569856643677,1
BSU24970,BSU24960,1,0.9623661041259766,0.961195170879364,0.9740046262741089,0.9606409072875977,0.8937215209007263,0.9325215816497803,0.969302237033844,0.8998182415962219,0.9324683547019958,0.9554847478866577,0.9441523492336273,1
BSU24960,BSU24950,1,0.9510359764099121,0.9554657340049744,0.9438185691833496,0.9556127786636353,0.8659945130348206,0.9241859316825867,0.898740291595459,0.9029101729393005,0.9107190370559692,0.929867684841156,0.9238350689411163,1
BSU24730,BSU24720,1,0.9376421570777893,0.9344072341918945,0.9616489410400391,0.9775588512420654,0.9187145829200745,0.9254804849624634,0.9704679846763611,0.9015561938285828,0.9353924989700317,0.9406114220619202,0.9403480350971222,1
BSU24720,BSU24710,1,0.9705991148948669,0.9288675785064697,0.9522088766098022,0.9624034762382507,0.8780348896980286,0.9509864449501038,0.9447093605995178,0.9062101244926453,0.8807639479637146,0.940013587474823,0.9314797401428223,1
BSU24710,BSU24700,1,0.9857007265090942,0.9852701425552368,0.97935950756073,0.977599024772644,0.9648511409759521,0.9853958487510681,0.9755306839942932,0.9664666056632996,0.984981119632721,0.9698854088783264,0.9775040209293365,1
BSU24700,BSU24690,1,0.9866234064102173,0.9894857406616211,0.9600163698196411,0.9482975602149963,0.9750353693962097,0.9789939522743225,0.968311607837677,0.9568905830383301,0.9855448007583618,0.9713797569274902,0.9720579147338867,1
BSU24690,BSU24680,1,0.7592113614082336,0.8208972811698914,0.9070612192153931,0.9246470332145691,0.7581003904342651,0.8862478137016296,0.8222175240516663,0.8199693560600281,0.8782599568367004,0.7922353744506836,0.836884731054306,1
BSU24680,BSU24670,1,0.9877934455871582,0.9795934557914734,0.979304850101471,0.9783415794372559,0.9507377743721008,0.9882439970970154,0.9752301573753357,0.9772524237632751,0.9820157289505005,0.9798171520233154,0.9778330564498902,1
BSU24640,BSU24630,1,0.97972571849823,0.9497032761573792,0.9625242948532104,0.9147659540176392,0.9212120175361633,0.9600201845169067,0.9522237181663513,0.9487283229827881,0.9663419723510742,0.922936737537384,0.9478182196617126,1
BSU24630,BSU24620,1,0.7741416096687317,0.7999516129493713,0.8984426259994507,0.883194625377655,0.836674690246582,0.7758890986442566,0.5524920225143433,0.7775666117668152,0.6385181546211243,0.8777008652687073,0.7814571917057037,1
BSU24350,BSU24340,1,0.9754692316055298,0.9731162786483765,0.9845970869064331,0.9841051697731018,0.9567400813102722,0.9489432573318481,0.9858205318450928,0.9760188460350037,0.9658434987068176,0.977142870426178,0.9727796852588654,1
BSU24320,BSU24310,1,0.9877670407295227,0.9868037104606628,0.9481491446495056,0.9774554967880249,0.9767611622810364,0.9865571856498718,0.9928593039512634,0.9768203496932983,0.9885660409927368,0.9938239455223083,0.9815563380718231,1
BSU24090,BSU24080,1,0.9811593294143677,0.9774386286735535,0.9790199995040894,0.9845752120018005,0.9524028897285461,0.963196337223053,0.9831970930099487,0.9701071381568909,0.9722298979759216,0.9804531931877136,0.9743779718875885,1
BSU24080,BSU24070,1,0.9886440634727478,0.9844952821731567,0.9808889627456665,0.9810422658920288,0.9588997960090637,0.9737159013748169,0.9962425231933594,0.9726037383079529,0.9740475416183472,0.9885796904563904,0.979915976524353,1
BSU24070,BSU24060,1,0.9854300618171692,0.9833202362060547,0.9928196668624878,0.9909144639968872,0.9537550806999207,0.9661193490028381,0.9970320463180542,0.9846658706665039,0.97812420129776,0.9785231351852417,0.9810704112052917,1
BSU24060,BSU24050,1,0.98384028673172,0.983681321144104,0.9865716695785522,0.986970067024231,0.9639071822166443,0.967280924320221,0.9976462721824646,0.9836241602897644,0.9715778827667236,0.9825776815414429,0.9807677447795868,1
BSU24050,BSU24040,1,0.9880515336990356,0.9609779119491577,0.9897760152816772,0.9848805069923401,0.9568672180175781,0.9716134071350098,0.9921168684959412,0.9722627997398376,0.9784826040267944,0.9544181227684021,0.9749446988105774,1
BSU24040,BSU24030,1,0.9844119548797607,0.9858666062355042,0.9822736382484436,0.9902821779251099,0.9692444205284119,0.9757190942764282,0.9941650032997131,0.9636461734771729,0.9830175042152405,0.9472053050994873,0.9775831878185273,1
BSU23580,BSU23570,1,0.9764006733894348,0.9747697710990906,0.9680630564689636,0.9756343364715576,0.9524989724159241,0.9701399803161621,0.9671461582183838,0.9767837524414062,0.9762856364250183,0.9616181254386902,0.9699340462684631,1
BSU23500,BSU23490,1,0.9879489541053772,0.990627110004425,0.98127281665802,0.9804114699363708,0.9637032747268677,0.9744123816490173,0.9907222986221313,0.9711131453514099,0.9833939671516418,0.9706723093986511,0.9794277727603913,1
BSU23470,BSU23460,1,0.9850244522094727,0.9648612141609192,0.9473178386688232,0.966568112373352,0.9342900514602661,0.9838550686836243,0.9024699926376343,0.9653384685516357,0.9812781810760498,0.9555167555809021,0.958652013540268,1
BSU23460,BSU23450,1,0.9867942929267883,0.990139365196228,0.9861756563186646,0.9827170968055725,0.9789756536483765,0.9791651964187622,0.9941324591636658,0.9859626293182373,0.9807755351066589,0.9824853539466858,0.984732323884964,1
BSU23280,BSU23270,1,0.990688145160675,0.9911296367645264,0.9933527708053589,0.9940100312232971,0.9760097861289978,0.9825490117073059,0.9980902671813965,0.9828590750694275,0.98228520154953,0.9885437488555908,0.9879517674446106,1
BSU23270,BSU23260,1,0.958776593208313,0.951596736907959,0.9672608971595764,0.9331538677215576,0.901924192905426,0.9108239412307739,0.984381914138794,0.8085456490516663,0.9507238268852234,0.8858073949813843,0.9252995014190674,1
BSU23260,BSU23250,1,0.9824840426445007,0.9827832579612732,0.9873684644699097,0.989681601524353,0.9595129489898682,0.9792203307151794,0.9946919083595276,0.9784701466560364,0.9752539992332458,0.9752593636512756,0.9804726064205169,1
BSU23250,BSU23240,1,0.9220389127731323,0.8788159489631653,0.8819399476051331,0.9763437509536743,0.8823524117469788,0.9413436651229858,0.9294113516807556,0.882796049118042,0.9018036723136902,0.974087655544281,0.9170933365821838,1
BSU23190,BSU23180,1,0.9869164228439331,0.9709292650222778,0.9592283368110657,0.9626089930534363,0.9436954259872437,0.9845303893089294,0.9792839288711548,0.9627623558044434,0.980966329574585,0.9755431413650513,0.9706464588642121,1
BSU23180,BSU23170,1,0.8231803774833679,0.7171465754508972,0.7332899570465088,0.8932802677154541,0.8128846883773804,0.8656742572784424,0.6604480743408203,0.5012656450271606,0.9372573494911194,0.6873798370361328,0.7631807029247284,1
BSU23170,BSU23160,0,0.7086475491523743,0.5398027300834656,0.5862031579017639,0.4459071755409241,0.6221005916595459,0.7075212001800537,0.6234031319618225,0.6356176137924194,0.5295787453651428,0.6745918989181519,0.6073373794555664,1
BSU23160,BSU23150,1,0.7256225347518921,0.8783480525016785,0.9124982357025146,0.9173425436019897,0.8143007755279541,0.8794981241226196,0.884127140045166,0.8692545294761658,0.9137624502182007,0.8968692421913147,0.8691623628139495,1
BSU23150,BSU23140,1,0.9853450059890747,0.9759224653244019,0.9661610722541809,0.9728044867515564,0.9449396133422852,0.9781140685081482,0.9644290208816528,0.9773816466331482,0.9868304133415222,0.978701651096344,0.9730629444122314,1
BSU23140,BSU23130,1,0.9823404550552368,0.9822418689727783,0.976639986038208,0.9861159324645996,0.9789789319038391,0.9766935110092163,0.993708074092865,0.9631878137588501,0.9798190593719482,0.9778194427490234,0.9797545075416565,1
BSU23130,BSU23120,1,0.9057608842849731,0.9367201328277588,0.827846109867096,0.9553666710853577,0.9386630654335022,0.9359191060066223,0.9148439168930054,0.7860473394393921,0.8835973739624023,0.8349619507789612,0.8919726550579071,1
BSU23120,BSU23110,1,0.9877424240112305,0.984682023525238,0.9879338145256042,0.9838194847106934,0.9671677947044373,0.9778043031692505,0.9870265126228333,0.9832775592803955,0.9867466688156128,0.9797157645225525,0.9825916349887848,1
BSU22930,BSU22920,1,0.9549229145050049,0.9621537923812866,0.9779478311538696,0.9774115681648254,0.8972086906433105,0.9370560646057129,0.8937073349952698,0.9402321577072144,0.8942813277244568,0.955841064453125,0.9390762746334076,1
BSU22790,BSU22780,0,0.38141775131225586,0.2583984434604645,0.4158265292644501,0.06178492307662964,0.20645901560783386,0.4405258297920227,0.32483649253845215,0.15422722697257996,0.05591380596160889,0.20045241713523865,0.24998424351215362,0
BSU22780,BSU22770,1,0.9716024398803711,0.9907646775245667,0.9628559947013855,0.958953857421875,0.9654770493507385,0.9871659874916077,0.9927412867546082,0.923893928527832,0.9815654754638672,0.9754155278205872,0.9710436224937439,1
BSU22770,BSU22760,0,0.45005691051483154,0.6519219279289246,0.5732088685035706,0.48747482895851135,0.5714949369430542,0.6820483803749084,0.7484974265098572,0.49615418910980225,0.6148536801338196,0.6682560443878174,0.5943967193365097,1
BSU22760,BSU22750,1,0.9934253692626953,0.9874798655509949,0.9915971755981445,0.9868500232696533,0.9806514978408813,0.991774320602417,0.9907252788543701,0.9853777885437012,0.9888884425163269,0.9945051670074463,0.9891274929046631,1
BSU22750,BSU22740,1,0.9768589735031128,0.9860994815826416,0.9741041660308838,0.9542728662490845,0.9640021324157715,0.9787407517433167,0.9820266366004944,0.9696341753005981,0.9741833806037903,0.9879838228225708,0.9747906386852264,1
BSU22680,BSU22670,1,0.9870185256004333,0.9662929773330688,0.9811338186264038,0.9634525179862976,0.9491052627563477,0.98369961977005,0.9733396768569946,0.9573115110397339,0.9795261025428772,0.9671269059181213,0.9708006918430329,1
BSU22670,BSU22650,1,0.15531790256500244,0.12301641702651978,0.30786368250846863,0.4938989281654358,0.1961074322462082,0.258313924074173,0.12905253469944,0.1565195918083191,0.13372154533863068,0.27487704157829285,0.22286890000104903,0
BSU22650,BSU22640,1,0.9806808829307556,0.9790770411491394,0.9812936186790466,0.9741631150245667,0.9631662368774414,0.9785142540931702,0.9861021041870117,0.9746381640434265,0.980319082736969,0.9819439649581909,0.9779898464679718,1
BSU22640,BSU22630,1,0.9730494618415833,0.9868740439414978,0.986939013004303,0.944313108921051,0.9648215770721436,0.9762734174728394,0.9674978256225586,0.9738340377807617,0.9700849056243896,0.9849900603294373,0.9728677451610566,1
BSU22560,BSU22550,1,0.9912053942680359,0.9907121658325195,0.9852226972579956,0.9918652772903442,0.9699739813804626,0.9834969639778137,0.9980702996253967,0.9838573932647705,0.9861363172531128,0.9898446798324585,0.987038516998291,1
BSU22550,BSU22540,1,0.9844865202903748,0.9931124448776245,0.9958857893943787,0.993026852607727,0.9799789190292358,0.9824731945991516,0.9967730641365051,0.9906157851219177,0.9757353663444519,0.9792672395706177,0.9871355175971985,1
BSU22120,BSU22110,1,0.9749881029129028,0.9832184910774231,0.9755554795265198,0.9773239493370056,0.9601649045944214,0.9709554314613342,0.989686906337738,0.9627454876899719,0.9746018648147583,0.978459894657135,0.974770051240921,1
BSU22110,BSU22100,1,0.9862245917320251,0.9786691665649414,0.9806585311889648,0.9854511022567749,0.9654772877693176,0.9786754846572876,0.9932515025138855,0.9730319976806641,0.9749374389648438,0.9818297028541565,0.9798206806182861,1
BSU22100,BSU22090,1,0.9471530318260193,0.9831548929214478,0.9587626457214355,0.9684957265853882,0.9475781917572021,0.979553759098053,0.9809919595718384,0.9456056356430054,0.9759269952774048,0.9866577386856079,0.9673880577087403,1
BSU22070,BSU22060,1,0.9869227409362793,0.9803411960601807,0.9671876430511475,0.9819539189338684,0.9685935378074646,0.9822969436645508,0.9808849692344666,0.9814472198486328,0.9891515374183655,0.9791738390922546,0.9797953546047211,1
BSU19770,BSU19760,1,0.6906179189682007,0.8177406191825867,0.8646213412284851,0.8722243905067444,0.8527689576148987,0.8232178688049316,0.5363041162490845,0.7633605599403381,0.770139753818512,0.8793452978134155,0.7870340824127198,1
BSU19760,BSU19750,1,0.9724467992782593,0.9794470071792603,0.9549021124839783,0.9529779553413391,0.9612627625465393,0.9665824770927429,0.9783324003219604,0.9606841802597046,0.9649821519851685,0.9625643491744995,0.9654182195663452,1
BSU19370,BSU19360,1,0.9868178367614746,0.9883919358253479,0.983518660068512,0.9862645268440247,0.9767423272132874,0.9790034294128418,0.9946887493133545,0.9743176102638245,0.9777514934539795,0.9805805087089539,0.98280770778656,1
BSU18480,BSU18470,1,0.985813558101654,0.9770482182502747,0.9784121513366699,0.9355741739273071,0.9648351073265076,0.9704682230949402,0.980090856552124,0.9684018492698669,0.9828331470489502,0.9860391020774841,0.9729516386985779,1
BSU18470,BSU18450,0,0.07210994511842728,0.09314500540494919,0.03791303560137749,0.03230496123433113,0.12245312333106995,0.13816243410110474,0.032904841005802155,0.03332672268152237,0.12903958559036255,0.021204300224781036,0.07125639542937279,0
BSU18450,BSU18440,1,0.9810156226158142,0.9788206815719604,0.9544273614883423,0.9699667096138,0.9516426920890808,0.9555540084838867,0.9902236461639404,0.9657431244850159,0.9585298895835876,0.9546090364456177,0.9660532772541046,1
BSU13690,BSU13680,1,0.9879793524742126,0.9611533284187317,0.9827654361724854,0.9766074419021606,0.9796668291091919,0.979143500328064,0.9867407083511353,0.9778268337249756,0.9855151176452637,0.9540424346923828,0.9771440982818603,1
BSU13560,BSU13550,1,0.9707726240158081,0.9707195162773132,0.9444644451141357,0.9651730060577393,0.942451536655426,0.9623653888702393,0.9971884489059448,0.9508869051933289,0.9616671800613403,0.9342464804649353,0.959993553161621,1
BSU10720,BSU10710,1,0.9660426378250122,0.9130678176879883,0.9682019352912903,0.9573586583137512,0.9304057359695435,0.9468123316764832,0.9491232633590698,0.8917056918144226,0.9613593220710754,0.9083622097969055,0.9392439603805542,1
BSU10710,BSU10700,1,0.7169104218482971,0.7695897817611694,0.8027963042259216,0.8057104349136353,0.7904702425003052,0.8882771134376526,0.7069101333618164,0.7578977942466736,0.8884260654449463,0.8134359121322632,0.794042420387268,1
BSU10700,BSU10690,1,0.9876212477684021,0.9757165312767029,0.9832361936569214,0.9760152101516724,0.9616213440895081,0.9883643984794617,0.983896791934967,0.9708064198493958,0.97328782081604,0.9623095393180847,0.9762875497341156,1
BSU10690,BSU10680,1,0.9870567917823792,0.9799622297286987,0.9823358058929443,0.9833515286445618,0.9340143203735352,0.9820034503936768,0.9738552570343018,0.9769794940948486,0.975157618522644,0.9529940485954285,0.9727710545063019,1
BSU10680,BSU10670,1,0.7011973857879639,0.9171618819236755,0.8795293569564819,0.7857273817062378,0.8062273859977722,0.8991637229919434,0.6689709424972534,0.5905905365943909,0.867104709148407,0.8159732222557068,0.7931646525859832,1
BSU08640,BSU08620,0,0.006118491291999817,0.005918953567743301,0.005256911274045706,0.019017336890101433,0.012517082504928112,0.027831725776195526,0.004522556904703379,0.0036228694953024387,0.016732357442378998,0.002129365922883153,0.010366765107028187,0
BSU08510,BSU08500,1,0.7001004815101624,0.7724254727363586,0.8741363883018494,0.8194658160209656,0.7711591720581055,0.6853024959564209,0.893450915813446,0.6676071286201477,0.5551276803016663,0.7270368933677673,0.746581244468689,1
BSU08500,BSU08490,1,0.8236411809921265,0.7894558310508728,0.9458629488945007,0.9588906764984131,0.8159990906715393,0.9466686844825745,0.9065708518028259,0.7968571186065674,0.8772304058074951,0.9505846500396729,0.8811761438846588,1
BSU08490,BSU08440,0,0.0004129958979319781,0.0022428357042372227,0.001122107612900436,0.00024023572041187435,0.002335629425942898,0.0035093582700937986,0.003789041191339493,0.0004535241168923676,0.0014058917295187712,0.0003683093236759305,0.0015879928992944769,0
BSU08440,BSU08410,0,0.0011131054488942027,0.004735346417874098,0.0010420485632494092,0.0004288379568606615,0.001637269975617528,0.010453981347382069,0.0037179552018642426,0.002460590098053217,0.004098099190741777,0.00022109047858975828,0.002990832467912696,0
BSU08410,BSU08400,0,0.6708051562309265,0.4070952236652374,0.7338376641273499,0.2533683478832245,0.6250414252281189,0.7493459582328796,0.6146725416183472,0.44929805397987366,0.49845197796821594,0.70847487449646,0.5710391223430633,1
BSU08400,BSU08380,0,0.0949995294213295,0.07513261586427689,0.13980752229690552,0.034170858561992645,0.05554588511586189,0.09371177107095718,0.08578803390264511,0.03390277177095413,0.05758168548345566,0.01380456704646349,0.0684445240534842,0
BSU08380,BSU08370,1,0.9873766899108887,0.9731171131134033,0.9753001928329468,0.969627857208252,0.94111168384552,0.975837767124176,0.9833221435546875,0.9814012050628662,0.9680705666542053,0.9792959690093994,0.9734461188316346,1
BSU08370,BSU08340,0,0.00026594463270157576,0.0032036786433309317,0.005689720157533884,0.0001720692525850609,0.0007900252821855247,0.0023490991443395615,0.0017466662684455514,0.0004604731220752001,0.001905579469166696,0.00013351126108318567,0.0016716767233447172,0
BSU08340,BSU08170,0,2.6097370209754445e-05,0.00028903846396133304,2.8164316972834058e-05,8.398978388868272e-05,0.00026245968183502555,0.001070547616109252,0.0001248796470463276,9.211905853589997e-05,0.0005947942263446748,2.310236777702812e-05,0.00025951925326808125,0
BSU08170,BSU08160,1,0.9525787830352783,0.9740535020828247,0.9321798086166382,0.9470142722129822,0.9290844798088074,0.9361082315444946,0.9678995013237,0.8851592540740967,0.9124639630317688,0.9472917914390564,0.9383833587169648,1
BSU08160,BSU08150,1,0.9718650579452515,0.9752011299133301,0.9909887909889221,0.9823452830314636,0.8964407444000244,0.9585865139961243,0.9850075244903564,0.9541122317314148,0.9671962857246399,0.9762616753578186,0.9658005237579346,1
BSU08150,BSU08140,1,0.9308103322982788,0.9714698195457458,0.9677851796150208,0.9801380634307861,0.9471401572227478,0.9702187180519104,0.9730197787284851,0.9396783113479614,0.9644166231155396,0.9785476326942444,0.9623224616050721,1
BSU08140,BSU08130,1,0.6378386616706848,0.8515272736549377,0.9324765801429749,0.8429864645004272,0.7922200560569763,0.9044467806816101,0.9205077886581421,0.8174352049827576,0.9429088234901428,0.6414186358451843,0.8283766269683838,1
BSU08130,BSU08120,1,0.8423147201538086,0.8310512900352478,0.8450941443443298,0.8104802966117859,0.8163003325462341,0.9196031093597412,0.8583796620368958,0.8424856066703796,0.8740161061286926,0.8233293294906616,0.8463054597377777,1
BSU08120,BSU08000,0,0.0001375575375277549,0.00029441851074807346,0.00027655440499074757,0.0002085712185362354,0.0007400288013741374,0.0019291737116873264,0.0002990737557411194,0.00010562347597442567,0.0007134376792237163,7.656287925783545e-05,0.00047810019750613717,0
BSU08000,BSU07990,0,0.8471883535385132,0.6418247222900391,0.5459087491035461,0.2403848022222519,0.8081083297729492,0.7934169173240662,0.6486102342605591,0.3908882439136505,0.7324808239936829,0.5022521018981934,0.6151063278317451,1
BSU07910,BSU07870,0,0.0024399824906140566,0.0013072951696813107,0.005686047021299601,0.0106391916051507,0.005608482751995325,0.023580731824040413,0.0042139869183301926,0.003551759524270892,0.005006800871342421,0.0011746510863304138,0.006320892926305532,0
BSU07870,BSU07860,1,0.6789773106575012,0.9098528027534485,0.9203742742538452,0.9459840059280396,0.7958723306655884,0.8701112866401672,0.8655698299407959,0.6795287132263184,0.7886912226676941,0.9387815594673157,0.8393743336200714,1
BSU07710,BSU07690,0,0.03923175483942032,0.022409431636333466,0.1343807876110077,0.025288691744208336,0.026860708370804787,0.08695416152477264,0.028829330578446388,0.020221898332238197,0.030011316761374474,0.0073388442397117615,0.042152692563831806,0
BSU07690,BSU07680,1,0.8785777688026428,0.9377284049987793,0.9387314319610596,0.9607745409011841,0.8668712973594666,0.9262331128120422,0.9637110233306885,0.8841186165809631,0.9382634162902832,0.8983235955238342,0.9193333208560943,1
BSU07680,BSU07670,0,0.32146599888801575,0.44852232933044434,0.3845119774341583,0.22644591331481934,0.35418781638145447,0.5689520835876465,0.2994043231010437,0.3851683437824249,0.4111688733100891,0.2693862318992615,0.3669213891029358,0
BSU07670,BSU07660,1,0.46602630615234375,0.7047125697135925,0.7362205982208252,0.8266911506652832,0.6677346229553223,0.8169717192649841,0.7976764440536499,0.7387234568595886,0.6750792264938354,0.828772246837616,0.7258608341217041,1
BSU07660,BSU07640,0,0.004973776172846556,0.020972970873117447,0.014730392955243587,0.002703920006752014,0.02514045313000679,0.04509328305721283,0.055912263691425323,0.004365010652691126,0.009014501236379147,0.0022108277771621943,0.018511739955283702,0
BSU07640,BSU07530,0,1.7691518223728053e-05,0.00031054034479893744,4.253715087543242e-05,4.345367051428184e-05,0.00017693400150164962,0.0005971079808659852,7.917057519080117e-05,7.399003516184166e-05,0.00033729561255313456,1.7862692402559333e-05,0.00016965835820883512,0
BSU07530,BSU07520,1,0.3642254173755646,0.38851800560951233,0.28321102261543274,0.09041792899370193,0.3746642768383026,0.5501965880393982,0.2586802542209625,0.4709566533565521,0.4879768192768097,0.48173561692237854,0.3750582583248615,0
BSU07520,BSU07510,1,0.7716221809387207,0.4549112021923065,0.8831427097320557,0.3970821797847748,0.7324264049530029,0.6501503586769104,0.5953472852706909,0.5510339736938477,0.6961963772773743,0.6616318821907043,0.6393544554710389,1
BSU07510,BSU07500,1,0.9892082810401917,0.9759070873260498,0.9879745244979858,0.976509153842926,0.9523321390151978,0.9877855777740479,0.9901256561279297,0.9803577661514282,0.9782620668411255,0.9780580997467041,0.9796520352363587,1
BSU07500,BSU07490,1,0.9830834865570068,0.971367597579956,0.9862117767333984,0.9845536351203918,0.9573119878768921,0.9662613868713379,0.9931957721710205,0.9790759086608887,0.9759581089019775,0.9702892303466797,0.9767308890819549,1
BSU07490,BSU07460,0,0.0034374322276562452,0.011278710328042507,0.004632447846233845,0.0006662316736765206,0.002303522313013673,0.011671868152916431,0.004949701949954033,0.004407700151205063,0.005185140296816826,0.0006949956878088415,0.004922775062732398,0
BSU07460,BSU07450,1,0.12695884704589844,0.3024328052997589,0.43826279044151306,0.17180170118808746,0.24543814361095428,0.4542055130004883,0.3329259157180786,0.20322291553020477,0.2864558696746826,0.21068710088729858,0.2772391602396965,0
BSU07450,BSU07420,0,0.0030753787141293287,0.010904899798333645,0.007607435341924429,0.002749552484601736,0.00829453393816948,0.019973119720816612,0.003375017549842596,0.004365819506347179,0.009711530059576035,0.000722161028534174,0.007077944814227521,0
BSU07420,BSU07340,0,0.000281183747574687,0.0006686344277113676,0.0020098541863262653,0.0005877973162569106,0.0015544869238510728,0.0035946678835898638,0.0006601526401937008,0.0006294936174526811,0.002120228251442313,0.00047152486513368785,0.001257802385953255,0
BSU07340,BSU07330,0,0.6889073252677917,0.501629650592804,0.5853497385978699,0.32422372698783875,0.5527073740959167,0.8488323092460632,0.7923055291175842,0.2743041217327118,0.5717340707778931,0.6890897154808044,0.5829083561897278,1
BSU07330,BSU07320,0,0.6587137579917908,0.7589059472084045,0.6607668995857239,0.4302571415901184,0.6543428897857666,0.7928090691566467,0.6428957581520081,0.5595066547393799,0.6067430973052979,0.6092827320098877,0.6374223947525024,1
BSU06660,BSU06650,1,0.5962833762168884,0.7488030195236206,0.8432485461235046,0.6354582905769348,0.6976583003997803,0.8390203714370728,0.9452595114707947,0.7029066681861877,0.5549439191818237,0.7315413951873779,0.7295123398303985,1
BSU04020,BSU03960,0,0.00013554729230236262,0.00046579193440265954,0.0011062138946726918,7.278475095517933e-05,0.0007364342454820871,0.0023129465989768505,0.0006629111594520509,0.00026800433988682926,0.0007346778875216842,3.177765756845474e-05,0.000652708976122085,0
BSU03960,BSU03950,0,0.9834869503974915,0.9741792678833008,0.9828377366065979,0.9855787754058838,0.9632567167282104,0.9616327881813049,0.9912638664245605,0.9386532306671143,0.9781926274299622,0.9504289627075195,0.9709510922431945,1
BSU03950,BSU03940,1,0.9865552186965942,0.9866846799850464,0.9885796904563904,0.9882234930992126,0.9587251543998718,0.9772751331329346,0.9836449027061462,0.9816187620162964,0.9770352840423584,0.9388440847396851,0.9767186403274536,1
BSU03870,BSU03860,1,0.9419466257095337,0.9624958634376526,0.9717376232147217,0.9797292351722717,0.9119274020195007,0.9625084400177002,0.9608614444732666,0.9762870669364929,0.9699853658676147,0.9650202393531799,0.9602499306201935,1
BSU03860,BSU03850,0,0.3720013201236725,0.3362049460411072,0.3157470226287842,0.07214541733264923,0.2187080979347229,0.5635414719581604,0.3855072855949402,0.3567482531070709,0.38153979182243347,0.1331218183040619,0.3135265424847603,0
BSU03850,BSU03840,1,0.9631195068359375,0.9780892133712769,0.9848992824554443,0.9777941703796387,0.9302420020103455,0.960517942905426,0.9777279496192932,0.9565923810005188,0.97259122133255,0.903539776802063,0.9605113446712494,1
BSU03840,BSU03790,0,0.0008053570054471493,0.0022224888671189547,0.001667009200900793,0.00739263603463769,0.0069181062281131744,0.01668839156627655,0.001994885504245758,0.0016963876551017165,0.0024529029615223408,0.0011807667324319482,0.0043018931755796075,0
BSU03610,BSU03600,1,0.9898693561553955,0.9779053926467896,0.9800608158111572,0.9742559194564819,0.958677351474762,0.9870043992996216,0.9837899804115295,0.9792817234992981,0.98213130235672,0.9821062684059143,0.979508250951767,1
BSU03600,BSU03590,1,0.9819240570068359,0.9403502345085144,0.9871349334716797,0.9732629060745239,0.9522970914840698,0.9785875082015991,0.9922457933425903,0.9572598338127136,0.9752741456031799,0.9839431643486023,0.9722279667854309,1
BSU03590,BSU03580,0,0.16449202597141266,0.18170471489429474,0.10046353936195374,0.02673475444316864,0.06036810576915741,0.224937304854393,0.16355955600738525,0.2750370502471924,0.08322353661060333,0.08179454505443573,0.13623151332139968,0
BSU03580,BSU03550,0,0.005860455334186554,0.005976797081530094,0.012242267839610577,0.0033449314069002867,0.0028205402195453644,0.018068067729473114,0.0012298577930778265,0.0013776125852018595,0.0055303024128079414,0.0005696518928743899,0.0057020484295208,0
BSU03550,BSU03540,1,0.6835666298866272,0.8311872482299805,0.9190319776535034,0.9299486875534058,0.8071609139442444,0.9339913725852966,0.8917728662490845,0.9065163731575012,0.9327432513237,0.8135074377059937,0.8649426758289337,1
BSU03540,BSU03460,0,0.00013440425391308963,0.0003713821934070438,0.0002968744083773345,0.00161606608889997,0.004316912963986397,0.015396464616060257,0.002488042926415801,0.00043118634494021535,0.00173253717366606,0.0011943454155698419,0.002797821638523601,0
BSU03430,BSU03420,1,0.9782446622848511,0.9775028228759766,0.9872951507568359,0.9772086143493652,0.9574664831161499,0.9691093564033508,0.989575982093811,0.9502019286155701,0.9727293252944946,0.9731863141059875,0.9732520639896393,1
BSU03420,BSU03380,0,0.0005084871663711965,0.0045964461751282215,0.008660349994897842,0.0011417327914386988,0.0017018344951793551,0.002947276458144188,0.00854220986366272,0.0015804568538442254,0.0014725008513778448,0.0003282411489635706,0.0031479535799007865,0
BSU03380,BSU03370,1,0.9896402955055237,0.9828038811683655,0.9776554703712463,0.9838821291923523,0.9571349620819092,0.9781686067581177,0.9957431554794312,0.9696181416511536,0.9827045798301697,0.9800631403923035,0.9797414362430572,1
BSU03370,BSU03320,0,0.000575551763176918,0.0043794019147753716,0.008635176345705986,0.0005360666546039283,0.001261947094462812,0.004646602552384138,0.006664153654128313,0.0010842232732102275,0.0021373587660491467,0.00012309948215261102,0.0030043581500649452,0
BSU03320,BSU03310,1,0.9775093197822571,0.9635083079338074,0.9268468618392944,0.9759659171104431,0.9382413029670715,0.952964186668396,0.9577333927154541,0.8988715410232544,0.9652453660964966,0.9519932270050049,0.950887942314148,1
BSU03310,BSU03300,1,0.6786796450614929,0.7229331731796265,0.5376604199409485,0.7850306034088135,0.757778525352478,0.7392020225524902,0.5970534682273865,0.4977850615978241,0.6909022927284241,0.6233956217765808,0.6630420833826065,1
BSU03300,BSU03290,1,0.9669569134712219,0.9807090163230896,0.9518818259239197,0.9878669381141663,0.9555237889289856,0.9565022587776184,0.9760385155677795,0.9316065311431885,0.9641410708427429,0.9566652774810791,0.9627892136573791,1
BSU03290,BSU03280,1,0.8214248418807983,0.8710458874702454,0.9651861190795898,0.9518346190452576,0.8372989892959595,0.8786423206329346,0.8497872352600098,0.8844173550605774,0.9301285147666931,0.927138090133667,0.8916903972625733,1
BSU03280,BSU03260,0,0.06528677046298981,0.04065573215484619,0.041933324187994,0.011187526397407055,0.04098566249012947,0.09525910019874573,0.009255919605493546,0.021033653989434242,0.05480778589844704,0.010872586630284786,0.03912780620157719,0
BSU03260,BSU03250,1,0.6521289348602295,0.7002110481262207,0.7727707624435425,0.724554181098938,0.7485216856002808,0.692845344543457,0.6950369477272034,0.7137542366981506,0.6537133455276489,0.8443288207054138,0.7197865307331085,1
BSU03250,BSU03240,1,0.9830505847930908,0.979426383972168,0.9659941792488098,0.9645591378211975,0.9350156784057617,0.9598749279975891,0.9844681024551392,0.9569690823554993,0.9562641978263855,0.9821130037307739,0.9667735278606415,1
BSU03070,BSU03010,0,0.00010286064207321033,0.0006415775278583169,0.0006430908106267452,7.378098962362856e-05,0.0004766201600432396,0.0018137928564101458,0.00013768956705462188,0.00018124764028470963,0.00038648300687782466,2.0027882783324458e-05,0.0004477171083635767,0
BSU03010,BSU02970,0,0.00048305507516488433,0.0009117182344198227,0.0011219264706596732,0.004811140242964029,0.0028538324404507875,0.010298988781869411,0.0010960823856294155,0.0010109421564266086,0.0013613752089440823,0.0011403968092054129,0.0025089457805734126,0
BSU02780,BSU02740,0,0.0013695380184799433,0.002067278139293194,0.008149940520524979,0.0012075784616172314,0.0015531405806541443,0.011333685368299484,0.0067418464459478855,0.0008067802991718054,0.0030391495674848557,0.0005003706319257617,0.0036769308033399286,0
BSU02740,BSU02730,0,0.9648393988609314,0.9272438883781433,0.9428384900093079,0.9130818247795105,0.9231333136558533,0.951262354850769,0.9359273910522461,0.87043297290802,0.9586946368217468,0.8281022906303406,0.9215556561946869,1
BSU02220,BSU02210,1,0.9880139827728271,0.9713305234909058,0.974920928478241,0.9717164039611816,0.9484034776687622,0.978918731212616,0.9737915396690369,0.9669358730316162,0.9803208708763123,0.9680711030960083,0.9722423434257508,1
BSU02210,BSU02200,1,0.8195604681968689,0.6153577566146851,0.8059905171394348,0.489398717880249,0.5949363112449646,0.745006263256073,0.7008987069129944,0.5671985745429993,0.7088038325309753,0.6802607774734497,0.6727411925792695,1
BSU02200,BSU02190,1,0.852220356464386,0.7523618340492249,0.7979924082756042,0.8025204539299011,0.7648493647575378,0.8164623975753784,0.9599613547325134,0.6358792781829834,0.7527514100074768,0.5801851749420166,0.7715184032917023,1
BSU02190,BSU02140,0,0.0006319486419670284,0.0038385118823498487,0.006850247271358967,0.0014908569864928722,0.0020355877932161093,0.003009695326909423,0.0016228018794208765,0.0016891476698219776,0.0017693585250526667,0.000525347946677357,0.0023463503923267124,0
BSU02140,BSU02130,1,0.9430813193321228,0.9479188919067383,0.942993700504303,0.9699830412864685,0.9402969479560852,0.9558015465736389,0.9616829752922058,0.8747389316558838,0.9461185932159424,0.9618960618972778,0.9444512009620667,1
BSU02130,BSU02110,0,0.0015543197514489293,0.0046661836095154285,0.0015534061240032315,0.0007438654429279268,0.0024371466133743525,0.014703853987157345,0.0007399783353321254,0.004162403754889965,0.005687462631613016,0.0003758300154004246,0.0036624450265662746,0
BSU02110,BSU02090,0,0.00334457540884614,0.014251516200602055,0.006773705594241619,0.006052397191524506,0.004208921454846859,0.0070927939377725124,0.005665280390530825,0.0046163094229996204,0.003893333487212658,0.0021750633604824543,0.005807389644905925,0
BSU02090,BSU02040,0,0.00031019322341308,0.0013451742706820369,0.0012644085800275207,7.85223746788688e-05,0.0016206571599468589,0.004013685043901205,0.0006395481759682298,0.0008523330907337368,0.0015019773272797465,0.00013629240856971592,0.0011762791655201,0
BSU02040,BSU02030,1,0.6052358746528625,0.6921390891075134,0.7220104336738586,0.65524822473526,0.7044936418533325,0.7944099307060242,0.6379402279853821,0.6061026453971863,0.7096592783927917,0.7628095746040344,0.6890048921108246,1
BSU02030,BSU01800,0,4.3976266169920564e-05,0.00026133577921427786,7.132801692932844e-05,3.2305233617080376e-05,0.0007480786298401654,0.0023343053180724382,0.0002942546270787716,0.00014836607442703098,0.000837479718029499,2.4387298253714107e-05,0.00047958169616322264,0
BSU01640,BSU01630,0,0.730683445930481,0.9297972917556763,0.9318093657493591,0.9187030792236328,0.8979970812797546,0.9309670925140381,0.7781215310096741,0.7343761324882507,0.9156426191329956,0.9366442561149597,0.8704741895198822,1
BSU01630,BSU01620,1,0.9901586174964905,0.9923778176307678,0.9929728507995605,0.9942648410797119,0.9846587777137756,0.9850611090660095,0.9979852437973022,0.9848313927650452,0.9856401085853577,0.989079475402832,0.9897030234336853,1
BSU01620,BSU01610,1,0.9893925189971924,0.9658912420272827,0.9727817177772522,0.9673478007316589,0.9521543383598328,0.988308310508728,0.9770674705505371,0.9817569851875305,0.9811670184135437,0.9719527363777161,0.9747820138931275,1
BSU01610,BSU01600,1,0.9882414937019348,0.9570532441139221,0.9582768678665161,0.959924578666687,0.9500943422317505,0.9864416718482971,0.9581206440925598,0.972537100315094,0.982043981552124,0.9742614030838013,0.9686995327472687,1
BSU00160,BSU00150,0,0.5506545901298523,0.6438559889793396,0.49950429797172546,0.5474259853363037,0.6957265734672546,0.6736695170402527,0.5425660610198975,0.5603464245796204,0.5698052644729614,0.611149787902832,0.589470449090004,1
BSU00150,BSU00140,1,0.9897913336753845,0.9818613529205322,0.9855698943138123,0.9811980128288269,0.9543573260307312,0.9898139834403992,0.9871490597724915,0.9795807003974915,0.9809420108795166,0.9836086630821228,0.9813872337341308,1
