name_1,name_2,true,prob_0,prob_1,prob_2,prob_3,prob_4,prob_5,prob_6,prob_7,prob_8,prob_9,prob,pred
b0001,b0002,1,0.2780841588973999,0.20026762783527374,0.23391981422901154,0.3925069570541382,0.5516594052314758,0.26018208265304565,0.19388043880462646,0.3040805459022522,0.4394240975379944,0.43196985125541687,0.3285974979400635,0
b0002,b0003,1,0.9324766397476196,0.9586966633796692,0.7103250026702881,0.9051703810691833,0.8661484718322754,0.9408746361732483,0.8355895280838013,0.9482858180999756,0.9464815258979797,0.9185943007469177,0.8962642967700958,1
b0003,b0004,1,0.9961698055267334,0.9821360111236572,0.9932007789611816,0.9736762046813965,0.9768007397651672,0.9838822484016418,0.9978877902030945,0.978701651096344,0.9946644306182861,0.9896860718727112,0.9866805732250213,1
b0004,b0005,0,0.447611927986145,0.14940591156482697,0.308151513338089,0.3299100399017334,0.36308857798576355,0.42476239800453186,0.15327762067317963,0.2053525596857071,0.4457516670227051,0.4497471749782562,0.3277059391140938,0
b0005,b0008,0,8.926902228267863e-05,0.00027313927421346307,6.131651753094047e-05,0.0007279457058757544,0.002512445906177163,0.0035536400973796844,8.059744686761405e-06,0.00021409790497273207,0.0006452183588407934,0.0011222485918551683,0.000920738112381514,0
b0008,b0009,0,0.8821265697479248,0.88104248046875,0.9457210898399353,0.7296364307403564,0.7330628037452698,0.704468846321106,0.7405579090118408,0.8016858696937561,0.8475416898727417,0.8392435908317566,0.8105087280273438,1
b0009,b0014,0,0.00649035070091486,0.0038650117348879576,0.011214709840714931,0.00752964336425066,0.013596436008810997,0.03955068439245224,0.0004930724389851093,0.006444571074098349,0.00980378407984972,0.0077101015485823154,0.010669836518354714,0
b0014,b0015,1,0.994369387626648,0.9781583547592163,0.9871751666069031,0.9665660262107849,0.8921347260475159,0.9643961787223816,0.9844463467597961,0.9486615061759949,0.973006010055542,0.9661032557487488,0.9655016958713531,1
b0019,b0020,1,0.9920923709869385,0.9709389805793762,0.9793201684951782,0.9786221981048584,0.9297479391098022,0.9721481800079346,0.9913169145584106,0.9811171293258667,0.9773452877998352,0.9690367579460144,0.9741685926914215,1
b0020,b0024,0,0.00016130447329487652,0.0006339873070828617,0.00029162014834582806,0.001012323540635407,0.0024763180408626795,0.0036625599022954702,1.38336508825887e-05,0.000489247206132859,0.0010635585058480501,0.0018362225964665413,0.0011640975371847162,0
b0024,b0025,0,0.8574672341346741,0.9011093974113464,0.6308559775352478,0.9042555093765259,0.9245413541793823,0.8837825655937195,0.7671824097633362,0.8364763259887695,0.9020677804946899,0.9706847071647644,0.8578423261642456,1
b0025,b0026,1,0.9949843287467957,0.9951063990592957,0.9928596615791321,0.9850128293037415,0.9670563340187073,0.9915794730186462,0.9989157915115356,0.9821450114250183,0.9956122636795044,0.9896636605262756,0.9892935752868652,1
b0026,b0027,1,0.9941642880439758,0.9889943599700928,0.994813084602356,0.961961567401886,0.9866729378700256,0.9881623387336731,0.9918045997619629,0.9750983715057373,0.9974883198738098,0.9955573081970215,0.9874717175960541,1
b0027,b0028,1,0.4748532176017761,0.5145363807678223,0.06061651557683945,0.5193172097206116,0.3965403735637665,0.42366400361061096,0.17284536361694336,0.5861002802848816,0.642581045627594,0.4420533776283264,0.42331077679991724,0
b0028,b0029,1,0.9971519112586975,0.9957634210586548,0.9961084127426147,0.991983950138092,0.9831117391586304,0.9930478930473328,0.9988651871681213,0.9904698729515076,0.9980542659759521,0.993266224861145,0.9937822878360748,1
b0029,b0030,1,0.2293534129858017,0.24901273846626282,0.05704328045248985,0.5479852557182312,0.7403724789619446,0.42573803663253784,0.427185982465744,0.2998047173023224,0.47819066047668457,0.6161641478538513,0.40708507113158704,0
b0030,b0031,0,0.6467248201370239,0.5044118165969849,0.6261863112449646,0.6969651579856873,0.514714777469635,0.49502307176589966,0.38104838132858276,0.5892875790596008,0.7347307205200195,0.6155857443809509,0.580467838048935,1
b0031,b0032,0,0.608731746673584,0.22399713099002838,0.1328432261943817,0.21766099333763123,0.22272846102714539,0.28744086623191833,0.4684016704559326,0.3682933449745178,0.3055710196495056,0.13966427743434906,0.2975332736968994,0
b0032,b0033,1,0.9928299784660339,0.986993134021759,0.9748229384422302,0.9809552431106567,0.9502511024475098,0.9861516952514648,0.9961370229721069,0.9710925221443176,0.9869557023048401,0.9820054173469543,0.9808194756507873,1
b0033,b0034,0,0.02478911355137825,0.09891416877508163,0.0059701232239604,0.16889694333076477,0.22645080089569092,0.10630849748849869,0.06726650893688202,0.09308068454265594,0.15437579154968262,0.20440110564231873,0.1150453737936914,0
b0034,b0041,0,5.824805612064665e-06,2.672400660230778e-05,5.963995499769226e-05,7.918537448858842e-05,0.0005956994136795402,0.0005444643902592361,3.8189850215530896e-07,3.1012292311061174e-05,0.00021179125178605318,0.00015643636288587004,0.0001711159751124569,0
b0041,b0042,1,0.9980047345161438,0.9832355976104736,0.9788165092468262,0.9734506011009216,0.94479900598526,0.9822229743003845,0.9919723868370056,0.9719737768173218,0.9817240834236145,0.9701552391052246,0.9776354908943177,1
b0042,b0043,1,0.9924702048301697,0.954906165599823,0.8918817639350891,0.9596405029296875,0.8604874014854431,0.9520621299743652,0.9807140827178955,0.898608922958374,0.9467652440071106,0.9347527623176575,0.9372289180755615,1
b0043,b0044,1,0.9965588450431824,0.9930521845817566,0.9957314133644104,0.9639208316802979,0.9887939691543579,0.9902492761611938,0.9940221309661865,0.9790866374969482,0.9987203478813171,0.9963687658309937,0.9896504402160644,1
b0044,b0045,0,0.8705774545669556,0.7968567609786987,0.9072745442390442,0.9210756421089172,0.8358341455459595,0.8258550763130188,0.7695066928863525,0.6935681104660034,0.8543127775192261,0.8440850973129272,0.8318946301937103,1
b0045,b0046,0,0.6987264752388,0.7069125771522522,0.0809435322880745,0.6815629601478577,0.6599688529968262,0.7393906116485596,0.45617222785949707,0.5228750109672546,0.6566845774650574,0.7902496457099915,0.5993486471474171,1
b0046,b0047,1,0.9950408935546875,0.9940561056137085,0.990961492061615,0.9802435040473938,0.9756194353103638,0.9789152145385742,0.9984790086746216,0.9778801798820496,0.9958153963088989,0.9901037216186523,0.9877114951610565,1
b0047,b0048,0,0.22944895923137665,0.12496349960565567,0.0232611782848835,0.1843632161617279,0.42289137840270996,0.2437349259853363,0.10211364179849625,0.14724168181419373,0.35533639788627625,0.40296444296836853,0.22363193221390248,0
b0048,b0055,0,1.238503409695113e-05,0.00011348461703164503,1.9027049347641878e-05,0.0001508910791017115,0.00033976760460063815,0.0004638527752831578,7.511086550948676e-06,6.264624244067818e-05,0.0005015943315811455,3.971411206293851e-05,0.00017108739320974563,0
b0055,b0064,0,1.8327853467781097e-05,7.948844722704962e-05,3.48176922670973e-06,0.0001858180039562285,0.0004306441405788064,0.00034962271456606686,0.00014257861766964197,0.00014210220251698047,0.00045587113709189,6.889946234878153e-05,0.0001876834348649936,0
b0064,b0065,0,0.9853416085243225,0.9312884211540222,0.6808926463127136,0.9680657982826233,0.9109103679656982,0.9131414890289307,0.8581939935684204,0.8904507756233215,0.9633851051330566,0.9504250884056091,0.9052095293998719,1
b0076,b0077,0,0.4948108196258545,0.41520920395851135,0.07577298581600189,0.35678353905677795,0.31818169355392456,0.47420936822891235,0.28203481435775757,0.4016658067703247,0.6331111788749695,0.37748900055885315,0.38292684108018876,0
b0077,b0078,1,0.9937257170677185,0.9958307147026062,0.9896283745765686,0.9897865056991577,0.9798405170440674,0.9888715744018555,0.9940587282180786,0.9818430542945862,0.9965031743049622,0.9921228885650635,0.9902211248874664,1
b0078,b0080,0,0.06266462802886963,0.21361762285232544,0.01383909210562706,0.3122970759868622,0.25250887870788574,0.5482134222984314,0.10822116583585739,0.2253306657075882,0.23297083377838135,0.34126660227775574,0.2310929987579584,0
b0080,b0081,0,0.18341222405433655,0.04030732437968254,0.24620144069194794,0.07856248319149017,0.09499378502368927,0.14247871935367584,0.040901802480220795,0.15981751680374146,0.09258809685707092,0.057179372757673264,0.11364427655935287,0
b0081,b0082,1,0.9926058650016785,0.9835078716278076,0.9894423484802246,0.981443464756012,0.960296094417572,0.9462715983390808,0.996983528137207,0.9869723916053772,0.9879154562950134,0.9722771644592285,0.9797715783119202,1
b0082,b0083,1,0.9937273859977722,0.9942354559898376,0.9931782484054565,0.9723612070083618,0.9842329621315002,0.987742006778717,0.9948185682296753,0.9787213206291199,0.9977617859840393,0.9938037991523743,0.9890582740306855,1
b0083,b0084,1,0.9953174591064453,0.9916382431983948,0.9838929176330566,0.9833505153656006,0.9544357657432556,0.9740092158317566,0.9962210059165955,0.9809755086898804,0.9890639185905457,0.9701825976371765,0.9819087147712707,1
b0084,b0085,1,0.988810122013092,0.9742699861526489,0.955426812171936,0.946064293384552,0.9537073373794556,0.9763656258583069,0.993471086025238,0.9434551000595093,0.9787616729736328,0.9814260601997375,0.9691758096218109,1
b0085,b0086,1,0.993375301361084,0.9930094480514526,0.9910815358161926,0.9811098575592041,0.978500247001648,0.9845474362373352,0.9970831871032715,0.9790096282958984,0.9961573481559753,0.990513801574707,0.9884387791156769,1
b0086,b0087,1,0.9927988052368164,0.9891113042831421,0.984858512878418,0.9754513502120972,0.9769963622093201,0.9824023246765137,0.9961774349212646,0.9724754691123962,0.9939700961112976,0.9893109798431396,0.9853552639484405,1
b0087,b0088,1,0.9936188459396362,0.9899711012840271,0.9533131122589111,0.9809476733207703,0.9570296406745911,0.9807485342025757,0.9929326772689819,0.9735884070396423,0.9898392558097839,0.9810517430305481,0.9793040990829468,1
b0088,b0089,1,0.9945255517959595,0.9911594390869141,0.9963003396987915,0.9836159348487854,0.9862282276153564,0.9839652180671692,0.9968580007553101,0.9802551865577698,0.9972811937332153,0.9931033253669739,0.9903292417526245,1
b0089,b0090,1,0.9932076334953308,0.9804413914680481,0.980954647064209,0.9601762294769287,0.9632205367088318,0.9852102398872375,0.9959923028945923,0.9629819393157959,0.9887126684188843,0.9868879318237305,0.9797785520553589,1
b0090,b0091,1,0.9759142994880676,0.9769279956817627,0.9436172246932983,0.971168041229248,0.9404963850975037,0.9665294885635376,0.9900238513946533,0.9597712159156799,0.9817922711372375,0.9783902168273926,0.9684630990028381,1
b0091,b0092,1,0.9958735704421997,0.9955686330795288,0.9960407614707947,0.978725790977478,0.9831329584121704,0.9884728193283081,0.9972442984580994,0.9849674105644226,0.9978042244911194,0.9936061501502991,0.9911436617374421,1
b0092,b0093,1,0.9986798167228699,0.9960905909538269,0.9947889447212219,0.9939101934432983,0.9859928488731384,0.9939080476760864,0.9982170462608337,0.9921543598175049,0.998001754283905,0.9924359917640686,0.9944179594516754,1
b0093,b0094,1,0.9949896335601807,0.9906045794487,0.9888836741447449,0.9826470613479614,0.9768389463424683,0.981077253818512,0.9976742267608643,0.9796285033226013,0.9951481223106384,0.9884052872657776,0.9875897288322448,1
b0094,b0095,1,0.985444962978363,0.9304813742637634,0.7964529395103455,0.935082197189331,0.8975796699523926,0.920966625213623,0.9588321447372437,0.924605131149292,0.9585685133934021,0.9734471440315247,0.9281460702419281,1
b0095,b0096,1,0.658541738986969,0.8477442860603333,0.176735520362854,0.8400618433952332,0.8299329876899719,0.8074256181716919,0.742249608039856,0.6392551064491272,0.7225919961929321,0.8940912485122681,0.7158629953861236,1
b0096,b0097,0,0.6027535200119019,0.1556319147348404,0.484633207321167,0.17724810540676117,0.23865889012813568,0.3313596248626709,0.1314462125301361,0.3320959210395813,0.30028313398361206,0.17420729994773865,0.2928317829966545,0
b0097,b0098,1,0.9928525686264038,0.9845672249794006,0.9606454968452454,0.9747806787490845,0.9478814005851746,0.9884776473045349,0.998098611831665,0.972035825252533,0.9897369742393494,0.9837508797645569,0.9792827308177948,1
b0098,b0099,1,0.9973340630531311,0.961798906326294,0.9944816827774048,0.9613494277000427,0.9395293593406677,0.984314501285553,0.98404461145401,0.9625406861305237,0.9659868478775024,0.9752324819564819,0.9726612567901611,1
b0099,b0104,0,0.0006934895063750446,0.00032518524676561356,0.000478800677228719,0.0018060216680169106,0.005039295181632042,0.006143880542367697,0.0034733121283352375,0.0008912549237720668,0.0036722489167004824,0.0007392840925604105,0.0023262772883754224,0
b0104,b0110,0,1.7080039469874464e-05,9.689284343039617e-05,9.963211050489917e-05,0.0004463385557755828,0.0014145377790555358,0.0017839949578046799,1.0669397852325346e-05,0.00010685576125979424,0.00039421641849912703,0.0004332517855800688,0.0004803469649232284,0
b0110,b0111,1,0.9946961998939514,0.9944747090339661,0.9820564985275269,0.9768296480178833,0.9772425889968872,0.9818747639656067,0.9979376792907715,0.979695200920105,0.996105432510376,0.9902347326278687,0.9871147453784943,1
b0111,b0113,0,0.0019261956913396716,0.004244961775839329,0.0014095596270635724,0.007242466788738966,0.004791093524545431,0.00907634012401104,0.02389385551214218,0.006442072335630655,0.009200749918818474,0.0013191646430641413,0.0069546459941193465,0
b0113,b0114,1,0.4846542477607727,0.5295611619949341,0.03183748573064804,0.6455150246620178,0.7743012309074402,0.719551146030426,0.3734114468097687,0.5744267106056213,0.5603066682815552,0.8182778358459473,0.5511842958629132,1
b0114,b0115,1,0.9959184527397156,0.9941427111625671,0.9927669763565063,0.9875284433364868,0.9787397980690002,0.991737425327301,0.9965857267379761,0.9839425683021545,0.9967818260192871,0.9919988512992859,0.991014277935028,1
b0115,b0116,1,0.679477870464325,0.9540290832519531,0.39473962783813477,0.9034033417701721,0.8341047763824463,0.7898703813552856,0.8556339740753174,0.8296586871147156,0.9299677014350891,0.8973274230957031,0.8068212866783142,1
b0116,b0118,0,0.007224437780678272,0.01359531469643116,0.005153947975486517,0.03593548387289047,0.039821140468120575,0.05401679873466492,0.001064453972503543,0.021160535514354706,0.057793743908405304,0.017590656876564026,0.025335651380009948,0
b0118,b0119,0,0.4432172477245331,0.39328503608703613,0.7789347767829895,0.6474781632423401,0.6604679226875305,0.4871238172054291,0.30487382411956787,0.33436429500579834,0.5350064635276794,0.7044811844825745,0.5289232730865479,1
b0119,b0123,0,0.00045894813956692815,0.0024754819460213184,0.0002687873784452677,0.001983520807698369,0.004230867605656385,0.005597767885774374,0.006753652356564999,0.0010235850932076573,0.0076491269282996655,0.0003737843653652817,0.0030815522506600244,0
b0123,b0125,0,0.00015967986837495118,0.00041674525709822774,1.5995256035239436e-05,0.001810059417039156,0.003201748477295041,0.003114622086286545,2.8652906621573493e-05,0.0009216471225954592,0.0015604509972035885,0.0010447162203490734,0.0012274317608898856,0
b0125,b0127,0,0.0471990592777729,0.04566224291920662,0.025771627202630043,0.034640245139598846,0.048208363354206085,0.038322869688272476,0.056369565427303314,0.0232193972915411,0.08553134649991989,0.00580584816634655,0.041073056496679784,0
b0127,b0128,1,0.9962959885597229,0.9951845407485962,0.9920532703399658,0.9771928787231445,0.982754111289978,0.9880105257034302,0.9976171255111694,0.9831463098526001,0.997418999671936,0.9929438233375549,0.9902617573738098,1
b0128,b0129,1,0.3908308148384094,0.4695426821708679,0.20238596200942993,0.6462494730949402,0.48612916469573975,0.3859615623950958,0.3772292137145996,0.23698225617408752,0.715280294418335,0.5814387202262878,0.4492030143737793,0
b0129,b0130,0,0.9896841049194336,0.9712368845939636,0.8938533663749695,0.9707850217819214,0.8725499510765076,0.9230332970619202,0.9893924593925476,0.9443238973617554,0.9734260439872742,0.9248716235160828,0.9453156650066376,1
b0130,b0132,0,0.010034608654677868,0.028387147933244705,0.008900685235857964,0.02863871306180954,0.03605484217405319,0.025967853143811226,0.012379754334688187,0.009034454822540283,0.03212491050362587,0.01658826693892479,0.02081112368032336,0
b0132,b0148,0,0.00010449771798448637,0.00010571930033620447,0.00072791165439412,0.00013140292139723897,0.0008456232026219368,0.0007512973970733583,1.9105807496089255e-06,9.072657849173993e-05,0.000249104225076735,0.00040457057184539735,0.0003412764149970826,0
b0148,b0149,0,0.9890312552452087,0.9713578224182129,0.707014799118042,0.9623792767524719,0.9132699966430664,0.9728832244873047,0.9486255049705505,0.9603191018104553,0.9653258323669434,0.9678690433502197,0.9358075857162476,1
b0149,b0150,0,0.8401601910591125,0.9187493324279785,0.5788351893424988,0.8826775550842285,0.857943058013916,0.572841227054596,0.9539505243301392,0.7456735372543335,0.9231453537940979,0.8628772497177124,0.8136853218078614,1
b0150,b0151,1,0.9396877288818359,0.9746218919754028,0.9203706383705139,0.9659020900726318,0.9105154275894165,0.9380220174789429,0.9701130390167236,0.9571847915649414,0.9810826182365417,0.907994270324707,0.9465494513511657,1
b0151,b0152,1,0.9948161840438843,0.994486927986145,0.9934861660003662,0.9780162572860718,0.9864713549613953,0.9857859015464783,0.9977860450744629,0.9807472825050354,0.9980055689811707,0.9945881366729736,0.9904189825057983,1
b0152,b0153,1,0.9938433766365051,0.9932293891906738,0.9906054735183716,0.9796432256698608,0.9770612120628357,0.9799337983131409,0.9975689649581909,0.9807313680648804,0.995201051235199,0.990014910697937,0.9877832770347595,1
b0153,b0155,0,0.02764209546148777,0.08223260194063187,0.0032123608980327845,0.049693018198013306,0.03551110625267029,0.058839090168476105,0.06296897679567337,0.011923142708837986,0.05260970816016197,0.028836049139499664,0.04134681497234851,0
b0155,b0156,0,0.9405757784843445,0.9711434841156006,0.7842825651168823,0.9501298666000366,0.9120800495147705,0.9621291160583496,0.9662298560142517,0.9271295666694641,0.9457764625549316,0.9622212052345276,0.9321697950363159,1
b0156,b0160,0,7.213206845335662e-05,0.0002109628840116784,2.2190119125298224e-05,0.0006757680675946176,0.002387615852057934,0.00240333448164165,1.609789251233451e-05,0.0004372781259007752,0.0014912488404661417,0.0008838068461045623,0.0008600435177868349,0
b0160,b0161,0,0.9397924542427063,0.8635361194610596,0.513616144657135,0.8332557082176208,0.8002885580062866,0.8640442490577698,0.9134388566017151,0.7866747975349426,0.8300694227218628,0.920799732208252,0.8265516042709351,1
b0161,b0162,1,0.399507075548172,0.286649227142334,0.4049539566040039,0.6056593060493469,0.680339515209198,0.4202856719493866,0.3932630717754364,0.3394595682621002,0.6081346273422241,0.5987721681594849,0.4737024188041687,0
b0169,b0170,1,0.8170263171195984,0.7810847759246826,0.6976028084754944,0.8782175779342651,0.7320386171340942,0.7987726330757141,0.8225446939468384,0.7570579648017883,0.84112948179245,0.8597026467323303,0.7985177516937256,1
b0170,b0171,0,0.6825359463691711,0.3939897418022156,0.6365441083908081,0.6213165521621704,0.5930188298225403,0.6204556822776794,0.3834017813205719,0.5956292748451233,0.7285932898521423,0.6194912195205688,0.5874976426362991,1
b0171,b0172,0,0.4699571430683136,0.5952032208442688,0.13118107616901398,0.5828428268432617,0.48104873299598694,0.7545714974403381,0.6000325679779053,0.553209125995636,0.4956445097923279,0.5692009329795837,0.5232891634106636,1
b0172,b0173,1,0.925215482711792,0.7253150939941406,0.45360061526298523,0.8201969861984253,0.7839332222938538,0.7132318615913391,0.9507195353507996,0.8363106846809387,0.7589432001113892,0.7976420521736145,0.7765108734369278,1
b0173,b0174,0,0.8995702266693115,0.9048944115638733,0.35101765394210815,0.8849049806594849,0.7557991147041321,0.9242776036262512,0.8751815557479858,0.8699089288711548,0.8521550893783569,0.8787489533424377,0.8196458518505096,1
b0174,b0175,1,0.9977762699127197,0.9908735752105713,0.9776340126991272,0.9805604815483093,0.9610315561294556,0.9754436612129211,0.9961354732513428,0.9791499972343445,0.9857337474822998,0.9704110622406006,0.9814749836921692,1
b0175,b0176,0,0.9848291277885437,0.9772028923034668,0.9536567330360413,0.950255274772644,0.9157137274742126,0.9732696413993835,0.9864254593849182,0.9513985514640808,0.9658609628677368,0.9666132926940918,0.962522566318512,1
b0176,b0177,1,0.9638631939888,0.9613814353942871,0.9290139079093933,0.9483622312545776,0.8781696557998657,0.9589793682098389,0.9631733298301697,0.9548252820968628,0.9531416893005371,0.9518933892250061,0.9462803483009339,1
b0177,b0178,0,0.766745388507843,0.8539444804191589,0.6223601698875427,0.8136009573936462,0.594434380531311,0.9097906947135925,0.827030599117279,0.8943232297897339,0.7918069362640381,0.7216387987136841,0.779567563533783,1
b0178,b0179,1,0.9982250928878784,0.9894765615463257,0.986576497554779,0.9936767220497131,0.983281672000885,0.9836726784706116,0.9972310066223145,0.9879426956176758,0.9948270916938782,0.9826704859733582,0.9897580504417419,1
b0179,b0180,1,0.16022776067256927,0.17235097289085388,0.525254487991333,0.2801080346107483,0.4441189765930176,0.2614167332649231,0.32467809319496155,0.21980665624141693,0.32998719811439514,0.2989329993724823,0.3016881912946701,0
b0180,b0181,1,0.9949626326560974,0.994815468788147,0.9727325439453125,0.989240825176239,0.9712960720062256,0.9909575581550598,0.9979482293128967,0.9857089519500732,0.995647132396698,0.9879728555679321,0.9881282269954681,1
b0181,b0182,1,0.9937522411346436,0.9867951273918152,0.9912685751914978,0.9904277324676514,0.986062228679657,0.9813580513000488,0.9965710043907166,0.9834213852882385,0.9956937432289124,0.9909365773200989,0.989628666639328,1
b0182,b0183,1,0.9949375987052917,0.991324245929718,0.9919251203536987,0.9706952571868896,0.9821180701255798,0.9838283061981201,0.9956825971603394,0.9763563275337219,0.9966561198234558,0.9929071664810181,0.9876430809497834,1
b0183,b0184,1,0.9117691516876221,0.9426873326301575,0.8672283291816711,0.9272744059562683,0.8349289894104004,0.899344265460968,0.9598885178565979,0.9056106805801392,0.9166967868804932,0.9267753958702087,0.9092203855514527,1
b0184,b0185,0,0.9885221719741821,0.9852901101112366,0.9319937825202942,0.9624823331832886,0.9158169031143188,0.9708689451217651,0.9726570844650269,0.9807262420654297,0.9827719926834106,0.969944953918457,0.966107451915741,1
b0185,b0186,0,0.8893240094184875,0.8350768685340881,0.6945375204086304,0.9409856200218201,0.9386506676673889,0.9337858557701111,0.9407658576965332,0.8559964299201965,0.9292859435081482,0.9451422095298767,0.8903550982475281,1
b0186,b0187,0,0.9948866367340088,0.9915269613265991,0.9180501103401184,0.983395516872406,0.9702371954917908,0.9877334833145142,0.9920918941497803,0.9739033579826355,0.9943756461143494,0.9883241057395935,0.9794524908065796,1
b0187,b0188,1,0.9195886850357056,0.9207042455673218,0.8096519112586975,0.9478793740272522,0.915011465549469,0.5633301734924316,0.8909408450126648,0.7960307598114014,0.9395228028297424,0.8905447125434875,0.8593204975128174,1
b0188,b0190,0,0.004465294536203146,0.010098930448293686,0.015968604013323784,0.01638939045369625,0.040521398186683655,0.018594423308968544,0.017134787514805794,0.0051864152774214745,0.02148420549929142,0.008178560063242912,0.015802200930193067,0
b0190,b0191,1,0.9955368041992188,0.987433671951294,0.9957656860351562,0.9806174039840698,0.9868668913841248,0.987725019454956,0.9972543120384216,0.984378457069397,0.9979403614997864,0.9936482906341553,0.990716689825058,1
b0191,b0192,1,0.9944724440574646,0.992052435874939,0.9768944978713989,0.9853084087371826,0.9641293883323669,0.9903428554534912,0.9969691634178162,0.9849833846092224,0.9902846813201904,0.9850727319717407,0.9860509991645813,1
b0192,b0200,0,1.6673506252118386e-05,4.3223961256444454e-05,2.239821697003208e-05,0.00011310249828966334,0.0003901059681084007,0.00048174202674999833,2.155098263756372e-05,4.7634286602260545e-05,0.00023341855558101088,0.00012581227929331362,0.0001495662281740806,0
b0207,b0209,0,0.0028484747745096684,0.002228211611509323,0.0007346263737417758,0.005819965153932571,0.00970842968672514,0.009847992099821568,0.00028480045148171484,0.005059919320046902,0.005238252691924572,0.004574015736579895,0.004634468790027313,0
b0209,b0210,1,0.9963859915733337,0.9897677302360535,0.9921613335609436,0.9795172214508057,0.9696955680847168,0.9823493957519531,0.9940540790557861,0.9859877824783325,0.9912872910499573,0.9834743142127991,0.9864680707454682,1
b0210,b0213,0,0.0004266820033080876,0.0009979215683415532,8.322235225932673e-05,0.0013715814566239715,0.0019108258420601487,0.004720977041870356,0.00015648367116227746,0.0009475635597482324,0.0015482344897463918,0.0007702080765739083,0.0012933700061694253,0
b0213,b0215,0,0.051882557570934296,0.36273518204689026,0.005755273625254631,0.3211284279823303,0.13869500160217285,0.40776264667510986,0.050948433578014374,0.31136447191238403,0.2977031469345093,0.21600469946861267,0.21639798413962125,0
b0217,b0220,0,0.00021973536058794707,0.00039489398477599025,0.011521766893565655,0.002598332706838846,0.005771623458713293,0.0022904635407030582,0.0001240163401234895,0.0007972961757332087,0.0015379026299342513,0.0037628640420734882,0.002901889513304923,0
b0220,b0222,0,2.6000041543738917e-05,6.079367813072167e-05,3.452203600318171e-05,0.00027448893524706364,0.0017343945801258087,0.0017936356598511338,6.635062618443044e-06,6.649808346992359e-05,0.0002695549337659031,0.0005371479201130569,0.0004803670930868975,0
b0222,b0223,1,0.9534512758255005,0.9370352625846863,0.8839784264564514,0.9260146617889404,0.831898033618927,0.9098033308982849,0.880165159702301,0.9002346396446228,0.8755483627319336,0.8715602159500122,0.896968936920166,1
b0223,b0227,0,0.0005674241110682487,0.002553266240283847,0.0018318640068173409,0.0037756930105388165,0.00474802078679204,0.00612158328294754,0.0014776770258322358,0.0016750289360061288,0.006734618451446295,0.0007962999516166747,0.0030281475803349165,0
b0227,b0228,1,0.16691085696220398,0.2513333559036255,0.012715224176645279,0.30494800209999084,0.30450722575187683,0.3310996890068054,0.15993419289588928,0.12335526198148727,0.27902382612228394,0.32935941219329834,0.22631870470941068,0
b0228,b0231,0,0.0007009552791714668,0.00041755076381377876,0.0015769889578223228,0.0020201210863888264,0.004823409486562014,0.0055472226813435555,7.565970008727163e-05,0.0015852238284423947,0.003420208115130663,0.0012049679644405842,0.002137230786320288,0
b0231,b0232,0,0.9924333095550537,0.9744084477424622,0.8654310703277588,0.9632079005241394,0.9437359571456909,0.9496251344680786,0.8689479827880859,0.9442094564437866,0.9599379897117615,0.9701244831085205,0.9432061731815338,1
b0232,b0233,1,0.9960694909095764,0.9935107827186584,0.9840319752693176,0.9875895380973816,0.9739546775817871,0.9874249696731567,0.9917829632759094,0.9918092489242554,0.9933300614356995,0.9808834195137024,0.9880387127399445,1
b0233,b0234,1,0.98453289270401,0.9747558236122131,0.9027642011642456,0.9628319144248962,0.9195295572280884,0.9237373471260071,0.9830361604690552,0.962354838848114,0.968898355960846,0.9545316696166992,0.9536972761154174,1
b0234,b0238,0,5.40129367436748e-05,0.0003183362423442304,0.0004173217457719147,0.0005178857245482504,0.0010016077430918813,0.0011755386367440224,2.7013365979655646e-05,0.00027148390654474497,0.0004873482102993876,0.0008308732067234814,0.0005101421718791243,0
b0238,b0239,0,0.5777658224105835,0.7783281803131104,0.8361775279045105,0.8433958292007446,0.7468903660774231,0.6525812745094299,0.7394694089889526,0.6337511539459229,0.8659535050392151,0.8196006417274475,0.749391371011734,1
b0239,b0240,0,0.4914504885673523,0.4769834876060486,0.2745935916900635,0.4997067153453827,0.706725001335144,0.46807777881622314,0.514878511428833,0.33694133162498474,0.5696988701820374,0.4940524399280548,0.4833108216524124,0
b0240,b0242,0,0.08902278542518616,0.05971582606434822,0.0929604023694992,0.10621685534715652,0.07944288104772568,0.07443401962518692,0.029299583286046982,0.09936928749084473,0.04463384300470352,0.11056555807590485,0.07856610417366028,0
b0242,b0243,1,0.9950660467147827,0.9955558776855469,0.9893278479576111,0.9908564686775208,0.9856895804405212,0.9913992881774902,0.9979737997055054,0.9875721335411072,0.9980478286743164,0.993800699710846,0.9925289571285247,1
b0260,b0261,1,0.9933627247810364,0.9902284741401672,0.9865779280662537,0.9655613303184509,0.9632589221000671,0.9877974390983582,0.9954974055290222,0.9708060026168823,0.9885436296463013,0.9869902729988098,0.9828624129295349,1
b0261,b0268,0,0.000786483462434262,0.0007533454336225986,0.00138369994238019,0.0019219540990889072,0.00445956876501441,0.0029698321595788,3.918763832189143e-05,0.0015859350096434355,0.003160518128424883,0.001436699414625764,0.0018497224053135141,0
b0268,b0269,1,0.9942681193351746,0.9940465092658997,0.9895418882369995,0.9898284077644348,0.9724257588386536,0.9909548759460449,0.9984833002090454,0.9826666116714478,0.9961579442024231,0.9885991215705872,0.989697253704071,1
b0269,b0270,1,0.8119199275970459,0.7234031558036804,0.7239099144935608,0.8209367394447327,0.6250479817390442,0.6250542402267456,0.6421926021575928,0.6836142539978027,0.7934990525245667,0.7731751799583435,0.7222753047943116,1
b0270,b0271,1,0.990837812423706,0.985936164855957,0.9805580377578735,0.9554204344749451,0.9330227971076965,0.9818647503852844,0.9938390851020813,0.9729269742965698,0.981734037399292,0.9689640998840332,0.9745104193687439,1
b0271,b0287,0,1.0106802619702648e-05,3.440391810727306e-05,3.513776391628198e-05,7.078923226799816e-05,0.0005063486169092357,0.00033957266714423895,4.748476385429967e-07,2.0945708456565626e-05,9.454065730096772e-05,9.897060226649046e-05,0.00012112908166272973,0
b0287,b0295,0,5.015102942707017e-06,1.9851910110446624e-05,0.00016900271293707192,8.282664930447936e-05,0.0006829970516264439,0.0006183149525895715,5.677569561157725e-07,2.9500435630325228e-05,8.863944822223857e-05,0.00021231289429124445,0.00019090289146106443,0
b0305,b0306,0,0.0070025380700826645,0.01859080046415329,0.0014882456744089723,0.045652832835912704,0.04649059474468231,0.0742076113820076,0.0026177382096648216,0.010032539255917072,0.03299197182059288,0.051193054765462875,0.02902679272228852,0
b0306,b0307,1,0.9964383840560913,0.9897685647010803,0.9856908917427063,0.9908220767974854,0.9703404903411865,0.9864743947982788,0.9975637197494507,0.9847649335861206,0.9935232400894165,0.9810889363288879,0.9876475632190704,1
b0307,b0308,1,0.9949424266815186,0.9950026869773865,0.9947689771652222,0.9734824299812317,0.9837757349014282,0.9875902533531189,0.9957127571105957,0.9795053005218506,0.9976860284805298,0.9939014315605164,0.9896368026733399,1
b0308,b0314,0,0.0002215036074630916,0.00040275315404869616,0.00015339265519287437,0.0012910387013107538,0.0015924901235848665,0.0018420866690576077,4.31494991062209e-05,0.0006685738917440176,0.0026329283136874437,0.00045909517211839557,0.0009307011787313968,0
b0314,b0315,0,0.21656420826911926,0.03625468537211418,0.036685604602098465,0.10573743283748627,0.11527679115533829,0.10970356315374374,0.02843509055674076,0.10352528840303421,0.13054627180099487,0.08378440141677856,0.09665133375674487,0
b0315,b0318,0,0.0010097990743815899,0.0026670151855796576,0.0027728585992008448,0.003218134166672826,0.003442025277763605,0.010042238980531693,0.00555054098367691,0.0020132458303123713,0.003637312212958932,0.001131382305175066,0.0035484552616253497,0
b0318,b0319,1,0.9962694644927979,0.9910841584205627,0.9782965779304504,0.9905540943145752,0.9832016229629517,0.9839490056037903,0.9968538880348206,0.9846920371055603,0.9959229826927185,0.9885689616203308,0.9889392793178559,1
b0319,b0320,1,0.9950509667396545,0.9928363561630249,0.9869420528411865,0.9665402173995972,0.9788023829460144,0.9786157608032227,0.9969294667243958,0.9826862812042236,0.9968599081039429,0.9889640808105469,0.9864227473735809,1
b0320,b0321,1,0.9977765083312988,0.9970577359199524,0.9954151511192322,0.9707905054092407,0.9868899583816528,0.9871066808700562,0.9972716569900513,0.9854507446289062,0.998452365398407,0.9947379231452942,0.9910949230194092,1
b0321,b0323,0,0.8927091956138611,0.838808536529541,0.5573973655700684,0.7571886777877808,0.4678517282009125,0.790206253528595,0.8255044221878052,0.7558507919311523,0.7216197848320007,0.6366313099861145,0.7243768066167832,1
b0323,b0324,1,0.9766773581504822,0.871175229549408,0.7895862460136414,0.8593689799308777,0.8509708046913147,0.8970968723297119,0.9132171273231506,0.9304896593093872,0.8965870141983032,0.9516726136207581,0.8936841905117034,1
b0324,b0325,0,0.37050360441207886,0.5764003992080688,0.04833685979247093,0.4574493169784546,0.3105907738208771,0.5620178580284119,0.07965471595525742,0.4179878532886505,0.5078851580619812,0.508164644241333,0.38389911837875845,0
b0325,b0326,0,0.333363801240921,0.2261599898338318,0.5042038559913635,0.29768460988998413,0.34070801734924316,0.3419449031352997,0.13014353811740875,0.24206732213497162,0.4392879605293274,0.2889721691608429,0.3144536167383194,0
b0326,b0327,0,0.0686594545841217,0.06848673522472382,0.20555011928081512,0.09822842478752136,0.041216909885406494,0.05502331256866455,0.06301352381706238,0.18495987355709076,0.045237306505441666,0.05560758337378502,0.08859832435846329,0
b0327,b0329,0,0.001903871656395495,0.003772397991269827,0.0039017884992063046,0.005635053385049105,0.0032993722707033157,0.016319386661052704,0.011369365267455578,0.006998143624514341,0.004185788333415985,0.0018347514560446143,0.005921991914510727,0
b0336,b0337,1,0.9958202838897705,0.9964797496795654,0.9940049052238464,0.9753876328468323,0.9832648038864136,0.9893018007278442,0.9979139566421509,0.9828669428825378,0.99782794713974,0.9937163591384888,0.990658438205719,1
b0337,b0339,0,0.006186812184751034,0.0036388402804732323,0.004686406347900629,0.021032320335507393,0.03654982149600983,0.02286428213119507,0.0009954746346920729,0.0060384515672922134,0.03885198011994362,0.010542054660618305,0.01513864437583834,0
b0339,b0340,1,0.9953994750976562,0.9780206084251404,0.5310231447219849,0.9747185707092285,0.937472939491272,0.9676894545555115,0.95131915807724,0.9647071361541748,0.9788970947265625,0.9697842597961426,0.9249031841754913,1
b0340,b0341,1,0.9907609224319458,0.9780146479606628,0.9602371454238892,0.9860938787460327,0.9516287446022034,0.9825432300567627,0.9951612949371338,0.9759582281112671,0.9871798753738403,0.9689397215843201,0.9776517689228058,1
b0341,b0347,0,5.3934600146021694e-05,0.0001407780946465209,7.10493404767476e-05,0.0002763817901723087,0.0009389432379975915,0.0015331711620092392,5.840174253535224e-06,0.00022659270325675607,0.0006714317132718861,0.00045535736717283726,0.00043734801834034444,0
b0347,b0348,1,0.9979439377784729,0.9903943538665771,0.9688982367515564,0.9611535668373108,0.9245772957801819,0.9625194668769836,0.994875967502594,0.9692097306251526,0.9778680801391602,0.9561136960983276,0.9703554332256317,1
b0348,b0349,1,0.9897461533546448,0.9883801937103271,0.9693065881729126,0.9736729264259338,0.9181687831878662,0.971854567527771,0.9772931933403015,0.9785339832305908,0.9826006293296814,0.9500971436500549,0.9699654161930085,1
b0349,b0350,1,0.9951582551002502,0.9812028408050537,0.9833410978317261,0.9630032777786255,0.9396103620529175,0.9855095744132996,0.9918175339698792,0.9791436195373535,0.9800471663475037,0.9616028666496277,0.9760436594486237,1
b0350,b0351,1,0.9956806898117065,0.9929649233818054,0.9925491809844971,0.9723867177963257,0.9840237498283386,0.9834702014923096,0.9964436292648315,0.9849231243133545,0.997836172580719,0.9928234815597534,0.9893101871013641,1
b0351,b0352,1,0.9960193634033203,0.990852415561676,0.9931709170341492,0.9707205891609192,0.9837289452552795,0.9841886162757874,0.9963269829750061,0.9838029742240906,0.9979240894317627,0.9929689168930054,0.9889703810214996,1
b0352,b0353,0,0.14874203503131866,0.39136025309562683,0.015508560463786125,0.3482658267021179,0.21976421773433685,0.4425293803215027,0.1399305760860443,0.16779914498329163,0.2309185415506363,0.19761471450328827,0.23024332504719497,0
b0353,b0354,0,0.3379066586494446,0.4320757985115051,0.17212586104869843,0.5015525817871094,0.33414414525032043,0.6302501559257507,0.4469991624355316,0.3929932117462158,0.37323278188705444,0.5360106825828552,0.41572910398244856,0
b0365,b0366,1,0.9941678643226624,0.9798135161399841,0.9328765869140625,0.947944700717926,0.9070283770561218,0.9533151388168335,0.9690161943435669,0.9251447319984436,0.9662044644355774,0.9591354727745056,0.9534647047519684,1
b0366,b0367,1,0.9972557425498962,0.9960362315177917,0.9960977435112,0.9760119915008545,0.9868265390396118,0.9866270422935486,0.9972986578941345,0.9866843223571777,0.9983530044555664,0.9944272637367249,0.9915618538856507,1
b0367,b0368,1,0.99718177318573,0.9936180114746094,0.9942107796669006,0.9672389626502991,0.9846586585044861,0.9842472076416016,0.9968712329864502,0.9822613000869751,0.9979435801506042,0.9935091137886047,0.9891740620136261,1
b0368,b0375,0,3.429326898185536e-05,9.310578752774745e-05,0.0003170647250954062,0.0001382302143611014,0.0007180558168329298,0.0007057031616568565,8.801702620075957e-07,7.943828677525744e-05,0.0001887589314719662,0.0002691309782676399,0.0002544661341232768,0
b0375,b0377,0,0.0015491129597648978,0.008554632775485516,0.0007262225262820721,0.010365416295826435,0.00976939033716917,0.026487283408641815,0.004405218642205,0.0068181236274540424,0.008745810016989708,0.00808834657073021,0.008550955716054886,0
b0377,b0378,0,0.9948046803474426,0.9861820340156555,0.9626506567001343,0.9604461193084717,0.9331744313240051,0.9814996123313904,0.977998673915863,0.9699310064315796,0.9778279662132263,0.9729740023612976,0.9717489182949066,1
b0378,b0380,0,0.00456479424610734,0.003814977826550603,0.007803244981914759,0.01040610857307911,0.02075088582932949,0.018412528559565544,0.0014032799517735839,0.004260172136127949,0.009902017191052437,0.01223425380885601,0.009355226310435682,0
b0380,b0382,0,0.0003186016110703349,0.0012405607849359512,0.0006745337159372866,0.0007548864814452827,0.0009202798828482628,0.005400810390710831,0.015929898247122765,0.0019216386135667562,0.0037864649202674627,0.0003657583729363978,0.003131343302084133,0
b0382,b0383,0,0.9857713580131531,0.9425532221794128,0.8722141981124878,0.9758806824684143,0.9401365518569946,0.8832820653915405,0.9816938042640686,0.8708046674728394,0.9728170037269592,0.9199622273445129,0.9345115780830383,1
b0383,b0384,1,0.31666937470436096,0.43592536449432373,0.24850907921791077,0.5252676010131836,0.4510052800178528,0.5774068832397461,0.18231873214244843,0.5706518888473511,0.4368917644023895,0.5946602821350098,0.4339306250214577,0
b0384,b0385,0,0.9646822810173035,0.9267772436141968,0.8065128922462463,0.8816008567810059,0.736227810382843,0.7046564817428589,0.984022319316864,0.889567494392395,0.9066985845565796,0.6430233716964722,0.8443769335746765,1
b0385,b0387,0,0.006068567745387554,0.0013528468552976847,0.0015901551814749837,0.01559328380972147,0.030401121824979782,0.01606898009777069,0.0056751687079668045,0.0028243474662303925,0.012437366880476475,0.006798194721341133,0.009881003329064697,0
b0387,b0388,0,0.7432088851928711,0.920037031173706,0.4366617798805237,0.8615601062774658,0.6668640971183777,0.8155178427696228,0.9030917286872864,0.916221559047699,0.8987433910369873,0.7535558342933655,0.7915462255477905,1
b0388,b0389,1,0.9674769043922424,0.969445526599884,0.953982949256897,0.9643619060516357,0.9374765157699585,0.9435693025588989,0.9681389331817627,0.9621772170066833,0.9788021445274353,0.9780734777450562,0.9623504877090454,1
b0389,b0390,1,0.48532599210739136,0.46252405643463135,0.6966658234596252,0.5155213475227356,0.3002350926399231,0.4005151093006134,0.21347558498382568,0.45906662940979004,0.3979356288909912,0.31377169489860535,0.42450369596481324,0
b0390,b0391,0,0.3775883615016937,0.4444776773452759,0.04798902943730354,0.5151558518409729,0.5061536431312561,0.5213908553123474,0.40279439091682434,0.40942755341529846,0.49288490414619446,0.6626995801925659,0.4380561847239733,0
b0391,b0394,0,0.000275662838248536,0.00048566528130322695,0.0010792691027745605,0.0016242763958871365,0.0040880911983549595,0.003205150132998824,2.9922664907644503e-05,0.0008114398806355894,0.004363813437521458,0.0013873919378966093,0.0017350682870528543,0
b0394,b0399,0,0.00012389119365252554,0.0004105732950847596,3.166442911606282e-05,0.0013356984127312899,0.001089409226551652,0.0013155839405953884,8.752419671509415e-05,0.0013280129060149193,0.0019368809880688787,0.00020387378754094243,0.0007863112376071512,0
b0399,b0400,1,0.9931783676147461,0.9828771352767944,0.9888163805007935,0.9891851544380188,0.9680728316307068,0.9803234338760376,0.9974390864372253,0.9758616089820862,0.9933507442474365,0.9846052527427673,0.9853709995746612,1
b0400,b0401,0,0.23731043934822083,0.15323837101459503,0.010806748643517494,0.23396272957324982,0.2507403790950775,0.4055689573287964,0.030915100127458572,0.20549462735652924,0.2379247397184372,0.3266620635986328,0.2092624155804515,0
b0401,b0402,1,0.989913284778595,0.9690251350402832,0.9458557367324829,0.9731249809265137,0.935150682926178,0.9035158753395081,0.991085946559906,0.9206427931785583,0.9722946882247925,0.9670020341873169,0.9567611157894135,1
b0402,b0403,0,0.44826534390449524,0.7340038418769836,0.707230806350708,0.7814998030662537,0.6801199913024902,0.4271165132522583,0.7397922873497009,0.49711310863494873,0.8791406750679016,0.6367356777191162,0.6531018048524857,1
b0403,b0405,0,0.3285174071788788,0.2254943549633026,0.03460400551557541,0.24174834787845612,0.24255283176898956,0.14914734661579132,0.10730644315481186,0.09429039806127548,0.2605803906917572,0.12163881957530975,0.1805880345404148,0
b0405,b0406,1,0.8845939636230469,0.7785539627075195,0.4369479715824127,0.8288614749908447,0.7259498834609985,0.8066087365150452,0.8440250158309937,0.751427948474884,0.7982873320579529,0.8972657918930054,0.7752522081136703,1
b0406,b0407,1,0.9765295386314392,0.9677546620368958,0.9263994693756104,0.9363580942153931,0.8675351142883301,0.9506485462188721,0.9606156945228577,0.9549526572227478,0.9543895721435547,0.9553782939910889,0.945056164264679,1
b0407,b0408,1,0.9976058602333069,0.9921406507492065,0.9755589365959167,0.9915524125099182,0.9766449928283691,0.9815433025360107,0.9979877471923828,0.9806992411613464,0.9964052438735962,0.9814910888671875,0.9871629476547241,1
b0408,b0409,1,0.9936490058898926,0.9839820861816406,0.9894588589668274,0.9728837013244629,0.9590327143669128,0.9773070216178894,0.992146909236908,0.967665433883667,0.9820834994316101,0.9777461290359497,0.9795955359935761,1
b0409,b0410,0,0.18102531135082245,0.15045733749866486,0.3866468369960785,0.277001291513443,0.37998008728027344,0.24842698872089386,0.17182277143001556,0.11972947418689728,0.36896777153015137,0.2883630096912384,0.2572420880198479,0
b0418,b0423,0,0.00047492896555922925,0.0007511739968322217,6.554459105245769e-05,0.0007645554724149406,0.0011201991001144052,0.003194877179339528,0.0001319397852057591,0.0007263653678819537,0.0018852601060643792,0.0002646470384206623,0.0009379491602885537,0
b0423,b0426,0,0.0005029888707213104,0.0009246732224710286,0.00015269190771505237,0.00427088001742959,0.00869027804583311,0.004561008419841528,0.00019746915495488793,0.0009887024061754346,0.003895917907357216,0.003805933054536581,0.002799054300703574,0
b0426,b0435,0,2.2427029762184247e-05,2.434853740851395e-05,3.733915218617767e-05,8.100315608317032e-05,0.0003402687143534422,0.00035593874054029584,3.4300458082725527e-06,6.157744792290032e-05,0.0003384702140465379,7.166912837419659e-05,0.00013364721664856915,0
b0435,b0436,0,0.2075207680463791,0.10639949887990952,0.029993845149874687,0.10905777662992477,0.11988325417041779,0.2772994339466095,0.0130208944901824,0.09903214126825333,0.19210445880889893,0.1887892186641693,0.13431012900546194,0
b0436,b0437,0,0.37718281149864197,0.23265346884727478,0.48264792561531067,0.33503374457359314,0.37055259943008423,0.43163415789604187,0.32706308364868164,0.1744728982448578,0.48788687586784363,0.4034286141395569,0.36225561797618866,0
b0437,b0438,1,0.928162693977356,0.9082082509994507,0.8512595891952515,0.9138045310974121,0.7761533260345459,0.9118599891662598,0.9276276230812073,0.8342495560646057,0.9228007197380066,0.8995687365531921,0.8873695015907288,1
b0438,b0439,0,0.7726683020591736,0.6312697529792786,0.7346768379211426,0.8246821761131287,0.7431086301803589,0.5220440626144409,0.8187509179115295,0.629714846611023,0.7416300773620605,0.7453448176383972,0.7163890421390533,1
b0439,b0440,0,0.3097397983074188,0.6529386043548584,0.08811695128679276,0.613756000995636,0.5866774916648865,0.5422083139419556,0.3372740149497986,0.5008409023284912,0.47054362297058105,0.6491897106170654,0.4751285411417484,0
b0440,b0441,0,0.37956786155700684,0.14143571257591248,0.03955468162894249,0.27623528242111206,0.3213050067424774,0.16811560094356537,0.06043214350938797,0.23774215579032898,0.33304673433303833,0.202714204788208,0.216014938428998,0
b0441,b0442,1,0.7203047871589661,0.559808075428009,0.8092420697212219,0.7705709338188171,0.7160940766334534,0.7984886765480042,0.7789188027381897,0.4775139391422272,0.6514738202095032,0.7653301358222961,0.7047745317220688,1
b0442,b0443,1,0.8709973096847534,0.7910045981407166,0.2934383749961853,0.8517006039619446,0.6905656456947327,0.7561770081520081,0.7952882647514343,0.716160237789154,0.8421293497085571,0.7406603097915649,0.7348121702671051,1
b0443,b0446,0,0.00021414835646282881,9.883951133815572e-05,0.00012029156641801819,0.0005119513371028006,0.001925287302583456,0.0019565587863326073,0.0003919147129636258,0.00019809993682429194,0.0008692721603438258,0.00024344655685126781,0.0006529810227220878,0
b0446,b0447,0,0.3098050355911255,0.17233802378177643,0.29511409997940063,0.2881543040275574,0.40082940459251404,0.3103891611099243,0.15215212106704712,0.17781534790992737,0.4044322669506073,0.2975815534591675,0.28086113184690475,0
b0447,b0448,1,0.9953147172927856,0.9886196255683899,0.9683236479759216,0.9920179843902588,0.9691817760467529,0.9845010638237,0.9978597164154053,0.9853317141532898,0.9940985441207886,0.9792930483818054,0.9854541838169097,1
b0448,b0449,1,0.9965536594390869,0.9966664910316467,0.996968686580658,0.9812893271446228,0.9874973893165588,0.9884267449378967,0.9974930882453918,0.987221896648407,0.9983687996864319,0.9945216774940491,0.992500776052475,1
b0449,b0450,0,0.6450216770172119,0.663999617099762,0.8547989130020142,0.6746004223823547,0.481659471988678,0.4566459655761719,0.3533019721508026,0.49590352177619934,0.5785632133483887,0.6029918193817139,0.5807486593723297,1
b0450,b0451,1,0.9716092348098755,0.9402857422828674,0.9423581957817078,0.9341738820075989,0.8418265581130981,0.9352671504020691,0.9177369475364685,0.9176114797592163,0.916257381439209,0.940214216709137,0.9257340788841247,1
b0451,b0453,0,0.017539892345666885,0.018906861543655396,0.004680423066020012,0.041276879608631134,0.029666386544704437,0.0350458100438118,0.008761366829276085,0.022631214931607246,0.016767948865890503,0.008058164268732071,0.020333494804799557,0
b0456,b0464,0,1.3939621567260474e-05,3.420149732846767e-05,2.148176463379059e-06,6.915716949151829e-05,0.00023713664268143475,0.0002704520884435624,4.20062997363857e-06,3.303092671558261e-05,0.00013852711708750576,2.775694156298414e-05,8.305508113153337e-05,0
b0464,b0465,0,0.504987895488739,0.38087791204452515,0.6356242299079895,0.6070147752761841,0.6515125036239624,0.46037930250167847,0.33348363637924194,0.44170016050338745,0.6385563611984253,0.6541224122047424,0.5308259189128876,1
b0465,b0468,0,0.2488769292831421,0.4571574330329895,0.012474152259528637,0.46705523133277893,0.28573986887931824,0.3135218918323517,0.17900675535202026,0.3379163444042206,0.4134967625141144,0.30733734369277954,0.3022582712583244,0
b0468,b0469,0,0.5730272531509399,0.6592093110084534,0.2212645411491394,0.6267992854118347,0.5576274394989014,0.8440078496932983,0.6468130946159363,0.7379727363586426,0.6297870874404907,0.724829912185669,0.6221338510513306,1
b0469,b0470,0,0.25635164976119995,0.5004068613052368,0.36274778842926025,0.5646551847457886,0.527878999710083,0.2742428779602051,0.19386234879493713,0.2455892562866211,0.5568972826004028,0.4485493004322052,0.393118155002594,0
b0470,b0471,0,0.9582138657569885,0.925447940826416,0.7733147144317627,0.9009085893630981,0.7752670049667358,0.9406260848045349,0.9340247511863708,0.9330111145973206,0.9142327308654785,0.9226653575897217,0.8977712154388428,1
b0471,b0472,1,0.9957659244537354,0.9918428063392639,0.9943400025367737,0.98855060338974,0.9845624566078186,0.9817941188812256,0.9975721836090088,0.9848813414573669,0.9968485236167908,0.9913277626037598,0.9907485723495484,1
b0472,b0473,0,0.17391888797283173,0.27868857979774475,0.3990718126296997,0.5704424381256104,0.5494801998138428,0.21825599670410156,0.3018075227737427,0.2913951277732849,0.6327128410339355,0.49295774102211,0.3908731147646904,0
b0473,b0474,0,0.33074837923049927,0.4852597117424011,0.18771155178546906,0.4628255367279053,0.41453078389167786,0.4607407748699188,0.29733842611312866,0.42857253551483154,0.570747971534729,0.5992128849029541,0.42376885563135147,0
b0474,b0475,0,0.1749216467142105,0.16823625564575195,0.07176396995782852,0.23490391671657562,0.31879693269729614,0.24761204421520233,0.13997052609920502,0.17975378036499023,0.40087956190109253,0.18565571308135986,0.21224943473935126,0
b0475,b0477,0,0.01761002093553543,0.013918573968112469,0.0061981696635484695,0.04124710336327553,0.05688578262925148,0.06629897654056549,0.06978720426559448,0.024497395381331444,0.08630795031785965,0.0064160143956542015,0.038916719146072865,0
b0477,b0480,0,0.0004958024364896119,0.00046561702038161457,0.0017396863549947739,0.0016157474601641297,0.003723239991813898,0.008124078623950481,0.000669107714202255,0.0008176647825166583,0.002731993095949292,0.0011469443561509252,0.002152988183661364,0
b0483,b0485,0,3.1993524316931143e-05,4.6658507926622406e-05,0.00033360239467583597,0.0001704170135781169,0.0007635299116373062,0.0006239128415472806,9.041727025760338e-06,6.28554480499588e-05,0.0003644007083494216,0.00010999029473168775,0.0002516402371838922,0
b0485,b0486,1,0.9831854701042175,0.9587211608886719,0.9859670996665955,0.9216552376747131,0.9118276238441467,0.9543625712394714,0.9925966262817383,0.9614691138267517,0.9460870027542114,0.9558590650558472,0.9571730971336365,1
b0486,b0487,0,0.4891141951084137,0.5478389859199524,0.2720206081867218,0.622068464756012,0.4270774722099304,0.5616781711578369,0.595036506652832,0.7003464102745056,0.6231502294540405,0.6683778166770935,0.5506708860397339,1
b0487,b0490,0,8.628988871350884e-05,0.001098472042940557,0.00017554344958625734,0.0013834139099344611,0.0036393392365425825,0.005349828861653805,0.003427688265219331,0.0005373270832933486,0.0056002880446612835,0.0003231184382457286,0.0021621309220790862,0
b0490,b0491,1,0.9967263340950012,0.9949353337287903,0.9949510097503662,0.976264476776123,0.9857394099235535,0.9857222437858582,0.9976062178611755,0.9824349880218506,0.997927188873291,0.9937623143196106,0.9906069517135621,1
b0497,b0498,0,0.9972683191299438,0.987663984298706,0.9873457551002502,0.9722792506217957,0.9561893939971924,0.97731614112854,0.9775722026824951,0.9750454425811768,0.9866306185722351,0.9766828417778015,0.9793993949890136,1
b0498,b0505,0,1.1427148820075672e-05,4.656045348383486e-05,0.00023524524294771254,0.00010536102490732446,0.0005310179549269378,0.0005013988120481372,4.5365768528427e-06,5.256622898741625e-05,0.0001800970348995179,0.00024040577409323305,0.00019086162519670323,0
b0505,b0506,0,0.6411044001579285,0.5229382514953613,0.1467277705669403,0.679317831993103,0.609076201915741,0.7166172862052917,0.6198872327804565,0.6922607421875,0.5718877911567688,0.7713449597358704,0.5971162468194962,1
b0511,b0512,1,0.984351396560669,0.9773698449134827,0.9523511528968811,0.9624171257019043,0.89970463514328,0.9512072205543518,0.9755153656005859,0.9623072147369385,0.9574171900749207,0.9609142541885376,0.9583555400371552,1
b0512,b0513,1,0.9966536164283752,0.9895829558372498,0.9788421392440796,0.9845120906829834,0.9683661460876465,0.9704358577728271,0.9962567687034607,0.9778995513916016,0.9785630106925964,0.9591272473335266,0.9800239384174347,1
b0513,b0514,1,0.9728693962097168,0.9564135670661926,0.9490011930465698,0.9144196510314941,0.7953492999076843,0.9612412452697754,0.9622988700866699,0.9592882394790649,0.9422940611839294,0.8321026563644409,0.9245278179645539,1
b0514,b0518,0,0.0005403215764090419,0.0007976298220455647,0.0001958621433004737,0.001517601776868105,0.002663514344021678,0.002924187807366252,0.0003633537271525711,0.0015445882454514503,0.0019699481781572104,0.001040195464156568,0.0013557203084928915,0
b0518,b0520,1,0.0613628551363945,0.16339577734470367,0.10424107313156128,0.1323615312576294,0.051473893225193024,0.21563266217708588,0.08774211257696152,0.10964130610227585,0.05922124907374382,0.02950737252831459,0.10145798325538635,0
b0520,b0521,1,0.9978623390197754,0.9970547556877136,0.9973678588867188,0.9774919748306274,0.9884905815124512,0.9892491102218628,0.9978457093238831,0.9870991706848145,0.9988082647323608,0.9957768321037292,0.9927046597003937,1
b0521,b0526,0,8.736217569094151e-05,0.00032711337553337216,3.8886399124749005e-05,0.0009751348989084363,0.0028257376980036497,0.004243962001055479,2.2579313736059703e-05,0.0004637451493181288,0.001015766873024404,0.0013423815835267305,0.001134266946792195,0
b0526,b0530,0,0.0010213321074843407,0.0009832297218963504,0.0013390495441854,0.0021178126335144043,0.004796985071152449,0.005164983216673136,0.00026882399106398225,0.0005679430323652923,0.004610175732523203,0.0013623875565826893,0.0022232722607441247,0
b0530,b0531,0,0.4339594841003418,0.3801029920578003,0.44787275791168213,0.572883665561676,0.2896541655063629,0.3002372086048126,0.34101828932762146,0.48516136407852173,0.3931201696395874,0.23781225085258484,0.38818223476409913,0
b0531,b0532,1,0.8674898147583008,0.7335931062698364,0.7381460070610046,0.9143639802932739,0.8270534873008728,0.8942712545394897,0.677853524684906,0.7642008662223816,0.8174910545349121,0.808738648891449,0.8043201744556427,1
b0532,b0533,0,0.8823609352111816,0.7929297089576721,0.9240158796310425,0.8216819167137146,0.5547524690628052,0.8214225769042969,0.8995665907859802,0.9204725623130798,0.7995244264602661,0.5664225816726685,0.7983149647712707,1
b0533,b0534,1,0.9216356873512268,0.851264238357544,0.6208178400993347,0.7648398876190186,0.6056419610977173,0.8855529427528381,0.9234087467193604,0.8291043043136597,0.6922657489776611,0.5705820918083191,0.766511344909668,1
b0543,b0544,0,0.5623451471328735,0.27632665634155273,0.21542567014694214,0.3752068877220154,0.33370718359947205,0.21949748694896698,0.05325085669755936,0.26281988620758057,0.5532838106155396,0.28863704204559326,0.31405006274580954,0
b0544,b0545,0,0.028487609699368477,0.04155443608760834,0.003478759666904807,0.09476307779550552,0.08483375608921051,0.09513664990663528,0.005122766364365816,0.01846831850707531,0.057596638798713684,0.07989952713251114,0.050934154004789886,0
b0545,b0546,1,0.9915528893470764,0.9932975769042969,0.9960944056510925,0.9856761693954468,0.9581480622291565,0.980797290802002,0.9910339117050171,0.9856345653533936,0.9910250306129456,0.9825207591056824,0.9855780661106109,1
b0546,b4588,0,0.3379696309566498,0.28046801686286926,0.4168877601623535,0.3250695765018463,0.4228228032588959,0.3050808310508728,0.5068017244338989,0.23310992121696472,0.4689922332763672,0.46232640743255615,0.37595289051532743,0
b4588,b0547,1,0.9959098100662231,0.9957975149154663,0.9945356249809265,0.9847813844680786,0.9810718297958374,0.9821307063102722,0.9990672469139099,0.9855285882949829,0.9974797368049622,0.9938092231750488,0.9910111665725708,1
b0547,b0548,1,0.9970253705978394,0.9837955832481384,0.9962255358695984,0.9734110832214355,0.988943874835968,0.9900150299072266,0.9951138496398926,0.9811373353004456,0.9987694621086121,0.9958978295326233,0.990033495426178,1
b0548,b0549,1,0.997261643409729,0.9954603910446167,0.9961557984352112,0.9804782271385193,0.9855722784996033,0.9856806397438049,0.998326301574707,0.9880853295326233,0.9981946349143982,0.9944143891334534,0.9919629633426666,1
b0549,b0550,1,0.9967734217643738,0.9970753192901611,0.9951331615447998,0.9773463010787964,0.9857802987098694,0.9861311316490173,0.9974497556686401,0.9888638854026794,0.9982983469963074,0.9940606355667114,0.9916912257671356,1
b0550,b4509,1,0.997011125087738,0.9949087500572205,0.9955781102180481,0.9771149158477783,0.9877191185951233,0.9900733232498169,0.9958669543266296,0.9856866598129272,0.9987730383872986,0.9953403472900391,0.9918072342872619,1
b4509,b0551,0,0.9077706933021545,0.9377298355102539,0.7386435866355896,0.9009116291999817,0.7797048091888428,0.8425865173339844,0.9330654144287109,0.8977177739143372,0.9507074952125549,0.9018856883049011,0.8790723443031311,1
b0551,b0554,0,9.93618323263945e-06,8.622187306173146e-05,4.407206870382652e-05,0.0001932798622874543,0.00033662334317341447,0.0008342484361492097,1.5372171446870198e-06,4.363180778454989e-05,0.00023831186990719289,0.00015955051640048623,0.0001947413177845192,0
b0554,b0555,1,0.9969611763954163,0.9954575300216675,0.9948245882987976,0.9819185733795166,0.9833652377128601,0.9844240546226501,0.9984552264213562,0.9880539774894714,0.9978031516075134,0.9931143522262573,0.9914377868175507,1
b0555,b0556,1,0.9946584701538086,0.9969237446784973,0.9925419688224792,0.9803952574729919,0.9792984127998352,0.9857006072998047,0.9977492690086365,0.982804000377655,0.9964081048965454,0.9901022911071777,0.9896582126617431,1
b0556,b4510,1,0.9945585131645203,0.994683027267456,0.9928091168403625,0.9774381518363953,0.9852612018585205,0.9876694679260254,0.9957658052444458,0.9769678115844727,0.9974260926246643,0.9939602613449097,0.9896539449691772,1
b4510,b0559,0,9.477398998569697e-05,9.77251838776283e-05,0.002505287993699312,0.00017425333498977125,0.0013392218388617039,0.0020244272891432047,1.0290278623870108e-05,0.0001527915010228753,0.00033195584546774626,0.0010783682810142636,0.0007809095536686073,0
b0559,b0560,0,0.002619005972519517,0.001889155711978674,0.0017415406182408333,0.011132355779409409,0.009757247753441334,0.009012317284941673,0.0033830914180725813,0.001383541733957827,0.0166842732578516,0.0017426676349714398,0.005934519716538489,0
b0560,b0564,0,0.00012531864922493696,0.0001402877678629011,0.00016958871856331825,0.00042179538286291063,0.001761330640874803,0.00277146534062922,1.2735787095152773e-05,0.00041520516970194876,0.0008599758730269969,0.0006614664453081787,0.0007339169775150367,0
b0564,b0572,0,6.989816029090434e-05,5.5103304475778714e-05,0.00010146037675440311,8.26316318125464e-05,0.0009032211964949965,0.0008637415012344718,4.318102071465546e-07,8.825232362141833e-05,0.0001444257068214938,0.0002559063723310828,0.00025650723840442424,0
b0572,b0573,1,0.9785321354866028,0.938919723033905,0.953747570514679,0.9348853826522827,0.8690314292907715,0.9356704950332642,0.9042983055114746,0.9456416368484497,0.9336106777191162,0.9156814813613892,0.9310018837451934,1
b0573,b0574,1,0.9719372391700745,0.9418053030967712,0.8862793445587158,0.9451107978820801,0.8904412984848022,0.9542127251625061,0.9450026154518127,0.9336287975311279,0.9541934728622437,0.9190534949302673,0.9341665089130402,1
b0574,b0575,1,0.9606128334999084,0.9634287357330322,0.9541029334068298,0.9535532593727112,0.9208791851997375,0.9490771889686584,0.947510302066803,0.9490205645561218,0.9564030766487122,0.9562728404998779,0.9510860919952393,1
b0575,b0576,0,0.4238608777523041,0.7887241244316101,0.1614992767572403,0.674836277961731,0.638658881187439,0.6638646721839905,0.6464391350746155,0.6707321405410767,0.6350382566452026,0.6882816553115845,0.5991935297846794,1
b0585,b4511,1,0.7727309465408325,0.9762713313102722,0.9658980369567871,0.9117915034294128,0.8297607898712158,0.9129397869110107,0.9264293909072876,0.9620002508163452,0.9467019438743591,0.8325812816619873,0.903710526227951,1
b4511,b0586,1,0.9912435412406921,0.9920704960823059,0.9904271364212036,0.9803464412689209,0.9661149978637695,0.977555513381958,0.9981837272644043,0.9768493175506592,0.9897489547729492,0.9910396933555603,0.9853579819202423,1
b0586,b0587,0,0.9791012406349182,0.848189651966095,0.8223389983177185,0.9115847945213318,0.6656163930892944,0.9515133500099182,0.9454291462898254,0.8246397376060486,0.8457069396972656,0.7251990437507629,0.8519319295883179,1
b0587,b0591,0,0.041597168892621994,0.006648033391684294,0.008447323925793171,0.012395198456943035,0.008218911476433277,0.028454666957259178,0.09369612485170364,0.0062170070596039295,0.00917631946504116,0.005002614576369524,0.02198533690534532,0
b0591,b0593,0,0.0028557763434946537,0.016968581825494766,0.007154712453484535,0.022367577999830246,0.02566462568938732,0.0327162928879261,0.018991919234395027,0.0423726849257946,0.033147554844617844,0.004788313060998917,0.0207028039265424,0
b0593,b0594,1,0.9932543635368347,0.9804664254188538,0.9523170590400696,0.9637939929962158,0.9420542120933533,0.974334180355072,0.9785379767417908,0.9572883248329163,0.9769725203514099,0.971129834651947,0.9690148890018463,1
b0594,b0595,1,0.9959291219711304,0.9926871657371521,0.9753849506378174,0.9746490716934204,0.9681628942489624,0.9836634397506714,0.9940735101699829,0.9784374833106995,0.9907736778259277,0.985435426235199,0.9839196741580963,1
b0595,b0596,1,0.9968542456626892,0.9972476363182068,0.9972715377807617,0.9807694554328918,0.9888353943824768,0.9900715351104736,0.9976550936698914,0.9884215593338013,0.9986929297447205,0.9953014254570007,0.9931120812892914,1
b0596,b0597,1,0.9931167960166931,0.9899970889091492,0.9682683944702148,0.9628326892852783,0.9144701361656189,0.909970223903656,0.9929304718971252,0.9731413722038269,0.9731475114822388,0.9549424052238464,0.9632817089557648,1
b0597,b0598,0,0.34365782141685486,0.3469030261039734,0.048823464661836624,0.47397705912590027,0.4285246729850769,0.6496883034706116,0.3591880798339844,0.572683572769165,0.3304954469203949,0.5705275535583496,0.41244690008461476,0
b0598,b4512,1,0.9640465974807739,0.9110091924667358,0.8056851625442505,0.8625430464744568,0.7503754496574402,0.9068554639816284,0.9638877511024475,0.8037232756614685,0.8873741626739502,0.9223536252975464,0.8777853727340699,1
b4512,b0600,0,0.0017476676730439067,0.001292605185881257,0.0003251055895816535,0.004248152021318674,0.008624843321740627,0.007537885569036007,0.00027891533682122827,0.0065286108292639256,0.010352804325520992,0.002496560337021947,0.0043433150189230215,0
b0600,b0605,0,8.435355266556144e-05,0.00040841029840521514,0.005191960837692022,0.0005169250071048737,0.0025379101280122995,0.001888650469481945,1.0507514161872678e-05,0.00017308704263996333,0.0005069550243206322,0.001074974425137043,0.001239373429962143,0
b0605,b0606,1,0.5156698822975159,0.36437252163887024,0.17186740040779114,0.5346925258636475,0.5180598497390747,0.34125933051109314,0.08302681148052216,0.46348416805267334,0.6822046637535095,0.30838748812675476,0.3983024641871452,0
b0606,b0608,0,0.00506479199975729,0.035749953240156174,0.040293723344802856,0.03446832299232483,0.04704844206571579,0.027050849050283432,0.00450101587921381,0.012913385406136513,0.03680241480469704,0.014653916470706463,0.025854681525379418,0
b0608,b0619,0,0.00026533222990110517,0.00015487204655073583,0.009389880113303661,0.0002629438240546733,0.00192201544996351,0.0015085707418620586,1.654129482631106e-05,0.0002935504890047014,0.00040535154403187335,0.0007198803941719234,0.0014938938127670553,0
b0619,b0620,1,0.9700908064842224,0.9547487497329712,0.882976233959198,0.9236133098602295,0.9215629696846008,0.945871889591217,0.9859564900398254,0.9187777042388916,0.9360177516937256,0.9336152076721191,0.9373231112957001,1
b0620,b0622,0,0.00022134486061986536,0.0003963853232562542,0.0011982094729319215,0.000672456924803555,0.0012492731912061572,0.003397842403501272,0.00036688128602690995,0.00016275071538984776,0.0014499188400804996,0.0004053998563904315,0.0009520462874206715,0
b0622,b0623,0,0.1229170709848404,0.1337655931711197,0.013238746672868729,0.2130460888147354,0.1421961635351181,0.31139451265335083,0.017227957025170326,0.11346164345741272,0.14928053319454193,0.21358831226825714,0.14301166217774153,0
b0623,b0627,0,0.00544544355943799,0.0012707557762041688,0.008613800629973412,0.0033718643244355917,0.012880871072411537,0.0054546622559428215,0.00025564664974808693,0.003700773697346449,0.003537588519975543,0.008660022169351578,0.005319142865482717,0
b0627,b0643,0,1.199480175273493e-05,1.588624218129553e-05,1.1942799574171659e-05,3.1329342164099216e-05,0.00019108848937321454,0.00016062452050391585,1.3444738442558446e-06,1.117710053222254e-05,8.031008474063128e-05,2.938772195193451e-05,5.450855766184759e-05,0
b0643,b0645,0,0.015685196965932846,0.0034233282785862684,0.0143971536308527,0.015071028843522072,0.02139020338654518,0.01904366910457611,0.0006366212037391961,0.010513181798160076,0.020193569362163544,0.0054598236456513405,0.012581377621972933,0
b0645,b0646,1,0.9975418448448181,0.9974108934402466,0.9974147081375122,0.9819343686103821,0.9852217435836792,0.9873173832893372,0.998726487159729,0.9903799295425415,0.9983417987823486,0.9945345520973206,0.9928823709487915,1
b0646,b0648,0,0.11251184344291687,0.27976590394973755,0.018388330936431885,0.27774113416671753,0.14432461559772491,0.21086542308330536,0.2020076960325241,0.12133926153182983,0.25292178988456726,0.1877344846725464,0.18076004832983017,0
b0648,b0649,1,0.997178316116333,0.9973208904266357,0.9976109862327576,0.9846125245094299,0.9852723479270935,0.9879440069198608,0.9987160563468933,0.9904822707176208,0.9982393980026245,0.9944328665733337,0.9931809663772583,1
b0649,b0662,0,1.961681482498534e-05,9.617171599529684e-05,2.396200579823926e-05,0.0001500534563092515,0.0005268108216114342,0.0007628706516698003,9.055809755409427e-07,5.212461474002339e-05,0.00017893481708597392,0.0002214896521763876,0.00020329401311869333,0
b0662,b0679,0,0.00012257462367415428,7.82532079028897e-05,2.028561539191287e-05,0.00045679637696594,0.0013478846522048116,0.0012325940188020468,4.774801254825434e-06,9.234492608811706e-05,0.0006517366855405271,0.00030215620063245296,0.0004309401108457678,0
b0679,b0680,0,0.6604838371276855,0.703387439250946,0.8292009830474854,0.8008469939231873,0.7890848517417908,0.5536829233169556,0.7977675199508667,0.5953928232192993,0.7068444490432739,0.7210378646850586,0.7157729685306549,1
b0680,b0681,0,0.5625247359275818,0.1305007040500641,0.4630311131477356,0.27247780561447144,0.3062824606895447,0.24090832471847534,0.06189669668674469,0.18703706562519073,0.3725770115852356,0.19466260075569153,0.27918985188007356,0
b0681,b0682,1,0.9855579733848572,0.9192326664924622,0.8289416432380676,0.91823410987854,0.8975895643234253,0.9183318018913269,0.7968316078186035,0.9288262724876404,0.9277476668357849,0.9313547611236572,0.9052648067474365,1
b0682,b0687,0,7.537130295531824e-05,0.0001986556890187785,2.2317793991533108e-05,0.0003077395958825946,0.0008266458753496408,0.0011570228962227702,2.4562023099861108e-05,0.00017477750952821225,0.0004390198446344584,0.00028706417651847005,0.00035131767072016373,0
b0687,b0688,1,0.9976843595504761,0.9949483871459961,0.9947130084037781,0.9887887835502625,0.9732270240783691,0.9950716495513916,0.9991298913955688,0.9878009557723999,0.9970448613166809,0.9916930794715881,0.9920102000236511,1
b0688,b0689,0,0.7745906710624695,0.44308793544769287,0.547885000705719,0.5213117003440857,0.6663900017738342,0.6698777079582214,0.667212724685669,0.6528197526931763,0.683192789554596,0.7023025155067444,0.6328670799732208,1
b0689,b4590,0,2.1391024347394705e-05,5.188423892832361e-05,1.1684374840115197e-05,0.00022081786300987005,0.00044532815809361637,0.0007816722500137985,1.4739233847649302e-05,0.00024254832533188164,0.00029385933885350823,8.322552457684651e-05,0.00021671503318430042,0
b4590,b0699,0,8.9995401140186e-06,2.5015540813910775e-05,3.120673852663458e-07,6.580154877156019e-05,0.00025989313144236803,0.0001696870313026011,7.522783107560826e-07,1.832572161220014e-05,6.781472620787099e-05,4.112268652534112e-05,6.577242724858934e-05,0
b0699,b0700,0,0.5109946727752686,0.3779330551624298,0.24053828418254852,0.6264134049415588,0.4871540665626526,0.356423020362854,0.14642970263957977,0.3824935555458069,0.49770939350128174,0.5069335699081421,0.4133022725582123,0
b0700,b0702,1,0.9948955178260803,0.9893144369125366,0.9963997602462769,0.959983229637146,0.9896105527877808,0.9927812218666077,0.9888467788696289,0.9777421951293945,0.99873948097229,0.997223973274231,0.9885537147521972,1
b0702,b0704,0,0.0025305890012532473,0.0016072356374934316,0.00023332887212745845,0.004295140039175749,0.0040711951442062855,0.013858701102435589,0.004318836145102978,0.017331870272755623,0.010601748712360859,0.0012071995297446847,0.006005584445665591,0
b0704,b0706,0,0.00022020474716555327,0.0009064043988473713,0.00029869767604395747,0.0019015478901565075,0.0028405962511897087,0.002646499080583453,0.0006287941941991448,0.0015614824369549751,0.002093234797939658,0.0008491570479236543,0.0013946618521003984,0
b0706,b0707,0,0.2959617078304291,0.15168042480945587,0.021645544096827507,0.2472398281097412,0.2545316815376282,0.21740536391735077,0.060117702931165695,0.11686355620622635,0.20481815934181213,0.22245465219020844,0.1792718620970845,0
b0707,b0708,1,0.996719479560852,0.9951720833778381,0.9933203458786011,0.9813512563705444,0.9830960631370544,0.9814337491989136,0.9985235333442688,0.9818114638328552,0.9977613091468811,0.9936007261276245,0.9902790009975433,1
b0708,b0710,0,0.0023067903239279985,0.0016671709017828107,0.009749509394168854,0.0053214700892567635,0.01326016616076231,0.015248027630150318,0.00026818274636752903,0.003950484562665224,0.004860082641243935,0.007013767957687378,0.006364565240801312,0
b0710,b0711,1,0.995453953742981,0.9934167265892029,0.9840332269668579,0.9879173040390015,0.9790405631065369,0.9920353889465332,0.9966745376586914,0.988352358341217,0.9969961643218994,0.9906696081161499,0.9904589831829071,1
b0711,b0712,1,0.9965146780014038,0.9972022175788879,0.9972568154335022,0.9844937920570374,0.9865880012512207,0.9886447787284851,0.9983081221580505,0.9899811744689941,0.998233437538147,0.9941549301147461,0.9931377947330475,1
b0712,b0713,1,0.9964766502380371,0.9952347278594971,0.9961713552474976,0.9821320176124573,0.9881390333175659,0.9879295825958252,0.9967671036720276,0.9850813746452332,0.998256266117096,0.9944589138031006,0.9920647025108338,1
b0713,b0714,1,0.9955237507820129,0.9844653606414795,0.9888452887535095,0.9883043169975281,0.976590096950531,0.9909017086029053,0.9970604181289673,0.9882845282554626,0.994992733001709,0.9883707165718079,0.9893338918685913,1
b0714,b0721,0,6.565387593582273e-05,0.00022861214529257268,0.0006289392476901412,0.0003442310553509742,0.0013851291732862592,0.0006586641538888216,1.5596253433614038e-05,0.00041737101855687797,0.00030383653938770294,0.0011964907171204686,0.0005244524179943255,0
b0721,b0722,1,0.9966055154800415,0.9960419535636902,0.9969117641448975,0.977527379989624,0.9883052706718445,0.9886693954467773,0.9971950650215149,0.984810471534729,0.9986199736595154,0.9953094720840454,0.991999626159668,1
b0722,b0723,1,0.9942068457603455,0.9948873519897461,0.9922364354133606,0.984663724899292,0.9751125574111938,0.9828158617019653,0.998845636844635,0.9843188524246216,0.9953969120979309,0.9918792247772217,0.9894363403320312,1
b0723,b0724,1,0.9954209923744202,0.9942177534103394,0.9751408696174622,0.9808313250541687,0.9739001989364624,0.9912482500076294,0.995578944683075,0.9817304015159607,0.9957814812660217,0.9897762537002563,0.9873626470565796,1
b0724,b0726,1,0.2425256371498108,0.8059777617454529,0.23953576385974884,0.7068215608596802,0.717739462852478,0.4787985682487488,0.7039704322814941,0.37978532910346985,0.6689388751983643,0.649565577507019,0.5593658968806267,1
b0726,b0727,1,0.9418232440948486,0.9261718392372131,0.771098792552948,0.8820226788520813,0.8563265204429626,0.9033582210540771,0.843845546245575,0.9415326118469238,0.9271479249000549,0.9448116421699524,0.8938139021396637,1
b0727,b0728,1,0.956052839756012,0.9452875852584839,0.8730317950248718,0.9395571351051331,0.8384416103363037,0.9433326721191406,0.9827516078948975,0.937221348285675,0.9540865421295166,0.9336150288581848,0.9303378164768219,1
b0728,b0729,1,0.9962798357009888,0.9964990019798279,0.996892511844635,0.9822680950164795,0.9878832697868347,0.9896532893180847,0.9972531199455261,0.9865307211875916,0.9984440207481384,0.994986355304718,0.9926690220832824,1
b0729,b0731,0,0.10123234987258911,0.0458824448287487,0.042756225913763046,0.11083318293094635,0.13991950452327728,0.11594510078430176,0.015567813068628311,0.07639466971158981,0.20217938721179962,0.07897521555423737,0.09296858943998813,0
b0731,b0732,1,0.9043101668357849,0.8651313185691833,0.8966235518455505,0.8742129802703857,0.7892144322395325,0.8760198950767517,0.8769487738609314,0.913489043712616,0.8896058201789856,0.9281952977180481,0.881375128030777,1
b0732,b0733,0,0.13895456492900848,0.22118493914604187,0.01910981722176075,0.2827085554599762,0.1883726418018341,0.4118994176387787,0.023233681917190552,0.17097732424736023,0.2617032527923584,0.3142722547054291,0.20324164498597383,0
b0733,b0734,1,0.9978883862495422,0.9935004711151123,0.9908348321914673,0.9882690906524658,0.9773845672607422,0.9899643659591675,0.99688321352005,0.9888336062431335,0.9960750341415405,0.9893065094947815,0.9908940076828003,1
b0734,b4515,0,0.9956299066543579,0.9932711720466614,0.993920624256134,0.9835574626922607,0.9850296378135681,0.9933167695999146,0.9925111532211304,0.982125461101532,0.9976179599761963,0.9952810406684875,0.9912261188030242,1
b4515,b0735,0,0.9924058318138123,0.9696149826049805,0.9762576222419739,0.9888202548027039,0.9757257103919983,0.9765505194664001,0.995980441570282,0.9832093715667725,0.9911454916000366,0.9752671718597412,0.9824977397918702,1
b0735,b0736,0,0.2470383197069168,0.10709824413061142,0.30090126395225525,0.12243252992630005,0.08490581065416336,0.08393993973731995,0.13504265248775482,0.2556336522102356,0.1478879600763321,0.07110380381345749,0.1555984176695347,0
b0736,b0737,1,0.9966795444488525,0.9964310526847839,0.9972182512283325,0.9844412207603455,0.9856760501861572,0.9874035716056824,0.9983687996864319,0.9906344413757324,0.9981716871261597,0.9937701225280762,0.9928794741630554,1
b0737,b0738,1,0.9950920343399048,0.9924584031105042,0.9959115982055664,0.9911358952522278,0.9802259802818298,0.9865943789482117,0.9968486428260803,0.9851158261299133,0.9964872002601624,0.9901473522186279,0.9910017311573028,1
b0738,b0739,1,0.9252536296844482,0.96256023645401,0.8496185541152954,0.9549544453620911,0.8621892333030701,0.9549634456634521,0.9896995425224304,0.9423599243164062,0.9360595941543579,0.9348231554031372,0.9312481760978699,1
b0739,b0740,0,0.5744257569313049,0.7573896050453186,0.7469245195388794,0.7494234442710876,0.5297108292579651,0.7373381853103638,0.5226384401321411,0.7472877502441406,0.6275932788848877,0.7508289813995361,0.6743560791015625,1
b0740,b0741,1,0.9894255995750427,0.980760931968689,0.9342268109321594,0.9683210253715515,0.9464657306671143,0.9785469174385071,0.9801692962646484,0.9769080877304077,0.9878774881362915,0.982302188873291,0.9725004076957703,1
b0741,b0742,1,0.9989386200904846,0.9954812526702881,0.9893094897270203,0.9917628169059753,0.9877569079399109,0.9930262565612793,0.9917304515838623,0.9938419461250305,0.9970279932022095,0.9920504093170166,0.9930926144123078,1
b0750,b0751,0,0.925054669380188,0.9434470534324646,0.4352877140045166,0.9391121864318848,0.9024531841278076,0.9664049744606018,0.9437291622161865,0.8964993357658386,0.9607008099555969,0.9560555815696716,0.8868744671344757,1
b0751,b0754,0,0.0011499604443088174,0.000645032967440784,0.0008973166695795953,0.002552963327616453,0.008503173477947712,0.010113351047039032,0.00012966556823812425,0.0014677533181384206,0.002478204434737563,0.00409456854686141,0.0032031989801907914,0
b0754,b0762,0,2.380738987994846e-05,3.366850796737708e-05,4.776144578499952e-06,9.465657058171928e-05,0.0004301821463741362,0.00038291618693619967,1.4929871667845873e-06,9.361609409097582e-05,0.00011311932757962495,0.00011142206494696438,0.00012896574201022305,0
b0762,b0763,0,0.05041059851646423,0.027801765128970146,0.04369988664984703,0.060798659920692444,0.09555589407682419,0.10112977027893066,0.025182198733091354,0.08469975739717484,0.06505938619375229,0.09171976149082184,0.0646057678386569,0
b0763,b0764,1,0.9958966374397278,0.9932733178138733,0.9939470887184143,0.9819457530975342,0.9869862794876099,0.986139714717865,0.9969643950462341,0.9838275909423828,0.9978827834129333,0.9935871958732605,0.9910450756549836,1
b0764,b0765,1,0.9750010967254639,0.9738897681236267,0.9465641379356384,0.9394829869270325,0.8947157859802246,0.9197552800178528,0.9756833910942078,0.951244056224823,0.9524476528167725,0.9545513987541199,0.9483335554599762,1
b0765,b0767,0,0.017899498343467712,0.012975435703992844,0.0005532356444746256,0.049268513917922974,0.04188748449087143,0.11545904725790024,0.0005124777089804411,0.01999102719128132,0.027583861723542213,0.05166235566139221,0.0337792937643826,0
b0767,b0769,0,0.02774035930633545,0.013338821940124035,0.018627047538757324,0.06051788106560707,0.0842885747551918,0.04876049980521202,0.0011405250988900661,0.07428888976573944,0.05911855772137642,0.0235450379550457,0.041136619495227934,0
b0769,b0770,1,0.9743682146072388,0.9160599112510681,0.8630014061927795,0.8974120616912842,0.7429441809654236,0.9264786243438721,0.9864799380302429,0.918164074420929,0.9255749583244324,0.8400117754936218,0.8990495145320893,1
b0770,b0771,1,0.7939247488975525,0.6310391426086426,0.5526068806648254,0.667690634727478,0.5460619926452637,0.581301748752594,0.7435330152511597,0.601629912853241,0.5856643319129944,0.6656334400177002,0.6369085848331452,1
b0779,b0781,0,0.0017000021180137992,0.0047560082748532295,0.00013292758376337588,0.01370089128613472,0.01665712706744671,0.025775209069252014,0.0006194963934831321,0.006176951341331005,0.014474110677838326,0.008556979708373547,0.009254970352048985,0
b0781,b0782,1,0.9978834986686707,0.987480103969574,0.9077715277671814,0.962101936340332,0.9381609559059143,0.9791594743728638,0.9880174994468689,0.982774019241333,0.9742395877838135,0.9685096740722656,0.9686098277568818,1
b0782,b0783,1,0.9966924786567688,0.9958985447883606,0.9872435927391052,0.9937812685966492,0.9876708984375,0.9916056990623474,0.9972836375236511,0.9909443259239197,0.9975239634513855,0.9925361275672913,0.9931180536746979,1
b0783,b0784,1,0.996390163898468,0.9935635328292847,0.9952235817909241,0.971125066280365,0.9863864183425903,0.9882272481918335,0.9960611462593079,0.9802661538124084,0.9982919692993164,0.994988739490509,0.9900524020195007,1
b0784,b0785,1,0.9984549880027771,0.9971725940704346,0.9935120940208435,0.9946522116661072,0.9858574271202087,0.994236171245575,0.9986981749534607,0.9945276975631714,0.9983616471290588,0.9925776720046997,0.9948050677776337,1
b0785,b0786,0,0.18538916110992432,0.0945904329419136,0.0251008253544569,0.09318505227565765,0.20464982092380524,0.2074536383152008,0.027585754171013832,0.0965500921010971,0.198233962059021,0.2198043316602707,0.13525430709123612,0
b0786,b0787,0,0.5092716813087463,0.32915693521499634,0.4487452208995819,0.4362490475177765,0.40960264205932617,0.37911340594291687,0.09367529302835464,0.35522276163101196,0.5824883580207825,0.3664690852165222,0.39099944308400153,0
b0787,b0791,0,4.8695350415073335e-05,0.0001786357897799462,4.818877641810104e-05,0.00041207511094398797,0.0015451388899236917,0.0013437240850180387,8.379735845664982e-06,0.00017369183478876948,0.0003432051162235439,0.0005040083779022098,0.0004605743067259027,0
b0791,b0797,0,1.5812978745088913e-05,0.0001011787389870733,7.418916538881604e-06,0.00024071606458164752,0.0007185311987996101,0.0006422268925234675,1.4184760402713437e-05,0.00017259985907003284,0.0007650054758414626,9.217354818247259e-05,0.00027698484336724505,0
b0797,b0799,0,0.018055813387036324,0.07353374361991882,0.010417944751679897,0.12319447845220566,0.1976855993270874,0.10734182596206665,0.09186331927776337,0.05184352397918701,0.2538638114929199,0.03797879442572594,0.0965778854675591,0
b0799,b0800,0,0.9912374019622803,0.9847363829612732,0.9579887986183167,0.9635810852050781,0.9456312656402588,0.9840895533561707,0.9889287948608398,0.951208770275116,0.9811488389968872,0.9829792976379395,0.973153018951416,1
b0800,b0801,0,0.6457518935203552,0.6650826334953308,0.6898024082183838,0.7910211086273193,0.6599920988082886,0.6473731398582458,0.706043004989624,0.7054402232170105,0.8215956687927246,0.7011479735374451,0.7033250153064727,1
b0801,b0807,0,4.402246486279182e-05,0.0001606524019734934,4.266129690222442e-05,0.0013056271709501743,0.0023639085702598095,0.0018269001739099622,2.1391841073636897e-05,0.00016994448378682137,0.0010579127119854093,0.0004147363069932908,0.0007407757422697614,0
b0807,b0814,0,1.6859947209013626e-05,9.23895786399953e-05,0.0005467825685627759,0.00014481005200650543,0.000910547561943531,0.0005947621539235115,3.3588596579647856e-06,4.8415400669910014e-05,0.00015827163588255644,0.0003449636569712311,0.0002861161415466995,0
b0814,b0817,0,0.013708896934986115,0.0026834618765860796,0.036168839782476425,0.009120162576436996,0.023494204506278038,0.015392173081636429,0.0017364545492455363,0.00813238974660635,0.007108076009899378,0.014065424911677837,0.013161008397582918,0
b0817,b0818,1,0.9966594576835632,0.9956554174423218,0.9957512021064758,0.9839392900466919,0.9853201508522034,0.9833869338035583,0.9981423020362854,0.9851863980293274,0.9978771209716797,0.9943430423736572,0.9916261315345765,1
b0818,b0820,0,0.01074988767504692,0.004445306491106749,0.006516460794955492,0.011801687069237232,0.05554753169417381,0.02780820056796074,0.02199132740497589,0.009868690744042397,0.029970478266477585,0.006568964570760727,0.018526853527873755,0
b0820,b0825,0,0.000197075423784554,0.00010617007501423359,0.0002270236873300746,0.0014580811839550734,0.002838236279785633,0.0038235520478338003,3.3257296308875084e-05,0.0006686542183160782,0.0015934198163449764,0.0006292345351539552,0.0011574704563827253,0
b0825,b0828,0,0.00017105831648223102,0.0014479829696938396,0.0008022062829695642,0.0013324953615665436,0.002674634801223874,0.010578800924122334,0.012017910368740559,0.002099751029163599,0.006241762079298496,0.0003952785045839846,0.0037761880637845026,0
b0828,b0829,1,0.9968218803405762,0.9965202808380127,0.9963951706886292,0.9838144779205322,0.9864492416381836,0.9862186908721924,0.998357355594635,0.9885689616203308,0.9982188940048218,0.9945564866065979,0.9925921440124512,1
b0829,b0830,1,0.9928792119026184,0.9905897974967957,0.9904947876930237,0.9869022965431213,0.9721798896789551,0.9860924482345581,0.9964651465415955,0.9790877103805542,0.9941321015357971,0.9855086207389832,0.9874332010746002,1
b0830,b0831,1,0.9979416728019714,0.9945049285888672,0.9808115363121033,0.989787220954895,0.9844805002212524,0.9878540635108948,0.9973848462104797,0.9893443584442139,0.9962736368179321,0.9912235736846924,0.9909606337547302,1
b0831,b0832,1,0.9962773323059082,0.9923988580703735,0.9711570143699646,0.9851900339126587,0.974282443523407,0.9838188290596008,0.9964793920516968,0.9860441088676453,0.9930773973464966,0.985696017742157,0.9864421427249909,1
b0832,b0833,0,0.9865357875823975,0.9269829392433167,0.8702437281608582,0.9520204663276672,0.803099513053894,0.9515093564987183,0.9792168140411377,0.929959774017334,0.9606038928031921,0.8755090832710266,0.9235681354999542,1
b0833,b0834,1,0.9941972494125366,0.9864729642868042,0.9857386946678162,0.978034257888794,0.9478469491004944,0.9740419983863831,0.984555184841156,0.9719641208648682,0.9796665906906128,0.9737337827682495,0.9776251792907715,1
b0834,b0836,0,0.00062758062267676,0.0014424201799556613,0.0006948118098080158,0.005042623728513718,0.009395834058523178,0.003127541160210967,0.001696558203548193,0.0006465852493420243,0.0031772057991474867,0.002012852346524596,0.00278640131582506,0
b0836,b0837,0,0.8912014365196228,0.8858734369277954,0.5993011593818665,0.8690297603607178,0.6519717574119568,0.575843095779419,0.671815037727356,0.8035258054733276,0.8801408410072327,0.7166768312454224,0.7545379161834717,1
b0837,b0839,0,0.02846769243478775,0.030847186222672462,0.011214804835617542,0.04800250753760338,0.0890706330537796,0.06745970249176025,0.06699859350919724,0.022008046507835388,0.06879331916570663,0.04098457470536232,0.04738470604643226,0
b0839,b0842,0,0.023610219359397888,0.020747216418385506,0.009203333407640457,0.03618546575307846,0.03423188626766205,0.026067813858389854,0.04868466407060623,0.050812218338251114,0.043278127908706665,0.007860555313527584,0.03006815006956458,0
b0842,b0846,0,0.0005704358918592334,0.001374345039948821,0.00035025071701966226,0.0031751967035233974,0.0033613352570682764,0.004937490914016962,0.003891604719683528,0.0010125773260369897,0.004782193340361118,0.0003987126110587269,0.0023854142520576714,0
b0846,b0848,0,0.001535037998110056,0.0035591265186667442,8.254114800365642e-05,0.007323718164116144,0.0032620697747915983,0.0104951998218894,0.018257778137922287,0.005314601585268974,0.009111101739108562,0.0006714873597957194,0.005961266224767314,0
b0848,b0850,0,0.0035979796666651964,0.006348530761897564,0.0004075424512848258,0.01203344576060772,0.012132463976740837,0.018443329259753227,0.0007490477291867137,0.004160305019468069,0.014170394279062748,0.008436240255832672,0.008047927916049958,0
b0850,b0851,1,0.9960428476333618,0.9969913959503174,0.9963175654411316,0.983872652053833,0.9822315573692322,0.9855777025222778,0.9987506866455078,0.9900227785110474,0.9976511597633362,0.992983877658844,0.9920442223548889,1
b0851,b0852,1,0.9932459592819214,0.9891043901443481,0.9525538086891174,0.9912205338478088,0.9791028499603271,0.9786596298217773,0.9954812526702881,0.986147940158844,0.9945900440216064,0.9890143871307373,0.9849120795726776,1
b0852,b0853,1,0.7560097575187683,0.6910398602485657,0.13086570799350739,0.6915634274482727,0.6333886384963989,0.7555717825889587,0.5603739619255066,0.6550989747047424,0.6367306709289551,0.7954716086387634,0.6306114390492439,1
b0853,b0854,0,0.6877925395965576,0.06517715752124786,0.18886251747608185,0.22213859856128693,0.24260856211185455,0.2090076208114624,0.41273701190948486,0.21316120028495789,0.3156358599662781,0.12171633541584015,0.2678837403655052,0
b0854,b0855,1,0.9384706616401672,0.9346305131912231,0.8648920655250549,0.9379433393478394,0.8921306729316711,0.8899662494659424,0.9225401878356934,0.8847761750221252,0.9507251977920532,0.9440596699714661,0.9160134732723236,1
b0855,b0856,1,0.9949439764022827,0.9876067638397217,0.992328941822052,0.9832345247268677,0.9707240462303162,0.9830862283706665,0.9966392517089844,0.9795477986335754,0.9916691780090332,0.9834108352661133,0.9863191545009613,1
b0856,b0857,1,0.9974469542503357,0.9965108633041382,0.9976805448532104,0.9808838963508606,0.9886730313301086,0.9894235730171204,0.9976964592933655,0.9894725680351257,0.9987038969993591,0.9954916834831238,0.9931983470916748,1
b0857,b0858,1,0.5917996764183044,0.9273498058319092,0.3682408928871155,0.919830858707428,0.8592859506607056,0.9307531714439392,0.874625027179718,0.80772465467453,0.8738478422164917,0.936146080493927,0.8089603960514069,1
b0858,b0859,0,0.9888043403625488,0.9893496632575989,0.9870525598526001,0.9912917613983154,0.9619500637054443,0.9848933219909668,0.9974846243858337,0.9781566262245178,0.9927277565002441,0.9858263731002808,0.9857537090778351,1
b0859,b0866,0,9.040936129167676e-05,0.00015903075109235942,4.698750490206294e-05,0.0004455240850802511,0.0009158729808405042,0.0006701939855702221,8.713030547369272e-05,8.744944352656603e-05,0.0005635972484014928,0.00015465212345588952,0.0003220847789634718,0
b0866,b0867,1,0.9951305985450745,0.9938476085662842,0.9940052628517151,0.9865214824676514,0.9811087250709534,0.9818789958953857,0.9981914162635803,0.9886931777000427,0.9968567490577698,0.9911743998527527,0.990740841627121,1
b0867,b0876,0,2.9185823223087937e-05,6.639961065957323e-05,1.2276565939828288e-05,0.00018032093066722155,0.0005198803846724331,0.0007483175140805542,3.263578037149273e-05,0.00018674427701625973,0.0003037820861209184,9.349975880468264e-05,0.00021730427315560518,0
b0876,b0878,0,0.02581561729311943,0.022155914455652237,0.006858497392386198,0.040207624435424805,0.0666237473487854,0.044708702713251114,0.045408811420202255,0.024693984538316727,0.04956628754734993,0.008220121264457703,0.03342593084089458,0
b0878,b0879,1,0.9967251420021057,0.9963088035583496,0.9962508082389832,0.9826763272285461,0.9869194626808167,0.9865573048591614,0.9984121322631836,0.9876692891120911,0.9983285665512085,0.9947069883346558,0.9924554824829102,1
b0879,b0881,0,0.01291237585246563,0.019984830170869827,0.006586404517292976,0.06751246750354767,0.03593568876385689,0.05001288279891014,0.006316951010376215,0.017323467880487442,0.021786782890558243,0.03850584477186203,0.027687769616022706,0
b0881,b0882,1,0.9884465336799622,0.9752366542816162,0.9468917846679688,0.9612048864364624,0.9350014925003052,0.9828294515609741,0.9915011525154114,0.9570961594581604,0.9660930037498474,0.9815983772277832,0.9685899496078492,1
b0882,b0889,0,8.031284232856706e-05,0.00039293451118282974,0.00011254994024056941,0.0011105414014309645,0.002228830475360155,0.0020137480460107327,3.025401383638382e-05,0.0003061195893678814,0.0009756989893503487,0.00048275862354785204,0.0007733748432656284,0
b0889,b0890,0,0.9922336935997009,0.9719803929328918,0.8881816864013672,0.9688009023666382,0.9114354252815247,0.912531316280365,0.9780486226081848,0.937018096446991,0.9685820937156677,0.9056292176246643,0.9434441447257995,1
b0890,b0891,0,0.9782541990280151,0.9669039845466614,0.7804051637649536,0.9481855630874634,0.8850918412208557,0.9654402136802673,0.9549546837806702,0.958504319190979,0.967951238155365,0.931432843208313,0.9337124049663543,1
b0891,b0892,1,0.9943411350250244,0.9936193227767944,0.9821925163269043,0.9943641424179077,0.9850046038627625,0.9829727411270142,0.99729984998703,0.9868848919868469,0.9964653849601746,0.9876428842544556,0.9900787472724915,1
b0892,b0893,0,0.8684595823287964,0.7404765486717224,0.23846790194511414,0.8135204315185547,0.7941350340843201,0.8470463752746582,0.7450974583625793,0.8611437082290649,0.7921135425567627,0.9115362167358398,0.7611996799707412,1
b0893,b0894,0,0.4065456688404083,0.6020622849464417,0.6392877101898193,0.7796350121498108,0.6900933980941772,0.5344695448875427,0.7224699854850769,0.4640062153339386,0.7610066533088684,0.8253166675567627,0.6424893140792847,1
b0894,b0895,1,0.9967333674430847,0.9948610067367554,0.9815465807914734,0.9845522046089172,0.976317286491394,0.9890566468238831,0.9952779412269592,0.9824141263961792,0.9964351654052734,0.9905573725700378,0.9887751698493957,1
b0895,b0896,1,0.9978923201560974,0.9970173239707947,0.9950143098831177,0.9877957701683044,0.9853266477584839,0.9944162368774414,0.9987380504608154,0.989837110042572,0.9985893964767456,0.9944735169410706,0.9939100682735443,1
b0896,b0898,0,0.07749133557081223,0.027915969491004944,0.00799956638365984,0.058039553463459015,0.08130579441785812,0.04883033037185669,0.0030719072092324495,0.12362821400165558,0.07140582799911499,0.018403662368655205,0.05180921612773091,0
b0898,b0899,0,0.43122121691703796,0.16953600943088531,0.11647608131170273,0.28075623512268066,0.2840377688407898,0.23788312077522278,0.12257259339094162,0.12384936958551407,0.2980346381664276,0.36596444249153137,0.24303314760327338,0
b0899,b0901,0,0.017284318804740906,0.0435713455080986,0.02913213148713112,0.05604464188218117,0.06568271666765213,0.042876649647951126,0.016190167516469955,0.01920517161488533,0.078117236495018,0.00884123146533966,0.0376945611089468,0
b0901,b0906,0,5.164275353308767e-05,0.0003237166383769363,0.00029236849513836205,0.00039420719258487225,0.0010800290619954467,0.0009293146431446075,3.035197914869059e-05,0.00012954138219356537,0.00044496217742562294,0.0008931494085118175,0.00045692837320530086,0
b0906,b0907,0,0.34695014357566833,0.3850027918815613,0.04134608060121536,0.5317438840866089,0.4749346375465393,0.6696133017539978,0.07651040703058243,0.4627602696418762,0.4191930890083313,0.6540060043334961,0.4062060609459877,0
b0907,b0908,1,0.9894954562187195,0.9776270985603333,0.9307823777198792,0.9752887487411499,0.893426239490509,0.9553225040435791,0.9876418113708496,0.9605937004089355,0.9646154642105103,0.9444385170936584,0.9579231917858124,1
b0908,b0909,0,0.24857266247272491,0.3599061071872711,0.4199050962924957,0.49487337470054626,0.4453158974647522,0.4012233018875122,0.2628464102745056,0.32882800698280334,0.5451160669326782,0.5244581699371338,0.40310450941324233,0
b0909,b0910,0,0.14740054309368134,0.19235143065452576,0.16690775752067566,0.21925802528858185,0.1940474957227707,0.18106906116008759,0.12629622220993042,0.31525343656539917,0.25226935744285583,0.2826019525527954,0.20774552822113038,0
b0910,b0911,1,0.9765521287918091,0.9206457138061523,0.896574079990387,0.9351910352706909,0.9006214141845703,0.9626778960227966,0.9591129422187805,0.9364466071128845,0.9417420029640198,0.968338668346405,0.9397902488708496,1
b0911,b0912,1,0.9372702836990356,0.8420162796974182,0.8145109415054321,0.8644788265228271,0.7897462248802185,0.8857418298721313,0.9143291711807251,0.7542086839675903,0.8748195171356201,0.9309115409851074,0.8608033299446106,1
b0912,b0913,0,0.7750864028930664,0.5875304341316223,0.3894304931163788,0.66065514087677,0.46409597992897034,0.3809257447719574,0.6344671845436096,0.6814047694206238,0.6170385479927063,0.5012888312339783,0.5691923528909684,1
b0913,b0914,0,0.8768162131309509,0.7681965827941895,0.3522883951663971,0.7997316122055054,0.7306994795799255,0.8447513580322266,0.7544295787811279,0.7594138383865356,0.7495102286338806,0.8735663890838623,0.7509403675794601,1
b0914,b0915,1,0.9971962571144104,0.9948192834854126,0.9967494010925293,0.9754148125648499,0.9896219968795776,0.9894983768463135,0.9958170652389526,0.9828701019287109,0.9987584352493286,0.9959267973899841,0.9916672527790069,1
b0915,b0916,1,0.9981480240821838,0.9884307384490967,0.9803049564361572,0.9852842092514038,0.963202953338623,0.987199604511261,0.9903733134269714,0.9841092824935913,0.9910116791725159,0.9811305999755859,0.9849195361137391,1
b0916,b0917,0,0.3909020721912384,0.3935784101486206,0.12136375159025192,0.4812113344669342,0.46827828884124756,0.4593895375728607,0.4965449571609497,0.41698482632637024,0.465745747089386,0.5508706569671631,0.42448695823550225,0
b0917,b0918,1,0.9951329231262207,0.9966353178024292,0.9951801896095276,0.984351634979248,0.9769625067710876,0.9835551977157593,0.9988215565681458,0.9891263246536255,0.9966598153114319,0.9921666383743286,0.9908592104911804,1
b0918,b0919,0,0.043667715042829514,0.07174492627382278,0.038621943444013596,0.08274140954017639,0.19936446845531464,0.12059365957975388,0.022137204185128212,0.06332394480705261,0.12191443890333176,0.18570883572101593,0.09498185459524393,0
b0919,b0921,0,0.024042170494794846,0.007165196817368269,0.0033712091390043497,0.034339312463998795,0.04349843040108681,0.04451534152030945,0.002558185253292322,0.021403556689620018,0.05516574904322624,0.012713870033621788,0.024877302185632288,0
b0921,b0922,1,0.9967561960220337,0.9905397891998291,0.9961939454078674,0.9833050966262817,0.9864175915718079,0.9849036335945129,0.9982377290725708,0.9849417805671692,0.9979079365730286,0.9938141107559204,0.9913017809391022,1
b0922,b0923,1,0.9971370697021484,0.997326135635376,0.9960692524909973,0.975246787071228,0.9877979159355164,0.9913240075111389,0.9966839551925659,0.9858676791191101,0.9987428188323975,0.9955218434333801,0.9921717464923858,1
b0923,b0924,1,0.994296133518219,0.9959063529968262,0.9960566759109497,0.9867679476737976,0.9756991863250732,0.9822536706924438,0.9988330006599426,0.9891758561134338,0.9959295988082886,0.9921072721481323,0.9907025694847107,1
b0924,b0925,0,0.7612830996513367,0.9345445036888123,0.7622066736221313,0.9036283493041992,0.925537109375,0.6602596640586853,0.8868120908737183,0.7222985029220581,0.9088836312294006,0.9568517804145813,0.8422305405139923,1
b0925,b0926,0,0.499287873506546,0.8186116814613342,0.20615336298942566,0.6584774851799011,0.6498721837997437,0.6492261290550232,0.2548998296260834,0.5970588326454163,0.6811434030532837,0.7613940834999084,0.5776124864816665,1
b0926,b0927,1,0.9923911690711975,0.9823866486549377,0.9235479831695557,0.9870409965515137,0.9762802720069885,0.9683648943901062,0.9903181791305542,0.8863171339035034,0.9938154220581055,0.9864254593849182,0.9686888158321381,1
b0927,b0932,0,9.53734343056567e-05,9.065297490451485e-05,1.0288737939845305e-05,0.00023610205971635878,0.0011895304778590798,0.0010725000174716115,4.608315521181794e-06,0.00011026722495444119,0.0004348275833763182,0.00031708646565675735,0.00035612372917057653,0
b0932,b0938,0,0.0002322730142623186,0.0004730171640403569,0.001863362966105342,0.0023082878906279802,0.010086696594953537,0.0056783100590109825,9.532897092867643e-05,0.0005054944194853306,0.0033293699380010366,0.0019721819553524256,0.0026544322972767986,0
b0938,b0939,1,0.7992120981216431,0.48975563049316406,0.24765925109386444,0.8065241575241089,0.6511061787605286,0.6122353672981262,0.3653358817100525,0.5915093421936035,0.7996896505355835,0.7235859632492065,0.6086613520979881,1
b0939,b0940,1,0.9687825441360474,0.9356192946434021,0.9141614437103271,0.9193463325500488,0.8644670844078064,0.9220908880233765,0.9850031733512878,0.9081882238388062,0.8814277052879333,0.9093736410140991,0.9208460330963135,1
b0940,b0941,1,0.9974265694618225,0.9978935122489929,0.9976515173912048,0.9810628294944763,0.9902927875518799,0.992530107498169,0.995542049407959,0.9886552691459656,0.999079167842865,0.9963189959526062,0.9936452805995941,1
b0941,b0942,1,0.9875103235244751,0.9873068332672119,0.9957349300384521,0.9843567609786987,0.9654800295829773,0.9760900139808655,0.9854573011398315,0.9770545959472656,0.991619884967804,0.9829307794570923,0.9833541452884674,1
b0942,b0943,1,0.981860876083374,0.9735943078994751,0.9859991669654846,0.9386119246482849,0.9167153835296631,0.9118967652320862,0.9033567309379578,0.9348999857902527,0.9575410485267639,0.9399768114089966,0.9444453001022339,1
b0943,b0944,1,0.9976492524147034,0.9976564049720764,0.9967119693756104,0.9813971519470215,0.987031102180481,0.9890561699867249,0.9982262849807739,0.990339994430542,0.9985766410827637,0.9949696063995361,0.9931614577770234,1
b0944,b0945,0,0.5693177580833435,0.570896327495575,0.0732312947511673,0.6251262426376343,0.6258310079574585,0.674911379814148,0.30980998277664185,0.5106047987937927,0.5769137740135193,0.7690542936325073,0.5305696859955787,1
b0945,b0946,0,0.2938811480998993,0.18038520216941833,0.09073363989591599,0.3030400574207306,0.37167680263519287,0.22769300639629364,0.07175865769386292,0.09258977323770523,0.37197989225387573,0.27502691745758057,0.2278765097260475,0
b0946,b0948,0,0.016667690128087997,0.11067936569452286,0.0007316330447793007,0.09240501374006271,0.09083575755357742,0.14215534925460815,0.0333358533680439,0.09413276612758636,0.17541486024856567,0.05967491492629051,0.08160332040861248,0
b0948,b0949,1,0.9975186586380005,0.9895696640014648,0.978155791759491,0.9850431084632874,0.9624455571174622,0.9840908646583557,0.9968568682670593,0.9823617935180664,0.9883370399475098,0.9786332845687866,0.9843012630939484,1
b0949,b0950,0,0.996549129486084,0.9857539534568787,0.9910979866981506,0.9829064011573792,0.9557529091835022,0.987210214138031,0.9952843189239502,0.9760281443595886,0.9901971817016602,0.9816312789916992,0.9842411518096924,1
b0950,b0951,1,0.9961110353469849,0.9878395795822144,0.9857840538024902,0.9653186798095703,0.925051212310791,0.9831819534301758,0.9915581941604614,0.9802231788635254,0.9858547449111938,0.9756738543510437,0.9776596486568451,1
b0951,b0952,1,0.9968108534812927,0.9961755275726318,0.9970663785934448,0.9748846888542175,0.9897249341011047,0.9911180734634399,0.9941784143447876,0.9843317866325378,0.998961865901947,0.9963988661766052,0.991965138912201,1
b0952,b0953,0,0.010832236148416996,0.02450314350426197,0.0010814680717885494,0.05186152458190918,0.04562416300177574,0.08563068509101868,0.002257425105199218,0.021630456671118736,0.061462752521038055,0.0470905639231205,0.03519744186196476,0
b0953,b0956,0,8.764362974034157e-06,2.889220013457816e-05,4.518972218647832e-06,8.45049144118093e-05,0.0004194923385512084,0.0004203721764497459,1.2892726317659253e-06,3.9009151805657893e-05,0.00013918688637204468,7.810648821759969e-05,0.00012241367637670918,0
b0956,b0959,0,0.00017321600171271712,0.00045036798110231757,0.0008825545664876699,0.0007358472794294357,0.001461858511902392,0.0019037837628275156,4.7883779188850895e-05,0.00023441214580088854,0.000917567522265017,0.0007769730291329324,0.0007584464579849737,0
b0959,b0962,0,0.0047895656898617744,0.005351774860173464,6.922156171640381e-05,0.017713386565446854,0.009400024078786373,0.01205709483474493,0.0024534326512366533,0.0060652694664895535,0.018046874552965164,0.0022421316243708134,0.007818877588579198,0
b0962,b0965,0,0.004999895580112934,0.002270978409796953,0.010475102812051773,0.006678569130599499,0.012934846803545952,0.0095170633867383,0.0015884633176028728,0.0022260244004428387,0.006237735506147146,0.00790976919233799,0.006483844853937626,0
b0965,b0968,0,0.00040903736953623593,0.00045351203880272806,6.152972491690889e-05,0.0019450995605438948,0.0021550541277974844,0.0038483450189232826,6.994536670390517e-05,0.002551351673901081,0.0027081097941845655,0.0004518787027336657,0.0014653863378043751,0
b0968,b0972,0,0.0001804397616069764,0.00041425295057706535,0.00036468502366915345,0.000789014098700136,0.0027096790727227926,0.0018353986088186502,3.869894499075599e-05,0.0005033682100474834,0.001542189042083919,0.0010166079737246037,0.0009394333686941536,0
b0972,b0973,1,0.9976058602333069,0.997208297252655,0.9973364472389221,0.9828613996505737,0.987515389919281,0.9883503913879395,0.9984012842178345,0.9897668957710266,0.9985944628715515,0.9953723549842834,0.9933012783527374,1
b0973,b0974,1,0.9968938231468201,0.9870128631591797,0.9953318238258362,0.9642735123634338,0.9489947557449341,0.9824422597885132,0.9888077974319458,0.9726361632347107,0.9834921360015869,0.9725307822227478,0.9792415916919708,1
b0974,b0975,1,0.9978349804878235,0.9976931810379028,0.9982044100761414,0.9829375743865967,0.9896770119667053,0.9912455677986145,0.9975203275680542,0.9902833700180054,0.9988837242126465,0.9959419965744019,0.9940222144126892,1
b0975,b0976,1,0.997439444065094,0.9972930550575256,0.9979036450386047,0.9821184277534485,0.990037202835083,0.9909684658050537,0.9967791438102722,0.9892338514328003,0.998950183391571,0.9962157011032104,0.9936939120292664,1
b0976,b0977,1,0.9970988035202026,0.9971753358840942,0.9975907802581787,0.9857163429260254,0.9861409068107605,0.98707115650177,0.9985118508338928,0.9910275340080261,0.998363196849823,0.9949233531951904,0.9933619260787964,1
b0977,b0978,0,0.9940400123596191,0.9805337190628052,0.9602778553962708,0.9852778911590576,0.96860671043396,0.9730907678604126,0.9972317218780518,0.9803643226623535,0.9924222826957703,0.9785178899765015,0.9810363173484802,1
b0978,b0979,1,0.9955481886863708,0.9864383935928345,0.8900203704833984,0.9654137492179871,0.9300379753112793,0.9187790751457214,0.976419985294342,0.9671459197998047,0.9778494238853455,0.9529730677604675,0.9560626149177551,1
b0979,b4592,1,0.9926541447639465,0.995053231716156,0.9830198884010315,0.9802583456039429,0.9753085374832153,0.9853994846343994,0.9901670813560486,0.9751532077789307,0.9945138096809387,0.9893637299537659,0.9860891461372375,1
b4592,b0980,1,0.9359456896781921,0.888940155506134,0.6054632663726807,0.91781085729599,0.8327527642250061,0.9107758402824402,0.9003804326057434,0.8751128911972046,0.9001696705818176,0.8873425126075745,0.8654694080352783,1
b0990,b0991,0,0.9015650153160095,0.42197486758232117,0.26427197456359863,0.7187777757644653,0.3081430196762085,0.8260312080383301,0.8687626719474792,0.6860288381576538,0.5189458727836609,0.2648618221282959,0.5779363065958023,1
b0991,b4517,0,0.9977368116378784,0.9978023171424866,0.9974952340126038,0.9780808091163635,0.9886271953582764,0.9908406138420105,0.9976480603218079,0.988496720790863,0.9988316893577576,0.9954893589019775,0.9931048810482025,1
b4517,b0994,0,5.562418209592579e-06,2.590144686109852e-05,6.6606503423827235e-06,6.911570380907506e-05,0.0006344539579004049,0.0005263952189125121,9.00673342130176e-07,1.703887937765103e-05,0.0001269445929210633,0.00016565481200814247,0.0001578628353684053,0
b0994,b0996,0,0.38334470987319946,0.47418493032455444,0.0068232533521950245,0.3330213129520416,0.18303298950195312,0.280077189207077,0.34751370549201965,0.14957654476165771,0.29316654801368713,0.05355590581893921,0.25042970892973243,0
b0996,b0997,1,0.997244656085968,0.9972419142723083,0.9971550107002258,0.984178900718689,0.9850297570228577,0.9871317148208618,0.9986794590950012,0.9904751181602478,0.998251736164093,0.9945729970932007,0.9929961264133453,1
b0997,b0998,1,0.99741530418396,0.9967927932739258,0.9968896508216858,0.9704591035842896,0.9909670352935791,0.9926168322563171,0.9942597150802612,0.9835402369499207,0.999160647392273,0.9971628785133362,0.9919264197349549,1
b0998,b1001,0,0.00034006702480837703,0.000942510028835386,0.0017124011646956205,0.0020326338708400726,0.004343652166426182,0.003049056511372328,0.00012309114390518516,0.0005701706395484507,0.0029412684962153435,0.00108637276571244,0.0017141223812359384,0
b1001,b1002,0,0.3646039068698883,0.11730485409498215,0.031077293679118156,0.19017937779426575,0.3067004680633545,0.20858068764209747,0.028995230793952942,0.27783527970314026,0.19900035858154297,0.30955517292022705,0.20338326301425697,0
b1002,b4518,0,0.016512881964445114,0.013858661986887455,0.004253520630300045,0.011272464878857136,0.015242521651089191,0.01885904185473919,0.0227203406393528,0.007407809142023325,0.01930389367043972,0.002508701290935278,0.013193983770906925,0
b4518,b1013,0,7.270304195117205e-06,2.49236254603602e-05,1.7166914403787814e-05,6.777412636438385e-05,0.00040257544605992734,0.0004245215968694538,1.989469183172332e-06,1.0075438694912009e-05,0.00010495659807929769,9.570322436047718e-05,0.00011569567436708894,0
b1013,b1015,0,4.7554905904689804e-05,0.0009507712093181908,2.9870916478103027e-05,0.0006407265900634229,0.0014676208375021815,0.00362075655721128,0.001229952904395759,0.0006483194883912802,0.0028292802162468433,0.00024229730479419231,0.0011707150930305942,0
b1015,b1018,0,0.01636500097811222,0.012665653601288795,0.0005606385529972613,0.06317704916000366,0.047275610268116,0.08331076800823212,0.00197157496586442,0.030280297622084618,0.07052697986364365,0.023923277854919434,0.03500568508752622,0
b1018,b1019,1,0.9959476590156555,0.9884942770004272,0.9908786416053772,0.9872013926506042,0.9643575549125671,0.9830706119537354,0.9891912937164307,0.9805606007575989,0.9887843132019043,0.9825257658958435,0.9851012110710144,1
b1019,b1020,0,0.7114004492759705,0.5211414098739624,0.6388760209083557,0.6605432629585266,0.534892737865448,0.8128874897956848,0.2997480034828186,0.5812885165214539,0.46702840924263,0.6297136545181274,0.5857519954442978,1
b1020,b1025,0,1.836284536693711e-05,2.927281821030192e-05,3.343174830661155e-05,0.00012295294436626136,0.0006888490752317011,0.0007251229253597558,2.6787820388562977e-05,4.823272684006952e-05,0.00042753302841447294,8.508223982062191e-05,0.0002205628172305296,0
b1025,b1029,0,0.0049498481675982475,0.004459043499082327,0.0024979417212307453,0.00909759383648634,0.010469846427440643,0.010280739516019821,0.006527061574161053,0.00275172246620059,0.013422627933323383,0.0020346061792224646,0.0066491031320765615,0
b1029,b1033,0,0.015508589334785938,0.0054049077443778515,0.0090962965041399,0.01907489448785782,0.03153958544135094,0.021516237407922745,0.0009257817873731256,0.011838444508612156,0.012110285460948944,0.026659386232495308,0.015367440890986472,0
b1033,b1034,1,0.9882404804229736,0.9856298565864563,0.8439847826957703,0.9855669140815735,0.9664509296417236,0.9648405313491821,0.9853197932243347,0.9723774194717407,0.9924303293228149,0.985876202583313,0.9670717239379882,1
b1034,b1035,1,0.9945854544639587,0.9934155344963074,0.9829462170600891,0.9853143095970154,0.9730716347694397,0.9905693531036377,0.9966190457344055,0.9829925298690796,0.9960975050926208,0.987944483757019,0.9883556067943573,1
b1035,b1036,0,0.9012442827224731,0.8918031454086304,0.7357035875320435,0.9512225985527039,0.8964526057243347,0.8704016208648682,0.9585827589035034,0.891345202922821,0.9312061667442322,0.9535165429115295,0.898147851228714,1
b1036,b1041,0,0.00016295349632855505,9.733456681715325e-05,0.00010362293687649071,0.0006887767813168466,0.002003277884796262,0.0019261810230091214,6.214447694219416e-06,0.0013227704912424088,0.001021557836793363,0.0004298279818613082,0.0007762517446735729,0
b1041,b1042,1,0.9478490948677063,0.9520896077156067,0.8099363446235657,0.9454936385154724,0.878152072429657,0.9437494277954102,0.9395850300788879,0.9172824025154114,0.9372727870941162,0.9474261999130249,0.9218836605548859,1
b1042,b1043,1,0.7932204604148865,0.6002970933914185,0.39547204971313477,0.7065380811691284,0.6207676529884338,0.5438385009765625,0.6222636103630066,0.4196528196334839,0.741727352142334,0.6110272407531738,0.6054804861545563,1
b1043,b1044,1,0.7490431070327759,0.4986991882324219,0.4974842667579651,0.5563116073608398,0.34211277961730957,0.6786762475967407,0.6616837382316589,0.4847185015678406,0.45521095395088196,0.31782978773117065,0.5241770178079606,1
b1044,b1045,0,0.3378390967845917,0.24328848719596863,0.15637536346912384,0.35917145013809204,0.33323395252227783,0.4064192771911621,0.10765699297189713,0.39819255471229553,0.3115518391132355,0.40619221329689026,0.30599212273955345,0
b1045,b1046,1,0.9958041310310364,0.9958872199058533,0.9753272533416748,0.9941290020942688,0.9836449027061462,0.9859663844108582,0.9978289008140564,0.988264262676239,0.9976032376289368,0.9894034266471863,0.9903858721256256,1
b1046,b1048,0,0.05151481553912163,0.008403587155044079,0.014304837211966515,0.019183341413736343,0.03149121254682541,0.040693361312150955,0.002704810118302703,0.020856427028775215,0.01283387653529644,0.022367136552929878,0.022435340541414918,0
b1048,b1049,1,0.994351327419281,0.9945384860038757,0.9957469701766968,0.9828583598136902,0.9849213361740112,0.985019862651825,0.9983101487159729,0.9821678400039673,0.997583270072937,0.9935582876205444,0.9909055888652801,1
b1049,b1050,0,0.31462976336479187,0.4377722144126892,0.7362191677093506,0.5098868608474731,0.7447845339775085,0.39473262429237366,0.07108194380998611,0.21097125113010406,0.7694168090820312,0.57469642162323,0.47641915902495385,0
b1050,b1055,0,1.8945842384709977e-05,5.3807558288099244e-05,1.7843196474132128e-05,0.00013999764632899314,0.0008365780231542885,0.0013202392728999257,1.7111438864958473e-05,6.263847899390385e-05,0.000438896007835865,0.00010620734246913344,0.00030122648076940094,0
b1055,b1066,0,1.1447033102740534e-05,6.525677599711344e-05,0.00012746290303766727,0.00012216248433105648,0.0004895065794698894,0.00045120331924408674,6.9724560489703435e-06,3.133256905130111e-05,0.0001972971367649734,0.00010231682972516865,0.00016049580867729673,0
b1066,b1067,1,0.9946679472923279,0.9940985441207886,0.9972562193870544,0.9900926947593689,0.9779738187789917,0.9934521317481995,0.9961032867431641,0.9857826232910156,0.9964394569396973,0.9897634983062744,0.9915630221366882,1
b1067,b1068,1,0.996519923210144,0.9945881366729736,0.9870720505714417,0.9930471181869507,0.9830785989761353,0.9907006621360779,0.9979369640350342,0.9893186688423157,0.9974098205566406,0.9912348985671997,0.9920906841754913,1
b1068,b1069,1,0.9792768359184265,0.9185389280319214,0.781373918056488,0.9413245916366577,0.709976077079773,0.9097467064857483,0.9207825064659119,0.9232158064842224,0.9278173446655273,0.844842791557312,0.8856895506381989,1
b1069,b1073,0,0.004964698571711779,0.0028462382033467293,0.000681014615111053,0.01728164777159691,0.023101454600691795,0.016057727858424187,0.03599298745393753,0.006723753176629543,0.026959678158164024,0.005009542219340801,0.013961874262895435,0
b1073,b1074,1,0.992521345615387,0.9888660311698914,0.9906383156776428,0.9864304065704346,0.9677714705467224,0.9745175242424011,0.9922318458557129,0.9798341989517212,0.9913610219955444,0.9776750206947327,0.984184718132019,1
b1074,b1075,1,0.9843876957893372,0.9809727668762207,0.96492600440979,0.9725418090820312,0.9399667382240295,0.9874758124351501,0.9957894086837769,0.9671213626861572,0.9870789051055908,0.9700086712837219,0.9750269174575805,1
b1075,b1076,1,0.9187325239181519,0.9741405248641968,0.9393547773361206,0.9206646084785461,0.881406307220459,0.9155722260475159,0.9806925654411316,0.9138704538345337,0.9142757058143616,0.9211380481719971,0.9279847741127014,1
b1076,b1077,1,0.9885431528091431,0.9879761338233948,0.9671909809112549,0.9769625067710876,0.9568278193473816,0.9783258438110352,0.994259238243103,0.9686470031738281,0.9875844717025757,0.9760276675224304,0.9782344818115234,1
b1077,b1078,1,0.9584121108055115,0.9217308163642883,0.7321484088897705,0.8879468441009521,0.7509624361991882,0.8937296271324158,0.6941710710525513,0.8870266675949097,0.8589097857475281,0.8576005697250366,0.8442638337612152,1
b1078,b1079,1,0.9863831400871277,0.9660932421684265,0.9636227488517761,0.970069169998169,0.9155274629592896,0.9664663672447205,0.9878908395767212,0.9534541368484497,0.9655993580818176,0.9724406003952026,0.96475470662117,1
b1079,b1080,1,0.9960034489631653,0.9791504740715027,0.9702547788619995,0.984931230545044,0.9602751135826111,0.9761135578155518,0.9944852590560913,0.9835548400878906,0.9876738786697388,0.9678094387054443,0.9800252020359039,1
b1080,b1081,1,0.9977527260780334,0.9972248077392578,0.9971890449523926,0.9792473912239075,0.9889652132987976,0.9897756576538086,0.9972302913665771,0.9884329438209534,0.9987964630126953,0.9957833886146545,0.9930397927761078,1
b1081,b1082,0,0.9765827655792236,0.9431208372116089,0.9618621468544006,0.9432051181793213,0.8302096128463745,0.9435395002365112,0.9795166254043579,0.8759137988090515,0.9081196188926697,0.9191123247146606,0.928118234872818,1
b1082,b1083,1,0.9902917742729187,0.9845982193946838,0.9807841777801514,0.9500834345817566,0.9149077534675598,0.9820491075515747,0.9796320199966431,0.9679268598556519,0.977941632270813,0.9670525193214417,0.9695267498493194,1
b1083,b1085,0,0.00031845225021243095,0.001174070523120463,0.00018697715131565928,0.0017423630924895406,0.0016380037413910031,0.005350719206035137,0.0007779228617437184,0.0007149786106310785,0.0024028108455240726,0.0006036420818418264,0.001490994036430493,0
b1085,b1086,0,0.7558825612068176,0.38728439807891846,0.39217036962509155,0.5070360898971558,0.3074706494808197,0.4222429692745209,0.0964694619178772,0.5248969197273254,0.5293564796447754,0.41065382957458496,0.4333463728427887,0
b1088,b1089,1,0.9806112051010132,0.984215259552002,0.827104926109314,0.9696299433708191,0.9514539241790771,0.9641715288162231,0.989561140537262,0.9672707915306091,0.9898919463157654,0.9768896698951721,0.9600800335407257,1
b1094,b1095,1,0.967661440372467,0.9471584558486938,0.9363219141960144,0.9376319646835327,0.8329244256019592,0.8698901534080505,0.9572028517723083,0.9139089584350586,0.9426700472831726,0.86725914478302,0.9172629356384278,1
b1095,b1096,0,0.7484470009803772,0.663211464881897,0.35442253947257996,0.6273840665817261,0.6284108757972717,0.5616157054901123,0.6969645619392395,0.651831328868866,0.6696684956550598,0.7118540406227112,0.6313810080289841,1
b1096,b1097,1,0.9711292386054993,0.9608414173126221,0.9557029008865356,0.9249472618103027,0.8726183772087097,0.9406288862228394,0.9639372825622559,0.9357959032058716,0.9122268557548523,0.9289024472236633,0.9366730570793151,1
b1097,b1098,1,0.997018039226532,0.9973792433738708,0.9963721036911011,0.9783099889755249,0.9871658682823181,0.9911729097366333,0.9973677396774292,0.9866950511932373,0.9985172152519226,0.9950122237205505,0.992501038312912,1
b1098,b1099,1,0.9969122409820557,0.9967274069786072,0.9958928227424622,0.9827121496200562,0.9869674444198608,0.987031102180481,0.9980164170265198,0.9893578290939331,0.9982786774635315,0.994676411151886,0.9926572501659393,1
b1099,b1100,1,0.9946736693382263,0.986476719379425,0.9904154539108276,0.964152455329895,0.8911314606666565,0.9476014971733093,0.98826003074646,0.9814369082450867,0.9765849709510803,0.9660722613334656,0.9686805427074432,1
b1100,b1101,0,0.2020483762025833,0.2832919657230377,0.30357250571250916,0.23189471662044525,0.2315921187400818,0.336165189743042,0.08510832488536835,0.1252424120903015,0.46853208541870117,0.3411605656147003,0.26086082607507705,0
b1101,b1103,0,0.0005571541842073202,0.000979906995780766,0.021972311660647392,0.0019137929193675518,0.00711465161293745,0.00599812064319849,0.00012527396029327065,0.0008650911622680724,0.0012030797079205513,0.005100519396364689,0.004582990224298556,0
b1103,b1104,1,0.9953093528747559,0.994705319404602,0.9891476631164551,0.9901384115219116,0.9775360226631165,0.9898783564567566,0.9969713091850281,0.9881365895271301,0.9957917928695679,0.9859263896942139,0.9903541207313538,1
b1104,b1105,1,0.998250424861908,0.9961346983909607,0.997913122177124,0.991687536239624,0.9793799519538879,0.9956523776054382,0.9986162781715393,0.9930135607719421,0.9977981448173523,0.992287278175354,0.994073337316513,1
b1105,b1106,1,0.9955436587333679,0.9843341112136841,0.99489825963974,0.9870989322662354,0.9881789684295654,0.9840341806411743,0.9968318939208984,0.9825583696365356,0.997560977935791,0.9942968487739563,0.9905336201190948,1
b1106,b1107,1,0.46305596828460693,0.7640758156776428,0.9756940007209778,0.8163285255432129,0.5755619406700134,0.8632549047470093,0.8493778109550476,0.8714967370033264,0.7479518055915833,0.8010350465774536,0.7727832555770874,1
b1107,b1108,1,0.9386469721794128,0.9059749245643616,0.7709162831306458,0.9076598882675171,0.8392749428749084,0.9159265756607056,0.8409522175788879,0.940682053565979,0.940937876701355,0.9458277821540833,0.8946799516677857,1
b1108,b1109,0,0.5782575011253357,0.3057500422000885,0.18996897339820862,0.45557090640068054,0.30842575430870056,0.28644847869873047,0.6855815052986145,0.4973923861980438,0.3678761422634125,0.37457332015037537,0.40498450100421907,0
b1109,b1110,0,0.6250609159469604,0.561418354511261,0.7009727358818054,0.46795761585235596,0.48142334818840027,0.43254563212394714,0.3593137860298157,0.507341742515564,0.6163730621337891,0.5389421582221985,0.5291349351406097,1
b1110,b1112,0,0.0006431092042475939,0.0018659543711692095,0.00526268919929862,0.002020876621827483,0.002619486767798662,0.003955602180212736,0.015363826416432858,0.0020194118842482567,0.0050423722714185715,0.0004797047295141965,0.0039273033646168186,0
b1119,b1120,1,0.9832096695899963,0.9785016775131226,0.8987464904785156,0.974153995513916,0.9383553862571716,0.9315223097801208,0.9749739170074463,0.942460298538208,0.9838577508926392,0.9748381972312927,0.9580619692802429,1
b1120,b1127,0,3.8154008507262915e-05,6.979530735407025e-05,1.4417755664908327e-05,0.00023783041979186237,0.0009159707115031779,0.0009220677893608809,7.345292033278383e-06,7.23483826732263e-05,0.0003417851112317294,0.0002594252291601151,0.0002879140007280512,0
b1139,b1143,0,0.00017307746747974306,0.0007326427148655057,0.0005102384602651,0.002104676328599453,0.004386233165860176,0.005646002944558859,9.640005737310275e-05,0.0006030696094967425,0.0023051523603498936,0.0014066965086385608,0.0017964189617487136,0
b1143,b1146,0,0.00037382644950412214,0.0008170363144017756,0.0008026646682992578,0.002968736458569765,0.0036327196285128593,0.004211838357150555,0.0003425792383495718,0.001084158313460648,0.005784443113952875,0.00068342947633937,0.00207014320185408,0
b1146,b1147,1,0.6442646980285645,0.48191872239112854,0.7541750073432922,0.5556417107582092,0.39801669120788574,0.43257033824920654,0.6894492506980896,0.42705658078193665,0.5657998323440552,0.470421701669693,0.5419314533472062,1
b1147,b1148,1,0.997891366481781,0.9956745505332947,0.9973570108413696,0.9717575311660767,0.9897172451019287,0.9896201491355896,0.9956337213516235,0.9830923080444336,0.9989312291145325,0.9964579939842224,0.9916133105754852,1
b1148,b1150,1,0.0002714704314712435,0.0023239958100020885,0.00010694475349737331,0.001297583570703864,0.001430987031199038,0.006227952428162098,0.0029022155795246363,0.00734130060300231,0.002208888763561845,0.00041300064185634255,0.002452433961298084,0
b1150,b1153,1,0.0011664018966257572,0.004952916409820318,0.0005903809214942157,0.005175041500478983,0.003310511587187648,0.0076355766505002975,0.005911971442401409,0.00535181351006031,0.008218115195631981,0.001290277810767293,0.004360300692496821,0
b1153,b1154,0,0.962570071220398,0.9632135629653931,0.9424428939819336,0.8837000727653503,0.8277893662452698,0.939280092716217,0.9896014928817749,0.8364965915679932,0.9255367517471313,0.8336917161941528,0.9104322612285614,1
b1154,b1155,1,0.9937805533409119,0.9878659844398499,0.9513261914253235,0.9718998670578003,0.9387968182563782,0.9646398425102234,0.9855763912200928,0.9801824688911438,0.9869369864463806,0.9723325967788696,0.9733337700366974,1
b1155,b1158,0,0.008688042871654034,0.003778271609917283,0.0002761792275123298,0.005264257546514273,0.004823272116482258,0.01784476265311241,0.0049348678439855576,0.006198738235980272,0.008955221623182297,0.001756360987201333,0.006251997471554205,0
b1158,b1159,0,0.5300682187080383,0.31771817803382874,0.0996023640036583,0.5800005793571472,0.39349621534347534,0.6597469449043274,0.7729722261428833,0.47378167510032654,0.43303000926971436,0.6046829223632812,0.48650993332266806,0
b1159,b1164,0,8.717818127479404e-05,0.00012289811274968088,9.423750452697277e-05,0.00021452762302942574,0.0009165063383989036,0.0009499119478277862,2.328531991224736e-06,0.00026042197714559734,0.0002371242007939145,0.0003683941613417119,0.00032535285790800115,0
b1164,b1165,1,0.9271283745765686,0.9528712630271912,0.8545908331871033,0.9488409161567688,0.902221143245697,0.9621595144271851,0.9526726007461548,0.9473606944084167,0.9654027223587036,0.9491318464279175,0.9362379908561707,1
b1165,b1166,1,0.9944052696228027,0.9575095176696777,0.9093939065933228,0.9488592147827148,0.8964414000511169,0.8899811506271362,0.9628875851631165,0.9458900094032288,0.9660001993179321,0.9178493618965149,0.9389217615127563,1
b1166,b1167,1,0.4211018979549408,0.6336520314216614,0.1671086698770523,0.6276326179504395,0.36519351601600647,0.7747184038162231,0.6562666893005371,0.6348815560340881,0.48799869418144226,0.4058457314968109,0.5174399808049202,1
b1167,b1168,0,0.18034249544143677,0.24160835146903992,0.1495429277420044,0.26917093992233276,0.24016153812408447,0.4290784001350403,0.07968810200691223,0.2768264710903168,0.21082846820354462,0.35795238614082336,0.24352000802755355,0
b1168,b4520,0,0.21974505484104156,0.33341723680496216,0.07724534720182419,0.46163856983184814,0.4188416302204132,0.34608808159828186,0.23681552708148956,0.17094619572162628,0.33882614970207214,0.33714190125465393,0.2940705694258213,0
b4520,b4594,0,4.238883320795139e-06,3.209846909157932e-05,6.6859797698270995e-06,6.277774082263932e-05,0.000266160728642717,0.0003324831777717918,2.7835429250444577e-07,1.4605969226977322e-05,0.00014989498595241457,7.722515147179365e-05,9.464494403630397e-05,0
b4594,b1177,0,0.0005664765485562384,0.00032677740091457963,0.0003511010727379471,0.000797789019998163,0.0013113480526953936,0.0011345196980983019,0.00019461543706711382,0.0005049910978414118,0.0007621047552675009,0.0010190770262852311,0.0006968800109461882,0
b1177,b1179,0,0.000985012506134808,0.0019373806426301599,0.015801668167114258,0.00329403905197978,0.003942939452826977,0.014643453061580658,0.00794251635670662,0.002733288798481226,0.006887432653456926,0.0012603974901139736,0.005942812818102538,0
b1179,b1180,1,0.9592002034187317,0.9594001173973083,0.6892632842063904,0.952012300491333,0.8830896615982056,0.9131090641021729,0.9477143883705139,0.9365917444229126,0.9512963891029358,0.9450233578681946,0.9136700510978699,1
b1180,b1181,0,0.854338526725769,0.6742348670959473,0.7296184301376343,0.8494231104850769,0.744443416595459,0.5852886438369751,0.5026949048042297,0.5854324698448181,0.8607168197631836,0.724139392375946,0.7110330581665039,1
b1181,b1183,0,0.0008321032510139048,0.0022355224937200546,0.0009754145867191255,0.006516572088003159,0.00480169802904129,0.00393645977601409,0.0002734952140599489,0.001761042163707316,0.009146589785814285,0.0010250536724925041,0.0031503951060585676,0
b1183,b1184,1,0.9968628883361816,0.996943473815918,0.9961987137794495,0.9844368696212769,0.9837702512741089,0.9854305386543274,0.9988889694213867,0.9902591705322266,0.9980087876319885,0.9942386150360107,0.9925038278102875,1
b1184,b1187,0,0.0006744918646290898,0.0006876611732877791,0.0014412940945476294,0.0031086199451237917,0.00688545685261488,0.004069517832249403,0.0012224745005369186,0.0006014196551404893,0.0027556547429412603,0.0008748993277549744,0.0022321489988826214,0
b1187,b1189,0,0.0024976495187729597,0.003306274302303791,0.002048322930932045,0.011810626834630966,0.009313144721090794,0.009102065116167068,0.0037858551368117332,0.004416696727275848,0.01326773688197136,0.001838743919506669,0.006138711608946324,0
b1189,b1190,1,0.9939370155334473,0.9913657307624817,0.9921267032623291,0.9898048043251038,0.978525698184967,0.9872531294822693,0.9968569874763489,0.9848024845123291,0.9951406717300415,0.9885649681091309,0.9898378193378449,1
b1190,b1193,0,0.0022897839080542326,0.023756694048643112,0.0002414267510175705,0.017298253253102303,0.006114244926720858,0.021153893321752548,0.0039802296087145805,0.015024001710116863,0.026560893282294273,0.002213951898738742,0.011863337270915509,0
b1193,b1195,0,0.005953563842922449,0.003237227676436305,0.0195819903165102,0.010599827393889427,0.026612430810928345,0.025984369218349457,0.0012286092387512326,0.013682358898222446,0.021042965352535248,0.005544998217374086,0.01334683409659192,0
b1195,b1196,0,0.6384004950523376,0.24906395375728607,0.36886847019195557,0.4663468897342682,0.2803586721420288,0.4023498594760895,0.27143925428390503,0.37575089931488037,0.3892492651939392,0.3359534442424774,0.3777781203389168,0
b1196,b1201,0,4.6736440708627924e-05,0.00031445742934010923,9.460865112487227e-05,0.0002791882725432515,0.0007242236752063036,0.001011763117276132,7.149982411647215e-05,0.00017182677402161062,0.0008028922602534294,0.0001304501056438312,0.000364764655023464,0
b1201,b1205,0,1.6564104953431524e-05,8.490985055686906e-05,0.00010638765525072813,0.0002382951061008498,0.001224501640535891,0.0005697979358956218,4.860234639636474e-06,2.4098817448248155e-05,0.00020343184587545693,0.0003474377153906971,0.000282028490664743,0
b1205,b1210,0,0.00011801796790678054,0.00011503753194119781,0.00043826739420183003,0.0003450612130109221,0.0012162993662059307,0.0014864405384287238,9.252577910956461e-06,0.00038401500205509365,0.0007876281742937863,0.0005057724774815142,0.0005405792243436735,0
b1210,b1211,1,0.9929308295249939,0.9633060693740845,0.9144337177276611,0.9506271481513977,0.9202015399932861,0.8635963201522827,0.9684985876083374,0.946632981300354,0.9645639657974243,0.9623125195503235,0.9447103679180145,1
b1211,b1212,1,0.9963686466217041,0.9960307478904724,0.9967962503433228,0.9810479879379272,0.9895058274269104,0.9886530041694641,0.9969004392623901,0.9859408736228943,0.998590886592865,0.9955956339836121,0.9925430297851563,1
b1212,b1213,1,0.9956573247909546,0.9972395300865173,0.9949142336845398,0.978236734867096,0.9884083271026611,0.9905241131782532,0.9961142539978027,0.9853451251983643,0.9985523223876953,0.9957258105278015,0.9920717775821686,1
b1213,b1214,1,0.9891186356544495,0.9833365678787231,0.9661127924919128,0.969952404499054,0.9330790042877197,0.9743198156356812,0.9918187856674194,0.978635847568512,0.9785904288291931,0.9809414744377136,0.9745905756950378,1
b1214,b1215,1,0.9846162796020508,0.944749116897583,0.7993189096450806,0.9377294778823853,0.9250460267066956,0.9594592452049255,0.9466533064842224,0.9404484033584595,0.9555466771125793,0.9746281504631042,0.9368195593357086,1
b1217,b1218,0,0.8850278854370117,0.8579099774360657,0.46395769715309143,0.8724335432052612,0.7176224589347839,0.8310974836349487,0.9374101161956787,0.8046827912330627,0.8869905471801758,0.6999992728233337,0.7957131773233413,1
b1218,b1220,0,0.017291108146309853,0.051750827580690384,0.007909099571406841,0.05699338763952255,0.04487906023859978,0.04231442138552666,0.003908752929419279,0.01965983770787716,0.031104382127523422,0.04066673666238785,0.031647761398926375,0
b1220,b1223,0,0.004767754580825567,0.001252038637176156,0.0004526248958427459,0.004146750085055828,0.006755996961146593,0.009000284597277641,0.0011171662481501698,0.001384385279379785,0.0024326618295162916,0.003070733044296503,0.003438039615866728,0
b1223,b1224,0,0.4079646170139313,0.662562906742096,0.07907769829034805,0.6077791452407837,0.6066936254501343,0.35193634033203125,0.5679957270622253,0.2381250560283661,0.8720816373825073,0.6217756867408752,0.5015992440283299,1
b1224,b1225,1,0.9955844879150391,0.993878185749054,0.9916539192199707,0.9729481339454651,0.9772987961769104,0.9878016710281372,0.9959436058998108,0.9789122939109802,0.9965340495109558,0.9917874932289124,0.9882342636585235,1
b1225,b1226,1,0.9955108165740967,0.9874324798583984,0.9944800138473511,0.9779650568962097,0.9860337376594543,0.9884114861488342,0.9962199330329895,0.9819893836975098,0.9981921315193176,0.9943857192993164,0.9900620758533478,1
b1226,b1227,1,0.9951503872871399,0.9955740571022034,0.993484377861023,0.9792755246162415,0.9817758202552795,0.9882888793945312,0.9974638223648071,0.9829968810081482,0.9972875714302063,0.9926660656929016,0.9903963387012482,1
b1227,b1234,0,0.001275862567126751,0.0005086714518256485,0.0003465022600721568,0.0018077503191307187,0.0035132989287376404,0.005052190739661455,0.00010356918210163713,0.000665363622829318,0.0027952243108302355,0.0010613722261041403,0.00171298056084197,0
b1234,b1235,1,0.9899149537086487,0.9772819876670837,0.975721538066864,0.976564347743988,0.9373824000358582,0.9757750630378723,0.9850242137908936,0.9584127068519592,0.9776485562324524,0.9698877334594727,0.9723613500595093,1
b1235,b1236,0,0.5890743732452393,0.5966095328330994,0.08395714312791824,0.5607789754867554,0.45400887727737427,0.738272488117218,0.6808979511260986,0.4890819489955902,0.5186678171157837,0.6533987522125244,0.5364747859537602,1
b1236,b1238,0,0.0027822412084788084,0.002281086752191186,0.003067001700401306,0.009180901572108269,0.010337826795876026,0.006163261830806732,0.0004428740357980132,0.0016756789991632104,0.0063872612081468105,0.006308222655206919,0.004862635675817728,0
b1238,b1242,0,4.260503192199394e-05,0.00021753096370957792,0.0006169762928038836,0.0004784105985891074,0.0009851204231381416,0.0007879929034970701,2.9678205464733765e-05,0.00011872941831825301,0.0007069507846608758,0.0006984916399233043,0.00046824862620269413,0
b1242,b1243,0,0.024931417778134346,0.04543326050043106,0.003587184939533472,0.13318988680839539,0.09910497069358826,0.22118425369262695,0.0029390836134552956,0.055939219892024994,0.09050465375185013,0.15347076952457428,0.08302847011946142,0
b1243,b1244,1,0.9914431571960449,0.9689220786094666,0.9756782650947571,0.9495617747306824,0.8423657417297363,0.95591801404953,0.9837154746055603,0.9283865094184875,0.9423992037773132,0.931766927242279,0.9470157146453857,1
b1244,b1245,1,0.9972099661827087,0.9903472065925598,0.9935799837112427,0.9817325472831726,0.9517392516136169,0.9842774271965027,0.9942625761032104,0.9855833649635315,0.990287721157074,0.9809753894805908,0.984999543428421,1
b1245,b1246,1,0.9953333139419556,0.989821195602417,0.9922885894775391,0.9779736995697021,0.932090699672699,0.975386917591095,0.9916613698005676,0.9820002913475037,0.9918567538261414,0.9738991856575012,0.9802312016487121,1
b1246,b1247,1,0.9968109726905823,0.9946665167808533,0.9957339763641357,0.9794560074806213,0.9857772588729858,0.9876545667648315,0.9975833892822266,0.9834212064743042,0.9981397986412048,0.9941619634628296,0.9913405656814576,1
b1247,b4595,0,0.0004991355235688388,0.001563933095894754,0.0003108865930698812,0.003809307934716344,0.006642176769673824,0.003714685793966055,0.0001780007587512955,0.0009141067275777459,0.0037072966806590557,0.0006342940614558756,0.002197382393933367,0
b4595,b1252,0,4.2793886677827686e-05,4.756928319693543e-05,0.0005895478534512222,0.00015416542009916157,0.0012247645063325763,0.0009689767030067742,4.764030109072337e-06,6.0730868426617235e-05,0.00034991317079402506,0.00023149055778048933,0.00036747162798747015,0
b1252,b1256,0,0.002498336136341095,0.0011219590669497848,0.001408672658726573,0.002199276816099882,0.0030596223659813404,0.0036467178724706173,0.0035935239866375923,0.002866945927962661,0.00120055943261832,0.0013699462870135903,0.0022965560550801457,0
b1256,b1266,0,8.368838462047279e-05,5.593813330051489e-05,0.000142858421895653,0.00018479408754501492,0.000548903364688158,0.0012800771510228515,2.089663212245796e-06,0.0005208274815231562,0.0003250569570809603,0.00017730670515447855,0.0003321540350043506,0
b1266,b1267,0,0.9950138330459595,0.9913696050643921,0.9964956641197205,0.9826768040657043,0.9818543195724487,0.9915032982826233,0.9972604513168335,0.9829050898551941,0.9974526166915894,0.9932656288146973,0.9909797310829163,1
b1267,b1268,0,0.9977947473526001,0.9932005405426025,0.9860450625419617,0.9921563863754272,0.9832227230072021,0.9870571494102478,0.9918925762176514,0.9910192489624023,0.9968709945678711,0.9895485043525696,0.9908807933330536,1
b1268,b1269,0,0.8635928630828857,0.8646047711372375,0.19089847803115845,0.8389634490013123,0.8271953463554382,0.8947534561157227,0.6990514397621155,0.8724210858345032,0.8042360544204712,0.8962891101837158,0.775200605392456,1
b1269,b1272,0,0.010082022286951542,0.005430232733488083,0.0012526852078735828,0.014392112381756306,0.019648520275950432,0.021535851061344147,0.012144785374403,0.003967527765780687,0.0252618920058012,0.002715819515287876,0.011643144860863685,0
b1272,b1274,0,0.06786271929740906,0.16211605072021484,0.015972359105944633,0.09371237456798553,0.29414641857147217,0.3326820135116577,0.25185683369636536,0.3061928153038025,0.2008019983768463,0.11325833201408386,0.1838601915165782,0
b1274,b1275,0,0.19864660501480103,0.820570707321167,0.4396345317363739,0.664980947971344,0.7425436973571777,0.4663103520870209,0.6441065669059753,0.4322586953639984,0.8129791021347046,0.7984135150909424,0.6020444720983505,1
b1275,b4522,0,0.11935529857873917,0.1487157642841339,0.13847123086452484,0.09461898356676102,0.1202794685959816,0.1792975515127182,0.041917406022548676,0.2331322431564331,0.15890881419181824,0.07368078082799911,0.1308377541601658,0
b4522,b4523,1,0.9953382015228271,0.9948902130126953,0.993082582950592,0.9857337474822998,0.9662796258926392,0.9908413290977478,0.996406078338623,0.9880546927452087,0.9950128793716431,0.9883846640586853,0.9894024014472962,1
b4523,b1276,0,0.14579284191131592,0.11819005012512207,0.044601935893297195,0.1542234718799591,0.2983146011829376,0.3294849395751953,0.05190085247159004,0.10578414797782898,0.4231022596359253,0.2708375155925751,0.19422326162457465,0
b1276,b1278,0,0.012323093600571156,0.03145461156964302,0.027076279744505882,0.06566876173019409,0.14246569573879242,0.08436957746744156,0.12925492227077484,0.03277265653014183,0.11008872091770172,0.0303227249532938,0.06657970445230603,0
b1278,b1279,0,0.33299708366394043,0.6157318949699402,0.20674777030944824,0.5870633721351624,0.4262285530567169,0.7137052416801453,0.10446465760469437,0.4580635130405426,0.5373337864875793,0.6123667359352112,0.4594702608883381,0
b1279,b1280,1,0.9954720139503479,0.9943174719810486,0.9588727951049805,0.9952948093414307,0.978367269039154,0.9861493706703186,0.9981071949005127,0.990983784198761,0.9968228340148926,0.9843676686286926,0.9878755211830139,1
b1280,b1281,0,0.3131595253944397,0.36850088834762573,0.023308061063289642,0.4821697771549225,0.36169764399528503,0.461439847946167,0.0643218606710434,0.3707394599914551,0.5210060477256775,0.5020692944526672,0.34684124067425726,0
b1281,b1282,1,0.995861828327179,0.9949560761451721,0.9969089031219482,0.9771164655685425,0.9909840226173401,0.9908521175384521,0.9946092963218689,0.9833279848098755,0.9988719820976257,0.9965617060661316,0.9920050382614136,1
b1298,b1299,1,0.9910086393356323,0.9907233715057373,0.9623153805732727,0.9851088523864746,0.9541538953781128,0.9819834232330322,0.9712842702865601,0.980881929397583,0.9898709058761597,0.9792305827140808,0.9786561250686645,1
b1299,b1300,1,0.6091101169586182,0.5175238251686096,0.37059539556503296,0.5609865188598633,0.4813304543495178,0.4318506121635437,0.1965770721435547,0.4588245749473572,0.690731942653656,0.3291662931442261,0.4646696805953979,0
b1300,b1301,1,0.9900740385055542,0.9834092259407043,0.8913806676864624,0.9616552591323853,0.9372727870941162,0.9529207944869995,0.9903618693351746,0.963652491569519,0.9748925566673279,0.9446388483047485,0.9590258538722992,1
b1301,b1302,1,0.9295472502708435,0.9711021184921265,0.8445255160331726,0.9350900053977966,0.8697547316551208,0.9305910468101501,0.9492821097373962,0.9064716696739197,0.927643895149231,0.9284558296203613,0.9192464172840118,1
b1302,b1304,0,0.003923801705241203,0.013920885510742664,0.0026024349499493837,0.023564903065562248,0.024269524961709976,0.03844877704977989,0.014313977211713791,0.005011734552681446,0.010629037395119667,0.00806635431945324,0.014475143072195351,0
b1304,b1305,1,0.9181035161018372,0.881131649017334,0.8365751504898071,0.8392599821090698,0.7634275555610657,0.7250011563301086,0.931161642074585,0.7454708814620972,0.858838677406311,0.8991281390190125,0.8398098349571228,1
b1305,b1306,1,0.9963791370391846,0.995145857334137,0.9985221028327942,0.9900433421134949,0.9869771003723145,0.9888491630554199,0.9976045489311218,0.9921804070472717,0.9982430934906006,0.9942695498466492,0.9938214302062989,1
b1306,b1307,1,0.9954565763473511,0.9849846363067627,0.9921079874038696,0.9794455170631409,0.9640421271324158,0.9585020542144775,0.9935727715492249,0.9765275716781616,0.9862692356109619,0.9793405532836914,0.9810249030590057,1
b1307,b1308,1,0.19371742010116577,0.14489983022212982,0.05243323743343353,0.20539601147174835,0.24155165255069733,0.24329160153865814,0.07252810150384903,0.2566024363040924,0.21908928453922272,0.28966736793518066,0.19191769436001777,0
b1308,b1309,0,0.6944651007652283,0.5804430246353149,0.33208349347114563,0.5457307696342468,0.4040403366088867,0.3044046461582184,0.29685866832733154,0.5227364897727966,0.6444685459136963,0.379924476146698,0.4705155551433563,0
b1309,b1310,1,0.9961283802986145,0.9879199266433716,0.9950629472732544,0.9751384854316711,0.9646217823028564,0.9818598031997681,0.9966689348220825,0.9716473817825317,0.9887564778327942,0.9818759560585022,0.9839680075645447,1
b1310,b1311,1,0.9975206851959229,0.9882617592811584,0.9701051712036133,0.9690134525299072,0.9528793096542358,0.978221595287323,0.9960200786590576,0.97452712059021,0.9862558245658875,0.9658289551734924,0.9778633952140808,1
b1311,b1312,1,0.9975721836090088,0.9970998764038086,0.9983881115913391,0.986782968044281,0.989396333694458,0.9903664588928223,0.9981260895729065,0.9911175966262817,0.9987369775772095,0.9959914684295654,0.994357806444168,1
b1312,b1313,1,0.9895472526550293,0.9799500703811646,0.9666166305541992,0.9770228266716003,0.9381278157234192,0.9776920676231384,0.9888802766799927,0.9660392999649048,0.9749746322631836,0.9562090039253235,0.9715059876441956,1
b1313,b1314,1,0.9924746751785278,0.9711539149284363,0.9859407544136047,0.9455347657203674,0.8830758333206177,0.9503171443939209,0.9820696115493774,0.9458380341529846,0.9635364413261414,0.9446671009063721,0.9564608275890351,1
b1314,b1315,1,0.9946547746658325,0.985663115978241,0.9793145656585693,0.9777002334594727,0.949614405632019,0.977895975112915,0.9893598556518555,0.9807901978492737,0.9836017489433289,0.9640030860900879,0.9782597959041596,1
b1315,b1316,1,0.9971340894699097,0.9968993663787842,0.9984528422355652,0.9896605014801025,0.9867228269577026,0.98821622133255,0.9983078837394714,0.992617666721344,0.9983425140380859,0.9949749708175659,0.9941328883171081,1
b1316,b1317,1,0.9970685243606567,0.9972308874130249,0.9974903464317322,0.9836695194244385,0.990540623664856,0.9928310513496399,0.9956709742546082,0.9867179989814758,0.9991133213043213,0.9968075156211853,0.9937140762805938,1
b1317,b1319,1,0.023016439750790596,0.026105299592018127,0.0019367528147995472,0.04279182478785515,0.0284518301486969,0.11799552291631699,0.010672570206224918,0.08535325527191162,0.05468122661113739,0.022225825116038322,0.041323054721578954,0
b1319,b1321,0,0.020741118118166924,0.03190748766064644,0.006967172026634216,0.09056434035301208,0.04446891322731972,0.16845263540744781,0.029541106894612312,0.051002729684114456,0.02766067534685135,0.05976419523358345,0.05310703739523888,0
b1321,b1322,1,0.9958716630935669,0.997203528881073,0.9983900189399719,0.9855918288230896,0.9901103377342224,0.991043210029602,0.9974066019058228,0.9896149039268494,0.9988226294517517,0.9962822794914246,0.9940337002277374,1
b1322,b1323,0,0.6563850045204163,0.2200295627117157,0.04879730939865112,0.46280786395072937,0.7075592875480652,0.38330310583114624,0.1624700129032135,0.3801579475402832,0.4139117896556854,0.6392218470573425,0.40746437311172484,0
b1323,b1325,0,0.004986805375665426,0.012437871657311916,0.014169001951813698,0.031036274507641792,0.04874001815915108,0.021431205794215202,0.0039697070606052876,0.009438866749405861,0.032845981419086456,0.01865946687757969,0.01977151995524764,0
b1325,b1328,0,0.002581768436357379,0.0016564069082960486,0.00030028491164557636,0.008211448788642883,0.010306027717888355,0.01661413162946701,0.0004458231560420245,0.004030230455100536,0.01200071256607771,0.0025269652251154184,0.005867379979463294,0
b1328,b1329,0,0.3444647192955017,0.1431213766336441,0.010027491487562656,0.29146796464920044,0.29573148488998413,0.3889993727207184,0.0678451880812645,0.20972490310668945,0.2650038003921509,0.4147266745567322,0.24311129758134484,0
b1332,b1339,0,0.0003975751460529864,0.00012968300143256783,0.0002463718701619655,0.00019211445760447532,0.0010394564596936107,0.0020289523527026176,0.00013144176045898348,0.0006474417168647051,0.0002444224082864821,0.00031167661654762924,0.0005369135789806024,0
b1339,b1340,0,0.1609349250793457,0.08197834342718124,0.08714156597852707,0.14959880709648132,0.15821434557437897,0.12161757797002792,0.03182632103562355,0.08443865925073624,0.23079423606395721,0.10098740458488464,0.12075321860611439,0
b1340,b1342,0,0.0005215179990045726,0.002044758526608348,0.001801627455279231,0.003875420428812504,0.006100871600210667,0.013275406323373318,0.006958828307688236,0.0031147433910518885,0.005068118683993816,0.0013505560345947742,0.004411184875061735,0
b1353,b1357,0,0.00014008874131832272,0.0005030400934629142,0.0012686188565567136,0.0013440465554594994,0.003117998130619526,0.0016283737495541573,1.9458704628050327e-05,0.0002934396907221526,0.001233409158885479,0.0022409679368138313,0.0011789441618020647,0
b1357,b1358,1,0.9655321836471558,0.9609881043434143,0.8591601252555847,0.9492091536521912,0.8578929305076599,0.9204220175743103,0.9826212525367737,0.9209739565849304,0.9498811960220337,0.9149482846260071,0.9281629204750061,1
b1358,b1359,1,0.9772312045097351,0.9733894467353821,0.9537471532821655,0.9778243899345398,0.9421746134757996,0.9656776189804077,0.9944700598716736,0.968906581401825,0.9695165157318115,0.9494809508323669,0.9672418534755707,1
b1359,b1360,1,0.9960666298866272,0.9796586632728577,0.9224028587341309,0.9624031186103821,0.9408277273178101,0.9642311930656433,0.9642888903617859,0.951967716217041,0.9774945378303528,0.9568145871162415,0.9616155922412872,1
b1360,b4528,1,0.04028908535838127,0.09676666557788849,0.003941514529287815,0.0995381698012352,0.04135660082101822,0.11173321306705475,0.05202207714319229,0.1971219778060913,0.09745223075151443,0.021779421716928482,0.07620009565725923,0
b4528,b1363,0,0.08493319898843765,0.09176284819841385,0.021541299298405647,0.13528598845005035,0.17012794315814972,0.24089571833610535,0.006368323694914579,0.07850342243909836,0.14125937223434448,0.3081619441509247,0.12788400589488447,0
b1363,b1365,0,0.8327396512031555,0.5587108135223389,0.815072238445282,0.4781162142753601,0.45126232504844666,0.43054139614105225,0.49694502353668213,0.4776396155357361,0.6672149896621704,0.4920164942741394,0.5700258761644363,1
b1365,b1372,0,0.00024355400819331408,0.0007996533531695604,0.0012793531641364098,0.0012876628898084164,0.0030526185873895884,0.0033496699761599302,0.0007359287119470537,0.0005911959451623261,0.003321083029732108,0.000572126591578126,0.0015232846257276834,0
b1372,b1373,1,0.9964575171470642,0.9968655109405518,0.9978306889533997,0.9825166463851929,0.9902412295341492,0.9933815598487854,0.9949774146080017,0.9862593412399292,0.9991734027862549,0.9971089959144592,0.9934812307357788,1
b4529,b1381,0,0.0015685108955949545,0.0013658946845680475,0.0011067590676248074,0.006436669733375311,0.01366016361862421,0.011533355340361595,0.00038504693657159805,0.0031905414070934057,0.015028181485831738,0.006469157058745623,0.006074428022839129,0
b1381,b1382,1,0.9948863983154297,0.9916173219680786,0.9963749647140503,0.9682018160820007,0.9878600835800171,0.9927188754081726,0.9904710650444031,0.9787982702255249,0.9986256957054138,0.9969355463981628,0.9896490037441253,1
b1382,b1383,1,0.992129385471344,0.9903075695037842,0.9882915616035461,0.9888864159584045,0.967608630657196,0.9898385405540466,0.9962535500526428,0.9816843271255493,0.9920883774757385,0.9828537702560425,0.9869942128658294,1
b1383,b1385,0,0.003449485171586275,0.0051814899779856205,0.0014749305555596948,0.018187042325735092,0.0173910204321146,0.01419019140303135,0.0031750514172017574,0.011274415999650955,0.03464624658226967,0.004649519454687834,0.011361939331982285,0
b1385,b1388,0,6.426479376386851e-05,0.0003628839913289994,0.00032392749562859535,0.0013968886341899633,0.002445516875013709,0.00255989795550704,5.998846609145403e-05,0.0008390684379264712,0.0012843857984989882,0.0007109620491974056,0.0010047784497146494,0
b1388,b1389,1,0.9965245127677917,0.9885756969451904,0.9916518330574036,0.9564240574836731,0.938407301902771,0.9828215837478638,0.9944658279418945,0.9704004526138306,0.9796541929244995,0.9660546183586121,0.976498007774353,1
b1389,b1390,1,0.9646406769752502,0.9610527157783508,0.9578415751457214,0.974733293056488,0.9316025376319885,0.9736140370368958,0.9982876777648926,0.8654389977455139,0.9515060782432556,0.9442181587219238,0.9522935748100281,1
b1390,b1391,1,0.995161771774292,0.9867298603057861,0.9952852725982666,0.9733343720436096,0.9402644634246826,0.9876062870025635,0.9928742051124573,0.977060079574585,0.9866575598716736,0.974754810333252,0.9809728682041168,1
b1391,b1392,1,0.9931626319885254,0.9902042746543884,0.959882915019989,0.9893190264701843,0.9651973843574524,0.980734646320343,0.997075080871582,0.9807013273239136,0.9891298413276672,0.9747946858406067,0.9820201814174652,1
b1392,b1393,1,0.9970490336418152,0.9973928332328796,0.9984701871871948,0.985262393951416,0.9906023144721985,0.9916172027587891,0.9973767399787903,0.9902594089508057,0.9989980459213257,0.9965021014213562,0.9943530261516571,1
b1393,b1394,1,0.9962823987007141,0.9974020719528198,0.9986510276794434,0.9874069690704346,0.9901750087738037,0.9907776713371277,0.9983003735542297,0.9916708469390869,0.9989054203033447,0.9964450597763062,0.9946016848087311,1
b1394,b1395,1,0.9555628895759583,0.9457271695137024,0.9839614629745483,0.9559807181358337,0.8111793994903564,0.9658728241920471,0.9947407841682434,0.9389203190803528,0.9412722587585449,0.9057018160820007,0.9398919641971588,1
b1395,b1396,1,0.9969186186790466,0.9966685771942139,0.9978621006011963,0.9856154322624207,0.9898988604545593,0.9925309419631958,0.9969810247421265,0.987499475479126,0.9990642666816711,0.996604323387146,0.9939643621444703,1
b1396,b1397,1,0.9961062669754028,0.9964091777801514,0.9953681230545044,0.9811545610427856,0.9769787788391113,0.985094428062439,0.9987686276435852,0.986408531665802,0.9966915249824524,0.9919695258140564,0.9904949545860291,1
b1397,b1398,1,0.9953210949897766,0.9858240485191345,0.983384370803833,0.9853886961936951,0.9465932250022888,0.9742981195449829,0.992453396320343,0.9860910177230835,0.9866138696670532,0.9620456695556641,0.9798013508319855,1
b1398,b1399,0,0.846827507019043,0.7780413627624512,0.2617836594581604,0.7298351526260376,0.7342419624328613,0.7522913813591003,0.4002818763256073,0.7978309392929077,0.7163556218147278,0.8326660394668579,0.6850155502557754,1
b1399,b1400,1,0.9969149827957153,0.9970321655273438,0.9976247549057007,0.9813423752784729,0.9888789653778076,0.9907178282737732,0.9967334866523743,0.9871118664741516,0.9986426830291748,0.9958390593528748,0.9930838167667388,1
b1406,b1407,0,0.9867768883705139,0.9767653942108154,0.9176025986671448,0.9722960591316223,0.939292848110199,0.9791353344917297,0.9681202173233032,0.9729341864585876,0.9766062498092651,0.9614625573158264,0.9650992333889008,1
b1407,b1408,0,0.9005661606788635,0.813887894153595,0.8226638436317444,0.8122497200965881,0.5717526078224182,0.694969892501831,0.7526808381080627,0.683340311050415,0.7026013135910034,0.7560462951660156,0.7510758876800537,1
b1408,b1409,1,0.9974743723869324,0.9976247549057007,0.9980773329734802,0.9867437481880188,0.9879910945892334,0.9893093705177307,0.9977498650550842,0.9920772314071655,0.9986408948898315,0.995713472366333,0.994140213727951,1
b1409,b1410,1,0.9250160455703735,0.8710850477218628,0.6832374930381775,0.8631081581115723,0.8242021203041077,0.8931296467781067,0.965781569480896,0.9240019917488098,0.8548018336296082,0.9099118709564209,0.8714275777339935,1
b1410,b1411,1,0.9895409941673279,0.9688994288444519,0.967750608921051,0.9149894118309021,0.8603741526603699,0.9702140688896179,0.9872629046440125,0.9671355485916138,0.937940239906311,0.9189268946647644,0.9483034253120423,1
b1411,b1413,0,0.10251418501138687,0.13279592990875244,0.01814999058842659,0.31053584814071655,0.33493247628211975,0.26407697796821594,0.1186089739203453,0.12713459134101868,0.2225494682788849,0.22594889998435974,0.1857247341424227,0
b1413,b1414,0,0.2348601222038269,0.4628153145313263,0.658254861831665,0.6478501558303833,0.6980848908424377,0.48443904519081116,0.5729252696037292,0.5441716909408569,0.6186732053756714,0.7331794500350952,0.5655254006385804,1
b1414,b1415,0,0.37482336163520813,0.44573748111724854,0.032318029552698135,0.4545506536960602,0.44486066699028015,0.5274913311004639,0.29765546321868896,0.398844450712204,0.5426912307739258,0.6818170547485352,0.4200789723545313,0
b1415,b1418,0,0.00044595240615308285,0.002341349609196186,0.009401632472872734,0.003804841311648488,0.011167778633534908,0.006589715834707022,0.023376239463686943,0.0024607237428426743,0.010484825819730759,0.00128223339561373,0.007135529268998653,0
b1418,b1419,0,0.00669056223705411,0.03644505515694618,0.0038446690887212753,0.07749948650598526,0.047938790172338486,0.04913259297609329,0.016738897189497948,0.013215071521699429,0.04022299870848656,0.026203623041510582,0.03179317465983331,0
b1421,b1423,0,0.012191279791295528,0.014215255156159401,0.012717797420918941,0.0378682017326355,0.08624564856290817,0.037120915949344635,0.01905391365289688,0.013554343953728676,0.030318748205900192,0.011449022218585014,0.027473512664437295,0
b1423,b1424,0,0.3640696406364441,0.9404416680335999,0.27575793862342834,0.8514606952667236,0.7349439859390259,0.8352878093719482,0.6832395792007446,0.7175191044807434,0.822081446647644,0.8432860374450684,0.706808790564537,1
b1424,b1426,0,0.14165395498275757,0.4976871609687805,0.0292952973395586,0.4666478931903839,0.540949285030365,0.3889748752117157,0.2328014224767685,0.1482505053281784,0.40136536955833435,0.5459217429161072,0.33935475070029497,0
b1426,b1427,0,0.6820919513702393,0.8301647901535034,0.37673071026802063,0.9029402136802673,0.74720698595047,0.7608072757720947,0.267179012298584,0.7583355903625488,0.7385615110397339,0.8717505931854248,0.6935768634080887,1
b1427,b1429,0,0.0070265186950564384,0.0029228120110929012,0.0008967787143774331,0.02312449738383293,0.024164317175745964,0.03106100670993328,0.0007426045485772192,0.021138548851013184,0.029067521914839745,0.008260726928710938,0.014840533293318003,0
b1429,b1430,1,0.9966591000556946,0.9971527457237244,0.9955369234085083,0.975132405757904,0.9842467308044434,0.9913060665130615,0.9970824718475342,0.9841122031211853,0.9980515241622925,0.9941852688789368,0.9913465440273285,1
b1430,b1431,0,0.1386231780052185,0.15058279037475586,0.3074382543563843,0.19431470334529877,0.18199522793293,0.27192842960357666,0.28865715861320496,0.09396815299987793,0.4725499451160431,0.08381261676549911,0.21838704571127893,0
b1431,b1432,0,0.03280257061123848,0.030796969309449196,0.06517499685287476,0.10007147490978241,0.08703482151031494,0.09580240398645401,0.025680121034383774,0.045137740671634674,0.16537322103977203,0.03850089758634567,0.06863752175122499,0
b1432,b1434,0,0.004189647734165192,0.0017845071852207184,0.0010808921651914716,0.008574890904128551,0.01630459539592266,0.017290588468313217,0.00031272973865270615,0.003577024443075061,0.016452496871352196,0.002930929884314537,0.007249830279033631,0
b1434,b1435,1,0.8691421747207642,0.8224508166313171,0.6567513346672058,0.8722323775291443,0.8810251355171204,0.7569278478622437,0.6699153780937195,0.7384740710258484,0.8359411954879761,0.9253808259963989,0.8028241157531738,1
b1435,b4532,0,0.12698866426944733,0.09442533552646637,0.13296806812286377,0.13046129047870636,0.1484658271074295,0.20322948694229126,0.14600782096385956,0.12266594916582108,0.1407388150691986,0.10275819152593613,0.134870944917202,0
b4532,b1438,1,0.9647356271743774,0.9790725111961365,0.9323725700378418,0.9532796740531921,0.9182673096656799,0.9632013440132141,0.9899497628211975,0.9749481081962585,0.9797883033752441,0.9581321477890015,0.9613747358322143,1
b1438,b1439,0,0.9922609329223633,0.9785079956054688,0.9071338772773743,0.9870402812957764,0.946325957775116,0.9621878266334534,0.992407500743866,0.9708712697029114,0.9878454804420471,0.9722163081169128,0.9696797430515289,1
b1439,b1440,0,0.47730347514152527,0.3091767728328705,0.018771585077047348,0.31584835052490234,0.33826470375061035,0.3334769606590271,0.2932547330856323,0.15965409576892853,0.3743398189544678,0.5006635189056396,0.31207540147006513,0
b1440,b1441,1,0.9921661615371704,0.986229658126831,0.9720858931541443,0.9786869287490845,0.9628819227218628,0.9591786861419678,0.9944089651107788,0.9680495262145996,0.9846396446228027,0.9768605828285217,0.9775187969207764,1
b1441,b1442,1,0.9971662163734436,0.9971829652786255,0.9968108534812927,0.9800629019737244,0.9884267449378967,0.9896898865699768,0.9975696802139282,0.9878860116004944,0.9985802173614502,0.9949225187301636,0.9928297996520996,1
b1442,b1443,1,0.9971618056297302,0.9957234263420105,0.9960927367210388,0.9781807661056519,0.9890435338020325,0.9883793592453003,0.9971070885658264,0.9847142100334167,0.9986159205436707,0.9951846599578857,0.9920203506946563,1
b1443,b1444,1,0.9962025880813599,0.988938570022583,0.9799821972846985,0.9666070342063904,0.935210645198822,0.9761228561401367,0.9920835494995117,0.9524980783462524,0.9813180565834045,0.9649187922477722,0.9733882367610931,1
b1444,b1445,0,0.04998847469687462,0.055477771908044815,0.0934494286775589,0.06786014139652252,0.16820089519023895,0.1015915721654892,0.039742499589920044,0.057285431772470474,0.10546592622995377,0.06835135817527771,0.0807413499802351,0
b1445,b1446,0,0.2507173418998718,0.2269171178340912,0.02246873825788498,0.37030068039894104,0.24866414070129395,0.5853554010391235,0.1031341552734375,0.25316646695137024,0.26284053921699524,0.400208979845047,0.27237735614180564,0
b1446,b1449,0,0.0023657255806028843,0.011709127575159073,0.0057191867381334305,0.008683182299137115,0.008732793852686882,0.011501950211822987,0.08992753177881241,0.009403959847986698,0.016415808349847794,0.0012324361596256495,0.01656917023938149,0
b1449,b1450,1,0.6983190774917603,0.36660805344581604,0.25750812888145447,0.5774716138839722,0.47447675466537476,0.45146414637565613,0.18156848847866058,0.27588844299316406,0.5830931663513184,0.5135906934738159,0.43799885660409926,0
b1450,b1452,0,0.0012663244269788265,0.0007439306937158108,0.00015008637274149805,0.0020463294349610806,0.0033021382987499237,0.006276213563978672,0.0005451654433272779,0.0013443173374980688,0.0028797374106943607,0.001352002494968474,0.0019906245477613995,0
b1452,b1454,0,0.0013069140259176493,0.0041833664290606976,0.003991242963820696,0.016238443553447723,0.011027129366993904,0.008807702921330929,0.0072003500536084175,0.0060194493271410465,0.010993415489792824,0.002521753078326583,0.007228976720944047,0
b1454,b1455,0,0.6010899543762207,0.6114880442619324,0.9006357192993164,0.6517011523246765,0.440031498670578,0.5480303168296814,0.6069006323814392,0.4914957582950592,0.653965413570404,0.49238321185112,0.5997721701860428,1
b1455,b1457,0,8.400051592616364e-05,7.314601680263877e-05,9.269473594031297e-06,0.00019591496675275266,0.0005200744490139186,0.0012878532288596034,5.689690624421928e-06,0.00019003552733920515,0.00031936372397467494,0.00018829353211913258,0.0002873641125006543,0
b1457,b1460,0,0.013398520648479462,0.012157055549323559,0.009776197373867035,0.012593146413564682,0.008779540657997131,0.016634203493595123,0.004123862832784653,0.010172633454203606,0.015283100306987762,0.004297404084354639,0.010721566481515765,0
b1460,b1461,0,0.5508124828338623,0.3248046934604645,0.2546727955341339,0.5227907299995422,0.2704320549964905,0.3166617453098297,0.5369285345077515,0.47260841727256775,0.45442110300064087,0.5926799774169922,0.42968125343322755,0
b1461,b1463,0,0.0035854231100529432,0.004492967389523983,0.003048988524824381,0.017085621133446693,0.0186716690659523,0.019340798258781433,0.0010002193739637733,0.008596768602728844,0.030756354331970215,0.008076807484030724,0.011465561727527529,0
b1463,b1474,0,0.00014607566117774695,3.839820419671014e-05,3.8475140172522515e-05,0.00018806099251378328,0.0010866925586014986,0.001181783969514072,1.9490832983137807e-06,7.314809772651643e-05,0.00020907915313728154,0.00032482706592418253,0.0003288489926262628,0
b1474,b1475,1,0.9942362904548645,0.9903724789619446,0.9587107300758362,0.9727299213409424,0.9630781412124634,0.985692024230957,0.9930291175842285,0.9681505560874939,0.9896589517593384,0.9858332276344299,0.9801491439342499,1
b1475,b1476,1,0.9974350333213806,0.9964356422424316,0.9935735464096069,0.9732675552368164,0.9878931641578674,0.9881457686424255,0.9968032240867615,0.9844216108322144,0.9984318017959595,0.9949806332588196,0.9911387979984283,1
b1476,b1482,0,1.2367329873086419e-05,0.00010741140431491658,9.382074495078996e-05,0.0001929506688611582,0.0005685811047442257,0.0007720885914750397,5.643638360197656e-05,0.0001266998442588374,0.00045497340033762157,8.142671140376478e-05,0.0002466756183821417,0
b1482,b1513,0,8.934429388318677e-06,3.156806997139938e-05,0.0004462796787265688,5.614013934973627e-05,0.0009400965645909309,0.00039942533476278186,6.301607413661259e-07,3.604414814617485e-05,0.00010550821025390178,0.00040970067493617535,0.0002434327410867354,0
b1513,b1514,1,0.9971198439598083,0.9959578514099121,0.9967210292816162,0.975034773349762,0.9895213842391968,0.9895893335342407,0.9960086941719055,0.9839074611663818,0.9988296627998352,0.9959125518798828,0.9918602585792542,1
b1514,b1515,1,0.9975662231445312,0.9966710805892944,0.9963576197624207,0.9755690693855286,0.9881237149238586,0.9879680275917053,0.9973323941230774,0.9862253069877625,0.9986039996147156,0.9952968955039978,0.9919714331626892,1
b1515,b1516,1,0.9969080686569214,0.9899019598960876,0.9910576939582825,0.9769041538238525,0.95694500207901,0.9869087338447571,0.9910213947296143,0.977327287197113,0.985065221786499,0.9842926859855652,0.9836332201957703,1
b1516,b1517,1,0.9926814436912537,0.9873829483985901,0.9605870842933655,0.9615163207054138,0.9306513071060181,0.9768872261047363,0.9890777468681335,0.9695824384689331,0.9822365641593933,0.9551582932472229,0.970576137304306,1
b1517,b1518,1,0.9977118372917175,0.9900500774383545,0.9824196696281433,0.9781659245491028,0.9616843461990356,0.9888740181922913,0.9945593476295471,0.9845486879348755,0.9938739538192749,0.9839149713516235,0.9855802834033967,1
b1518,b1519,1,0.6857780814170837,0.7943491339683533,0.3530951738357544,0.7763363718986511,0.7813130021095276,0.6550177931785583,0.6382501125335693,0.8002864122390747,0.8572096824645996,0.8821889162063599,0.7223824679851532,1
b1519,b1526,0,4.87592005811166e-05,0.00015785657160449773,1.4507364539895207e-05,0.0001968699652934447,0.0004821499460376799,0.0006897345301695168,4.8730471462477e-05,0.0001693350204732269,0.00036769662983715534,8.470676402794197e-05,0.00022603464640269522,0
b1526,b1527,0,0.991096556186676,0.8723185062408447,0.9595364928245544,0.9535799622535706,0.8276293277740479,0.9317403435707092,0.9791074395179749,0.9510254263877869,0.9622228145599365,0.9179775714874268,0.9346234440803528,1
b1527,b1528,0,0.570300817489624,0.4901695251464844,0.24955160915851593,0.5874755382537842,0.3914407193660736,0.5805871486663818,0.6688395142555237,0.5797355771064758,0.4336372911930084,0.617935836315155,0.5169673576951027,1
b1528,b1530,0,0.0020805061794817448,0.0031066550873219967,0.01198198925703764,0.0076924217864871025,0.016088034957647324,0.013407804071903229,0.01219232939183712,0.0022789444774389267,0.009899208322167397,0.0021395301446318626,0.008086742367595434,0
b1530,b1531,1,0.9887970685958862,0.9896202683448792,0.9881227612495422,0.9783629179000854,0.9463513493537903,0.9886571168899536,0.9944636821746826,0.9810291528701782,0.9927405714988708,0.9747059941291809,0.9822850883007049,1
b1531,b1532,1,0.964141309261322,0.9714534878730774,0.9639357924461365,0.9559426307678223,0.9234678745269775,0.9461633563041687,0.9875310659408569,0.9554654955863953,0.9756773710250854,0.9625276327133179,0.960630601644516,1
b1532,b1534,0,0.0031438120640814304,0.0052053737454116344,0.002869625808671117,0.01488346979022026,0.011189844459295273,0.013745107688009739,0.007020316086709499,0.012846834026277065,0.016487332060933113,0.002957644173875451,0.009034935990348459,0
b1534,b4599,0,0.416147917509079,0.540911853313446,0.04521818459033966,0.5882404446601868,0.5059558749198914,0.41113486886024475,0.11675279587507248,0.4246777892112732,0.5178389549255371,0.5304560661315918,0.4097334749996662,0
b4599,b1537,0,3.9637452573515475e-05,2.7713198505807668e-05,3.7236211937852204e-05,8.630009688204154e-05,0.00043470843229442835,0.0006559237954206765,1.4081893823458813e-05,2.3930377210490406e-05,0.0003067863581236452,8.575464744353667e-05,0.00017120724642154527,0
b1537,b1539,0,0.000371705275028944,0.0005900371470488608,2.907561975007411e-05,0.0017611008370295167,0.0037086745724081993,0.006542378570884466,0.00013173010665923357,0.0007071745349094272,0.0009670670842751861,0.0018312932224944234,0.001664023697048833,0
b1539,b1540,0,0.6846150159835815,0.37461015582084656,0.7403388619422913,0.7169703841209412,0.6330013275146484,0.46353214979171753,0.5241898894309998,0.48565417528152466,0.7319483160972595,0.6315719485282898,0.59864322245121,1
b1540,b1541,0,0.30067795515060425,0.11603567749261856,0.3355427384376526,0.14326302707195282,0.20336377620697021,0.2698134481906891,0.07431428134441376,0.28869926929473877,0.24370954930782318,0.17632195353507996,0.2151741676032543,0
b1541,b1544,0,5.276558113109786e-06,2.520897214708384e-05,5.162887100595981e-05,7.732212543487549e-05,0.0005153421079739928,0.0005131833604536951,5.66199162221892e-07,5.490555122378282e-05,0.0001346627395832911,0.00013122624659445137,0.0001509322731692464,0
b1544,b1545,0,0.053763147443532944,0.029559416696429253,0.011028574779629707,0.04204165190458298,0.040902189910411835,0.16190659999847412,0.003019675612449646,0.02707833983004093,0.07056734710931778,0.031525373458862305,0.04713923167437315,0
b1545,b4533,0,0.0002450629835948348,0.00021344669221434742,0.00018259228090755641,0.0014156023971736431,0.001984722912311554,0.002218896523118019,4.850347977480851e-05,0.000827586161904037,0.0017227681819349527,0.0003874062967952341,0.0009246587909728987,0
b4533,b1549,1,0.7307323813438416,0.8076836466789246,0.9317213892936707,0.7872323989868164,0.5927776098251343,0.7785308361053467,0.9903351664543152,0.7417205572128296,0.6857057213783264,0.720090389251709,0.7766530096530915,1
b1549,b1558,0,5.4558304327656515e-06,2.9438577257678844e-05,7.986264245118946e-05,5.5299755331361666e-05,0.0005662539042532444,0.00037849287036806345,2.7695776338987343e-07,1.0302700502506923e-05,7.183128036558628e-05,0.0001921657531056553,0.00013893802718314418,0
b1558,b1565,0,9.934648005582858e-06,3.052320607821457e-05,1.3374531135923462e-06,5.701400004909374e-05,0.0003928968799300492,0.000561259628739208,3.802808521413681e-07,4.625169458449818e-05,8.667667862027884e-05,0.00011359201016603038,0.00012998664801386895,0
b1565,b1566,0,0.3848813772201538,0.24808785319328308,0.06063167005777359,0.262279212474823,0.16175420582294464,0.4416259527206421,0.15666067600250244,0.28831160068511963,0.29588598012924194,0.22987213730812073,0.2529990665614605,0
b1566,b1570,0,0.007235472556203604,0.003333120374009013,0.0028360553551465273,0.013535929843783379,0.013764453120529652,0.009408269077539444,0.0009859235724434257,0.006861389148980379,0.0028407545760273933,0.00987047515809536,0.007067184278275818,0
b1570,b1571,0,0.5366796851158142,0.12679260969161987,0.10933411121368408,0.2806330621242523,0.3192673325538635,0.3138972818851471,0.3846858739852905,0.4473501145839691,0.31815195083618164,0.17815309762954712,0.30149451196193694,0
b1571,b1572,1,0.9330360293388367,0.9857812523841858,0.9607508778572083,0.9510846138000488,0.8961241245269775,0.9747611880302429,0.9396111369132996,0.9642452001571655,0.9594854712486267,0.9291380643844604,0.9494017958641052,1
b1575,b1576,1,0.9966717958450317,0.9937978982925415,0.9949750900268555,0.9746233820915222,0.9868773221969604,0.9854403734207153,0.9965485334396362,0.9842599630355835,0.9983132481575012,0.9940588474273682,0.9905566453933716,1
b1576,b1583,0,2.086842869175598e-05,0.00016443768981844187,0.0017658552387729287,0.0001497575722169131,0.001214441261254251,0.0005034912610426545,3.3061642170650885e-06,3.786407251027413e-05,0.00022688494937028736,0.0004160508105996996,0.0004502957448494271,0
b1583,b1584,1,0.990690290927887,0.988684356212616,0.955991804599762,0.9816332459449768,0.9635146260261536,0.984234631061554,0.9968814253807068,0.9810708165168762,0.99486243724823,0.9855681657791138,0.9823131799697876,1
b1584,b1586,0,0.001838863012380898,0.0021405646111816168,0.00026820425409823656,0.012832185253500938,0.02075675129890442,0.013279939070343971,0.0037819170393049717,0.003566934959962964,0.01727924309670925,0.00455288402736187,0.008029748662374913,0
b1586,b1587,0,0.32815301418304443,0.4409125745296478,0.18426696956157684,0.5161291360855103,0.48452359437942505,0.28730979561805725,0.3350827991962433,0.27837345004081726,0.7069268822669983,0.562323272228241,0.41240014880895615,0
b1587,b1588,1,0.9972005486488342,0.9862630367279053,0.9767529368400574,0.9585898518562317,0.9060577154159546,0.9640592932701111,0.9798665642738342,0.9796416759490967,0.9740664958953857,0.9207537770271301,0.9643251895904541,1
b1588,b1589,1,0.9984222650527954,0.9935792684555054,0.9832291603088379,0.9813781976699829,0.965819776058197,0.9835658669471741,0.9927041530609131,0.9868707656860352,0.992264449596405,0.9799498319625854,0.9857783734798431,1
b1589,b1590,1,0.9970044493675232,0.9912464022636414,0.9941843748092651,0.978347659111023,0.9517101645469666,0.9867873787879944,0.9960649609565735,0.9791572690010071,0.9869601726531982,0.9784534573554993,0.9839916288852691,1
b1590,b1591,1,0.9918102025985718,0.9874643087387085,0.9329035878181458,0.9816084504127502,0.9700290560722351,0.9923722743988037,0.9967781901359558,0.9826344847679138,0.9961579442024231,0.986059308052063,0.9817817807197571,1
b1591,b1592,0,0.6460481286048889,0.6884558200836182,0.6110675930976868,0.6063969731330872,0.484642893075943,0.5244016051292419,0.4414210021495819,0.5519571900367737,0.6284821629524231,0.6011695265769958,0.578404289484024,1
b1592,b1596,0,0.0006637459737248719,0.0013032325077801943,0.00019402547331992537,0.0014492595801129937,0.002780322218313813,0.005036553367972374,0.0008509369799867272,0.0010087303817272186,0.0018621484050527215,0.0010013884166255593,0.0016150343304616398,0
b1596,b1597,0,0.058890584856271744,0.017148010432720184,0.15955977141857147,0.04007484391331673,0.06398598849773407,0.0704955980181694,0.02706795744597912,0.03151705861091614,0.0629127025604248,0.031783100217580795,0.05634356159716845,0
b1597,b4601,0,0.6303868889808655,0.6595451235771179,0.32415255904197693,0.7620429992675781,0.578685998916626,0.7506511807441711,0.6678206920623779,0.7763234376907349,0.6604441404342651,0.8212988376617432,0.6631351858377457,1
b4601,b1598,0,0.3713228404521942,0.1986854523420334,0.035569481551647186,0.36559808254241943,0.37998223304748535,0.404903382062912,0.038944195955991745,0.2774311900138855,0.319585919380188,0.5367932319641113,0.2928816009312868,0
b1598,b1601,0,0.01584562100470066,0.018492523580789566,0.02989414520561695,0.027630161494016647,0.029075760394334793,0.03167359530925751,0.019644567742943764,0.03080652840435505,0.030996285378932953,0.004779689013957977,0.023883887752890586,0
b1601,b1604,0,8.799837087281048e-05,0.0006202759686857462,0.0004469286650419235,0.0004932841984555125,0.0013255929807201028,0.001166521804407239,0.0005302322097122669,0.00021846652089152485,0.0016699725529178977,0.0002340119972359389,0.0006793285268940963,0
b1604,b1605,1,0.7160142660140991,0.6396834254264832,0.3101486563682556,0.7758697271347046,0.690581202507019,0.5820373296737671,0.610127329826355,0.6262073516845703,0.7756346464157104,0.7444900870323181,0.6470794022083283,1
b1605,b1606,0,0.9931877255439758,0.9877545833587646,0.9818153381347656,0.9707423448562622,0.9474947452545166,0.988145649433136,0.9929717779159546,0.9740355014801025,0.9891167283058167,0.9823989272117615,0.9807663321495056,1
b1606,b1608,0,0.06694868952035904,0.05551300570368767,0.06300559639930725,0.06796317547559738,0.10056070238351822,0.13191048800945282,0.1054442971944809,0.05898571014404297,0.18139493465423584,0.013610795140266418,0.08453373946249484,0
b1608,b1609,1,0.9965428113937378,0.9881454110145569,0.9901609420776367,0.9870889186859131,0.974453866481781,0.9857943654060364,0.9957053065299988,0.9821693301200867,0.9939813613891602,0.9858090877532959,0.9879851400852203,1
b1609,b1610,0,0.7328028678894043,0.37114349007606506,0.485014408826828,0.5853446125984192,0.7165367007255554,0.4885668158531189,0.2915705740451813,0.34849119186401367,0.5504724383354187,0.495067298412323,0.5065010398626327,1
b1610,b1613,0,0.00027045828755944967,0.00015034707030281425,6.72010937705636e-05,0.001056235865689814,0.0029784613288939,0.00254826876334846,0.00016983726527541876,0.0001725498295854777,0.001787608372978866,0.00045766853145323694,0.0009658636408858001,0
b1613,b1614,0,0.993590772151947,0.985081136226654,0.9860983490943909,0.9748356342315674,0.9277247786521912,0.9765011668205261,0.9964033365249634,0.9555885195732117,0.9826796054840088,0.978262722492218,0.9756766021251678,1
b1614,b1621,0,0.00034363989834673703,0.00027091868105344474,0.0023009879514575005,0.0013499368214979768,0.0033686223905533552,0.0032935256604105234,2.156553637178149e-05,0.000952267087996006,0.0016190684400498867,0.0010267881443724036,0.0014547320612109615,0
b1621,b1622,1,0.9957624673843384,0.9921948313713074,0.9885192513465881,0.9767780900001526,0.9574812054634094,0.9891435503959656,0.9947757720947266,0.9754951000213623,0.9876366257667542,0.9858247637748718,0.9843611657619477,1
b1622,b1623,0,0.6299992203712463,0.5205627679824829,0.21057255566120148,0.48183244466781616,0.7219580411911011,0.3898373544216156,0.4464452266693115,0.36555054783821106,0.7356752157211304,0.6938509941101074,0.5196284368634224,1
b1623,b4409,0,0.004292400553822517,0.0036575659178197384,0.0066825649701058865,0.008023204281926155,0.012390555813908577,0.009715240448713303,0.003770977258682251,0.011331564746797085,0.011625097133219242,0.001717252074740827,0.0073206423199735585,0
b4409,b1625,0,0.061150889843702316,0.04065530002117157,0.003882738994434476,0.048013634979724884,0.024061735719442368,0.0890430137515068,0.06742417067289352,0.06281930953264236,0.06341218203306198,0.0098328972235322,0.04702958727721125,0
b1625,b1626,0,0.7177045941352844,0.803453266620636,0.3305685520172119,0.7464967966079712,0.6561864614486694,0.8351016044616699,0.7112467885017395,0.7442272305488586,0.7252911329269409,0.83917236328125,0.7109448790550232,1
b1626,b1627,1,0.7118254899978638,0.46920934319496155,0.6200159788131714,0.6430935263633728,0.6396628022193909,0.369987815618515,0.1943337470293045,0.3209611475467682,0.7814047336578369,0.4844881296157837,0.5234982714056968,1
b1627,b1628,1,0.9971511960029602,0.9974859356880188,0.9968185424804688,0.9807644486427307,0.9875309467315674,0.9894017577171326,0.9976982474327087,0.9899278283119202,0.9985610246658325,0.9949263334274292,0.9930266261100769,1
b1628,b1629,1,0.9964417219161987,0.9965077638626099,0.9964216351509094,0.9857471585273743,0.9822493195533752,0.9845410585403442,0.9989421963691711,0.9899442195892334,0.9975147247314453,0.9935124516487122,0.9921822249889374,1
b1629,b1630,1,0.9971776008605957,0.995871901512146,0.9967050552368164,0.9765838980674744,0.9897015690803528,0.9907240867614746,0.9957018494606018,0.9846516251564026,0.998822033405304,0.9958271980285645,0.9921766817569733,1
b1630,b1631,1,0.9961948990821838,0.991825520992279,0.9546327590942383,0.9811647534370422,0.9624729156494141,0.9742540717124939,0.9888772368431091,0.9814642071723938,0.9902496933937073,0.9788322448730469,0.9799968302249908,1
b1631,b1632,1,0.9976222515106201,0.9937475323677063,0.9881609678268433,0.9927753806114197,0.9784590601921082,0.9906730651855469,0.9981387257575989,0.9873724579811096,0.9965876340866089,0.9852580428123474,0.9908795118331909,1
b1632,b1633,1,0.9972336292266846,0.9968318939208984,0.997310996055603,0.9804340600967407,0.9885891079902649,0.9896965622901917,0.9973230361938477,0.9881383180618286,0.9986819624900818,0.9954394698143005,0.9929679036140442,1
b1633,b1634,0,0.006690188776701689,0.004958140663802624,0.002229506615549326,0.014630235731601715,0.04125862196087837,0.03732702508568764,0.0011484114220365882,0.006867315620183945,0.0157171543687582,0.03447725251317024,0.016530385275837035,0
b1634,b1635,0,0.2610095143318176,0.613922119140625,0.6087177395820618,0.6446365714073181,0.747386634349823,0.4744988977909088,0.6656044721603394,0.4573530852794647,0.6849983930587769,0.6977969408035278,0.5855924367904664,1
b1635,b1641,0,3.509493399178609e-05,0.00011441548849688843,0.0007209081086330116,0.00017224262410309166,0.0008570586796849966,0.0008399912621825933,7.531084065703908e-06,0.0001250937202712521,0.0002444014244247228,0.00031310736085288227,0.00034298446867069287,0
b1641,b1643,0,0.0036001955159008503,0.006911521777510643,0.0014150586212053895,0.022415710613131523,0.021325871348381042,0.014779241755604744,0.0009191722492687404,0.026176555082201958,0.017561163753271103,0.005377266090363264,0.012048175680683925,0
b1643,b1644,1,0.9951744675636292,0.9912206530570984,0.9680667519569397,0.9915779232978821,0.9750072360038757,0.9799454808235168,0.9983994960784912,0.983913004398346,0.9946140050888062,0.9809717535972595,0.9858890771865845,1
b1644,b1645,1,0.9956015944480896,0.9956448674201965,0.9942235946655273,0.9814386963844299,0.9822792410850525,0.9828134775161743,0.9985273480415344,0.9839446544647217,0.9972726106643677,0.9927233457565308,0.9904469430446625,1
b1645,b1649,0,0.0021857800893485546,0.019644586369395256,0.0030190227553248405,0.017040669918060303,0.00997290201485157,0.016757914796471596,0.0023832502774894238,0.0024719296488910913,0.01620534248650074,0.006768311373889446,0.009644970973022282,0
b1649,b1650,1,0.8976296782493591,0.9414634704589844,0.6951125860214233,0.930532693862915,0.9269434809684753,0.9349362850189209,0.9598003029823303,0.8503718972206116,0.9540221691131592,0.9799349904060364,0.9070747554302215,1
b1650,b1651,0,0.7596222758293152,0.7111946940422058,0.3091760277748108,0.7452099323272705,0.6989523768424988,0.7959336638450623,0.6828824877738953,0.7165954113006592,0.7122442126274109,0.8526824712753296,0.6984493553638458,1
b1651,b1652,0,0.5346604585647583,0.1881909817457199,0.5497129559516907,0.38014763593673706,0.41157132387161255,0.32064881920814514,0.41338101029396057,0.2986311614513397,0.41743573546409607,0.2940671145915985,0.38084471970796585,0
b1652,b1653,1,0.9931073784828186,0.990493893623352,0.9620779752731323,0.9892529845237732,0.9684878587722778,0.9745969176292419,0.9960232973098755,0.9797122478485107,0.9941534996032715,0.9786955714225769,0.9826601624488831,1
b1653,b1655,0,0.027934683486819267,0.10692168027162552,0.01645653322339058,0.1547149121761322,0.09099215269088745,0.0938248261809349,0.0943656712770462,0.036982037127017975,0.06417293846607208,0.11423300951719284,0.08005984444171191,0
b1655,b1656,0,0.263992577791214,0.38752758502960205,0.13820651173591614,0.47482994198799133,0.39253368973731995,0.5796110033988953,0.41202041506767273,0.4906175434589386,0.45501917600631714,0.48927173018455505,0.4083630174398422,0
b1656,b1658,0,0.006574301049113274,0.001031203893944621,0.013593432493507862,0.005351684056222439,0.013131530024111271,0.010436288081109524,0.000215656851651147,0.0027338697109371424,0.011288192123174667,0.0028147560078650713,0.006717091429163702,0
b1658,b1660,0,0.026514284312725067,0.011282986029982567,0.006490605883300304,0.041955191642045975,0.06585564464330673,0.05473632737994194,0.007450819481164217,0.01592196896672249,0.08411967009305954,0.025817301124334335,0.03401447995565832,0
b1660,b1661,0,0.6720295548439026,0.8315109014511108,0.23902201652526855,0.7529000043869019,0.7085185050964355,0.8355591893196106,0.39130666851997375,0.7783958315849304,0.7166956663131714,0.7920824289321899,0.6718020766973496,1
b1661,b1663,0,0.029516717419028282,0.0681786760687828,0.05858500674366951,0.09888191521167755,0.0978863462805748,0.09730349481105804,0.041615139693021774,0.06377190351486206,0.12225156277418137,0.02612806297838688,0.07041188254952431,0
b1667,b1668,0,0.6860426664352417,0.6395783424377441,0.3105774521827698,0.6938531398773193,0.5243405699729919,0.393274188041687,0.3157554864883423,0.5570996403694153,0.7582045793533325,0.6128358840942383,0.5491561949253082,1
b1668,b1676,0,7.039180491119623e-05,0.0003503156767692417,0.0007181211840361357,0.0007019783952273428,0.002237939275801182,0.001871201442554593,3.81067038688343e-05,0.00014917293447069824,0.0007207920425571501,0.0011411737650632858,0.000799919322525966,0
b1676,b1677,0,0.0757538229227066,0.10141689330339432,0.005214812234044075,0.14024540781974792,0.11729270964860916,0.1443871557712555,0.03396059572696686,0.08968108147382736,0.10708325356245041,0.16040769219398499,0.09754434246569872,0
b1677,b1688,0,0.00043349884799681604,0.0011553746880963445,0.008961927145719528,0.0021928674541413784,0.007295829709619284,0.0026498413644731045,0.0002966240281239152,0.002991931512951851,0.0005026755970902741,0.011420389637351036,0.0037900959985563533,0
b1689,b1690,0,0.9673691987991333,0.8945179581642151,0.8027251958847046,0.9388567209243774,0.8194705247879028,0.858871340751648,0.9033321738243103,0.8691583275794983,0.9382445216178894,0.8916482925415039,0.8884194254875183,1
b1690,b1691,0,0.9776319265365601,0.8602424263954163,0.7938398718833923,0.8778650164604187,0.544299840927124,0.8797599673271179,0.9804899096488953,0.8014059066772461,0.6971806883811951,0.6013463139533997,0.8014061868190765,1
b1691,b1692,1,0.9369021654129028,0.9290561079978943,0.9171589016914368,0.8711217045783997,0.8036571741104126,0.8549676537513733,0.9254083037376404,0.9304071664810181,0.917334258556366,0.9112256765365601,0.8997239112854004,1
b1692,b1693,0,0.9838681817054749,0.9334251284599304,0.8106585144996643,0.9155436158180237,0.8429564237594604,0.9465052485466003,0.9324676394462585,0.9470698237419128,0.9324206113815308,0.9486490488052368,0.9193564236164093,1
b1693,b1694,0,0.8517534136772156,0.7319545149803162,0.34197238087654114,0.7670155167579651,0.6982195377349854,0.6067137718200684,0.896529495716095,0.8027182221412659,0.7081927061080933,0.679072916507721,0.7084142476320267,1
b1694,b1695,1,0.9963352680206299,0.9889720678329468,0.9687966108322144,0.9677416086196899,0.9489757418632507,0.9801777005195618,0.9817758202552795,0.967828094959259,0.9760969281196594,0.9810220003128052,0.9757721841335296,1
b1695,b1697,0,0.014368871226906776,0.006830298807471991,0.013089275918900967,0.013112276792526245,0.012063084170222282,0.020640186965465546,0.010824313387274742,0.005198108963668346,0.015084581449627876,0.004626436624675989,0.011583743430674077,0
b1697,b1698,1,0.987508237361908,0.9832348823547363,0.981219470500946,0.9706571698188782,0.9418847560882568,0.9813462495803833,0.9912511110305786,0.965690553188324,0.9822168946266174,0.9731706380844116,0.9758179962635041,1
b1698,b1699,1,0.9957863688468933,0.9859856367111206,0.9549362659454346,0.9860244393348694,0.9448003768920898,0.9619035124778748,0.9981865286827087,0.9668660163879395,0.9839361310005188,0.960534393787384,0.9738959670066833,1
b1699,b1700,1,0.9958624243736267,0.9948773980140686,0.9959775805473328,0.9738315939903259,0.987639844417572,0.990570068359375,0.99489825963974,0.9822648167610168,0.9989041090011597,0.9957514405250549,0.9910577535629272,1
b1700,b1701,1,0.8662834167480469,0.8050214648246765,0.6498594284057617,0.8711157441139221,0.7770912051200867,0.782133936882019,0.4763237535953522,0.7101648449897766,0.8191695213317871,0.8785901069641113,0.763575342297554,1
b1701,b1703,0,0.0008401289815083146,0.004178626462817192,0.0005532485083676875,0.009255455806851387,0.005506419111043215,0.011285444721579552,0.001502492930740118,0.0016302281292155385,0.005541212856769562,0.003957441076636314,0.004425069858552888,0
b1703,b1704,0,0.9302283525466919,0.8742198348045349,0.6118888258934021,0.9042256474494934,0.7371577620506287,0.9292293190956116,0.8305284976959229,0.9003564119338989,0.904252827167511,0.850951611995697,0.8473039090633392,1
b1704,b1705,0,0.2183854728937149,0.29397615790367126,0.14839234948158264,0.2869661748409271,0.3128553330898285,0.34615203738212585,0.08804934471845627,0.18275664746761322,0.39179450273513794,0.42483818531036377,0.26941662058234217,0
b1705,b4535,0,8.922014785639476e-06,4.09820640925318e-05,2.6255787815898657e-05,5.4331158025888726e-05,0.00014683914196211845,0.00016069009143393487,4.947934257870656e-07,3.160446067340672e-05,5.591157605522312e-05,2.787690027616918e-05,5.539079885465981e-05,0
b4535,b1723,0,0.008745111525058746,0.001544332248158753,0.001286940067075193,0.007037966046482325,0.013676406815648079,0.03258367255330086,0.0002890301984734833,0.006014957558363676,0.003862682729959488,0.010814678855240345,0.008585577859776095,0
b1723,b1724,0,0.40540480613708496,0.28052157163619995,0.36889100074768066,0.4797392785549164,0.4505951404571533,0.3668653964996338,0.15791915357112885,0.3246478736400604,0.5758964419364929,0.48776373267173767,0.3898244395852089,0
b1724,b1725,1,0.49350467324256897,0.5987772941589355,0.13383275270462036,0.6570556163787842,0.5230705142021179,0.7565589547157288,0.38710129261016846,0.43216583132743835,0.5681523680686951,0.7053626179695129,0.5255581915378571,1
b1725,b1727,0,0.0721973106265068,0.00994042493402958,0.013967671431601048,0.045310091227293015,0.050835318863391876,0.0846090018749237,0.0040483311749994755,0.08125228434801102,0.06284799426794052,0.022656140848994255,0.04476645695976913,0
b1727,b1728,0,0.687825620174408,0.6539162993431091,0.7279214859008789,0.6494638323783875,0.47596830129623413,0.49127164483070374,0.7603592276573181,0.6694626212120056,0.6267062425613403,0.5334526300430298,0.6276347905397415,1
b1728,b1729,0,0.6178704500198364,0.4645734429359436,0.2630338668823242,0.6101980209350586,0.5829868316650391,0.6938141584396362,0.34888431429862976,0.5622988939285278,0.5307674407958984,0.7179502844810486,0.5392377704381943,1
b1729,b1732,0,0.02796993963420391,0.01089002937078476,0.12011680752038956,0.03849111869931221,0.055307287722826004,0.04237399995326996,0.008870549499988556,0.01634296588599682,0.05025452747941017,0.025611646473407745,0.03962288722395897,0
b1732,b1740,0,4.1890161810442805e-05,0.00012342284026090056,1.0144356565433554e-05,0.0003474761324469,0.0012503964826464653,0.0014472550246864557,1.7735067103785696e-06,9.15357013582252e-05,0.0002743680670391768,0.0007434562430717051,0.0004331718516596084,0
b1740,b1741,0,0.69061279296875,0.588885486125946,0.4094746708869934,0.5070404410362244,0.4248877167701721,0.41955894231796265,0.28470635414123535,0.4871078431606293,0.5752391815185547,0.36984583735466003,0.4757359266281128,0
b1741,b1749,0,2.34129220189061e-05,0.00013007226516492665,6.885393668198958e-05,0.00016332947416231036,0.00043972476851195097,0.0006559559842571616,9.923644938680809e-06,4.791822357219644e-05,0.0002142394077964127,6.40234793536365e-05,0.00018174541064581718,0
b1759,b1761,0,0.05628247186541557,0.02134922333061695,0.002420684788376093,0.05241081863641739,0.07999726384878159,0.18806877732276917,0.007506850641220808,0.0412156879901886,0.0840032696723938,0.07868179678916931,0.061193684488534926,0
b1761,b1766,0,5.3656498494092375e-05,0.00026007756241597235,2.7280431822873652e-05,0.000572270539123565,0.0014560199342668056,0.001383701921440661,1.765102024364751e-05,0.00018832388741429895,0.0010817463044077158,0.00025907743838615716,0.0005299805538015789,0
b1766,b1767,0,0.22655177116394043,0.6732701063156128,0.6954603791236877,0.6150151491165161,0.6380174160003662,0.36424389481544495,0.5434881448745728,0.34212934970855713,0.8639698028564453,0.6027929782867432,0.5564938992261886,1
b1767,b1768,1,0.9946431517601013,0.9937410950660706,0.9856932163238525,0.9890837669372559,0.9838476777076721,0.9908908605575562,0.9965702891349792,0.9799996018409729,0.9974879622459412,0.9932419657707214,0.9905199587345124,1
b1768,b1779,0,0.0003495293785817921,0.0015228827251121402,0.016360098496079445,0.0024954548571258783,0.005578502081334591,0.001851740526035428,0.00017000771185848862,0.0015774867497384548,0.0006526557262986898,0.007335638161748648,0.0037893996413913555,0
b1779,b1780,0,0.948233962059021,0.7171124815940857,0.24005772173404694,0.8239071369171143,0.8246678113937378,0.9431442022323608,0.956974446773529,0.8574118614196777,0.8557504415512085,0.9195080995559692,0.8086768165230751,1
b1780,b1783,0,0.001002251636236906,0.004664460197091103,0.003098976332694292,0.006608940660953522,0.009767037816345692,0.011149080470204353,0.009321846067905426,0.006006203126162291,0.010850607417523861,0.0016349101206287742,0.006410431384574622,0
b1783,b1784,1,0.9927695989608765,0.9791773557662964,0.9796803593635559,0.9849929809570312,0.9619207382202148,0.978091299533844,0.9947448372840881,0.9752010107040405,0.9898078441619873,0.985908567905426,0.9822294592857361,1
b1784,b1785,0,0.9212140440940857,0.8785894513130188,0.6211971044540405,0.7965443134307861,0.8210097551345825,0.8919001221656799,0.9665550589561462,0.8374587297439575,0.8095795512199402,0.8887208104133606,0.8432768940925598,1
b1785,b1786,0,0.8254894018173218,0.9170648455619812,0.46021199226379395,0.8642565011978149,0.8607470989227295,0.8573194742202759,0.9259259104728699,0.785790741443634,0.7866577506065369,0.8808692693710327,0.8164332985877991,1
b1786,b1787,0,0.8643748164176941,0.721078634262085,0.2157946079969406,0.7474552392959595,0.7091822028160095,0.7295727133750916,0.5862628221511841,0.819472074508667,0.740430474281311,0.8520604372024536,0.6985684022307396,1
b1787,b1789,0,0.138313889503479,0.07565020769834518,0.029714016243815422,0.15384899079799652,0.16713570058345795,0.15663035213947296,0.013804229907691479,0.11732853204011917,0.2003844678401947,0.08938782662153244,0.11421982133761048,0
b1789,b1791,0,0.007244077976793051,0.009551798924803734,0.014639662578701973,0.029137279838323593,0.046561308205127716,0.024511123076081276,0.011694316752254963,0.01464894600212574,0.07567399740219116,0.004672356881201267,0.023833486763760448,0
b1791,b1792,0,0.6337355971336365,0.6481204032897949,0.2315508872270584,0.7087113261222839,0.5529637932777405,0.741707980632782,0.6276606917381287,0.6373341679573059,0.6495876908302307,0.7754999399185181,0.620687247812748,1
b1792,b1794,0,0.1411130130290985,0.0541427843272686,0.08995038270950317,0.11327142268419266,0.06575506925582886,0.07542233169078827,0.13169915974140167,0.13251380622386932,0.15619121491909027,0.023289836943149567,0.09833490215241909,0
b1800,b1801,0,0.5211426615715027,0.43230947852134705,0.6206368803977966,0.6065040230751038,0.545608401298523,0.3838649094104767,0.44615378975868225,0.44779372215270996,0.6729759573936462,0.5339156985282898,0.5210905522108078,1
b1801,b1802,1,0.9683898091316223,0.9675537347793579,0.9646481275558472,0.9523247480392456,0.8816711902618408,0.9696704745292664,0.9669585824012756,0.9574314951896667,0.9572109580039978,0.9203516840934753,0.9506210803985595,1
b1802,b1803,1,0.8565030694007874,0.820202112197876,0.4116913378238678,0.894501805305481,0.8627927899360657,0.7432565093040466,0.7344108819961548,0.7594688534736633,0.9100155830383301,0.9101579785346985,0.7903000921010971,1
b1803,b1809,0,1.3702848264074419e-05,8.29097771202214e-05,1.2920771951030474e-05,0.000157535367179662,0.000524309347383678,0.0003443331515882164,3.085701791860629e-06,1.811032598197926e-05,0.0001156931757577695,6.477682472905144e-05,0.00013373772917475436,0
b1809,b1810,0,0.0230467077344656,0.006816978100687265,0.01830008253455162,0.026024848222732544,0.05996016040444374,0.05475471168756485,0.004129029810428619,0.011591099202632904,0.03897993266582489,0.023525243625044823,0.026712879398837687,0
b1810,b1812,0,0.7207561731338501,0.6517981290817261,0.39223095774650574,0.7434378266334534,0.47588449716567993,0.36503922939300537,0.5119878053665161,0.6289026737213135,0.5854421854019165,0.35764017701148987,0.5433119654655456,1
b1812,b1813,1,0.9874534606933594,0.99116450548172,0.9541528820991516,0.9647260904312134,0.9560772776603699,0.961166262626648,0.9496172070503235,0.977492094039917,0.983041524887085,0.9829436540603638,0.9707834959030152,1
b1813,b1814,0,0.35799428820610046,0.5132771730422974,0.02598404511809349,0.6129000186920166,0.5307585597038269,0.8105769157409668,0.5599068403244019,0.36626866459846497,0.45728549361228943,0.7150031328201294,0.4949955131858587,0
b1814,b1815,0,0.9899765253067017,0.9534147381782532,0.8733300566673279,0.9509575366973877,0.8585902452468872,0.933447539806366,0.9484325051307678,0.9162778854370117,0.9594240188598633,0.9293370842933655,0.9313188135623932,1
b1815,b1817,0,0.0011873161420226097,0.0028149704448878765,0.0001052867082762532,0.008194453082978725,0.010806824080646038,0.020447365939617157,0.0005503209540620446,0.0014130971394479275,0.0037135351449251175,0.009587137028574944,0.0058820306665438695,0
b1817,b1818,1,0.99470055103302,0.9911491274833679,0.9617374539375305,0.9848697185516357,0.9729834794998169,0.9902768731117249,0.9966074228286743,0.9818340539932251,0.9967916011810303,0.9894900321960449,0.986044031381607,1
b1818,b1819,1,0.9978011250495911,0.9969038963317871,0.9980618357658386,0.9917193055152893,0.9839194416999817,0.9950762391090393,0.9978605508804321,0.9916291236877441,0.9982346296310425,0.9943726658821106,0.9945578813552857,1
b1819,b1820,0,0.9046582579612732,0.8062036633491516,0.678106427192688,0.9031108021736145,0.8522462844848633,0.7029560208320618,0.863497793674469,0.7799485921859741,0.784635603427887,0.8496723771095276,0.812503582239151,1
b1820,b1821,0,0.03548070043325424,0.031556956470012665,0.023602666333317757,0.05632772296667099,0.05215582251548767,0.052957870066165924,0.007332907058298588,0.030815059319138527,0.07925445586442947,0.03033413551747799,0.039981829654425385,0
b1821,b4536,0,4.9257869250141084e-05,0.00019877427257597446,0.0012618402251973748,0.00048060863628052175,0.00205205543898046,0.001045848592184484,6.191932698129676e-06,0.00012476183474063873,0.0003408593765925616,0.0015865269815549254,0.0007146725160055212,0
b4536,b1828,0,0.0005241795442998409,0.0013535976177081466,0.004902790300548077,0.002996329450979829,0.007778954226523638,0.0037187854759395123,0.0006293218466453254,0.0009122764458879828,0.005859846714884043,0.0016378851141780615,0.0030313966737594454,0
b1828,b1833,0,0.00048061736742965877,0.0014511854387819767,0.0003096549480687827,0.0017116577364504337,0.0020393189042806625,0.007973294705152512,0.0009220343199558556,0.0006957243313081563,0.0027839113026857376,0.0009849931811913848,0.001935239223530516,0
b1833,b1834,1,0.9973928332328796,0.9971712827682495,0.9973893761634827,0.982420027256012,0.9851705431938171,0.987115740776062,0.9986981749534607,0.9903695583343506,0.9982341527938843,0.9941650032997131,0.9928126692771911,1
b1834,b1835,0,0.9506821036338806,0.9457655549049377,0.8865499496459961,0.9128885269165039,0.9333312511444092,0.6339144110679626,0.9051698446273804,0.8359373807907104,0.9471495151519775,0.9076758623123169,0.8859064400196075,1
b1835,b1836,0,0.5801836848258972,0.9358147978782654,0.22465702891349792,0.8944827318191528,0.8784545660018921,0.7795913815498352,0.8284187912940979,0.797818124294281,0.8171873092651367,0.9009031057357788,0.7637511521577836,1
b1836,b1837,0,0.2267904132604599,0.18498268723487854,0.02369930036365986,0.11920368671417236,0.1339411586523056,0.05907423049211502,0.0718769058585167,0.05817975103855133,0.17726433277130127,0.052956581115722656,0.11079690475016832,0
b1842,b1843,0,0.6539081335067749,0.7041710615158081,0.04872864857316017,0.7412306666374207,0.5590934753417969,0.7344930171966553,0.43849977850914,0.6366883516311646,0.6613670587539673,0.7426003217697144,0.5920780513435602,1
b1843,b1844,0,0.9958487749099731,0.9834169745445251,0.9396010637283325,0.9542543292045593,0.9456034302711487,0.9667949080467224,0.8762165307998657,0.9659073948860168,0.9713311791419983,0.9768979549407959,0.9575872540473938,1
b1844,b1849,0,7.998474029591307e-05,5.974720261292532e-05,2.8224787456565537e-05,0.000228604520088993,0.001040482078678906,0.0011445018462836742,4.8844717639440205e-06,9.93011926766485e-05,0.000492428953293711,0.0002066286251647398,0.00033847884183160206,0
b1849,b1853,0,0.00016655288345646113,0.0003298695955891162,7.644746074220166e-05,0.0004706702893599868,0.001051268307492137,0.0023799717891961336,0.000100175995612517,0.00016294355737045407,0.0006605610251426697,0.0003322538104839623,0.0005730714714445639,0
b1853,b1854,0,0.937535285949707,0.7578614950180054,0.3121696412563324,0.8635836839675903,0.8044267892837524,0.8458015322685242,0.7549393773078918,0.8513742685317993,0.813910722732544,0.9235818386077881,0.7865184634923935,1
b1854,b1858,0,0.003929520025849342,0.0013814418343827128,0.0010170587338507175,0.007965347729623318,0.0068333204835653305,0.007663509342819452,5.951746425125748e-05,0.0019566677510738373,0.006255246698856354,0.002157046226784587,0.003921867629105691,0
b1858,b1859,1,0.9968761205673218,0.9968241453170776,0.9973011612892151,0.9830654859542847,0.9892410635948181,0.9891704320907593,0.9974812865257263,0.988388180732727,0.9987065196037292,0.9955999255180359,0.9932654321193695,1
b1859,b1862,0,0.0005684190546162426,0.0012506537605077028,0.0010654325596988201,0.002518721390515566,0.003025716869160533,0.004288175608962774,0.0012291610473766923,0.0010467113461345434,0.006586515810340643,0.0003907839418388903,0.002197029138915241,0
b1862,b1867,0,4.407787128002383e-05,0.0005892455810680985,9.037048585014418e-05,0.00045800238149240613,0.0007565467385575175,0.0013616409851238132,8.344453817699105e-05,0.0001545342238387093,0.0013002853374928236,0.00013828955707140267,0.000497643769995193,0
b1867,b1868,1,0.9968824982643127,0.9962047338485718,0.9965335726737976,0.982987642288208,0.987658679485321,0.9864205718040466,0.9976863861083984,0.9874462485313416,0.9983649849891663,0.9947526454925537,0.9924937963485718,1
b1868,b1869,0,0.7588242888450623,0.78896164894104,0.28096869587898254,0.7598074078559875,0.7728561758995056,0.8176302909851074,0.714137077331543,0.7432092428207397,0.7441128492355347,0.8416560292243958,0.7222163707017899,1
b1869,b1870,1,0.9957675933837891,0.9902381300926208,0.9797117114067078,0.990906298160553,0.9772533178329468,0.9764170050621033,0.9965107440948486,0.9816840887069702,0.9941366910934448,0.9837114810943604,0.9866337060928345,1
b1870,b1871,1,0.9971548914909363,0.996380090713501,0.9964920878410339,0.9802581071853638,0.9882815480232239,0.9882439970970154,0.9980365037918091,0.9871026873588562,0.9986878037452698,0.995499312877655,0.9926137030124664,1
b1871,b1876,0,0.0002591530792415142,0.00022852065740153193,0.004259844310581684,0.0010990315349772573,0.0026883319951593876,0.005006871651858091,4.9306552682537585e-05,0.00031911840778775513,0.0016145610716193914,0.0009562865598127246,0.0016481025821121875,0
b1876,b1877,0,0.8034905791282654,0.6676709055900574,0.8118029236793518,0.7059329748153687,0.6393259763717651,0.6804129481315613,0.8483328223228455,0.6595542430877686,0.6758730411529541,0.7374742031097412,0.7229870617389679,1
b1877,b1895,0,3.6886779071210185e-06,1.3049571862211451e-05,4.820564299734542e-06,2.259374196000863e-05,0.0002426665014354512,8.882204565452412e-05,3.742098897419055e-07,1.6632311599096283e-05,4.953503594151698e-05,2.29746729019098e-05,4.6515733345131594e-05,0
b1895,b1902,0,2.4033955924096517e-05,9.028004569699988e-05,0.003224977059289813,0.0001063721501850523,0.0008514415239915252,0.0006192590808495879,8.951639756560326e-06,6.556166044902056e-05,0.00014457246288657188,0.00032851501600816846,0.0005463964595037396,0
b1902,b1904,0,0.02719583734869957,0.012089583091437817,0.0018322617979720235,0.033912770450115204,0.032699745148420334,0.06708662956953049,0.003033609827980399,0.041834667325019836,0.03174750134348869,0.009905113838613033,0.02613377197412774,0
b1904,b1905,0,0.057169705629348755,0.07982028275728226,0.015764588490128517,0.13446910679340363,0.11121758073568344,0.24740594625473022,0.03969118371605873,0.10890915989875793,0.09437600523233414,0.15155810117721558,0.10403816606849432,0
b1905,b1907,0,0.4823053181171417,0.27219003438949585,0.11226300150156021,0.2918313443660736,0.1836865395307541,0.13409413397312164,0.11856744438409805,0.3778892755508423,0.2559853792190552,0.11529504507780075,0.23441075161099434,0
b1907,b1915,0,2.7709656933438964e-05,0.00010947589908028021,6.273316830629483e-05,0.00023134209914132953,0.0006331715267151594,0.0004009745898656547,2.2446780349127948e-05,5.809969297843054e-05,0.0002653833362273872,0.00012888209312222898,0.00019402188427193324,0
b1915,b1924,0,6.588491032744059e-06,7.780481973895803e-05,1.1316143172734883e-05,7.925729005364701e-05,0.0003445337642915547,0.0004596009384840727,5.631754902424291e-06,3.114750506938435e-05,0.00020690602832473814,6.201428914209828e-05,0.00012848010242123565,0
b1924,b1925,1,0.9942237138748169,0.9879940748214722,0.9730802178382874,0.9795914888381958,0.9631834626197815,0.9859386682510376,0.991856038570404,0.978302538394928,0.9896395802497864,0.9806204438209534,0.9824430227279664,1
b1925,b1926,1,0.9974794983863831,0.9966149926185608,0.997203528881073,0.9784549474716187,0.9897732734680176,0.9895685911178589,0.9971804618835449,0.9865581393241882,0.9989125728607178,0.9961808919906616,0.9927926898002625,1
b1926,b1927,0,0.7855930328369141,0.7912055253982544,0.2877415716648102,0.8045275807380676,0.7991669774055481,0.7617381811141968,0.7448892593383789,0.7901732325553894,0.8501469492912292,0.9148538708686829,0.7530036181211471,1
b1927,b1929,0,0.01978335529565811,0.01766308583319187,0.11782439798116684,0.04288462549448013,0.0635712593793869,0.03758898004889488,0.2842628061771393,0.015402712859213352,0.05989774316549301,0.01191141176968813,0.06707903780043126,0
b1929,b1930,1,0.9967153072357178,0.9949221611022949,0.9968588352203369,0.9701970815658569,0.9907474517822266,0.9923720359802246,0.992992639541626,0.9820942878723145,0.999119758605957,0.9971132874488831,0.9913132846355438,1
b1930,b1931,0,0.29899483919143677,0.26478421688079834,0.13139556348323822,0.2963634729385376,0.3524543046951294,0.14828355610370636,0.12057758867740631,0.19174356758594513,0.4973549246788025,0.23221233487129211,0.25341643691062926,0
b1931,b1932,0,0.8773933053016663,0.7151408791542053,0.11818765848875046,0.6294223070144653,0.5591545701026917,0.6535159945487976,0.26337718963623047,0.4819423258304596,0.7697952389717102,0.654344916343689,0.5722274385392666,1
b1932,b1938,0,0.0006150297704152763,0.0005254921270534396,0.0026309879031032324,0.0028857258148491383,0.005185985006392002,0.005956055596470833,0.00030016095843166113,0.0008742152131162584,0.003945986274629831,0.0014866366982460022,0.0024406275362707673,0
b1938,b1939,1,0.9975255131721497,0.9971662163734436,0.997624397277832,0.9788728356361389,0.9896843433380127,0.9906817674636841,0.9964180588722229,0.9882152676582336,0.9989016056060791,0.9959258437156677,0.9931015849113465,1
b1939,b1940,1,0.9972930550575256,0.9967676997184753,0.9966025352478027,0.9771084189414978,0.9892997741699219,0.9897043704986572,0.9966410398483276,0.987404465675354,0.9988341927528381,0.9956852197647095,0.992534077167511,1
b1940,b1941,1,0.9975725412368774,0.996799647808075,0.9962476491928101,0.9819151759147644,0.9858372211456299,0.9862136244773865,0.9985830783843994,0.9885965585708618,0.9983453750610352,0.9946787357330322,0.9924789607524872,1
b1941,b1942,1,0.9922012090682983,0.9863696098327637,0.973518431186676,0.9744915962219238,0.9577383399009705,0.9762110710144043,0.9934718012809753,0.9617411494255066,0.984694242477417,0.9782535433769226,0.9778690993785858,1
b1942,b1943,1,0.9973832964897156,0.9970890283584595,0.9968815445899963,0.9835209846496582,0.9845726490020752,0.9864224195480347,0.998928427696228,0.9902856349945068,0.9982127547264099,0.9944217205047607,0.9927718460559845,1
b1943,b1944,0,0.917833149433136,0.9418102502822876,0.5573979020118713,0.9395081996917725,0.8478753566741943,0.9339520335197449,0.9556869268417358,0.8189849853515625,0.898163914680481,0.9282694458961487,0.8739482164382935,1
b1944,b1945,1,0.9638493657112122,0.9713901281356812,0.9618110656738281,0.9630671143531799,0.8835176229476929,0.9308236241340637,0.9936541318893433,0.9558982253074646,0.9403982758522034,0.9369203448295593,0.9501329898834229,1
b1945,b1946,1,0.9971450567245483,0.9962632060050964,0.9965436458587646,0.9751824140548706,0.9896189570426941,0.990581750869751,0.9954699873924255,0.9850894808769226,0.9989421963691711,0.9960706830024719,0.9920907378196716,1
b1946,b1947,1,0.9978669881820679,0.99538654088974,0.9799742698669434,0.9786964654922485,0.9717391133308411,0.9857704043388367,0.9942479729652405,0.9872196316719055,0.9941232800483704,0.9838761687278748,0.9868900835514068,1
b1947,b1948,1,0.9968695640563965,0.9964138269424438,0.9968271255493164,0.9831570982933044,0.9870490431785583,0.9868635535240173,0.9984502196311951,0.988196611404419,0.9985488653182983,0.9951872825622559,0.9927563190460205,1
b1948,b1949,1,0.9528833031654358,0.9638071060180664,0.5968583822250366,0.9389814138412476,0.8839406967163086,0.955666184425354,0.963969349861145,0.9383094310760498,0.9637436270713806,0.9031246900558472,0.9061284184455871,1
b1949,b1950,1,0.6149324178695679,0.8988591432571411,0.8233229517936707,0.8796828985214233,0.8620098829269409,0.8647255897521973,0.7982577681541443,0.8449217677116394,0.8883522748947144,0.8734408020973206,0.834850549697876,1
b1950,b1951,0,0.04786001145839691,0.03689303621649742,0.032231785356998444,0.12102001160383224,0.07053770869970322,0.127191424369812,0.005127288866788149,0.06398318707942963,0.08134748041629791,0.09568199515342712,0.06818739292211831,0
b1951,b1953,0,0.01901264116168022,0.014863047748804092,0.014936207793653011,0.04838772118091583,0.04367363452911377,0.0772482380270958,0.009867389686405659,0.018504852429032326,0.030976472422480583,0.012814626097679138,0.02902848310768604,0
b1953,b1955,0,0.2429213970899582,0.25770410895347595,0.3067338764667511,0.36654457449913025,0.20884227752685547,0.261945903301239,0.16421273350715637,0.1649509221315384,0.3379533886909485,0.22486507892608643,0.253667426109314,0
b1955,b1959,0,0.00013622482947539538,0.0003726902650669217,0.0002193602704210207,0.0014172601513564587,0.0020469760056585073,0.0023919858504086733,0.002463750308379531,0.0009272816241718829,0.002582515124231577,0.00019191837054677308,0.0012749962799716741,0
b1967,b1970,0,0.00037515704752877355,0.0006935473065823317,0.0003589369298424572,0.004523209296166897,0.005673873703926802,0.00401011947542429,0.0006040760781615973,0.001497088116593659,0.0074013108387589455,0.0006374657968990505,0.0025774784589884803,0
b1970,b1971,0,0.32125124335289,0.9169648289680481,0.38910916447639465,0.8083105683326721,0.7408412098884583,0.6120246648788452,0.8329140543937683,0.5340578556060791,0.7075499892234802,0.789341926574707,0.6652365505695343,1
b1971,b1972,1,0.9976286888122559,0.9959863424301147,0.9974914193153381,0.9751105308532715,0.9900652766227722,0.989917516708374,0.9959165453910828,0.9843702912330627,0.9989054203033447,0.9963335990905762,0.9921725630760193,1
b1972,b1973,0,0.13699811697006226,0.11302461475133896,0.13404704630374908,0.18456237018108368,0.1440223753452301,0.24213561415672302,0.0318712554872036,0.11304646730422974,0.26130783557891846,0.1223277822136879,0.14833434782922267,0
b1973,b1974,0,0.033081043511629105,0.02791690081357956,0.11655533313751221,0.09740389138460159,0.09702669829130173,0.11601725965738297,0.013441280461847782,0.0403125137090683,0.1557805836200714,0.041258879005908966,0.07387943835929037,0
b1974,b1976,0,0.0021713741589337587,0.002835402498021722,0.0007865892839618027,0.010226038284599781,0.015437919646501541,0.01721908710896969,0.00018556091526988894,0.004464250057935715,0.009922534227371216,0.009811656549572945,0.007306041273113806,0
b1978,b1981,0,0.07619014382362366,0.20081312954425812,0.00928037241101265,0.3283250331878662,0.21439705789089203,0.2620624303817749,0.11347535252571106,0.13000917434692383,0.22409306466579437,0.23358891904354095,0.17922346778213977,0
b1981,b1982,0,0.6964805722236633,0.6348211765289307,0.08705642074346542,0.7031989693641663,0.7334955930709839,0.7363157868385315,0.583477258682251,0.58653724193573,0.6846645474433899,0.7918012142181396,0.6237848781049251,1
b1982,b1983,0,0.2549174427986145,0.23116382956504822,0.3852677345275879,0.1881903111934662,0.21257930994033813,0.33705297112464905,0.39685046672821045,0.2568500339984894,0.27942338585853577,0.22507567703723907,0.27673711627721786,0
b2000,b2001,0,0.995637059211731,0.9771119952201843,0.9250646829605103,0.9662296175956726,0.8930103778839111,0.9508872032165527,0.9693698287010193,0.9352152943611145,0.9789665341377258,0.9594133496284485,0.955090594291687,1
b2001,b2002,1,0.9973853230476379,0.9926705956459045,0.9963109493255615,0.9741883277893066,0.9900209307670593,0.9915927052497864,0.9947159886360168,0.9819884896278381,0.9990032911300659,0.9963589310646057,0.9914235532283783,1
b2002,b2003,1,0.8402459025382996,0.8816943168640137,0.7547468543052673,0.850892186164856,0.7181990742683411,0.8983134031295776,0.8644248247146606,0.849285364151001,0.8548412919044495,0.8101129531860352,0.8322756171226502,1
b2003,b2004,1,0.9283603429794312,0.9072729349136353,0.7964593172073364,0.924202561378479,0.7940524220466614,0.8239924311637878,0.9497268795967102,0.9232462644577026,0.9096240401268005,0.8358235955238342,0.8792760789394378,1
b2004,b2005,1,0.7843642234802246,0.7343009114265442,0.7525386810302734,0.8456966876983643,0.6527156829833984,0.7335172891616821,0.8085511326789856,0.594761848449707,0.790570080280304,0.7830165028572083,0.7480033040046692,1
b2005,b2011,0,3.995152292191051e-05,0.00010720634600147605,0.00044309510849416256,0.00020521244732663035,0.0017600934952497482,0.0009632316650822759,2.1765290512121283e-06,8.270778198493645e-05,0.00034216736094094813,0.0011942931450903416,0.0005140135402143641,0
b2011,b2018,0,2.8457843654905446e-05,8.178405551007017e-05,1.4759630175831262e-05,0.00019120128126814961,0.0005223355256021023,0.0005180446314625442,1.1024761988664977e-05,8.759566117078066e-05,0.00027490692446008325,8.834672189550474e-05,0.00018184570371886365,0
b2018,b2019,1,0.1081397756934166,0.04409122094511986,0.0105466078966856,0.0848875567317009,0.2764798700809479,0.1537719964981079,0.010347637347877026,0.06555420160293579,0.1214553713798523,0.1982688456773758,0.10735430838540197,0
b2019,b2020,1,0.9949643015861511,0.9927309155464172,0.9880771040916443,0.9851107597351074,0.9640414714813232,0.9875902533531189,0.996940016746521,0.9816411137580872,0.991868793964386,0.9871650338172913,0.9870129764080048,1
b2020,b2021,1,0.9969824552536011,0.9973593950271606,0.9976614117622375,0.9822250008583069,0.9900676608085632,0.990818440914154,0.9974735379219055,0.9892858862876892,0.9989055395126343,0.9958073496818542,0.9936586678028106,1
b2021,b2022,1,0.9967698454856873,0.9974992275238037,0.9978504776954651,0.9834903478622437,0.9891598224639893,0.990544855594635,0.9980197548866272,0.9900754690170288,0.9987694621086121,0.9953595399856567,0.9937538802623749,1
b2022,b2023,1,0.9963711500167847,0.996651828289032,0.9972394108772278,0.9802807569503784,0.9905184507369995,0.9908634424209595,0.9961177110671997,0.9865714311599731,0.9989609122276306,0.9960837364196777,0.9929658830165863,1
b2023,b2024,1,0.9972851872444153,0.9971690773963928,0.9976134896278381,0.9827075004577637,0.9884940385818481,0.9889956712722778,0.9979795217514038,0.9896466732025146,0.9986687898635864,0.995409369468689,0.993396931886673,1
b2024,b2025,1,0.9977282285690308,0.9973388314247131,0.9971895217895508,0.9805154800415039,0.9891042709350586,0.9902778267860413,0.9979299306869507,0.9893746376037598,0.9987912178039551,0.9955949783325195,0.9933844923973083,1
b2025,b2026,1,0.9972023367881775,0.9972193241119385,0.9975926280021667,0.9812415838241577,0.9897837042808533,0.9906423687934875,0.9971989989280701,0.9887968301773071,0.9988721013069153,0.9958523511886597,0.9934402227401733,1
b2026,b2063,0,1.5036128388601355e-05,3.576017843442969e-05,9.52361078816466e-05,6.211176514625549e-05,0.0005092414212413132,0.00033770149457268417,5.409685854829149e-07,2.0529390894807875e-05,0.00015347455337177962,0.00014627697237301618,0.0001375908980890017,0
b2063,b2067,0,0.0003651783335953951,0.002329458249732852,0.00020041110110469162,0.0030527752824127674,0.007179675158113241,0.0029403793159872293,0.00010108501010108739,0.0009377179085277021,0.006547546945512295,0.0016046315431594849,0.0025258858848246747,0
b2067,b2069,0,0.030478276312351227,0.01738470420241356,0.008761771954596043,0.050603631883859634,0.1965743452310562,0.05317414924502373,0.03866171836853027,0.02764885127544403,0.05776466056704521,0.01745888590812683,0.049851099494844675,0
b2069,b2071,0,0.0008660964667797089,0.0008870819001458585,0.00033695666934363544,0.004838925786316395,0.007828493602573872,0.008664281107485294,0.000973733956925571,0.0019611469469964504,0.005182777531445026,0.002107848646119237,0.003364734261413105,0
b2074,b2075,1,0.9969452619552612,0.9963534474372864,0.9969930648803711,0.9847463965415955,0.9846707582473755,0.9853836297988892,0.9986518621444702,0.9905205368995667,0.9979730844497681,0.9940429925918579,0.9926281034946441,1
b2075,b2076,1,0.9972886443138123,0.9971822500228882,0.9977132678031921,0.9821077585220337,0.9890472888946533,0.9895976185798645,0.9976236820220947,0.989538848400116,0.9987749457359314,0.9955315589904785,0.9934405863285065,1
b2076,b2077,1,0.9974462389945984,0.9965168237686157,0.9975184202194214,0.9794270992279053,0.9898455142974854,0.9911226630210876,0.9959246516227722,0.9870175719261169,0.9989728331565857,0.9962445497512817,0.993003636598587,1
b2077,b2078,1,0.9978057742118835,0.9972699880599976,0.9977351427078247,0.9799320697784424,0.9886967539787292,0.9894357323646545,0.9976136088371277,0.9890660643577576,0.9987629652023315,0.9957919120788574,0.9932110011577606,1
b2078,b2079,1,0.9977639317512512,0.9971676468849182,0.9971922636032104,0.9750388264656067,0.9902881979942322,0.9919742941856384,0.9962478876113892,0.9865622520446777,0.9990482926368713,0.9964868426322937,0.9927770435810089,1
b2079,b2080,0,0.38392677903175354,0.34563907980918884,0.10105033963918686,0.3322005271911621,0.28731435537338257,0.43041759729385376,0.19454631209373474,0.5909134149551392,0.5916333794593811,0.24139291048049927,0.3499034695327282,0
b2080,b2081,0,0.5697110891342163,0.5449948310852051,0.07317514717578888,0.7629180550575256,0.6881237030029297,0.830592930316925,0.50288987159729,0.5716133713722229,0.6067563891410828,0.8573318123817444,0.600810720026493,1
b2086,b2088,0,0.024856507778167725,0.018614940345287323,0.0432438887655735,0.03646793216466904,0.03741318732500076,0.04191505163908005,0.01869290880858898,0.03954417631030083,0.021416256204247475,0.033679746091365814,0.03158445954322815,0
b2088,b2089,1,0.995463490486145,0.9965130090713501,0.9954581260681152,0.9835372567176819,0.9811471700668335,0.9843000769615173,0.9987823963165283,0.9869676828384399,0.997326135635376,0.9929518699645996,0.9912447214126587,1
b2089,b2098,0,0.00027101323939859867,0.00024191569536924362,6.548374221893027e-05,0.0003102725313510746,0.0005802391096949577,0.002558066276833415,4.824358256882988e-05,0.00014764617662876844,0.0005936473608016968,0.00021883883164264262,0.0005035366546508157,0
b2098,b2099,1,0.9974201917648315,0.9976162314414978,0.9982231855392456,0.9830697774887085,0.99016273021698,0.9914995431900024,0.9973070621490479,0.9901236295700073,0.9989745020866394,0.9961116313934326,0.9940508484840394,1
b2099,b2100,1,0.9972975850105286,0.9974291920661926,0.9972268342971802,0.9816150069236755,0.9896048903465271,0.9903748631477356,0.997786283493042,0.9892198443412781,0.9988758563995361,0.9959614276885986,0.9935391783714295,1
b2100,b2106,0,3.489476512186229e-05,0.00013100431533530354,3.7316229281714186e-05,0.00044662118307314813,0.0011291680857539177,0.002146434271708131,0.00015565429930575192,0.0005722650676034391,0.0012217863695695996,0.000142849690746516,0.0006017994277499383,0
b2106,b2107,0,0.0406499058008194,0.16345645487308502,0.02437649480998516,0.17846249043941498,0.15251362323760986,0.25329476594924927,0.08920098841190338,0.06723549962043762,0.15833911299705505,0.20047616958618164,0.13280055057257414,0
b2107,b2114,0,6.717553333146498e-05,0.00010974126780638471,0.0034342389553785324,0.00031095658778212965,0.0016177265206351876,0.001396382343955338,2.5729059416335076e-06,7.002919301157817e-05,0.0005693020648323,0.000598931044805795,0.0008177056417480344,0
b2114,b2118,0,0.21610024571418762,0.043670687824487686,0.02647276408970356,0.11145739257335663,0.08640758693218231,0.06334497779607773,0.0935584008693695,0.18996912240982056,0.054920557886362076,0.05051558092236519,0.09364173170179128,0
b2118,b4541,1,0.9680637121200562,0.9598560333251953,0.9849244356155396,0.940276563167572,0.8164419531822205,0.9733067750930786,0.9789661169052124,0.9044895768165588,0.9168096780776978,0.9217485189437866,0.9364883363246918,1
b4541,b2119,0,0.0035457652993500233,0.0060372985899448395,0.007484911009669304,0.021824270486831665,0.034718338400125504,0.032802142202854156,0.00043940270552411675,0.0067100003361701965,0.02607681229710579,0.037408456206321716,0.01770473975338973,0
b2119,b2120,1,0.9949907064437866,0.9826913475990295,0.9685106873512268,0.9783974885940552,0.9015969634056091,0.9782063961029053,0.9953421354293823,0.9724991321563721,0.9651145935058594,0.9498726725578308,0.9687222123146058,1
b2120,b2121,1,0.9975141286849976,0.9971258044242859,0.9977353811264038,0.9790025949478149,0.9902603626251221,0.9914385080337524,0.9958807229995728,0.987425684928894,0.9990135431289673,0.9963158965110779,0.9931712627410889,1
b2121,b2123,0,0.0020257390569895506,0.0006452755187638104,8.145506581058726e-05,0.002090051770210266,0.0036900562699884176,0.00535312807187438,0.0022377262357622385,0.0022568025160580873,0.00265806564129889,0.0014218931319192052,0.002246019327867543,0
b2123,b2127,0,0.00018125040514860302,0.0003305962309241295,0.00012230584979988635,0.00041230968781746924,0.0008103600121103227,0.0011634163092821836,0.000552295648958534,0.0005322997458279133,0.0004708255873993039,0.00011898318189196289,0.00046946426591603084,0
b2127,b4542,0,0.817565381526947,0.780441164970398,0.3556014597415924,0.8503141403198242,0.7715350389480591,0.5857146978378296,0.47137904167175293,0.5994977355003357,0.8623241782188416,0.8569120168685913,0.6951284855604172,1
b4542,b2133,0,3.826748434221372e-05,8.336309838341549e-05,0.00012382575368974358,0.0002748283150140196,0.0015317747602239251,0.0013178129447624087,1.36408698381274e-06,5.3215055231703445e-05,0.00035203047445975244,0.000504075491335243,0.0004280557464426238,0
b2133,b2136,0,0.005087485071271658,0.0027637791354209185,0.002941279672086239,0.015662847086787224,0.03180057927966118,0.02384050190448761,0.0008581791189499199,0.008206269703805447,0.021746376529335976,0.008622848428785801,0.012153014593059197,0
b2141,b2142,1,0.9967760443687439,0.9974769949913025,0.9978229999542236,0.9862223267555237,0.9872341752052307,0.9886077642440796,0.9985347390174866,0.9923596978187561,0.9984647631645203,0.9945893287658691,0.9938088834285737,1
b2142,b2143,0,0.3881840109825134,0.3684327006340027,0.07764407992362976,0.4329751431941986,0.4436008632183075,0.23964814841747284,0.250923752784729,0.1217670887708664,0.4764426052570343,0.5342751741409302,0.33338935673236847,0
b2143,b2144,0,0.35460278391838074,0.1857382208108902,0.33758801221847534,0.39294785261154175,0.4236375391483307,0.2738262414932251,0.13338977098464966,0.18732425570487976,0.5296618342399597,0.206150084733963,0.3024866595864296,0
b2144,b2145,1,0.9979502558708191,0.997321367263794,0.9943293333053589,0.991961658000946,0.9848969578742981,0.9912004470825195,0.9971116185188293,0.9839996099472046,0.9978780746459961,0.9933509826660156,0.9930000305175781,1
b2145,b2146,0,0.03763730078935623,0.021099671721458435,0.03454452380537987,0.0948566272854805,0.20867931842803955,0.1675514429807663,0.004408231470733881,0.04516523331403732,0.08310380578041077,0.19625234603881836,0.08932985016144812,0
b2146,b2147,1,0.9969973564147949,0.9967032074928284,0.9968402981758118,0.9804701805114746,0.9890227913856506,0.9896058440208435,0.9977762699127197,0.9868559241294861,0.9987435340881348,0.9955814480781555,0.99285968542099,1
b2147,b2154,0,0.00012568675447255373,0.00015102697943802923,5.477386366692372e-05,0.0007748876232653856,0.001519186538644135,0.001602128497324884,1.1117048416053876e-05,0.00027418474201112986,0.0010639061219990253,0.0003373516956344247,0.0005914249864872545,0
b2154,b2158,0,0.0002829719160217792,0.0008062968263402581,9.584433428244665e-05,0.0017233244143426418,0.0015139241004362702,0.0021347824949771166,3.340198236401193e-05,0.001458558952435851,0.0027187501545995474,0.0002731872082222253,0.001104104238402215,0
b2158,b2159,0,0.6544831395149231,0.7903942465782166,0.11268219351768494,0.7952715754508972,0.8439851999282837,0.7189062833786011,0.6568893790245056,0.6368405818939209,0.7726993560791016,0.8860708475112915,0.6868222802877426,1
b2159,b2160,1,0.9957532286643982,0.993747889995575,0.9714148044586182,0.9907786250114441,0.9836573600769043,0.9873793125152588,0.9977887868881226,0.9870313405990601,0.9971100687980652,0.9912523031234741,0.989591372013092,1
b2160,b2163,0,0.006658171769231558,0.0023772527929395437,0.024252910166978836,0.005095632281154394,0.014852460473775864,0.012009272351861,0.0008023048867471516,0.0050489893183112144,0.006524474360048771,0.004650297574698925,0.008227176597574725,0
b2163,b2170,0,1.1743850336642936e-05,5.9563390095718205e-05,4.747929324366851e-06,0.0001100722438422963,0.0004094357427675277,0.0005673833657056093,2.2848580556456e-06,5.4267988161882386e-05,0.0002312684227945283,0.00011864737462019548,0.0001569415165704413,0
b2170,b2171,0,0.19635681807994843,0.24080844223499298,0.011813829652965069,0.407518595457077,0.28496620059013367,0.43740615248680115,0.032666321843862534,0.20465275645256042,0.21575979888439178,0.35854285955429077,0.2390491775237024,0
b2171,b2172,0,0.7153701186180115,0.35208526253700256,0.05966055765748024,0.4730953276157379,0.5339517593383789,0.43487146496772766,0.5409603714942932,0.5146177411079407,0.5788446068763733,0.5378565192222595,0.47413137294352053,0
b2172,b2173,0,0.13886509835720062,0.636885941028595,0.4851672947406769,0.4642934203147888,0.632106363773346,0.3540046513080597,0.3336399495601654,0.25687873363494873,0.7511060833930969,0.5759686827659607,0.46289162188768385,0
b2173,b2174,1,0.9796558022499084,0.979154109954834,0.8111056089401245,0.940610945224762,0.9014892578125,0.9341740012168884,0.8607646226882935,0.9415621161460876,0.9705942273139954,0.9602648019790649,0.9279375493526458,1
b2176,b2177,0,0.9886800050735474,0.9623087048530579,0.7831801772117615,0.9648072719573975,0.9249048233032227,0.9648355841636658,0.9656972289085388,0.9528986215591431,0.9546535611152649,0.9567165970802307,0.941868257522583,1
b2177,b2178,1,0.9973142147064209,0.995107114315033,0.9970408082008362,0.9745590090751648,0.9890583753585815,0.9891768097877502,0.9959560036659241,0.9840989708900452,0.9987753033638,0.995921790599823,0.9917008399963378,1
b2178,b2179,1,0.9973702430725098,0.9969435930252075,0.9966995120048523,0.9796595573425293,0.9888774752616882,0.9892563819885254,0.9973714351654053,0.9885753393173218,0.9987629652023315,0.9955054521560669,0.9929021954536438,1
b2179,b2180,1,0.9910944104194641,0.9537341594696045,0.9334561228752136,0.9336472749710083,0.902182400226593,0.9027624726295471,0.9711757898330688,0.9148969054222107,0.9407495856285095,0.9711278676986694,0.9414826989173889,1
b2180,b2184,0,0.0016147549031302333,0.002571379067376256,0.00019213918130844831,0.0031610378064215183,0.006248775403946638,0.004374867770820856,0.0033932130318135023,0.0010927073890343308,0.004885055590420961,0.0018918982241302729,0.002942582836840302,0
b2184,b2185,0,0.5992678999900818,0.7310662269592285,0.11001106351613998,0.7498303055763245,0.7200884819030762,0.7347522377967834,0.3045697510242462,0.6671087145805359,0.6221923232078552,0.8036637306213379,0.6042550735175609,1
b2185,b2187,0,0.003869685111567378,0.0009223533561453223,0.021691232919692993,0.003107045078650117,0.010553166270256042,0.00813626404851675,0.0001866097009042278,0.0007394161657430232,0.0058156028389930725,0.0024305577389895916,0.0057451933229458515,0
b2187,b2188,1,0.993959903717041,0.9882863759994507,0.9127204418182373,0.9919527769088745,0.9673041105270386,0.9805974364280701,0.9973535537719727,0.9809441566467285,0.9951907396316528,0.9784806370735168,0.9786790132522583,1
b2216,b2217,0,0.9931849241256714,0.9906477928161621,0.974556565284729,0.981548547744751,0.9631136655807495,0.9718577861785889,0.9815738201141357,0.9847057461738586,0.9906025528907776,0.9859163165092468,0.9817707717418671,1
b2217,b2219,0,0.01438151765614748,0.0017429539002478123,0.0009918119758367538,0.008226429112255573,0.005945554003119469,0.014573208056390285,0.00010720716818468645,0.004902701824903488,0.009340704418718815,0.001836766372434795,0.006204885448823916,0
b2219,b2220,1,0.9975166320800781,0.9973131418228149,0.9970001578330994,0.978095293045044,0.9887699484825134,0.9900590181350708,0.997111976146698,0.9881203174591064,0.9987847805023193,0.9955592155456543,0.9928330481052399,1
b2220,b2221,0,0.9162771105766296,0.7503793239593506,0.8475313782691956,0.7546784281730652,0.582999587059021,0.665469765663147,0.6426725387573242,0.7133919596672058,0.7732277512550354,0.7025324106216431,0.7349160254001618,1
b2221,b2222,1,0.9974897503852844,0.9936056733131409,0.9969275593757629,0.9791128039360046,0.988623321056366,0.9883105754852295,0.9974615573883057,0.9846178293228149,0.9986482858657837,0.9953837394714355,0.9920181095600128,1
b2222,b2223,1,0.99715656042099,0.9974266886711121,0.9977608323097229,0.984932541847229,0.9862589240074158,0.9877244234085083,0.9986752271652222,0.9915875196456909,0.9984516501426697,0.9947450757026672,0.9934719443321228,1
b2223,b2224,1,0.9961367845535278,0.9931187033653259,0.976859450340271,0.9862914681434631,0.9617006182670593,0.9749202132225037,0.9944724440574646,0.9732719659805298,0.9850257635116577,0.9756978154182434,0.9817495226860047,1
b2224,b2232,0,8.26450741442386e-06,5.808246351080015e-05,0.00012812935165129602,9.788401803234592e-05,0.0007406043587252498,0.0007300777942873538,7.03880459695938e-07,4.092239396413788e-05,0.00012751563917845488,0.0003635604225564748,0.0002295744829780233,0
b2232,b2234,0,0.00015296207857318223,0.0005392814637161791,0.0002248606033390388,0.0019272253848612309,0.004148729145526886,0.008479452691972256,4.647031892091036e-05,0.000595821242313832,0.002295411890372634,0.0017286068759858608,0.002013882169558201,0
b2234,b2235,1,0.8812951445579529,0.832556962966919,0.40456700325012207,0.8977184891700745,0.8230441808700562,0.816824734210968,0.8839322328567505,0.7029786109924316,0.868527352809906,0.9112374782562256,0.8022682189941406,1
b2235,b2236,1,0.9965498447418213,0.994680643081665,0.9957678318023682,0.9713128209114075,0.9898461103439331,0.9914826154708862,0.9934238195419312,0.9830662608146667,0.9990179538726807,0.996615469455719,0.9911763370037079,1
b2236,b2241,0,3.513293995638378e-05,7.626412116223946e-05,0.00048660687752999365,0.00018440914573147893,0.00092937087174505,0.0007764048059470952,0.0003277817158959806,0.00011678239388857037,0.0009146690717898309,0.00024278293130919337,0.0004090204874955816,0
b2241,b2242,1,0.9965682625770569,0.9965652823448181,0.9964717626571655,0.9775957465171814,0.9877139329910278,0.9891169667243958,0.9971930384635925,0.985312283039093,0.9984952211380005,0.9948037266731262,0.9919836223125458,1
b2242,b2243,1,0.9966028928756714,0.995995283126831,0.9951138496398926,0.9765487909317017,0.9846475124359131,0.9872527718544006,0.9977089762687683,0.9850264191627502,0.9979342222213745,0.993331253528595,0.9910161972045899,1
b2243,b2244,0,0.6205193400382996,0.7635641098022461,0.6107809543609619,0.7416903376579285,0.5955132246017456,0.6600991487503052,0.6977400779724121,0.7233753204345703,0.8055388331413269,0.6609379649162292,0.6879759311676026,1
b2244,b4543,0,0.9916024208068848,0.9944454431533813,0.9846419095993042,0.9823025465011597,0.9650586843490601,0.9870739579200745,0.9902244806289673,0.981511116027832,0.9936031699180603,0.9843525290489197,0.9854816257953644,1
b4543,b2251,0,5.644046268571401e-06,1.9242612324887887e-05,1.474650957788981e-06,5.150558354216628e-05,0.0003142605419270694,0.0002848194562830031,3.291085022283369e-07,1.6489571862621233e-05,6.65187617414631e-05,4.533341052592732e-05,8.056177439357271e-05,0
b2251,b2253,0,0.20092763006687164,0.01793685555458069,0.10081365704536438,0.07385127246379852,0.051011666655540466,0.0511738546192646,0.05642792955040932,0.06115979328751564,0.049670759588479996,0.021621398627758026,0.06845948174595833,0
b2253,b2254,1,0.991176426410675,0.9809380769729614,0.9912413954734802,0.969667375087738,0.9449485540390015,0.9600769281387329,0.9948802590370178,0.9655269980430603,0.9802101850509644,0.9648086428642273,0.9743474841117858,1
b2254,b2255,1,0.9972659349441528,0.99732905626297,0.9972988963127136,0.9834195375442505,0.9861173629760742,0.9873882532119751,0.9986604452133179,0.9906172156333923,0.9984043836593628,0.9947056770324707,0.993120676279068,1
b2255,b2256,1,0.9971954226493835,0.9961628317832947,0.9970071911811829,0.9752092361450195,0.9904218316078186,0.9907781481742859,0.9952822327613831,0.9847959280014038,0.9989920854568481,0.9964416027069092,0.992228651046753,1
b2256,b2257,1,0.9972584843635559,0.9968892931938171,0.9967081546783447,0.9821068048477173,0.9871290326118469,0.9872201085090637,0.9985601902008057,0.98818039894104,0.9985661506652832,0.9952875375747681,0.9927906155586242,1
b2257,b4544,1,0.997623085975647,0.9961706399917603,0.9968469738960266,0.9711329340934753,0.9904917478561401,0.9922963976860046,0.9937784671783447,0.9834007620811462,0.9991623163223267,0.9969757199287415,0.9917879045009613,1
b4544,b2258,1,0.9978459477424622,0.9978522658348083,0.9961991906166077,0.977383017539978,0.9870401620864868,0.9892101883888245,0.998258650302887,0.9889280796051025,0.9986009001731873,0.994840145111084,0.9926158547401428,1
b2269,b2271,0,0.0058258334174752235,0.016661696135997772,0.0007261746795848012,0.02309710532426834,0.01183431874960661,0.023715833202004433,0.005225122906267643,0.01363932341337204,0.019136974588036537,0.006044796667993069,0.012590717908460647,0
b2271,b2272,1,0.1177174374461174,0.24782167375087738,0.037660617381334305,0.37254250049591064,0.3400391936302185,0.3232068419456482,0.38464435935020447,0.23392149806022644,0.3058033287525177,0.37078869342803955,0.27341461442410947,0
b2272,b2274,0,0.0014461777172982693,0.0005446141585707664,0.00026123414863832295,0.00459379842504859,0.007414417807012796,0.0062250373885035515,0.00011019586236216128,0.0011730347760021687,0.006650506518781185,0.0015526015777140856,0.0029971618379931895,0
b2274,b2275,1,0.7271902561187744,0.7533547282218933,0.8239848017692566,0.7637766599655151,0.4843778908252716,0.7999606728553772,0.8899021744728088,0.7619407176971436,0.6927736401557922,0.7764301896095276,0.7473691731691361,1
b2275,b2290,0,5.747176692239009e-05,0.0001339578302577138,3.88770604331512e-06,0.00013553451572079211,0.00024967678473331034,0.0007424982613883913,2.7672947908286005e-05,0.00015931091911625117,0.0002873369085136801,4.461720527615398e-05,0.0001841964845880284,0
b2290,b2291,1,0.42786216735839844,0.33380234241485596,0.4863777160644531,0.6007339358329773,0.6467555165290833,0.3713817000389099,0.15415841341018677,0.28236472606658936,0.6245218515396118,0.5325552821159363,0.4460513651371002,0
b2291,b2296,0,0.00017651845701038837,0.0005370695143938065,4.262875881977379e-05,0.0009235782781615853,0.0019057119498029351,0.002602120628580451,4.432771311257966e-05,0.00035055706393904984,0.0013444146607071161,0.0007714245584793389,0.0008698351583007024,0
b2296,b2297,1,0.9964680075645447,0.9924999475479126,0.9817208051681519,0.9895442724227905,0.9771214723587036,0.993060827255249,0.9985755681991577,0.9878522157669067,0.9970873594284058,0.9906585216522217,0.9904588997364044,1
b2297,b2298,0,0.43156781792640686,0.7927616238594055,0.5378274917602539,0.7930687665939331,0.6996779441833496,0.5330826044082642,0.7763869762420654,0.5613274574279785,0.8263497948646545,0.7509583234786987,0.6703008800745011,1
b2298,b2302,0,0.003946954384446144,0.009804223664104939,0.00037183912354521453,0.01484917663037777,0.013039407320320606,0.028069207444787025,0.01305965706706047,0.014524033293128014,0.010298604145646095,0.006304720416665077,0.011426782349008135,0
b2302,b2303,0,0.25098010897636414,0.46042558550834656,0.07780275493860245,0.5219766497612,0.5066522359848022,0.5881941318511963,0.3456801772117615,0.4085749685764313,0.5243294835090637,0.6242208480834961,0.4308836944401264,0
b2303,b2304,1,0.9763227701187134,0.9666081070899963,0.8979306221008301,0.9591677188873291,0.9156230092048645,0.9867425560951233,0.963138222694397,0.9481692910194397,0.9689814448356628,0.9660803079605103,0.9548764050006866,1
b2304,b2321,0,1.9607243302743882e-05,3.484252738417126e-05,1.876013629953377e-05,9.482830500928685e-05,0.0004022930806968361,0.0005164166796021163,1.3342922784431721e-06,5.4641983297187835e-05,0.00017071595357265323,0.00016616121865808964,0.00014796014201010622,0
b2321,b2324,0,0.0004766303754877299,0.0013935695169493556,0.00034511435660533607,0.0019325349712744355,0.003927144687622786,0.005352874286472797,0.00013870290422346443,0.0009236399782821536,0.0031727594323456287,0.002620681654661894,0.0020283652163925582,0
b2324,b2331,0,0.0005104473675601184,0.00020691017562057823,1.1665512829495128e-05,0.0022827228531241417,0.0026898919604718685,0.004228904377669096,9.093141125049442e-05,0.0004972913884557784,0.0014019180089235306,0.00037583609810099006,0.001229651915400609,0
b2331,b2344,0,6.073925305827288e-06,3.82721918867901e-05,9.319176751887426e-05,6.649048009421676e-05,0.0004949005087837577,0.0004607497248798609,6.526341280732595e-07,1.056965356838191e-05,0.00010549976286711171,0.0001467323600081727,0.00014231330090410665,0
b2344,b2345,0,0.693225085735321,0.5093387961387634,0.6906343698501587,0.5418989062309265,0.42624154686927795,0.43389755487442017,0.532418966293335,0.5631241202354431,0.534589946269989,0.40164753794670105,0.5327016830444335,1
b2345,b2347,0,0.001939375069923699,0.008297678083181381,0.003495975397527218,0.014559272676706314,0.013230477459728718,0.01273350603878498,0.0010756857227534056,0.0024277567863464355,0.011939797550439835,0.007552153896540403,0.007725167868193239,0
b2349,b2350,0,0.10179194062948227,0.10000400990247726,0.012687441892921925,0.14536714553833008,0.24740198254585266,0.1383802443742752,0.06462915986776352,0.086494579911232,0.1910075843334198,0.18356499075889587,0.12713290797546506,0
b2350,b2351,1,0.9968171119689941,0.9975247979164124,0.9971344470977783,0.9853978753089905,0.9846743941307068,0.9871299862861633,0.9989074468612671,0.9916599988937378,0.9982770085334778,0.9941502213478088,0.9931673288345337,1
b2351,b2352,1,0.9971349239349365,0.9967344403266907,0.9972055554389954,0.9826676845550537,0.988470196723938,0.9881729483604431,0.9981637001037598,0.9887709021568298,0.9986116290092468,0.9953505396842957,0.9931282520294189,1
b2352,b2359,0,4.9649624997982755e-05,0.0001677886612014845,0.001323919277638197,0.0005939854891039431,0.0029098105151206255,0.0038685305044054985,2.7169569875695743e-05,0.0001483220694353804,0.0006833844818174839,0.0008052484481595457,0.0010577808641755837,0
b2359,b2360,1,0.9673330783843994,0.9620079398155212,0.8407578468322754,0.9582570195198059,0.9099162220954895,0.9733009338378906,0.9417478442192078,0.9229940176010132,0.9701614379882812,0.9673902988433838,0.9413866639137268,1
b2360,b2361,1,0.3751441538333893,0.665301501750946,0.269146591424942,0.709072470664978,0.5029255151748657,0.5897631645202637,0.9184940457344055,0.3430272936820984,0.6617625951766968,0.5275437831878662,0.5562181115150452,1
b2361,b2362,1,0.9980039000511169,0.9979421496391296,0.9966191649436951,0.9769303202629089,0.9901636838912964,0.9912430644035339,0.9965469837188721,0.9885002374649048,0.9990459084510803,0.9963464140892029,0.993134182691574,1
b2362,b2363,1,0.9979926347732544,0.9981277585029602,0.997826874256134,0.9804107546806335,0.9892477989196777,0.9910339117050171,0.9979900121688843,0.9905533790588379,0.9989407658576965,0.9956560134887695,0.9937779903411865,1
b2363,b4501,0,0.07111239433288574,0.20303867757320404,0.046534039080142975,0.22868850827217102,0.09512946009635925,0.44292113184928894,0.03878486528992653,0.14463387429714203,0.18718615174293518,0.17352336645126343,0.16315524689853192,0
b4501,b2365,0,0.0008084733854047954,0.0018459500279277563,0.000833877653349191,0.003147041192278266,0.005075695924460888,0.011165358126163483,0.002109367633238435,0.00137388426810503,0.007346383295953274,0.0013828594237565994,0.003508889093063772,0
b2365,b2366,1,0.992850661277771,0.9822893142700195,0.9594393372535706,0.96435546875,0.9399070143699646,0.9834718704223633,0.9826666116714478,0.9628978967666626,0.9751780033111572,0.9818087816238403,0.9724864959716797,1
b2366,b2369,0,0.00016343744937330484,0.00034939683973789215,0.0005005491548217833,0.000818285217974335,0.003285302547737956,0.0028605572879314423,1.3921925528848078e-05,0.00036794491461478174,0.0008539585396647453,0.0014046402648091316,0.001061799414219422,0
b2369,b2370,1,0.994852602481842,0.9936930537223816,0.9619513154029846,0.9882606267929077,0.9736987948417664,0.9746137261390686,0.9928427338600159,0.9837343692779541,0.9956554174423218,0.9830906391143799,0.9842393279075623,1
b2370,b2376,0,0.0006538681336678565,0.0011480156099423766,0.011267262510955334,0.0019736201502382755,0.008269966579973698,0.005778454709798098,6.968530942685902e-05,0.002589751034975052,0.0013416907750070095,0.008829285390675068,0.004192160020465963,0
b2376,b2378,0,0.017772192135453224,0.001926545868627727,0.006644573528319597,0.008763056248426437,0.020952187478542328,0.02827179618179798,0.003754457924515009,0.004475827794522047,0.012459701858460903,0.005555024836212397,0.011057536385487765,0
b2380,b2381,1,0.9933640360832214,0.9918740391731262,0.9901301264762878,0.9795029759407043,0.9620444178581238,0.9850332736968994,0.9922885894775391,0.9804951548576355,0.992820143699646,0.9822689294815063,0.984982168674469,1
b2381,b2382,0,0.996954083442688,0.9925063252449036,0.9854261875152588,0.9876967072486877,0.9688435196876526,0.9839310646057129,0.9972152709960938,0.9874390959739685,0.9918114542961121,0.9788569808006287,0.9870680689811706,1
b2382,b2389,0,9.508094080956653e-05,7.526923582190648e-05,0.001072959857992828,0.0001418972242390737,0.001292061060667038,0.0011536184465512633,1.7002770391627564e-06,0.00012423637963365763,0.00023451830202247947,0.0005655818386003375,0.00047569235633773135,0
b2389,b2390,0,0.8925405144691467,0.6182126998901367,0.40915900468826294,0.6818264722824097,0.5900124907493591,0.6542681455612183,0.273221880197525,0.7407280802726746,0.68853360414505,0.5555204153060913,0.6104023307561874,1
b2390,b2393,0,0.0010021404596045613,0.0007573117618449032,0.00038198463153094053,0.0029210837092250586,0.007105155847966671,0.01186189241707325,4.542748865787871e-05,0.0012926567578688264,0.0027835657820105553,0.004051093012094498,0.0032202311867877143,0
b2393,b2394,0,0.9674438238143921,0.9773838520050049,0.8568729162216187,0.9725193381309509,0.9300928115844727,0.9406020045280457,0.9808089733123779,0.9438155889511108,0.9764831066131592,0.969302237033844,0.9515324652194976,1
b2394,b2398,0,1.0334208127460442e-05,7.779175939504057e-05,3.5385528462938964e-05,0.00025502024800516665,0.001405577757395804,0.0008928018505685031,3.768413762372802e-06,4.428929969435558e-05,0.00020674454572144896,0.00035048869904130697,0.0003282202310174398,0
b2398,b2399,1,0.9950798153877258,0.9958388209342957,0.9867918491363525,0.9869648814201355,0.973303496837616,0.9950105547904968,0.9969973564147949,0.989145040512085,0.9962581992149353,0.9908282160758972,0.9906218230724335,1
b2408,b2410,0,0.012618079781532288,0.003465876681730151,0.00010633422061800957,0.02115738019347191,0.03015056438744068,0.031713321805000305,0.0005946284509263933,0.006224542390555143,0.009785410016775131,0.019066935405135155,0.013488307333318517,0
b2414,b2415,0,0.02922583557665348,0.023128485307097435,0.0016172174364328384,0.05013791471719742,0.05228302627801895,0.07529022544622421,0.0028309542685747147,0.018622150644659996,0.0598081536591053,0.05441419035196304,0.03673581536859274,0
b2415,b2416,1,0.9962036609649658,0.9893006086349487,0.961383581161499,0.9924555420875549,0.9747003316879272,0.9860438108444214,0.998440682888031,0.9862346649169922,0.9968525767326355,0.9835037589073181,0.9865119218826294,1
b2416,b2417,1,0.9440998435020447,0.9664151072502136,0.8905112743377686,0.9532029628753662,0.8842660784721375,0.965235710144043,0.9514473080635071,0.9715873599052429,0.975705623626709,0.9405737519264221,0.9443045020103454,1
b2417,b2419,0,0.006977872923016548,0.002434041351079941,0.027076076716184616,0.012093063443899155,0.027243047952651978,0.02941046841442585,0.0003258363576605916,0.004488736391067505,0.017568446695804596,0.00759082892909646,0.013520841917488724,0
b2419,b2420,0,0.9808669686317444,0.9684292078018188,0.9401990175247192,0.9478805065155029,0.873928964138031,0.9700617790222168,0.9944955706596375,0.9341186881065369,0.9521797895431519,0.9641274213790894,0.9526287913322449,1
b2420,b2428,0,1.4732741874468047e-05,4.56562775070779e-05,4.7507357521681115e-05,8.532305946573615e-05,0.0004084324755240232,0.0004285610921215266,3.729312538780505e-06,3.66222120646853e-05,0.0001688118645688519,9.517220314592123e-05,0.00013345485963327518,0
b2428,b2429,1,0.9964449405670166,0.9956847429275513,0.9889430999755859,0.987735390663147,0.9800965785980225,0.9905207753181458,0.997804582118988,0.9927478432655334,0.9963405132293701,0.9905775189399719,0.9916895985603332,1
b2429,b2430,0,0.9944958090782166,0.9924837946891785,0.9768080115318298,0.9873091578483582,0.9762619137763977,0.9871485829353333,0.9959174990653992,0.9857203364372253,0.9944075345993042,0.9876196980476379,0.987817233800888,1
b2430,b2435,0,0.0014057336375117302,0.002752176485955715,0.00014653048128820956,0.0032613473013043404,0.0031162509694695473,0.015733828768134117,0.0036395385395735502,0.00196078117005527,0.0018888033227995038,0.001966966548934579,0.0035871957225026563,0
b2435,b2436,1,0.9950304627418518,0.9938915967941284,0.9711580872535706,0.9897723197937012,0.9803033471107483,0.988861083984375,0.997278094291687,0.9860323071479797,0.9955237507820129,0.9890726804733276,0.9886923730373383,1
b2436,b2442,0,6.393879448296502e-05,7.449290569638833e-05,1.862236786109861e-05,0.00021454747184179723,0.0010637362720444798,0.0010357670253142715,1.6332298855559202e-06,0.00011971142521360889,0.00035500258672982454,0.0004522488743532449,0.0003399700953423235,0
b2442,b2443,0,0.9809790849685669,0.9296129941940308,0.9508688449859619,0.9281100034713745,0.8375375270843506,0.9480264186859131,0.9696070551872253,0.9191199541091919,0.9180268049240112,0.9315207600593567,0.9313409447669982,1
b2443,b2444,0,0.008232171647250652,0.0018701854860410094,0.0011571523500606418,0.008694949559867382,0.01498476229608059,0.021343305706977844,0.0005496065132319927,0.00408302154392004,0.010333489626646042,0.009025736711919308,0.00802743814419955,0
b2444,b2445,1,0.996644139289856,0.9829717874526978,0.975584864616394,0.9904441833496094,0.9754520058631897,0.9879647493362427,0.9972588419914246,0.9867321848869324,0.9950864315032959,0.9826217293739319,0.9870760917663575,1
b2445,b2446,0,0.5635414719581604,0.17148032784461975,0.11977638304233551,0.37528014183044434,0.20200084149837494,0.38720571994781494,0.03052418865263462,0.2578383982181549,0.2899796664714813,0.2427593469619751,0.26403864864259957,0
b2446,b2447,1,0.9976679086685181,0.9972162246704102,0.9963659048080444,0.9794914126396179,0.9866774082183838,0.9876678586006165,0.998360812664032,0.9892570972442627,0.9984576106071472,0.9944065809249878,0.992556881904602,1
b2447,b2448,0,0.023230697959661484,0.010803140699863434,0.012057231739163399,0.020171862095594406,0.015199031680822372,0.02252398245036602,0.007577850949019194,0.015016849152743816,0.011774391867220402,0.010787283070385456,0.014914232166483998,0
b2448,b2449,0,0.9328238368034363,0.9270198345184326,0.673531711101532,0.9000130295753479,0.8907080888748169,0.930720329284668,0.9148496985435486,0.9238858819007874,0.9285238981246948,0.9589794874191284,0.8981055796146393,1
b2449,b2450,0,0.016869761049747467,0.027261661365628242,0.09409550577402115,0.061073679476976395,0.12288198620080948,0.09620194137096405,0.013188310898840427,0.026760032400488853,0.07997680455446243,0.09522611647844315,0.06335357995703816,0
b2450,b2464,0,3.098521483479999e-05,7.799841841915622e-05,0.000627324334345758,0.0001506771513959393,0.0010146730346605182,0.0008050446631386876,3.8880284591868985e-06,0.00015471114602405578,0.00024939721333794296,0.0003688425349537283,0.00034835417395697734,0
b2464,b2465,0,0.992312490940094,0.9938888549804688,0.9778143167495728,0.9900631904602051,0.97132807970047,0.9888572692871094,0.9977567791938782,0.9844805002212524,0.9953059554100037,0.9881291389465332,0.9879936575889587,1
b2465,b2469,0,0.0013532289303839207,0.002972919959574938,0.02444104664027691,0.005125377327203751,0.006056807469576597,0.00880157295614481,0.0009331280016340315,0.0031230293679982424,0.008110902272164822,0.002551523968577385,0.00634695368935354,0
b2469,b2470,0,0.9176732897758484,0.8394899368286133,0.921895444393158,0.8566814661026001,0.7088562846183777,0.8674046993255615,0.9114455580711365,0.7295840382575989,0.8090879917144775,0.8407695889472961,0.8402888298034668,1
b2470,b2471,0,0.7488398551940918,0.8825570344924927,0.5466940999031067,0.7528051733970642,0.4763915240764618,0.7834909558296204,0.7282631397247314,0.8224416375160217,0.4675850570201874,0.6111157536506653,0.6820184230804444,1
b2471,b2472,1,0.9883443713188171,0.9918546080589294,0.9810531139373779,0.9898014664649963,0.9582523703575134,0.9881758689880371,0.9975703954696655,0.9817520380020142,0.9904587864875793,0.9803165197372437,0.9847579538822174,1
b2472,b4547,1,0.9943065643310547,0.9895901679992676,0.9486210942268372,0.978786289691925,0.9714661240577698,0.9866105914115906,0.9944180250167847,0.979218602180481,0.9947842955589294,0.9867026805877686,0.9824504435062409,1
b4547,b2479,0,9.332067747891415e-06,5.712142228730954e-05,2.566393231973052e-05,0.00010626225412124768,0.0004693045048043132,0.00044592819176614285,9.545786952003255e-07,3.185633977409452e-05,0.00020490121096372604,0.0002084471780108288,0.0001559771680490485,0
b2479,b2480,1,0.9978417754173279,0.9973388314247131,0.9971591830253601,0.9768866896629333,0.9889248013496399,0.9899497628211975,0.9972354173660278,0.9880728721618652,0.9988310933113098,0.995819091796875,0.992805951833725,1
b2480,b2481,0,0.4427652955055237,0.15458320081233978,0.1580737829208374,0.23762235045433044,0.2506248354911804,0.18566632270812988,0.06366435438394547,0.2901173233985901,0.29922398924827576,0.1480041742324829,0.2230345629155636,0
b2481,b2482,1,0.9973346590995789,0.9968349933624268,0.995838463306427,0.9822055101394653,0.982211172580719,0.984116792678833,0.998984694480896,0.9888150691986084,0.9978784322738647,0.9939215779304504,0.991814136505127,1
b2482,b2483,1,0.9898502230644226,0.985201895236969,0.8124759793281555,0.9723562598228455,0.9261400699615479,0.9811634421348572,0.9415815472602844,0.9704694151878357,0.9737908840179443,0.9462267756462097,0.9499256491661072,1
b2483,b2484,1,0.9622839689254761,0.9418452382087708,0.9106744527816772,0.9407057166099548,0.7550356984138489,0.9160647392272949,0.986386775970459,0.9645523428916931,0.9241121411323547,0.850429892539978,0.9152090966701507,1
b2484,b2485,1,0.9831690788269043,0.9653220176696777,0.8895448446273804,0.9379138350486755,0.8562343120574951,0.9333709478378296,0.9879388809204102,0.9598860144615173,0.9505648016929626,0.9249009490013123,0.9388845682144165,1
b2485,b2486,1,0.9944835901260376,0.986145555973053,0.9919763207435608,0.9716327786445618,0.9401611089706421,0.9852597713470459,0.9960867762565613,0.984735369682312,0.9806231260299683,0.9760186076164246,0.9807123005390167,1
b2486,b2487,1,0.9978660345077515,0.9973992705345154,0.9976776838302612,0.9794687628746033,0.988537609577179,0.989723265171051,0.9978849291801453,0.9889732599258423,0.9987958669662476,0.9954926371574402,0.9931819319725037,1
b2487,b2488,1,0.9586191773414612,0.9789131283760071,0.9665813446044922,0.9450390934944153,0.8849266171455383,0.9137425422668457,0.9798436760902405,0.9623543620109558,0.9462718963623047,0.887427806854248,0.9423719644546509,1
b2488,b2489,1,0.9972256422042847,0.9972465634346008,0.997248113155365,0.9820941686630249,0.9872870445251465,0.9880257248878479,0.9980834126472473,0.9892434477806091,0.998539388179779,0.9945645928382874,0.9929558098316192,1
b2489,b2490,1,0.9968985319137573,0.9969283938407898,0.99690842628479,0.9778624773025513,0.9893421530723572,0.9901537299156189,0.9960977435112,0.9863490462303162,0.9988970756530762,0.9957382678985596,0.9925175845623017,1
b2490,b2491,1,0.9906632304191589,0.9614158272743225,0.9799264669418335,0.9652747511863708,0.9116969704627991,0.9765557646751404,0.9961060285568237,0.9641271829605103,0.9697516560554504,0.9653352499008179,0.9680853128433228,1
b2491,b2492,1,0.9972932934761047,0.9886612296104431,0.9895190000534058,0.9722453951835632,0.9507154226303101,0.9876453876495361,0.9960485696792603,0.9829424023628235,0.9842226505279541,0.9732192754745483,0.9822512626647949,1
b2492,b2494,0,0.0051462105475366116,0.009041095152497292,0.003108446951955557,0.022054580971598625,0.04572368785738945,0.06966790556907654,0.024136682972311974,0.015941301360726357,0.0185034591704607,0.0085398955270648,0.02218632660806179,0
b2494,b2495,1,0.962733805179596,0.9589421153068542,0.9074677228927612,0.9006997346878052,0.8298818469047546,0.9595313668251038,0.9431678056716919,0.9438953399658203,0.9272744059562683,0.934138834476471,0.9267732977867127,1
b2495,b2499,0,2.4156846848200075e-05,5.359886199585162e-05,1.7295878933509812e-05,0.000215492385905236,0.0009576327865943313,0.0009291419992223382,4.735954007628607e-06,0.00017222866881638765,0.0003850182984024286,0.00014313249266706407,0.0002902434173392976,0
b2499,b2500,1,0.9977385997772217,0.9971150755882263,0.9968684911727905,0.9768346548080444,0.9897709488868713,0.9903942346572876,0.9963236451148987,0.9873088002204895,0.9989153146743774,0.9960951209068298,0.9927364885807037,1
b2500,b2501,0,0.4456767439842224,0.21478621661663055,0.09716649353504181,0.3379247188568115,0.5033725500106812,0.36002251505851746,0.09043273329734802,0.1968775987625122,0.34941405057907104,0.5861459374427795,0.3181819558143616,0
b2501,b2502,1,0.9951722025871277,0.9900050759315491,0.9767771363258362,0.9791789650917053,0.9703801870346069,0.9781250357627869,0.9962614178657532,0.980338990688324,0.9922558069229126,0.9855964183807373,0.9844091236591339,1
b2502,b2504,0,0.00025960931088775396,0.0004975839983671904,5.6448596296831965e-05,0.003528193337842822,0.007590987253934145,0.004195803310722113,9.666388359619305e-05,0.0008428984438069165,0.002900546183809638,0.0013670815387740731,0.0021335815858037678,0
b2504,b2505,0,0.03746757656335831,0.007212323602288961,0.007240639068186283,0.05059807002544403,0.06068453937768936,0.04176488146185875,0.00316121825017035,0.01472700759768486,0.08095961809158325,0.025302333757281303,0.03291182077955455,0
b2505,b2506,1,0.9916723966598511,0.9898150563240051,0.9915546178817749,0.9822315573692322,0.9016409516334534,0.9854304194450378,0.9945356249809265,0.9858512878417969,0.9799990057945251,0.934333860874176,0.9737064778804779,1
b2506,b2509,0,4.767264181282371e-05,0.0004656327946577221,0.0001959383225766942,0.0004915494937449694,0.0015673291636630893,0.0012296270579099655,7.106614066287875e-05,0.00022915381123311818,0.0018949350342154503,0.00014985028246883303,0.0006342754742945545,0
b2509,b2521,0,1.3401034266280476e-05,3.47280474670697e-05,2.4803906853776425e-05,9.104134369408712e-05,0.0003643131349235773,0.00030687000253237784,2.5515571451251162e-06,2.6251231247442774e-05,0.0001190292532555759,5.27152260474395e-05,0.00010357047374327521,0
b2533,b2534,0,0.7575169801712036,0.8555213809013367,0.734316885471344,0.5709890127182007,0.5260158181190491,0.5281586647033691,0.6165295839309692,0.7283283472061157,0.7042347192764282,0.6496753692626953,0.6671286761760712,1
b2534,b2535,0,0.43691590428352356,0.24928489327430725,0.018827898427844048,0.4523455500602722,0.41544032096862793,0.3508239686489105,0.0651312917470932,0.33151519298553467,0.3696132004261017,0.5135055184364319,0.3203403739258647,0
b2535,b2538,0,0.006323032546788454,0.005672871600836515,0.004635469987988472,0.018644021824002266,0.018860122188925743,0.023107478395104408,0.0018657909240573645,0.010591674596071243,0.03101835586130619,0.004503763746470213,0.012522258167155086,0
b2538,b2539,1,0.9968858361244202,0.996396005153656,0.997495710849762,0.9764843583106995,0.9915275573730469,0.9921770691871643,0.9951990246772766,0.9850155115127563,0.9991865754127502,0.9968944191932678,0.99272620677948,1
b2539,b2540,1,0.9969013929367065,0.9967369437217712,0.9970253705978394,0.9786925315856934,0.9897158145904541,0.9900256395339966,0.9962891936302185,0.9871953725814819,0.9988937377929688,0.9958542585372925,0.9927330255508423,1
b2540,b2541,1,0.9967184066772461,0.9974278807640076,0.9976434111595154,0.9865695834159851,0.9852169156074524,0.9874113202095032,0.9989437460899353,0.9918476343154907,0.9982505440711975,0.9941657185554504,0.9934195160865784,1
b2541,b2542,1,0.9928175210952759,0.982566237449646,0.9802413582801819,0.961297869682312,0.9365256428718567,0.9825475811958313,0.9903296232223511,0.9610228538513184,0.9724476933479309,0.9756607413291931,0.9735457122325897,1
b2542,b2543,1,0.6255533695220947,0.6753606200218201,0.22016198933124542,0.6780363917350769,0.6154254078865051,0.5506907105445862,0.5016655325889587,0.5723962783813477,0.5979337692260742,0.7401235699653625,0.5777347639203072,1
b2543,b2550,0,9.739449524204247e-06,3.097298395005055e-05,3.060344897676259e-05,8.407777932006866e-05,0.0006681659142486751,0.0005315784947015345,1.0365134812673205e-06,4.0265080315293744e-05,0.00023106520529836416,0.00014526130689773709,0.0001772766176713958,0
b2550,b2552,0,0.0006458938005380332,0.0038317497819662094,0.0019541503861546516,0.0055641913786530495,0.0071013690903782845,0.010976988822221756,0.0008244919590651989,0.0009787722956389189,0.006052285898476839,0.0023538689129054546,0.00402837623259984,0
b2552,b2558,0,0.000240922745433636,0.00028419640148058534,6.304748239926994e-05,0.000856348080560565,0.0011505603324621916,0.002410589950159192,0.00020044608390890062,0.001734959427267313,0.00211468362249434,0.00018315498891752213,0.0009238909115083516,0
b2558,b2561,0,0.0012122869957238436,0.004053729586303234,0.0004597091465257108,0.0074547696858644485,0.02186860516667366,0.008919624611735344,0.007262747269123793,0.0026801482308655977,0.005879161413758993,0.0026903373654931784,0.006248111947206781,0
b2561,b2562,1,0.9390308260917664,0.85759037733078,0.8571032881736755,0.8952454328536987,0.8385299444198608,0.8002797365188599,0.8391136527061462,0.8071784973144531,0.8766471147537231,0.8813366293907166,0.859205549955368,1
b2574,b2576,0,0.033147066831588745,0.02250743843615055,0.0007740275468677282,0.08906243741512299,0.0941401869058609,0.08586224913597107,0.008416259661316872,0.007760597392916679,0.04263466224074364,0.06505697220563889,0.044936189777217805,0
b2576,b2578,0,0.00657872436568141,0.0045769414864480495,0.0011329655535519123,0.025729259476065636,0.039683789014816284,0.03928816691040993,0.0015833881916478276,0.010325121693313122,0.04135680943727493,0.013923431746661663,0.018417859787587077,0
b2578,b2580,0,0.0030718634370714426,0.0039291987195611,0.021724184975028038,0.011867979541420937,0.009284946136176586,0.013724230229854584,0.0007964801625348628,0.0019683130085468292,0.007234160788357258,0.005246195010840893,0.007884755200939253,0
b2580,b2582,0,0.0006784205907024443,0.0021109760273247957,0.0010694145457819104,0.0035390546545386314,0.005049023311585188,0.00662684952840209,0.003446475602686405,0.002449694089591503,0.008886006660759449,0.0005367553094401956,0.0034392670320812615,0
b2582,b2583,0,0.5577255487442017,0.6849027276039124,0.6342324018478394,0.758906900882721,0.7367557883262634,0.32358765602111816,0.66716468334198,0.3727998733520508,0.8605619668960571,0.6356165409088135,0.6232254087924958,1
b2583,b2584,1,0.5084325671195984,0.7014519572257996,0.2236514687538147,0.706080436706543,0.7930673360824585,0.6170348525047302,0.5110849738121033,0.5906414985656738,0.5802575945854187,0.7996852993965149,0.6031387984752655,1
b2584,b2585,0,0.9936308860778809,0.9760668873786926,0.9323183298110962,0.9724927544593811,0.9556534290313721,0.9816340804100037,0.9898988008499146,0.9695732593536377,0.9862550497055054,0.9762897491455078,0.9733813226222991,1
b2585,b2586,0,0.7515726685523987,0.6077681183815002,0.940125584602356,0.8438069820404053,0.8158054351806641,0.43497422337532043,0.9335415363311768,0.520022451877594,0.8173789978027344,0.7408601641654968,0.7405856162309646,1
b2586,b2595,0,6.96667302690912e-06,2.795908585540019e-05,4.7089229155972134e-06,4.630611147149466e-05,0.00022160437947604805,0.00017931309412233531,1.0875762654904975e-06,1.805380088626407e-05,5.736970342695713e-05,1.8795413780026138e-05,5.8216476122652236e-05,0
b2595,b2597,0,0.015496167354285717,0.01608891785144806,0.014555365778505802,0.05916213616728783,0.07062706351280212,0.06329984217882156,0.012156923301517963,0.027747228741645813,0.044941917061805725,0.05841882526874542,0.0382494387216866,0
b2597,b2598,0,0.08923017233610153,0.03637649491429329,0.06691429764032364,0.10859605669975281,0.18664833903312683,0.22709232568740845,0.023562664166092873,0.0531914196908474,0.16206227242946625,0.09514710307121277,0.10488211456686258,0
b2598,b2599,1,0.19889384508132935,0.08629126846790314,0.4092586040496826,0.16162782907485962,0.3645189702510834,0.35666272044181824,0.21364764869213104,0.102387435734272,0.2757307291030884,0.33022257685661316,0.2499241627752781,0
b2599,b2602,0,0.001370284240692854,0.0041256132535636425,5.279400647850707e-05,0.0122142992913723,0.005220051389187574,0.01594061218202114,0.0023275872226804495,0.005779685452580452,0.008990088477730751,0.0011703193886205554,0.005719133490492823,0
b2602,b2603,0,0.2431548535823822,0.1263071745634079,0.03466784209012985,0.11004378646612167,0.13971976935863495,0.22852040827274323,0.022549675777554512,0.09439615160226822,0.18623486161231995,0.18447433412075043,0.1370068857446313,0
b2603,b2604,1,0.9972163438796997,0.996788740158081,0.9962205290794373,0.9835416078567505,0.9853670597076416,0.9858985543251038,0.9986511468887329,0.9890212416648865,0.9982438087463379,0.9946495890617371,0.9925598621368408,1
b2604,b2605,1,0.9817425608634949,0.9632372260093689,0.7806426882743835,0.9277069568634033,0.8850240111351013,0.9666602611541748,0.9147598147392273,0.9419811964035034,0.9576001763343811,0.9543420076370239,0.9273696899414062,1
b2605,b2611,0,6.97225405019708e-05,0.0002455513458698988,3.937910878448747e-05,0.00038494644104503095,0.0008501180564053357,0.0012995994184166193,1.7654487237450667e-05,0.00026148284086957574,0.0006903039757162333,0.0003410465724300593,0.0004199804787276662,0
b2611,b4461,1,0.9928504228591919,0.9885038137435913,0.9924299716949463,0.9882147908210754,0.9750779867172241,0.987930417060852,0.9976298809051514,0.978947639465332,0.996093213558197,0.9884693622589111,0.9886147499084472,1
b4461,b2615,0,0.004376837518066168,0.040443532168865204,0.008769513107836246,0.048387542366981506,0.05628247186541557,0.026998288929462433,0.006398950237780809,0.011522478424012661,0.038216132670640945,0.03635649383068085,0.02777522411197424,0
b2615,b2616,0,0.9375039935112,0.9009348154067993,0.8394891619682312,0.9556405544281006,0.8559582829475403,0.8757584095001221,0.9534928798675537,0.8621158599853516,0.9364724159240723,0.9201019406318665,0.9037468314170838,1
b2616,b2617,0,0.5229544639587402,0.6837753653526306,0.06670955568552017,0.6714387536048889,0.6024215817451477,0.7084792852401733,0.4357004761695862,0.6201430559158325,0.5919554829597473,0.7507031559944153,0.5654281176626682,1
b2617,b2620,0,0.006199258845299482,0.004409077111631632,0.0006817968678660691,0.014615491963922977,0.009108622558414936,0.014219144359230995,0.0019172464963048697,0.005941683892160654,0.01736358553171158,0.002578467596322298,0.0077034375222865496,0
b2622,b2624,0,0.004145271610468626,0.00234541529789567,0.007339466363191605,0.012693291530013084,0.02881244756281376,0.02654167450964451,0.0010302405571565032,0.003785887500271201,0.01938030682504177,0.008573885075747967,0.01146478868322447,0
b2624,b2625,0,0.9605463147163391,0.8705562353134155,0.9365757703781128,0.9107900261878967,0.8030150532722473,0.9315175414085388,0.9500505924224854,0.9131591320037842,0.8755696415901184,0.8741440773010254,0.9025924384593964,1
b2625,b2626,1,0.9226951599121094,0.9095892906188965,0.7631984949111938,0.9040936231613159,0.7304161787033081,0.9005183577537537,0.8657090067863464,0.8871099948883057,0.8524195551872253,0.882340669631958,0.8618090331554413,1
b2626,b2630,0,8.751652057981119e-05,0.00011729879770427942,0.002229898003861308,0.00031122114160098135,0.0010571912862360477,0.00242068013176322,0.00012511922977864742,8.314571459777653e-05,0.0006972433184273541,0.0001670661149546504,0.0007296380259504076,0
b2630,b2631,0,0.9975142478942871,0.9912393093109131,0.9970211982727051,0.9730159640312195,0.9905223250389099,0.9913182258605957,0.9947592616081238,0.9830282926559448,0.9990429282188416,0.9965329766273499,0.991399472951889,1
b2631,b2632,0,0.1681065857410431,0.18755556643009186,0.03419366851449013,0.13135947287082672,0.08611773699522018,0.07985388487577438,0.12931691110134125,0.2547808289527893,0.10970143228769302,0.05692164972424507,0.1237907737493515,0
b2632,b2633,1,0.8379753828048706,0.8824557662010193,0.3863914906978607,0.9100369811058044,0.8270741105079651,0.8456360101699829,0.8141777515411377,0.7917601466178894,0.8843573331832886,0.877007246017456,0.8056872218847275,1
b2633,b2634,0,0.5105518102645874,0.3119264841079712,0.20396116375923157,0.4219262897968292,0.2318911999464035,0.6177430748939514,0.3229929804801941,0.27213314175605774,0.3915061354637146,0.34858062863349915,0.363321290910244,0
b2634,b2635,1,0.9815592765808105,0.9525923132896423,0.941040575504303,0.9631993174552917,0.9197666049003601,0.9588010311126709,0.9684754014015198,0.9667986035346985,0.9647494554519653,0.9546179175376892,0.9571600496768952,1
b2635,b2636,1,0.9968408942222595,0.997061014175415,0.9979370832443237,0.987122654914856,0.9866693019866943,0.9881053566932678,0.9984891414642334,0.9914345145225525,0.9984155893325806,0.994373619556427,0.993644917011261,1
b2636,b2637,1,0.9423972964286804,0.9303562641143799,0.9776091575622559,0.9241678714752197,0.9023639559745789,0.9354500770568848,0.9799727201461792,0.9137625694274902,0.940660297870636,0.9656850099563599,0.9412425220012665,1
b2637,b2642,0,0.0015069369692355394,0.007159985136240721,0.0006945385248400271,0.009374936111271381,0.013329713605344296,0.022809291258454323,0.009024746716022491,0.00540430610999465,0.022640777751803398,0.0026233065873384476,0.009456853877054527,0
b2642,b2643,0,0.02321384847164154,0.012786786071956158,0.11141566187143326,0.03403571993112564,0.05392085015773773,0.05305461958050728,0.016589904204010963,0.018291085958480835,0.05780836567282677,0.017956433817744255,0.039907327573746446,0
b2643,b2644,1,0.995677649974823,0.9910781383514404,0.9624453783035278,0.9888766407966614,0.9715506434440613,0.9841130375862122,0.995866596698761,0.9809787273406982,0.9928370714187622,0.9804271459579468,0.9843851029872894,1
b2644,b4548,1,0.9916766285896301,0.9832296371459961,0.9606799483299255,0.9544451236724854,0.932953417301178,0.9809308052062988,0.9851132035255432,0.9761869311332703,0.9850208163261414,0.9665592312812805,0.9716795742511749,1
b4548,b2645,1,0.9553918242454529,0.9152294993400574,0.8602122664451599,0.9739148616790771,0.9005263447761536,0.9273982048034668,0.974815845489502,0.950752854347229,0.9522449374198914,0.9024530649185181,0.9312939703464508,1
b2645,b2646,1,0.9943197965621948,0.9800644516944885,0.9493967890739441,0.9277632236480713,0.834834098815918,0.9706711769104004,0.9905121922492981,0.9782738089561462,0.955372154712677,0.9317519068717957,0.9512959599494935,1
b2646,b2659,0,1.977962710952852e-05,0.00012144039646955207,0.001791823422536254,0.00011039073433494195,0.0006747448933310807,0.0006065273191779852,6.109728565206751e-05,3.8383925129892305e-05,0.00024722557282075286,0.0002148680796381086,0.00038862812562001636,0
b2659,b2660,1,0.9926760196685791,0.988373339176178,0.9864600300788879,0.9789149761199951,0.9332886338233948,0.9853171110153198,0.9928716421127319,0.9825329184532166,0.9780550599098206,0.9713096618652344,0.9789799392223358,1
b2660,b2661,1,0.9947769641876221,0.9900624752044678,0.9733503460884094,0.9810705780982971,0.9554535150527954,0.9852131605148315,0.9933245778083801,0.9799448251724243,0.9886045455932617,0.9815571904182434,0.9823358178138732,1
b2661,b2662,1,0.9978213310241699,0.9914565086364746,0.9949023723602295,0.9734015464782715,0.9549744725227356,0.9850401878356934,0.9950354695320129,0.9808517694473267,0.9876900911331177,0.9808858036994934,0.9842059552669525,1
b2662,b2663,1,0.9710819721221924,0.9568622708320618,0.9268026947975159,0.9461154937744141,0.8096753358840942,0.9226369857788086,0.9705590605735779,0.9048939347267151,0.9202404022216797,0.902814507484436,0.9231682658195496,1
b2663,b2664,1,0.7079057693481445,0.7895176410675049,0.6987101435661316,0.7438726425170898,0.5788090229034424,0.6599868535995483,0.6564589142799377,0.8218327164649963,0.7414692044258118,0.7946358919143677,0.7193198800086975,1
b2664,b2667,0,0.0013408815721049905,0.0023651462979614735,0.0007073315791785717,0.0037742601707577705,0.004451641347259283,0.006013236008584499,0.000765630102250725,0.0022511465940624475,0.00420977920293808,0.001803648890927434,0.0027682701766025275,0
b2667,b2668,1,0.9927555322647095,0.9890364408493042,0.9891757369041443,0.9799112677574158,0.9555304050445557,0.993893027305603,0.9960063099861145,0.977995753288269,0.9899112582206726,0.9874508380889893,0.9851666569709778,1
b2668,b2670,0,0.05047881603240967,0.023906363174319267,0.007370763923972845,0.037936486303806305,0.032316990196704865,0.05373227596282959,0.08159609138965607,0.034926887601614,0.0350077822804451,0.009013138711452484,0.03662855955772102,0
b2670,b2672,0,0.0015335498610511422,0.0034247280564159155,8.030518074519932e-05,0.014287063851952553,0.015206176787614822,0.01578354649245739,0.0007826794753782451,0.0018741086823865771,0.012541482225060463,0.007122409995645285,0.007263605060870759,0
b2672,b2673,0,0.30409371852874756,0.03873266652226448,0.030796369537711143,0.08099152892827988,0.101735420525074,0.07392985373735428,0.02399365045130253,0.039977703243494034,0.09687090665102005,0.03473213315010071,0.08258539512753486,0
b2673,b2674,1,0.9973570108413696,0.9822671413421631,0.9968802332878113,0.9812841415405273,0.9877011775970459,0.9873202443122864,0.9984792470932007,0.9846510291099548,0.9984185695648193,0.9949023723602295,0.9909261167049408,1
b2674,b2675,1,0.9961479902267456,0.9961860775947571,0.9945400357246399,0.9855991005897522,0.9800696969032288,0.982710063457489,0.998943030834198,0.9880913496017456,0.9973102807998657,0.9937617182731628,0.9913359344005584,1
b2675,b2676,1,0.9961331486701965,0.9860067963600159,0.9906542897224426,0.9657684564590454,0.9465738534927368,0.9560809135437012,0.9915910363197327,0.9629988074302673,0.9814672470092773,0.9621793627738953,0.9739453911781311,1
b2682,b2683,1,0.9974845051765442,0.9968228340148926,0.9964321255683899,0.9723982214927673,0.9892744421958923,0.990348756313324,0.9950558543205261,0.9849220514297485,0.9989217519760132,0.9960486888885498,0.9917709231376648,1
b2683,b2684,0,0.8496837019920349,0.7352612614631653,0.22222232818603516,0.7479710578918457,0.6422423720359802,0.8687635064125061,0.6419355273246765,0.6714842915534973,0.6646329760551453,0.8267843723297119,0.6870981395244599,1
b2684,b2685,1,0.7598562836647034,0.5443593263626099,0.32620617747306824,0.7473040223121643,0.6647239327430725,0.43476077914237976,0.2827032506465912,0.657015323638916,0.6058353781700134,0.5385266542434692,0.5561291128396988,1
b2685,b2686,1,0.9938779473304749,0.9919012188911438,0.9788406491279602,0.9902550578117371,0.9776068329811096,0.9849494099617004,0.9972072243690491,0.9880422353744507,0.9946210980415344,0.9881389141082764,0.9885440587997436,1
b2703,b2704,1,0.9910180568695068,0.9895230531692505,0.9513471722602844,0.9702720046043396,0.948189377784729,0.9824926257133484,0.9850696325302124,0.9741918444633484,0.9835283756256104,0.9730477333068848,0.9748679876327515,1
b2704,b2705,1,0.9829678535461426,0.967046856880188,0.9781482219696045,0.9302362203598022,0.922435998916626,0.9593638777732849,0.9727823138237,0.9403370022773743,0.9420244693756104,0.9679855108261108,0.9563328325748444,1
b2705,b2706,1,0.9684797525405884,0.8682293891906738,0.6370636820793152,0.8865905404090881,0.7415235638618469,0.9027966856956482,0.7510964870452881,0.8656668066978455,0.8878054022789001,0.871108889579773,0.8380361199378967,1
b2706,b2707,1,0.8438417911529541,0.8918862342834473,0.6572666764259338,0.8667687773704529,0.8462876081466675,0.9301440715789795,0.7897840738296509,0.8611307144165039,0.9010804295539856,0.9067800045013428,0.8494970381259919,1
b2707,b2708,1,0.9974389672279358,0.9972549080848694,0.9971559643745422,0.9809768795967102,0.9880344271659851,0.9888787269592285,0.9980636239051819,0.9890390634536743,0.9986276030540466,0.9951979517936707,0.9930668115615845,1
b2708,b2710,0,0.006876423954963684,0.0041383299976587296,0.003193656215444207,0.017107632011175156,0.029199538752436638,0.02261468954384327,0.0012279418297111988,0.013624320738017559,0.024077903479337692,0.009083252400159836,0.013114368892274797,0
b2710,b2711,1,0.9972545504570007,0.9965627789497375,0.9975674152374268,0.980025053024292,0.9894375205039978,0.989617645740509,0.9971136450767517,0.9879692196846008,0.9987958669662476,0.9956918954849243,0.9930035591125488,1
b2711,b2715,0,0.022545531392097473,0.03657688573002815,0.01620427705347538,0.016355419531464577,0.005614917259663343,0.013395419344305992,0.003634281922131777,0.017361082136631012,0.012063369154930115,0.0011587959015741944,0.014490997942630202,0
b2715,b2716,1,0.9960545301437378,0.9873115420341492,0.9958323836326599,0.980707049369812,0.9683580994606018,0.9862022399902344,0.9979619383811951,0.9800220131874084,0.9876763224601746,0.9845982193946838,0.9864724338054657,1
b2716,b2726,0,2.5933428332791664e-05,4.3735828512581065e-05,6.155266305540863e-07,0.00011189512588316575,0.0005171344382688403,0.00041420318302698433,1.7431926835342892e-06,3.6584267945727333e-05,8.403265383094549e-05,0.00014010583981871605,0.00013759834849338403,0
b2726,b2727,1,0.9927937388420105,0.9923877716064453,0.9906800389289856,0.9838794469833374,0.9621694087982178,0.9884083271026611,0.995395839214325,0.9865064024925232,0.9922741651535034,0.988537609577179,0.9873032748699189,1
b2727,b2728,1,0.9955790638923645,0.9956671595573425,0.9969077110290527,0.9746151566505432,0.990441083908081,0.9915546178817749,0.9934737086296082,0.9825757145881653,0.9989716410636902,0.9966220259666443,0.9916407883167266,1
b2728,b2729,1,0.9962446689605713,0.997179388999939,0.9964221119880676,0.9857394099235535,0.979786217212677,0.984714686870575,0.9990763068199158,0.991146445274353,0.9974401593208313,0.9930077791213989,0.9920757174491882,1
b2729,b2730,1,0.9971213936805725,0.9968690872192383,0.9972497820854187,0.9804641008377075,0.9893739223480225,0.9899657964706421,0.9978080987930298,0.9874028563499451,0.998746395111084,0.9954954981803894,0.9930496931076049,1
b2730,b2731,1,0.9972440600395203,0.972025990486145,0.9720226526260376,0.9866572022438049,0.9522322416305542,0.9756866693496704,0.9934275150299072,0.9763778448104858,0.9878657460212708,0.964375913143158,0.9777915835380554,1
b2731,b2733,0,0.46590059995651245,0.5626402497291565,0.07827629894018173,0.7095811367034912,0.4406636357307434,0.6237017512321472,0.1284639537334442,0.5491058826446533,0.5484547019004822,0.48509207367897034,0.45918802842497825,0
b2733,b2734,0,0.9632243514060974,0.8753787279129028,0.7444431781768799,0.7158017158508301,0.5593493580818176,0.6596847772598267,0.7731615304946899,0.6034373641014099,0.8305867910385132,0.7102756500244141,0.7435343444347382,1
b2734,b2736,0,0.0011084118159487844,0.005096746608614922,0.0016778892604634166,0.004095745272934437,0.0069868783466517925,0.006912435404956341,0.0013423165073618293,0.0009513937984593213,0.004416211973875761,0.002445751801133156,0.003503378079039976,0
b2736,b2737,1,0.9976447224617004,0.997107207775116,0.9969719052314758,0.9802011847496033,0.988663375377655,0.9891992211341858,0.9982960820198059,0.9888797998428345,0.9987710118293762,0.9957369565963745,0.9931471467018127,1
b2737,b2738,1,0.9932907223701477,0.930463969707489,0.8382755517959595,0.9561337828636169,0.8960266709327698,0.9615076780319214,0.9825869202613831,0.9588760137557983,0.9643100500106812,0.9369975328445435,0.941846889257431,1
b2738,b2739,1,0.9965817928314209,0.9930718541145325,0.986436665058136,0.9840488433837891,0.9644981622695923,0.9904886484146118,0.9983614087104797,0.9858596324920654,0.9926819205284119,0.9823597073554993,0.9874388635158539,1
b2739,b2740,1,0.8354600667953491,0.6885122060775757,0.9032170176506042,0.7346514463424683,0.6586410999298096,0.6173768043518066,0.5386086106300354,0.6030844449996948,0.8664394021034241,0.6018652319908142,0.7047856330871582,1
b2740,b2753,0,4.6062956243986264e-05,0.00011825047113234177,4.867443294642726e-06,0.00017099373508244753,0.0004620036343112588,0.0013014390133321285,2.0137487808824517e-05,0.0002427206636639312,0.0003281144017819315,8.649584196973592e-05,0.0002781085648621229,0
b2765,b2766,1,0.6192178130149841,0.31790995597839355,0.11972127109766006,0.5612862706184387,0.6832070350646973,0.4016055166721344,0.2798023521900177,0.19500228762626648,0.5292891263961792,0.4044341742992401,0.4111475802958012,0
b2766,b2767,1,0.9972979426383972,0.9939790964126587,0.9958528280258179,0.9662203788757324,0.9905006885528564,0.9920470714569092,0.9934059381484985,0.9807570576667786,0.9991111755371094,0.9971100687980652,0.9906282246112823,1
b2767,b2768,1,0.99479079246521,0.9863690137863159,0.9787318706512451,0.9863885641098022,0.9754529595375061,0.9906431436538696,0.9976867437362671,0.9798647165298462,0.99608314037323,0.9881336092948914,0.9874144554138183,1
b2768,b2775,0,6.098552330513485e-05,6.758554081898183e-05,0.0001342732139164582,0.0004427636449690908,0.001247536507435143,0.0013718393165618181,5.370949111238588e-06,0.00021951842063572258,0.0007860324694775045,0.0002769848215393722,0.0004612890407770465,0
b2775,b2776,1,0.9892740845680237,0.9683159589767456,0.9810928106307983,0.9571273922920227,0.9203640818595886,0.9740236401557922,0.9758705496788025,0.9396358728408813,0.949052095413208,0.9637437462806702,0.9618500232696533,1
b2778,b2786,0,0.0008826596895232797,0.0009371057385578752,0.00043323999852873385,0.001094408449716866,0.0023451910819858313,0.001443365472368896,9.738434164319187e-05,0.000885192712303251,0.0007605571881867945,0.0017149721970781684,0.0010594076869892889,0
b2786,b2794,0,6.544597272295505e-05,0.0002173938846681267,4.6700126404175535e-05,0.00040085407090373337,0.001931633916683495,0.0025494834408164024,6.548126293637324e-06,0.00018668873235583305,0.0003088836092501879,0.0008148933993652463,0.0006528525279463793,0
b2794,b2795,0,0.5555838346481323,0.6051609516143799,0.07178947329521179,0.7098221182823181,0.691326379776001,0.7860180735588074,0.6160118579864502,0.7541663646697998,0.6495101451873779,0.8059253096580505,0.6245314508676529,1
b2795,b2796,0,0.80034339427948,0.3984483778476715,0.16854360699653625,0.37817850708961487,0.4600785970687866,0.47484201192855835,0.6751341819763184,0.5831655263900757,0.43348458409309387,0.33135533332824707,0.4703574120998383,0
b2796,b2797,1,0.9969480037689209,0.982781171798706,0.9471714496612549,0.9844837188720703,0.9397304058074951,0.955596923828125,0.9967437982559204,0.9465029835700989,0.9730987548828125,0.940959632396698,0.9664016842842102,1
b2797,b2798,1,0.969772458076477,0.8770835399627686,0.4808444380760193,0.9079240560531616,0.8786486983299255,0.7071092128753662,0.6690976619720459,0.7321196794509888,0.9253517389297485,0.9137166142463684,0.8061668097972869,1
b2798,b2801,0,0.00243872357532382,0.0009042408200912178,0.0023389849811792374,0.0024545371998101473,0.002511862898245454,0.006891552824527025,0.004484682809561491,0.0035703072790056467,0.00302986241877079,0.0008601535810157657,0.0029484908387530594,0
b2801,b2802,1,0.9930016398429871,0.9822655320167542,0.9786585569381714,0.9507228136062622,0.916261613368988,0.9808388948440552,0.9889563918113708,0.9647665619850159,0.9729057550430298,0.9748810529708862,0.9703258812427521,1
b2802,b2803,1,0.9979697465896606,0.9849551916122437,0.9634318351745605,0.9869784116744995,0.9473419189453125,0.9819430708885193,0.9957894086837769,0.9781082272529602,0.9899845719337463,0.9773954749107361,0.9803897857666015,1
b2803,b2804,0,0.9960393309593201,0.9968652725219727,0.98407381772995,0.9874829053878784,0.9807720184326172,0.9947003126144409,0.9954546689987183,0.9879791140556335,0.997540295124054,0.993059515953064,0.9913967251777649,1
b2804,b2805,1,0.843558132648468,0.909241259098053,0.1987275928258896,0.8608438372612,0.8371418118476868,0.8486208319664001,0.7733535170555115,0.6982092261314392,0.8789506554603577,0.9063824415206909,0.7755029305815697,1
b2831,b2832,0,0.47888410091400146,0.5661300420761108,0.16584736108779907,0.6093270182609558,0.6406689882278442,0.4817463159561157,0.30136638879776,0.3366148769855499,0.6542277932167053,0.7525140643119812,0.4987326949834824,0
b2832,b2833,0,0.28725436329841614,0.32605791091918945,0.1987154185771942,0.3303583860397339,0.29096752405166626,0.3410622179508209,0.18798696994781494,0.18135862052440643,0.5270091891288757,0.31101441383361816,0.2981785014271736,0
b2833,b2834,0,0.23721207678318024,0.20310121774673462,0.09016413241624832,0.1994505673646927,0.38474544882774353,0.32682421803474426,0.15694893896579742,0.15235869586467743,0.46431830525398254,0.5512319803237915,0.27663555815815927,0
b2834,b2837,0,0.00015292037278413773,0.0005533964722417295,0.00018133805133402348,0.002693673362955451,0.0034979379270225763,0.0034204062540084124,8.022046677069739e-05,0.0011080934200435877,0.002890960779041052,0.0008402990060858428,0.001541924611228751,0
b2837,b2839,0,0.0032918103970587254,0.008245653472840786,0.00141452020034194,0.031204605475068092,0.034771159291267395,0.015394448302686214,0.013426833786070347,0.010597902350127697,0.03469710797071457,0.005481821950525045,0.01585258631967008,0
b2839,b2845,0,8.496872760588303e-05,4.0778060792945325e-05,0.0003649642167147249,0.00016340457659680396,0.000946035492233932,0.0011501165572553873,6.305662100203335e-05,0.00017305782239418477,0.0004490842402447015,0.00016110338037833571,0.0003596569695218932,0
b2845,b2846,0,0.2733372151851654,0.06611965596675873,0.07597081363201141,0.14883261919021606,0.16499190032482147,0.19870270788669586,0.030600691214203835,0.20417973399162292,0.17133736610412598,0.11849866807460785,0.14525713715702296,0
b2846,b2847,0,0.056953657418489456,0.026392454281449318,0.00137165782507509,0.05111675709486008,0.0885552167892456,0.13025742769241333,0.006410418543964624,0.02589842863380909,0.0791870653629303,0.10557658970355988,0.057171967334579674,0
b2847,b2848,1,0.9967136383056641,0.9957260489463806,0.9971082806587219,0.9768444299697876,0.9904119372367859,0.9904524087905884,0.9954341650009155,0.9853891730308533,0.9990237951278687,0.9964591860771179,0.9923563063144684,1
b2848,b2851,0,0.00033014017390087247,0.0005117206019349396,0.021282058209180832,0.003851542016491294,0.0029720396269112825,0.0028477704618126154,7.431680569425225e-05,0.00046293644118122756,0.0025867056101560593,0.0006276446511037648,0.003554687459836714,0
b2851,b2852,0,0.21446435153484344,0.08685361593961716,0.3973621428012848,0.1908903419971466,0.10014823824167252,0.27525559067726135,0.03507421910762787,0.11705039441585541,0.13102872669696808,0.14895735681056976,0.1697084978222847,0
b2852,b2853,0,0.8642959594726562,0.8616641163825989,0.47730323672294617,0.7974686026573181,0.5551997423171997,0.8185036778450012,0.8899698853492737,0.805995762348175,0.6038059592247009,0.5990247130393982,0.7273231655359268,1
b2853,b2866,0,0.00011788951815105975,0.00019361892191227525,8.790920401224867e-05,0.0003499457670841366,0.0011502305278554559,0.0018297935603186488,1.4388278941623867e-05,0.0003956086002290249,0.000445702753495425,0.00040092432755045593,0.0004986011459550355,0
b2866,b2867,1,0.9637239575386047,0.9677188396453857,0.9770228266716003,0.9193332195281982,0.9206728339195251,0.9041332006454468,0.9556503891944885,0.9429037570953369,0.9668483138084412,0.9221296310424805,0.9440136969089508,1
b2867,b2868,1,0.9975777864456177,0.9964939951896667,0.9968087077140808,0.9760937690734863,0.9903790950775146,0.9908639192581177,0.9954764246940613,0.9853857755661011,0.9990334510803223,0.9963828921318054,0.9924495816230774,1
b2868,b2870,0,0.00010901222412940115,0.00037378721754066646,0.0030987036880105734,0.000587511109188199,0.0013196937507018447,0.0014947832096368074,0.00040353083750233054,0.00025698659010231495,0.001386619871482253,0.0002844688424374908,0.0009315097340731882,0
b2870,b2871,1,0.9956825971603394,0.9613660573959351,0.9826674461364746,0.9574037194252014,0.8940240144729614,0.9154282212257385,0.9865859150886536,0.9432690143585205,0.9670484662055969,0.9187145829200745,0.9522190034389496,1
b2871,b2872,1,0.9952542185783386,0.9905455708503723,0.976716935634613,0.9854767918586731,0.9706879258155823,0.9899320602416992,0.9977914094924927,0.9856439828872681,0.9954914450645447,0.9898978471755981,0.9877438187599182,1
b2872,b2873,1,0.9976708889007568,0.9831214547157288,0.9748945236206055,0.9864853024482727,0.9457909464836121,0.9765494465827942,0.9955272078514099,0.9771960377693176,0.986045777797699,0.9692836403846741,0.979256522655487,1
b2873,b2874,1,0.9966261982917786,0.9843336343765259,0.9960941672325134,0.9706507921218872,0.9232794046401978,0.9826157689094543,0.995149552822113,0.9768801331520081,0.9818568825721741,0.9658089876174927,0.9773295521736145,1
b2874,b2877,0,0.0046391673386096954,0.0031610738951712847,0.0014769301051273942,0.004762277472764254,0.003396729938685894,0.033722084015607834,0.014820798300206661,0.0021989024244248867,0.006311127915978432,0.0011606186162680387,0.007564971002284438,0
b2877,b2878,0,0.4397454857826233,0.5185515284538269,0.13040195405483246,0.8066223859786987,0.6405007243156433,0.5368521213531494,0.22876867651939392,0.3705417811870575,0.6669492125511169,0.570677638053894,0.4909611508250237,0
b2878,b2879,1,0.9942935109138489,0.9769019484519958,0.95550537109375,0.9705910086631775,0.9566088318824768,0.9619339108467102,0.9918428063392639,0.9651736617088318,0.9860327839851379,0.9734581708908081,0.9732342004776001,1
b2879,b2880,1,0.9982258081436157,0.9892087578773499,0.9910508394241333,0.9829169511795044,0.9653205275535583,0.9918950796127319,0.9952322840690613,0.990763783454895,0.9935162663459778,0.9839033484458923,0.988203364610672,1
b2880,b2881,1,0.996568500995636,0.9971755743026733,0.9968557953834534,0.9857579469680786,0.9819655418395996,0.9850785732269287,0.9990916848182678,0.9911789298057556,0.9977788925170898,0.9936679601669312,0.9925119400024414,1
b2881,b2882,0,0.9531529545783997,0.8826185464859009,0.8838590979576111,0.8782323598861694,0.6678282618522644,0.6960658431053162,0.9327919483184814,0.6328403353691101,0.8892712593078613,0.8138387203216553,0.823049932718277,1
b2882,b2883,0,0.9953545928001404,0.9855404496192932,0.9860324263572693,0.9619530439376831,0.939555287361145,0.9820547103881836,0.9858556389808655,0.9758842587471008,0.9748486280441284,0.9788386821746826,0.9765917718410492,1
b2883,b4464,1,0.9888490438461304,0.9593563079833984,0.9810574650764465,0.9499766230583191,0.8755897879600525,0.9571006298065186,0.9854589700698853,0.9172459840774536,0.9490596652030945,0.9462348222732544,0.9509929299354554,1
b4464,b2888,0,0.00040230073500424623,0.0025966463144868612,0.002413867274299264,0.012479489669203758,0.008500637486577034,0.011778952553868294,0.004125852603465319,0.0023540209513157606,0.011956332251429558,0.0013275108067318797,0.005793561064638198,0
b2889,b2895,0,3.7889105442445725e-05,5.530719499802217e-05,1.2673402125074062e-05,0.00013379866140894592,0.00042015063809230924,0.0006806814344599843,2.6118383175344206e-05,0.0001387312076985836,0.00028718297835439444,3.832964284811169e-05,0.00018308626486032153,0
b2895,b2898,0,0.006403466686606407,0.05901813507080078,0.013484581373631954,0.028169631958007812,0.02165623940527439,0.10030432790517807,0.052150942385196686,0.02839009277522564,0.07213298231363297,0.012497248128056526,0.03942076480016112,0
b2898,b2901,0,0.07601255178451538,0.06875639408826828,0.024108845740556717,0.12426091730594635,0.07596447318792343,0.11934418231248856,0.049098771065473557,0.07099010795354843,0.1486976146697998,0.042766306549310684,0.08000001646578311,0
b2901,b2910,0,5.276754563965369e-06,7.115524931577966e-05,2.1357668629207183e-06,0.00010243827273370698,0.00034699367824941874,0.0002711659763008356,1.1741712114599068e-05,7.606815779581666e-05,0.00017486703291069716,4.5774595491820946e-05,0.0001107617196339561,0
b2916,b2917,0,0.7825884222984314,0.6514961123466492,0.4212973415851593,0.5873971581459045,0.5006636381149292,0.46399974822998047,0.5794780254364014,0.7046589255332947,0.7743135690689087,0.5911852717399597,0.6057078212499618,1
b2917,b2918,1,0.9973980784416199,0.9957362413406372,0.9968827366828918,0.9736791849136353,0.9904243350028992,0.9907832145690918,0.9949416518211365,0.9839248657226562,0.9990615248680115,0.9966021776199341,0.9919434010982513,1
b2918,b2919,1,0.9905595183372498,0.9850414991378784,0.9869813323020935,0.9571407437324524,0.9297093749046326,0.9634146094322205,0.992604672908783,0.9639749526977539,0.97025465965271,0.968525230884552,0.9708206593990326,1
b2919,b2920,1,0.9952786564826965,0.9816755056381226,0.9810318350791931,0.9747495651245117,0.9310815334320068,0.9837756752967834,0.9968567490577698,0.9734373688697815,0.982987642288208,0.9645644426345825,0.9765438973903656,1
b2920,b2936,0,1.1463889677543193e-05,7.236646342789754e-05,4.542723036138341e-05,0.00011889653978869319,0.0004459128831513226,0.000472535437438637,4.400422710659768e-07,3.695860141306184e-05,0.00014309045218396932,0.00018307517166249454,0.00015301667113760687,0
b2936,b2940,0,0.001305015990510583,0.0028381242882460356,2.98295562970452e-05,0.0040870956145226955,0.0025319999549537897,0.0027710117865353823,0.002085118554532528,0.0028886054642498493,0.009028569795191288,0.0005263463244773448,0.0028091717329516543,0
b2940,b2942,0,0.17216502130031586,0.09358416497707367,0.03052022121846676,0.13781145215034485,0.1075638085603714,0.24462319910526276,0.06239290162920952,0.11509101837873459,0.2541152834892273,0.12355873733758926,0.1341425808146596,0
b2942,b2943,0,0.4971320331096649,0.3522619605064392,0.4016704559326172,0.40260007977485657,0.3855205774307251,0.39982372522354126,0.5229072570800781,0.3973143994808197,0.45997223258018494,0.3583413362503052,0.41775440573692324,0
b2943,b2944,1,0.22634710371494293,0.7274406552314758,0.49679794907569885,0.8275311589241028,0.7052302956581116,0.5236359238624573,0.5678722858428955,0.31637540459632874,0.663577139377594,0.6850687861442566,0.5739876702427864,1
b2944,b2945,1,0.9369289875030518,0.8861058950424194,0.785320520401001,0.9167456030845642,0.7751166224479675,0.9334132671356201,0.9293405413627625,0.8541923761367798,0.920496940612793,0.9112762212753296,0.8848936975002288,1
b2945,b2946,0,0.8156742453575134,0.8414273262023926,0.48875191807746887,0.8371734619140625,0.6990867853164673,0.9153026342391968,0.8727008700370789,0.8303621411323547,0.7928168177604675,0.870883047580719,0.7964179247617722,1
b2946,b2947,1,0.9953061938285828,0.9955341815948486,0.9930029511451721,0.9877623319625854,0.971155047416687,0.9927183985710144,0.996723473072052,0.9931834936141968,0.9958798885345459,0.9894120097160339,0.9910677969455719,1
b2947,b2948,0,0.18933244049549103,0.4480430483818054,0.2718639075756073,0.48491549491882324,0.7384663820266724,0.28338944911956787,0.5351232886314392,0.1839447021484375,0.7829028964042664,0.5337599515914917,0.4451741561293602,0
b2948,b2949,1,0.9974327683448792,0.9961713552474976,0.9970000386238098,0.976987898349762,0.9898312091827393,0.9896500706672668,0.996496856212616,0.9858320355415344,0.9989124536514282,0.9961744546890259,0.992448914051056,1
b2949,b2951,0,0.00922560878098011,0.010163981467485428,0.016392726451158524,0.027979757636785507,0.018529612571001053,0.026059027761220932,0.04315757006406784,0.011478288099169731,0.0178449098020792,0.006454502698034048,0.018728598533198238,0
b2951,b2952,1,0.9964156150817871,0.9943881034851074,0.9858244061470032,0.9876671433448792,0.97623211145401,0.9932148456573486,0.9966835975646973,0.9864671230316162,0.9970434308052063,0.9896867871284485,0.9903623163700104,1
b2952,b2953,1,0.9972850680351257,0.997724175453186,0.9967851638793945,0.9799653887748718,0.9905590415000916,0.9916486144065857,0.9961268305778503,0.9888380765914917,0.9990524649620056,0.9961896538734436,0.9934174478054046,1
b2953,b2954,1,0.9937161207199097,0.9885910153388977,0.9968221187591553,0.9823134541511536,0.9458520412445068,0.9880924224853516,0.9960891604423523,0.9733973741531372,0.9838753342628479,0.9814569354057312,0.9830205976963043,1
b2954,b2955,1,0.9971144795417786,0.9915605187416077,0.9973347783088684,0.9843683838844299,0.987282931804657,0.9865540266036987,0.9983934760093689,0.989013135433197,0.9982813000679016,0.9949241876602173,0.9924827218055725,1
b2955,b2961,0,0.00025546998949721456,0.00010788112558657303,0.0003839239361695945,0.00025526864919811487,0.0012878483394160867,0.0012943309266120195,5.388236968428828e-05,7.847327651688829e-05,0.0008116988465189934,0.0005423066322691739,0.0005071084091468947,0
b2961,b2962,1,0.9886500835418701,0.9906017184257507,0.9764043092727661,0.9783676862716675,0.9560626745223999,0.9889285564422607,0.9891524910926819,0.9742395877838135,0.9902956485748291,0.9856157898902893,0.9818318545818329,1
b2962,b2963,1,0.9918861985206604,0.9735288619995117,0.9579378962516785,0.9869222640991211,0.9624157547950745,0.9565432071685791,0.9880008697509766,0.9409363269805908,0.990421712398529,0.9745559692382812,0.9723149061203002,1
b2963,b2964,0,0.43224453926086426,0.14105862379074097,0.017508869990706444,0.3186775743961334,0.39107540249824524,0.3758482038974762,0.1169499084353447,0.19785669445991516,0.3254367709159851,0.5212998986244202,0.28379564862698314,0
b2964,b2966,0,0.001744789187796414,0.0023142111022025347,0.0001334154512733221,0.014704462140798569,0.010000508278608322,0.009727208875119686,0.0033083383459597826,0.0012178915785625577,0.015415993519127369,0.0017532469937577844,0.0060320065473206345,0
b2986,b2989,0,0.0001261114957742393,0.00024670237326063216,0.0026777642779052258,0.0009415374952368438,0.0016893601277843118,0.002055239398032427,3.840999852400273e-05,0.0002561856235843152,0.0010348028736189008,0.0007731260266155005,0.0009839239690336398,0
b2989,b3001,0,1.212559436680749e-05,8.178553980542347e-05,0.001193464733660221,0.0001053477608365938,0.0003294521593488753,0.000522492453455925,0.00020102814596612006,6.262002716539428e-05,0.0002340793434996158,6.696912896586582e-05,0.0002809364887070842,0
b3001,b3003,0,0.6598976254463196,0.3874092400074005,0.31009072065353394,0.2013295590877533,0.15163098275661469,0.10427838563919067,0.2954746186733246,0.305370956659317,0.15178795158863068,0.03171653300523758,0.25989865735173223,0
b3003,b3008,0,0.00022971516591496766,0.0007980905356816947,0.000515083025675267,0.0016008546808734536,0.005899799056351185,0.002495808759704232,0.0011543955188244581,0.0006268536671996117,0.003773252945393324,0.0007478059851564467,0.0017841659340774641,0
b3008,b3009,0,0.4351102411746979,0.4660038352012634,0.030126236379146576,0.5744032859802246,0.4919261634349823,0.6922857761383057,0.25223249197006226,0.4830593764781952,0.46701839566230774,0.6169531941413879,0.4509118996560574,0
b3009,b3011,0,0.01123384665697813,0.003329360391944647,0.0007494310266338289,0.02016531117260456,0.021536819636821747,0.052674196660518646,0.0015800896799191833,0.00517328642308712,0.023723013699054718,0.011644736863672733,0.015181009221123531,0
b3011,b3012,1,0.9690852761268616,0.9747465252876282,0.95440673828125,0.9770470261573792,0.9247417449951172,0.9583408832550049,0.9927200675010681,0.9520329236984253,0.9756701588630676,0.97123122215271,0.9650022566318512,1
b3012,b3013,0,0.7189411520957947,0.6170769333839417,0.715674638748169,0.5368395447731018,0.4814223647117615,0.4236871302127838,0.30332690477371216,0.5785984992980957,0.6565369367599487,0.5005431175231934,0.5532647222280502,1
b3013,b3014,1,0.9440129399299622,0.9577727913856506,0.7998460531234741,0.9534580111503601,0.9042531251907349,0.9048989415168762,0.8838009238243103,0.8611848950386047,0.9531826972961426,0.9554862976074219,0.9117896676063537,1
b3014,b3025,0,8.15609655546723e-06,4.1325656638946384e-05,1.65255289630295e-06,7.690415804972872e-05,0.00016956153558567166,0.00034227012656629086,7.750997610855848e-06,3.943122646887787e-05,0.00010015832958742976,2.892268639698159e-05,8.161333663565528e-05,0
b3025,b3026,1,0.9970007538795471,0.997290313243866,0.9974603652954102,0.9856420755386353,0.9863678812980652,0.9871970415115356,0.9985734224319458,0.9914464354515076,0.9982964396476746,0.9944327473640442,0.9933707475662231,1
b3026,b3028,0,0.07441501319408417,0.019956640899181366,0.01881331205368042,0.04511944577097893,0.05718919262290001,0.08321092277765274,0.005965850781649351,0.026780614629387856,0.053715381771326065,0.05283847823739052,0.043800485273823145,0
b3028,b3029,0,0.6853536367416382,0.7561351656913757,0.12168369442224503,0.7863886952400208,0.771242618560791,0.7866037487983704,0.7337329387664795,0.6769034266471863,0.769880473613739,0.8823878765106201,0.6970312274992466,1
b3029,b3035,0,2.8481872504926287e-05,0.00013299145211931318,7.281390571733937e-05,0.000311011157464236,0.0009439033456146717,0.0017764425138011575,1.3671794476977084e-05,0.00019936726312153041,0.0009035363327711821,0.00026229131617583334,0.00046445109537671667,0
b3035,b3037,0,0.26696205139160156,0.5221903324127197,0.20689617097377777,0.5501874089241028,0.5383294224739075,0.3794773817062378,0.17279759049415588,0.18351984024047852,0.6990809440612793,0.6388927102088928,0.4158333852887154,0
b3037,b3038,1,0.9955679178237915,0.9915269613265991,0.9865753054618835,0.9898600578308105,0.9782809019088745,0.9865139126777649,0.9975557327270508,0.9873576760292053,0.9955592155456543,0.987607479095459,0.9896405160427093,1
b3038,b3040,0,0.16093724966049194,0.04111053794622421,0.1495848298072815,0.07757469266653061,0.08203571289777756,0.06683117896318436,0.051735248416662216,0.09781410545110703,0.05015285685658455,0.03464489430189133,0.08124213069677352,0
b3040,b3042,0,0.00013521849177777767,0.0003513827978167683,0.0002304658410139382,0.00080840167356655,0.002247213153168559,0.0017169470665976405,0.0010423134081065655,0.00043338254909031093,0.0019271052442491055,0.00017690363165456802,0.0009069333857041784,0
b3042,b3043,0,0.4362404942512512,0.09655658155679703,0.09083672612905502,0.1888429820537567,0.1619148850440979,0.11160185188055038,0.08067652583122253,0.14394956827163696,0.19536061584949493,0.0712234377861023,0.1577203668653965,0
b3047,b3048,1,0.9683526754379272,0.9711471796035767,0.9798426032066345,0.963768482208252,0.9197813868522644,0.9505388736724854,0.985083281993866,0.9303727746009827,0.9605700373649597,0.9497378468513489,0.9579195141792297,1
b3048,b3050,0,0.0440690815448761,0.03124990127980709,0.011054224334657192,0.036954570561647415,0.05107080936431885,0.052617788314819336,0.007879926823079586,0.02193266898393631,0.05501631647348404,0.01666751131415367,0.03285127989947796,0
b3050,b3051,1,0.9953562617301941,0.9933850169181824,0.9859102964401245,0.9918829798698425,0.9689228534698486,0.9908128976821899,0.9980337619781494,0.9858779907226562,0.9945833086967468,0.9867303371429443,0.9891495704650879,1
b3055,b3056,1,0.972856342792511,0.9534008502960205,0.42299193143844604,0.9667088985443115,0.9160424470901489,0.7813761830329895,0.9078871011734009,0.8695170283317566,0.9593750834465027,0.9430860280990601,0.8693241894245147,1
b3056,b3059,0,0.00141441251616925,0.0029383220244199038,0.0013657035306096077,0.011326476000249386,0.012012181803584099,0.015170764178037643,0.00016284940647892654,0.00828391220420599,0.011706980876624584,0.004604092333465815,0.00689856948738452,0
b3059,b3061,0,0.006258649751543999,0.013453888706862926,0.02318039909005165,0.040198855102062225,0.030654260888695717,0.029414581134915352,0.05659114569425583,0.011972367763519287,0.04519406333565712,0.006691202521324158,0.026360941398888827,0
b3061,b3062,1,0.9970848560333252,0.9974258542060852,0.997995138168335,0.9822985529899597,0.990497887134552,0.9912284016609192,0.9967043995857239,0.9891751408576965,0.9990086555480957,0.9962611794471741,0.9937680065631866,1
b3062,b3063,1,0.8878182172775269,0.8602910041809082,0.7716204524040222,0.859168529510498,0.7228275537490845,0.844866156578064,0.7266548275947571,0.8041471838951111,0.8354197144508362,0.8706058859825134,0.8183419525623321,1
b3063,b3065,0,0.0019814681727439165,0.0047437818720936775,0.0022812006063759327,0.009130933322012424,0.011482681147754192,0.011392714455723763,0.0003296567592769861,0.0032450121361762285,0.004918476101011038,0.008563491515815258,0.005806941608898342,0
b3065,b3066,1,0.8309875130653381,0.5044525861740112,0.19406023621559143,0.7567856907844543,0.6471635103225708,0.39962270855903625,0.2611134350299835,0.7936004996299744,0.6082659959793091,0.4406994581222534,0.5436751633882523,1
b3066,b3067,1,0.9927836656570435,0.9769008755683899,0.9012176394462585,0.95008784532547,0.9090900421142578,0.9660706520080566,0.9805209040641785,0.9587164521217346,0.9677956104278564,0.9660735130310059,0.9569257199764252,1
b3073,b3075,0,0.0915393978357315,0.025124747306108475,0.005159618332982063,0.05184942111372948,0.07872859388589859,0.07140421122312546,0.11657209694385529,0.03035774827003479,0.042482640594244,0.0504482202231884,0.056366669572889806,0
b3075,b3076,0,0.8181657791137695,0.910208523273468,0.7340981364250183,0.9162096381187439,0.8396021723747253,0.7544583678245544,0.7932135462760925,0.8820518851280212,0.9251083731651306,0.8886179327964783,0.8461734354496002,1
b3076,b3077,1,0.9961337447166443,0.9932976961135864,0.9966908097267151,0.9669610857963562,0.9906037449836731,0.9926134347915649,0.9919142127037048,0.9804755449295044,0.9991285800933838,0.9972677230834961,0.9905086576938629,1
b3080,b3081,0,0.6094248294830322,0.43099212646484375,0.08630409836769104,0.6392220854759216,0.5638129711151123,0.5963690876960754,0.3888396620750427,0.2398453801870346,0.5633575916290283,0.6170505881309509,0.4735218420624733,0
b3081,b3085,0,0.0253002867102623,0.05848124995827675,0.0005838820361532271,0.07759710401296616,0.027224261313676834,0.06109099090099335,0.015339810401201248,0.06698822230100632,0.041906680911779404,0.012979362159967422,0.0387491850706283,0
b3085,b3086,1,0.987464189529419,0.9698540568351746,0.9659662246704102,0.9708333015441895,0.9068788290023804,0.9637706875801086,0.9847990870475769,0.9326143860816956,0.9653874039649963,0.9431764483451843,0.9590744614601135,1
b3086,b3087,0,0.693213164806366,0.7050074934959412,0.2398814558982849,0.7539986371994019,0.84536212682724,0.6823413968086243,0.5146260857582092,0.4525182545185089,0.8186257481575012,0.8935218453407288,0.6599096208810806,1
b3087,b3088,0,0.6514049172401428,0.6133100986480713,0.5265107154846191,0.4994029998779297,0.6005276441574097,0.41128137707710266,0.3790753483772278,0.6130163669586182,0.6572156548500061,0.3240791857242584,0.5275824308395386,1
b3088,b3089,0,0.11569179594516754,0.08344808220863342,0.010040068067610264,0.09295282512903214,0.1434595137834549,0.17799876630306244,0.014180070720613003,0.14549507200717926,0.14129772782325745,0.16295072436332703,0.10875146463513374,0
b3089,b3093,0,7.153699698392302e-05,0.0009177039610221982,0.0005903792334720492,0.0022035520523786545,0.0028144484385848045,0.003482326865196228,0.0006319281528703868,0.001008591498248279,0.004229208920150995,0.0009201834909617901,0.0016869859609869309,0
b3093,b3094,0,0.2815943658351898,0.4314674139022827,0.0826125517487526,0.46843987703323364,0.5580160021781921,0.29053154587745667,0.3680856227874756,0.29219958186149597,0.5439995527267456,0.46742671728134155,0.37843732312321665,0
b3094,b3095,0,0.14312350749969482,0.09854422509670258,0.009248625487089157,0.13258598744869232,0.13658547401428223,0.16269001364707947,0.013704552315175533,0.08576371520757675,0.20719341933727264,0.13142411410808563,0.11208636341616511,0
b3095,b3096,1,0.993563175201416,0.9896408915519714,0.9953954815864563,0.979728639125824,0.9466935992240906,0.984373927116394,0.9903379082679749,0.9703546166419983,0.9827491641044617,0.9775463938713074,0.9810383796691895,1
b3096,b3097,0,0.1853427141904831,0.12392513453960419,0.0393221415579319,0.18126869201660156,0.17894800007343292,0.2544059157371521,0.03939810022711754,0.14254002273082733,0.19875243306159973,0.22403584420681,0.15679389983415604,0
b3097,b3098,1,0.9767239093780518,0.9816673398017883,0.9574008584022522,0.9662848114967346,0.9339842200279236,0.9714483022689819,0.9873397350311279,0.9651117324829102,0.9792695045471191,0.9719661474227905,0.9691196560859681,1
b3098,b3099,1,0.9566601514816284,0.9822576642036438,0.9851639270782471,0.954247772693634,0.9244054555892944,0.9832344055175781,0.9806439280509949,0.9678558111190796,0.9782774448394775,0.9596475958824158,0.9672394156455993,1
b3099,b3100,1,0.9976282119750977,0.9970879554748535,0.9931657314300537,0.9764124155044556,0.9893251657485962,0.9892110824584961,0.9969550371170044,0.986636221408844,0.998775064945221,0.9956797361373901,0.9920876622200012,1
b3100,b3101,0,0.41037407517433167,0.0801071897149086,0.07423269003629684,0.2761581540107727,0.16800391674041748,0.10419552028179169,0.2604115307331085,0.37106460332870483,0.19468878209590912,0.09088656306266785,0.20301230251789093,0
b3101,b3102,0,0.9447021484375,0.9393695592880249,0.8826193809509277,0.9117349982261658,0.8757271766662598,0.9588416218757629,0.9702054858207703,0.9025249481201172,0.887503445148468,0.9589046239852905,0.9232133388519287,1
b3102,b3103,0,0.1404525190591812,0.12110836058855057,0.10863280296325684,0.12491525709629059,0.09399165958166122,0.24579094350337982,0.056812528520822525,0.1562824696302414,0.14921455085277557,0.10602939128875732,0.1303230483084917,0
b3103,b3104,0,0.025022316724061966,0.03047696128487587,0.052613623440265656,0.07055967301130295,0.11517806351184845,0.08610250800848007,0.009382165037095547,0.03724629804491997,0.12212774157524109,0.05365968868136406,0.060236903931945564,0
b3104,b3106,0,0.011935032904148102,0.0010382836917415261,0.0010695512173697352,0.0034106129314750433,0.007330606225878,0.006466439925134182,0.00971550215035677,0.0007580185774713755,0.00445057637989521,0.0018273070454597473,0.004800193104892969,0
b3106,b3107,0,0.572700023651123,0.7330288290977478,0.20447507500648499,0.7945740818977356,0.8317079544067383,0.6797611117362976,0.6735663414001465,0.6647236943244934,0.77491295337677,0.9009811878204346,0.6830431252717972,1
b3107,b3119,0,3.199580078216968e-06,1.5189490113698412e-05,1.4781118125029025e-06,3.4720596886472777e-05,0.00018942552560474724,0.00015646754764020443,8.362073344869714e-08,1.2806207450921647e-05,5.548797707888298e-05,5.483825589180924e-05,5.236969132909053e-05,0
b3119,b3120,0,0.014255496673285961,0.05463147535920143,0.011141523718833923,0.07969926297664642,0.050584468990564346,0.17021846771240234,0.006652011536061764,0.06457189470529556,0.047175854444503784,0.06026831269264221,0.05591987688094378,0
b3120,b3121,1,0.9954900145530701,0.9798697233200073,0.9733095169067383,0.9847611784934998,0.9429404139518738,0.9721823334693909,0.9945924282073975,0.9636699557304382,0.9861370921134949,0.9524559378623962,0.9745408594608307,1
b3121,b3128,0,0.00043056844151578844,0.00021966166968923062,3.060820745304227e-05,0.000505050818901509,0.0017553964862599969,0.004219955299049616,8.854560292093083e-06,0.0002423580299364403,0.0004737766575999558,0.0006301134126260877,0.000851634358332376,0
b3128,b3129,0,0.5425956845283508,0.2896463871002197,0.6437268257141113,0.44686952233314514,0.51202392578125,0.41739121079444885,0.2646165192127228,0.36141252517700195,0.619455873966217,0.5203137993812561,0.46180522739887236,0
b3129,b3130,1,0.9971649050712585,0.9977554678916931,0.9972972273826599,0.9829139113426208,0.9869667291641235,0.9884025454521179,0.9983229637145996,0.9910789728164673,0.9985273480415344,0.9943691492080688,0.9932799220085144,1
b3130,b3132,0,0.02385919913649559,0.028609953820705414,0.03318823128938675,0.05179759860038757,0.0367719791829586,0.024061523377895355,0.07464411854743958,0.0626436322927475,0.05477458983659744,0.008405526168644428,0.03987563522532582,0
b3132,b3133,1,0.979303240776062,0.9713741540908813,0.9479280710220337,0.9216257929801941,0.8809332251548767,0.9549023509025574,0.9816541075706482,0.9482218623161316,0.9336153268814087,0.9360083937644958,0.9455566525459289,1
b3133,b3136,1,0.002816729713231325,0.011750956065952778,0.0017169031780213118,0.017122672870755196,0.01623978465795517,0.02079791948199272,0.005567085929214954,0.014397327788174152,0.036088429391384125,0.004191413056105375,0.01306892221327871,0
b3136,b3137,1,0.9952892065048218,0.9847238659858704,0.9829637408256531,0.9817833304405212,0.9644007682800293,0.9814924001693726,0.9948496222496033,0.9777730703353882,0.9884788990020752,0.9773001670837402,0.9829055070877075,1
b3137,b3138,0,0.8276532292366028,0.5493490099906921,0.587444007396698,0.5301905870437622,0.443391352891922,0.40636777877807617,0.5078467130661011,0.5335699319839478,0.5335375070571899,0.3682491183280945,0.5287599235773086,1
b3138,b3139,1,0.9674914479255676,0.9337090253829956,0.9432523846626282,0.9348998665809631,0.8972175717353821,0.958197295665741,0.9725523591041565,0.9178966283798218,0.9176307320594788,0.9497855305671692,0.9392632842063904,1
b3139,b3140,1,0.9972952008247375,0.9978680610656738,0.997546374797821,0.9830793142318726,0.9888513088226318,0.9902082681655884,0.9980419874191284,0.9907668232917786,0.9987708926200867,0.9951547980308533,0.9937583029270172,1
b3140,b3141,1,0.9972497820854187,0.997006356716156,0.997901976108551,0.9837839603424072,0.9890090823173523,0.9895390868186951,0.9976686239242554,0.9900867938995361,0.9987505674362183,0.99539715051651,0.99363933801651,1
b3141,b3142,0,0.03764919191598892,0.02140236273407936,0.005045617930591106,0.042298465967178345,0.06084189563989639,0.120644211769104,0.02249845303595066,0.03476177155971527,0.055877767503261566,0.0499795526266098,0.045099929068237544,0
b3142,b3143,1,0.956645667552948,0.9606972336769104,0.8731315732002258,0.9349572658538818,0.8406263589859009,0.93381267786026,0.9429577589035034,0.9210189580917358,0.9502336382865906,0.9162984490394592,0.9230379581451416,1
b3143,b3144,1,0.9620464444160461,0.8528051972389221,0.9074787497520447,0.9058940410614014,0.8436683416366577,0.9196744561195374,0.9201209545135498,0.8908823132514954,0.892841100692749,0.9119652509689331,0.9007376849651336,1
b3144,b3145,1,0.9950838685035706,0.9847198724746704,0.9842583537101746,0.9631075859069824,0.9218606948852539,0.9700577259063721,0.9734624624252319,0.9740041494369507,0.9756733775138855,0.9595875144004822,0.9701815605163574,1
b3145,b3147,0,0.28345948457717896,0.10848168283700943,0.027675334364175797,0.28552746772766113,0.19185537099838257,0.5439225435256958,0.008061164058744907,0.18416674435138702,0.16633152961730957,0.3606531023979187,0.21601344244554638,0
b3147,b3148,1,0.9963284134864807,0.995320200920105,0.9967015385627747,0.9724635481834412,0.9913349747657776,0.9926601648330688,0.9937900304794312,0.9826335906982422,0.9992024302482605,0.997132420539856,0.9917567312717438,1
b3148,b3149,1,0.9420362114906311,0.936018705368042,0.6985534429550171,0.9091969728469849,0.833560049533844,0.9401847720146179,0.9369016885757446,0.9483213424682617,0.8968358039855957,0.9363064169883728,0.8977915406227112,1
b3149,b3150,1,0.9960388541221619,0.9943544268608093,0.985270619392395,0.9881917834281921,0.975587785243988,0.9853422045707703,0.9958757162094116,0.9866096377372742,0.9961482286453247,0.9865303039550781,0.9889949560165405,1
b3150,b3153,0,0.0006759181851521134,0.00029756641015410423,0.0009019828867167234,0.002269043354317546,0.005921102594584227,0.004565160255879164,9.050778317032382e-05,0.001205264125019312,0.0027569548692554235,0.001179319922812283,0.001986282038706122,0
b3153,b3155,0,0.0037985872477293015,0.006950897630304098,0.0003822685976047069,0.017850728705525398,0.01902012526988983,0.03497830778360367,0.0009933486580848694,0.006688778754323721,0.008552327752113342,0.016382671892642975,0.01155980422918219,0
b3155,b3158,0,0.0015187610406428576,0.00437529943883419,0.0018752784235402942,0.0032447667326778173,0.004212098196148872,0.00486381072551012,0.0011475300416350365,0.0005426844581961632,0.008643205277621746,0.0011747298995032907,0.0031598164234310387,0
b3158,b3159,1,0.9966902136802673,0.9945847392082214,0.9891688823699951,0.9801293015480042,0.9688000679016113,0.9912400245666504,0.9974287152290344,0.9856029748916626,0.9953386783599854,0.9881680011749268,0.9887151598930359,1
b3159,b3160,0,0.9725915789604187,0.9512531757354736,0.8899438977241516,0.9507900476455688,0.8969618678092957,0.908582329750061,0.9896799325942993,0.9023213982582092,0.9449687004089355,0.9117559790611267,0.931884890794754,1
b3180,b3182,0,0.02788546122610569,0.05195832997560501,0.02617686428129673,0.06144244968891144,0.04417424276471138,0.030728185549378395,0.04840769246220589,0.04638349637389183,0.10170616209506989,0.011477097868919373,0.04503399822860956,0
b3182,b3187,0,7.32590924599208e-05,0.00031648733420297503,0.0017525494331493974,0.0007955441251397133,0.003142580157145858,0.0023561217822134495,5.347617388906656e-06,0.00016619799134787172,0.0009178232867270708,0.0015365747967734933,0.0011062485616548656,0
b3187,b3188,1,0.14357681572437286,0.05407923087477684,0.15264886617660522,0.13980913162231445,0.2443104088306427,0.2060612589120865,0.022599056363105774,0.07694413512945175,0.2519926428794861,0.17595142126083374,0.14679729677736758,0
b3188,b3196,0,3.966256190324202e-05,0.00019764224998652935,2.3863422029535286e-05,0.00020942394621670246,0.0004304760368540883,0.0006275416817516088,1.3834705896442756e-05,5.6782148021738976e-05,0.0005785638932138681,7.721668953308836e-05,0.00022550073354068444,0
b3196,b3197,1,0.9948548674583435,0.9860946536064148,0.9906177520751953,0.9645508527755737,0.9339250922203064,0.9869922995567322,0.994747519493103,0.9701159000396729,0.9780431389808655,0.977851390838623,0.9777793467044831,1
b3197,b3198,0,0.9827860593795776,0.9851593971252441,0.9527917504310608,0.9697980880737305,0.9385847449302673,0.9772202372550964,0.9661092162132263,0.9668092131614685,0.982659101486206,0.9753533005714417,0.9697271108627319,1
b3198,b3199,1,0.996957540512085,0.9952081441879272,0.9963687658309937,0.9819726347923279,0.9870797395706177,0.9884999990463257,0.9978474974632263,0.9896812438964844,0.9984956979751587,0.9941362142562866,0.9926247477531434,1
b3199,b3200,0,0.9966790676116943,0.9944143891334534,0.9977796077728271,0.9863450527191162,0.987601101398468,0.9890337586402893,0.998049259185791,0.9901614189147949,0.9985175728797913,0.9942062497138977,0.9932787477970123,1
b3200,b3201,1,0.9954373836517334,0.9937524795532227,0.9910184144973755,0.9898921847343445,0.9726541638374329,0.9907984733581543,0.9982292652130127,0.983910083770752,0.995234489440918,0.9874169826507568,0.9898343920707703,1
b3201,b3202,0,0.9601048827171326,0.9780718088150024,0.7197656631469727,0.9709360003471375,0.9308027625083923,0.936663806438446,0.9768958687782288,0.903031051158905,0.9621638655662537,0.9730747938156128,0.9311510503292084,1
b3202,b3203,1,0.9962717294692993,0.9869866371154785,0.9759573936462402,0.9785899519920349,0.9509938955307007,0.9851284623146057,0.9861379265785217,0.9877492785453796,0.9915381073951721,0.9728776812553406,0.9812231063842773,1
b3203,b3204,1,0.4731985926628113,0.17782248556613922,0.06224171817302704,0.45164552330970764,0.32330432534217834,0.32475948333740234,0.09199449419975281,0.21496272087097168,0.43721386790275574,0.3757968544960022,0.29329400658607485,0
b3204,b3205,1,0.9957699775695801,0.9880427122116089,0.9901143312454224,0.9908003807067871,0.9757568836212158,0.9892405867576599,0.9982125163078308,0.9899505972862244,0.9967239499092102,0.9857898950576782,0.9900401830673218,1
b3205,b3206,1,0.9965803623199463,0.9905460476875305,0.996751070022583,0.9747068285942078,0.9895747303962708,0.990585207939148,0.994451105594635,0.9835332036018372,0.9989043474197388,0.99607253074646,0.9911705434322358,1
b3206,b3207,0,0.08461632579565048,0.07111313194036484,0.000770280254073441,0.26589998602867126,0.1936997026205063,0.23586340248584747,0.17077477276325226,0.09261449426412582,0.13166916370391846,0.2777353823184967,0.1524756642174907,0
b3212,b3213,1,0.9982044100761414,0.9913107752799988,0.9909844994544983,0.9726696014404297,0.9547156095504761,0.9843615889549255,0.9889847040176392,0.9808054566383362,0.9881227612495422,0.9773072600364685,0.9827466666698456,1
b3213,b3214,1,0.22594060003757477,0.18782271444797516,0.06820982694625854,0.2864326536655426,0.20953643321990967,0.1848464459180832,0.15318673849105835,0.3111627697944641,0.2100594937801361,0.12853164970874786,0.19657293260097503,0
b3214,b3215,0,0.41418135166168213,0.3408666253089905,0.27156785130500793,0.486046701669693,0.4170423448085785,0.34150996804237366,0.3106858432292938,0.36556577682495117,0.4756464660167694,0.3851885199546814,0.3808301448822021,0
b3215,b3216,1,0.9484652876853943,0.9199026823043823,0.7488520741462708,0.9146062135696411,0.8489174246788025,0.8831208348274231,0.9211130738258362,0.8770009875297546,0.8543643355369568,0.9109833836555481,0.882732629776001,1
b3216,b3219,0,0.000578631937969476,0.002103244885802269,0.002384692197665572,0.005744064226746559,0.012280797585844994,0.005378638859838247,0.0004781844618264586,0.0012287239078432322,0.007511295843869448,0.003994354512542486,0.004168262841994874,0
b3219,b3220,0,0.8826664090156555,0.8942585587501526,0.9286412596702576,0.9159524440765381,0.7456307411193848,0.801173746585846,0.7671344876289368,0.7823131680488586,0.81452476978302,0.8104715347290039,0.8342767119407654,1
b3220,b3227,0,5.242285624262877e-05,0.00036032049683853984,0.00037190731381997466,0.00037206162232905626,0.0009103198535740376,0.0015510458033531904,0.00014085971633903682,0.00010643393761711195,0.0005260587786324322,0.00016810304077807814,0.00045595334195240865,0
b3227,b3233,0,7.570315210614353e-05,0.00039190685492940247,2.9691793315578252e-05,0.00048151708324439824,0.0012646977556869388,0.0012632006546482444,0.0002438005176372826,0.00011645624181255698,0.0005650731618516147,0.0003920640447176993,0.0004824111259949859,0
b3233,b3234,0,0.18545860052108765,0.7168988585472107,0.2843044400215149,0.5983708500862122,0.44669005274772644,0.3538196384906769,0.5678014159202576,0.484374463558197,0.7726477384567261,0.3650061786174774,0.4775372236967087,0
b3234,b3235,0,0.9123054146766663,0.96091228723526,0.7425050735473633,0.9170530438423157,0.9037451148033142,0.768355667591095,0.9589101076126099,0.8096181750297546,0.9459936022758484,0.9437576532363892,0.8863156139850616,1
b3235,b3237,0,0.0005729448166675866,0.002103495178744197,0.00267398776486516,0.0035027179401367903,0.005721472669392824,0.005085241049528122,0.0005886797443963587,0.000833128287922591,0.004980483092367649,0.0011891269823536277,0.0027251277526374905,0
b3237,b3238,0,0.29800933599472046,0.18892471492290497,0.16059155762195587,0.15852215886116028,0.13026529550552368,0.16047920286655426,0.3608573079109192,0.30215927958488464,0.0925975888967514,0.10941488295793533,0.19618213251233102,0
b3238,b3243,0,8.02990616648458e-05,0.00015810059267096221,3.2696716516511515e-05,0.0005239746533334255,0.0011590167414397001,0.0024004161823540926,9.927488463290501e-06,0.0004067521949764341,0.0008693035924807191,0.0003497636935207993,0.0005990250917420781,0
b3243,b3253,0,2.17851011257153e-05,4.976505442755297e-05,1.8113278201781213e-05,0.00016586408310104162,0.0002988856576848775,0.0007480372441932559,9.227517807630647e-07,0.00012364782742224634,0.00018880557036027312,4.629560498869978e-05,0.00016621221732862068,0
b3253,b3255,0,0.017302559688687325,0.07118964195251465,0.11368611454963684,0.05342873930931091,0.022398484870791435,0.06587263196706772,0.02713112346827984,0.061868902295827866,0.037897564470767975,0.02498697303235531,0.049576273560523985,0
b3255,b3256,1,0.9966402053833008,0.9935061931610107,0.9846455454826355,0.991919994354248,0.9771226048469543,0.9897525310516357,0.9983521699905396,0.9859957695007324,0.996622622013092,0.988228440284729,0.9902786076068878,1
b3256,b3257,0,0.4955035448074341,0.5314565896987915,0.6554739475250244,0.6695639491081238,0.6229282021522522,0.54167240858078,0.4418998658657074,0.4386707842350006,0.5391356348991394,0.7383211851119995,0.5674626111984253,1
b3257,b3258,1,0.9951969981193542,0.9970980882644653,0.9977605938911438,0.9898322820663452,0.9800153970718384,0.9855281710624695,0.9991494417190552,0.9924584031105042,0.9973308444023132,0.9943034648895264,0.9928673684597016,1
b3258,b3259,1,0.9965827465057373,0.9975898265838623,0.993645966053009,0.9926267862319946,0.9803742170333862,0.9951682090759277,0.9974174499511719,0.9871081113815308,0.9972338676452637,0.9933005571365356,0.993104773759842,1
b3259,b3260,0,0.2516152262687683,0.2080327868461609,0.04930177330970764,0.1729016751050949,0.1559155136346817,0.36627763509750366,0.03620477765798569,0.24243417382240295,0.3961383104324341,0.18514007329940796,0.20639619454741479,0
b3260,b3261,1,0.9958455562591553,0.9949637055397034,0.9819948077201843,0.988787055015564,0.9806885719299316,0.9934433698654175,0.9954593181610107,0.9851740598678589,0.9981500506401062,0.9934611320495605,0.9907967627048493,1
b3261,b3262,0,0.747615396976471,0.8007650375366211,0.19859467446804047,0.7396414279937744,0.49656474590301514,0.45725885033607483,0.803955078125,0.7692051529884338,0.6075738668441772,0.5996513962745667,0.6220825627446175,1
b3262,b3263,1,0.7983447909355164,0.7618643641471863,0.11449629813432693,0.6738212704658508,0.6836438775062561,0.6943809390068054,0.20952430367469788,0.6720277070999146,0.7514868974685669,0.7240073084831238,0.6083597756922245,1
b3263,b3265,0,0.0008516670786775649,0.0004597503284458071,0.0011665018973872066,0.0021832960192114115,0.008107488974928856,0.012721288949251175,0.00038649592897854745,0.0022407304495573044,0.006392378825694323,0.0025402167811989784,0.0037049815233331173,0
b3265,b3266,1,0.9976311922073364,0.98973149061203,0.9834757447242737,0.9926087856292725,0.958323061466217,0.9799928069114685,0.9975782632827759,0.9807722568511963,0.9870579838752747,0.9566560387611389,0.9823827624320984,1
b3266,b3267,0,0.9660806655883789,0.8609645962715149,0.773880660533905,0.8358502984046936,0.7357019782066345,0.9327992796897888,0.799605131149292,0.878783643245697,0.7823359966278076,0.772986114025116,0.8338988363742829,1
b3267,b3269,0,0.0006736571085639298,0.00023779623734299093,2.7870255507878028e-05,0.0017331879353150725,0.00371516402810812,0.0063783954828977585,0.00010915421444224194,0.0017778618494048715,0.0030947071500122547,0.0014986692694947124,0.001924646353108983,0
b3269,b3270,1,0.6601685881614685,0.8978238105773926,0.5849276781082153,0.8521680235862732,0.848357617855072,0.8986079096794128,0.7592629790306091,0.8600695729255676,0.880732536315918,0.894911527633667,0.8137030243873596,1
b3270,b3271,1,0.9941796064376831,0.992608904838562,0.9913166761398315,0.9803037643432617,0.9613543748855591,0.9891722798347473,0.9940768480300903,0.9804251790046692,0.9925932884216309,0.9866710305213928,0.9862701952457428,1
b3271,b3279,0,2.6951714971801266e-05,6.326242146315053e-05,4.632518903235905e-05,0.00024774373741820455,0.0004876641614828259,0.0005041470867581666,3.5592208860180108e-06,6.371062045218423e-05,0.00027827679878100753,0.00018371276382822543,0.0001905353715073943,0
b3279,b3287,0,4.5127919293008745e-05,8.721824997337535e-05,8.97992285899818e-05,0.0002929985348600894,0.0006200005882419646,0.0011163619346916676,1.5608988178428262e-05,8.167105261236429e-05,0.00037729719770140946,0.00012982691987417638,0.0002855910614016466,0
b3287,b3288,1,0.995313286781311,0.9936277270317078,0.97710782289505,0.988915741443634,0.9762237668037415,0.9914079308509827,0.9976416826248169,0.987291157245636,0.9967972040176392,0.9895217418670654,0.9893848061561584,1
b3288,b3289,1,0.9958017468452454,0.9904500842094421,0.966629147529602,0.9868908524513245,0.9687437415122986,0.9801172614097595,0.9954736828804016,0.981245219707489,0.9886484146118164,0.9776729345321655,0.9831673085689545,1
b3289,b3290,1,0.9957285523414612,0.9931330680847168,0.9768031239509583,0.9896289706230164,0.976739764213562,0.9904271364212036,0.9976640343666077,0.9849385023117065,0.9962444305419922,0.9901257753372192,0.9891433358192444,1
b3290,b3291,0,0.2796948552131653,0.25762343406677246,0.14814622700214386,0.25807470083236694,0.35552656650543213,0.27710971236228943,0.15728552639484406,0.19123873114585876,0.4088517129421234,0.3850841522216797,0.2718635618686676,0
b3291,b3324,0,6.622974979109131e-06,1.243528640770819e-05,1.3792997378914151e-05,3.410733552300371e-05,0.00012428010813891888,0.0001645836018724367,4.140414148423588e-06,1.4464719242823776e-05,0.00016341205628123134,2.7930229407502338e-05,5.6576972338007184e-05,0
b3324,b3325,1,0.9965000748634338,0.9974182844161987,0.9987165331840515,0.9910270571708679,0.9865642786026001,0.9887892603874207,0.9989056587219238,0.9935687184333801,0.9983059763908386,0.9945202469825745,0.994431608915329,1
b3325,b3326,1,0.9921844005584717,0.993152916431427,0.9638322591781616,0.9789616465568542,0.9590069055557251,0.9774913787841797,0.9940418004989624,0.9806422591209412,0.9874433279037476,0.9757606387138367,0.9802517533302307,1
b3326,b3327,1,0.9968495965003967,0.9973593950271606,0.9982831478118896,0.9883050322532654,0.9896183609962463,0.9911208748817444,0.9979243278503418,0.991751492023468,0.9988380074501038,0.9952845573425293,0.9945334792137146,1
b3327,b3328,1,0.9893960952758789,0.9837692975997925,0.9825906753540039,0.9670910239219666,0.9616767764091492,0.9517133831977844,0.9932305812835693,0.9588741064071655,0.9653418064117432,0.9793236255645752,0.9733007371425628,1
b3328,b3329,1,0.9693816304206848,0.9823633432388306,0.9628573656082153,0.9612295627593994,0.9227353930473328,0.9740718007087708,0.9684327840805054,0.9634041786193848,0.9692697525024414,0.9590157270431519,0.9632761538028717,1
b3329,b3330,1,0.9962047338485718,0.996852695941925,0.9983402490615845,0.9889217019081116,0.9893547892570496,0.9906752705574036,0.9962907433509827,0.9924633502960205,0.998823344707489,0.994871199131012,0.994279807806015,1
b3330,b3331,1,0.9964943528175354,0.9975898265838623,0.9988275170326233,0.9917039275169373,0.9887679219245911,0.9904971718788147,0.9987017512321472,0.9935325980186462,0.9986204504966736,0.9947225451469421,0.9949458062648773,1
b3331,b3332,1,0.9966033697128296,0.9975345730781555,0.99873948097229,0.9906831979751587,0.9879477620124817,0.9896513819694519,0.9984258413314819,0.9937353134155273,0.998542845249176,0.9945929050445557,0.9946456670761108,1
b3332,b3333,1,0.987442135810852,0.9820826053619385,0.9680776000022888,0.9601946473121643,0.9187751412391663,0.9749123454093933,0.994099497795105,0.9626827239990234,0.9689543843269348,0.9603307843208313,0.9677551865577698,1
b3333,b3334,1,0.9964216351509094,0.9969642758369446,0.9976872205734253,0.987697184085846,0.9898427724838257,0.9918525218963623,0.9969942569732666,0.9900915622711182,0.9990041255950928,0.9956937432289124,0.9942249298095703,1
b3334,b3335,1,0.9972312450408936,0.9977505803108215,0.9984835386276245,0.9866764545440674,0.9884458184242249,0.9899331331253052,0.9984868764877319,0.9920898079872131,0.998712956905365,0.9956697821617126,0.994348019361496,1
b3335,b3348,0,6.4170544646913186e-06,5.2847804909106344e-05,3.96284895032295e-06,6.821380520705134e-05,0.00024800747632980347,0.00020811315334867686,3.2094787911773892e-06,4.71853454655502e-05,9.643307566875592e-05,4.892147262580693e-05,7.833115157609427e-05,0
b3348,b3352,0,0.0007755683036521077,0.0005716613377444446,0.003156379098072648,0.0008575115934945643,0.0027928820345550776,0.002009908901527524,9.905037586577237e-05,0.0012398543767631054,0.000797976041212678,0.0024970306549221277,0.001479782271781005,0
b3352,b3353,1,0.9974620342254639,0.9971015453338623,0.9978016018867493,0.9792878031730652,0.9906483888626099,0.9913438558578491,0.9955921173095703,0.9874303936958313,0.9990257024765015,0.9966011047363281,0.9932294547557831,1
b3353,b3354,1,0.9973295331001282,0.994775652885437,0.9973869919776917,0.9766432642936707,0.9907858371734619,0.9927098751068115,0.9934819936752319,0.9832278490066528,0.9991662502288818,0.9969892501831055,0.9922496497631073,1
b3354,b3355,1,0.9852105975151062,0.9589381814002991,0.9323667883872986,0.9571040272712708,0.9124104976654053,0.9815366268157959,0.9793850779533386,0.9672225713729858,0.9730780124664307,0.9647482633590698,0.9612000644207,1
b3355,b3357,0,0.009811087511479855,0.009462479501962662,0.0007687269244343042,0.03501882031559944,0.04354800283908844,0.04435456544160843,0.0003708501753862947,0.011217834427952766,0.031994469463825226,0.02756524458527565,0.021411208118661307,0
b3357,b3358,1,0.9976970553398132,0.9899303913116455,0.9870607852935791,0.9896941184997559,0.9724894165992737,0.9830999374389648,0.987908124923706,0.9913491606712341,0.9944704174995422,0.9843258857727051,0.987802529335022,1
b3358,b3364,0,0.0002594836405478418,0.0006358014070428908,0.00011325813102303073,0.001604382530786097,0.0036762587260454893,0.0034920054022222757,8.471306500723585e-05,0.0011922147823497653,0.00319859036244452,0.000675294257234782,0.0014932002304703929,0
b3364,b3365,0,0.03156005218625069,0.0687379390001297,0.018587971106171608,0.2317182868719101,0.40433168411254883,0.1948922872543335,0.1330183744430542,0.06586148589849472,0.2264367789030075,0.2827450931072235,0.16578899528831242,0
b3365,b3366,1,0.9958036541938782,0.9924439191818237,0.9960461854934692,0.9636780023574829,0.988602340221405,0.9916362166404724,0.9917527437210083,0.9781758785247803,0.9989330172538757,0.9966598153114319,0.9893731772899628,1
b3366,b3367,1,0.22299621999263763,0.5760430097579956,0.07527582347393036,0.5790758728981018,0.3300095200538635,0.316607803106308,0.1542336344718933,0.36484041810035706,0.6331126093864441,0.3515203297138214,0.3603715240955353,0
b3367,b3368,0,0.9911907315254211,0.9899592995643616,0.9556307792663574,0.9795963764190674,0.9481452107429504,0.9872381687164307,0.9956341981887817,0.9684361219406128,0.9844903945922852,0.9783645868301392,0.9778685867786407,1
b3368,b3369,0,0.486684113740921,0.2644677460193634,0.19991633296012878,0.2875758707523346,0.28252992033958435,0.30586689710617065,0.0798715129494667,0.29639294743537903,0.39016202092170715,0.29976657032966614,0.2893233932554722,0
b3369,b3370,0,0.6302037239074707,0.3327748775482178,0.5207301378250122,0.4892071783542633,0.2337736189365387,0.4963046908378601,0.33610469102859497,0.5208691954612732,0.38147011399269104,0.278754323720932,0.4220192551612854,0
b3370,b3371,1,0.9300307631492615,0.8836033940315247,0.4258745312690735,0.8082000613212585,0.8456643223762512,0.8610835671424866,0.8795335292816162,0.8697613477706909,0.7850989103317261,0.8711974620819092,0.8160047888755798,1
b3371,b4474,1,0.99418705701828,0.9797242879867554,0.9877505898475647,0.9747658371925354,0.9253316521644592,0.9721218347549438,0.9926386475563049,0.9627066850662231,0.9828441739082336,0.973258376121521,0.9745329141616821,1
b4474,b3374,1,0.9978519082069397,0.9971255660057068,0.9975464344024658,0.981420636177063,0.9889647960662842,0.9902903437614441,0.997786283493042,0.9883753657341003,0.9987976551055908,0.9953615665435791,0.9933520555496216,1
b3374,b3375,0,0.38776931166648865,0.3106220066547394,0.0755104273557663,0.25363871455192566,0.4243161976337433,0.2747035026550293,0.29857009649276733,0.15347395837306976,0.4463333189487457,0.3481942415237427,0.29731317758560183,0
b3375,b3396,0,1.3738216694036964e-05,2.2000540411681868e-05,1.3975054571346845e-05,6.717161886626855e-05,0.00046160127385519445,0.0004897726466879249,1.4118788840278285e-06,2.5250255930586718e-05,0.00024908880004659295,0.00010873814608203247,0.00014527484320296934,0
b3396,b3398,0,0.512633740901947,0.7474413514137268,0.24011534452438354,0.550819456577301,0.5124450922012329,0.2746029496192932,0.4872755706310272,0.40144217014312744,0.5712041854858398,0.3785187900066376,0.46764986515045165,0
b3398,b3399,0,0.8224440813064575,0.8614882826805115,0.4678165018558502,0.8066427707672119,0.7555713653564453,0.8607385754585266,0.7828845977783203,0.8613468408584595,0.7955399751663208,0.8028178215026855,0.7817290812730789,1
b3399,b3400,1,0.9941335916519165,0.9939286708831787,0.9904884099960327,0.9861136078834534,0.9738259315490723,0.9876538515090942,0.9942448139190674,0.9847942590713501,0.9962440729141235,0.9871036410331726,0.9888530850410462,1
b3400,b3401,1,0.9966331720352173,0.9933136105537415,0.9925823211669922,0.9895679950714111,0.9739609360694885,0.9951660633087158,0.998546838760376,0.9881798028945923,0.9966210722923279,0.9906215667724609,0.9915193378925323,1
b3401,b3403,0,0.00479446817189455,0.00308097992092371,0.016944682225584984,0.00861496850848198,0.017830515280365944,0.03605562821030617,0.0033476538956165314,0.009277326986193657,0.004291248973459005,0.009522849693894386,0.011376032186672092,0
b3403,b3406,0,0.019205430522561073,0.0017131209606304765,0.012955231592059135,0.014419803395867348,0.02203386090695858,0.05312173068523407,0.0015712992753833532,0.012625395320355892,0.020435456186532974,0.005389979109168053,0.016347130795475097,0
b3406,b3407,0,0.9779578447341919,0.9664248824119568,0.6941020488739014,0.9700524210929871,0.9221870303153992,0.8487242460250854,0.9691202044487,0.9044675827026367,0.9761400818824768,0.9640905261039734,0.9193266868591309,1
b3407,b3408,0,0.13120137155056,0.1310897171497345,0.12082307785749435,0.0959044024348259,0.10435178130865097,0.10669323056936264,0.060922812670469284,0.049826133996248245,0.124619260430336,0.11812828481197357,0.10435600727796554,0
b3408,b3409,1,0.9962314963340759,0.9827896952629089,0.9574751853942871,0.9904671907424927,0.9488842487335205,0.974409818649292,0.9977053999900818,0.9751913547515869,0.9893624186515808,0.9591116905212402,0.9771628499031066,1
b3409,b3410,1,0.9964112043380737,0.9924001693725586,0.9963400363922119,0.9691829085350037,0.9903252720832825,0.9927975535392761,0.9921133518218994,0.9809406399726868,0.9990751147270203,0.9971833229064941,0.9906769573688508,1
b3410,b3411,0,0.18647010624408722,0.042763929814100266,0.1190197616815567,0.10314007848501205,0.12383276969194412,0.09926299005746841,0.02221781574189663,0.06995615363121033,0.2165868580341339,0.0904541090130806,0.10737045723944902,0
b3411,b3413,0,0.04262407869100571,0.07292580604553223,0.14852343499660492,0.061814818531274796,0.027195824310183525,0.16083954274654388,0.02402454800903797,0.06887108087539673,0.036318182945251465,0.031551543623209,0.06746888607740402,0
b3413,b3414,1,0.991150438785553,0.987613320350647,0.9218522310256958,0.9791274666786194,0.9587495923042297,0.9801504611968994,0.9930052757263184,0.9832701683044434,0.9910367131233215,0.9815191626548767,0.9767474830150604,1
b3414,b3415,0,0.31581491231918335,0.0721406638622284,0.06047065556049347,0.17458173632621765,0.20092089474201202,0.16571743786334991,0.16595520079135895,0.13058030605316162,0.23787690699100494,0.15061932802200317,0.16746780425310134,0
b3415,b3418,0,0.00021210081467870623,0.002061926294118166,0.00047063370584510267,0.0010883704526349902,0.0032132314518094063,0.005057878792285919,0.006805480923503637,0.0012615937739610672,0.006292170844972134,0.000646113941911608,0.002710950099572074,0
b3418,b3422,0,0.05928100273013115,0.013207399286329746,0.036718666553497314,0.03333015367388725,0.050548575818538666,0.0587095208466053,0.002126646228134632,0.027151556685566902,0.04155517369508743,0.019732115790247917,0.034236081130802634,0
b3422,b3426,0,0.0010560929076746106,0.0012374087236821651,0.00011473811900941655,0.010637586005032063,0.01710227131843567,0.009407504461705685,0.00025019748136401176,0.002097227843478322,0.004378057550638914,0.005217298865318298,0.005149838327633915,0
b3426,b3434,0,1.6702186258044094e-05,0.00017246531206183136,1.951743251993321e-05,0.0002855326165445149,0.000464309734525159,0.000507212127558887,2.009801391977817e-06,0.0001401524496031925,0.0003707210998982191,9.839395352173597e-05,0.0002077016713883495,0
b3434,b3441,0,3.621048017521389e-05,8.210819214582443e-05,2.0596966351149604e-05,0.00016140184015966952,0.0005104690790176392,0.0008671096875332296,1.2136399618611904e-06,9.454679093323648e-05,0.00028767104959115386,0.0001182813648483716,0.00021796090907173494,0
b3441,b3442,0,0.8339163661003113,0.6315978765487671,0.17975358664989471,0.6021584272384644,0.3434664309024811,0.42579594254493713,0.3039163053035736,0.6719805002212524,0.6093410849571228,0.33122941851615906,0.4933155938982964,0
b3446,b3448,0,0.00028382622986100614,9.427993063582107e-05,4.360111051937565e-05,0.0004967977292835712,0.0018302291864529252,0.0016708733746781945,1.7859098079497926e-05,0.00017164599557872862,0.0006658330094069242,0.00020671141101047397,0.0005481657075506518,0
b3448,b3459,0,2.1554883460339624e-06,6.917067821632372e-06,1.8382785128778778e-05,3.0344281185534783e-05,0.00031337677501142025,0.00031186387059278786,1.9791843897110084e-07,1.0011573067458812e-05,6.24295134912245e-05,5.681312541128136e-05,8.124923984951238e-05,0
b3459,b3465,0,1.4892167200741824e-05,3.9772625314071774e-05,3.7133901059860364e-05,8.062716369749978e-05,0.00047537079080939293,0.00048610963858664036,1.3769636098004412e-06,3.0684692319482565e-05,0.00017624096653889865,0.00010849867976503447,0.00014507075889014232,0
b3465,b3466,1,0.9973810315132141,0.9974051713943481,0.9968749284744263,0.9808650612831116,0.9906461238861084,0.992003858089447,0.9958841800689697,0.9889557957649231,0.9990541338920593,0.9961616396903992,0.9935231924057006,1
b3466,b3468,0,0.005483516491949558,0.0033219512552022934,0.002416884293779731,0.00883948989212513,0.017174510285258293,0.03553526848554611,0.0017146210884675384,0.004410766530781984,0.014377523213624954,0.006333871744573116,0.009960840328130872,0
b3468,b3469,1,0.7783754467964172,0.6327610015869141,0.5795714855194092,0.7722170948982239,0.9362470507621765,0.5500083565711975,0.8362739086151123,0.5646417737007141,0.825416624546051,0.7603887915611267,0.7235901534557343,1
b3469,b3471,0,0.5545762777328491,0.16636773943901062,0.38756558299064636,0.3182755708694458,0.4304625391960144,0.3588657081127167,0.2166701853275299,0.3336237967014313,0.3089965581893921,0.2073855996131897,0.3282789558172226,0
b3471,b3472,0,0.6244468092918396,0.7338379621505737,0.2753354012966156,0.7485764622688293,0.655672550201416,0.8583833575248718,0.7388151288032532,0.7994852662086487,0.69184410572052,0.7839869856834412,0.691038402915001,1
b3472,b3474,0,0.05885465443134308,0.01544810552150011,0.056877654045820236,0.03348805010318756,0.041093163192272186,0.027103053405880928,0.003025964368134737,0.02096661925315857,0.035998258739709854,0.01649746485054493,0.030935298791155218,0
b3474,b3475,0,0.9535884857177734,0.9432845115661621,0.6385979652404785,0.9325881600379944,0.8783413171768188,0.9012477993965149,0.9550427198410034,0.8259029984474182,0.9213197231292725,0.9514156579971313,0.8901329338550568,1
b3475,b3476,0,0.18169808387756348,0.05485454201698303,0.015236410312354565,0.2203359752893448,0.4477231204509735,0.12661676108837128,0.030557909980416298,0.0682506337761879,0.16434736549854279,0.3991689383983612,0.1708789740689099,0
b3476,b3477,1,0.9972832798957825,0.9960155487060547,0.9967164993286133,0.9754427075386047,0.9896200299263,0.989989161491394,0.9959531426429749,0.984961986541748,0.9988355040550232,0.9961963295936584,0.9921014189720154,1
b3477,b3478,1,0.9978766441345215,0.9959797263145447,0.997447669506073,0.9767241477966309,0.9892482757568359,0.9890989661216736,0.9973578453063965,0.9860780835151672,0.9987883567810059,0.995955765247345,0.9924555480480194,1
b3478,b3479,1,0.9980097413063049,0.9976741075515747,0.9971885681152344,0.9779052734375,0.988392174243927,0.9900722503662109,0.9978504776954651,0.9889867901802063,0.9987735152244568,0.9953843355178833,0.9930237233638763,1
b3479,b3480,1,0.9978294968605042,0.9961709976196289,0.9976431727409363,0.9761095643043518,0.988919734954834,0.9887141585350037,0.9976453185081482,0.9852738976478577,0.9988170862197876,0.9959702491760254,0.9923093676567077,1
b3480,b3481,1,0.9972441792488098,0.9967343211174011,0.9912849068641663,0.9882110357284546,0.9817445874214172,0.9940865635871887,0.9973272681236267,0.9848393201828003,0.997890293598175,0.9929043054580688,0.9922266781330109,1
b3481,b3482,0,0.8988936543464661,0.8736051321029663,0.4901915490627289,0.8570955991744995,0.7424535751342773,0.4950333535671234,0.7405363321304321,0.5464445948600769,0.9068498611450195,0.761346161365509,0.7312449812889099,1
b3482,b3483,1,0.9955582618713379,0.9891528487205505,0.9960212707519531,0.9585182666778564,0.9886476993560791,0.9924002885818481,0.9904778003692627,0.9772434234619141,0.9988420605659485,0.996968686580658,0.9883830606937408,1
b3483,b3484,0,0.027396297082304955,0.06806403398513794,0.02279970422387123,0.0704035609960556,0.037161123007535934,0.06317183375358582,0.01069925632327795,0.05063973739743233,0.04668116196990013,0.02776094153523445,0.04247776502743363,0
b3484,b3491,0,1.7228187061846256e-05,8.427973807556555e-05,0.0005067383754067123,0.00017796205065678805,0.0005785776884295046,0.0006049313233233988,1.8655038729775697e-05,4.8734465963207185e-05,0.0003400132118258625,0.0003754969220608473,0.00027526170015335083,0
b3491,b3493,0,0.002832207828760147,0.004244218114763498,0.00028942342032678425,0.017020242288708687,0.020440300926566124,0.028891168534755707,0.0004630944167729467,0.00498796533793211,0.007844428531825542,0.016231490299105644,0.010324453969951719,0
b3493,b3495,0,0.013308539055287838,0.013262094929814339,0.010748839005827904,0.02936961129307747,0.02992897853255272,0.03463681787252426,0.0012388546019792557,0.012773395515978336,0.02403671108186245,0.025324035435914993,0.019462787732481956,0
b3495,b3496,0,0.7698400020599365,0.19788707792758942,0.2174699902534485,0.40127235651016235,0.3571501672267914,0.39437294006347656,0.5777707099914551,0.5585582256317139,0.44831401109695435,0.2519313097000122,0.417456679046154,0
b3496,b3499,0,0.0010655990336090326,0.0022099968045949936,0.00020614768436644226,0.008336628787219524,0.006922957021743059,0.005995763931423426,0.0004111514426767826,0.004689459223300219,0.009686400182545185,0.001172865042462945,0.004069696915394161,0
b3499,b3500,1,0.9859814047813416,0.9783203601837158,0.9161165356636047,0.9726299047470093,0.9340261816978455,0.9811702370643616,0.993036687374115,0.9622715711593628,0.971453845500946,0.9813069701194763,0.9676313698291779,1
b3500,b3501,0,0.0643615871667862,0.020098188892006874,0.01120759453624487,0.05571378767490387,0.07260351628065109,0.11711146682500839,0.003461772110313177,0.028143659234046936,0.06013377755880356,0.021714434027671814,0.04545497843064368,0
b3501,b3502,1,0.9890575408935547,0.982761800289154,0.9490752816200256,0.9838829636573792,0.927649974822998,0.9617516994476318,0.9952619075775146,0.9684990644454956,0.9803597927093506,0.9612823128700256,0.969958233833313,1
b3502,b3503,1,0.997961699962616,0.9961586594581604,0.9449490904808044,0.976790726184845,0.9693507552146912,0.9855489134788513,0.9911927580833435,0.9763535261154175,0.9935957193374634,0.987440288066864,0.9819342136383057,1
b3503,b3506,0,4.474737943382934e-05,0.0002410723245702684,0.0024128006771206856,0.0004935775068588555,0.001682212925516069,0.0010194682981818914,2.4636339730932377e-05,0.00012532080290839076,0.0003987213713116944,0.0014844510005787015,0.0007927008626211318,0
b3506,b3507,1,0.3854445815086365,0.33333835005760193,0.17968642711639404,0.550146222114563,0.38478437066078186,0.5546131134033203,0.4671837091445923,0.3064099848270416,0.5723521113395691,0.3616996109485626,0.40956584811210633,0
b3507,b3511,0,0.0001393897255184129,0.00032883527455851436,0.00017035141354426742,0.0012347979936748743,0.0012477022828534245,0.007665663491934538,5.20399262313731e-05,0.0007309825159609318,0.0010464818915352225,0.0003235052281524986,0.0012939749743964058,0
b3511,b3512,0,0.006356296595185995,0.009973767213523388,0.0008152355439960957,0.01677277870476246,0.020395230501890182,0.012516635470092297,0.006170585285872221,0.007746896706521511,0.01918482780456543,0.008314252831041813,0.01082465066574514,0
b3512,b3513,1,0.6452221870422363,0.44440698623657227,0.6260423064231873,0.373131662607193,0.20364703238010406,0.4638587236404419,0.47715768218040466,0.43236812949180603,0.46265488862991333,0.20404666662216187,0.43325362652540206,0
b3513,b3514,1,0.9922009706497192,0.9806638956069946,0.9812098741531372,0.979669988155365,0.948922336101532,0.9846326112747192,0.9816699028015137,0.9590827822685242,0.9812965989112854,0.9788914322853088,0.97682403922081,1
b3519,b3521,0,0.03045635111629963,0.013865292072296143,0.011824463494122028,0.03967146947979927,0.04441910609602928,0.07653185725212097,0.0075926398858428,0.043733976781368256,0.04674713686108589,0.018311208114027977,0.03331535011529922,0
b3521,b3522,0,0.9585131406784058,0.9722285866737366,0.8234530687332153,0.9622201919555664,0.9232046604156494,0.9304928779602051,0.9603722095489502,0.8063160181045532,0.9516139626502991,0.9770873188972473,0.9265502035617829,1
b3522,b3523,0,0.34478405117988586,0.05557936429977417,0.021431589499115944,0.1820608228445053,0.22330082952976227,0.21105888485908508,0.0552598237991333,0.1270538568496704,0.2996215522289276,0.11037196964025497,0.1630522744730115,0
b3523,b3526,0,7.5496245699469e-05,0.00018220828496851027,0.00016898660396691412,0.0006153996801003814,0.0027129591908305883,0.001993673387914896,1.7710792235448025e-05,9.76412629825063e-05,0.0005718714674003422,0.0012835439993068576,0.0007719490915405914,0
b3526,b3536,0,0.00026603820151649415,0.0005435766652226448,0.007060332223773003,0.0006513693369925022,0.0018795192008838058,0.0016834528651088476,0.00024522116291336715,0.0005932070198468864,0.0004934378084726632,0.0013251587515696883,0.0014741313236299903,0
b3536,b3537,1,0.9955453276634216,0.9918192625045776,0.9961586594581604,0.9660749435424805,0.9906547665596008,0.9925627708435059,0.9919958114624023,0.9795337915420532,0.9990358352661133,0.9971345663070679,0.9900515735149383,1
b3537,b3538,1,0.9943811297416687,0.9926188588142395,0.9939163327217102,0.9859682321548462,0.9745581746101379,0.9799903631210327,0.9984205961227417,0.9870195984840393,0.9955194592475891,0.9925230145454407,0.9894915759563446,1
b3539,b3549,0,2.7233643777435645e-05,4.348691436462104e-05,7.791588723193854e-05,0.00010044679220300168,0.0008236509747803211,0.0005213129916228354,3.3162691579491366e-06,5.073602733318694e-05,0.0001661065616644919,0.0003369842888787389,0.00021511903510145202,0
b3549,b3550,1,0.9974852204322815,0.9926923513412476,0.9972134232521057,0.9802495837211609,0.98992919921875,0.9901551604270935,0.9973247051239014,0.9846130013465881,0.998814582824707,0.9955766797065735,0.9924053907394409,1
b3550,b3552,0,0.00021376805671025068,0.0017778042238205671,6.810389459133148e-05,0.0018355376087129116,0.0019145346013829112,0.005356287118047476,0.001396278035826981,0.0011958924587816,0.005423629190772772,0.0003065174096263945,0.0019488352598273195,0
b3552,b3553,0,0.310049831867218,0.21650366485118866,0.03282567113637924,0.2785443961620331,0.508094310760498,0.28967204689979553,0.1916636973619461,0.18277588486671448,0.4316120147705078,0.4076730012893677,0.28494145199656484,0
b3553,b3555,0,0.0029623331502079964,0.00409974018111825,0.011346903629601002,0.006442285608500242,0.0075056347995996475,0.010135945864021778,0.027367575094103813,0.0056841871701180935,0.009541338309645653,0.001650582766160369,0.008673652657307684,0
b3555,b3556,0,0.0086370212957263,0.01159667782485485,0.0008519603870809078,0.026270287111401558,0.019336765632033348,0.04716384410858154,0.0009496223065070808,0.008475445210933685,0.02222205512225628,0.017871089279651642,0.01633747682790272,0
b3556,b3557,0,0.1612461507320404,0.021833136677742004,0.05891633778810501,0.07580336928367615,0.07411817461252213,0.05197801813483238,0.029341600835323334,0.05679834261536598,0.0796024277806282,0.028137991204857826,0.06377755496650934,0
b3557,b3558,1,0.9974377751350403,0.9960922598838806,0.9965077638626099,0.9824405908584595,0.9867690205574036,0.9865327477455139,0.9981588125228882,0.988929033279419,0.998275101184845,0.9946322441101074,0.9925775349140167,1
b3558,b3561,0,0.0003884816251229495,0.0011277012526988983,0.00037660813541151583,0.0007521653897128999,0.0011628479696810246,0.004504020791500807,0.0003504896885715425,0.00021246516553219408,0.0015077083371579647,0.0005501488922163844,0.001093263724760618,0
b3561,b3566,0,4.691192589234561e-05,0.0002049983013421297,0.00015649650595150888,0.0005898946546949446,0.0011737713357433677,0.002014311496168375,9.786796726984903e-05,0.00033615113352425396,0.0007082798983901739,0.00021524124895222485,0.0005543924467929173,0
b3566,b3567,1,0.9965754747390747,0.9813517332077026,0.9683665037155151,0.9856706261634827,0.9349396228790283,0.9703988432884216,0.9924201369285583,0.9641597270965576,0.9797430038452148,0.9644062519073486,0.9738031923770905,1
b3567,b3568,1,0.9978500008583069,0.9964656233787537,0.9975085258483887,0.9765832424163818,0.9897255897521973,0.9899020791053772,0.9966642260551453,0.9863535165786743,0.9989141225814819,0.9962018728256226,0.992616879940033,1
b3568,b3569,1,0.9802526235580444,0.9386364221572876,0.6704002618789673,0.9297072887420654,0.8599223494529724,0.9550697207450867,0.9285489320755005,0.9226400852203369,0.9343166947364807,0.9365533590316772,0.9056047737598419,1
b3569,b3571,0,0.0028708800673484802,0.005590952932834625,0.012549459002912045,0.011476989835500717,0.024844881147146225,0.00941589754074812,0.001458348473533988,0.0032983599230647087,0.015353220514953136,0.006138688884675503,0.009299767832271755,0
b3571,b3572,0,0.6782530546188354,0.6878795027732849,0.2763093113899231,0.6455870270729065,0.7160176634788513,0.6128846406936646,0.521075427532196,0.5384993553161621,0.6852890253067017,0.7434551119804382,0.6105250120162964,1
b3572,b3575,0,0.0004082889063283801,0.0014095152728259563,0.00046861657756380737,0.0038555467035621405,0.006895581725984812,0.006379794795066118,0.00016019318718463182,0.003894248977303505,0.003725768532603979,0.0031748341862112284,0.003037238886463456,0
b3575,b3576,1,0.9948121905326843,0.9803087115287781,0.9642660021781921,0.9844163060188293,0.9543889760971069,0.9923988580703735,0.9979385137557983,0.968819260597229,0.9853600263595581,0.9584646821022034,0.9781173527240753,1
b3576,b3577,1,0.8398687839508057,0.3384370803833008,0.36097151041030884,0.40043768286705017,0.22053945064544678,0.6511772274971008,0.24986296892166138,0.25970664620399475,0.41514331102371216,0.3279765546321869,0.40641212165355683,0
b3577,b3578,1,0.9929113984107971,0.9586827754974365,0.9561063051223755,0.9678433537483215,0.9209984540939331,0.9626219272613525,0.9676947593688965,0.9464306235313416,0.9442301392555237,0.9745000600814819,0.959201979637146,1
b3578,b3579,1,0.988925039768219,0.9755665063858032,0.9621145725250244,0.9141353368759155,0.8877220749855042,0.9685706496238708,0.9883555769920349,0.9545462727546692,0.9466284513473511,0.9476621747016907,0.9534226655960083,1
b3579,b3580,1,0.9955556392669678,0.9890003800392151,0.9954964518547058,0.9748844504356384,0.9529454708099365,0.986700713634491,0.9957650899887085,0.9753859639167786,0.9884114861488342,0.9803459644317627,0.9834491610527039,1
b3580,b3581,1,0.9976400136947632,0.9969087839126587,0.9971758127212524,0.9742763638496399,0.9894255995750427,0.9908158183097839,0.9956187009811401,0.9856182336807251,0.9989480376243591,0.9961715936660767,0.9922598958015442,1
b3581,b3582,1,0.9980188012123108,0.9972641468048096,0.9966334104537964,0.9792557954788208,0.9875523447990417,0.9882254004478455,0.998134195804596,0.9871598482131958,0.9986346364021301,0.9951621294021606,0.9926040709018707,1
b3582,b3583,1,0.9979721307754517,0.9975768327713013,0.9966363906860352,0.9776942729949951,0.9883325695991516,0.9896180033683777,0.9971128106117249,0.988510251045227,0.998767614364624,0.9953747391700745,0.9927595615386963,1
b3583,b3585,0,0.00169886474031955,0.0010708591435104609,0.00041667849291116,0.004945584572851658,0.011227883398532867,0.018266711384058,0.002845033770427108,0.0024592329282313585,0.005370914936065674,0.00461631640791893,0.005291807977482676,0
b3585,b3593,0,6.911365926498547e-05,0.0002748639672063291,0.00013062784273643047,0.00046520354226231575,0.0013744015013799071,0.0015064585022628307,8.755509043112397e-06,0.00016705927555449307,0.001123132649809122,0.0005169648793525994,0.0005636581328872126,0
b3593,b3594,0,0.9913325309753418,0.9895700216293335,0.9633126258850098,0.9685514569282532,0.9466847777366638,0.9679274559020996,0.9731428623199463,0.9809798002243042,0.983854353427887,0.968331515789032,0.9733687400817871,1
b3594,b3596,0,0.0033526630140841007,0.0044160564430058,0.00012550999235827476,0.012044197879731655,0.012606998905539513,0.01500256173312664,0.0023205955512821674,0.007445454131811857,0.015809761360287666,0.004364617168903351,0.007748841618013103,0
b3596,b3599,0,0.00022768613416701555,0.0003120535984635353,0.00021680477948393673,0.0010950544383376837,0.00420778663828969,0.006219312082976103,4.366180291981436e-06,0.0002456290530972183,0.0009690532460808754,0.0020639582071453333,0.0015561704358333373,0
b3599,b3600,1,0.28783726692199707,0.5927234292030334,0.5259262919425964,0.56607586145401,0.4786313474178314,0.5303335189819336,0.305483341217041,0.3338898718357086,0.6993165612220764,0.6229031085968018,0.494312059879303,0
b3600,b3601,1,0.9967634081840515,0.9964735507965088,0.9972202777862549,0.9785571694374084,0.990721583366394,0.9914414882659912,0.9957879781723022,0.9859457015991211,0.9990143775939941,0.9963017702102661,0.9928227305412293,1
b3601,b3602,0,0.002287469105795026,0.012434825301170349,0.004409619607031345,0.01379003282636404,0.01884518377482891,0.05454640835523605,0.01924094371497631,0.008524875156581402,0.03209454193711281,0.005486442707479,0.017166034248657525,0
b3602,b3603,0,0.176725834608078,0.09051431715488434,0.3489658832550049,0.09969261288642883,0.1606588512659073,0.18632212281227112,0.2772493064403534,0.05939937382936478,0.29076462984085083,0.09206715226173401,0.17823600843548776,0
b3603,b3604,1,0.9972880482673645,0.9956671595573425,0.9971691966056824,0.9734972715377808,0.9907688498497009,0.9910381436347961,0.9952024817466736,0.9834174513816833,0.9990563988685608,0.9967300295829773,0.9919835031032562,1
b3604,b3605,1,0.9971677660942078,0.9976678490638733,0.9979251623153687,0.983325183391571,0.9864139556884766,0.9894322156906128,0.9986475706100464,0.9908376932144165,0.9984483122825623,0.994324803352356,0.9934190511703491,1
b3605,b3606,0,0.6362259387969971,0.38677310943603516,0.5337761640548706,0.4583855867385864,0.5610262751579285,0.28974518179893494,0.16813579201698303,0.168910950422287,0.6596204042434692,0.19293995201587677,0.40555393546819685,0
b3606,b3612,0,0.000549276010133326,0.0004844483337365091,0.00013079389464110136,0.0010233138455078006,0.0019979949574917555,0.003069300204515457,0.0003748824819922447,0.0006955339922569692,0.0009069986990652978,0.00033180779428221285,0.0009564350213622675,0
b3612,b3613,1,0.9983696341514587,0.993153989315033,0.9908180832862854,0.9923732876777649,0.9856063723564148,0.9931589961051941,0.9962328672409058,0.9927545785903931,0.9960379004478455,0.9925571084022522,0.9931062817573547,1
b3613,b3614,1,0.9497191309928894,0.9842643141746521,0.9525604844093323,0.9406408071517944,0.9256458878517151,0.9010269045829773,0.8993700742721558,0.8883446455001831,0.9564591646194458,0.9423258304595947,0.934035724401474,1
b3614,b3619,0,4.014434671262279e-05,0.00016664467693772167,0.0017739732284098864,0.00029903501854278147,0.0010478771291673183,0.0010850514518097043,8.996824180940166e-05,0.00011165307660121471,0.00045554558164440095,0.0005014550406485796,0.0005571347792283632,0
b3619,b3620,1,0.9972836375236511,0.9964148998260498,0.9779089093208313,0.9941619634628296,0.9881321787834167,0.9915385842323303,0.9978883862495422,0.9922652840614319,0.9980085492134094,0.9924718737602234,0.9926074266433715,1
b3620,b3621,1,0.9955040216445923,0.9918779134750366,0.9866355657577515,0.9714846611022949,0.9616779685020447,0.9767927527427673,0.989838182926178,0.9765869379043579,0.9866782426834106,0.979368269443512,0.9816444516181946,1
b3621,b3622,1,0.9964686036109924,0.9916244745254517,0.9778250455856323,0.9856801629066467,0.9745420217514038,0.9885112047195435,0.9976272583007812,0.9837226271629333,0.994300365447998,0.9862830638885498,0.9876584827899932,1
b3622,b3633,0,2.4265133106382564e-05,8.436739153694361e-05,1.1259693565079942e-05,0.0003771500487346202,0.0010160533711314201,0.0006776974769309163,0.0005820009973831475,0.00013352208770811558,0.0008416183991357684,2.9307289878488518e-05,0.0003777241889110883,0
b3633,b3634,1,0.9971495270729065,0.9928430914878845,0.9729509949684143,0.9842541217803955,0.9708516001701355,0.9874157905578613,0.9902665019035339,0.9857927560806274,0.9918340444564819,0.9847239255905151,0.9858082354068756,1
b3634,b3639,0,0.0017927737208083272,0.004257661756128073,0.0020717433653771877,0.006905911490321159,0.007649799808859825,0.0038741170428693295,0.0009019893477670848,0.003412167774513364,0.002959368284791708,0.007460064720362425,0.004128559731179848,0
b3639,b3640,1,0.9974761605262756,0.9967296719551086,0.9972042441368103,0.9764635562896729,0.9895584583282471,0.9920938014984131,0.9952094554901123,0.9856768846511841,0.9990061521530151,0.9962085485458374,0.9925626933574676,1
b3640,b3641,1,0.9523023962974548,0.899357259273529,0.8092349171638489,0.943725049495697,0.8681356906890869,0.8751632571220398,0.9200959205627441,0.9208180904388428,0.9375329613685608,0.9214296936988831,0.9047795236110687,1
b3641,b3644,0,0.002065447624772787,0.0004569041484501213,0.004191450774669647,0.002823767252266407,0.006843077950179577,0.013806242495775223,0.00028614388429559767,0.0015594594879075885,0.004631313495337963,0.0017756629968062043,0.0038439470110461114,0
b3644,b3645,0,0.37188395857810974,0.18908099830150604,0.20766839385032654,0.3430514931678772,0.38051658868789673,0.3679454028606415,0.15682506561279297,0.30808934569358826,0.35770493745803833,0.24927568435668945,0.29320418685674665,0
b3645,b3646,0,0.14707106351852417,0.09242234379053116,0.3018431067466736,0.1086551696062088,0.1317257285118103,0.2829636335372925,0.043986354023218155,0.15620820224285126,0.21968421339988708,0.09706845879554749,0.15816282741725446,0
b3646,b3648,0,0.0005437870277091861,0.0004634420038200915,0.00615546852350235,0.0014440473169088364,0.005231468938291073,0.007483091205358505,7.483793888241053e-05,0.0007285883766599,0.0016014536377042532,0.002179387491196394,0.0025905572460033,0
b3648,b3649,1,0.981641948223114,0.9845026135444641,0.8797420263290405,0.9733097553253174,0.9319620728492737,0.9576504826545715,0.969129204750061,0.9644414782524109,0.9825964570045471,0.9739586114883423,0.9598934650421143,1
b3649,b3650,1,0.9961904883384705,0.9949994087219238,0.9519941210746765,0.9928908944129944,0.9758480191230774,0.9846062064170837,0.9981842041015625,0.9883455634117126,0.9969465732574463,0.9847815036773682,0.9864786982536315,1
b3650,b3651,1,0.9951329231262207,0.9846405982971191,0.9807654023170471,0.9483610987663269,0.9181944131851196,0.9586800932884216,0.9810221195220947,0.9710977673530579,0.9710963368415833,0.9663875699043274,0.9675378322601318,1
b3651,b3652,1,0.9949655532836914,0.9927098751068115,0.9580098390579224,0.9857863783836365,0.9684277176856995,0.9813653230667114,0.9977187514305115,0.9861530065536499,0.9912586808204651,0.982593297958374,0.9838988423347473,1
b3652,b3654,0,0.002654786454513669,0.010310026817023754,0.004021954722702503,0.012145603075623512,0.029979543760418892,0.01742190308868885,0.03485213220119476,0.00915728323161602,0.033953987061977386,0.0028595400508493185,0.015735676046460867,0
b3654,b3655,0,0.18907439708709717,0.1695762276649475,0.008763587102293968,0.4166755676269531,0.6298258900642395,0.38191932439804077,0.1928977519273758,0.37830471992492676,0.41556182503700256,0.5529741644859314,0.3335573455318809,0
b3659,b3660,0,0.7678865194320679,0.5776222348213196,0.2753823697566986,0.704456627368927,0.6068112254142761,0.6021137833595276,0.44099628925323486,0.8087273836135864,0.6229178309440613,0.7944256067276001,0.6201339870691299,1
b3660,b4555,0,0.009725334122776985,0.003586190054193139,0.0033568721264600754,0.012118319980800152,0.01783006265759468,0.01868928223848343,0.0029025960247963667,0.006707598455250263,0.024581553414463997,0.0024335181806236506,0.010193132725544275,0
b4555,b3665,0,0.00012994185090065002,0.00022752881341148168,0.001227454748004675,0.0008234979468397796,0.001834251219406724,0.0044218022376298904,0.00010083257802762091,0.0001727302878862247,0.0012118327431380749,0.0009684570250101388,0.001111832945025526,0
b3673,b3677,0,0.004031800199300051,0.015886466950178146,0.0002589359355624765,0.016097882762551308,0.011829676106572151,0.03199659660458565,0.009704814292490482,0.019019894301891327,0.016498493030667305,0.005704249255359173,0.013102880943915807,0
b3677,b3680,0,7.700748392380774e-05,9.255677287001163e-05,0.000342382030794397,0.0006873777601867914,0.0025057243183255196,0.0017044368432834744,8.679339771333616e-06,0.00026235784753225744,0.0010500577045604587,0.0005419568624347448,0.0007272536963682796,0
b3680,b3684,0,0.00030199866159819067,0.00023532513296231627,6.211887375684455e-05,0.0008722195634618402,0.0016094576567411423,0.0032174414955079556,0.00016258223331533372,0.0007296048570424318,0.0009300719830207527,0.000509493169374764,0.0008630313626781571,0
b3684,b3688,0,0.00012282407260499895,0.001083274488337338,0.0006049777148291469,0.0006504899938590825,0.0008917603990994394,0.0018606476951390505,0.0002441587275825441,0.0003648103156592697,0.0007169583113864064,0.00022223300766199827,0.0006762134726159275,0
b3688,b3690,0,0.007303742226213217,0.005048457533121109,0.008023303002119064,0.024861790239810944,0.01990331895649433,0.012439943850040436,0.0014215742703527212,0.029223795980215073,0.03886338323354721,0.005469596013426781,0.015255890530534088,0
b3690,b3696,0,0.00027818261878564954,0.0005253584822639823,0.0002793009043671191,0.0005242858896963298,0.000798996421508491,0.005620254669338465,0.0004413579299580306,0.000383866427000612,0.0007117355125956237,0.00037684140261262655,0.0009940180258126929,0
b3696,b3703,0,7.1309427767118905e-06,2.497799323464278e-05,2.2969222754909424e-06,6.648959242738783e-05,0.00037670001620426774,0.00028307604952715337,1.2291603468383983e-07,2.801799746521283e-05,6.712411413900554e-05,7.647808524779975e-05,9.324146293323565e-05,0
b3703,b3704,1,0.9964235424995422,0.9876777529716492,0.9416082501411438,0.9926355481147766,0.9863111972808838,0.98866206407547,0.9985538721084595,0.9884840846061707,0.9978660345077515,0.9894222021102905,0.9867644548416138,1
b3704,b4557,1,0.9939541816711426,0.9925704598426819,0.9932212233543396,0.9763409495353699,0.9853589534759521,0.9853783845901489,0.9968166947364807,0.9773061275482178,0.9973884224891663,0.993823230266571,0.989215862751007,1
b4557,b3705,1,0.9914888739585876,0.9903903007507324,0.9633193612098694,0.981518030166626,0.9525947570800781,0.9907089471817017,0.9983178973197937,0.9740166664123535,0.9868686199188232,0.9830330014228821,0.9812256455421448,1
b3705,b3706,0,0.8891318440437317,0.8694728016853333,0.8146955966949463,0.868231475353241,0.7213613390922546,0.7475452423095703,0.9255041480064392,0.7381888628005981,0.8784868121147156,0.8791052103042603,0.833172333240509,1
b3706,b3707,0,0.0022551899310201406,0.02603282779455185,0.005022842437028885,0.03420872613787651,0.06323453038930893,0.031759113073349,0.03968535736203194,0.008665993809700012,0.03284503147006035,0.04175516590476036,0.028546477830968798,0
b3707,b3708,0,0.8174887895584106,0.4440542161464691,0.05289124324917793,0.6651228070259094,0.6238797903060913,0.7889352440834045,0.35039883852005005,0.6149278283119202,0.5431480407714844,0.8300248980522156,0.5730871696025133,1
b3708,b3709,0,0.9826654195785522,0.9508422017097473,0.925255298614502,0.9630538821220398,0.8789834976196289,0.9275306463241577,0.9694246053695679,0.9246846437454224,0.9611631631851196,0.9436439275741577,0.9427247285842896,1
b3709,b3710,0,0.9801205396652222,0.9288173317909241,0.9227849245071411,0.9421523809432983,0.8401042819023132,0.8551393747329712,0.9463679194450378,0.9095580577850342,0.9470937848091125,0.9053001999855042,0.9177438795566559,1
b3710,b3711,0,0.9976241588592529,0.9976855516433716,0.9976560473442078,0.9810112714767456,0.9894410371780396,0.9910086393356323,0.997925877571106,0.9897644519805908,0.9988449215888977,0.9954088926315308,0.9936370849609375,1
b3711,b3712,0,0.08547941595315933,0.27805814146995544,0.05175838619470596,0.3481003940105438,0.2982295751571655,0.3609311580657959,0.24986420571804047,0.24728314578533173,0.3035491406917572,0.3954373896121979,0.2618690952658653,0
b3712,b3713,1,0.9967265725135803,0.9963837265968323,0.9886615872383118,0.9900216460227966,0.9775758385658264,0.9952363967895508,0.9973208904266357,0.9878925681114197,0.9976410865783691,0.9926074743270874,0.992006778717041,1
b3713,b3715,0,0.00313931074924767,0.0038211189676076174,0.0014016377972438931,0.005772269330918789,0.008725374937057495,0.0075387489050626755,0.0002784293901640922,0.00655430369079113,0.007307829800993204,0.0019676988013088703,0.004650672237039544,0
b3715,b3716,0,0.990484893321991,0.9182225465774536,0.958994448184967,0.96519935131073,0.904327392578125,0.9024986028671265,0.9574947953224182,0.8850637674331665,0.9376598000526428,0.9411577582359314,0.9361103355884552,1
b3716,b3717,1,0.8954402804374695,0.8174651265144348,0.6817342638969421,0.8597733974456787,0.7991767525672913,0.754732072353363,0.522490382194519,0.6233739852905273,0.8906962871551514,0.9186461567878723,0.776352870464325,1
b3717,b3744,0,6.232704890862806e-06,2.071092967526056e-05,1.2782292287738528e-05,4.6994402509881184e-05,0.0003408700868021697,0.000233868311624974,7.343145398408524e-07,7.866025043767877e-06,0.00011809202987933531,7.33633351046592e-05,8.6151443235849e-05,0
b3744,b3747,0,0.00019979465287178755,0.00234597222879529,0.0002907307061832398,0.0016941862413659692,0.0030368014704436064,0.0028915831353515387,0.0003820942947641015,0.0005828386638313532,0.0033870229963213205,0.0005854467744939029,0.001539647116442211,0
b3747,b3748,0,0.27176588773727417,0.24472194910049438,0.069099061191082,0.3629954159259796,0.4794752299785614,0.2494792938232422,0.18559607863426208,0.2034100443124771,0.4463679790496826,0.4888964593410492,0.30018073990941047,0
b3748,b3749,1,0.9960656762123108,0.9918591380119324,0.9840728044509888,0.9887210130691528,0.9765415191650391,0.9819653034210205,0.9974011182785034,0.9852774143218994,0.994914710521698,0.9845738410949707,0.9881392538547515,1
b3749,b3750,1,0.9281654357910156,0.9175825119018555,0.7713420987129211,0.863074779510498,0.8148590922355652,0.8505509495735168,0.8492647409439087,0.894804835319519,0.8684812188148499,0.8989420533180237,0.8657067716121674,1
b3750,b3751,1,0.9900140762329102,0.9804203510284424,0.946945071220398,0.9568341374397278,0.9495981931686401,0.9758014678955078,0.9772754907608032,0.9615418910980225,0.9773681163787842,0.9839949011802673,0.9699793696403504,1
b3751,b3752,1,0.9398967027664185,0.7794665694236755,0.6566250920295715,0.8462523221969604,0.836706817150116,0.8210685849189758,0.5200369954109192,0.8755481243133545,0.7800705432891846,0.7267892956733704,0.7782461047172546,1
b3752,b3753,1,0.9972828030586243,0.9942949414253235,0.9907147288322449,0.9883634448051453,0.9826178550720215,0.9831558465957642,0.9925463199615479,0.9905658960342407,0.9955923557281494,0.9893041849136353,0.9904438376426696,1
b3764,b3766,0,0.0001409674878232181,0.0001260396238649264,0.0003545754007063806,0.0006664691609330475,0.002614563098177314,0.0015652925940230489,1.596713627805002e-05,0.00031166354892775416,0.0007863835780881345,0.0004554624611046165,0.0007037384089926491,0
b3769,b3770,1,0.9907472133636475,0.9810006022453308,0.9621409773826599,0.9742856621742249,0.9456961750984192,0.9873301386833191,0.9876734018325806,0.9725536108016968,0.977794885635376,0.9843138456344604,0.9763536512851715,1
b3770,b3771,1,0.9953795075416565,0.9876673817634583,0.9603747129440308,0.9907349348068237,0.9704478979110718,0.984542727470398,0.9957462549209595,0.9782515168190002,0.994361400604248,0.984106719493866,0.9841613054275513,1
b3771,b3772,1,0.9948418140411377,0.9838377833366394,0.9852027297019958,0.9764549136161804,0.9484421014785767,0.9862622022628784,0.9931870102882385,0.9775813221931458,0.9841123223304749,0.9776396155357361,0.9807561814785004,1
b3772,b3774,0,0.009053424000740051,0.1352427899837494,0.010375737212598324,0.11638783663511276,0.1394214779138565,0.14517948031425476,0.1117459237575531,0.17201834917068481,0.2095453143119812,0.049229659140110016,0.10981999924406409,0
b3774,b3778,0,0.0055260383524000645,0.0035074211191385984,0.007559494115412235,0.008509918116033077,0.026056775823235512,0.012389244511723518,0.008118332363665104,0.007535610347986221,0.014343731105327606,0.00858801044523716,0.01021345763001591,0
b3778,b3781,0,0.0011255719000473619,0.003541054669767618,0.0001215329539263621,0.005786549299955368,0.004911414813250303,0.007179566193372011,0.0001981248933589086,0.0015992061235010624,0.0025554150342941284,0.0030013180803507566,0.003001975396182388,0
b3781,b3783,0,0.12098845094442368,0.4809570908546448,0.035392068326473236,0.5543521046638489,0.39473530650138855,0.34150394797325134,0.25237053632736206,0.4409802556037903,0.5504803657531738,0.3387477993965149,0.35105079263448713,0
b3783,b3784,0,0.5878878235816956,0.5482584834098816,0.1662408858537674,0.7624885439872742,0.7067437767982483,0.6737211346626282,0.4933546781539917,0.4085296392440796,0.7578051686286926,0.8126217722892761,0.5917651906609536,1
b3784,b3785,1,0.9969884157180786,0.9954590797424316,0.9924718737602234,0.9924471378326416,0.9879297018051147,0.989952802658081,0.9981442093849182,0.990195631980896,0.9978899359703064,0.993084728717804,0.9934563517570496,1
b3785,b3786,1,0.9959849715232849,0.9839226007461548,0.9748209714889526,0.9790348410606384,0.9374054074287415,0.9765838980674744,0.9870055913925171,0.9689164161682129,0.9853208661079407,0.9709887504577637,0.9759984314441681,1
b3786,b3787,1,0.9973527193069458,0.9965453147888184,0.9971557259559631,0.9793879985809326,0.9890854954719543,0.9892635941505432,0.9978692531585693,0.9869424104690552,0.9987877607345581,0.9957588315010071,0.9928149104118347,1
b3787,b3788,1,0.9969919919967651,0.9970964193344116,0.9971369504928589,0.9814389944076538,0.9897913336753845,0.9901699423789978,0.9972704648971558,0.9888925552368164,0.9988526701927185,0.9957457780838013,0.9933387100696563,1
b3788,b3789,1,0.9981042146682739,0.9935283064842224,0.9925440549850464,0.98417067527771,0.9655333757400513,0.9908994436264038,0.9950873851776123,0.9908177256584167,0.9933108687400818,0.9841699600219727,0.9888166010379791,1
b3789,b3790,1,0.997412919998169,0.996614396572113,0.9973452687263489,0.9800637364387512,0.9900199770927429,0.9901009798049927,0.9968254566192627,0.9877135753631592,0.9988618493080139,0.9959543347358704,0.9930912494659424,1
b3790,b3791,1,0.9956531524658203,0.9868140816688538,0.9680588841438293,0.9498544931411743,0.9262264966964722,0.9774391651153564,0.9786703586578369,0.9793485403060913,0.9708229899406433,0.9717885255813599,0.9704676687717437,1
b3791,b3792,1,0.9961671233177185,0.9925171136856079,0.9831236004829407,0.9908877611160278,0.981685221195221,0.9864920377731323,0.9961521029472351,0.9891297221183777,0.9949973821640015,0.989626944065094,0.9900779008865357,1
b3793,b3794,1,0.9967528581619263,0.9894204139709473,0.9710387587547302,0.9716670513153076,0.9506233930587769,0.9809176921844482,0.9824172854423523,0.9757755398750305,0.9866085052490234,0.9812668561935425,0.9786488354206085,1
b3794,b3795,0,0.2890746593475342,0.44807395339012146,0.3243457078933716,0.5214738845825195,0.45418086647987366,0.3906755745410919,0.23992790281772614,0.30244746804237366,0.6913711428642273,0.45738038420677185,0.4118951544165611,0
b3806,b4558,0,0.14868520200252533,0.06245310604572296,0.21821317076683044,0.08820711076259613,0.09267920255661011,0.1385192722082138,0.07343662530183792,0.13699479401111603,0.07854297012090683,0.06841979175806046,0.110615124553442,0
b4558,b3809,1,0.9578235149383545,0.9491416811943054,0.7023583054542542,0.9860662221908569,0.9481151700019836,0.9660828709602356,0.996066153049469,0.9421349763870239,0.990591824054718,0.9558141827583313,0.9394194900989532,1
b3809,b3810,1,0.9969875812530518,0.9962739944458008,0.995331346988678,0.9762019515037537,0.9871069192886353,0.9881397485733032,0.9971113801002502,0.9849439263343811,0.9983960390090942,0.9945154786109924,0.991500836610794,1
b3810,b3811,1,0.9972907900810242,0.9973378777503967,0.9972304105758667,0.9822118878364563,0.9875066876411438,0.9887394309043884,0.9980097413063049,0.9903833270072937,0.9985594749450684,0.9947460889816284,0.9932015717029572,1
b3811,b3812,1,0.9971789121627808,0.9970471262931824,0.9971737861633301,0.9804760217666626,0.9890540242195129,0.9897099137306213,0.9972774982452393,0.9883549809455872,0.9987010359764099,0.9953038096427917,0.9930277109146118,1
b3812,b3813,0,0.964019238948822,0.9512636065483093,0.7902894616127014,0.9128650426864624,0.8472719788551331,0.7560033798217773,0.9179219007492065,0.7183517813682556,0.9496691823005676,0.93038010597229,0.8738035678863525,1
b3813,b3816,0,0.007553511764854193,0.040598705410957336,0.003424889175221324,0.07083051651716232,0.061197929084300995,0.08020563423633575,0.003336989553645253,0.028337864205241203,0.1286463588476181,0.03779502585530281,0.04619274246506393,0
b3816,b3821,0,0.000467996287625283,0.0014863910619169474,0.0016888518584892154,0.007499559782445431,0.007328302599489689,0.00805023591965437,0.00019566853006836027,0.0014270718675106764,0.007778434548527002,0.0023997013922780752,0.003832221384800505,0
b3821,b3822,0,0.4601214826107025,0.39340639114379883,0.37483829259872437,0.6082863807678223,0.8383477330207825,0.3526684045791626,0.46498242020606995,0.32667919993400574,0.7233508825302124,0.392328679561615,0.49350098669528963,0
b3822,b3823,1,0.9495478272438049,0.9009366631507874,0.8539560437202454,0.8758108615875244,0.8756831288337708,0.82723468542099,0.7720010280609131,0.8709092140197754,0.9247068166732788,0.9316011071205139,0.8782387375831604,1
b3823,b3825,0,0.01083418820053339,0.007722113281488419,0.0023872139863669872,0.02330762892961502,0.02393530122935772,0.05616189166903496,0.0015029296046122909,0.015159321017563343,0.038003336638212204,0.012804068624973297,0.019181799318175763,0
b3825,b3826,1,0.9919943809509277,0.990382730960846,0.9727640151977539,0.9714739918708801,0.9586939215660095,0.9744632840156555,0.9519239068031311,0.9431517124176025,0.9816617369651794,0.9498392939567566,0.9686348974704743,1
b3826,b3827,0,0.9730607271194458,0.965965986251831,0.7883853316307068,0.9646577835083008,0.9004945755004883,0.7833958864212036,0.8201199173927307,0.9180635809898376,0.9628614783287048,0.9090888500213623,0.8986094117164611,1
b3827,b3829,0,0.011806369759142399,0.04947355017066002,0.0006934478878974915,0.09233506768941879,0.07698793709278107,0.1909671276807785,0.004280258435755968,0.054538093507289886,0.15789037942886353,0.07560045272111893,0.07145726843737066,0
b3829,b3831,0,0.0011778752086684108,0.005658952984958887,0.004223782569169998,0.01724453829228878,0.03429189696907997,0.023184025660157204,0.009095001965761185,0.004460443276911974,0.013140931725502014,0.02371988631784916,0.013619733497034759,0
b3831,b3832,1,0.8084545135498047,0.7060930132865906,0.24962028861045837,0.7739693522453308,0.7114979028701782,0.5135905742645264,0.8423063158988953,0.7399539947509766,0.7842427492141724,0.6749208569526672,0.6804649561643601,1
b3832,b3833,0,0.9617642760276794,0.8461828231811523,0.39504027366638184,0.8785482048988342,0.8067590594291687,0.8532437086105347,0.8854420185089111,0.848514199256897,0.8923019170761108,0.9353225827217102,0.830311906337738,1
b3833,b3834,1,0.9965863227844238,0.9943191409111023,0.993597149848938,0.9932634830474854,0.9893848896026611,0.9914299249649048,0.9971957802772522,0.9920480251312256,0.99769526720047,0.9941467642784119,0.9939666748046875,1
b3835,b3836,0,0.9616165161132812,0.9125363230705261,0.8933429718017578,0.9115593433380127,0.7680686712265015,0.8866009712219238,0.9397239089012146,0.9530516862869263,0.9337928295135498,0.9126569032669067,0.9072950124740601,1
b3836,b3838,1,0.9969305396080017,0.9942047595977783,0.9903066158294678,0.9936221241950989,0.9862975478172302,0.9892520308494568,0.9982084631919861,0.9932992458343506,0.9972586035728455,0.9893690347671509,0.9928748965263366,1
b3838,b3839,1,0.995051920413971,0.9942365288734436,0.9718133211135864,0.9915370345115662,0.9786507487297058,0.9845005869865417,0.9971567988395691,0.9852834939956665,0.9945769906044006,0.9873762726783752,0.9880183696746826,1
b3839,b4483,1,0.9783274531364441,0.9663796424865723,0.9019545316696167,0.9577858448028564,0.8908032178878784,0.9169821739196777,0.9585663676261902,0.9304496645927429,0.9499483108520508,0.9391986131668091,0.9390395820140839,1
b4483,b3843,0,0.03812043368816376,0.01290951855480671,0.0008853795006871223,0.05898784473538399,0.09563537687063217,0.08462963253259659,0.001250660978257656,0.02294689230620861,0.04658326879143715,0.09036950767040253,0.045231851562857625,0
b3843,b3844,1,0.9951023459434509,0.9908480644226074,0.9703043103218079,0.9855441451072693,0.9776034951210022,0.9928393363952637,0.9957297444343567,0.9811680316925049,0.9969270825386047,0.9910575747489929,0.9877124130725861,1
b3844,b3847,0,4.622633787221275e-05,0.0004204419383313507,2.0712430341518484e-05,0.0012507722713053226,0.0018331566825509071,0.005887523293495178,2.0851897716056556e-05,0.00017904487322084606,0.001530101872049272,0.0005781011423096061,0.001176693273919227,0
b3847,b3848,1,0.9964853525161743,0.994593620300293,0.9966605305671692,0.9719409942626953,0.989310085773468,0.989131510257721,0.9942665100097656,0.9816280007362366,0.9987003207206726,0.9960767030715942,0.990879362821579,1
b3848,b3849,1,0.9868789911270142,0.9792519807815552,0.9641388058662415,0.966134786605835,0.9378446340560913,0.925212562084198,0.980134904384613,0.9403629899024963,0.9748861789703369,0.9526497721672058,0.9607495605945587,1
b3849,b3850,1,0.9967919588088989,0.9958528280258179,0.9863817691802979,0.9884750247001648,0.979318380355835,0.9929159879684448,0.9955672025680542,0.9878855347633362,0.9968235492706299,0.9913021326065063,0.9911314368247985,1
b3858,b3859,0,0.986136794090271,0.9654673933982849,0.8835763931274414,0.9814960956573486,0.9493850469589233,0.895532488822937,0.9881503582000732,0.9363549947738647,0.9802432656288147,0.9506023526191711,0.951694518327713,1
b3859,b3860,1,0.9883530735969543,0.9725632667541504,0.9300194382667542,0.9362420439720154,0.8999785780906677,0.9677391648292542,0.9812798500061035,0.9482876062393188,0.9618523716926575,0.9691199660301208,0.9555435359477997,1
b3860,b3861,0,0.6911360025405884,0.25435417890548706,0.029024016112089157,0.6456975340843201,0.5609877109527588,0.3281320631504059,0.4665076434612274,0.705629825592041,0.5372351408004761,0.46142134070396423,0.4680125456303358,0
b3861,b3863,0,0.03781913220882416,0.014769737608730793,0.0014640438603237271,0.08562251180410385,0.08590744435787201,0.10638993233442307,0.00306574534624815,0.03497185558080673,0.041668228805065155,0.0696299746632576,0.04813086065696552,0
b3866,b3867,1,0.3982350528240204,0.770684540271759,0.12144001573324203,0.7713434100151062,0.6847074031829834,0.7565258145332336,0.69231116771698,0.5741896629333496,0.8006271719932556,0.8164792656898499,0.638654350489378,1
b3867,b3871,0,0.00018735512276180089,0.00012262862583156675,0.0002321184438187629,0.0006845656898804009,0.0026225654873996973,0.0023528567980974913,5.075475564808585e-05,0.0002829697623383254,0.0009479161817580462,0.0007579821394756436,0.0008241713007009821,0
b3871,b3872,0,0.5479635000228882,0.33764636516571045,0.6115837097167969,0.4762566089630127,0.5737932324409485,0.5442426204681396,0.26806640625,0.46306777000427246,0.6486887335777283,0.6133595108985901,0.5084668457508087,1
b3872,b3873,1,0.9951006770133972,0.9931769967079163,0.9817752242088318,0.9878815412521362,0.9664579629898071,0.9855082631111145,0.9972444176673889,0.9827616810798645,0.9942657947540283,0.9836827516555786,0.9867855310440063,1
b3873,b3874,0,0.9823797345161438,0.898353099822998,0.9195607900619507,0.933286726474762,0.7985805869102478,0.9131793975830078,0.9386931657791138,0.8933968544006348,0.923267662525177,0.862542450428009,0.9063240468502045,1
b3874,b3883,0,2.961713653348852e-05,0.00018056196859106421,7.993821782292798e-06,0.00017995059897657484,0.0003850886132568121,0.000620204140432179,5.397954737418331e-06,0.00012089193478459492,0.00023529819736722857,6.929567462066188e-05,0.00018343000410823152,0
b3883,b3884,1,0.9817386269569397,0.9801098108291626,0.9639765620231628,0.9649794101715088,0.9324934482574463,0.9726297855377197,0.9885845184326172,0.903298020362854,0.9772501587867737,0.9761022329330444,0.9641162574291229,1
b3884,b3885,1,0.16493643820285797,0.2787717878818512,0.04635847359895706,0.3209492266178131,0.5297865271568298,0.27616116404533386,0.4372061789035797,0.27669548988342285,0.3897342085838318,0.3786220848560333,0.30992215797305106,0
b3885,b3886,1,0.997109591960907,0.9960743188858032,0.9940160512924194,0.9798193573951721,0.9862896800041199,0.9854888916015625,0.9979104399681091,0.9859694242477417,0.9981282353401184,0.9940009117126465,0.9914806902408599,1
b3886,b3887,1,0.9974001049995422,0.9971074461936951,0.9973649978637695,0.9765949845314026,0.9897463917732239,0.9914673566818237,0.9959379434585571,0.9863721132278442,0.9989694952964783,0.9961742162704468,0.9927135050296784,1
b3887,b3888,1,0.9965700507164001,0.9966747760772705,0.997119128704071,0.9866976141929626,0.985938549041748,0.9862610101699829,0.9986292719841003,0.9897480607032776,0.9981935620307922,0.9942286610603333,0.9930060684680939,1
b3888,b3889,0,0.11125652492046356,0.10576498508453369,0.032832950353622437,0.11884000897407532,0.10738180577754974,0.09948153793811798,0.1279192566871643,0.19986340403556824,0.043607987463474274,0.09568103402853012,0.10426294952630996,0
b3889,b3890,0,0.0024180791806429625,0.008224635384976864,0.0019815838895738125,0.023601854220032692,0.016007615253329277,0.048832256346940994,0.0037887769285589457,0.0047375853173434734,0.008176685310900211,0.017572758719325066,0.01353418305516243,0
b3890,b3895,0,1.389222961734049e-05,0.00010553045285632834,1.6595253327977844e-05,0.00013859530736226588,0.00026035637711174786,0.0007125794072635472,1.2423812222550623e-05,9.378371760249138e-05,0.0005229623056948185,0.00010397629375802353,0.00019806951568170916,0
b3895,b3896,0,0.754476010799408,0.5759890675544739,0.3368929326534271,0.6655252575874329,0.712590217590332,0.5545994639396667,0.4929561913013458,0.6405500769615173,0.7683168649673462,0.7345161437988281,0.6236412227153778,1
b3896,b3905,0,1.6782896636868827e-05,7.572813046863303e-05,2.7670669169310713e-06,0.00024202599888667464,0.000513667066115886,0.0005135232931934297,0.00011467424337752163,0.00012551812687888741,0.00032594442018307745,6.945788481971249e-05,0.00020000891274776222,0
b3905,b3906,1,0.8226397633552551,0.5096631050109863,0.2241615653038025,0.7224070429801941,0.6480714678764343,0.648640513420105,0.6588726043701172,0.3549165427684784,0.6444644927978516,0.6531064510345459,0.588694354891777,1
b3906,b3908,0,0.0012192624853923917,0.0012960457243025303,0.0024787266738712788,0.0036836753133684397,0.009452911093831062,0.01011430099606514,5.181283995625563e-05,0.0014522623969241977,0.003626871621236205,0.005184538196772337,0.003856040734171984,0
b3908,b3909,1,0.8673577308654785,0.7828602194786072,0.22432905435562134,0.599922776222229,0.35964104533195496,0.4872463047504425,0.8431222438812256,0.8271386027336121,0.46699875593185425,0.389250785112381,0.5847867518663407,1
b3909,b3910,0,0.4469173550605774,0.19398966431617737,0.09706670045852661,0.2578640580177307,0.40984031558036804,0.3316176235675812,0.13513265550136566,0.4100385010242462,0.36954134702682495,0.42396992444992065,0.30759781450033186,0
b3910,b4484,0,0.0004001851484645158,0.0008561053546145558,6.415574171114713e-05,0.003612702712416649,0.002432391047477722,0.0055423928424716,0.000717087765224278,0.0021332113537937403,0.00378368329256773,0.0007181280525401235,0.002026004331128206,0
b4484,b3915,0,0.2375396490097046,0.1575767993927002,0.3954574763774872,0.3050542175769806,0.33647504448890686,0.26577216386795044,0.11221832782030106,0.18773134052753448,0.43507203459739685,0.21077847480773926,0.26436755284667013,0
b3915,b3916,0,0.8656618595123291,0.7928121089935303,0.30875322222709656,0.809844970703125,0.7223854064941406,0.8740097284317017,0.8149775862693787,0.7797709107398987,0.7826197743415833,0.886268138885498,0.7637103706598282,1
b3916,b3917,0,0.6794034242630005,0.5374754667282104,0.36726105213165283,0.5439502596855164,0.4745262861251831,0.3683132529258728,0.2430557906627655,0.5654361844062805,0.5583499670028687,0.27921345829963684,0.46169851422309877,0
b3917,b3918,0,0.13450756669044495,0.09285812824964523,0.07095953077077866,0.23863467574119568,0.38818359375,0.1576545089483261,0.06949656456708908,0.13856658339500427,0.15120047330856323,0.2274894118309021,0.16695510372519493,0
b3918,b3921,0,0.00013102356751915067,0.0005753773730248213,0.0006125530926510692,0.0013251303462311625,0.0026005778927356005,0.0024663975927978754,5.542530561797321e-05,0.0003041605814360082,0.001190213835798204,0.0018242126097902656,0.001108507219760213,0
b3921,b3922,0,0.049982208758592606,0.02549825608730316,0.008543822914361954,0.044802386313676834,0.053240761160850525,0.08042293041944504,0.007294952869415283,0.03187208250164986,0.05052105709910393,0.05581901967525482,0.0407997477799654,0
b3922,b3923,1,0.9953646659851074,0.9926087856292725,0.9862900376319885,0.9859136343002319,0.9707108736038208,0.9911552667617798,0.9969887733459473,0.9876600503921509,0.9969940185546875,0.9884078502655029,0.9892093956470489,1
b3923,b3928,0,5.606450940831564e-06,3.785497392527759e-05,4.150063887209399e-06,6.636796024395153e-05,0.0002590125077404082,0.0002116644463967532,4.537632321444107e-06,3.230427682865411e-05,9.940966992871836e-05,3.978867607656866e-05,7.606966582898166e-05,0
b3928,b3936,0,6.490628948085941e-06,1.9033528587897308e-05,2.064241016341839e-05,3.464052497292869e-05,0.00045163321192376316,0.0005555755342356861,1.028215166343216e-07,2.057395613519475e-05,5.504941145773046e-05,0.00011630131484707817,0.00012800433427884172,0
b3936,b3939,0,0.004500105977058411,0.0011755565647035837,0.0015192405553534627,0.005714908707886934,0.01302593294531107,0.01062383409589529,0.0007608486339449883,0.004737223032861948,0.009946800768375397,0.008060912601649761,0.006006536388304085,0
b3939,b3940,1,0.9939678311347961,0.9877725839614868,0.9864111542701721,0.9721655249595642,0.9443240165710449,0.9814412593841553,0.9919480085372925,0.9736457467079163,0.9754018187522888,0.977685272693634,0.9784763216972351,1
b3940,b3941,0,0.1281241625547409,0.38088059425354004,0.2649020552635193,0.44655147194862366,0.5088851451873779,0.3784221112728119,0.4060125946998596,0.30838650465011597,0.6427670121192932,0.35371461510658264,0.3818646267056465,0
b3941,b3942,0,0.03297221288084984,0.13057111203670502,0.005723906680941582,0.28201767802238464,0.281984806060791,0.4668259620666504,0.15520769357681274,0.11018618196249008,0.20850899815559387,0.40076494216918945,0.20747634936124087,0
b3942,b3943,0,0.8987902402877808,0.8542938232421875,0.750252902507782,0.8912901878356934,0.8304051160812378,0.8762302994728088,0.9629217982292175,0.8156965970993042,0.8290750980377197,0.8879007697105408,0.8596856832504273,1
b3943,b3949,0,1.7937034499482252e-05,5.031467662774958e-05,2.6213854653178714e-05,0.00012450487702153623,0.0007034091395325959,0.000753331056330353,3.816228854702786e-06,2.9256998459459282e-05,0.0001918387715704739,0.000285720539977774,0.00021863431775273056,0
b3949,b3950,1,0.9929213523864746,0.9926762580871582,0.968357264995575,0.981230616569519,0.9648908972740173,0.9913380742073059,0.9950871467590332,0.9845762848854065,0.993317723274231,0.9854084253311157,0.9849804043769836,1
b3950,b3951,1,0.8476408123970032,0.9100213050842285,0.6009132266044617,0.924572229385376,0.826433539390564,0.7818053364753723,0.9359542727470398,0.7967580556869507,0.8866658806800842,0.9268271923065186,0.8437591850757599,1
b3951,b3952,1,0.9965989589691162,0.9967143535614014,0.9969788193702698,0.9783055186271667,0.9897501468658447,0.9909456372261047,0.9950147867202759,0.9851751327514648,0.9989942312240601,0.9960578083992004,0.9924535393714905,1
b3952,b3953,1,0.9932692646980286,0.9934929013252258,0.9860405921936035,0.9832077026367188,0.9661402106285095,0.98697429895401,0.9953548312187195,0.9855638146400452,0.9932937026023865,0.9827195405960083,0.9866056859493255,1
b3953,b3958,0,2.0973691789549775e-05,4.16615694120992e-05,1.2336187182881986e-06,8.328434341819957e-05,0.00041856791358441114,0.0005300715565681458,2.8039162316417787e-06,4.575238563120365e-05,0.0001256770483450964,0.00011373324377927929,0.00013837592874779147,0
b3958,b3959,1,0.9905783534049988,0.9760025143623352,0.989481508731842,0.944380521774292,0.8686517477035522,0.947638750076294,0.9707406163215637,0.9654898643493652,0.9663388729095459,0.9564843773841858,0.9575787127017975,1
b3959,b3960,1,0.9785659313201904,0.9749088287353516,0.8683546781539917,0.9701230525970459,0.9143934845924377,0.9696352481842041,0.977287232875824,0.9571962356567383,0.9742693901062012,0.9622935652732849,0.954702764749527,1
b3960,b3961,0,0.010404154658317566,0.05166563391685486,0.004560527391731739,0.12422522157430649,0.16856196522712708,0.18789726495742798,0.019188055768609047,0.04260323569178581,0.14408665895462036,0.16627418994903564,0.09194669080898166,0
b3961,b3963,0,0.0019129725405946374,0.002835842315107584,0.0027344939298927784,0.006275588646531105,0.0068274266086518764,0.012661997228860855,0.011404767632484436,0.003063854295760393,0.016130829229950905,0.0009360495023429394,0.006478382193017751,0
b3963,b3964,1,0.9962375164031982,0.9955510497093201,0.995345413684845,0.9769241809844971,0.9860097765922546,0.9900537133216858,0.9969052076339722,0.9847844243049622,0.9983543157577515,0.9946994185447693,0.9914865016937255,1
b3964,b3966,0,0.011453663930296898,0.004145070910453796,0.0020921172108501196,0.01964343897998333,0.019129330292344093,0.02221892774105072,0.0007393258856609464,0.04370277747511864,0.02901584841310978,0.0051642535254359245,0.015730475436430424,0
b3966,b3967,1,0.9974155426025391,0.9941088557243347,0.9967345595359802,0.9747730493545532,0.9895757436752319,0.9909093976020813,0.9958935379981995,0.9843577146530151,0.9988600611686707,0.995980441570282,0.9918608903884888,1
b3972,b3973,1,0.9970445036888123,0.9963033199310303,0.997052013874054,0.9794126152992249,0.989496111869812,0.9891720414161682,0.9973684549331665,0.9863954782485962,0.998799204826355,0.9958050847053528,0.9926848828792572,1
b3981,b3982,1,0.9987314939498901,0.9967792630195618,0.9978500008583069,0.9926437139511108,0.9835295677185059,0.9931776523590088,0.9985826015472412,0.9922935962677002,0.9981566667556763,0.9931067824363708,0.9944851338863373,1
b3982,b3983,0,0.23314891755580902,0.1679556667804718,0.05503709241747856,0.22139155864715576,0.26113206148147583,0.33519676327705383,0.07731994986534119,0.2323961704969406,0.3313921391963959,0.28258195519447327,0.21975522749125959,0
b3983,b3984,1,0.9962865710258484,0.9963862299919128,0.9932038187980652,0.989418625831604,0.9748331904411316,0.9940745830535889,0.9979310035705566,0.9906877875328064,0.9969167709350586,0.9915305376052856,0.9921269118785858,1
b3984,b3985,1,0.0893530324101448,0.1087358221411705,0.01732698269188404,0.1713520735502243,0.13926169276237488,0.36643898487091064,0.041044168174266815,0.10615518689155579,0.1281948983669281,0.15950877964496613,0.1327371621504426,0
b3985,b3986,1,0.983367383480072,0.9788300395011902,0.7380159497261047,0.9704169631004333,0.950635552406311,0.9740448594093323,0.9918743968009949,0.9739382863044739,0.9901189208030701,0.9817325472831726,0.9532974898815155,1
b3986,b3987,1,0.18181659281253815,0.44057705998420715,0.16108864545822144,0.49099478125572205,0.3143984079360962,0.21166282892227173,0.18579648435115814,0.3011932671070099,0.6053805947303772,0.35763871669769287,0.32505473792552947,0
b3987,b3988,1,0.988627552986145,0.983741044998169,0.9689978361129761,0.9720192551612854,0.9435986876487732,0.9866577386856079,0.9895529747009277,0.9664601683616638,0.9793580770492554,0.9784224033355713,0.9757435739040374,1
b3988,b3989,0,0.22810541093349457,0.7315787076950073,0.8890688419342041,0.6782135963439941,0.5704697370529175,0.4871384799480438,0.6239298582077026,0.40486422181129456,0.7058346271514893,0.7676991820335388,0.6086902663111686,1
b3989,b3996,0,1.9130524378851987e-05,4.2548672354314476e-05,2.5671779440017417e-06,0.00012669125862885267,0.0006580539047718048,0.0007056214963085949,4.698237887623691e-07,0.0001614829816389829,0.00015338796947617084,0.00018640731286723167,0.00020563611221575685,0
b3996,b3997,1,0.8232192397117615,0.6956906318664551,0.23991094529628754,0.8050455451011658,0.8650838732719421,0.7510307431221008,0.6233507990837097,0.6584347486495972,0.7644819021224976,0.9380737543106079,0.7164322182536125,1
b3997,b3998,1,0.9974891543388367,0.9960141181945801,0.9861825108528137,0.9913538098335266,0.9872963428497314,0.9923536777496338,0.997881293296814,0.9912630319595337,0.9981501698493958,0.9937635064125061,0.9931747615337372,1
b3998,b3999,0,0.9901432394981384,0.9565461874008179,0.9088507294654846,0.9237896203994751,0.8880975246429443,0.9177449345588684,0.7872899770736694,0.9396464228630066,0.9506016373634338,0.9521397352218628,0.9214850008487702,1
b3999,b4000,0,0.1886465847492218,0.22995547950267792,0.02262389473617077,0.3193112015724182,0.20038898289203644,0.3226131796836853,0.02829028107225895,0.19872482120990753,0.26990383863449097,0.2879782021045685,0.20684364661574364,0
b4000,b4001,1,0.9987581968307495,0.9864243268966675,0.9914259910583496,0.9852067232131958,0.9599922299385071,0.9849101901054382,0.9888378381729126,0.9916768670082092,0.9936670064926147,0.9798607230186462,0.986076009273529,1
b4001,b4003,0,0.10189243406057358,0.03549514338374138,0.0424494706094265,0.050798892974853516,0.04902949929237366,0.07988815009593964,0.033012256026268005,0.12459920346736908,0.0502023920416832,0.04129108786582947,0.0608658529818058,0
b4003,b4004,1,0.9976639151573181,0.9962307810783386,0.9974976181983948,0.9744271039962769,0.9887310266494751,0.9885543584823608,0.9972759485244751,0.9842534065246582,0.9987562894821167,0.9958662390708923,0.9919256687164306,1
b4011,b4013,0,0.05292729288339615,0.15564583241939545,0.013209079392254353,0.18187429010868073,0.05344181880354881,0.22158963978290558,0.5109859704971313,0.20901191234588623,0.06383437663316727,0.03387916833162308,0.1496399381197989,0
b4013,b4014,0,0.3652307689189911,0.19201292097568512,0.027076059952378273,0.3085455000400543,0.37231406569480896,0.4315915107727051,0.06241994723677635,0.2650531828403473,0.28605955839157104,0.4281853437423706,0.2738488858565688,0
b4014,b4015,1,0.9401398301124573,0.9254165887832642,0.6260496973991394,0.9259897470474243,0.8763332962989807,0.9665833115577698,0.9661130309104919,0.9284068942070007,0.9332156777381897,0.9495913982391357,0.9037839472293854,1
b4015,b4016,1,0.988820493221283,0.9779873490333557,0.9708620309829712,0.9797206521034241,0.9558333158493042,0.9762783050537109,0.984816312789917,0.9786381721496582,0.9787161946296692,0.9763656258583069,0.97680384516716,1
b4016,b4019,0,0.002949196845293045,0.0004328303621150553,0.0012693168828263879,0.003969148732721806,0.013524791225790977,0.015653366222977638,6.838593981228769e-05,0.0010908065596595407,0.003976333886384964,0.005347022786736488,0.004828119944431819,0
b4019,b4020,0,0.9266082644462585,0.9213315844535828,0.836397647857666,0.9221968054771423,0.8202047348022461,0.7595750689506531,0.9662486910820007,0.7652280330657959,0.8849554061889648,0.9254425764083862,0.8728188812732697,1
b4020,b4022,0,0.004318524152040482,0.00540801789611578,0.004128701984882355,0.009440386667847633,0.02912472002208233,0.01296826172620058,0.006925422698259354,0.002653984585776925,0.013617562130093575,0.0035824007354676723,0.009216798259876669,0
b4022,b4025,0,0.0004302588349673897,0.00033188145607709885,4.570777673507109e-05,0.0024526931811124086,0.007018777076154947,0.00728239119052887,4.520071161095984e-05,0.0004553213657345623,0.002980321180075407,0.0013674123911187053,0.002240996516411542,0
b4025,b4026,0,0.20617051422595978,0.11281687021255493,0.12963750958442688,0.25096026062965393,0.2575806975364685,0.2534047067165375,0.1875947117805481,0.23155727982521057,0.22393116354942322,0.12135470658540726,0.19750084206461907,0
b4026,b4027,1,0.8530327677726746,0.8111090660095215,0.3762248456478119,0.8399298787117004,0.5520150661468506,0.7490978837013245,0.9371963739395142,0.6958147883415222,0.6835408806800842,0.36966967582702637,0.686763122677803,1
b4027,b4028,1,0.9963765144348145,0.99763023853302,0.9980523586273193,0.9865217208862305,0.9882311820983887,0.9892513155937195,0.9980517625808716,0.9918120503425598,0.9986212849617004,0.9943321347236633,0.9938880562782287,1
b4028,b4029,1,0.996685266494751,0.9975672960281372,0.9978465437889099,0.9865374565124512,0.9842479825019836,0.9871477484703064,0.9990728497505188,0.9922873973846436,0.9981459975242615,0.9940613508224487,0.9933599889278412,1
b4029,b4030,0,0.22421303391456604,0.15775105357170105,0.014456397853791714,0.32946649193763733,0.1727565973997116,0.28839388489723206,0.03159327059984207,0.1310325413942337,0.12857241928577423,0.16565470397472382,0.16438903948292136,0
b4030,b4035,0,8.85425561136799e-06,2.5313860533060506e-05,3.9626494981348515e-05,9.235065226675943e-05,0.0007081925286911428,0.0005094832158647478,2.0486711491685128e-06,4.5190838136477396e-05,0.00016859296010807157,0.00016459710604976863,0.0001764250583391913,0
b4035,b4036,1,0.9889906048774719,0.9802883863449097,0.9659727811813354,0.9698664546012878,0.9476595520973206,0.9891231060028076,0.9919911623001099,0.9711163640022278,0.9851455092430115,0.9835778474807739,0.9773731768131256,1
b4036,b4037,1,0.9191765189170837,0.7926304936408997,0.7438989877700806,0.8829883337020874,0.7269666790962219,0.8879105448722839,0.9035021662712097,0.7689408659934998,0.8585001230239868,0.8866888284683228,0.8371203541755676,1
b4037,b4039,0,0.017611028626561165,0.004687614273279905,0.032715391367673874,0.01407557912170887,0.031728509813547134,0.021568747237324715,0.001123082241974771,0.004439411219209433,0.010890111327171326,0.01313803531229496,0.015197751054074615,0
b4039,b4040,1,0.9932238459587097,0.9895249009132385,0.9654203057289124,0.9823476076126099,0.9579830169677734,0.9882741570472717,0.9967144727706909,0.9756755828857422,0.9921824932098389,0.9835541844367981,0.9824900567531586,1
b4040,b4042,0,0.0003878166025970131,0.0025088691618293524,0.00015874410746619105,0.0026085232384502888,0.0018325704149901867,0.004737380892038345,0.0008964309236034751,0.0022315026726573706,0.003530619665980339,0.0005578577984124422,0.0019450315478025005,0
b4042,b4043,0,0.08052624017000198,0.09469397366046906,0.011962157674133778,0.17703823745250702,0.23010610044002533,0.23660215735435486,0.08665686100721359,0.0636354386806488,0.20982785522937775,0.2475987821817398,0.1438647803850472,0
b4043,b4044,1,0.997076153755188,0.9704009294509888,0.9748678207397461,0.9720991253852844,0.9358625411987305,0.9756338596343994,0.9770157337188721,0.9895447492599487,0.9902335405349731,0.9675341248512268,0.9750268578529357,1
b4044,b4045,0,0.5861619114875793,0.8669443726539612,0.26717492938041687,0.7427507638931274,0.6796431541442871,0.7701035141944885,0.6845297813415527,0.686848521232605,0.6717676520347595,0.7478333115577698,0.6703757911920547,1
b4045,b4047,0,0.00017172179650515318,0.0003947271907236427,0.00047302147140726447,0.001018331153318286,0.001567930681630969,0.0020297165028750896,0.00022176564380060881,0.00025586268748156726,0.001771087758243084,0.0004885013913735747,0.000839266627735924,0
b4047,b4048,1,0.9957443475723267,0.9872879981994629,0.9815046787261963,0.988041877746582,0.9641316533088684,0.975992739200592,0.9992253184318542,0.9756375551223755,0.9946929812431335,0.9624187350273132,0.9824677884578705,1
b4048,b4049,0,0.1752580851316452,0.052131183445453644,0.008931341581046581,0.12840676307678223,0.1320197731256485,0.2262488752603531,0.003155284095555544,0.11490292102098465,0.11887755990028381,0.1536128968000412,0.11135446834377945,0
b4049,b4050,1,0.663516104221344,0.16745105385780334,0.597169816493988,0.3944483995437622,0.42916351556777954,0.4905983805656433,0.09871349483728409,0.3710194230079651,0.404328852891922,0.3592028319835663,0.39756118729710577,0
b4050,b4052,0,0.00207799905911088,0.006114015821367502,0.0003654859901871532,0.010089624673128128,0.012372337281703949,0.02888077311217785,0.004243467003107071,0.0040258076041936874,0.012940586544573307,0.008150380104780197,0.008926047719432973,0
b4052,b4053,1,0.995444118976593,0.989166259765625,0.9656326174736023,0.9885623455047607,0.9781047105789185,0.9911490082740784,0.9967595338821411,0.9855738282203674,0.9961927533149719,0.9913800358772278,0.9877965211868286,1
b4053,b4054,0,0.6461261510848999,0.516323983669281,0.059355124831199646,0.5238199234008789,0.393351674079895,0.578542947769165,0.18633291125297546,0.5200090408325195,0.6989926695823669,0.5739046931266785,0.46967591196298597,0
b4054,b4055,0,0.011133440770208836,0.004364211577922106,0.005136605817824602,0.012759535573422909,0.025485839694738388,0.016589365899562836,0.0017096250085160136,0.004480008035898209,0.010312601923942566,0.015771152451634407,0.010774238675367087,0
b4055,b4056,0,0.6686969995498657,0.2672205865383148,0.6029894351959229,0.4878024756908417,0.5269094109535217,0.330597847700119,0.31333407759666443,0.3835206627845764,0.7000030279159546,0.4982722997665405,0.4779346823692322,0
b4056,b4057,1,0.996486485004425,0.9957490563392639,0.9895820021629333,0.988694965839386,0.9852224588394165,0.9932952523231506,0.997582197189331,0.9864287972450256,0.9984227418899536,0.9945657849311829,0.9926029741764069,1
b4057,b4059,0,3.454443140071817e-05,9.278556535718963e-05,0.00015798307140357792,0.00026002348749898374,0.000775271444581449,0.0010242389980703592,5.901626354898326e-05,0.00011240856838412583,0.0004910099669359624,8.37736515677534e-05,0.0003091055448749103,0
b4059,b4061,0,0.33689695596694946,0.10045760124921799,0.10286752134561539,0.1844467967748642,0.11494030803442001,0.08860733360052109,0.04466703161597252,0.15692555904388428,0.17408610880374908,0.05585530027747154,0.13597505167126656,0
b4061,b4063,0,0.1025722399353981,0.09095775336027145,0.03680553287267685,0.2258165031671524,0.3514859080314636,0.17502683401107788,0.08630140125751495,0.1306050717830658,0.13884475827217102,0.11778070032596588,0.1456196703016758,0
b4063,b4064,0,0.09961860626935959,0.06211048737168312,0.07650090008974075,0.11938241124153137,0.08692272752523422,0.17098180949687958,0.018442358821630478,0.09691547602415085,0.24741585552692413,0.056590430438518524,0.10348810628056526,0
b4064,b4065,0,0.5299491882324219,0.5206401944160461,0.08138996362686157,0.6505638957023621,0.7228975296020508,0.7296513319015503,0.31352314352989197,0.5438024997711182,0.5329736471176147,0.7855649590492249,0.5410956352949142,1
b4065,b4070,0,6.163554644444957e-05,0.0001027946564136073,1.1283362255198881e-05,0.0005068810423836112,0.0016506471438333392,0.001177369267679751,4.67031850348576e-06,0.00011556505342014134,0.0005471902550198138,0.0005872971378266811,0.0004765333783780079,0
b4070,b4071,1,0.9957132339477539,0.9859448671340942,0.9767453670501709,0.9826643466949463,0.9655616879463196,0.9822433590888977,0.9943529963493347,0.9736895561218262,0.9909453988075256,0.9853127598762512,0.983317357301712,1
b4071,b4072,1,0.9964096546173096,0.9924023151397705,0.9954709410667419,0.9776663184165955,0.9849823117256165,0.9842991828918457,0.99700528383255,0.9809683561325073,0.9976785182952881,0.9938352108001709,0.9900718092918396,1
b4072,b4073,1,0.9968681335449219,0.9965584874153137,0.9957937002182007,0.9825112819671631,0.9854663610458374,0.9868189692497253,0.9979588389396667,0.9893250465393066,0.9979764223098755,0.9937103390693665,0.9922987580299377,1
b4073,b4074,1,0.9965988397598267,0.9796333909034729,0.9857910871505737,0.9893331527709961,0.9540294408798218,0.9801775813102722,0.9926485419273376,0.9803416728973389,0.9848712086677551,0.9724376201629639,0.9815862536430359,1
b4074,b4075,1,0.9965712428092957,0.9961028099060059,0.9964348077774048,0.9684317111968994,0.9881883859634399,0.9910995364189148,0.9933119416236877,0.9812580943107605,0.9987846612930298,0.9964133501052856,0.9906596541404724,1
b4075,b4076,1,0.9972167015075684,0.9954577684402466,0.997384250164032,0.9811065793037415,0.9859802722930908,0.9867494106292725,0.9981107711791992,0.9884200096130371,0.9982879161834717,0.9943497180938721,0.9923063397407532,1
b4076,b4077,0,0.22268350422382355,0.1012582927942276,0.010606206022202969,0.11851882934570312,0.15558607876300812,0.3416551351547241,0.014072760939598083,0.12976163625717163,0.2895861864089966,0.21204251050949097,0.15957711404189467,0
b4077,b4090,0,1.9411478206166066e-05,3.7213845644146204e-05,0.0003854880342260003,6.358127575367689e-05,0.0006661961087957025,0.0006621589418500662,1.115188752009999e-06,3.148118776152842e-05,0.00015064739272929728,0.00020317731832619756,0.00022204707720447915,0
b4090,b4487,0,0.9788367748260498,0.9495395421981812,0.8756914734840393,0.9173159599304199,0.8163408041000366,0.9568650126457214,0.941999614238739,0.9338972568511963,0.9388936758041382,0.906288206577301,0.9215668320655823,1
b4487,b4109,0,0.00010371605458203703,0.0003016815462615341,0.0004616261285264045,0.00040204060496762395,0.002210413571447134,0.001305822399444878,0.00029632076621055603,0.0003772029303945601,0.0004995121853426099,0.0020257101859897375,0.0007984046373167075,0
b4109,b4110,1,0.9978179931640625,0.9954888820648193,0.9972274303436279,0.973957359790802,0.9908681511878967,0.9914500117301941,0.9951971173286438,0.9828058481216431,0.9990711808204651,0.99674391746521,0.9920627892017364,1
b4110,b4111,0,0.7289636135101318,0.5734730362892151,0.11336871981620789,0.6961805820465088,0.5743392109870911,0.8098127245903015,0.23243585228919983,0.6460580229759216,0.5018693804740906,0.7288742661476135,0.5605375409126282,1
b4119,b4120,1,0.946264922618866,0.8659388422966003,0.870755136013031,0.9309531450271606,0.8463279604911804,0.7371209263801575,0.8112652897834778,0.6987481713294983,0.9514972567558289,0.8384553790092468,0.8497327029705047,1
b4120,b4126,0,0.0001086205302271992,0.00029098166851326823,1.0005884178099222e-05,0.0003820143174380064,0.0006351645570248365,0.0007678509573452175,6.481426680693403e-05,0.00010232073691440746,0.000502260634675622,0.00017587262846063823,0.00030399061815842285,0
b4126,b4127,1,0.9955422878265381,0.9944139122962952,0.9838874340057373,0.9850834012031555,0.9641954302787781,0.9939690232276917,0.9960405230522156,0.9880510568618774,0.9957630634307861,0.9886204600334167,0.9885566592216491,1
b4127,b4128,0,0.012080860324203968,0.019231751561164856,0.0006803630385547876,0.033036403357982635,0.03512195870280266,0.05739617347717285,0.0123650087043643,0.00675719091668725,0.033635374158620834,0.02315642684698105,0.02334615110885352,0
b4128,b4559,1,0.9923157095909119,0.9845988154411316,0.9899937510490417,0.9800021648406982,0.9698655009269714,0.9764336347579956,0.9949581027030945,0.9769680500030518,0.9950737357139587,0.9865592122077942,0.984676867723465,1
b4559,b4140,0,9.194697486236691e-05,9.836674144025892e-05,0.00011276059376541525,0.00015659246128052473,0.0007676391396671534,0.0006461277953349054,9.495907761447597e-06,0.0001942170347319916,0.00019826399511657655,0.00029856868786737323,0.00025739793318280135,0
b4140,b4142,0,2.8441838367143646e-05,0.00017464824486523867,2.4972352548502386e-05,0.0006549664540216327,0.0014298026217147708,0.002861376153305173,1.418385454599047e-05,9.854268137132749e-05,0.0005444130511023104,0.0004896848113276064,0.0006321032063169695,0
b4142,b4143,1,0.9964672923088074,0.9940127730369568,0.9918733239173889,0.9903156161308289,0.972737193107605,0.9917221665382385,0.9993385672569275,0.9850554466247559,0.9971463680267334,0.9906303286552429,0.9909299075603485,1
b4143,b4144,0,0.5452753305435181,0.4738894999027252,0.8702274560928345,0.7427791953086853,0.7143270969390869,0.7165900468826294,0.7275983691215515,0.4302538335323334,0.7092374563217163,0.7882076501846313,0.6718385934829711,1
b4144,b4147,0,0.001040303148329258,0.0016631648177281022,0.0071799070574343204,0.005762196611613035,0.007751391269266605,0.011484240181744099,0.0003345741715747863,0.006555535830557346,0.004105105996131897,0.006140842102468014,0.005201726118684746,0
b4147,b4410,0,0.7783241868019104,0.8583810329437256,0.8846831321716309,0.8154498934745789,0.607353687286377,0.7443849444389343,0.6544550061225891,0.7434519529342651,0.7776979804039001,0.8147961497306824,0.7678977966308593,1
b4410,b4411,0,0.14607484638690948,0.03672124817967415,0.057309117168188095,0.07010640949010849,0.0462537556886673,0.14025606215000153,0.03911451995372772,0.06852659583091736,0.16819323599338531,0.025652620941400528,0.07982084117829799,0
b4411,b4148,0,0.03732597455382347,0.02139316126704216,0.0011860434897243977,0.060584429651498795,0.07517225295305252,0.04603998363018036,0.00784483551979065,0.011082056909799576,0.10769873857498169,0.03203162923455238,0.0400359105784446,0
b4148,b4155,0,1.379807508783415e-05,7.348781946348026e-05,3.842365458694985e-06,9.296304051531479e-05,0.0003555180737748742,0.000447554950369522,5.363726813811809e-06,6.518107693409547e-05,0.0003716492501553148,3.847884727292694e-05,0.00014678372258458694,0
b4155,b4156,0,0.5418909192085266,0.40425896644592285,0.5362803339958191,0.4794275462627411,0.4201819896697998,0.4349602162837982,0.1940709352493286,0.4318939447402954,0.6563067436218262,0.49337244033813477,0.45926440358161924,0
b4156,b4157,1,0.9940072894096375,0.9884428381919861,0.9797770977020264,0.9819419980049133,0.9688400626182556,0.9888336062431335,0.9911280870437622,0.9795193076133728,0.9947545528411865,0.9888035655021667,0.9856048405170441,1
b4157,b4158,1,0.9976008534431458,0.9981116056442261,0.9976145625114441,0.9821321368217468,0.9883738160133362,0.9911010265350342,0.9983007311820984,0.9916584491729736,0.9988369345664978,0.9951531291007996,0.9938883244991302,1
b4158,b4162,0,1.7843980458565056e-05,4.211555278743617e-05,3.600756826926954e-06,0.00012214979506097734,0.0004237166722305119,0.0005908551393076777,9.022552376336535e-07,7.453347643604502e-05,0.00017939571989700198,0.00012277463974896818,0.0001577887987991744,0
b4167,b4168,1,0.9966846704483032,0.9963927865028381,0.9968094229698181,0.9728226661682129,0.9899296760559082,0.9916825294494629,0.9940914511680603,0.9831068515777588,0.9990222454071045,0.9965875148773193,0.9917129814624787,1
b4168,b4169,1,0.9636769890785217,0.9692789912223816,0.9689793586730957,0.9531303644180298,0.9082721471786499,0.9617936611175537,0.9806696176528931,0.9473763704299927,0.956249475479126,0.958976149559021,0.9568403124809265,1
b4169,b4170,1,0.976956307888031,0.9777335524559021,0.9271721243858337,0.959514856338501,0.850726306438446,0.9621081352233887,0.979306697845459,0.9718527793884277,0.9688760638237,0.9290586709976196,0.9503305494785309,1
b4170,b4171,1,0.9873858690261841,0.9913614988327026,0.9741166830062866,0.9578284025192261,0.9585884809494019,0.9831519722938538,0.9936406016349792,0.9528277516365051,0.9848231673240662,0.983601987361908,0.9767326414585114,1
b4171,b4172,1,0.9777433276176453,0.979189932346344,0.9162563681602478,0.9639660120010376,0.9147069454193115,0.9681570529937744,0.9844034314155579,0.9693846106529236,0.9740673899650574,0.9545451402664185,0.9602420210838318,1
b4172,b4173,1,0.958004355430603,0.942537784576416,0.9285467863082886,0.9669373631477356,0.9060675501823425,0.8678033947944641,0.9797173142433167,0.799976110458374,0.9494286179542542,0.8186203837394714,0.9117639660835266,1
b4173,b4174,1,0.995713472366333,0.9807719588279724,0.9309458136558533,0.9715794920921326,0.9453039169311523,0.9797487258911133,0.9904225468635559,0.9765368700027466,0.9909085631370544,0.9782240390777588,0.9740155398845672,1
b4174,b4175,1,0.9971045851707458,0.9949889779090881,0.9954067468643188,0.9884405136108398,0.9798445105552673,0.9905829429626465,0.9965848922729492,0.9860905408859253,0.9967951774597168,0.9915056824684143,0.9917344570159912,1
b4175,b4176,0,0.391452431678772,0.3838190734386444,0.7177083492279053,0.5632229447364807,0.6367083191871643,0.5689866542816162,0.27538418769836426,0.31553933024406433,0.6329845190048218,0.590912938117981,0.5076718747615814,1
b4176,b4177,0,0.31876543164253235,0.24493637681007385,0.07279621064662933,0.37892061471939087,0.4791930019855499,0.376878559589386,0.15337997674942017,0.2539186179637909,0.3511209487915039,0.5607857704162598,0.3190695509314537,0
b4177,b4178,0,0.525275707244873,0.7244424223899841,0.8483291268348694,0.4936944246292114,0.5013768076896667,0.47480157017707825,0.5186889171600342,0.5980587601661682,0.6172325015068054,0.6776959896087646,0.5979596227407455,1
b4178,b4179,1,0.962954044342041,0.9398621320724487,0.7659575343132019,0.9485713839530945,0.935510516166687,0.9604780673980713,0.965455174446106,0.9107178449630737,0.9522554278373718,0.9826337099075317,0.9324395835399628,1
b4179,b4180,1,0.9816063642501831,0.9692417979240417,0.8080315589904785,0.9690423011779785,0.9527211785316467,0.9573593139648438,0.9827843308448792,0.9575702548027039,0.9791838526725769,0.9829244613647461,0.9540465414524079,1
b4180,b4181,0,0.6414662599563599,0.3458947241306305,0.6538885831832886,0.4621371924877167,0.468963086605072,0.48994576930999756,0.19822309911251068,0.42925605177879333,0.6217752695083618,0.4795232117176056,0.47910732477903367,0
b4181,b4182,1,0.9900669455528259,0.9721263647079468,0.9898781180381775,0.9710395932197571,0.9153803586959839,0.9769060015678406,0.9874992370605469,0.9531188607215881,0.9749427437782288,0.9652971625328064,0.9696255385875702,1
b4182,b4183,0,0.9849220514297485,0.9385710954666138,0.9331351518630981,0.9674301147460938,0.8984388113021851,0.9109432697296143,0.9665965437889099,0.9396080374717712,0.9667859077453613,0.917192280292511,0.9423623263835907,1
b4183,b4184,1,0.994759738445282,0.9793965220451355,0.7640001177787781,0.9500964879989624,0.8793261647224426,0.9580731391906738,0.9597124457359314,0.9434124827384949,0.9583088159561157,0.908376932144165,0.9295462846755982,1
b4184,b4185,1,0.9206962585449219,0.9529148936271667,0.9687629342079163,0.9851122498512268,0.9414765238761902,0.9266768097877502,0.9926313161849976,0.9385756850242615,0.9681734442710876,0.923600435256958,0.9518620550632477,1
b4185,b4186,1,0.9905011653900146,0.9679309129714966,0.99238121509552,0.9112253785133362,0.9136961102485657,0.9649379849433899,0.9949682950973511,0.9572299718856812,0.9710220098495483,0.953644871711731,0.9617537915706634,1
b4186,b4187,0,0.33296358585357666,0.47860223054885864,0.299349308013916,0.5805816054344177,0.6739364862442017,0.5268911719322205,0.4354889988899231,0.40391069650650024,0.5623838901519775,0.6532760262489319,0.4947383999824524,0
b4187,b4190,0,0.006503071635961533,0.05387458950281143,0.0024688239209353924,0.02640531212091446,0.028340009972453117,0.03651208057999611,0.0038821895141154528,0.0027030189521610737,0.028515925630927086,0.008460494689643383,0.019766551651991905,0
b4190,b4193,0,0.0008796463371254504,0.0017627571942284703,0.0007660624687559903,0.006509784143418074,0.009858998470008373,0.010072136297821999,0.0011186283081769943,0.0031714707147330046,0.012388802133500576,0.003617148846387863,0.00501454349141568,0
b4193,b4194,1,0.9978076219558716,0.995703399181366,0.9939291477203369,0.985240638256073,0.9704580903053284,0.9906846284866333,0.9913528561592102,0.9908225536346436,0.9956032633781433,0.9874807596206665,0.9899082958698273,1
b4194,b4195,1,0.9842478632926941,0.9628586173057556,0.9419278502464294,0.9576705694198608,0.9183514714241028,0.9800786972045898,0.9795011878013611,0.9472945928573608,0.9520969390869141,0.9557161927223206,0.9579743981361389,1
b4195,b4196,1,0.9824174046516418,0.9762207269668579,0.9862353801727295,0.9533509612083435,0.8916974067687988,0.9701420664787292,0.9879904389381409,0.9677305221557617,0.9465862512588501,0.9468340873718262,0.9609205245971679,1
b4196,b4197,1,0.9977973103523254,0.9944891929626465,0.9932502508163452,0.989845871925354,0.9722912311553955,0.9930293560028076,0.9984842538833618,0.9919244050979614,0.9953234791755676,0.987402617931366,0.9913837969303131,1
b4197,b4198,1,0.9975817203521729,0.9976575970649719,0.99774569272995,0.9832919836044312,0.9890787601470947,0.9911488890647888,0.9975370764732361,0.9897368550300598,0.9987674951553345,0.9954811334609985,0.9938027203083039,1
b4198,b4200,0,0.007532151415944099,0.004559019114822149,0.009025225415825844,0.01444091647863388,0.018641235306859016,0.03113686665892601,0.00019822166359517723,0.005495148245245218,0.012568877078592777,0.01322925090789795,0.011682691228634213,0
b4200,b4201,1,0.9940829873085022,0.9916597604751587,0.9882023930549622,0.9876675009727478,0.9779248833656311,0.990508496761322,0.9959182143211365,0.9828506112098694,0.9966000318527222,0.9909300804138184,0.989634495973587,1
b4201,b4202,1,0.9976157546043396,0.9915103912353516,0.9920659065246582,0.9914353489875793,0.9680360555648804,0.9891269207000732,0.9980318546295166,0.9900856018066406,0.9921410083770752,0.9783153533935547,0.9888364195823669,1
b4202,b4203,1,0.991855800151825,0.9838339686393738,0.8989012241363525,0.9789746999740601,0.9581238031387329,0.9705823063850403,0.9955581426620483,0.9797779321670532,0.9927647709846497,0.9850306510925293,0.9735403299331665,1
b4203,b4207,0,0.003852271940559149,0.0010679791448637843,0.0029867610428482294,0.004799754824489355,0.013249913230538368,0.009632251225411892,0.00038998585660010576,0.003758906852453947,0.0053932322189211845,0.006084186024963856,0.0051215242361649874,0
b4207,b4208,0,0.7740662097930908,0.2510069012641907,0.2270280122756958,0.334900826215744,0.3481980562210083,0.3510490357875824,0.6049239039421082,0.35101184248924255,0.49829208850860596,0.2891181409358978,0.40295950174331663,0
b4208,b4212,0,0.00017537415260449052,0.0002456707588862628,0.00027654203586280346,0.0013810049276798964,0.0026055399794131517,0.006519727874547243,0.0015975349815562367,0.0009406207245774567,0.0031706958543509245,0.0004130648449063301,0.0017325776134384796,0
b4212,b4214,0,0.001567890984006226,0.001646589720621705,0.0001734445831971243,0.0038592987693846226,0.0036488601472228765,0.018771303817629814,0.0020342362113296986,0.0014074161881580949,0.006092524621635675,0.002023500856012106,0.004122506589919794,0
b4214,b4215,0,0.6302462220191956,0.3776950240135193,0.055299438536167145,0.4996662437915802,0.3915574252605438,0.3652564287185669,0.21312229335308075,0.6741661429405212,0.41534459590911865,0.22062940895557404,0.3842983223497868,0
b4215,b4217,0,0.0012435101671144366,0.005838703829795122,0.00013265482266433537,0.008094082586467266,0.009953814558684826,0.013000700622797012,0.0006249019643291831,0.002879328327253461,0.00598916644230485,0.004767872393131256,0.0052524735714541745,0
b4217,b4220,0,0.00024048482009675354,0.0002055982913589105,6.369415496010333e-05,0.0005357458139769733,0.001947147073224187,0.0017592926742509007,1.0799025403684936e-05,0.000381160294637084,0.0011484092101454735,0.00043458910658955574,0.0006726920464643626,0
b4220,b4221,1,0.9890905618667603,0.9888728857040405,0.9728638529777527,0.9773508906364441,0.9691962003707886,0.9729458093643188,0.9971811771392822,0.9691615700721741,0.9920018315315247,0.9858353137969971,0.9814500093460083,1
b4221,b4222,1,0.9786964654922485,0.9737722873687744,0.9151576161384583,0.9219765663146973,0.879684329032898,0.9486746191978455,0.9682850241661072,0.9556024074554443,0.962543249130249,0.9593229293823242,0.9463715493679047,1
b4222,b4224,0,0.1938749998807907,0.058981187641620636,0.06954559683799744,0.17362026870250702,0.22016972303390503,0.11644256860017776,0.13391314446926117,0.21582196652889252,0.1827545464038849,0.14232298731803894,0.1507446989417076,0
b4224,b4225,1,0.9967624545097351,0.9973922371864319,0.9960160255432129,0.9835106730461121,0.9870986938476562,0.988587498664856,0.9981918931007385,0.9900509119033813,0.9984424710273743,0.9946760535240173,0.9930728912353516,1
b4225,b4227,0,0.0009302593534812331,0.001958018634468317,0.0024049468338489532,0.004146972205489874,0.006964972708374262,0.005121544003486633,0.00015251174045260996,0.0008355415775440633,0.004930681083351374,0.003009271575137973,0.0030454719715635294,0
b4227,b4485,1,0.9830856323242188,0.963582456111908,0.8097332715988159,0.9857571125030518,0.9615001678466797,0.9225475788116455,0.9914244413375854,0.9551504254341125,0.9792566299438477,0.9725986123085022,0.9524636328220367,1
b4485,b4230,1,0.9961890578269958,0.9830631017684937,0.9882652163505554,0.9490767121315002,0.9127668142318726,0.961346447467804,0.9852321743965149,0.9667282700538635,0.9722226858139038,0.9557454586029053,0.967063593864441,1
b4230,b4231,1,0.9973138570785522,0.996357262134552,0.9967251420021057,0.9753685593605042,0.9884845614433289,0.9889427423477173,0.9975078105926514,0.9844226837158203,0.9987572431564331,0.9958377480506897,0.9919717609882355,1
b4231,b4233,0,0.0038688506465405226,0.003920489456504583,0.002493569627404213,0.010637816041707993,0.024571996182203293,0.023981906473636627,0.010271064005792141,0.005592403467744589,0.009758712723851204,0.003926458302885294,0.009902326692827045,0
b4233,b4235,0,0.0748429074883461,0.1470182090997696,0.008488890714943409,0.23252733051776886,0.2741536498069763,0.14189255237579346,0.10814719647169113,0.09972222149372101,0.5051604509353638,0.0766274705529213,0.16685808794572948,0
b4242,b4251,0,0.001162692322395742,0.008065428584814072,0.0004712840309366584,0.012920868583023548,0.006023353431373835,0.005443338770419359,0.001976058352738619,0.007926924154162407,0.0023609045892953873,0.005947369150817394,0.005229822196997702,0
b4251,b4252,0,0.23442424833774567,0.20180858671665192,0.03460165485739708,0.3608463406562805,0.2890031933784485,0.42720648646354675,0.2468741536140442,0.09743727743625641,0.2566850781440735,0.3686094880104065,0.2517496507614851,0
b4252,b4253,0,0.8689440488815308,0.8920063972473145,0.7184504866600037,0.9065372347831726,0.6334877014160156,0.6616881489753723,0.9376454949378967,0.8331555128097534,0.9287352561950684,0.7126603126525879,0.8093310594558716,1
b4253,b4255,0,0.0013343951432034373,0.009788802824914455,0.00041410423000343144,0.017804306000471115,0.024507123976945877,0.009762250818312168,0.0005642454489134252,0.0032488717697560787,0.008283330127596855,0.009115062654018402,0.008482249299413524,0
b4255,b4257,0,0.02392428368330002,0.015830526128411293,0.0033927035983651876,0.04024507477879524,0.05291319265961647,0.04384810850024223,0.004827911499887705,0.021914958953857422,0.06759896874427795,0.02059943787753582,0.029509516642428936,0
b4257,b4261,0,0.0006109048845246434,0.0005422653630375862,0.00023704333580099046,0.0018622883362695575,0.0011477048974484205,0.010403699241578579,0.0016414383426308632,0.0009415850508958101,0.0022466136142611504,0.0010144071420654655,0.0020647950208513067,0
b4261,b4262,1,0.9955837726593018,0.9964426755905151,0.9948480725288391,0.9774150848388672,0.982571005821228,0.9891242980957031,0.9980536699295044,0.9827268719673157,0.9977860450744629,0.9937788248062134,0.9908330321311951,1
b4262,b4268,0,2.5089771952480078e-05,0.00018986854411195964,0.00017759876209311187,0.0008653841796331108,0.0014470518799498677,0.0012496672570705414,3.096666114288382e-05,0.0001987820432987064,0.0008532143547199667,0.00031203642720356584,0.0005349659881176194,0
b4272,b4273,1,0.9956095218658447,0.9944724440574646,0.9892626404762268,0.9899495244026184,0.9793068170547485,0.9799567461013794,0.9973686933517456,0.9878845810890198,0.9959597587585449,0.9883075952529907,0.9898078322410584,1
b4273,b4277,0,0.0021648420952260494,0.0007727569318376482,0.0024169727694243193,0.002612803131341934,0.007405747659504414,0.007590000052005053,0.00013339254655875266,0.0010427336674183607,0.004573171492666006,0.0018778587691485882,0.0030590279115131126,0
b4277,b4279,0,6.332695920718834e-05,0.0004810261889360845,0.00011714152060449123,0.0005701067275367677,0.00147981324698776,0.0019519217312335968,0.0002617886639200151,0.00041110636084340513,0.0011481762630864978,0.0003172812575940043,0.0006801688919949811,0
b4279,b4280,1,0.97579425573349,0.9637442231178284,0.871584951877594,0.9365578293800354,0.9097998142242432,0.9713284373283386,0.946337878704071,0.9519039988517761,0.9513604640960693,0.9688395857810974,0.9447251439094544,1
b4280,b4655,1,0.3343977928161621,0.5992631912231445,0.8378096222877502,0.757757306098938,0.6881441473960876,0.5848952531814575,0.8173137307167053,0.4569646418094635,0.8276171684265137,0.8264495134353638,0.6730612367391586,1
b4655,b4294,0,4.263777555024717e-06,1.9206128854420967e-05,7.369913419097429e-06,3.8944028347032145e-05,0.0001644609001232311,0.0001380171306664124,2.4516816665709484e-07,1.7160562492790632e-05,7.882119825808331e-05,3.0174087441992015e-05,4.986628953247418e-05,0
b4312,b4313,0,0.03310998156666756,0.020537925884127617,0.05106600746512413,0.033971935510635376,0.07287987321615219,0.10123417526483536,0.032875824719667435,0.03823292255401611,0.07029777020215988,0.03645557537674904,0.04906619917601347,0
b4313,b4314,0,0.03358330950140953,0.018195901066064835,0.0076009114272892475,0.053197044879198074,0.04695180431008339,0.10493063926696777,0.0009702126262709498,0.033649343997240067,0.042294617742300034,0.04573007673025131,0.038710386154707524,0
b4314,b4315,1,0.7768444418907166,0.7718881964683533,0.5881623029708862,0.8230056762695312,0.7887817621231079,0.5773181319236755,0.7854911088943481,0.7501630187034607,0.729162335395813,0.6701052188873291,0.7260922193527222,1
b4315,b4316,1,0.990446150302887,0.9495668411254883,0.9798076152801514,0.9781104326248169,0.9410240650177002,0.957938015460968,0.9777425527572632,0.956354022026062,0.976460874080658,0.970338761806488,0.9677789330482482,1
b4316,b4317,1,0.9936723709106445,0.9753920435905457,0.9793669581413269,0.9867300987243652,0.9597029089927673,0.9714932441711426,0.990677535533905,0.9805744290351868,0.9846757054328918,0.9741968512535095,0.9796482145786285,1
b4317,b4318,1,0.993633508682251,0.9892857670783997,0.9146056771278381,0.9496061205863953,0.9223923087120056,0.9535978436470032,0.9752840399742126,0.9705515503883362,0.9730535745620728,0.9512496590614319,0.9593260049819946,1
b4318,b4319,1,0.9937947988510132,0.9884514808654785,0.961970329284668,0.9837438464164734,0.9612993597984314,0.9803398847579956,0.9963771104812622,0.977817714214325,0.9879699349403381,0.973501443862915,0.9805265903472901,1
b4319,b4320,1,0.9943508505821228,0.9881526827812195,0.970500648021698,0.9776837825775146,0.9428259134292603,0.9824579358100891,0.9978291392326355,0.9806822538375854,0.9888760447502136,0.9709672331809998,0.9794326484203338,1
b4320,b4322,0,0.004815101157873869,0.004652773030102253,0.0013462142087519169,0.005849103443324566,0.006460345815867186,0.015446552075445652,0.003265590872615576,0.003297861199826002,0.00783974677324295,0.0031144472304731607,0.0056087735807523135,0
b4322,b4323,1,0.9931161403656006,0.9830166101455688,0.9642598032951355,0.9866037964820862,0.970040500164032,0.9851784110069275,0.9965181350708008,0.9815361499786377,0.9944334626197815,0.9876295924186707,0.9842332601547241,1
b4323,b4324,0,0.2923109531402588,0.5188100337982178,0.18174639344215393,0.5081024169921875,0.5357679128646851,0.4834131896495819,0.1566026359796524,0.34952110052108765,0.6264086961746216,0.4549453854560852,0.41076287180185317,0
b4324,b4326,0,0.008511367253959179,0.008114693686366081,0.0802893415093422,0.015555034391582012,0.023926327005028725,0.023954924196004868,0.000635980861261487,0.010223462246358395,0.013612054288387299,0.00897690188139677,0.0193800087319687,0
b4326,b4331,0,3.722073233802803e-05,0.00012322149996180087,0.0014093797653913498,0.00020628594211302698,0.0006683815154246986,0.0011339231859892607,0.00012241250078659505,0.00015937353600747883,0.0006420506397262216,0.00023141926794778556,0.0004733668585686246,0
b4331,b4341,0,1.4644240764027927e-05,4.732576780952513e-05,1.1574493328225799e-06,8.900603279471397e-05,0.00022461761545855552,0.0002911204064730555,3.7692009300371865e-06,7.846287189750001e-05,0.0001831621484598145,3.5458153433864936e-05,9.687238873539173e-05,0
b4351,b4355,0,7.069452840369195e-05,0.0003834890085272491,0.000839223968796432,0.0006999365868978202,0.0015594973228871822,0.0015697403578087687,0.00016052593127824366,0.00018331482715439051,0.001851751934736967,0.0003031577216461301,0.0007621332188136876,0
b4355,b4358,0,0.00034061993937939405,0.0008098377729766071,0.0013172595063224435,0.0020293062552809715,0.0037405078765004873,0.006174675654619932,0.00021661982464138418,0.001250862842425704,0.003981976304203272,0.0009256194462068379,0.002078728542255703,0
b4358,b4365,0,3.5903351090382785e-05,0.00010089144780067727,0.0002323943772353232,0.00021785369608551264,0.0004182058328296989,0.000879987608641386,0.0002871476754080504,4.905451351078227e-05,0.00037367825279943645,8.792681182967499e-05,0.0002683043567230925,0
b4365,b4366,1,0.9976475834846497,0.9978905320167542,0.9964778423309326,0.9779223203659058,0.9881232380867004,0.9900393486022949,0.998056948184967,0.9887944459915161,0.9987720847129822,0.9954747557640076,0.9929199099540711,1
b4366,b4567,0,0.003079079557210207,0.01734209805727005,0.0019091934664174914,0.015344535931944847,0.008943350054323673,0.03764491528272629,0.003927607089281082,0.00824647955596447,0.006665857974439859,0.0028073242865502834,0.010591044125612825,0
b4567,b4372,0,0.00010079248750116676,7.332256791414693e-05,0.0007253423100337386,0.00019194655760657042,0.0006257595377974212,0.001019928720779717,0.0003039194270968437,9.247295383829623e-05,0.0005241520120762289,8.488920138916001e-05,0.000374252577603329,0
b4372,b4373,1,0.9959842562675476,0.9926929473876953,0.9961251616477966,0.9806406497955322,0.9866244792938232,0.9881473779678345,0.9976992011070251,0.982832133769989,0.998268187046051,0.9944384098052979,0.9913452804088593,1
b4373,b4374,1,0.9925638437271118,0.9935950040817261,0.9661230444908142,0.9897705912590027,0.9754431843757629,0.9883714318275452,0.9978377223014832,0.9843906164169312,0.9962406158447266,0.9873073697090149,0.9871643424034119,1
b4374,b4375,1,0.838056206703186,0.8856086730957031,0.2590812146663666,0.8117473721504211,0.822406530380249,0.9038591384887695,0.7727361917495728,0.8552719354629517,0.8181183338165283,0.9050361514091492,0.7871921747922898,1
b4375,b4376,0,0.09661543369293213,0.2956695258617401,0.08576316386461258,0.35978057980537415,0.3068529963493347,0.32955896854400635,0.08035652339458466,0.1100316047668457,0.4989638924598694,0.30745506286621094,0.24710477516055107,0
b4376,b4568,1,0.9282784461975098,0.8953580856323242,0.729452908039093,0.9081955552101135,0.8594281077384949,0.9103330969810486,0.9419351816177368,0.9235113263130188,0.902950644493103,0.9444021582603455,0.8943845510482789,1
b4568,b4377,0,0.2106061428785324,0.2063930183649063,0.2520720362663269,0.2758675813674927,0.24877947568893433,0.18754923343658447,0.07333192229270935,0.20519576966762543,0.4469699263572693,0.2374241203069687,0.23441892266273498,0
b4377,b4378,1,0.9877498745918274,0.9844031929969788,0.9910983443260193,0.9784280061721802,0.9726585745811462,0.9848819971084595,0.9962087869644165,0.9640936255455017,0.9921203255653381,0.9865713119506836,0.9838214039802551,1
b4378,b4381,0,8.083524880930781e-05,0.00022499954502563924,0.0003979297762271017,0.0005075116059742868,0.0014719933969900012,0.00342471688054502,0.0007584156119264662,0.0004214902874082327,0.0008072035852819681,0.00019061662897001952,0.0008285712567158044,0
b4381,b4382,1,0.9430635571479797,0.94268399477005,0.9273223876953125,0.9497674107551575,0.8554502129554749,0.9393885135650635,0.9693069458007812,0.8839679956436157,0.9306973218917847,0.9478822946548462,0.9289530634880065,1
b4382,b4383,1,0.9607813358306885,0.9296490550041199,0.7882386445999146,0.9241191744804382,0.8547379374504089,0.9524905681610107,0.9426120519638062,0.9338107705116272,0.9388406872749329,0.9601917862892151,0.9185472011566163,1
b4383,b4384,1,0.9804531931877136,0.987170934677124,0.9048486351966858,0.9777119755744934,0.941348135471344,0.9840112924575806,0.9908331632614136,0.9730474948883057,0.9874615669250488,0.9816154837608337,0.9708501875400544,1
b4384,b4385,0,0.8119206428527832,0.4496666491031647,0.2101457118988037,0.6801523566246033,0.6871374845504761,0.5684324502944946,0.7812049984931946,0.7301793694496155,0.8017998933792114,0.6980538964271545,0.6418693453073502,1
b4385,b4388,0,0.001658917055465281,0.003537854179739952,0.003781295381486416,0.00787070207297802,0.016196418553590775,0.01507231593132019,0.007728074211627245,0.00869765505194664,0.014937743544578552,0.0022220967803150415,0.00817030727630481,0
b4388,b4389,1,0.9941610097885132,0.9847627878189087,0.9741201996803284,0.9834837913513184,0.9559507369995117,0.988463819026947,0.9966873526573181,0.9795313477516174,0.9914060235023499,0.9832514524459839,0.9831818521022797,1
b4389,b4390,1,0.9944263100624084,0.9924394488334656,0.9861885905265808,0.9808495044708252,0.9731264114379883,0.973870038986206,0.9961193203926086,0.9711992740631104,0.9876458048820496,0.9816136360168457,0.9837478339672089,1
b4390,b4392,0,0.0004268091870471835,0.0011630180524662137,0.0009932101238518953,0.0025899738539010286,0.010591479949653149,0.0033160015009343624,0.004540889989584684,0.0010310763027518988,0.006209582556039095,0.0009880567668005824,0.0031850098283030094,0
b4392,b4393,0,0.9761718511581421,0.9623593091964722,0.9642928242683411,0.9400308132171631,0.9146379828453064,0.9647467732429504,0.9808362126350403,0.9431818723678589,0.9409246444702148,0.9667578935623169,0.9553940176963807,1
b4393,b4395,0,0.0007023353828117251,0.0012971573742106557,0.0010276840766891837,0.004847309552133083,0.007111543323844671,0.006923131179064512,0.0005611695232801139,0.0016211308538913727,0.004618033766746521,0.0029355459846556187,0.0031645041017327458,0
b4395,b4397,0,0.0003202692896593362,0.0007457626634277403,0.0032300197053700686,0.0012952536344528198,0.0035330280661582947,0.0028229618910700083,0.0003908512007910758,0.0004643664287868887,0.0030548684298992157,0.0006507539073936641,0.0016508135217009113,0
b4397,b4398,1,0.9970625638961792,0.9963375329971313,0.9935162663459778,0.9931960105895996,0.9817103743553162,0.9919584393501282,0.9986671209335327,0.9909047484397888,0.9976894855499268,0.9911448955535889,0.993218743801117,1
b4398,b4399,1,0.9959564805030823,0.9838756918907166,0.9789756536483765,0.9911426305770874,0.9787805676460266,0.9764282703399658,0.9947981834411621,0.9812467098236084,0.9928163290023804,0.9813941121101379,0.9855414628982544,1
b4399,b4400,1,0.9955304861068726,0.9634217023849487,0.984749436378479,0.9542151093482971,0.7953569889068604,0.9606293439865112,0.9934686422348022,0.9517030119895935,0.9683360457420349,0.9481558203697205,0.951556658744812,1
b4400,b4402,0,0.0201592817902565,0.0799800232052803,0.00679738400503993,0.10509825497865677,0.051927946507930756,0.0800953358411789,0.05093182623386383,0.030875910073518753,0.07944847643375397,0.06677617877721786,0.05720906178466976,0
b4402,b4403,0,0.025751497596502304,0.012439802289009094,0.039682574570178986,0.025706201791763306,0.031727537512779236,0.0293487086892128,0.0035445273388177156,0.03129619359970093,0.04027283564209938,0.017489323392510414,0.025725920242257415,0
b4403,b0001,0,0.06544297188520432,0.2390204519033432,0.014205950312316418,0.23807334899902344,0.2413763403892517,0.22718308866024017,0.04484447091817856,0.1302758902311325,0.36977413296699524,0.2417868971824646,0.18119835434481502,0
b4401,b4396,0,0.0006253386382013559,0.00042120605939999223,0.005674302577972412,0.0017268635565415025,0.007240532897412777,0.004936896730214357,4.49319340987131e-05,0.0017939747776836157,0.0017255321145057678,0.0032026786357164383,0.002739225792174693,0
b4396,b4394,0,0.07434167712926865,0.00828547589480877,0.007062628399580717,0.03905477747321129,0.0669400542974472,0.08808884024620056,0.0015333762858062983,0.03720245882868767,0.06063602492213249,0.02843598648905754,0.04115812999662012,0
b4394,b4391,0,0.00045381468953564763,0.0003849400090985,0.00011848840222228318,0.0015333242481574416,0.004544304218143225,0.008346877060830593,2.9123017156962305e-05,0.0005149450153112411,0.001957637257874012,0.001241931808181107,0.0019125385726511013,0
b4391,b4387,0,0.0009655741741880774,0.000352526520146057,0.0007352273678407073,0.004348276648670435,0.0047300164587795734,0.005509038455784321,5.7479715906083584e-05,0.0018720246152952313,0.0034240330569446087,0.0012859238777309656,0.002328012089128606,0
b4387,b4386,1,0.9954378008842468,0.9915172457695007,0.9857208132743835,0.9682004451751709,0.9450300931930542,0.9860683679580688,0.9829591512680054,0.984978437423706,0.9877921342849731,0.978701651096344,0.9806406140327454,1
b4386,b4380,0,7.505714165745303e-05,0.000138883973704651,6.739118543919176e-05,0.00044884049566462636,0.0012134797871112823,0.0009985646465793252,6.377559475367889e-05,0.00015349723980762064,0.0005053397617302835,0.0005172152887098491,0.0004182045115157962,0
b4380,b4379,1,0.9943363070487976,0.9758694171905518,0.9870425462722778,0.9766053557395935,0.9819895029067993,0.9798436760902405,0.9948598146438599,0.9640069603919983,0.9940716624259949,0.989531397819519,0.9838156640529633,1
b4379,b4371,0,0.00013497912732418627,0.0001912176958285272,0.00026655764668248594,0.0006320212269201875,0.0009132709819823503,0.0012659886851906776,3.304088386357762e-05,0.0004745235783047974,0.0013151559978723526,0.00019455919391475618,0.0005421315017883899,0
b4367,b4364,0,0.0004864946531597525,0.0009573614224791527,0.002379042562097311,0.002200604183599353,0.0070702629163861275,0.0032274278346449137,8.718316530575976e-05,0.001357520930469036,0.0010325585026293993,0.005726232193410397,0.0024524688364181203,0
b4364,b4363,1,0.9960546493530273,0.9935002326965332,0.9953230023384094,0.9769920706748962,0.9863864183425903,0.9870150089263916,0.9960618615150452,0.980168342590332,0.9976986050605774,0.9941322207450867,0.9903332412242889,1
b4363,b4362,1,0.5190072059631348,0.8151988387107849,0.22688783705234528,0.7310230731964111,0.6020394563674927,0.6961763501167297,0.34661900997161865,0.7185168266296387,0.8657637238502502,0.804876446723938,0.6326108768582344,1
b4362,b4361,1,0.9939888119697571,0.9933786988258362,0.9974796175956726,0.9900023937225342,0.9762820601463318,0.9869421720504761,0.9975879192352295,0.9812856912612915,0.9958882927894592,0.9890800714492798,0.9901915729045868,1
b4361,b4360,1,0.9919047355651855,0.979105532169342,0.9579750895500183,0.9745491147041321,0.9436212778091431,0.9337271451950073,0.9646175503730774,0.9271969199180603,0.9840589165687561,0.9709173440933228,0.9627673625946045,1
b4360,b4359,0,0.3725583255290985,0.3262672424316406,0.6793415546417236,0.43195682764053345,0.3725588619709015,0.30716031789779663,0.3810591399669647,0.24744756519794464,0.5885869860649109,0.3778848350048065,0.40848216563463213,0
b4359,b4357,0,0.004429090768098831,0.009790105745196342,0.01423685997724533,0.0240359865128994,0.0472470223903656,0.07184748351573944,0.00416715070605278,0.006767100654542446,0.041773825883865356,0.020896820351481438,0.024519144650548698,0
b4357,b4356,0,0.5892300009727478,0.6104321479797363,0.4876669645309448,0.6261257529258728,0.461317777633667,0.44669127464294434,0.5324025750160217,0.5151705741882324,0.7075669169425964,0.51966792345047,0.5496271908283233,1
b4356,b4354,0,0.004745393991470337,0.0056612021289765835,0.0003389090416021645,0.012212054803967476,0.01650449074804783,0.024017786607146263,0.0018038911512121558,0.0021361936815083027,0.008566434495151043,0.014159739017486572,0.009014609566656872,0
b4354,b4353,0,0.5286043882369995,0.6122409701347351,0.8926849365234375,0.8878296613693237,0.9480727314949036,0.7803564071655273,0.45063409209251404,0.5968947410583496,0.8745666146278381,0.8701872229576111,0.744207176566124,1
b4353,b4352,1,0.9912934899330139,0.992206871509552,0.9684150218963623,0.9863718748092651,0.9601778388023376,0.9885299801826477,0.9987493753433228,0.9820573925971985,0.9922487139701843,0.9852133989334106,0.9845263957977295,1
b4352,b4350,0,0.023574497550725937,0.043585289269685745,0.0008056635851971805,0.08135318011045456,0.13836956024169922,0.1470382660627365,0.002515088301151991,0.01781311444938183,0.12229865044355392,0.11872192472219467,0.06960752347367816,0
b4350,b4349,0,0.9790259599685669,0.9257442951202393,0.7935057878494263,0.9425729513168335,0.8523616194725037,0.8813074231147766,0.9575254917144775,0.8827636241912842,0.9493589997291565,0.9387466907501221,0.9102912843227386,1
b4349,b4348,1,0.9948062300682068,0.9937860369682312,0.99671471118927,0.9806620478630066,0.9881407022476196,0.986608624458313,0.9969552755355835,0.9817346334457397,0.9981547594070435,0.9949004650115967,0.991246348619461,1
b4348,b4347,0,0.437339186668396,0.1950112283229828,0.27090486884117126,0.17116741836071014,0.2930607497692108,0.23506693542003632,0.043860308825969696,0.09688729047775269,0.36192381381988525,0.2666752338409424,0.23718970343470575,0
b4347,b4346,0,0.10479208827018738,0.11331965774297714,0.01824183203279972,0.14701396226882935,0.26714032888412476,0.1680367887020111,0.03165842592716217,0.08512315154075623,0.21466627717018127,0.2733764946460724,0.14233690071851016,0
b4346,b4345,1,0.9954867362976074,0.9931286573410034,0.9963172078132629,0.9764888286590576,0.9863382577896118,0.9859933257102966,0.9961181879043579,0.9798002243041992,0.9978278279304504,0.9945796132087708,0.9902078866958618,1
b4345,b4340,0,5.732994031859562e-05,0.00015324160631280392,0.00010225010919384658,0.00031566733377985656,0.0011511769844219089,0.0013512913137674332,1.5795871149748564e-05,0.00019795777916442603,0.0005321587668731809,0.00039657577872276306,0.0004273445483704563,0
b4340,b4337,0,0.025237850844860077,0.001571859116666019,0.00039127227501012385,0.008170217275619507,0.016998641192913055,0.019855963066220284,0.0066697741858661175,0.003581872908398509,0.010061753913760185,0.004516530316323042,0.009705573509563692,0
b4337,b4336,0,0.992881715297699,0.9877142906188965,0.9519436359405518,0.9725624322891235,0.9642577767372131,0.9650231003761292,0.989728569984436,0.9626387357711792,0.9872034192085266,0.9763182401657104,0.9750271916389466,1
b4336,b4335,1,0.8371947407722473,0.7081479430198669,0.1435311734676361,0.8421593904495239,0.804571807384491,0.7018520832061768,0.4471461772918701,0.4528488218784332,0.787897527217865,0.8707817196846008,0.6596131384372711,1
b4335,b4334,1,0.9977594017982483,0.9906002879142761,0.9829080700874329,0.9889146685600281,0.982860267162323,0.98480623960495,0.9950345158576965,0.9871139526367188,0.9951227307319641,0.9883192777633667,0.9893439412117004,1
b4334,b4333,1,0.8825230002403259,0.8298267126083374,0.450885146856308,0.836864709854126,0.698635995388031,0.7337863445281982,0.8903890252113342,0.7406670451164246,0.8255486488342285,0.6574015617370605,0.7546528190374374,1
b4333,b4332,1,0.9125715494155884,0.7313462495803833,0.46241065859794617,0.870620608329773,0.8244291543960571,0.7658028602600098,0.6331490278244019,0.7499721050262451,0.8449638485908508,0.8816711902618408,0.7676937252283096,1
b4332,b4330,0,0.0028463967610150576,0.008725317195057869,0.012501931749284267,0.013428494334220886,0.018042245879769325,0.023976348340511322,0.006042949389666319,0.0061331079341471195,0.018433813005685806,0.005993429105728865,0.011612403369508684,0
b4330,b4329,1,0.994002103805542,0.9963850378990173,0.9834441542625427,0.9732591509819031,0.9775869250297546,0.9860350489616394,0.9973050355911255,0.9801777005195618,0.9965309500694275,0.9910441637039185,0.9875770270824432,1
b4329,b4328,0,0.9924279451370239,0.9869328737258911,0.979758620262146,0.9792270064353943,0.9576559662818909,0.9850278496742249,0.9917318224906921,0.9814670085906982,0.9858492016792297,0.9878021478652954,0.9827880442142487,1
b4328,b4327,0,0.9929232597351074,0.9782123565673828,0.7652555108070374,0.9827545285224915,0.9644995927810669,0.939168393611908,0.9876112341880798,0.9599091410636902,0.9859333634376526,0.981869637966156,0.9538137018680573,1
b4327,b4325,0,0.013473762199282646,0.016724968329072,0.035898540169000626,0.02231490984559059,0.02410118468105793,0.03170625492930412,0.01871241070330143,0.04234098270535469,0.02907542884349823,0.008322005160152912,0.024267044756561516,0
b4325,b4321,0,7.543119136244059e-05,0.0008021015673875809,0.00023695472918916494,0.0008147459011524916,0.0014069309690967202,0.0029973669443279505,0.0004360184248071164,0.00020518757810350507,0.001345404190942645,0.0002621288294903934,0.0008582270325860009,0
b4321,b4311,0,1.0289415513398126e-05,3.981133704655804e-05,6.2446815718431026e-06,9.201906505040824e-05,0.000599835067987442,0.0007766693597659469,4.2421490320521116e-07,3.859674689010717e-05,8.832877210807055e-05,0.00021136176656000316,0.00018635804273969825,0
b4311,b4310,0,0.9921976327896118,0.9917552471160889,0.9676347374916077,0.9746209383010864,0.9412540197372437,0.9873482584953308,0.9955674409866333,0.9777467250823975,0.9824426174163818,0.9771909117698669,0.9787758529186249,1
b4310,b4309,0,0.9721574187278748,0.9535389542579651,0.7858608365058899,0.9713747501373291,0.9176512956619263,0.8815976977348328,0.9731396436691284,0.8901939392089844,0.9679685235023499,0.9620033502578735,0.9275486409664154,1
b4309,b4566,0,0.0002228342927992344,0.00023307916126213968,0.0002932928327936679,0.0005344068049453199,0.00209089950658381,0.0016351818339899182,2.10607595363399e-05,0.0005177605198696256,0.0006564973155036569,0.0007300089346244931,0.0006935021961908206,0
b4566,b4307,1,0.9739240407943726,0.9835394024848938,0.9673206210136414,0.9741635918617249,0.936099112033844,0.9694578647613525,0.9744207262992859,0.9652435183525085,0.978195071220398,0.9608287811279297,0.9683192729949951,1
b4307,b4306,1,0.990738034248352,0.9651365280151367,0.977414608001709,0.9738509654998779,0.9386948347091675,0.962566614151001,0.9921889901161194,0.9690185189247131,0.9818722009658813,0.9671220183372498,0.9718603312969207,1
b4306,b4305,0,0.023483961820602417,0.03385002538561821,0.03586632013320923,0.03004796989262104,0.026678066700696945,0.03369234502315521,0.08205737918615341,0.01411663182079792,0.0583537332713604,0.00725141353905201,0.03453978467732668,0
b4305,b4565,1,0.9962834715843201,0.996570885181427,0.996426522731781,0.9732438325881958,0.9899629950523376,0.9916303157806396,0.994094967842102,0.9825998544692993,0.9989873170852661,0.99652099609375,0.9916321158409118,1
b4565,b4304,1,0.9879462718963623,0.9783955812454224,0.987758219242096,0.9685767889022827,0.9144987463951111,0.9522075057029724,0.9857791066169739,0.961915910243988,0.9664426445960999,0.9401165246963501,0.9643637299537658,1
b4304,b4303,1,0.9842014312744141,0.9820889234542847,0.9828752279281616,0.9502983689308167,0.9320916533470154,0.9637945890426636,0.9761837124824524,0.9489468932151794,0.9700299501419067,0.9753337502479553,0.966584450006485,1
b4303,b4302,0,0.8774893879890442,0.7958468198776245,0.39835694432258606,0.5839130878448486,0.6115411520004272,0.6883053183555603,0.8281986117362976,0.6187710165977478,0.8370375633239746,0.6042368412017822,0.6843696743249893,1
b4302,b4301,1,0.9920676946640015,0.9911637902259827,0.9792742729187012,0.9898974895477295,0.9729250073432922,0.9910895824432373,0.9956847429275513,0.9873065948486328,0.9936925768852234,0.9869962930679321,0.9880098044872284,1
b4301,b4300,1,0.9968186616897583,0.9929177761077881,0.9825524091720581,0.9912105798721313,0.9767595529556274,0.9881914854049683,0.9967253804206848,0.989372730255127,0.9949527978897095,0.9829227924346924,0.9892424166202545,1
b4300,b4299,0,0.06524955481290817,0.10242033749818802,0.16217857599258423,0.22963403165340424,0.18651224672794342,0.18294760584831238,0.037150170654058456,0.08262233436107635,0.2914217710494995,0.18848282098770142,0.1528619449585676,0
b4299,b4298,1,0.9863311648368835,0.9865729808807373,0.9754598140716553,0.9623160362243652,0.9434227347373962,0.9820268750190735,0.9930962324142456,0.9554879069328308,0.9759884476661682,0.9821904301643372,0.9742892622947693,1
b4298,b4297,0,0.9936931729316711,0.9876279234886169,0.9399755597114563,0.9805616736412048,0.9494219422340393,0.9812488555908203,0.997319221496582,0.9768140316009521,0.984501302242279,0.9770908355712891,0.9768254518508911,1
b4297,b4296,0,0.9819381237030029,0.9243148565292358,0.8095064163208008,0.8969981074333191,0.6586021184921265,0.8539642095565796,0.9627310037612915,0.9207031726837158,0.9062305092811584,0.8502062559127808,0.8765194773674011,1
b4296,b4295,0,0.19528506696224213,0.19389481842517853,0.06464417278766632,0.24123930931091309,0.18553079664707184,0.26853176951408386,0.14569665491580963,0.20915153622627258,0.21723763644695282,0.26117053627967834,0.19823822975158692,0
b4295,b4293,0,0.004585615824908018,0.00222739577293396,0.0009449030621908605,0.010631735436618328,0.02191702276468277,0.02485366351902485,0.0006539395544677973,0.005722012836486101,0.01489197462797165,0.003981158137321472,0.00904094215366058,0
b4293,b4292,1,0.9970081448554993,0.9961481094360352,0.9959678649902344,0.9829504489898682,0.9861566424369812,0.9860168099403381,0.9981867671012878,0.9879459142684937,0.9982277154922485,0.9943828582763672,0.9922991275787354,1
b4292,b4291,1,0.13863302767276764,0.30736133456230164,0.0747569128870964,0.5376132130622864,0.6760044097900391,0.41661855578422546,0.16974781453609467,0.233951598405838,0.45958614349365234,0.5611321330070496,0.3575405143201351,0
b4291,b4290,1,0.9980498552322388,0.9877467155456543,0.9907271265983582,0.9752548336982727,0.9443820714950562,0.9724181294441223,0.98177570104599,0.9787696003913879,0.9827641844749451,0.9663260579109192,0.9778214275836945,1
b4290,b4289,1,0.9972037672996521,0.9933070540428162,0.9960412383079529,0.9794754981994629,0.9875547289848328,0.9866573214530945,0.9972209930419922,0.9857025146484375,0.9982408285140991,0.9948152303695679,0.9916219174861908,1
b4289,b4288,1,0.996912956237793,0.9967207908630371,0.995914876461029,0.9767324328422546,0.9877515435218811,0.989084780216217,0.9976837635040283,0.9858893752098083,0.9986338019371033,0.9954391121864319,0.9920763432979584,1
b4288,b4287,1,0.9975319504737854,0.997113049030304,0.9972658157348633,0.977985143661499,0.988207221031189,0.9898927807807922,0.9974846243858337,0.9876086115837097,0.9986523389816284,0.9952012896537781,0.9926942825317383,1
b4287,b4284,0,0.000531782628968358,0.00063417135970667,0.004255977459251881,0.0014270649990066886,0.0055828155018389225,0.006999140605330467,4.6553395804949105e-05,0.0005907183513045311,0.0016260551055893302,0.002716152695938945,0.002441043210274074,0
b4284,b4278,0,0.00032232768717221916,0.00026672595413401723,0.0003461773449089378,0.0013792740646749735,0.002334365388378501,0.0032420875504612923,0.00028939556796103716,0.00039324822137132287,0.001759134465828538,0.00046995747834444046,0.001080269372323528,0
b4278,b4269,0,0.00014608680794481188,0.00011833822645712644,0.00013662496348842978,0.00024179075262509286,0.0012230328284204006,0.0009847469627857208,5.182877430343069e-06,0.00014818483032286167,0.00033665256341919303,0.0006175048765726388,0.0003958145689466619,0
b4269,b4267,0,0.0959165170788765,0.0669635459780693,0.018274856731295586,0.09966982156038284,0.08977870643138885,0.05578942969441414,0.07512377947568893,0.09438351541757584,0.08987443149089813,0.029156433418393135,0.07149310372769832,0
b4267,b4266,1,0.9953733086585999,0.9909335970878601,0.9762279391288757,0.9733628034591675,0.9584935903549194,0.9878552556037903,0.9967239499092102,0.9832410216331482,0.992411196231842,0.9815340638160706,0.9836156725883484,1
b4266,b4265,1,0.9855032563209534,0.9834585785865784,0.9870427846908569,0.9546418190002441,0.8239853978157043,0.9643089175224304,0.9971363544464111,0.9618022441864014,0.9489762187004089,0.9327583909034729,0.9539613962173462,1
b4265,b4264,1,0.9949519634246826,0.99101322889328,0.9700630307197571,0.9870930314064026,0.9705910086631775,0.9855325818061829,0.9949620366096497,0.9839429259300232,0.9950025677680969,0.9870844483375549,0.9860236823558808,1
b4264,b4263,0,0.9888134598731995,0.9511881470680237,0.9236746430397034,0.8978166580200195,0.8445669412612915,0.8864796757698059,0.9195143580436707,0.8666796684265137,0.916536808013916,0.9148910045623779,0.9110161364078522,1
b4263,b4260,0,0.006080161780118942,0.0075180563144385815,0.0007155344937928021,0.01479792408645153,0.014558328315615654,0.04160073772072792,0.0006364504806697369,0.005159706808626652,0.008220727555453777,0.0145376306027174,0.0113825258158613,0
b4260,b4259,0,0.7642684578895569,0.801110565662384,0.6480730175971985,0.7742009162902832,0.7134679555892944,0.8217180967330933,0.8839540481567383,0.6562374830245972,0.8637309074401855,0.891404390335083,0.7818165838718414,1
b4259,b4258,0,0.9928838014602661,0.9942187070846558,0.992019772529602,0.9824694395065308,0.9678694009780884,0.9810289144515991,0.9988604187965393,0.9826177358627319,0.9924364686012268,0.9902077913284302,0.987461245059967,1
b4258,b4256,0,0.21251361072063446,0.054418232291936874,0.3103627562522888,0.1345018893480301,0.15406166017055511,0.18665249645709991,0.1272735446691513,0.17148597538471222,0.08177602291107178,0.07105866819620132,0.15041048564016818,0
b4256,b4254,0,0.004176068119704723,0.0030897066462785006,0.002806781092658639,0.004449629690498114,0.01019905786961317,0.01208518072962761,0.0017535691149532795,0.0017131022177636623,0.005985564552247524,0.0029423837549984455,0.0049201043788343665,0
b4254,b4249,0,0.00016337963461410254,0.0002671981055755168,0.00038157994276843965,0.0004561571986414492,0.0019736108370125294,0.0016183764673769474,2.1727628336520866e-06,0.0002091363858198747,0.0005534616648219526,0.0020298007875680923,0.0007654873787032556,0
b4249,b4248,0,0.7960939407348633,0.9364613890647888,0.9519537091255188,0.8898250460624695,0.7592306733131409,0.9158535003662109,0.9590063095092773,0.9386829733848572,0.8909417986869812,0.8243374824523926,0.8862386822700501,1
b4248,b4246,0,0.09100709855556488,0.19756485521793365,0.019211405888199806,0.17449715733528137,0.06265929341316223,0.09090568125247955,0.03807833045721054,0.2877263128757477,0.058726001530885696,0.03776125609874725,0.10581373926252127,0
b4246,b4245,1,0.8423673510551453,0.7312710285186768,0.5199673175811768,0.8504536151885986,0.8692687153816223,0.7529234886169434,0.8578388094902039,0.894573986530304,0.7987055778503418,0.9600882530212402,0.8077458143234253,1
b4245,b4244,1,0.9932213425636292,0.992749810218811,0.9855624437332153,0.9805001020431519,0.957649827003479,0.9878831505775452,0.9920582175254822,0.9786388874053955,0.9915223121643066,0.9835693836212158,0.9843355476856231,1
b4244,b4243,0,0.03780555725097656,0.07911770045757294,0.02681264653801918,0.2521165609359741,0.25196951627731323,0.1943787783384323,0.25501391291618347,0.1571420282125473,0.17039944231510162,0.24057307839393616,0.16653292216360568,0
b4243,b4241,0,0.010514073073863983,0.0032539216335862875,0.013050648383796215,0.009526623412966728,0.014544064179062843,0.007053572218865156,0.0014451113529503345,0.009205855429172516,0.006323148962110281,0.010326485149562359,0.00852435037959367,0
b4241,b4240,1,0.1528465300798416,0.08050950616598129,0.021336644887924194,0.22446517646312714,0.5481892824172974,0.23596219718456268,0.08066615462303162,0.15917328000068665,0.220831036567688,0.37127944827079773,0.20952592566609382,0
b4240,b4239,1,0.9936766028404236,0.9897313117980957,0.9840547442436218,0.9906768202781677,0.9785318970680237,0.991764485836029,0.9973470568656921,0.9857801795005798,0.9960659146308899,0.9898058772087097,0.9897434890270234,1
b4239,b4238,0,0.2391042858362198,0.733311116695404,0.09983094781637192,0.5851911902427673,0.470196932554245,0.5639747381210327,0.1280076801776886,0.42071157693862915,0.6186946034431458,0.6781143546104431,0.45371374264359476,0
b4238,b4237,1,0.9764900803565979,0.9084622263908386,0.853548526763916,0.8827593326568604,0.7598955035209656,0.8821596503257751,0.8946484923362732,0.8380308747291565,0.8906150460243225,0.903616189956665,0.8790225923061371,1
b4237,b4234,0,0.00059723318554461,0.000973393558524549,4.837252708966844e-05,0.0016712911892682314,0.0030006375163793564,0.003042526775971055,0.0002158448623958975,0.0004167661245446652,0.003915102686733007,0.0013015243457630277,0.001518269277221407,0
b4234,b4232,0,0.005569056142121553,0.004434763453900814,0.008016952313482761,0.008631862699985504,0.008444197475910187,0.021540019661188126,0.12854820489883423,0.009779451414942741,0.01969025284051895,0.001002739416435361,0.02156575003173202,0
b4232,b4226,0,4.8760597564978525e-05,0.00015836191596463323,0.0038505392149090767,0.0002478767419233918,0.002296873601153493,0.001427489798516035,9.30541500565596e-06,0.0002312265132786706,0.00022604178229812533,0.0008735649171285331,0.0009370040497742593,0
b4226,b4219,0,0.0017823338275775313,0.0007453670259565115,0.018081476911902428,0.0017445133998990059,0.006781171541661024,0.005026231519877911,0.0006071566022001207,0.002203994896262884,0.0019091125577688217,0.005847792606800795,0.004472915088990703,0
b4219,b4218,0,0.8361401557922363,0.5449333190917969,0.5891622304916382,0.7511087656021118,0.49064263701438904,0.5679385662078857,0.3550233542919159,0.6843929886817932,0.700663149356842,0.49786850810050964,0.6017873674631119,1
b4218,b4216,0,0.0046307691372931,0.010771877132356167,0.012591568753123283,0.02085934393107891,0.02462477795779705,0.029081735759973526,0.008825574070215225,0.005276391748338938,0.016575198620557785,0.013208207674324512,0.01464454447850585,0
b4216,b4213,0,0.007251441013067961,0.0018884572200477123,0.006385152228176594,0.004375488497316837,0.0076698437333106995,0.026187969371676445,0.00020406398107297719,0.0033796110656112432,0.00634277006611228,0.006440738681703806,0.0070125535858096555,0
b4213,b4211,0,0.21827010810375214,0.09290208667516708,0.033131711184978485,0.2480054348707199,0.26597899198532104,0.23028109967708588,0.029873715713620186,0.15080583095550537,0.3216763138771057,0.2299695760011673,0.18208948690444232,0
b4211,b4210,0,0.9767675995826721,0.9578374624252319,0.9239258766174316,0.9790573716163635,0.9315634369850159,0.9424148201942444,0.9550279378890991,0.970267653465271,0.9624558091163635,0.9547314047813416,0.9554049372673035,1
b4210,b4209,0,0.07702846080064774,0.1056269034743309,0.005284852348268032,0.3132118284702301,0.47656241059303284,0.31789982318878174,0.1974559724330902,0.2579641044139862,0.284381240606308,0.4601350724697113,0.2495550668798387,0
b4209,b4206,0,0.00013953133020550013,0.00010249768092762679,5.1619317673612386e-05,0.00037896004505455494,0.0014245768543332815,0.0011230758391320705,4.6739027311559767e-05,0.00022737654217053205,0.0006070461240597069,0.0002772318257484585,0.00043786545866169034,0
b4206,b4204,0,0.4965977668762207,0.15737582743167877,0.2592312693595886,0.22674687206745148,0.1283210963010788,0.1306062638759613,0.12005219608545303,0.2822452485561371,0.12594667077064514,0.05946946516633034,0.19865926764905453,0
b4204,b4199,0,8.720477489987388e-05,0.0003266244020778686,0.0002538998960517347,0.0011256963480263948,0.0014628208009526134,0.0028986353427171707,3.8537458749487996e-05,0.00016043901268858463,0.0012239599600434303,0.00048505919403396547,0.0008062877190241124,0
b4199,b4192,0,7.957094931043684e-05,0.00015764492854941636,9.772098565008491e-05,0.0002645653148647398,0.00046370577183552086,0.0014455317286774516,4.800649548997171e-05,0.00017131784989032894,0.0005389109719544649,9.852746006799862e-05,0.00033655024562904143,0
b4192,b4191,0,0.39297500252723694,0.12522082030773163,0.07595951855182648,0.2838754951953888,0.4671602249145508,0.2767617702484131,0.22751572728157043,0.22284485399723053,0.35912466049194336,0.39463499188423157,0.28260730654001237,0
b4191,b4189,0,0.0008645488414913416,0.0024163578636944294,0.0008447993313893676,0.006347869522869587,0.008528463542461395,0.010242477059364319,0.0002201468450948596,0.0016393930418416858,0.004372287075966597,0.0037356719840317965,0.003921201510820538,0
b4189,b4188,1,0.8077787756919861,0.8707850575447083,0.09361657500267029,0.8437808156013489,0.7504962682723999,0.8259819746017456,0.9710626006126404,0.80867999792099,0.9053993821144104,0.7951022386550903,0.767268368601799,1
b4188,b4166,0,5.831141606904566e-06,2.3798944312147796e-05,6.547639259224525e-06,5.3519801440415904e-05,0.0003523376362863928,0.00031268977909348905,2.1765983149180101e-07,2.60947817878332e-05,7.622180419275537e-05,0.00013792861136607826,9.951877991767332e-05,0
b4166,b4161,0,0.007118011824786663,0.002351367613300681,0.004584547132253647,0.008231136947870255,0.01945389062166214,0.008990033529698849,0.0035016194451600313,0.0020916396751999855,0.009275911375880241,0.005397983826696873,0.007099614199250937,0
b4161,b4160,0,0.9792522192001343,0.9343585968017578,0.770754337310791,0.9147989749908447,0.8234180808067322,0.9120340347290039,0.937329888343811,0.937120258808136,0.9326015114784241,0.9042233824729919,0.9045891284942627,1
b4160,b4159,1,0.9974665641784668,0.9923698902130127,0.9717382788658142,0.9940580129623413,0.985576868057251,0.9829842448234558,0.9963850378990173,0.9882121682167053,0.9964924454689026,0.9860816597938538,0.9891365170478821,1
b4159,b4154,0,0.0012594847939908504,0.0023319695610553026,0.002250050427392125,0.006783654447644949,0.013169979676604271,0.010563956573605537,0.0006638769991695881,0.0016076586907729506,0.004900424741208553,0.008341208100318909,0.005187226401176304,0
b4154,b4153,1,0.9954855442047119,0.9918174147605896,0.992851734161377,0.972197413444519,0.9845501184463501,0.9863391518592834,0.9950894117355347,0.9767893552780151,0.9974209070205688,0.9937338829040527,0.9886274933815002,1
b4153,b4152,1,0.998356819152832,0.9930478930473328,0.9967585802078247,0.9859654307365417,0.9739707112312317,0.9906551241874695,0.9963601231575012,0.9877988696098328,0.9937443137168884,0.9872515797615051,0.990390944480896,1
b4152,b4151,1,0.9979846477508545,0.9966305494308472,0.9951153993606567,0.9897696375846863,0.9840260744094849,0.9960193634033203,0.9981565475463867,0.9909917116165161,0.9986060261726379,0.9941861033439636,0.9941486060619354,1
b4151,b4150,0,0.9840366244316101,0.9317960143089294,0.9083702564239502,0.9413056969642639,0.7047132849693298,0.8287327289581299,0.9338700771331787,0.918724536895752,0.9258696436882019,0.8306894302368164,0.8908108294010162,1
b4150,b4149,0,0.6336967349052429,0.5935598611831665,0.6826606392860413,0.6755054593086243,0.7358022928237915,0.5398167967796326,0.30038562417030334,0.4918041527271271,0.8457637429237366,0.7362040877342224,0.6235199391841888,1
b4149,b4146,0,0.000336196506395936,0.0009834602242335677,0.00013794477854389697,0.0017272349214181304,0.0033118368592113256,0.00501093128696084,3.7747689930256456e-05,0.0011791313299909234,0.0030391293112188578,0.0020336236339062452,0.001779723654180998,0
b4146,b4145,0,0.11583611369132996,0.058534227311611176,0.021657869219779968,0.15763162076473236,0.16766929626464844,0.16853401064872742,0.024534450843930244,0.07046490162611008,0.22880473732948303,0.13233576714992523,0.11460029948502778,0
b4145,b4141,0,0.00028706033481284976,0.006188008934259415,0.0002551404177211225,0.003267246065661311,0.003395811887457967,0.01672097109258175,0.001332813990302384,0.0013955815229564905,0.0031737901736050844,0.001402058987878263,0.0037418483407236636,0
b4141,b4139,0,0.04113928973674774,0.02097863331437111,0.0014126747846603394,0.06026303768157959,0.06887633353471756,0.09244988858699799,0.002683106577023864,0.026321103796362877,0.03854524344205856,0.06887393444776535,0.0421543245902285,0
b4139,b4138,1,0.9955645799636841,0.9632616639137268,0.9855167269706726,0.9641795754432678,0.8809201121330261,0.9626051783561707,0.9948562979698181,0.9297123551368713,0.9511080980300903,0.9396405816078186,0.9567365169525146,1
b4138,b4137,0,0.7856572866439819,0.7363676428794861,0.8998720645904541,0.7844851613044739,0.6678422689437866,0.6649773120880127,0.698883593082428,0.6824377775192261,0.8047705292701721,0.7926307916641235,0.7517924427986145,1
b4137,b4136,1,0.9957298636436462,0.996327817440033,0.9945720434188843,0.9871394038200378,0.9801274538040161,0.9821259379386902,0.9985584020614624,0.9886916875839233,0.9971364736557007,0.9934089183807373,0.9913818001747131,1
b4136,b4135,0,0.9925323724746704,0.9847161173820496,0.808451235294342,0.9416788816452026,0.9328354001045227,0.9711078405380249,0.9821743965148926,0.9364874958992004,0.9767287969589233,0.9760019779205322,0.9502714514732361,1
b4133,b4132,0,0.4107246994972229,0.2137247771024704,0.2780815064907074,0.31405019760131836,0.26656144857406616,0.30972498655319214,0.07828208059072495,0.29300907254219055,0.4481578767299652,0.30489370226860046,0.29172103479504585,0
b4132,b4131,1,0.9782139658927917,0.9391393065452576,0.9352089762687683,0.900200366973877,0.7830390334129333,0.9469950795173645,0.9832188487052917,0.9411827325820923,0.8925188183784485,0.925861656665802,0.9225578784942627,1
b4131,b4130,0,0.9868886470794678,0.9717594981193542,0.9327808618545532,0.9559512138366699,0.9006068706512451,0.973376452922821,0.9922572374343872,0.9651132225990295,0.9692155122756958,0.9561048150062561,0.960405433177948,1
b4130,b4129,0,0.5360567569732666,0.48676565289497375,0.11891350895166397,0.5604090094566345,0.4507465064525604,0.6362518072128296,0.5150947570800781,0.582590639591217,0.4425627291202545,0.6525147557258606,0.4981906123459339,0
b4129,b4125,0,0.026804747059941292,0.00798711460083723,0.0035786121152341366,0.04709775373339653,0.06968465447425842,0.04757154732942581,0.0027798861265182495,0.03108111582696438,0.06098077818751335,0.02362261898815632,0.032118882844224574,0
b4125,b4124,1,0.9975895881652832,0.9971573948860168,0.9969936609268188,0.9764535427093506,0.9897097945213318,0.9916720390319824,0.9959749579429626,0.9864711165428162,0.9989714026451111,0.996194064617157,0.9927187561988831,1
b4124,b4123,0,0.08065242320299149,0.02432779036462307,0.20797745883464813,0.036332305520772934,0.04905891790986061,0.06715517491102219,0.00868251733481884,0.014837509021162987,0.05073879286646843,0.04514460638165474,0.058490749634802344,0
b4123,b4122,1,0.9917464852333069,0.9844346046447754,0.9127066731452942,0.9821562170982361,0.959840714931488,0.981974184513092,0.9963032007217407,0.9743728637695312,0.9926590919494629,0.9808974862098694,0.9757091522216796,1
b4122,b4121,1,0.8245254158973694,0.6823041439056396,0.5983915328979492,0.819338858127594,0.7847762703895569,0.47237923741340637,0.6936084628105164,0.425702840089798,0.8579791188240051,0.720705509185791,0.6879711389541626,1
b4121,b4118,0,0.0006826794706285,0.00015918897406663746,0.000521264795679599,0.0005384216783568263,0.0016814506379887462,0.0023940280079841614,0.0006448405329138041,0.0002502731222193688,0.0011002240935340524,0.00021886845934204757,0.0008191239772713743,0
b4118,b4117,0,0.9894348978996277,0.9737290143966675,0.9472190737724304,0.9786603450775146,0.8983704447746277,0.966763436794281,0.9894325733184814,0.9548099040985107,0.9756952524185181,0.9417873620986938,0.9615902304649353,1
b4117,b4116,0,0.029121071100234985,0.17717471718788147,0.004353593103587627,0.22350624203681946,0.20807281136512756,0.2383013516664505,0.04654329642653465,0.10202067345380783,0.1858907788991928,0.2645990550518036,0.14795835902914406,0
b4116,b4115,1,0.9856162667274475,0.9378367066383362,0.952521562576294,0.9732106924057007,0.9029967188835144,0.9556620717048645,0.9842200875282288,0.9533401727676392,0.960581362247467,0.9412985444068909,0.9547284185886383,1
b4115,b4114,0,0.877942681312561,0.924921452999115,0.5571317672729492,0.9110230207443237,0.7847266793251038,0.7190097570419312,0.9710481762886047,0.7861218452453613,0.8619927167892456,0.8294060826301575,0.8223324179649353,1
b4114,b4113,0,0.9974456429481506,0.9965671896934509,0.9958288073539734,0.9744611382484436,0.98775315284729,0.9920644760131836,0.9961848855018616,0.9852203130722046,0.9987919330596924,0.995336651802063,0.9919654190540313,1
b4113,b4112,1,0.9971521496772766,0.9914706945419312,0.9789065718650818,0.9899994134902954,0.9741811752319336,0.9852755069732666,0.9947769641876221,0.9875596761703491,0.9929012060165405,0.9782096743583679,0.9870433032512664,1
b4112,b4108,0,1.5427451216964982e-05,5.609817526419647e-05,0.0011297910241410136,0.00010670150368241593,0.0008115264354273677,0.0007020343327894807,3.391633754290524e-06,5.2398667321540415e-05,0.00021057887352071702,0.00025224132696166635,0.00033401894240796536,0
b4108,b4107,0,0.01045964565128088,0.012872808612883091,0.012766770087182522,0.02295241318643093,0.026943568140268326,0.03232003003358841,0.006059856619685888,0.012189372442662716,0.04008471593260765,0.006289771758019924,0.018293895246461033,0
b4107,b4106,0,0.9498565196990967,0.8869426846504211,0.8291612267494202,0.9015432000160217,0.6462936997413635,0.8877963423728943,0.9800611734390259,0.8603165745735168,0.8556503653526306,0.6688927412033081,0.8466514527797699,1
b4106,b4105,1,0.9917914867401123,0.9771631360054016,0.9557546973228455,0.9838829636573792,0.956795334815979,0.9651589393615723,0.9960132241249084,0.9588981866836548,0.9831426739692688,0.9606235027313232,0.9729224145412445,1
b4105,b4102,1,0.04688737541437149,0.08452177792787552,0.028508542105555534,0.06973763555288315,0.035162270069122314,0.090483158826828,0.04948565363883972,0.0550241656601429,0.039012204855680466,0.021260768175125122,0.052008355222642424,0
b4102,b4101,1,0.9978464245796204,0.9970307350158691,0.9969645142555237,0.9742435216903687,0.989380419254303,0.9901772141456604,0.9963709115982056,0.9861845970153809,0.9989157915115356,0.9961119890213013,0.9923226118087769,1
b4101,b4100,1,0.9975302815437317,0.9967287182807922,0.9970601201057434,0.9800695776939392,0.9872299432754517,0.9873108267784119,0.9977001547813416,0.9885846376419067,0.9985053539276123,0.9948583841323853,0.9925577998161316,1
b4100,b4099,1,0.9970059990882874,0.997165858745575,0.9953957200050354,0.9818127155303955,0.9853640198707581,0.9859523773193359,0.9980381727218628,0.9898162484169006,0.9982526898384094,0.9940217733383179,0.9922825574874878,1
b4099,b4098,1,0.9974297881126404,0.9975134134292603,0.996661365032196,0.9777897596359253,0.9882076978683472,0.9891943335533142,0.9971009492874146,0.9888638854026794,0.998710572719574,0.9952867031097412,0.9926758468151092,1
b4098,b4097,1,0.9978146553039551,0.9971558451652527,0.9964991211891174,0.976488471031189,0.9890081882476807,0.9894043803215027,0.9975981116294861,0.9874294400215149,0.9987969398498535,0.995590329170227,0.9925785481929779,1
b4097,b4096,1,0.8597992062568665,0.8060780167579651,0.7370885014533997,0.9066499471664429,0.7776430249214172,0.9360487461090088,0.8907901644706726,0.7512443661689758,0.8638055920600891,0.886925458908081,0.8416073024272919,1
b4096,b4095,1,0.9975022077560425,0.9965285658836365,0.9964832067489624,0.9806259274482727,0.9870019555091858,0.9865748286247253,0.9980624318122864,0.9875909686088562,0.9985237717628479,0.9952367544174194,0.9924130618572236,1
b4095,b4094,1,0.9978710412979126,0.9972816109657288,0.9962159395217896,0.97211092710495,0.989759624004364,0.9907938838005066,0.9952831268310547,0.9858264923095703,0.9989849328994751,0.9963890910148621,0.9920516669750213,1
b4094,b4093,1,0.9980332851409912,0.9981780052185059,0.997651994228363,0.9791531562805176,0.9887341260910034,0.9911095499992371,0.9978458285331726,0.9903430938720703,0.9988878965377808,0.9954111576080322,0.9935348093509674,1
b4093,b4092,1,0.9984155893325806,0.9904401302337646,0.9934585690498352,0.9923381805419922,0.9791710376739502,0.9878026247024536,0.9980053305625916,0.9876945614814758,0.9934375882148743,0.9810687899589539,0.9901832401752472,1
b4092,b4089,0,0.0018933815881609917,0.0013828171649947762,0.0011241735192015767,0.007172690238803625,0.00845261849462986,0.013818535953760147,0.0007279671845026314,0.0027928329072892666,0.0031418183352798223,0.0053137824870646,0.004582061787368729,0
b4089,b4088,1,0.9523376226425171,0.5976390838623047,0.7804150581359863,0.8711155652999878,0.6740624904632568,0.8105515241622925,0.7924175262451172,0.8650178909301758,0.8496529459953308,0.7773795127868652,0.7970589220523834,1
b4088,b4087,1,0.9508704543113708,0.9463357925415039,0.828144371509552,0.944757342338562,0.8035655617713928,0.8390771150588989,0.8811473250389099,0.9034526348114014,0.9262123703956604,0.8771072030067444,0.8900670170783996,1
b4087,b4086,1,0.997954785823822,0.9972847104072571,0.9974161386489868,0.9765224456787109,0.9898181557655334,0.9906101226806641,0.9968668222427368,0.9875866174697876,0.998957097530365,0.9961811304092407,0.9929198026657104,1
b4086,b4085,1,0.9973043203353882,0.9860643744468689,0.9835476875305176,0.9760104417800903,0.9470035433769226,0.9860368967056274,0.995978057384491,0.9844262003898621,0.9873180985450745,0.975240170955658,0.98189297914505,1
b4085,b4084,1,0.9975534677505493,0.9976592659950256,0.9975886344909668,0.9828718304634094,0.9882437586784363,0.9897488355636597,0.9984170198440552,0.9908261299133301,0.9986955523490906,0.995156466960907,0.993676096200943,1
b4084,b4083,0,0.028873365372419357,0.3354184031486511,0.11749399453401566,0.5165759325027466,0.19063585996627808,0.23218579590320587,0.9855034947395325,0.07125124335289001,0.4057677090167999,0.20352761447429657,0.3087233413010836,0
b4083,b4622,0,0.7832493782043457,0.5895108580589294,0.4889066219329834,0.7555980086326599,0.7091986536979675,0.886870265007019,0.3504377603530884,0.6806889176368713,0.7771481275558472,0.8479466438293457,0.6869555234909057,1
b4622,b4082,1,0.9951130151748657,0.9865814447402954,0.9673102498054504,0.9856992363929749,0.9132905602455139,0.9860813021659851,0.9925567507743835,0.9803145527839661,0.9681752920150757,0.9498777985572815,0.9725000202655792,1
b4082,b4081,1,0.9973132610321045,0.9969081878662109,0.9962875247001648,0.9806591272354126,0.9852919578552246,0.9857271909713745,0.9983130097389221,0.9890862107276917,0.9983230829238892,0.9944214820861816,0.9922331035137176,1
b4081,b4080,1,0.997545063495636,0.9966455698013306,0.9970499873161316,0.9753203988075256,0.9892283082008362,0.989281415939331,0.9967548847198486,0.9864199757575989,0.9988150596618652,0.995940089225769,0.9923000752925872,1
b4080,b4079,0,0.4162476062774658,0.6515452861785889,0.1972847729921341,0.7066658735275269,0.5924991965293884,0.8023961186408997,0.676917552947998,0.6040447950363159,0.6293439865112305,0.7889257073402405,0.6065870895981789,1
b4079,b4078,0,0.7340487241744995,0.744055986404419,0.9210385084152222,0.8058147430419922,0.9160921573638916,0.6595515608787537,0.8264554142951965,0.6546059250831604,0.7966538667678833,0.7524604201316833,0.7810777306556702,1
b4078,b4069,0,7.861430640332401e-05,0.00018741641542874277,0.0013134098844602704,0.0005117313121445477,0.0014911331236362457,0.0012905814219266176,2.5326151444460265e-05,0.0001418579777237028,0.0006489966763183475,0.0011207418283447623,0.0006809809097831021,0
b4069,b4068,1,0.7053279876708984,0.6332060098648071,0.48366037011146545,0.6445094347000122,0.5329327583312988,0.5504729747772217,0.670231282711029,0.43676334619522095,0.6186754703521729,0.7079747319221497,0.5983754366636276,1
b4068,b4067,1,0.9959096908569336,0.996120035648346,0.9942746758460999,0.9851745367050171,0.9800784587860107,0.9827291369438171,0.9991878867149353,0.9863641262054443,0.9972484707832336,0.9939610958099365,0.9911048114299774,1
b4067,b4066,0,0.9524649381637573,0.9374130368232727,0.6862502694129944,0.9118783473968506,0.7437358498573303,0.8705242872238159,0.9681286215782166,0.8647021651268005,0.8644866347312927,0.7915391325950623,0.8591123282909393,1
b4062,b4060,0,0.0001458614569855854,0.00016136537306010723,0.0004468675469979644,0.0011595191899687052,0.0021116735879331827,0.001559705939143896,1.729564792185556e-05,0.000486747914692387,0.00272456556558609,0.0004596440412569791,0.0009273246263546753,0
b4060,b4058,0,0.004163823090493679,0.006286767311394215,0.01769917644560337,0.006846477743238211,0.031516317278146744,0.01480118278414011,0.010850039310753345,0.009770885109901428,0.011692056432366371,0.0057901665568351746,0.011941689206287265,0
b4058,b4621,0,0.0005489776376634836,0.001798698678612709,0.0013919610064476728,0.00501789478585124,0.006810897961258888,0.0031913104467093945,0.005192219745367765,0.0009681078954599798,0.00506294472143054,0.0013865887885913253,0.0031369601667392997,0
b4621,b4051,0,0.0001828149106586352,0.0002214860578533262,9.672989108366892e-06,0.0005320294876582921,0.0007042636862024665,0.002952765906229615,7.120629743440077e-05,0.0002784689422696829,0.0009743525297380984,0.0003329059691168368,0.0006259966776269721,0
b4051,b4046,0,0.0012774773640558124,0.001330479048192501,0.002453194698318839,0.005081589333713055,0.0063558295369148254,0.006759322714060545,0.0002086579625029117,0.003092312952503562,0.003890961641445756,0.0014609477948397398,0.0031910773046547546,0
b4046,b4041,0,0.0005158072453923523,0.001231955480761826,0.000732306158170104,0.0019280308624729514,0.00392698822543025,0.004345046356320381,0.00021691599977202713,0.002737022703513503,0.0021026956383138895,0.0029466378036886454,0.002068340647383593,0
b4041,b4034,0,6.374179065460339e-05,0.00026321294717490673,0.001047036494128406,0.0004894869634881616,0.0011804811656475067,0.001168804825283587,3.904171535396017e-05,0.00028140019276179373,0.0008119444246403873,0.00020439289801288396,0.0005549543417146197,0
b4034,b4033,1,0.9225060343742371,0.961552619934082,0.8176010251045227,0.931095540523529,0.7970420122146606,0.8646963238716125,0.9649859666824341,0.9343771934509277,0.923198938369751,0.885897159576416,0.9002952814102173,1
b4033,b4032,1,0.9969867467880249,0.9946010708808899,0.9935513138771057,0.9875624775886536,0.9805870056152344,0.9894490838050842,0.9963099956512451,0.9858299493789673,0.9955576658248901,0.9896489381790161,0.9910084247589112,1
b4032,b4031,0,0.5886445641517639,0.3921867907047272,0.19468727707862854,0.4526621997356415,0.25922462344169617,0.2712598443031311,0.3704032301902771,0.43240782618522644,0.37362951040267944,0.20042496919631958,0.3535530835390091,0
b4031,b4620,0,0.32608041167259216,0.07751455157995224,0.1032385528087616,0.15251260995864868,0.07908857613801956,0.2044767141342163,0.13078153133392334,0.26692885160446167,0.08497247844934464,0.0474933497607708,0.1473087627440691,0
b4620,b4024,0,1.7544352886034176e-05,5.1856190111720935e-05,2.0134905298618833e-06,0.00010735897376434878,0.0005561121506616473,0.000725570076610893,9.352917800242722e-07,9.284220141125843e-05,0.00014742629718966782,0.0002001565881073475,0.0001901815613052804,0
b4021,b4018,0,9.785219299374148e-05,0.0002058713580481708,5.0675487727858126e-05,0.0008001720416359603,0.0009341522818431258,0.0007878240430727601,0.00011743836512323469,0.0006967268418520689,0.001547800493426621,0.00010310654033673927,0.0005341619646060281,0
b4018,b4017,0,0.8084023594856262,0.7846530079841614,0.7326367497444153,0.5869079828262329,0.43426814675331116,0.4390422999858856,0.3289293944835663,0.7697123289108276,0.735040545463562,0.5323625802993774,0.6151955395936965,1
b4017,b4012,0,0.00021230196580290794,0.0017320960760116577,7.28265440557152e-05,0.0018182003404945135,0.001604755292646587,0.0035678637214004993,0.00033635058207437396,0.0010253165382891893,0.001274215872399509,0.0009022489539347589,0.0012546175887109712,0
b4012,b4006,0,4.7358902520500124e-05,0.00012796290684491396,0.00016177150246221572,0.00029668593197129667,0.0006841208087280393,0.0008763953810557723,3.330897379782982e-05,6.86805578880012e-05,0.0006664263200946152,0.0003236641641706228,0.0003286375449533807,0
b4006,b4005,1,0.9923262000083923,0.9881800413131714,0.9839152097702026,0.9834101796150208,0.9658788442611694,0.9852440357208252,0.9965646862983704,0.9777490496635437,0.992059051990509,0.9843968152999878,0.9849724113941193,1
b4005,b4002,0,4.022217763122171e-05,0.0002489330363459885,0.0001420986809534952,0.0010102877859026194,0.0018105547642335296,0.002394602168351412,0.0003305117425043136,0.00025809029466472566,0.0011777729960158467,0.0002348447887925431,0.0007647918435395695,0
b4002,b3995,0,1.3800576198264025e-05,6.839480920461938e-05,3.82162761525251e-05,0.00012060200970154256,0.000908691028598696,0.000771189690567553,5.901773647565278e-07,4.6464156184811145e-05,0.0001331589592155069,0.0003673868777696043,0.0002468494560957879,0
b3995,b3994,0,0.9839179515838623,0.953158974647522,0.8847911357879639,0.9423815608024597,0.8273999691009521,0.8108007311820984,0.9674394726753235,0.8596225380897522,0.9448378682136536,0.807775616645813,0.8982125818729401,1
b3994,b3993,1,0.997180700302124,0.9953337907791138,0.9967986941337585,0.9714710116386414,0.9909214377403259,0.9917547702789307,0.9944113492965698,0.982711136341095,0.999132513999939,0.9969672560691833,0.9916682660579681,1
b3993,b3992,1,0.9969096183776855,0.9975110292434692,0.9977800846099854,0.9848341941833496,0.988878607749939,0.9894311428070068,0.9979370832443237,0.9910152554512024,0.9987046122550964,0.9951666593551636,0.9938168287277221,1
b3992,b4407,1,0.9964929223060608,0.9971669316291809,0.9968000054359436,0.9775626063346863,0.9902157187461853,0.9922049641609192,0.9942194223403931,0.9860771894454956,0.9991461038589478,0.996379017829895,0.9926264882087708,1
b4407,b3991,1,0.9358280897140503,0.981607973575592,0.9739885926246643,0.9410002827644348,0.9033159017562866,0.929411768913269,0.9949914216995239,0.9454661011695862,0.9472581744194031,0.9617047905921936,0.9514573097229004,1
b3991,b3990,1,0.9973389506340027,0.9972987771034241,0.9972041249275208,0.9828779101371765,0.987687885761261,0.9884763360023499,0.9983333349227905,0.9901662468910217,0.9986009001731873,0.9950019717216492,0.9932986438274384,1
b3974,b3965,0,2.760278403002303e-05,0.00010337540879845619,1.8477907360647805e-05,0.0002001672692131251,0.0004299181164242327,0.0007832383271306753,3.5476616631058278e-06,7.901625212980434e-05,0.0004375596181489527,8.288661774713546e-05,0.00021657899626461585,0
b3965,b3962,0,0.006414859555661678,0.0051064807921648026,0.03309353440999985,0.014932368882000446,0.020156335085630417,0.04795705899596214,0.018280290067195892,0.00994557049125433,0.026059014722704887,0.006288090255111456,0.01882336032576859,0
b3957,b3956,0,0.13866369426250458,0.09869241714477539,0.007104984484612942,0.11439059674739838,0.16983138024806976,0.20847415924072266,0.06737848371267319,0.141129270195961,0.12510117888450623,0.2126038521528244,0.12833700170740486,0
b3956,b3955,0,0.6299344897270203,0.6955292224884033,0.4605955481529236,0.7292239665985107,0.6874383687973022,0.6162595748901367,0.8848445415496826,0.5988559722900391,0.6712247729301453,0.8058098554611206,0.6779716312885284,1
b3955,b3954,1,0.22635005414485931,0.14895962178707123,0.200214222073555,0.3405066728591919,0.6266493797302246,0.378534734249115,0.2017110139131546,0.19321000576019287,0.5528339743614197,0.24999099969863892,0.3118960678577423,0
b3954,b3947,0,0.00021477302652783692,0.0003235700132790953,6.696427590213716e-05,0.0012417430989444256,0.002644764957949519,0.0035818135365843773,3.671992089948617e-05,0.00040783133590593934,0.0014075628714635968,0.000829531520139426,0.0010755274557595839,0
b3947,b3946,1,0.8685571551322937,0.9053310751914978,0.6569684147834778,0.7742221355438232,0.7043079733848572,0.8401141166687012,0.9096854329109192,0.8643296957015991,0.7668590545654297,0.8204591870307922,0.8110834240913392,1
b3946,b3945,1,0.9357904195785522,0.9441592693328857,0.6889846324920654,0.9323716759681702,0.889525294303894,0.9424097537994385,0.9294949769973755,0.9417134523391724,0.9309244155883789,0.9578742384910583,0.9093248128890992,1
b3945,b3944,0,0.23232898116111755,0.2042272835969925,0.24291646480560303,0.23291155695915222,0.26679444313049316,0.23536640405654907,0.10824853181838989,0.1732049137353897,0.3374311327934265,0.17284856736660004,0.22062782794237137,0
b3944,b3938,0,2.361271072004456e-05,7.397797162411734e-05,5.811948994960403e-06,0.00012044903996866196,0.000254765065619722,0.0005701613845303655,2.838371801772155e-05,7.433898281306028e-05,0.0001365356147289276,8.090179471764714e-05,0.00013689382317352283,0
b3938,b3937,1,0.958597719669342,0.9312029480934143,0.914189338684082,0.8986377716064453,0.770845353603363,0.9080144762992859,0.907805323600769,0.9046990871429443,0.8609052300453186,0.8280699849128723,0.8882967233657837,1
b3937,b3935,0,0.03826945275068283,0.025310222059488297,0.018253834918141365,0.060022782534360886,0.08878953754901886,0.03742431476712227,0.0026853035669773817,0.021254127845168114,0.05036214366555214,0.05527294799685478,0.039764466765336695,0
b3935,b3934,0,0.5196743607521057,0.47999635338783264,0.048098430037498474,0.4990757405757904,0.6230075359344482,0.6286919116973877,0.43579337000846863,0.46188461780548096,0.5586696863174438,0.6590683460235596,0.4913960352540016,0
b3934,b3933,0,0.9779766201972961,0.972764790058136,0.3478076457977295,0.9727494120597839,0.9399517178535461,0.908061683177948,0.8687100410461426,0.933833122253418,0.9780028462409973,0.9742381572723389,0.8874096035957336,1
b3933,b3932,0,0.5494187474250793,0.38520148396492004,0.26485297083854675,0.4508458971977234,0.4661828875541687,0.3910529315471649,0.46618032455444336,0.35204634070396423,0.5708689093589783,0.49580612778663635,0.4392456620931625,0
b3932,b3931,1,0.9958341717720032,0.9953427314758301,0.9948102831840515,0.9886608719825745,0.9731658697128296,0.9870429039001465,0.9982940554618835,0.985327959060669,0.996271014213562,0.9895013570785522,0.9904251217842102,1
b3931,b3930,0,0.7225755453109741,0.8840200304985046,0.6161441802978516,0.8897191882133484,0.7984735369682312,0.7150183916091919,0.9367715716362,0.6985067129135132,0.8885263800621033,0.8897020816802979,0.8039457619190216,1
b3930,b3929,1,0.4815414547920227,0.36847296357154846,0.06729286909103394,0.5024552345275879,0.4323413670063019,0.4733417332172394,0.22872863709926605,0.612507700920105,0.4389690160751343,0.5733751654624939,0.41790261417627333,0
b3929,b3927,0,0.03298535197973251,0.014855984598398209,0.06112740561366081,0.02492165006697178,0.026062889024615288,0.04223543405532837,0.1865202635526657,0.04381498694419861,0.020456574857234955,0.0106939896941185,0.046367453038692476,0
b3927,b3926,1,0.9919087886810303,0.9830318093299866,0.9643722772598267,0.9558616876602173,0.9394035935401917,0.9873194098472595,0.9943220615386963,0.9654420614242554,0.9727101922035217,0.9794172644615173,0.9733789145946503,1
b3926,b3925,1,0.8588176369667053,0.8050218224525452,0.6908153295516968,0.6887784600257874,0.8218793272972107,0.4396221935749054,0.5277366042137146,0.5723681449890137,0.9083756804466248,0.5791119933128357,0.6892527192831039,1
b3925,b3924,0,0.4313187003135681,0.36052343249320984,0.7390284538269043,0.5885518789291382,0.7096902132034302,0.33408138155937195,0.44945192337036133,0.326823890209198,0.6482065916061401,0.4967675507068634,0.5084444016218186,1
b3924,b3920,0,0.0005088445032015443,0.0022523808293044567,4.001954948762432e-05,0.0033221659250557423,0.004784449934959412,0.009817972779273987,0.0018397733801975846,0.002591801341623068,0.005304908379912376,0.001110111945308745,0.003157242856832454,0
b3920,b3919,0,0.597621738910675,0.6617931127548218,0.07662137597799301,0.6631671786308289,0.5798996686935425,0.7716633081436157,0.7347457408905029,0.608402669429779,0.6265051960945129,0.7283645272254944,0.6048784516751766,1
b3919,b3912,0,0.00014887796714901924,0.0001467038382543251,0.0020318967290222645,0.0007908673142082989,0.0020199266728013754,0.002453394467011094,8.831536433717702e-06,0.00031396825215779245,0.000994640402495861,0.0006740205571986735,0.0009583127736732422,0
b3912,b3911,1,0.99690842628479,0.9955679178237915,0.9958480596542358,0.9812930822372437,0.9864626526832581,0.9850595593452454,0.9983502626419067,0.9841855764389038,0.9983360767364502,0.9947132468223572,0.9916724860668182,1
b3911,b3907,0,0.00024537250283174217,0.0003422161389607936,1.9869676179951057e-05,0.0007592483889311552,0.0024709042627364397,0.0026543065905570984,9.019826393341646e-06,0.0003280274395365268,0.0010147220455110073,0.0009395105298608541,0.000878319740149891,0
b3907,b3904,0,0.005729623604565859,0.008992633782327175,0.02451075054705143,0.008767593652009964,0.006998017430305481,0.017610715702176094,0.004576757084578276,0.015006287954747677,0.010328274220228195,0.0025377413257956505,0.01050583953037858,0
b3904,b3903,1,0.9977983832359314,0.9974168539047241,0.9976308345794678,0.9803355932235718,0.9892423748970032,0.990200400352478,0.997340738773346,0.9887881875038147,0.9988240599632263,0.995688796043396,0.993326622247696,1
b3903,b3902,1,0.8506737351417542,0.8037377595901489,0.2630916237831116,0.7233620285987854,0.45157381892204285,0.7337685227394104,0.948165774345398,0.5847713947296143,0.607571542263031,0.37779203057289124,0.6344508230686188,1
b3902,b3901,1,0.9685138463973999,0.9761323928833008,0.9744777679443359,0.9581516981124878,0.9263965487480164,0.9721137285232544,0.9787447452545166,0.9650174975395203,0.9672488570213318,0.956562340259552,0.9643359422683716,1
b3901,b3900,0,0.019272813573479652,0.028035804629325867,0.015598072670400143,0.10726988315582275,0.07757222652435303,0.12321474403142929,0.037306539714336395,0.03733859211206436,0.14654165506362915,0.03553462028503418,0.06276849517598748,0
b3900,b3899,1,0.985504150390625,0.982376217842102,0.9773662686347961,0.9706854820251465,0.942314088344574,0.981926441192627,0.9962529540061951,0.968045175075531,0.9823404550552368,0.9758884906768799,0.9762699723243713,1
b3899,b3898,1,0.9977579712867737,0.9977565407752991,0.9976681470870972,0.9798769950866699,0.9897322058677673,0.9911575317382812,0.9974904656410217,0.989453911781311,0.9989461302757263,0.9958202838897705,0.9935660183429718,1
b3898,b3897,1,0.99711674451828,0.996910572052002,0.9974355101585388,0.9842302799224854,0.9880130290985107,0.9881929755210876,0.9984526038169861,0.9899436235427856,0.9985453486442566,0.995185136795044,0.9934025824069976,1
b3897,b3894,0,0.0260006096214056,0.010487627238035202,0.0008787219994701445,0.030171053484082222,0.03970497474074364,0.08998318016529083,0.0007288251654244959,0.026167048141360283,0.01698281615972519,0.03503846377134323,0.027614332048688083,0
b3894,b3893,1,0.9976423382759094,0.991533100605011,0.9878678321838379,0.9798650741577148,0.9786148071289062,0.9888623952865601,0.9954132437705994,0.9821373820304871,0.9956501126289368,0.9907578229904175,0.988834410905838,1
b3893,b3892,1,0.9969179630279541,0.9972708225250244,0.9956091642379761,0.977891743183136,0.9887228012084961,0.9900060296058655,0.9967145919799805,0.9872211813926697,0.9986729621887207,0.9957611560821533,0.9924788415431977,1
b3892,b3891,0,0.9971688389778137,0.9960129857063293,0.9928796887397766,0.9831092953681946,0.985446035861969,0.9858946800231934,0.9980822205543518,0.9867087006568909,0.9978390336036682,0.9925132989883423,0.9915654778480529,1
b3891,b3882,0,8.536619861843064e-05,0.00023663636238779873,0.0014271880500018597,0.000528942618984729,0.001354131381958723,0.001425344729796052,2.791510269162245e-05,0.0007608435116708279,0.0009245873661711812,0.000545898568816483,0.0007316853891097708,0
b3882,b3881,1,0.9756738543510437,0.9581175446510315,0.9027504324913025,0.9436196088790894,0.910011887550354,0.9800459742546082,0.9815502762794495,0.9400126934051514,0.9533786773681641,0.9597949385643005,0.9504955887794495,1
b3881,b3880,1,0.9926198124885559,0.9924308061599731,0.9822859168052673,0.9845091700553894,0.9592093229293823,0.9886995553970337,0.996707558631897,0.9776394963264465,0.9912004470825195,0.9841763377189636,0.9849478423595428,1
b3880,b3879,0,0.9512562155723572,0.9062880873680115,0.8435525894165039,0.8148912787437439,0.7357773184776306,0.7711784839630127,0.9124438166618347,0.854830801486969,0.8539482951164246,0.7580885887145996,0.8402255475521088,1
b3879,b3878,0,0.910726010799408,0.8635651469230652,0.8954907655715942,0.8949971199035645,0.6670029759407043,0.8786463141441345,0.8772083520889282,0.8601800799369812,0.8315714597702026,0.754278302192688,0.8433666527271271,1
b3878,b3877,1,0.9807030558586121,0.9550463557243347,0.8269285559654236,0.9454274773597717,0.906238317489624,0.9030786156654358,0.9856230616569519,0.9076389074325562,0.9497768878936768,0.9568104147911072,0.9317271649837494,1
b3877,b3876,1,0.9976693391799927,0.988464891910553,0.9891840815544128,0.9842644333839417,0.9673104882240295,0.985878586769104,0.9957310557365417,0.987358570098877,0.9814209938049316,0.9802216291427612,0.9857504069805145,1
b3876,b3875,0,0.9967233538627625,0.976263165473938,0.994563639163971,0.9727553129196167,0.911472737789154,0.9759401679039001,0.992161214351654,0.9488654136657715,0.9713976979255676,0.9620292782783508,0.9702171981334686,1
b3875,b3870,0,0.00017751296400092542,0.0004946578410454094,0.0001774484699126333,0.0007531371084041893,0.0015138406306505203,0.002884490881115198,2.0937561203027144e-05,0.0003718277730513364,0.0010806894861161709,0.0006814100197516382,0.0008155952735251048,0
b3870,b3869,1,0.7095826864242554,0.686688244342804,0.17248521745204926,0.6446717381477356,0.5501953959465027,0.4415092468261719,0.24915574491024017,0.7310690879821777,0.5555105805397034,0.33333620429039,0.507420414686203,1
b3869,b3868,1,0.9963893294334412,0.9926485419273376,0.9939121007919312,0.98850417137146,0.9743784666061401,0.9891981482505798,0.9976622462272644,0.9831763505935669,0.9954233765602112,0.9886714220046997,0.9899964153766632,1
b3865,b3862,0,0.00046558023313991725,0.000705607351846993,0.0004908531554974616,0.0014775488525629044,0.0018090326339006424,0.0026546649169176817,0.00031925379880703986,0.0004968580906279385,0.004822796210646629,0.0002110625064233318,0.001345325775037054,0
b3862,b3857,0,5.694134961231612e-05,0.00024106910859700292,3.257216667407192e-05,0.0004579194646794349,0.0009028082713484764,0.0015718186041340232,7.931628715596162e-06,0.0001483145751990378,0.0004789248341694474,0.00042430838220752776,0.00043226083853369345,0
b3857,b3856,1,0.9969803094863892,0.9963341951370239,0.9971510767936707,0.9797694087028503,0.9899840950965881,0.9898163676261902,0.9973052740097046,0.9862701892852783,0.9989126920700073,0.9959844946861267,0.9928508102893829,1
b3856,b3846,0,4.7149624151643366e-05,0.00028380623552948236,7.428300159517676e-05,0.0003374297230038792,0.00047478568740189075,0.001756740384735167,4.6458353608613834e-05,0.00015281233936548233,0.0003528620582073927,0.00016777412383817136,0.00036941015314369,0
b3846,b3845,1,0.9942147135734558,0.9943544268608093,0.9841118454933167,0.9923619627952576,0.9809284806251526,0.9881079196929932,0.9955769181251526,0.9813210964202881,0.9958295226097107,0.9919175505638123,0.9898724436759949,1
b3845,b3842,0,0.004409627988934517,0.004723455291241407,0.000487635814351961,0.0038496211636811495,0.002470725681632757,0.026638571172952652,0.0028278196696192026,0.001363657764159143,0.004195204470306635,0.0023546931333839893,0.005332101215026341,0
b3842,b3830,0,6.905269856360974e-06,3.870884029311128e-05,2.031818075920455e-05,7.787184586049989e-05,0.00035080796806141734,0.0004128472355660051,9.418258173354843e-07,2.002979272219818e-05,0.00011363026715116575,0.00010829835082404315,0.00011503595769113417,0
b3830,b3828,0,0.004059894476085901,0.0044304365292191505,0.002632878487929702,0.006605110131204128,0.00465643173083663,0.004649849608540535,0.004407878033816814,0.005111006088554859,0.012664968147873878,0.0005418058135546744,0.004976025904761627,0
b3828,b3824,0,0.0007760307635180652,0.0007014330476522446,7.728549826424569e-05,0.0012914740946143866,0.0016189328161999583,0.005192633718252182,6.420077261282131e-05,0.0006896234699524939,0.0015790564939379692,0.0007701655267737806,0.0012760836201778148,0
b3824,b3820,0,3.0088804123806767e-05,0.00011612069647526368,8.544853335479274e-05,0.00021726169507019222,0.0006156384479254484,0.0007638002862222493,5.5064112530089915e-05,7.53457861719653e-05,0.0005275033763609827,6.288709118962288e-05,0.00025491588294244136,0
b3820,b3819,1,0.6357841491699219,0.6408494114875793,0.47112926840782166,0.6029770374298096,0.5010260343551636,0.6077824831008911,0.6416653394699097,0.4748527705669403,0.451458603143692,0.6280394196510315,0.5655564516782761,1
b3819,b3818,0,0.8689705729484558,0.784186601638794,0.7092310786247253,0.7163419127464294,0.5219420194625854,0.710935652256012,0.6831004023551941,0.7320218086242676,0.7660956382751465,0.6944192051887512,0.7187244892120361,1
b3818,b3817,1,0.9619642496109009,0.9517204165458679,0.6990837454795837,0.9301972985267639,0.9171037673950195,0.9460326433181763,0.8889632821083069,0.8974289298057556,0.9425928592681885,0.9736160635948181,0.9108703255653381,1
b3817,b4482,0,0.00023112029884941876,0.003321490017697215,0.001268416759558022,0.0013664904981851578,0.00266900728456676,0.002490192884579301,0.001024384517222643,0.0006339888204820454,0.005288387648761272,0.0005587970372289419,0.0018852275767130776,0
b4482,b3807,0,1.3522442714020144e-05,0.00017957454838324338,4.676390744862147e-05,0.00018629735859576613,0.00033375280327163637,0.000638055382296443,2.8574291718541645e-05,4.11647924920544e-05,0.0002582875022199005,6.569996912730858e-05,0.00017916929982675356,0
b3804,b3803,1,0.9942821264266968,0.982667088508606,0.9804977178573608,0.9559653401374817,0.9064884185791016,0.9864348769187927,0.9753450751304626,0.975625216960907,0.9668673276901245,0.9697688817977905,0.9693942070007324,1
b3803,b3802,1,0.9964568018913269,0.9890918731689453,0.9918620586395264,0.9596471190452576,0.9298533797264099,0.965800940990448,0.9953816533088684,0.9815823435783386,0.9821435809135437,0.9665413498878479,0.9758361101150512,1
b3802,b3801,0,0.3384333550930023,0.09516613930463791,0.019513685256242752,0.24019955098628998,0.24489997327327728,0.19052231311798096,0.029224740341305733,0.22800742089748383,0.25425848364830017,0.09576783329248428,0.1735993495211005,0
b3801,b3780,0,1.1456600077508483e-05,6.372136704158038e-05,3.345486766193062e-05,0.00010889637633226812,0.0007033022702671587,0.0006738606025464833,9.899436008709017e-07,4.6234890760388225e-05,0.00011910736793652177,0.00028278364334255457,0.0002043807929567265,0
b3780,b3779,1,0.9860777258872986,0.9762064218521118,0.9278948903083801,0.9846720695495605,0.9658676385879517,0.9723088145256042,0.9942556023597717,0.9783903360366821,0.9901444315910339,0.9815270304679871,0.9757344961166382,1
b3779,b3775,0,9.444334864383563e-05,0.00022549566347151995,7.27640072000213e-05,0.0010169646702706814,0.003021018346771598,0.003338220063596964,2.7121728635393083e-05,0.00044270820217207074,0.001034939312376082,0.0006792810745537281,0.0009952956417691894,0
b3775,b3773,0,0.0005192632670514286,0.000438865419710055,0.0008695367723703384,0.0015927067724987864,0.003271817695349455,0.0023518316447734833,0.0012431299546733499,0.001075353822670877,0.0051300716586411,0.00032767458469606936,0.0016820251592434942,0
b3773,b3765,0,0.001101673929952085,0.000827086332719773,1.3462467904901132e-05,0.0014892960898578167,0.0017264785710722208,0.003948364406824112,0.0017273975536227226,0.002641758183017373,0.005856017116457224,0.00043352902866899967,0.001976506368009723,0
b3765,b4480,0,0.10686551034450531,0.028151288628578186,0.04058559238910675,0.0776185691356659,0.2259039729833603,0.04233025759458542,0.03459492325782776,0.03085588477551937,0.06151502951979637,0.05085773020982742,0.06992787588387728,0
b4480,b3755,0,1.0117844794876873e-05,0.00012612593127414584,0.00010094879689859226,0.00025974129675887525,0.0005617319256998599,0.0006195315509103239,1.6898191461223178e-05,7.028515392448753e-05,0.000338011042913422,5.185683403396979e-05,0.00021552485686697763,0
b3755,b3754,1,0.9975371956825256,0.9955360889434814,0.9768566489219666,0.9933628439903259,0.988804042339325,0.9898427724838257,0.9975192546844482,0.9916683435440063,0.9978797435760498,0.9918496608734131,0.9920856595039368,1
b3754,b3746,0,3.827905311482027e-05,0.0001339700975222513,0.00012322101974859834,0.00032465619733557105,0.0012851341161876917,0.001038382644765079,4.746661488752579e-06,0.00010090260184369981,0.00035861573996953666,0.0005599951255135238,0.00039679032574895244,0
b3746,b3745,1,0.9969509840011597,0.9964583516120911,0.9968987703323364,0.9816989302635193,0.9889739751815796,0.9888473749160767,0.9974093437194824,0.9876538515090942,0.9985995888710022,0.9951846599578857,0.9928675830364228,1
b3745,b3743,0,0.011292519047856331,0.014215661212801933,0.003135504899546504,0.03922337293624878,0.03997331112623215,0.03921784460544586,0.01115486491471529,0.014260636642575264,0.037636902183294296,0.009064755402505398,0.021917537297122182,0
b3743,b3742,1,0.2664030194282532,0.11717118322849274,0.016111286357045174,0.23048648238182068,0.37659916281700134,0.2111489474773407,0.05684638395905495,0.12828831374645233,0.2511588931083679,0.24171774089336395,0.1895931413397193,0
b3742,b3741,1,0.12262537330389023,0.1025700569152832,0.14696887135505676,0.26071789860725403,0.21517810225486755,0.16522780060768127,0.08181775361299515,0.19506724178791046,0.40291258692741394,0.13944321870803833,0.1832528904080391,0
b3741,b3740,1,0.9453274011611938,0.9082608819007874,0.9773732423782349,0.9200119376182556,0.9303860664367676,0.8798666596412659,0.986581563949585,0.91941899061203,0.9249223470687866,0.9779141545295715,0.9370063245296478,1
b3740,b3739,0,0.007166686467826366,0.004062579944729805,0.008157105185091496,0.013863029889762402,0.022784750908613205,0.022735074162483215,0.00030084658646956086,0.006806757766753435,0.013144669122993946,0.01767868734896183,0.011670018738368527,0
b3739,b3738,1,0.9691229462623596,0.9480829238891602,0.9446945786476135,0.9286978244781494,0.8835265636444092,0.9419622421264648,0.9663693904876709,0.9305342435836792,0.9204428791999817,0.9453030824661255,0.9378736674785614,1
b3738,b3737,1,0.9898175597190857,0.986619770526886,0.9165958166122437,0.9737945795059204,0.954190731048584,0.9797377586364746,0.9857975840568542,0.9757127165794373,0.9904319047927856,0.9782839417457581,0.973098236322403,1
b3737,b3736,1,0.9659219980239868,0.892170250415802,0.9406836032867432,0.8937464952468872,0.762421727180481,0.9681187272071838,0.9491259455680847,0.9005956053733826,0.8733624815940857,0.8923583626747131,0.903850519657135,1
b3736,b3735,1,0.9985124468803406,0.9932969808578491,0.9910497665405273,0.994904637336731,0.985150933265686,0.9914569854736328,0.9977515339851379,0.9921503663063049,0.9974238872528076,0.9893143177032471,0.9931011855602264,1
b3735,b3734,1,0.9927952885627747,0.9903364777565002,0.983512282371521,0.98372483253479,0.9601873159408569,0.9881018400192261,0.9979360103607178,0.9754310846328735,0.9904425144195557,0.9854522347450256,0.9847919881343842,1
b3734,b3733,1,0.9887588620185852,0.9726433753967285,0.9048293232917786,0.9657829999923706,0.9366381764411926,0.8979352116584778,0.9873964786529541,0.918441891670227,0.9685840606689453,0.9667847752571106,0.9507795155048371,1
b3733,b3732,1,0.8935319781303406,0.9098438024520874,0.7824238538742065,0.8969383239746094,0.7825897932052612,0.9441320300102234,0.8775637149810791,0.9269585013389587,0.8822130560874939,0.8871420621871948,0.8783337116241455,1
b3732,b3731,1,0.993725597858429,0.9875709414482117,0.9888767600059509,0.978384256362915,0.9602943658828735,0.9775823950767517,0.9948866367340088,0.977218747138977,0.9874299168586731,0.9834315180778503,0.9829401135444641,1
b3731,b3730,0,0.08767914026975632,0.033309631049633026,0.02230655401945114,0.12914888560771942,0.14413124322891235,0.1100737676024437,0.02906336635351181,0.04534190520644188,0.1942954808473587,0.0925457701086998,0.08878957442939281,0
b3730,b3729,1,0.9928759932518005,0.9870366454124451,0.9004907011985779,0.9772936105728149,0.9535058736801147,0.980708658695221,0.9974658489227295,0.9821263551712036,0.994210422039032,0.9842849373817444,0.9749999046325684,1
b3729,b3728,0,0.5187659859657288,0.2460823357105255,0.5113359093666077,0.4660577178001404,0.505596399307251,0.5191746950149536,0.3019997179508209,0.36940494179725647,0.546577513217926,0.5423723459243774,0.45273675620555875,0
b3728,b3727,1,0.9724965691566467,0.9601395726203918,0.9252997636795044,0.9667520523071289,0.8791232705116272,0.9665188789367676,0.9849003553390503,0.9508640766143799,0.9606069922447205,0.9585009813308716,0.9525202512741089,1
b3727,b3726,1,0.996685266494751,0.9972923398017883,0.9977089762687683,0.9835463166236877,0.9901947379112244,0.9907996654510498,0.9978356957435608,0.9898355007171631,0.9989363551139832,0.995806872844696,0.9938641726970673,1
b3726,b3725,1,0.3278757333755493,0.41197383403778076,0.13604316115379333,0.46871429681777954,0.293313205242157,0.5085664987564087,0.13654807209968567,0.25313645601272583,0.3547002375125885,0.44160670042037964,0.33324781954288485,0
b3725,b3724,1,0.9953917860984802,0.9905967712402344,0.9720189571380615,0.9858744740486145,0.9672561287879944,0.9850142598152161,0.9935138821601868,0.9813995957374573,0.9942082762718201,0.9832298755645752,0.9848504006862641,1
b3724,b3723,0,0.4724392890930176,0.17370915412902832,0.23565298318862915,0.2875393033027649,0.25009191036224365,0.20392251014709473,0.2765803635120392,0.30356884002685547,0.30605512857437134,0.17279411852359772,0.2682353600859642,0
b3723,b3722,1,0.727553129196167,0.31020301580429077,0.29226231575012207,0.6664532423019409,0.5465366244316101,0.5352023243904114,0.5052417516708374,0.6295533180236816,0.5764645934104919,0.7667321562767029,0.5556202471256256,1
b3722,b3721,1,0.9950147867202759,0.9811713695526123,0.9815361499786377,0.9597053527832031,0.9283803105354309,0.9683907628059387,0.985916793346405,0.9847237467765808,0.9798101782798767,0.9529634118080139,0.9717612862586975,1
b3721,b3720,0,0.9835240244865417,0.9747962355613708,0.9754406213760376,0.9643231630325317,0.9182326197624207,0.9426809549331665,0.9953246712684631,0.8916754722595215,0.9729886054992676,0.9419626593589783,0.9560949027538299,1
b3720,b3719,1,0.9903115630149841,0.9798864126205444,0.9738825559616089,0.9561260342597961,0.8857252597808838,0.9533308148384094,0.9913492798805237,0.9686749577522278,0.9606127142906189,0.9138566851615906,0.9573756277561187,1
b3719,b3718,1,0.9714999198913574,0.970841646194458,0.722606897354126,0.9349191188812256,0.9029836058616638,0.953346312046051,0.9581327438354492,0.9419798851013184,0.9464623332023621,0.9560672044754028,0.9258839666843415,1
b3718,b3714,0,0.0003070792299695313,0.0009452280937694013,0.00012645710376091301,0.0036103876773267984,0.006885248236358166,0.009980046190321445,3.912281681550667e-05,0.0006764427525922656,0.002300732070580125,0.0035079943481832743,0.0028378738519677428,0
b3714,b3702,0,1.8675505998544395e-05,4.8184730985667557e-05,0.00018661751528270543,0.00010678944818209857,0.0008575303945690393,0.0006919378065504134,1.0101782663696213e-06,4.129139051656239e-05,0.0002407638094155118,0.0002315004967385903,0.00024243012765055028,0
b3702,b3701,1,0.9938695430755615,0.9845778346061707,0.9810055494308472,0.9803256392478943,0.9623523354530334,0.9806013107299805,0.9938398003578186,0.9797295331954956,0.9869976043701172,0.9770994186401367,0.9820398569107056,1
b3701,b3700,1,0.9976661801338196,0.9950911998748779,0.9967578649520874,0.9779835343360901,0.9891444444656372,0.987645149230957,0.9973971247673035,0.9841527342796326,0.9986443519592285,0.9956057667732239,0.9920088350772858,1
b3700,b3699,0,0.9389708638191223,0.866995632648468,0.5959762930870056,0.8736323118209839,0.8623555898666382,0.9020613431930542,0.7392652034759521,0.9228340983390808,0.8420224189758301,0.9414194822311401,0.8485533237457276,1
b3699,b3698,0,0.6092937588691711,0.5946080088615417,0.8834506273269653,0.5836175084114075,0.5073891878128052,0.49567562341690063,0.22110635042190552,0.5451376438140869,0.6431199312210083,0.6031486988067627,0.5686547338962555,1
b3698,b3697,1,0.27321192622184753,0.09490253031253815,0.011560683138668537,0.16498161852359772,0.3441847860813141,0.20449815690517426,0.052140478044748306,0.15304596722126007,0.20614659786224365,0.2838977873325348,0.1788570531643927,0
b3697,b4479,0,0.0965052992105484,0.06270948052406311,0.020650207996368408,0.10653027147054672,0.08046989887952805,0.08464177697896957,0.04007464274764061,0.132720485329628,0.07010392844676971,0.03958608955144882,0.07339920811355113,0
b4479,b3693,1,0.9975234866142273,0.9963390827178955,0.9963834881782532,0.9803112745285034,0.9881095886230469,0.9872464537620544,0.9977719783782959,0.9877201914787292,0.9985213875770569,0.995331346988678,0.992525827884674,1
b3693,b4477,1,0.9976726770401001,0.99602872133255,0.996635913848877,0.9756941199302673,0.9898173213005066,0.989858865737915,0.9961786270141602,0.9859356880187988,0.9989073276519775,0.9963393211364746,0.9923068583011627,1
b4477,b4478,1,0.9978012442588806,0.9969204068183899,0.996997594833374,0.9811622500419617,0.9863044619560242,0.987197756767273,0.9985513687133789,0.9883154034614563,0.998430609703064,0.9947838187217712,0.9926464915275574,1
b4478,b3691,1,0.9621503353118896,0.8720701336860657,0.9124535322189331,0.8784844279289246,0.7305993437767029,0.8508722186088562,0.7341037392616272,0.8755009770393372,0.8944578766822815,0.8521010875701904,0.8562793672084809,1
b3691,b3689,0,0.0025573959574103355,0.003156718099489808,0.0018188667017966509,0.012230170890688896,0.023916129022836685,0.02211787737905979,0.0002959898265544325,0.005126938223838806,0.011202989146113396,0.01874278299510479,0.01011658582428936,0
b3689,b3687,0,0.00803311262279749,0.04667925462126732,0.008005356416106224,0.0591050423681736,0.08420178294181824,0.05782521143555641,0.0378185473382473,0.0475161150097847,0.07074983417987823,0.025614118203520775,0.04455483751371503,0
b3687,b3686,1,0.6529686450958252,0.2981305420398712,0.38211703300476074,0.48942410945892334,0.5246089100837708,0.42758995294570923,0.28271734714508057,0.3053109347820282,0.5868011116981506,0.5627343058586121,0.4512402892112732,0
b3686,b3685,0,0.2858656346797943,0.16260956227779388,0.04992467537522316,0.34715548157691956,0.3750762343406677,0.49047595262527466,0.10127295553684235,0.41571110486984253,0.28910699486732483,0.47556912899017334,0.29927677251398566,0
b3685,b3679,0,0.00729274982586503,0.0020431382581591606,0.019808854907751083,0.006847715936601162,0.017089219763875008,0.009365136735141277,0.0008259593159891665,0.005628436338156462,0.009167401120066643,0.004783562384545803,0.00828521745861508,0
b3679,b3678,1,0.9980453252792358,0.9970728158950806,0.9974631071090698,0.9770668148994446,0.9891483783721924,0.9900686144828796,0.9975656270980835,0.9877152442932129,0.9988625645637512,0.995776355266571,0.9928784847259522,1
b3678,b3676,0,0.09676343202590942,0.323423832654953,0.024775493890047073,0.3709234595298767,0.267479807138443,0.37240806221961975,0.18153439462184906,0.12928791344165802,0.2554192543029785,0.2774193286895752,0.22994349785149099,0
b3676,b3675,1,0.9973556995391846,0.9973580837249756,0.9971932768821716,0.9830536246299744,0.9894811511039734,0.9900320172309875,0.9980409145355225,0.9901339411735535,0.998754620552063,0.9954900145530701,0.9936893343925476,1
b3675,b3674,1,0.9967225790023804,0.9965509176254272,0.9967427253723145,0.9815155267715454,0.987249493598938,0.9881187677383423,0.9981042146682739,0.9883052706718445,0.9984542727470398,0.9951319694519043,0.992689573764801,1
b3672,b3671,1,0.9452319145202637,0.9258067607879639,0.8579670786857605,0.9329833388328552,0.8808459043502808,0.9146491885185242,0.9634864926338196,0.9008994698524475,0.9528948664665222,0.9271594285964966,0.9201924443244934,1
b3671,b3670,1,0.9932498931884766,0.9882476329803467,0.9759389162063599,0.9539020657539368,0.9442510604858398,0.957322359085083,0.9697626233100891,0.96366286277771,0.9730296730995178,0.9705458879470825,0.9689912974834443,1
b3670,b3669,1,0.3815326690673828,0.3479114770889282,0.049732502549886703,0.3221520781517029,0.4217178523540497,0.3258954584598541,0.10939139127731323,0.2228972166776657,0.44966474175453186,0.5900721549987793,0.32209675423800943,0
b3669,b3668,1,0.9975572824478149,0.9947188496589661,0.9955726265907288,0.9801713824272156,0.9846330881118774,0.9835165143013,0.9985663890838623,0.9857215285301208,0.9979959726333618,0.9944139122962952,0.9912867546081543,1
b3668,b3667,1,0.9974701404571533,0.9911551475524902,0.9954607486724854,0.9882490634918213,0.972486138343811,0.9732467532157898,0.995740532875061,0.9850499033927917,0.992279052734375,0.9821525812149048,0.9873290061950684,1
b3667,b3666,0,0.9060215353965759,0.7663457989692688,0.8595593571662903,0.7973284721374512,0.5713440179824829,0.5995723605155945,0.9836629629135132,0.6003722548484802,0.7553666830062866,0.5721693634986877,0.7411742806434631,1
b3666,b3664,0,0.013571523129940033,0.024555686861276627,0.0023486765567213297,0.0326114147901535,0.0139554338529706,0.10990379005670547,0.02352658100426197,0.015645844861865044,0.02492637000977993,0.007369697093963623,0.026841501821763813,0
b3664,b3663,1,0.8055313229560852,0.5688005685806274,0.4884156286716461,0.6856075525283813,0.5735153555870056,0.6610007286071777,0.7378627061843872,0.5615266561508179,0.6467047929763794,0.6617985367774963,0.6390763849020005,1
b3663,b3662,0,0.9134747982025146,0.6639415621757507,0.4725680351257324,0.8194236159324646,0.6102250814437866,0.5796501636505127,0.4126576781272888,0.7426310777664185,0.7455834150314331,0.6266902685165405,0.6586845695972443,1
b3662,b3661,0,0.12312028557062149,0.026009002700448036,0.002548513701185584,0.052368175238370895,0.09107384085655212,0.14704041182994843,0.005782014224678278,0.016813520342111588,0.14550624787807465,0.05012884736061096,0.0660390859702602,0
b3661,b3657,0,0.0004372843832243234,0.0008803779492154717,0.0023980331607162952,0.0019505844684317708,0.004201238509267569,0.007904254831373692,0.00042889153701253235,0.0018491230439394712,0.0027946224436163902,0.001972442725673318,0.0024816853052470832,0
b3657,b3656,1,0.9917877316474915,0.9798649549484253,0.9655502438545227,0.9650028944015503,0.9287679195404053,0.9638960361480713,0.9918056726455688,0.9633439779281616,0.9748925566673279,0.9686877727508545,0.9693599760532379,1
b3656,b3653,0,0.001963136252015829,0.0006213288870640099,0.0005472776829265058,0.004555953666567802,0.010607670992612839,0.006886588875204325,0.0025491341948509216,0.0023285241331905127,0.00504906103014946,0.0024503411259502172,0.0037559016840532423,0
b3653,b3647,0,2.6848279958358034e-05,7.717156404396519e-05,2.6035821065306664e-05,0.00026377569884061813,0.0010794114787131548,0.0011277823941782117,1.833682290452998e-05,0.00014248267689254135,0.0007215985096991062,0.00030747801065444946,0.00037909212569502414,0
b3647,b3643,0,0.0005011281464248896,0.00040458058356307447,0.0002139866992365569,0.002069030189886689,0.00443772878497839,0.002256570616737008,0.00014833014574833214,0.00030174481798894703,0.0022758913692086935,0.0006569974357262254,0.0013265988789498806,0
b3643,b3642,1,0.725400984287262,0.6345785856246948,0.1027987077832222,0.5925384759902954,0.6203203201293945,0.4932749569416046,0.4249962866306305,0.5941748023033142,0.7198312282562256,0.6594346165657043,0.5567348964512349,1
b3642,b3638,0,0.0005373004241846502,0.0010688351467251778,0.00012477944255806506,0.0012208075495436788,0.0015990447718650103,0.0034563946537673473,0.0009585460647940636,0.0013131240848451853,0.0010858047753572464,0.0005794747266918421,0.0011944111640332267,0
b3638,b3637,1,0.5007715821266174,0.4635046422481537,0.32233864068984985,0.5640295147895813,0.3219466209411621,0.6006393432617188,0.48252904415130615,0.32376232743263245,0.5149267315864563,0.5458364486694336,0.4640284895896912,0
b3637,b3636,1,0.9947701692581177,0.9806761741638184,0.9856256246566772,0.9852452278137207,0.9775139093399048,0.98652184009552,0.9945255517959595,0.9849428534507751,0.9956004023551941,0.9896451234817505,0.9875066876411438,1
b3636,b3635,1,0.4061814844608307,0.4527878165245056,0.6703309416770935,0.4212644696235657,0.2767089903354645,0.2139570415019989,0.30237382650375366,0.4892716407775879,0.5304799675941467,0.36133086681365967,0.41246870458126067,0
b3635,b3632,0,0.0020208375062793493,0.004430020228028297,0.00036466430174186826,0.0024741515517234802,0.004638419486582279,0.006341492757201195,0.001947779324837029,0.001449304516427219,0.00761441932991147,0.0013231770135462284,0.0032604266016278416,0
b3632,b3631,1,0.9972477555274963,0.9972327947616577,0.9972634315490723,0.9816979765892029,0.9891087412834167,0.9899893999099731,0.9980857968330383,0.989342987537384,0.9987561702728271,0.9954819679260254,0.9934207022190094,1
b3631,b3630,1,0.9972465634346008,0.9966580271720886,0.9975362420082092,0.9792172908782959,0.9903542995452881,0.9906588792800903,0.9967268109321594,0.9869540333747864,0.9989649653434753,0.9962416887283325,0.9930558800697327,1
b3630,b3629,1,0.9649368524551392,0.9591220021247864,0.9327334761619568,0.9420924186706543,0.8522704839706421,0.9491398930549622,0.9876019358634949,0.9065253734588623,0.9533527493476868,0.9542179703712463,0.9401993155479431,1
b3629,b3628,1,0.9957243800163269,0.9911513924598694,0.9722824096679688,0.9845628142356873,0.9484806656837463,0.9859393239021301,0.9950933456420898,0.9730549454689026,0.9904326796531677,0.9813424944877625,0.9818064451217652,1
b3628,b3627,1,0.9970617294311523,0.9976442456245422,0.9979093670845032,0.984017550945282,0.9896301627159119,0.9906580448150635,0.99779212474823,0.9905281066894531,0.9988530278205872,0.9956821203231812,0.9939776480197906,1
b3627,b3626,1,0.994633674621582,0.9880368113517761,0.9715543389320374,0.9835636615753174,0.9599286317825317,0.9833118319511414,0.9945087432861328,0.9819210171699524,0.9917377829551697,0.9784612655639648,0.9827657759189605,1
b3626,b3625,1,0.9980152249336243,0.9916624426841736,0.9848015308380127,0.9791609644889832,0.9635345339775085,0.986780047416687,0.9965790510177612,0.9828324913978577,0.9929934740066528,0.9829563498497009,0.9859316110610962,1
b3625,b3624,1,0.9879815578460693,0.978301465511322,0.9217808246612549,0.9785289764404297,0.9392372369766235,0.9698343873023987,0.9945374131202698,0.9751560091972351,0.9892192482948303,0.9708865284919739,0.9705463647842407,1
b3624,b3623,1,0.9976738691329956,0.991178572177887,0.9953601360321045,0.9836651086807251,0.9580296874046326,0.9918471574783325,0.9970967769622803,0.983315646648407,0.9917787313461304,0.9866141080856323,0.9876559793949127,1
b3623,b3618,0,1.574383713887073e-05,4.553492181003094e-05,1.1518595783854835e-05,0.0001637864188523963,0.0007871449342928827,0.00056724704336375,8.026165232877247e-06,7.670698687434196e-05,0.0003642954397946596,8.097844693111256e-05,0.00021209827900747769,0
b3618,b3617,0,0.04546340927481651,0.052343495190143585,0.012206880375742912,0.15270517766475677,0.25925907492637634,0.23284651339054108,0.044594258069992065,0.1512196958065033,0.14211249351501465,0.21135349571704865,0.1304104493930936,0
b3617,b3616,1,0.9975545406341553,0.9954430460929871,0.9958584904670715,0.9876477122306824,0.980857253074646,0.9935275912284851,0.997819185256958,0.9885169863700867,0.9974206686019897,0.992055356502533,0.9926700830459595,1
b3616,b3615,0,0.713487982749939,0.545069694519043,0.4276614487171173,0.586100697517395,0.5269871950149536,0.47744572162628174,0.726006031036377,0.6758249998092651,0.6358579397201538,0.4794544279575348,0.579389613866806,1
b3615,b3611,0,2.3642385713174008e-05,9.184933878714219e-05,4.4192856876179576e-05,0.0004257987020537257,0.0011239905143156648,0.0014438616344705224,3.709939119289629e-05,0.00011743209324777126,0.00042418669909238815,0.0003971117839682847,0.0004129165399717749,0
b3611,b3610,0,0.5728786587715149,0.8088922500610352,0.6697226762771606,0.7392257452011108,0.4755288362503052,0.8537697196006775,0.8504324555397034,0.7700421214103699,0.6406410336494446,0.6353093981742859,0.7016442894935608,1
b3610,b3609,1,0.9271671772003174,0.9039638638496399,0.7972234487533569,0.8994395136833191,0.8423156142234802,0.9582456350326538,0.906766414642334,0.8792077302932739,0.8989560008049011,0.9237984418869019,0.8937083840370178,1
b3609,b3608,1,0.994797945022583,0.9930503964424133,0.9861634373664856,0.9861225485801697,0.9847587943077087,0.9797021150588989,0.9977096915245056,0.9825555682182312,0.9971303939819336,0.9923539161682129,0.9894344806671143,1
b3608,b3607,0,0.9897890090942383,0.9796079397201538,0.9060638546943665,0.9702772498130798,0.9361934065818787,0.9485469460487366,0.9771493077278137,0.9514305591583252,0.9724602699279785,0.9655173420906067,0.9597035884857178,1
b3607,b4554,0,9.025745384860784e-06,7.266934699146077e-05,2.9389488190645352e-05,0.00021263619419187307,0.0004952065646648407,0.0004536592459771782,2.757033598754788e-06,0.00011310034460620955,0.00019396298739593476,6.087541623855941e-05,0.00016432823672403175,0
b4554,b3598,0,2.4608492822153494e-05,6.646574911428615e-05,2.8713604478980415e-05,0.00013959509669803083,0.00027665120433084667,0.0006865066825412214,3.0166433134581894e-05,6.956965080462396e-05,0.000623664353042841,4.012000499642454e-05,0.00019860612719639902,0
b3598,b3597,1,0.9956181049346924,0.9902240037918091,0.9899747967720032,0.9885013103485107,0.9616186618804932,0.9858049750328064,0.9974021911621094,0.9809886813163757,0.9876711368560791,0.9830429553985596,0.9860846817493438,1
b3597,b3592,0,2.29994002438616e-05,8.513450302416459e-05,0.00034921435872092843,0.000323943531839177,0.0012984871864318848,0.000530158868059516,2.97049768960278e-06,7.535290205851197e-05,0.00025205546990036964,0.0006609783158637583,0.00036012950338317753,0
b3592,b3591,0,0.6726008653640747,0.4974442720413208,0.23715801537036896,0.6153663992881775,0.7362458109855652,0.4808810353279114,0.34548255801200867,0.34647756814956665,0.6099572777748108,0.7923856973648071,0.5333999499678612,1
b3591,b3590,1,0.9970823526382446,0.9969388246536255,0.9970721006393433,0.9817907214164734,0.9871810674667358,0.988258957862854,0.9981332421302795,0.9881027340888977,0.9984535574913025,0.9947628378868103,0.9927776396274567,1
b3590,b3589,0,0.7350479364395142,0.720411479473114,0.7537919282913208,0.5903719663619995,0.5730289816856384,0.614773690700531,0.5778295397758484,0.694604754447937,0.7133157253265381,0.7037281394004822,0.6676904141902924,1
b3589,b3588,0,0.3925170302391052,0.36699506640434265,0.05767229199409485,0.563536524772644,0.41292187571525574,0.44347724318504333,0.25663650035858154,0.5722411274909973,0.4468804597854614,0.5947664380073547,0.4107644557952881,0
b3588,b3587,0,0.21462498605251312,0.07909434288740158,0.08551029115915298,0.1258031278848648,0.12121958285570145,0.22070463001728058,0.03461833670735359,0.18741779029369354,0.14129064977169037,0.09235519915819168,0.13026389367878438,0
b3587,b3586,1,0.981208860874176,0.9655482172966003,0.9315563440322876,0.9539710879325867,0.9183601140975952,0.9588719010353088,0.985573947429657,0.9235960245132446,0.9493605494499207,0.9556211829185486,0.9523668229579926,1
b3586,b3584,0,0.0011527000460773706,0.012637343257665634,0.004664225969463587,0.009950699284672737,0.01312673557549715,0.014881906099617481,0.0011791992001235485,0.004758852533996105,0.013216054067015648,0.0031705000437796116,0.007873821607790887,0
b3584,b3574,0,1.140963922807714e-05,9.409653284819797e-05,0.0012129413662478328,0.0001480238133808598,0.0012625494273379445,0.0006032383535057306,2.609662487884634e-06,3.947381628677249e-05,0.00022097538749221712,0.0005836082273162901,0.00041789262261318074,0
b3574,b3573,1,0.03175904601812363,0.1871178299188614,0.03476446866989136,0.29592546820640564,0.3201218247413635,0.14356905221939087,0.1700412780046463,0.06856419891119003,0.21295298635959625,0.26117855310440063,0.17259947061538697,0
b3573,b3570,0,0.000988805084489286,0.0004091629816684872,0.0029499498195946217,0.0013891735579818487,0.002440533833578229,0.0038522370159626007,0.0013078170595690608,0.002217493951320648,0.0022651883773505688,0.0005821766098961234,0.0018402538291411475,0
b3570,b3565,0,0.0005982349975965917,0.0005241240141913295,0.0020521043334156275,0.0015731346793472767,0.006222032941877842,0.00372823653742671,8.956447709351778e-05,0.0011703913332894444,0.0026737574953585863,0.0022118252236396074,0.0020843406033236533,0
b3565,b3564,1,0.9908890724182129,0.9781823754310608,0.9378465414047241,0.9865267276763916,0.9634434580802917,0.9672129154205322,0.992241621017456,0.9728448390960693,0.9900773167610168,0.9748343229293823,0.9754099190235138,1
b3564,b3563,0,0.535333514213562,0.44091883301734924,0.2405925691127777,0.4734285771846771,0.3735398054122925,0.37923821806907654,0.3061539828777313,0.4579102694988251,0.5286910533905029,0.494773268699646,0.423058009147644,0
b3563,b3562,1,0.9746273159980774,0.9802262187004089,0.9109951853752136,0.9661802053451538,0.8908184170722961,0.9695773124694824,0.9899172782897949,0.9559142589569092,0.9775084257125854,0.9667468667030334,0.9582511484622955,1
b3562,b4553,0,0.0009468974894843996,0.0027023106813430786,0.0011732828570529819,0.003912418149411678,0.0029540860559791327,0.013310284353792667,0.001597764901816845,0.004542906302958727,0.003460960928350687,0.0014489511959254742,0.003604986291611567,0
b4553,b3560,0,0.5725057125091553,0.5136294364929199,0.10740762203931808,0.6363829374313354,0.5815483927726746,0.7523688673973083,0.4005346894264221,0.632597029209137,0.5363950133323669,0.7523007988929749,0.5485670499503612,1
b4455,b3554,0,0.0002363477979088202,0.00023703202896285802,0.0004538062494248152,0.0005353673477657139,0.0022854425478726625,0.0015107480576261878,2.332409167138394e-05,0.00034946086816489697,0.0008527697063982487,0.0014937673695385456,0.0007978066065334133,0
b3554,b3551,0,0.014644636772572994,0.006147334817796946,0.023051712661981583,0.016418226063251495,0.024299101904034615,0.018102966248989105,0.0031260312534868717,0.016575876623392105,0.03323228657245636,0.005480340216308832,0.01610785131342709,0
b3551,b3548,0,0.07647709548473358,0.2594277262687683,0.01160146202892065,0.23307190835475922,0.112364761531353,0.15948951244354248,0.07255472242832184,0.1252850890159607,0.13113443553447723,0.0821581557393074,0.12635648688301443,0
b3548,b3547,0,0.45278167724609375,0.3799764811992645,0.45743322372436523,0.3777278959751129,0.36373260617256165,0.2984180152416229,0.12965606153011322,0.39018553495407104,0.5984932780265808,0.4481797218322754,0.3896584495902061,0
b3547,b3546,0,0.28663238883018494,0.4980265498161316,0.08320131152868271,0.5019821524620056,0.41661685705184937,0.5892891883850098,0.13754960894584656,0.4692998230457306,0.3913549780845642,0.5512980818748474,0.39252509400248525,0
b3544,b3543,1,0.7220028042793274,0.668239176273346,0.5581313371658325,0.6618369817733765,0.46006596088409424,0.5047332048416138,0.4909592568874359,0.7148095965385437,0.7026145458221436,0.543698251247406,0.6027091115713119,1
b3543,b3542,1,0.8954236507415771,0.9682522416114807,0.8499857783317566,0.884681224822998,0.8619588017463684,0.9529983997344971,0.8756958842277527,0.9263449907302856,0.9411764144897461,0.9239602088928223,0.9080477595329285,1
b3542,b3541,1,0.991046667098999,0.9923751950263977,0.9821186661720276,0.9822400808334351,0.9660465717315674,0.9874868988990784,0.9964474439620972,0.9783843755722046,0.9942273497581482,0.9852820038795471,0.9855655252933502,1
b3541,b3540,1,0.9975718259811401,0.9974960684776306,0.9976186752319336,0.9805908799171448,0.989246129989624,0.9900770783424377,0.997947633266449,0.9894174337387085,0.9988113641738892,0.9956963658332825,0.993447345495224,1
b3540,b4453,0,0.000716207199729979,0.0016041029011830688,0.00047389816609211266,0.003325712401419878,0.0027442898135632277,0.0033312183804810047,0.0039017365779727697,0.0023695591371506453,0.0029562802519649267,0.0006517509464174509,0.0022074755775975063,0
b4453,b3535,0,8.426414751738776e-06,8.914244244806468e-05,2.402154223091202e-06,7.497952901758254e-05,0.0001987776777241379,0.0004322839668020606,1.3839919120073318e-05,8.134103700285777e-05,0.00018910141079686582,2.697326272027567e-05,0.00011172678146067482,0
b3535,b3533,1,0.04216821491718292,0.10673178732395172,0.21920838952064514,0.10219905525445938,0.0762164294719696,0.07410366088151932,0.01981181651353836,0.07218039780855179,0.10439623892307281,0.054503586143255234,0.08715195767581463,0
b3533,b3532,1,0.9965314269065857,0.9892451763153076,0.983414351940155,0.9810106754302979,0.9480129480361938,0.9874718189239502,0.9921804070472717,0.9878091216087341,0.9872987866401672,0.9714098572731018,0.9824384570121765,1
b3532,b3531,1,0.9926659464836121,0.9890215992927551,0.9671955108642578,0.978032648563385,0.961723804473877,0.9827600717544556,0.9946631193161011,0.9760667681694031,0.9883516430854797,0.980963408946991,0.9811444520950318,1
b3529,b3528,0,0.4207392632961273,0.3790408968925476,0.02091507986187935,0.5513560175895691,0.6713719964027405,0.6168200969696045,0.22750242054462433,0.397830605506897,0.4765926003456116,0.6614844799041748,0.4423653457313776,0
b3528,b3527,0,0.9708455801010132,0.93362957239151,0.9373282194137573,0.9098830223083496,0.7751126885414124,0.9093366861343384,0.9549520611763,0.8886533975601196,0.907724142074585,0.8384199142456055,0.902588528394699,1
b3527,b3525,0,0.0058753229677677155,0.01655089296400547,0.0019957313779741526,0.026875320822000504,0.02895372547209263,0.03378017991781235,0.0061862170696258545,0.00824685487896204,0.041783880442380905,0.006516615394502878,0.01767647413071245,0
b3525,b3524,0,0.7178294062614441,0.5714037418365479,0.26464566588401794,0.6496601104736328,0.6473917961120605,0.6503297686576843,0.6974188089370728,0.5316998958587646,0.5643988847732544,0.7168868184089661,0.6011664897203446,1
b3524,b3520,0,0.00046347753959707916,0.0006961311446502805,9.025947656482458e-05,0.0010797180002555251,0.0016177711077034473,0.001958790933713317,0.0002738902985583991,0.0008223115582950413,0.0008938731043599546,0.0003612596192397177,0.0008257482782937587,0
b3520,b3518,0,0.0028199045918881893,0.000831856275908649,0.0017322145868092775,0.003655726555734873,0.0060513499192893505,0.007488161325454712,0.0027413812931627035,0.0020279306918382645,0.002776873530820012,0.0015593197895213962,0.0031684718560427427,0
b3518,b3517,0,0.755497932434082,0.609780490398407,0.9030425548553467,0.8035264015197754,0.7276095747947693,0.759602427482605,0.5865041613578796,0.5729848146438599,0.8280333876609802,0.7085567712783813,0.7255138516426086,1
b3517,b3516,1,0.01158829778432846,0.025791356340050697,0.013047111220657825,0.06903937458992004,0.11505265533924103,0.07461991906166077,0.012478606775403023,0.05240606144070625,0.06842664629220963,0.08189985156059265,0.05243498804047704,0
b3516,b3515,0,0.4878673851490021,0.14350025355815887,0.10180755704641342,0.38636189699172974,0.25240737199783325,0.36700788140296936,0.037556976079940796,0.31427913904190063,0.28763434290885925,0.24024608731269836,0.26186688914895057,0
b3510,b3509,1,0.7668648958206177,0.7068234086036682,0.7862152457237244,0.8745421171188354,0.7041886448860168,0.7433449625968933,0.7225918769836426,0.6937968134880066,0.7429303526878357,0.7993366122245789,0.7540634930133819,1
b3509,b3508,1,0.8539859056472778,0.864614725112915,0.6475738286972046,0.8598251342773438,0.6564403772354126,0.6163485646247864,0.8894261121749878,0.8252822756767273,0.8731364607810974,0.7597687244415283,0.7846402108669281,1
b3508,b3505,0,0.0005973205552436411,0.0024242359213531017,0.004447788465768099,0.004170202650129795,0.007358426693826914,0.010189683176577091,0.0005094812950119376,0.0025363510940223932,0.002231281716376543,0.004580062348395586,0.00390448339167051,0
b3505,b4613,0,0.0020120886620134115,0.0013681560521945357,0.029293561354279518,0.002549638506025076,0.010183741338551044,0.007343281991779804,0.00045119685819372535,0.0023858288768678904,0.0024275914765894413,0.006692896131426096,0.006470798124792054,0
b4613,b3498,0,0.00013695341476704925,0.0001946391857927665,0.00019587913993746042,0.0006590408738702536,0.0034466590732336044,0.007884465157985687,0.003355226246640086,0.0004400041652843356,0.0029688836075365543,0.0003536701842676848,0.0019635421049315482,0
b3498,b3497,1,0.999123215675354,0.9929124712944031,0.9966564774513245,0.9885409474372864,0.980194628238678,0.9953239560127258,0.9914178252220154,0.9961851239204407,0.9966930747032166,0.9932761788368225,0.9930323898792267,1
b3497,b3494,0,1.4883250514685642e-05,9.674383181845769e-05,7.895615271991119e-05,0.00025016028666868806,0.0012326632859185338,0.0011747394455596805,3.5713355828193016e-06,3.8488647987833247e-05,0.00025679185637272894,0.0005108395125716925,0.0003657837605715031,0
b3494,b3492,0,0.0002758739283308387,0.001061292365193367,0.004220087546855211,0.001101973233744502,0.0025398859288543463,0.002838830230757594,0.004177392460405827,0.0005226837238296866,0.003349337261170149,0.0004117585485801101,0.002049911522772163,0
b3492,b3488,0,0.0009471799712628126,0.001014925423078239,0.008467217907309532,0.0018952218815684319,0.005428977310657501,0.007453986909240484,5.400289228418842e-05,0.001490242313593626,0.0031765440944582224,0.001906011370010674,0.0031834310073463714,0
b3488,b3487,0,0.3997229337692261,0.5258636474609375,0.020469611510634422,0.6652932167053223,0.6265575885772705,0.660653293132782,0.3167734742164612,0.46844902634620667,0.4839613139629364,0.7017343044281006,0.48694784101098776,0
b3487,b3486,1,0.9968297481536865,0.9968778491020203,0.9965717196464539,0.9843850135803223,0.9842484593391418,0.9863805770874023,0.9989004135131836,0.9895598292350769,0.9980706572532654,0.9939493536949158,0.9925773620605469,1
b3486,b3485,1,0.9967398047447205,0.9955326318740845,0.9971513152122498,0.9745044708251953,0.9909158945083618,0.9914153814315796,0.9949327111244202,0.9834969639778137,0.9990754723548889,0.9967339634895325,0.9920498609542847,1
b3485,b3473,0,1.8343765987083316e-05,4.786980935023166e-05,3.123468786725425e-06,0.00010504302190383896,0.0003380142734386027,0.00043772769276984036,3.658199830169906e-06,7.727886259090155e-05,0.0001837440941017121,0.00010207787272520363,0.00013168810614843095,0
b3473,b3470,0,0.00071981071960181,0.000494570005685091,0.001962269190698862,0.001188473659567535,0.0037972433492541313,0.0026497328653931618,5.8880785218207166e-05,0.00017732141714077443,0.001501107937656343,0.0018742139218375087,0.0014423623852053424,0
b3470,b3467,0,5.589654028881341e-05,0.00011104064469691366,1.3652887901116628e-05,0.00017203828610945493,0.00043527691741473973,0.0006379501428455114,7.949015525809955e-06,6.243975803954527e-05,0.0006925090565346181,4.901827560388483e-05,0.0002237771524960408,0
b3461,b3460,0,0.92317134141922,0.3871093988418579,0.3755994737148285,0.6400162577629089,0.5394414663314819,0.7105163335800171,0.6861680150032043,0.4077950119972229,0.7210665941238403,0.42401430010795593,0.5814898192882538,1
b3460,b3458,0,0.008492515422403812,0.003840306308120489,0.004516481421887875,0.010459054261446,0.01399522740393877,0.02993815392255783,0.01315987017005682,0.005282120779156685,0.013495114631950855,0.0038960380479693413,0.010707488236948847,0
b3458,b3457,1,0.984143078327179,0.9751845002174377,0.9738816618919373,0.9653767943382263,0.8742796778678894,0.9653420448303223,0.993543267250061,0.9427986145019531,0.966871440410614,0.9575000405311584,0.9598921120166779,1
b3457,b3456,1,0.9973236322402954,0.9973709583282471,0.9973263740539551,0.9828574061393738,0.9885701537132263,0.9896262884140015,0.9984039068222046,0.9904459118843079,0.9987632036209106,0.9954680800437927,0.9936155915260315,1
b3456,b3455,1,0.9974521398544312,0.9974746108055115,0.997749388217926,0.9809011220932007,0.9906706809997559,0.991895318031311,0.9966299533843994,0.9891851544380188,0.9990736842155457,0.9963017702102661,0.9937333822250366,1
b3455,b3454,1,0.9900560975074768,0.9929760694503784,0.9847239255905151,0.9880488514900208,0.9674007892608643,0.9851754903793335,0.9968460202217102,0.9765129089355469,0.9927638173103333,0.9854811429977417,0.9859985113143921,1
b3454,b3453,0,0.03856472298502922,0.07719581574201584,0.003909753635525703,0.1271209418773651,0.1420009881258011,0.16016551852226257,0.0042555443942546844,0.050639085471630096,0.11545172333717346,0.15229350328445435,0.08715975973755122,0
b3453,b3452,1,0.850657045841217,0.8141977190971375,0.6944438219070435,0.8823927640914917,0.717734158039093,0.667202353477478,0.84859299659729,0.6239550113677979,0.7394734621047974,0.8091903328895569,0.7647839665412903,1
b3452,b3451,1,0.9976264238357544,0.9968715906143188,0.997258722782135,0.9797319173812866,0.9891727566719055,0.9896012544631958,0.9974222183227539,0.9887596964836121,0.9988314509391785,0.9957770705223083,0.9931053102016449,1
b3451,b3450,1,0.9636265635490417,0.9119700193405151,0.9428533315658569,0.869206964969635,0.7927966713905334,0.8769909143447876,0.890046238899231,0.9115707874298096,0.9000949859619141,0.9281014800071716,0.8987257957458497,1
b3450,b3449,1,0.9979999661445618,0.9953409433364868,0.9975018501281738,0.9759312868118286,0.9899023175239563,0.9904797077178955,0.997225284576416,0.9862001538276672,0.9989103078842163,0.9961150884628296,0.9925606906414032,1
b3449,b3447,0,0.010015574283897877,0.06204284727573395,0.006174932699650526,0.05155295133590698,0.12185997515916824,0.1235094666481018,0.1076449304819107,0.0888110101222992,0.08123768866062164,0.031170306727290154,0.06840196833945811,0
b3440,b3439,1,0.39886364340782166,0.327950656414032,0.31223300099372864,0.5063692927360535,0.5873180627822876,0.43467774987220764,0.2884209156036377,0.3730185329914093,0.6731209754943848,0.559604823589325,0.4461577653884888,0
b3439,b3438,0,0.21062985062599182,0.07095088809728622,0.011833136901259422,0.08646335452795029,0.24713563919067383,0.23078598082065582,0.03140662983059883,0.0592331700026989,0.28575605154037476,0.13187550008296967,0.13660702016204596,0
b3438,b3437,1,0.5112636685371399,0.3514655530452728,0.24898377060890198,0.4556209146976471,0.48315736651420593,0.45708516240119934,0.20401883125305176,0.4168315529823303,0.4499461054801941,0.37525975704193115,0.39536326825618745,0
b3437,b4476,1,0.9976224899291992,0.9886784553527832,0.9735295176506042,0.9885047078132629,0.9630744457244873,0.9887136220932007,0.9976987242698669,0.9902095794677734,0.9927921891212463,0.9790600538253784,0.9859883785247803,1
b4476,b3433,0,0.022378230467438698,0.02579926699399948,0.0011922233970835805,0.06443361192941666,0.056715477257966995,0.13480496406555176,0.002678008982911706,0.030880769714713097,0.04503714665770531,0.06722930073738098,0.04511490002041683,0
b3433,b3432,0,0.9675256013870239,0.8804037570953369,0.7796308398246765,0.9443967342376709,0.8292306065559387,0.9284883737564087,0.8573475480079651,0.9136646389961243,0.9210989475250244,0.9031875729560852,0.8924974620342254,1
b3432,b3431,1,0.9962689876556396,0.9943353533744812,0.9954214692115784,0.9766420722007751,0.9860056638717651,0.9868455529212952,0.9971011877059937,0.9805103540420532,0.998042106628418,0.9944039583206177,0.9905576705932617,1
b3431,b3430,1,0.9943459033966064,0.9886617064476013,0.9537392854690552,0.9755989909172058,0.934719443321228,0.9792302250862122,0.9866595268249512,0.987699031829834,0.9896961450576782,0.9682409167289734,0.9758591175079345,1
b3430,b3429,1,0.9969232678413391,0.995198667049408,0.9967314600944519,0.9810932278633118,0.9876112341880798,0.9876483082771301,0.9975550174713135,0.9871662259101868,0.9983316659927368,0.994837760925293,0.9923096835613251,1
b3429,b3428,1,0.9919551014900208,0.9924969673156738,0.9722695350646973,0.9859007000923157,0.9689928889274597,0.9879398345947266,0.9971723556518555,0.982214093208313,0.9946612119674683,0.9848983287811279,0.9858501017093658,1
b3428,b3425,0,0.000414385023759678,0.001869784202426672,0.0001576416107127443,0.0027611074037849903,0.004678045865148306,0.005807892885059118,0.0003732380282599479,0.0005473477649502456,0.0027396008372306824,0.0019890640396624804,0.0021338107660994867,0
b3425,b3424,1,0.6794734001159668,0.8434841632843018,0.5490489602088928,0.9221464395523071,0.8225833177566528,0.8468064069747925,0.6485424637794495,0.7623561024665833,0.8527190685272217,0.9155042171478271,0.7842664539813995,1
b3424,b3423,1,0.9943016767501831,0.9943454265594482,0.9692534804344177,0.9890069961547852,0.9727752208709717,0.9896136522293091,0.9965765476226807,0.9845836758613586,0.9958751201629639,0.9875123500823975,0.9873844146728515,1
b3423,b3421,0,0.0007610179018229246,0.0008146968903020024,0.0007577676442451775,0.0035170589108020067,0.011307409964501858,0.013796013779938221,0.00017309645772911608,0.0022397583816200495,0.008937736041843891,0.004205245524644852,0.00465098014974501,0
b3421,b4475,1,0.9894164204597473,0.9789876341819763,0.9759660959243774,0.9556745290756226,0.9343347549438477,0.9693382978439331,0.983223557472229,0.9541487693786621,0.9694891571998596,0.9740148186683655,0.968459403514862,1
b4475,b3417,0,0.0010296275140717626,0.0007832119008526206,0.0003209998831152916,0.004175048787146807,0.006710541434586048,0.012226119637489319,0.00040810825885273516,0.0009376044035889208,0.0027343586552888155,0.0014514453941956162,0.0030777065869187934,0
b3417,b3416,1,0.996678352355957,0.9967668652534485,0.991593062877655,0.9903748631477356,0.9845203161239624,0.9951059222221375,0.9977007508277893,0.989694356918335,0.998224139213562,0.9945765733718872,0.9935235202312469,1
b3416,b3412,0,0.0009270501905120909,0.001110894256271422,0.00020492523617576808,0.00529006402939558,0.00897974893450737,0.008028436452150345,0.00014621837181039155,0.002215578919276595,0.007791380863636732,0.001471176859922707,0.0036165474113659,0
b3412,b3405,0,2.5279652618337423e-05,0.00013017994933761656,3.11808216792997e-05,0.00015038072888273746,0.00041366255027242005,0.0003908983781002462,2.5991562324634288e-06,5.637667345581576e-05,0.00023217755369842052,0.00013948690320830792,0.0001572222367485665,0
b3405,b3404,1,0.9971066117286682,0.9957939386367798,0.9963374137878418,0.9827563166618347,0.9871782064437866,0.9857370257377625,0.9980428218841553,0.9869267344474792,0.9983330965042114,0.9949575066566467,0.9923169672489166,1
b3404,b3402,0,0.0017712680855765939,0.012804513797163963,0.008518529124557972,0.013576625846326351,0.011566873639822006,0.013920741155743599,0.0017606817418709397,0.0021056020632386208,0.015031632967293262,0.00483592739328742,0.008589239581488073,0
b3402,b3397,0,0.00034255749778822064,0.0012320128735154867,0.0002831573074217886,0.0014182553859427571,0.0019448524108156562,0.001561497338116169,0.0009696157067082822,0.0005787003901787102,0.0022455332800745964,0.00028602112433873117,0.0010862203314900398,0
b3397,b3395,0,0.00020604985184036195,0.001231605769135058,5.1647137297550216e-05,0.002079336205497384,0.0010986876441165805,0.005341852083802223,2.1391249902080745e-05,0.0014431977178901434,0.0004987483262084424,0.0004146430583205074,0.0012387159044010333,0
b3395,b3394,1,0.9973457455635071,0.9963757991790771,0.9967723488807678,0.974466860294342,0.9887949228286743,0.9889745712280273,0.9962829947471619,0.985867977142334,0.9987797141075134,0.9956775307655334,0.9919338464736939,1
b3394,b3393,1,0.9975496530532837,0.9942074418067932,0.9970831871032715,0.9784030318260193,0.9885572791099548,0.9888244271278381,0.9973666667938232,0.9863240122795105,0.9986991286277771,0.995511531829834,0.9922526359558106,1
b3393,b3392,1,0.9977177977561951,0.9974831938743591,0.9952762722969055,0.975009560585022,0.98772794008255,0.9880222082138062,0.9973545074462891,0.9877488017082214,0.9986579418182373,0.9949754476547241,0.991997367143631,1
b3392,b3391,1,0.9971271753311157,0.996584415435791,0.9961774349212646,0.9834465384483337,0.9825548529624939,0.9842766523361206,0.9987791180610657,0.9893696308135986,0.997878909111023,0.9938564896583557,0.9920051217079162,1
b3391,b3390,0,0.20514021813869476,0.4399451017379761,0.12814094126224518,0.44537949562072754,0.2532029151916504,0.5550765991210938,0.273612380027771,0.32243338227272034,0.34378165006637573,0.39965417981147766,0.33663668632507326,0
b3390,b3389,1,0.9916221499443054,0.9849603176116943,0.9798386693000793,0.9910244345664978,0.9637777805328369,0.9770352840423584,0.9960730075836182,0.9864248037338257,0.9919111728668213,0.9791292548179626,0.9841796875,1
b3389,b3388,1,0.9928847551345825,0.9740428924560547,0.9648265838623047,0.9679958820343018,0.9344598054885864,0.9699280858039856,0.991487443447113,0.9642263650894165,0.983783483505249,0.9625852108001709,0.9706220507621766,1
b3388,b3387,1,0.9874665141105652,0.9788140654563904,0.9766249060630798,0.9698897004127502,0.9159061908721924,0.9569657444953918,0.9864647388458252,0.952049195766449,0.9656448364257812,0.957744836807251,0.9647570729255677,1
b3387,b3386,1,0.9960989356040955,0.9800678491592407,0.958622395992279,0.9664215445518494,0.9318788647651672,0.9898325204849243,0.9841614365577698,0.9768346548080444,0.9836098551750183,0.9807807207107544,0.9748308777809143,1
b3386,b3385,1,0.9971338510513306,0.9966292977333069,0.9968395829200745,0.9807217717170715,0.9892194867134094,0.9889975190162659,0.9977853298187256,0.9879692196846008,0.9988061189651489,0.9957149028778076,0.9929817080497741,1
b3385,b3384,1,0.9975757598876953,0.9946389198303223,0.9973432421684265,0.9809722304344177,0.9874049425125122,0.9882037043571472,0.9983126521110535,0.9894288778305054,0.9984568953514099,0.9947948455810547,0.9927132070064545,1
b3384,b3383,0,0.29187947511672974,0.18908238410949707,0.15970444679260254,0.4157613217830658,0.47719863057136536,0.3537297248840332,0.06126245856285095,0.2945253551006317,0.4159693717956543,0.28276151418685913,0.294187468290329,0
b3383,b3382,1,0.9922829270362854,0.989778459072113,0.9967380166053772,0.9848682880401611,0.9725450277328491,0.9867914915084839,0.9933794140815735,0.9798885583877563,0.9931267499923706,0.9898566603660583,0.9879255592823029,1
b3382,b3381,1,0.5649078488349915,0.484403520822525,0.7029350399971008,0.5286485552787781,0.4665597081184387,0.37256768345832825,0.509236216545105,0.5163257122039795,0.7028828859329224,0.5412299036979675,0.5389697074890136,1
b3381,b3380,1,0.9978252053260803,0.9970813393592834,0.9972901940345764,0.9780987501144409,0.988554835319519,0.9889417886734009,0.9976823329925537,0.9877719879150391,0.998770534992218,0.9956098794937134,0.9927626848220825,1
b3380,b3379,1,0.9981023073196411,0.9975532293319702,0.9967370629310608,0.9749592542648315,0.9891305565834045,0.989971935749054,0.9968965649604797,0.9874366521835327,0.9988765716552734,0.995963454246521,0.992562758922577,1
b3379,b3378,1,0.9923388957977295,0.9912305474281311,0.9735950231552124,0.9752724766731262,0.9547336101531982,0.9712627530097961,0.9923452734947205,0.9781176447868347,0.9900988340377808,0.977092444896698,0.9796087503433227,1
b3378,b3377,1,0.9926993250846863,0.9877837896347046,0.9680819511413574,0.9875895380973816,0.9601854085922241,0.9726877808570862,0.9976226091384888,0.9722988605499268,0.9885255694389343,0.9743648767471313,0.9801839709281921,1
b3377,b3376,1,0.9960477352142334,0.9864482879638672,0.9939378499984741,0.9720004796981812,0.9501815438270569,0.9821556806564331,0.9914537668228149,0.9783454537391663,0.984641432762146,0.9771090745925903,0.9812321305274964,1
b3376,b3363,0,2.7309011784382164e-05,0.0002856837527360767,0.00023239526490215212,0.00024578298325650394,0.0006510677048936486,0.0004785533528774977,2.415569542790763e-05,5.483626955538057e-05,0.0002738902985583991,0.00035257486160844564,0.0002626249195600394,0
b3363,b3362,0,0.40033602714538574,0.2715398669242859,0.4262542426586151,0.3291935622692108,0.32937613129615784,0.3978297710418701,0.18112529814243317,0.5329273343086243,0.38675379753112793,0.33653318881988525,0.3591869220137596,0
b3362,b3361,1,0.9967635273933411,0.9962888360023499,0.9946512579917908,0.9837859869003296,0.981627881526947,0.9831967353820801,0.9988389611244202,0.9889178276062012,0.9977120757102966,0.9937273859977722,0.9915510475635528,1
b3361,b3360,1,0.9946090579032898,0.9783944487571716,0.9644240140914917,0.9883394241333008,0.9693443179130554,0.9474719166755676,0.9868012070655823,0.9567767977714539,0.985018253326416,0.9761379957199097,0.9747317433357239,1
b3360,b3359,0,0.9182881116867065,0.7513774037361145,0.8591699600219727,0.8110958337783813,0.7162514925003052,0.8390334844589233,0.5416858196258545,0.9316055178642273,0.8221612572669983,0.8162183165550232,0.8006887197494507,1
b3359,b3356,0,3.4577522455947474e-05,0.0003122444322798401,2.5397113859071396e-05,0.0006011330988258123,0.0014752333518117666,0.0027482924051582813,3.8709909858880565e-05,0.0001313387620029971,0.0004917411133646965,0.0007900831406004727,0.0006648750850217766,0
b3356,b3351,0,9.845120075624436e-05,0.0002595667610876262,9.351151675218716e-05,0.00041323929326608777,0.0006059376755729318,0.001015751389786601,0.00015544220514129847,0.00030781966052018106,0.000499579356983304,0.00011588176130317152,0.00035651808211696335,0
b3351,b3350,1,0.9966059923171997,0.9971639513969421,0.9977229833602905,0.9873315095901489,0.9835670590400696,0.986045777797699,0.9984841346740723,0.9919790029525757,0.9979358911514282,0.9946550130844116,0.9931491315364838,1
b3350,b4551,1,0.9918078184127808,0.9887565970420837,0.9396173357963562,0.9658102989196777,0.9225947260856628,0.9614894986152649,0.9787911772727966,0.9852023720741272,0.9864626526832581,0.961629331111908,0.9682161808013916,1
b4551,b3349,0,0.4466448128223419,0.3492043614387512,0.11643695086240768,0.5102125406265259,0.3988940715789795,0.5791391134262085,0.46051228046417236,0.3809564709663391,0.437621533870697,0.5115607976913452,0.41911829337477685,0
b3349,b3347,0,0.10895786434412003,0.05119161307811737,0.22920164465904236,0.11454217880964279,0.11128481477499008,0.10517317056655884,0.09056242555379868,0.09669805318117142,0.1231314092874527,0.0596085861325264,0.10903517603874206,0
b3347,b3346,0,0.6121644377708435,0.19272036850452423,0.4121331572532654,0.6213457584381104,0.5598853230476379,0.5839336514472961,0.3833300471305847,0.35788506269454956,0.6799165606498718,0.641285240650177,0.504459960758686,1
b3346,b3345,1,0.9959768652915955,0.9970076680183411,0.9978724718093872,0.9815204739570618,0.9909249544143677,0.9915070533752441,0.9957455396652222,0.9877968430519104,0.9990690350532532,0.9964826107025146,0.9933903515338898,1
b3345,b3344,1,0.9962470531463623,0.9977835416793823,0.9961267113685608,0.9842672348022461,0.9880766272544861,0.9892982840538025,0.9969422817230225,0.9909759163856506,0.9986054301261902,0.9946819543838501,0.9933005034923553,1
b3344,b3343,1,0.996702253818512,0.9940974712371826,0.9959543347358704,0.9930229187011719,0.9803457260131836,0.9900758862495422,0.9958446025848389,0.9847712516784668,0.9957495331764221,0.9863761067390442,0.9912940084934234,1
b3343,b3342,0,0.31775471568107605,0.2761940062046051,0.02765502780675888,0.3763316869735718,0.2404019832611084,0.5163276195526123,0.051998626440763474,0.31269708275794983,0.3061577379703522,0.34995007514953613,0.27754685617983343,0
b3342,b3341,1,0.9766738414764404,0.9846065640449524,0.9673848748207092,0.9697195887565613,0.9371215105056763,0.9708722233772278,0.9948776364326477,0.9810923337936401,0.9896653294563293,0.9639490246772766,0.9735962927341462,1
b3341,b3340,1,0.898758590221405,0.7823313474655151,0.43420836329460144,0.8772857785224915,0.8542666435241699,0.8123641014099121,0.9035806059837341,0.818416953086853,0.8132469654083252,0.9411221146583557,0.8135581463575363,1
b3340,b3339,0,0.9804597496986389,0.9696363806724548,0.8608794808387756,0.9462517499923706,0.8947946429252625,0.9670707583427429,0.9534826874732971,0.9556629061698914,0.965633749961853,0.9652625322341919,0.9459134638309479,1
b3339,b3338,0,0.8787469267845154,0.5443972945213318,0.29530268907546997,0.702342689037323,0.5971506237983704,0.6201433539390564,0.8483787775039673,0.7176135778427124,0.8470249772071838,0.7964538931846619,0.6847554802894592,1
b3338,b3337,0,0.654175877571106,0.8270099759101868,0.5195112228393555,0.7650834321975708,0.7238933444023132,0.3867180347442627,0.5554977655410767,0.6339103579521179,0.6906275749206543,0.6480489373207092,0.6404476523399353,1
b3337,b3336,0,0.07905107736587524,0.20831917226314545,0.053356852382421494,0.27360305190086365,0.2798422574996948,0.4200679659843445,0.12582692503929138,0.2752775251865387,0.3124980330467224,0.3987235128879547,0.24265663735568524,0
b3336,b3323,0,5.768239134340547e-06,8.047575829550624e-05,3.068325895583257e-05,6.716830102959648e-05,0.0004618281382136047,0.0005383003153838217,3.673071375942527e-07,4.4072698074160144e-05,0.0001684611925156787,0.0001405093353241682,0.00015376345440643036,0
b3323,b3322,1,0.9931872487068176,0.9940877556800842,0.9870318174362183,0.9866764545440674,0.9659366011619568,0.9853253364562988,0.9911661744117737,0.984559953212738,0.9920639991760254,0.986740231513977,0.9866775572299957,1
b3322,b3321,0,0.08744527399539948,0.14064103364944458,0.019807027652859688,0.2353772670030594,0.1478586345911026,0.36197108030319214,0.013374357484281063,0.1712339222431183,0.18433628976345062,0.19760023057460785,0.15596451172605158,0
b3321,b3320,1,0.9719771146774292,0.9465295076370239,0.7464934587478638,0.9393895268440247,0.8855863213539124,0.9559780955314636,0.9787327647209167,0.8629832863807678,0.9479900002479553,0.9664772152900696,0.9202137291431427,1
b3320,b3319,1,0.9956968426704407,0.9849565625190735,0.9955301284790039,0.9808403253555298,0.9375590085983276,0.9873113036155701,0.995499312877655,0.9777319431304932,0.9864811897277832,0.9776734113693237,0.98192800283432,1
b3319,b3318,1,0.9962517619132996,0.9949867129325867,0.9961636662483215,0.9786747694015503,0.9876871705055237,0.990521252155304,0.9968243837356567,0.9861599206924438,0.9986024498939514,0.9950265288352966,0.9920898616313935,1
b3318,b3317,1,0.9976958632469177,0.9884076118469238,0.9810962080955505,0.993823230266571,0.966400146484375,0.9832292795181274,0.9973980784416199,0.9855089783668518,0.992665708065033,0.9696823954582214,0.9855907499790192,1
b3317,b3316,1,0.9964943528175354,0.9900599718093872,0.9885978698730469,0.9760109186172485,0.9370347261428833,0.9877735376358032,0.9894328117370605,0.9824126362800598,0.989495575428009,0.9751343727111816,0.9812446773052216,1
b3316,b3315,1,0.9558185338973999,0.9680029153823853,0.9704802632331848,0.9579286575317383,0.9119387269020081,0.982278048992157,0.9652345776557922,0.96302729845047,0.9737920165061951,0.9553370475769043,0.9603838086128235,1
b3315,b3314,1,0.99513840675354,0.984706461429596,0.98670893907547,0.9871658682823181,0.9489938616752625,0.9894682765007019,0.9939067363739014,0.9727636575698853,0.9854986667633057,0.9801024198532104,0.9824453294277191,1
b3314,b3313,1,0.9920029044151306,0.9834859371185303,0.9413514733314514,0.9725854992866516,0.9268247485160828,0.9719028472900391,0.9924963712692261,0.9564744234085083,0.9780694842338562,0.9656510353088379,0.9680844724178315,1
b3313,b3312,1,0.9950954914093018,0.9936708211898804,0.9956069588661194,0.9776897430419922,0.9835433959960938,0.9891036748886108,0.9967859983444214,0.9830195307731628,0.9981432557106018,0.9940614700317383,0.9906720340251922,1
b3312,b3311,1,0.9965518712997437,0.9863603711128235,0.9926484227180481,0.9868594408035278,0.9858524799346924,0.9845985770225525,0.9972808361053467,0.9858890175819397,0.9977068305015564,0.9925894141197205,0.9906337261199951,1
b3311,b3310,0,0.14411422610282898,0.0862167701125145,0.1488511860370636,0.09377028048038483,0.08184574544429779,0.2335829883813858,0.04796499386429787,0.07986344397068024,0.16627250611782074,0.0878429263830185,0.11703250668942929,0
b3310,b3309,1,0.9952882528305054,0.9946276545524597,0.992264449596405,0.9899018406867981,0.9770416617393494,0.9920154213905334,0.9964497089385986,0.9858332276344299,0.9971297979354858,0.9904211163520813,0.9910973131656646,1
b3309,b3308,1,0.9981082677841187,0.9923262000083923,0.9838888049125671,0.9908215999603271,0.9742442965507507,0.987400233745575,0.9981325268745422,0.990576446056366,0.9946017861366272,0.9807193279266357,0.9890819489955902,1
b3308,b3307,1,0.9957476258277893,0.9944419860839844,0.9955266118049622,0.9900532364845276,0.9783888459205627,0.9909226298332214,0.9977377653121948,0.9862398505210876,0.9968560338020325,0.9897133708000183,0.991562795639038,1
b3307,b3306,1,0.9951188564300537,0.9863629341125488,0.9804367423057556,0.9860008358955383,0.9564365744590759,0.9872320890426636,0.9954564571380615,0.9921836853027344,0.9885205030441284,0.9723185896873474,0.9840067267417908,1
b3306,b3305,1,0.9988575577735901,0.9928925633430481,0.9949709177017212,0.9823769330978394,0.9667481184005737,0.9931492805480957,0.9970873594284058,0.9908939003944397,0.9941610097885132,0.9881232380867004,0.9899260878562928,1
b3305,b3304,1,0.9943534731864929,0.9943016767501831,0.9688069820404053,0.9903480410575867,0.9814069867134094,0.9923105835914612,0.991884171962738,0.988789975643158,0.9965754747390747,0.9887925982475281,0.9887569963932037,1
b3304,b3303,1,0.9817397594451904,0.9777480959892273,0.9471743702888489,0.9556176662445068,0.8563423156738281,0.945802628993988,0.9797883033752441,0.9564772844314575,0.9678311347961426,0.9431100487709045,0.9511631608009339,1
b3303,b3302,1,0.9956629276275635,0.9957737922668457,0.9940791130065918,0.9856547713279724,0.9797487258911133,0.9904940724372864,0.9934802055358887,0.9890689849853516,0.9967861175537109,0.9894555807113647,0.9910204291343689,1
b3302,b3301,1,0.7852562069892883,0.9349347352981567,0.8779619336128235,0.9164552688598633,0.8437280058860779,0.939372718334198,0.8094046115875244,0.9265860319137573,0.8988596796989441,0.9151003956794739,0.8847659587860107,1
b3301,b3300,1,0.9902858138084412,0.9836575984954834,0.9390246868133545,0.9892169833183289,0.9655361175537109,0.9857240915298462,0.9953975081443787,0.9820536375045776,0.9893026351928711,0.9741846323013306,0.9794383704662323,1
b3300,b3299,1,0.935793399810791,0.9735127091407776,0.918572187423706,0.9505707025527954,0.8491371870040894,0.9731822609901428,0.9703607559204102,0.9640960693359375,0.9740920662879944,0.8728353977203369,0.9382152736186982,1
b3299,b3298,0,0.33714503049850464,0.5748284459114075,0.04266108572483063,0.6179804801940918,0.26545292139053345,0.5442058444023132,0.30928754806518555,0.6648191809654236,0.6525700688362122,0.3587978780269623,0.43677484840154646,0
b3298,b3297,1,0.9942238330841064,0.9908003807067871,0.9728417992591858,0.9862298369407654,0.9625420570373535,0.9920431971549988,0.9971848726272583,0.9785733222961426,0.9940012693405151,0.9861704111099243,0.9854610979557037,1
b3297,b3296,1,0.9821893572807312,0.9738587737083435,0.9715049266815186,0.9677967429161072,0.9015610218048096,0.9836829900741577,0.9822383522987366,0.9650310277938843,0.9647746086120605,0.9678531289100647,0.9660490930080414,1
b3296,b3295,1,0.9959064722061157,0.9845653772354126,0.9852576851844788,0.9915823936462402,0.971801221370697,0.9880949854850769,0.9966474771499634,0.9864971041679382,0.9951134920120239,0.9805499911308289,0.9876016199588775,1
b3295,b3294,1,0.9971425533294678,0.9915067553520203,0.9923110604286194,0.9875242114067078,0.9807496070861816,0.9939199090003967,0.9949409365653992,0.989592969417572,0.9981269240379333,0.9940313696861267,0.9919846296310425,1
b3294,b3293,0,0.8055406212806702,0.48821890354156494,0.20190010964870453,0.525093138217926,0.44069743156433105,0.3947775959968567,0.44740796089172363,0.6359419822692871,0.5601858496665955,0.3573826551437378,0.48571462482213973,0
b3293,b3292,1,0.9960986971855164,0.9955527186393738,0.9951538443565369,0.992482602596283,0.9765788912773132,0.9907368421554565,0.9968923926353455,0.988825798034668,0.9969601035118103,0.9895477890968323,0.9918829679489136,1
b3292,b4550,1,0.5526998043060303,0.5247045755386353,0.29632559418678284,0.5162913799285889,0.3404243290424347,0.3020482659339905,0.17721238732337952,0.5117186307907104,0.49168553948402405,0.4713345170021057,0.4184445023536682,0
b4550,b4473,0,0.00011216466373298317,0.00023368667461909354,2.7867596145370044e-05,0.00034068647073581815,0.00047979000373743474,0.002064176369458437,1.5761233953526244e-05,0.0002598467981442809,0.0005282862111926079,0.00012017955305054784,0.00041824455747700994,0
b4473,b3284,0,0.9976106286048889,0.9977930784225464,0.997008740901947,0.976610004901886,0.9892913103103638,0.992245078086853,0.9959205985069275,0.987113356590271,0.9989718794822693,0.9961935877799988,0.9928758263587951,1
b3284,b3283,0,0.9976780414581299,0.9927279949188232,0.9884666800498962,0.9944586753845215,0.9883632063865662,0.9919345378875732,0.9979053139686584,0.993118941783905,0.9978567361831665,0.9908502101898193,0.9933360338211059,1
b3283,b3282,1,0.9937607645988464,0.9903562068939209,0.9814913272857666,0.9742287397384644,0.960770308971405,0.9635971188545227,0.9881454110145569,0.973808765411377,0.9885832071304321,0.973261833190918,0.978800368309021,1
b3282,b3281,1,0.9961392879486084,0.9897971153259277,0.9771273732185364,0.9806682467460632,0.9676384329795837,0.9753859639167786,0.9956788420677185,0.9814209938049316,0.989159107208252,0.9823360443115234,0.9835351407527924,1
b3281,b3280,1,0.9976088404655457,0.9973898530006409,0.9968589544296265,0.9787548780441284,0.9901251792907715,0.9924889206886292,0.9941842555999756,0.9864212274551392,0.9990964531898499,0.9967794418334961,0.9929708003997803,1
b3264,b3252,0,3.588537947507575e-05,9.22445033211261e-05,2.725177546381019e-05,0.00015477252600248903,0.0005129177588969469,0.0009550027898512781,2.4979899535537697e-05,0.0001548602303955704,0.0002481640549376607,0.00012287631398066878,0.00023289552318601637,0
b3252,b3251,0,0.8768218755722046,0.711570143699646,0.38115498423576355,0.7714770436286926,0.6565389633178711,0.8134725689888,0.6995087265968323,0.6757513880729675,0.7403542995452881,0.8558363318443298,0.7182486325502395,1
b3251,b3250,1,0.9835501909255981,0.9665440320968628,0.9448230862617493,0.9832683205604553,0.9570341110229492,0.9689248204231262,0.9944292902946472,0.9631104469299316,0.9853485226631165,0.9780120849609375,0.9725044906139374,1
b3250,b3249,1,0.9973331093788147,0.9955505728721619,0.996484637260437,0.9742761254310608,0.9898310899734497,0.9905649423599243,0.9949591755867004,0.982177197933197,0.9989880323410034,0.9963144659996033,0.9916479349136352,1
b3249,b3248,0,0.882265031337738,0.9420883655548096,0.6939054727554321,0.9243379831314087,0.9318312406539917,0.9632450938224792,0.8931645154953003,0.8889933824539185,0.9556757807731628,0.9627708792686462,0.9038277745246888,1
b3248,b3247,0,0.996955156326294,0.9971871376037598,0.997119128704071,0.984596848487854,0.9852839708328247,0.9866049885749817,0.9987545013427734,0.9904415607452393,0.9982336759567261,0.9944852590560913,0.9929662227630616,1
b3247,b4472,1,0.9943156838417053,0.9811983108520508,0.9670131802558899,0.9894459843635559,0.9708028435707092,0.9806464910507202,0.996056079864502,0.9803968667984009,0.9917479157447815,0.9796500205993652,0.983127337694168,1
b4472,b3244,0,0.8528440594673157,0.820283055305481,0.21551653742790222,0.8057594299316406,0.6708638072013855,0.8733208179473877,0.9159762859344482,0.8384392857551575,0.7616372108459473,0.8231233358383179,0.7577763825654984,1
b3244,b3242,0,0.004020771011710167,0.003214627504348755,0.0010710280621424317,0.0171603262424469,0.029932595789432526,0.026880329474806786,0.0005595271941274405,0.005587879102677107,0.022893663495779037,0.009752016514539719,0.012107276439201087,0
b3242,b3241,1,0.9983034729957581,0.9963929057121277,0.9851897954940796,0.9943859577178955,0.9833951592445374,0.9917637705802917,0.9988316893577576,0.9933962225914001,0.9977757930755615,0.9895772933959961,0.9929012060165405,1
b3241,b3240,1,0.9798221588134766,0.9698288440704346,0.9638601541519165,0.945358395576477,0.895224392414093,0.9388754367828369,0.9634939432144165,0.9530649185180664,0.9659472107887268,0.9430114030838013,0.9518486857414246,1
b3240,b3239,0,0.938399612903595,0.8986587524414062,0.3568347990512848,0.8502117395401001,0.8866774439811707,0.832086443901062,0.5739627480506897,0.8190985321998596,0.8735382556915283,0.8718575835227966,0.7901325911283493,1
b3239,b3236,0,0.0011279183672741055,0.0006897437269799411,0.0006951179238967597,0.0028959750197827816,0.006532248575240374,0.010146376676857471,1.821574187488295e-05,0.001048700651153922,0.00301888189278543,0.003270105691626668,0.0029443284267472334,0
b3236,b3232,0,0.00047601311234757304,0.00041567484731785953,0.004172629211097956,0.0028929212130606174,0.009155012667179108,0.008559406735002995,4.786497083841823e-05,0.0007211939664557576,0.004832814913243055,0.0022516597528010607,0.00335251913893444,0
b3232,b3231,0,0.3455362617969513,0.5985581278800964,0.1094726175069809,0.654109001159668,0.6024113297462463,0.7344159483909607,0.14972668886184692,0.6367934346199036,0.519479513168335,0.6448714137077332,0.4995374336838722,0
b3231,b3230,1,0.9975932240486145,0.9962902665138245,0.985499382019043,0.9906771779060364,0.9837581515312195,0.9957607984542847,0.9983277320861816,0.9918259978294373,0.9986127018928528,0.9936916828155518,0.9932037115097045,1
b3230,b3229,0,0.06081913784146309,0.014821145683526993,0.027029911056160927,0.042776092886924744,0.07525168359279633,0.04369755834341049,0.007786149624735117,0.018922630697488785,0.07082951068878174,0.0370684489607811,0.039900226937606934,0
b3229,b3228,1,0.997779130935669,0.9966596961021423,0.9938746094703674,0.9904042482376099,0.9837142825126648,0.9952755570411682,0.9976859092712402,0.9923145174980164,0.9981809854507446,0.9943835735321045,0.9940272510051728,1
b3228,b3226,0,0.17544858157634735,0.0532543919980526,0.05382566899061203,0.092363141477108,0.0864093080163002,0.07242779433727264,0.047163933515548706,0.11993266642093658,0.03603553771972656,0.10296347737312317,0.08398245014250279,0
b3226,b3225,0,0.2163987010717392,0.12027199566364288,0.09939698874950409,0.2506084740161896,0.38381028175354004,0.2551071345806122,0.1798923909664154,0.21241824328899384,0.22724103927612305,0.37372174859046936,0.23188669979572296,0
b3225,b3224,1,0.9664322733879089,0.8737024068832397,0.7224147319793701,0.9706045389175415,0.9267464280128479,0.7707733511924744,0.9193893074989319,0.8609171509742737,0.9658514261245728,0.9532601237297058,0.8930091738700867,1
b3224,b3223,1,0.9969077110290527,0.9876644611358643,0.9919723868370056,0.9835228323936462,0.9686734080314636,0.9791322946548462,0.994503378868103,0.9710997343063354,0.9927604794502258,0.9813847541809082,0.9847621440887451,1
b3223,b3222,1,0.9976909160614014,0.9971238970756531,0.9967083930969238,0.9802555441856384,0.9882941842079163,0.9892305731773376,0.9979975819587708,0.9893091320991516,0.9987602233886719,0.9954679608345032,0.9930838406085968,1
b3222,b3221,1,0.997460126876831,0.9972447752952576,0.997850239276886,0.9790950417518616,0.9907440543174744,0.9918948411941528,0.9957374334335327,0.9877479672431946,0.9990817904472351,0.9964192509651184,0.9933275520801544,1
b3211,b3210,0,0.80997234582901,0.6831057071685791,0.4709128737449646,0.8458054661750793,0.8900948166847229,0.7892515063285828,0.6921504139900208,0.7217468619346619,0.7911096811294556,0.9040881395339966,0.7598237812519073,1
b3210,b3209,0,0.9594155550003052,0.9765369892120361,0.5289851427078247,0.9620702862739563,0.9000442028045654,0.9346842765808105,0.9416710734367371,0.9333266615867615,0.957823634147644,0.9554101824760437,0.9049968004226685,1
b3209,b3208,1,0.9977253675460815,0.9969803094863892,0.9946920275688171,0.9764546751976013,0.9883827567100525,0.9880834221839905,0.9977855682373047,0.986365020275116,0.9987234473228455,0.9955881834030151,0.9920780777931213,1
b3208,b3195,0,9.48713714024052e-05,0.0003037299611605704,1.2474636605475098e-05,0.00026593447546474636,0.0004100155201740563,0.0021408521570265293,4.378369703772478e-05,0.0004855389124713838,0.0005160152213647962,7.378253940260038e-05,0.0004346998492110288,0
b3195,b3194,1,0.9978209733963013,0.988886296749115,0.9885581135749817,0.9793733954429626,0.9543275237083435,0.9825831055641174,0.9955081939697266,0.9848316311836243,0.9883700609207153,0.9740230441093445,0.9834282338619232,1
b3194,b3193,1,0.99066561460495,0.9834656119346619,0.9819821715354919,0.9565699100494385,0.9269853830337524,0.9777233004570007,0.9916565418243408,0.9670474529266357,0.9787137508392334,0.963513970375061,0.9718323707580566,1
b3193,b3192,1,0.9939106702804565,0.9919313788414001,0.9949511289596558,0.9821305871009827,0.9612001776695251,0.9918797016143799,0.9954370260238647,0.978634774684906,0.9917855858802795,0.9885910153388977,0.9870452046394348,1
b3192,b3191,1,0.9967457056045532,0.9970729351043701,0.9972503781318665,0.9800102114677429,0.9898286461830139,0.9907892942428589,0.9960288405418396,0.9874412417411804,0.9989340901374817,0.9959143996238708,0.9930015742778778,1
b3191,b3190,0,0.1367122381925583,0.044582564383745193,0.45591309666633606,0.0647541880607605,0.07266155630350113,0.12908343970775604,0.285637766122818,0.2288547158241272,0.0995241329073906,0.0327141210436821,0.1550437819212675,0
b3190,b3189,0,0.9854978322982788,0.9755303263664246,0.9128420352935791,0.9651756286621094,0.9394992589950562,0.9892919063568115,0.9938589930534363,0.9605264067649841,0.9860876202583313,0.9838482737541199,0.9692158281803132,1
b3189,b3186,0,0.00017456381465308368,0.000634742493275553,0.0002753321314230561,0.001410369179211557,0.004022440407425165,0.0027064569294452667,0.00011401664232835174,0.0006144994404166937,0.001262380974367261,0.0024205856025218964,0.0013635387615067885,0
b3186,b3185,1,0.9939278364181519,0.989044725894928,0.9777489304542542,0.9850939512252808,0.9727290868759155,0.9907486438751221,0.9966475963592529,0.9837375283241272,0.9960970282554626,0.98829585313797,0.9874071180820465,1
b3185,b3184,0,0.62804114818573,0.27045774459838867,0.09224541485309601,0.49082300066947937,0.4002649784088135,0.28515639901161194,0.1682710498571396,0.4732242226600647,0.4881850779056549,0.2984875440597534,0.3595156580209732,0
b3184,b3183,1,0.9975858926773071,0.9911026954650879,0.9932273626327515,0.973614513874054,0.9455217719078064,0.990461528301239,0.9938693046569824,0.9872270226478577,0.9889090061187744,0.9797470569610596,0.984126615524292,1
b3183,b3181,0,0.0003809028712566942,0.0012449605856090784,9.058496652869508e-05,0.0032222974114120007,0.004504270851612091,0.006347354967147112,0.00017194905376527458,0.0010742208687588573,0.0038837275933474302,0.0016814044211059809,0.0022601673590543214,0
b3181,b3179,0,0.018514147028326988,0.07091543078422546,0.013688771054148674,0.06018000841140747,0.03825771436095238,0.17182496190071106,0.07417180389165878,0.09663698077201843,0.06736615300178528,0.026843346655368805,0.06383993178606033,0
b3179,b3178,1,0.9859573245048523,0.9714357852935791,0.9249071478843689,0.9656252264976501,0.9316981434822083,0.9860775470733643,0.9930260181427002,0.9623859524726868,0.9714649319648743,0.9795257449150085,0.9672103822231293,1
b3178,b3177,0,0.9950172901153564,0.9466720223426819,0.916153073310852,0.9582682251930237,0.9347206950187683,0.8936694860458374,0.9555932879447937,0.8669024109840393,0.9655010104179382,0.9500888586044312,0.9382586359977723,1
b3177,b3176,0,0.997204601764679,0.9967246651649475,0.9976994395256042,0.9803519248962402,0.9848530292510986,0.9880556464195251,0.9986579418182373,0.9893156290054321,0.9982051253318787,0.9943389296531677,0.992540693283081,1
b3170,b3169,1,0.9929523468017578,0.9886795282363892,0.9859275817871094,0.9765125513076782,0.9524638056755066,0.9874569773674011,0.9971962571144104,0.9632568359375,0.9836293458938599,0.9856016635894775,0.981367689371109,1
b3169,b3168,1,0.9947676062583923,0.9845923781394958,0.9848229289054871,0.9758875370025635,0.9455463886260986,0.9801570177078247,0.9921969175338745,0.9699339866638184,0.9779964685440063,0.9798297882080078,0.978573101758957,1
b3168,b3167,1,0.4583037793636322,0.6752198338508606,0.7091915011405945,0.6346022486686707,0.6873942613601685,0.5290852785110474,0.3424336016178131,0.37016233801841736,0.7864406108856201,0.6151618957519531,0.5807995349168777,1
b3167,b3166,1,0.9970026612281799,0.99693363904953,0.9960651993751526,0.9845008254051208,0.985248863697052,0.9860092997550964,0.9986028075218201,0.9901498556137085,0.9981790781021118,0.9943166375160217,0.9927008867263794,1
b3166,b3165,1,0.3999588191509247,0.6427014470100403,0.06487173587083817,0.6449612975120544,0.5494642853736877,0.6931766867637634,0.2219686061143875,0.5765523314476013,0.5168361067771912,0.6341035962104797,0.49445949122309685,0
b3165,b3164,1,0.3272317349910736,0.3006615936756134,0.20883424580097198,0.3566131591796875,0.4064447581768036,0.3587389588356018,0.18019264936447144,0.21794146299362183,0.6334624290466309,0.4757329821586609,0.3465853974223137,0
b3164,b3163,0,0.998175859451294,0.9858408570289612,0.9972755908966064,0.9791275858879089,0.8676774501800537,0.9883130192756653,0.99671471118927,0.9808822870254517,0.9830511808395386,0.9767269492149353,0.9753785490989685,1
b3162,b3161,0,0.6079989671707153,0.5029687285423279,0.6296774744987488,0.7462880611419678,0.7284634113311768,0.5130184888839722,0.3364010453224182,0.5150312185287476,0.5940427780151367,0.7066161036491394,0.5880506277084351,1
b3161,b3157,0,0.00011729823745554313,0.0005600063013844192,0.003420836990699172,0.0009972953703254461,0.002802846720442176,0.0032584932632744312,7.811453542672098e-05,0.00035926431883126497,0.0007592480396851897,0.0014354479499161243,0.0013788851727440487,0
b3157,b3156,1,0.9966911673545837,0.9840608239173889,0.9957053065299988,0.9786615967750549,0.9876648783683777,0.9871945977210999,0.9977338314056396,0.980452835559845,0.9982419013977051,0.9945067167282104,0.9900913655757904,1
b3156,b3154,0,0.09371979534626007,0.046974532306194305,0.03510541468858719,0.08977673947811127,0.11989380419254303,0.07009215652942657,0.010344809852540493,0.09580515325069427,0.12166713923215866,0.048686668276786804,0.07320662131533026,0
b3154,b3152,0,0.014246493577957153,0.018389413133263588,0.0022421220783144236,0.06735164672136307,0.04650405794382095,0.07132507860660553,0.026627136394381523,0.03462323918938637,0.08280041068792343,0.018766384571790695,0.03828759829048067,0
b3152,b3151,1,0.708170473575592,0.9158509969711304,0.6658995747566223,0.8983166217803955,0.7956309914588928,0.4922737181186676,0.8245959877967834,0.7515395879745483,0.8795672655105591,0.8114880323410034,0.7743333250284195,1
b3151,b3146,0,0.0015585070941597223,0.002055299933999777,0.00041966550634242594,0.002566872863098979,0.0018894020467996597,0.00981552992016077,0.0035422525834292173,0.0011312766000628471,0.0022218218073248863,0.0012892583617940545,0.002648988671717234,0
b3146,b3131,0,6.405174644896761e-06,5.995804167469032e-05,0.0004118088399991393,5.652250547427684e-05,0.0006184666999615729,0.0005151644581928849,8.754136615607422e-07,2.280850094393827e-05,9.556268923915923e-05,0.00020617559493985027,0.00019937479187319694,0
b3131,b3127,0,0.00021697745251003653,0.0007870529661886394,0.0003029150248039514,0.0013529184507206082,0.002075721975415945,0.0036619422025978565,0.00041192540084011853,0.00035141344415023923,0.0013353569665923715,0.0007584879058413208,0.0011254711789661087,0
b3127,b3126,1,0.9958614706993103,0.9933534860610962,0.9765138626098633,0.9799811244010925,0.9631547331809998,0.9914602637290955,0.9955294132232666,0.9839622974395752,0.9925069212913513,0.9882755875587463,0.9860599160194397,1
b3126,b3125,1,0.9960618615150452,0.9814069867134094,0.9932186007499695,0.969147801399231,0.9221079349517822,0.9834453463554382,0.9904089570045471,0.9657192230224609,0.9736363887786865,0.9734842777252197,0.974863737821579,1
b3125,b3124,1,0.949878454208374,0.9432629346847534,0.5653488636016846,0.9729073643684387,0.9194871783256531,0.849605917930603,0.9662661552429199,0.8933643698692322,0.9710614681243896,0.9630703330039978,0.8994253039360046,1
b3118,b3117,1,0.9766488075256348,0.944807231426239,0.7948365807533264,0.9333876371383667,0.8758389353752136,0.9420735239982605,0.9818464517593384,0.9408318996429443,0.9503771662712097,0.9484124779701233,0.9289060711860657,1
b3117,b3116,1,0.9959766268730164,0.9903478026390076,0.9615420699119568,0.9874373078346252,0.9764208197593689,0.9819425940513611,0.9974806904792786,0.983493983745575,0.994174599647522,0.9811814427375793,0.9849997937679291,1
b3116,b3115,1,0.9974350333213806,0.995590329170227,0.9753146171569824,0.9916629195213318,0.9866868257522583,0.9892003536224365,0.9969335198402405,0.9908066391944885,0.9969435930252075,0.9916826486587524,0.9912256479263306,1
b3115,b3114,1,0.9913026094436646,0.9779330492019653,0.9700957536697388,0.9759708046913147,0.9473292827606201,0.9737269282341003,0.9941562414169312,0.9709728956222534,0.9781818985939026,0.9644302129745483,0.9744099676609039,1
b3114,b3113,1,0.9969368577003479,0.9941568374633789,0.9923205375671387,0.9800593256950378,0.9760103225708008,0.9876373410224915,0.99286288022995,0.9844760894775391,0.9944528937339783,0.9909737706184387,0.9889886856079102,1
b3113,b4471,1,0.9797224402427673,0.9621427655220032,0.6255969405174255,0.9753228425979614,0.9248346090316772,0.9253652691841125,0.984354555606842,0.9650362133979797,0.9746299982070923,0.9515551924705505,0.9268560826778411,1
b4471,b3110,0,0.48529359698295593,0.3338439464569092,0.19545327126979828,0.5020843744277954,0.45560145378112793,0.4105488657951355,0.4018658995628357,0.3504154682159424,0.6431273818016052,0.44952282309532166,0.4227757081389427,0
b3110,b4470,1,0.9966435432434082,0.9906198978424072,0.9886001944541931,0.9770988821983337,0.9581265449523926,0.9861946105957031,0.9968248605728149,0.9771987199783325,0.9921412467956543,0.9831779599189758,0.9846626460552216,1
b4470,b3105,0,0.024055881425738335,0.007781602907925844,0.004526117816567421,0.024455776438117027,0.04207778722047806,0.0448542945086956,0.0032085964921861887,0.012811151333153248,0.03663928434252739,0.010604565031826496,0.02110150575172156,0
b3105,b3092,0,6.300413951976225e-05,0.0001092509482987225,4.0299004467669874e-05,0.0002917058009188622,0.0008876657229848206,0.0009027704363688827,1.048423109750729e-05,0.00019254378275945783,0.0005039615789428353,0.000498678011354059,0.00035003636567125794,0
b3092,b3091,1,0.9962945580482483,0.991398811340332,0.9740046262741089,0.9812308549880981,0.9708042740821838,0.9902962446212769,0.9961842894554138,0.978340208530426,0.9941530227661133,0.9877480864524841,0.9860454976558686,1
b3091,b3090,1,0.9708996415138245,0.9673032164573669,0.8501268625259399,0.9408833980560303,0.8872029185295105,0.8639623522758484,0.9801052212715149,0.8746500611305237,0.9081395268440247,0.9171225428581238,0.9160395741462708,1
b3090,b3084,0,3.9688362448941916e-05,0.0001191652991110459,7.354903209488839e-05,0.0001824929058784619,0.0007697396213188767,0.0010256554232910275,2.3521051843999885e-06,0.00013666653831023723,0.000266217568423599,0.00024639771436341107,0.000286192457042489,0
b3084,b3083,0,0.4105012118816376,0.44439756870269775,0.177125945687294,0.5291711091995239,0.21506989002227783,0.4648915231227875,0.6411992907524109,0.4147918224334717,0.1358586549758911,0.22641457617282867,0.3659421592950821,0
b3083,b3082,1,0.9978490471839905,0.9973206520080566,0.9976994395256042,0.9821683168411255,0.9877589344978333,0.9897118210792542,0.9985524415969849,0.991125762462616,0.9986361265182495,0.9949119687080383,0.9935734510421753,1
b3082,b3074,0,9.364233847009018e-05,5.842505197506398e-05,2.5854180307760544e-07,8.983690349850804e-05,0.00030041977879591286,0.00014066294534131885,1.4947166846468463e-06,2.8988850317546166e-05,0.00035349169047549367,3.285756611148827e-05,0.00011000783834731464,0
b3074,b3072,0,0.0003702866961248219,0.0012562785996124148,0.0006447071791626513,0.002114309463649988,0.003627543803304434,0.0057335104793310165,0.003854967886582017,0.0012039263965561986,0.0060646203346550465,0.000869357434567064,0.0025739508273545653,0
b3072,b3070,0,0.21230800449848175,0.10339260846376419,0.009477476589381695,0.12827785313129425,0.06681453436613083,0.2367907017469406,0.15496288239955902,0.03805491328239441,0.04508223012089729,0.07625424116849899,0.1071415445767343,0
b3070,b3068,0,0.15317930281162262,0.06611982733011246,0.00530709745362401,0.23068886995315552,0.27403685450553894,0.16132104396820068,0.05930527299642563,0.05269680172204971,0.27275997400283813,0.36576762795448303,0.16411826726980508,0
b3068,b3064,0,1.4661120985692833e-05,4.766355050378479e-05,0.00015965462080202997,0.00013669040345121175,0.0012229069834575057,0.0009231789736077189,8.175253469744348e-07,5.0023696530843154e-05,0.00030439847614616156,0.0003656711778603494,0.00032256665286922725,0
b3064,b3060,0,0.003143031382933259,0.0014146167086437345,0.015399452298879623,0.0034864977933466434,0.01148263830691576,0.012094768695533276,0.00020517838129308075,0.0018205834785476327,0.006015550810843706,0.002496963134035468,0.005755928099097219,0
b3060,b3058,0,0.05876832455396652,0.15656445920467377,0.0021302993409335613,0.07472255825996399,0.06878264993429184,0.24561095237731934,0.03483905643224716,0.11893969029188156,0.11242573708295822,0.01954067312180996,0.0892324400600046,0
b3058,b3057,0,0.9903815984725952,0.9743945002555847,0.9748244881629944,0.9625827074050903,0.9047226309776306,0.980712890625,0.9911291599273682,0.9583749771118164,0.9674599766731262,0.9715550541877747,0.967613798379898,1
b3057,b3054,0,0.0014786117244511843,0.005264860577881336,0.0006696679629385471,0.004631524905562401,0.00414526741951704,0.008980635553598404,0.0013056116877123713,0.002913146046921611,0.006468278355896473,0.00128659897018224,0.003714420320466161,0
b3054,b3053,1,0.8303483128547668,0.8446253538131714,0.8904390931129456,0.8946957588195801,0.8303559422492981,0.8669285774230957,0.9126220345497131,0.8681613802909851,0.9405606985092163,0.9418781399726868,0.8820615291595459,1
b3053,b3052,0,0.9920851588249207,0.9923818111419678,0.9773687124252319,0.9822304844856262,0.9579072594642639,0.9854783415794373,0.9941130876541138,0.9670731425285339,0.985611081123352,0.9845461249351501,0.9818795204162598,1
b3049,b3041,0,7.670741979382001e-06,2.361207953072153e-05,1.9962558326369617e-06,6.119530735304579e-05,0.0003518188023008406,0.0003428533673286438,1.6714762978153885e-06,1.7081538317142986e-05,0.00012342377158347517,0.00011246495705563575,0.000104378829757934,0
b3041,b3039,0,0.005124837625771761,0.003322819247841835,0.00542069785296917,0.015801802277565002,0.01344375405460596,0.016031485050916672,0.0001471946743549779,0.008904420770704746,0.02059239335358143,0.0048868246376514435,0.0093676229545963,0
b3039,b3034,0,0.0005768481059931219,0.0013131897430866957,0.0003296250069979578,0.0017091237241402268,0.0011336575262248516,0.012059107422828674,0.0017932344926521182,0.0006674079922959208,0.0016029784455895424,0.0008414220064878464,0.0022026594466296955,0
b3034,b3033,1,0.9968326091766357,0.9974197149276733,0.9960594773292542,0.9755526781082153,0.9871078729629517,0.9895283579826355,0.9974565505981445,0.9858384728431702,0.9986023306846619,0.9950169324874878,0.991941499710083,1
b3033,b3032,0,0.9779853820800781,0.976136326789856,0.8785242438316345,0.9599399566650391,0.9022063612937927,0.9775978922843933,0.9587491750717163,0.9721598625183105,0.9689933061599731,0.9609466791152954,0.953323918581009,1
b3032,b3031,1,0.9969868659973145,0.9950117468833923,0.9963627457618713,0.9721717834472656,0.9880295395851135,0.9878888130187988,0.99594646692276,0.9821986556053162,0.998555064201355,0.9953658580780029,0.990851753950119,1
b3031,b3030,0,0.9834043979644775,0.9438820481300354,0.9594199061393738,0.9719326496124268,0.9440844058990479,0.979347825050354,0.9929018020629883,0.9652465581893921,0.9828630685806274,0.9763988852500916,0.9699481546878814,1
b3030,b3027,0,0.002356871496886015,0.012068193405866623,0.0008293402497656643,0.008641906082630157,0.01008547656238079,0.009378231130540371,0.004545833449810743,0.01812640205025673,0.009977811947464943,0.0038732043467462063,0.007988327072234824,0
b3027,b3024,0,4.199704198981635e-05,0.00013064230734016746,4.347472349763848e-05,0.0003720470704138279,0.001911116181872785,0.0013169830199331045,6.800237315474078e-06,0.00010765873594209552,0.0003242033999413252,0.0006641516811214387,0.0004919074399367673,0
b3024,b3023,1,0.9037683010101318,0.8950052261352539,0.7954049706459045,0.908467173576355,0.8090484738349915,0.7387481927871704,0.9169800877571106,0.7843964099884033,0.8836767077445984,0.7426445484161377,0.8378140091896057,1
b3023,b3022,0,0.09287562221288681,0.05045350641012192,0.14418353140354156,0.07631523162126541,0.08953852951526642,0.19575518369674683,0.020548837259411812,0.05285019427537918,0.15324343740940094,0.04751373082399368,0.09232778046280146,0
b3022,b3021,1,0.9956403374671936,0.9955728650093079,0.9937447905540466,0.989855945110321,0.9708220958709717,0.990988552570343,0.9958067536354065,0.989683985710144,0.9963808059692383,0.9868919253349304,0.9905388057231903,1
b3021,b3020,1,0.790107250213623,0.472126841545105,0.297475665807724,0.5858253240585327,0.4208937883377075,0.2916809022426605,0.3793862462043762,0.2752654254436493,0.7534022331237793,0.3817344307899475,0.4647898107767105,0
b3020,b3019,0,0.5765339136123657,0.5982053279876709,0.13081172108650208,0.7338666319847107,0.637946605682373,0.7271612286567688,0.3944462835788727,0.7117096185684204,0.6274705529212952,0.774469256401062,0.5912621140480041,1
b3019,b3018,0,0.9439656734466553,0.9101025462150574,0.6836177706718445,0.8945752382278442,0.7171595692634583,0.9099737405776978,0.8983732461929321,0.8606345057487488,0.7943346500396729,0.8512049913406372,0.8463941931724548,1
b3018,b3017,0,0.9748653769493103,0.970861554145813,0.9316093325614929,0.9665055274963379,0.9324158430099487,0.9854820966720581,0.9927514791488647,0.9417458176612854,0.9780505895614624,0.9728190898895264,0.96471067070961,1
b3017,b4469,0,0.8579471111297607,0.8097384572029114,0.6998171806335449,0.864798367023468,0.7426239252090454,0.7705360054969788,0.814142107963562,0.7903111577033997,0.8895429372787476,0.869592547416687,0.8109049797058105,1
b4469,b3010,0,0.00016894281725399196,0.0006859478889964521,8.654997509438545e-05,0.0012021786533296108,0.0019155626650899649,0.0035988856106996536,7.207733870018274e-05,0.0005085535813122988,0.0018769579473882914,0.001191222108900547,0.0011306878586765379,0
b3010,b3006,0,0.0007711945218034089,0.0014383435482159257,0.00016722535656299442,0.002782385563477874,0.004481180105358362,0.004607135429978371,0.0015255067264661193,0.0007503990782424808,0.0028262040577828884,0.0019853576086461544,0.002133493199653458,0
b3006,b3005,1,0.9985420107841492,0.9968816637992859,0.9985101819038391,0.9910374283790588,0.9807464480400085,0.9949029684066772,0.9972209930419922,0.9926671385765076,0.9979085326194763,0.9930210709571838,0.9941438436508179,1
b3005,b3002,0,0.001329074497334659,0.0009225677931681275,0.001177396159619093,0.0052742790430784225,0.008004952222108841,0.015543371438980103,0.0009230760624632239,0.0027500076685100794,0.009397471323609352,0.0020050560124218464,0.004732725222129375,0
b3002,b2998,0,3.255198316765018e-05,0.00011522482236614451,0.0002656288561411202,0.0001856619492173195,0.000832167046610266,0.0009669878054410219,7.780800842738245e-06,7.86668824730441e-05,0.0005164777976460755,0.0002655784774105996,0.00032667264213159797,0
b2998,b2997,0,0.30096620321273804,0.1594541221857071,0.01052193995565176,0.40474656224250793,0.42829427123069763,0.5882118940353394,0.38612809777259827,0.26005151867866516,0.3105532228946686,0.6041849255561829,0.3453112757764757,0
b2997,b2996,1,0.9961588978767395,0.9935529828071594,0.9823252558708191,0.9879224896430969,0.9774060845375061,0.9921912550926208,0.996302604675293,0.9874935150146484,0.9960181713104248,0.9887816309928894,0.9898152887821198,1
b2996,b2995,1,0.9967663884162903,0.9962973594665527,0.9963832497596741,0.9785621166229248,0.9876809120178223,0.9874268770217896,0.9978407025337219,0.9851849675178528,0.9985128045082092,0.9950481653213501,0.9919703543186188,1
b2995,b2994,1,0.9978922009468079,0.9964441061019897,0.9972803592681885,0.9776856303215027,0.986355185508728,0.987433671951294,0.9982246160507202,0.9871653914451599,0.9984336495399475,0.9946985840797424,0.9921613395214081,1
b2994,b2993,1,0.9976674914360046,0.9970164895057678,0.9965797662734985,0.9743478894233704,0.9908034205436707,0.9928189516067505,0.9954647421836853,0.9853219389915466,0.9991717338562012,0.9968302249908447,0.992602264881134,1
b2993,b2992,1,0.9971180558204651,0.9950010180473328,0.9970154166221619,0.9815300703048706,0.989192008972168,0.9890265464782715,0.9974959492683411,0.9863496422767639,0.9986926913261414,0.9953148365020752,0.9926736235618592,1
b2992,b2991,1,0.9966867566108704,0.995411217212677,0.9963119029998779,0.9756194353103638,0.9897273778915405,0.9896202683448792,0.9963628649711609,0.9837601780891418,0.9989132881164551,0.996078610420227,0.9918491899967193,1
b2991,b2990,1,0.993900716304779,0.9843919277191162,0.9276903867721558,0.9787804484367371,0.9501258134841919,0.9808135628700256,0.9948164224624634,0.9747085571289062,0.9891021251678467,0.972562313079834,0.9746892273426055,1
b2990,b2988,0,0.002933947369456291,0.010158379562199116,0.0006514047854579985,0.007482645567506552,0.024246325716376305,0.06495953351259232,0.01903337985277176,0.02748422883450985,0.021599436178803444,0.0038631248753517866,0.01824124062550254,0
b2988,b2987,0,0.7766999006271362,0.6138582825660706,0.31530725955963135,0.5881201028823853,0.6120188236236572,0.5726639032363892,0.8370979428291321,0.692656934261322,0.6479701995849609,0.6382230520248413,0.6294616401195526,1
b2987,b2985,0,0.017333511263132095,0.07234390825033188,0.0022358896676450968,0.20108292996883392,0.07295301556587219,0.051422204822301865,0.008328918367624283,0.07368176430463791,0.06350728869438171,0.05463133379817009,0.061752076470293106,0
b2985,b2984,1,0.9858436584472656,0.8975561261177063,0.9047017097473145,0.8865395188331604,0.7900217175483704,0.9314623475074768,0.9646750092506409,0.9584833979606628,0.9255980253219604,0.7692821621894836,0.9014163672924042,1
b2984,b2983,1,0.9364522099494934,0.8615975975990295,0.9369590282440186,0.874326229095459,0.7132501602172852,0.8616767525672913,0.8927515745162964,0.8275850415229797,0.8251307606697083,0.855940580368042,0.8585669934749603,1
b2983,b2979,0,0.0028697580564767122,0.004933762364089489,0.0006359177641570568,0.006287201773375273,0.003922631498426199,0.02457808330655098,0.0007335596019402146,0.003587651764973998,0.0011211481178179383,0.002456874353811145,0.005112658860161901,0
b2979,b4468,1,0.9973236322402954,0.996375322341919,0.9973810315132141,0.977067768573761,0.9904907941818237,0.9904600977897644,0.996512770652771,0.9857532382011414,0.9990174770355225,0.9964644312858582,0.9926846563816071,1
b4468,b4467,1,0.9430581331253052,0.8505218625068665,0.7121051549911499,0.8588039875030518,0.8207449316978455,0.8200858235359192,0.9537118673324585,0.8976271748542786,0.8189094066619873,0.9212467670440674,0.859681510925293,1
b4467,b2977,1,0.9927269220352173,0.9930269718170166,0.982676088809967,0.9783286452293396,0.9432194232940674,0.9874466061592102,0.9849171042442322,0.9855822920799255,0.9892679452896118,0.9803252816200256,0.9817517280578614,1
b2977,b2976,1,0.9953543543815613,0.9939627647399902,0.98819899559021,0.9893431067466736,0.9671272039413452,0.991642951965332,0.9986468553543091,0.9898369908332825,0.9950404167175293,0.9883277416229248,0.9897481381893158,1
b2976,b2975,1,0.9349552392959595,0.7206575274467468,0.5980665683746338,0.7855393290519714,0.6269197463989258,0.60471510887146,0.6640162467956543,0.5949131846427917,0.8067489266395569,0.7228816747665405,0.705941355228424,1
b2975,b4466,0,0.13040325045585632,0.24591945111751556,0.04956197366118431,0.3817589282989502,0.28750550746917725,0.402702659368515,0.06385703384876251,0.2625488340854645,0.2346840798854828,0.3873693645000458,0.24463110826909543,0
b4466,b2972,0,0.9803904294967651,0.9082945585250854,0.933458685874939,0.9003474712371826,0.7844787836074829,0.9222602248191833,0.9274055361747742,0.8050659894943237,0.9077258706092834,0.9356480836868286,0.9005075633525849,1
b2972,b2971,0,0.9309933185577393,0.8342985510826111,0.8016964793205261,0.8689776062965393,0.6711049675941467,0.7705070376396179,0.8615121245384216,0.7743096947669983,0.8355326652526855,0.7364858388900757,0.8085418283939362,1
b2971,b2968,0,5.46474548173137e-05,0.00018894101958721876,0.0016973708989098668,0.00044369613169692457,0.0018281430238857865,0.0018267305567860603,4.065519988216693e-06,0.00012983696069568396,0.0006378769176080823,0.0007777083083055913,0.0007589016792280745,0
b2968,b2965,0,0.000789556244853884,0.0031800023280084133,0.002894509118050337,0.005155150778591633,0.010497909039258957,0.009647720493376255,0.0019038771279156208,0.00205436535179615,0.005675617605447769,0.004834223072975874,0.0046632931160274895,0
b2965,b2960,0,0.000112717374577187,0.00031262595439329743,0.00018066166376229376,0.0008470651227980852,0.0023841203656047583,0.001373841194435954,0.0007664862787351012,0.0006515587447211146,0.0013205198338255286,0.0003019277937710285,0.0008251524326624349,0
b2960,b2959,1,0.9974530935287476,0.9965279698371887,0.9970799088478088,0.977290153503418,0.9885767698287964,0.9911473393440247,0.9965471029281616,0.9878709316253662,0.9989050626754761,0.9955489039421082,0.9926947236061097,1
b2959,b2958,0,0.8677378296852112,0.8255099654197693,0.5017664432525635,0.7531625032424927,0.6453245878219604,0.656042754650116,0.7633020877838135,0.6454066038131714,0.7867864370346069,0.5042421221733093,0.6949281334877014,1
b2958,b2957,0,0.013087575323879719,0.043735310435295105,0.004519063048064709,0.13382378220558167,0.19628320634365082,0.20653389394283295,0.026323189958930016,0.11466146260499954,0.13393133878707886,0.19429552555084229,0.10671943482011556,0
b2957,b2956,0,0.9577560424804688,0.9243677258491516,0.8031085133552551,0.9132095575332642,0.812530517578125,0.6820768117904663,0.9205459952354431,0.7829726338386536,0.9282567501068115,0.8549637794494629,0.8579788327217102,1
b2956,b2950,0,0.00017321451741736382,0.0023732606787234545,0.0006112098344601691,0.0017529347678646445,0.00106545549351722,0.0034554339945316315,0.0023475619964301586,0.0026741577312350273,0.004222571384161711,0.00048147025518119335,0.0019157270653522573,0
b2950,b2939,0,2.1946372726233676e-05,6.909316289238632e-05,2.639165586515446e-06,0.00013139063958078623,0.00036220450419932604,0.0005283292266540229,3.879206360579701e-06,3.701507012010552e-05,0.00014849584840703756,8.618725405540317e-05,0.00013911804505823967,0
b2939,b2938,0,0.9858677387237549,0.9559784531593323,0.9667287468910217,0.9401491284370422,0.9313753247261047,0.9540906548500061,0.9386945366859436,0.9360681772232056,0.9509427547454834,0.9755343198776245,0.9535429835319519,1
b2938,b2937,0,0.48904654383659363,0.5786363482475281,0.6804625988006592,0.827223002910614,0.8412472009658813,0.4890417456626892,0.47918835282325745,0.466220885515213,0.8795077204704285,0.8269694447517395,0.6557543843984603,1
b2937,b2935,0,0.027583610266447067,0.015324820764362812,0.000802514492534101,0.053831398487091064,0.06723890453577042,0.14235469698905945,0.0007596206269226968,0.028209833428263664,0.04409506171941757,0.06267739832401276,0.04428778596338816,0
b2935,b2934,0,0.5774133205413818,0.42652204632759094,0.2775147557258606,0.43226972222328186,0.4738503098487854,0.5201737284660339,0.6288910508155823,0.4148537814617157,0.5260453820228577,0.5048565864562988,0.4782390683889389,0
b2934,b2933,1,0.9611682295799255,0.9498248100280762,0.9564399123191833,0.913590133190155,0.8528572916984558,0.9440035223960876,0.9733076691627502,0.9309548139572144,0.9136160612106323,0.9193766117095947,0.9315139055252075,1
b2933,b4465,1,0.9966952204704285,0.985526978969574,0.9692690372467041,0.9704286456108093,0.9388663172721863,0.9488429427146912,0.9955006241798401,0.9621783494949341,0.9809556007385254,0.9324975609779358,0.9680761277675629,1
b4465,b2930,1,0.9973843693733215,0.9975786209106445,0.9977948665618896,0.9816452264785767,0.9897939562797546,0.990561306476593,0.9973291754722595,0.9895764589309692,0.9989149570465088,0.9959394931793213,0.9936518430709839,1
b2930,b2929,0,0.8147213459014893,0.534997820854187,0.13912950456142426,0.7151123285293579,0.5770690441131592,0.6808497309684753,0.6068219542503357,0.7653653621673584,0.7278264164924622,0.8796130418777466,0.6441506549715996,1
b2929,b2928,1,0.9976325035095215,0.9972124695777893,0.9964838027954102,0.9816460013389587,0.9879016280174255,0.9883989095687866,0.9981769323348999,0.9895578622817993,0.9986105561256409,0.995186448097229,0.9930807113647461,1
b2928,b2927,0,0.09650997817516327,0.1386808156967163,0.0941508337855339,0.17724597454071045,0.13138353824615479,0.18437017500400543,0.17604005336761475,0.10464853793382645,0.13066649436950684,0.19348298013210297,0.1427179381251335,0
b2927,b2926,1,0.9890852570533752,0.9479311108589172,0.9356378316879272,0.9392499923706055,0.8850036263465881,0.943068265914917,0.9794213771820068,0.93462073802948,0.9653425216674805,0.9736661911010742,0.9493026912212372,1
b2926,b2925,1,0.9283204078674316,0.9502880573272705,0.5015185475349426,0.9252893924713135,0.8204047679901123,0.9426867961883545,0.8984470963478088,0.9054619669914246,0.9237388968467712,0.93021559715271,0.872637152671814,1
b2925,b2924,0,0.8657550811767578,0.3654387891292572,0.37717360258102417,0.43970802426338196,0.553203284740448,0.5783392786979675,0.8644157648086548,0.6800641417503357,0.5817948579788208,0.5250247716903687,0.5830917596817017,1
b2924,b2923,0,0.29542940855026245,0.23393478989601135,0.27698466181755066,0.40578585863113403,0.4686761796474457,0.4025394320487976,0.2003519982099533,0.2988263964653015,0.56307053565979,0.4710308313369751,0.36166300922632216,0
b2923,b2922,0,0.8274831771850586,0.8557549118995667,0.17261800169944763,0.8367582559585571,0.7988934516906738,0.8952645063400269,0.8537355661392212,0.7978657484054565,0.7643938064575195,0.9029593467712402,0.7705726772546768,1
b2922,b2921,0,0.883635401725769,0.8366416692733765,0.6939021944999695,0.8189274668693542,0.5986191034317017,0.696982204914093,0.6909636855125427,0.8013094663619995,0.7937391996383667,0.6348863840103149,0.7449606776237487,1
b2921,b2914,0,0.00014852687309030443,0.0006669133435934782,0.017065735533833504,0.0017438484355807304,0.004306116607040167,0.0014337771572172642,0.00010375621786806732,0.0014302110066637397,0.00045311226858757436,0.004814390558749437,0.0032166388002224265,0
b2914,b2913,0,0.8613636493682861,0.6392040252685547,0.6216641068458557,0.5295310020446777,0.46801531314849854,0.5204066038131714,0.885481595993042,0.5831341743469238,0.6459655165672302,0.40731462836265564,0.6162080615758896,1
b2909,b2908,1,0.9956561326980591,0.9949710369110107,0.98928302526474,0.9887675642967224,0.9757204055786133,0.993625819683075,0.9985345005989075,0.9863535165786743,0.9970584511756897,0.9903877377510071,0.9910358190536499,1
b2908,b2907,1,0.9971364736557007,0.9958779811859131,0.9971303939819336,0.9781176447868347,0.9895206689834595,0.9888131022453308,0.9968196153640747,0.9855307340621948,0.9988112449645996,0.9960193634033203,0.9923777222633362,1
b2907,b2906,1,0.997786283493042,0.9904611706733704,0.977115273475647,0.9827266931533813,0.9628413319587708,0.9821521639823914,0.9957275986671448,0.979762613773346,0.990459144115448,0.9729740023612976,0.983200627565384,1
b2906,b2905,0,0.21006691455841064,0.10792612284421921,0.03626149147748947,0.15211689472198486,0.13274770975112915,0.20379739999771118,0.02102917619049549,0.06877752393484116,0.16033031046390533,0.1411610096693039,0.12342145536094903,0
b2905,b2904,1,0.9952346086502075,0.9800885319709778,0.935795783996582,0.9628692865371704,0.9370965957641602,0.9796410202980042,0.984937310218811,0.9639386534690857,0.9768991470336914,0.9734563231468201,0.968995726108551,1
b2904,b2903,1,0.9902079105377197,0.9864344000816345,0.9219716191291809,0.9836561679840088,0.9452082514762878,0.9546417593955994,0.9946915507316589,0.9672923684120178,0.9875479936599731,0.9613266587257385,0.9692978680133819,1
b2903,b2902,0,0.7935324907302856,0.7168213129043579,0.749795138835907,0.6763905882835388,0.4201030135154724,0.4349394142627716,0.4150867164134979,0.5306275486946106,0.5481760501861572,0.5942711234092712,0.587974339723587,1
b2902,b2900,0,0.0035473613534122705,0.004922942258417606,0.0002899702813010663,0.0053286305628716946,0.0063171484507620335,0.008376847952604294,0.0027603800408542156,0.0015602174680680037,0.009629531763494015,0.002437179209664464,0.004517020934144966,0
b2900,b2899,0,0.024628782644867897,0.041781727224588394,0.004069055430591106,0.06088092550635338,0.13483378291130066,0.07388371974229813,0.009163593873381615,0.02497195266187191,0.09576942026615143,0.13901785016059875,0.06090008104220033,0
b2899,b2897,0,0.0020145720336586237,0.0021216715686023235,0.0012283711694180965,0.001605508616194129,0.0022720603737980127,0.0068706427700817585,0.006749252323061228,0.0014134242665022612,0.006061844527721405,0.00024542282335460186,0.003058277047239244,0
b2897,b2896,1,0.9973114728927612,0.9967919588088989,0.9956772923469543,0.9799121022224426,0.9860736131668091,0.9857290387153625,0.9980173707008362,0.9880295991897583,0.998284101486206,0.9944753050804138,0.9920301854610443,1
b2896,b2894,0,0.010943750850856304,0.01934586465358734,0.009561087936162949,0.03572039306163788,0.04761544615030289,0.03211754187941551,0.028465842828154564,0.021154699847102165,0.06773167848587036,0.007851765491068363,0.028050807118415833,0
b2894,b2893,1,0.9969425201416016,0.9878728985786438,0.9641536474227905,0.9595915079116821,0.9265254735946655,0.966812789440155,0.9940800666809082,0.9775276184082031,0.9812846183776855,0.9758995175361633,0.9730690658092499,1
b2893,b2892,1,0.9959710836410522,0.9960333704948425,0.9848372340202332,0.9938388466835022,0.9813680052757263,0.9910657405853271,0.9988481402397156,0.9893379211425781,0.9974087476730347,0.9907297492027283,0.9919438838958741,1
b2892,b2891,0,0.7794762253761292,0.7587974667549133,0.257297545671463,0.7389094829559326,0.8600416779518127,0.7464019656181335,0.7447992563247681,0.6966761946678162,0.8300941586494446,0.8823893666267395,0.7294883340597152,1
b2891,b2890,1,0.9965400695800781,0.9968788027763367,0.9917039275169373,0.9909127950668335,0.9825778007507324,0.9941134452819824,0.9986709356307983,0.9886727929115295,0.9979619383811951,0.9931767582893372,0.9931209266185761,1
b2890,b2887,0,0.14222733676433563,0.021645138040184975,0.08491738140583038,0.06288318336009979,0.05129935219883919,0.036702509969472885,0.026596330106258392,0.06947555392980576,0.05469189211726189,0.01457883883267641,0.05650175167247653,0
b2887,b2886,1,0.9977163672447205,0.9969200491905212,0.9962844252586365,0.9698430895805359,0.9908604621887207,0.9923935532569885,0.9945257902145386,0.9842635989189148,0.9991865754127502,0.9971269369125366,0.9919120848178864,1
b2886,b2876,0,2.003063309530262e-05,4.347480717115104e-05,7.570030220449553e-07,8.989329944597557e-05,0.00025917848688550293,0.0003265618870500475,1.3688891158381011e-06,7.034013833617792e-05,0.00010685851884773001,4.0564158553024754e-05,9.590278215227954e-05,0
b2876,b2875,1,0.9953123331069946,0.9914536476135254,0.9765764474868774,0.9869360327720642,0.9685484766960144,0.9878042936325073,0.9982703328132629,0.9828273057937622,0.9955766797065735,0.9847092628479004,0.9868014812469482,1
b2875,b2869,0,4.656587407225743e-05,0.0002764018136076629,2.00497070181882e-05,0.000971236964687705,0.0017361738719046116,0.002020701766014099,5.4339863709174097e-05,0.0001614032225916162,0.0011417599162086844,0.00043891146196983755,0.0006867544461783837,0
b2869,b2865,0,0.00025118631310760975,0.0007344370824284852,0.00014812464360147715,0.002523504663258791,0.0036548906937241554,0.0037620023358613253,0.00021018131519667804,0.0010509021813049912,0.0025488967075943947,0.0007108360296115279,0.0015594961965689435,0
b2844,b2843,0,0.3269364833831787,0.13159993290901184,0.08131573349237442,0.17885974049568176,0.2119513899087906,0.18835340440273285,0.031643096357584,0.15274281799793243,0.328962504863739,0.1548791527748108,0.17872442565858365,0
b2843,b2842,1,0.9862551093101501,0.9766634702682495,0.9887735843658447,0.950352132320404,0.9244527816772461,0.9807541370391846,0.9898660778999329,0.9544142484664917,0.9659490585327148,0.9667320847511292,0.9684212684631348,1
b2842,b2841,0,0.20924422144889832,0.2347061038017273,0.07180986553430557,0.3220931887626648,0.20543567836284637,0.2710458040237427,0.09086434543132782,0.20684106647968292,0.4664430022239685,0.23428653180599213,0.23127698078751563,0
b2841,b2840,1,0.824506402015686,0.9030022025108337,0.3063054382801056,0.8576346039772034,0.8101810216903687,0.8868516683578491,0.9048218131065369,0.8476328253746033,0.7968820333480835,0.8627291917800903,0.800054720044136,1
b2840,b2838,0,0.0021314043551683426,0.00775486184284091,0.008556684479117393,0.02696872316300869,0.03968185558915138,0.024460265412926674,0.013341720215976238,0.010394442826509476,0.03708373382687569,0.0034127156250178814,0.017378640733659266,0
b2836,b2835,0,0.9975464344024658,0.9969270825386047,0.9974001049995422,0.9776013493537903,0.9902787804603577,0.9907826781272888,0.9959022998809814,0.986626386642456,0.9989704489707947,0.996338963508606,0.9928374528884888,1
b2835,b2830,0,0.00017736168229021132,0.00031476220465265214,7.236321835080162e-05,0.0006427960470318794,0.001497812569141388,0.0012801522389054298,0.00041341359610669315,9.125890210270882e-05,0.0005953945801593363,0.0005469641764648259,0.0005632279215205926,0
b2830,b2829,1,0.9951134920120239,0.9947877526283264,0.97988361120224,0.993719220161438,0.9794037342071533,0.983461320400238,0.9988548159599304,0.9873015284538269,0.996921956539154,0.9868175983428955,0.9896265029907226,1
b2829,b2828,1,0.9419796466827393,0.8027726411819458,0.7280370593070984,0.8128741979598999,0.6266140341758728,0.8477197885513306,0.5653420090675354,0.8032997846603394,0.793322741985321,0.8304286003112793,0.7752390503883362,1
b2828,b2827,1,0.997952401638031,0.9968699216842651,0.9946262240409851,0.9904832243919373,0.9799449443817139,0.9941309094429016,0.9976546168327332,0.9911013841629028,0.9976652264595032,0.9920527935028076,0.9932481646537781,1
b2827,b2826,0,0.3323049247264862,0.1483922302722931,0.37401720881462097,0.2796187698841095,0.3477556109428406,0.3359176814556122,0.0558459609746933,0.18761344254016876,0.42880159616470337,0.3006678521633148,0.2790935277938843,0
b2826,b2825,1,0.9975418448448181,0.9977803230285645,0.996508002281189,0.9800336956977844,0.9870817065238953,0.9889023900032043,0.9978460669517517,0.990365743637085,0.9986208081245422,0.9947727918624878,0.9929453372955322,1
b2825,b2824,1,0.9975087642669678,0.9979112148284912,0.9972909092903137,0.9805271625518799,0.9891108870506287,0.9905555248260498,0.9971376657485962,0.9899963736534119,0.9988539814949036,0.9955418109893799,0.9934434294700623,1
b2824,b2823,1,0.9980745911598206,0.997806966304779,0.9966652989387512,0.977327287197113,0.9892706871032715,0.9901769161224365,0.9973227977752686,0.9889546036720276,0.9988618493080139,0.9959232211112976,0.9930384218692779,1
b2823,b2822,0,0.989196240901947,0.964057445526123,0.9478033185005188,0.9679272174835205,0.9394398927688599,0.9762281775474548,0.9872593879699707,0.9438080191612244,0.9633617401123047,0.9806634187698364,0.965974485874176,1
b2822,b2821,0,0.9821879863739014,0.9149126410484314,0.8764786124229431,0.9392024278640747,0.8284619450569153,0.8724654912948608,0.8845972418785095,0.8506448268890381,0.9066281318664551,0.902677059173584,0.8958256363868713,1
b2821,b2820,0,0.9977902173995972,0.996915340423584,0.9976931810379028,0.9809158444404602,0.9883241057395935,0.9891617894172668,0.9981750249862671,0.9891252517700195,0.9986662864685059,0.9952905178070068,0.9932057559490204,1
b2820,b2819,1,0.9977696537971497,0.9970922470092773,0.9966436624526978,0.9743543863296509,0.9900168776512146,0.9906965494155884,0.9953816533088684,0.9863597750663757,0.9990057945251465,0.9964703321456909,0.992379093170166,1
b2819,b2817,0,0.003157914150506258,0.004843685310333967,0.0011817829217761755,0.017412176355719566,0.0266213770955801,0.017127370461821556,0.014402086846530437,0.003069058060646057,0.017560290172696114,0.0027441815473139286,0.010811992292292415,0
b2817,b2813,0,0.03726576641201973,0.029230935499072075,0.17393921315670013,0.029646597802639008,0.07110210508108139,0.036837827414274216,0.0848035141825676,0.017856765538454056,0.04415132850408554,0.021533500403165817,0.054636755399405955,0
b2813,b2812,0,0.7560011148452759,0.6017473936080933,0.4627591371536255,0.7722132205963135,0.5371049642562866,0.7641063332557678,0.565606951713562,0.6313425898551941,0.674730658531189,0.6378712058067322,0.6403483569622039,1
b2812,b2809,0,4.4335785787552595e-05,0.0036080454010516405,3.7831625377293676e-05,0.0011398288188502192,0.0019487036624923348,0.00261058215983212,0.0008083328139036894,0.0011473235208541155,0.0024976078420877457,0.00022475147852674127,0.0014067343108763453,0
b2809,b2808,0,0.05255797877907753,0.018983066082000732,0.0033251650165766478,0.03398875519633293,0.039663005620241165,0.1018141508102417,0.03522102162241936,0.016895482316613197,0.03753393515944481,0.01823207549750805,0.03582146361004561,0
b2808,b2807,0,0.9806526899337769,0.9746559262275696,0.9640399813652039,0.9503234028816223,0.9118706583976746,0.9752895832061768,0.9714324474334717,0.9493206143379211,0.9667083621025085,0.9555840492248535,0.9599877715110778,1
b2807,b2806,1,0.9968965649604797,0.997607409954071,0.9971903562545776,0.985143780708313,0.9831992387771606,0.9864607453346252,0.9989494681358337,0.9920378923416138,0.9980888366699219,0.9935658574104309,0.9929140150547028,1
b2806,b2800,0,3.358750109327957e-05,0.0002620153536554426,0.00037749757757410407,0.00020692162797786295,0.0004221539420541376,0.0006020413711667061,0.0007818085141479969,8.845925913192332e-05,0.00037099496694281697,0.00010482768266228959,0.000325030779640656,0
b2800,b2799,1,0.9928939938545227,0.9892179369926453,0.9813504219055176,0.9813843965530396,0.9610810279846191,0.9895892143249512,0.9949983358383179,0.977641224861145,0.9900004863739014,0.9881370067596436,0.9846294045448303,1
b2799,b2793,0,5.1598053687484935e-05,0.0002888376184273511,8.808254278847016e-06,0.0003246425767429173,0.000535561004653573,0.0010058131301775575,4.179877942078747e-05,0.00022748997434973717,0.00033890322083607316,0.00011069346510339528,0.0002934146077677724,0
b2792,b2791,1,0.9966815710067749,0.9973671436309814,0.9975714683532715,0.9868212342262268,0.9857541918754578,0.9872041940689087,0.9987473487854004,0.9920459389686584,0.9982362985610962,0.9942861795425415,0.9934715569019318,1
b2791,b2790,1,0.5185893177986145,0.5903221368789673,0.13814905285835266,0.7419134378433228,0.6663001179695129,0.6396722197532654,0.7874835729598999,0.6531938910484314,0.6886311173439026,0.8270360231399536,0.6251290887594223,1
b2790,b2789,0,0.21536380052566528,0.20139430463314056,0.046328354626894,0.23202142119407654,0.16769753396511078,0.15005354583263397,0.3206511437892914,0.30333858728408813,0.2694779634475708,0.12336716800928116,0.20296938233077527,0
b2789,b2788,1,0.9986005425453186,0.9952971339225769,0.9954457879066467,0.9913333654403687,0.9791367053985596,0.9913030862808228,0.9982796311378479,0.9882447123527527,0.9972825646400452,0.9894099235534668,0.9924333453178406,1
b2788,b2787,1,0.9874716997146606,0.976170539855957,0.9278258681297302,0.9125942587852478,0.9229669570922852,0.9573025107383728,0.9691787958145142,0.9252976775169373,0.9666376709938049,0.9715700149536133,0.9517015993595124,1
b2787,b2785,0,0.002596406964585185,0.011296885088086128,0.010674594901502132,0.029589978978037834,0.007444370072335005,0.012098933570086956,0.08496972173452377,0.013268929906189442,0.011461300775408745,0.0027973174583166838,0.018619843944907188,0
b2785,b2784,0,0.9966787099838257,0.9885514974594116,0.9699200987815857,0.9712471961975098,0.9455418586730957,0.9876035451889038,0.9955379962921143,0.9667341709136963,0.9864622950553894,0.9855624437332153,0.9793839812278747,1
b2784,b2783,1,0.9843395352363586,0.9259664416313171,0.9500247836112976,0.8931795358657837,0.8294691443443298,0.9442956447601318,0.924126148223877,0.9006784558296204,0.9116438031196594,0.9067362546920776,0.9170459747314453,1
b2783,b2782,1,0.9964042901992798,0.9890933036804199,0.997105062007904,0.9840905070304871,0.9869182705879211,0.9864539504051208,0.9980769753456116,0.9872421622276306,0.9982505440711975,0.9938522577285767,0.9917487323284149,1
b2782,b2781,1,0.8680703043937683,0.929804801940918,0.5569642782211304,0.9361475110054016,0.8595874309539795,0.8448840975761414,0.8881515264511108,0.8905529379844666,0.9403443932533264,0.9129607081413269,0.862746798992157,1
b2781,b2780,0,0.5446300506591797,0.4971001446247101,0.10911678522825241,0.583494246006012,0.5629889369010925,0.7584394812583923,0.4670732915401459,0.5997693538665771,0.5219576358795166,0.7554404139518738,0.5400010339915753,1
b2780,b2779,1,0.9443697333335876,0.8455531597137451,0.5620514750480652,0.8426384329795837,0.8109906911849976,0.8569768667221069,0.8403562903404236,0.8699760437011719,0.8367573618888855,0.9108123183250427,0.832048237323761,1
b2779,b2777,0,0.41759192943573,0.10396488755941391,0.11365644633769989,0.23326855897903442,0.21000723540782928,0.18974187970161438,0.24786323308944702,0.33244720101356506,0.11430377513170242,0.09422193467617035,0.20570670813322067,0
b2777,b2774,0,5.847242209711112e-05,7.723619637545198e-05,6.39739228063263e-05,0.0003018811985384673,0.0012836073292419314,0.0013731673825532198,4.203098342259182e-06,0.0003869840584229678,0.000498386740218848,0.0003532999544404447,0.0004401212303037028,0
b2774,b4463,1,0.9690473079681396,0.9295371770858765,0.9723184704780579,0.9607236981391907,0.8725883364677429,0.960892915725708,0.9923794865608215,0.8857541084289551,0.931923508644104,0.9348145723342896,0.9409979581832886,1
b4463,b2771,1,0.8950950503349304,0.9749881029129028,0.755043625831604,0.9675074815750122,0.8413375020027161,0.887451171875,0.9532697200775146,0.916140079498291,0.8603029251098633,0.8096936941146851,0.886082935333252,1
b2771,b2770,1,0.9977189898490906,0.9971737861633301,0.9973019957542419,0.9758520722389221,0.9895403981208801,0.9904599785804749,0.9961023330688477,0.9870193600654602,0.9989508986473083,0.9961910843849182,0.9926310896873474,1
b2770,b2769,1,0.9975906610488892,0.9968435168266296,0.9976041913032532,0.9830173850059509,0.9881319403648376,0.9891970753669739,0.9978886246681213,0.9903661012649536,0.9986042380332947,0.9950963854789734,0.9934340119361877,1
b2769,b2764,0,0.002164734760299325,0.004673080053180456,0.00026369746774435043,0.005328627768903971,0.004253852181136608,0.030037853866815567,0.007293937262147665,0.0036106244660913944,0.003986802417784929,0.002676750998944044,0.006428996124304831,0
b2764,b2763,1,0.9973255395889282,0.9967424869537354,0.9976286888122559,0.9809443950653076,0.9899659156799316,0.9901779294013977,0.9976980090141296,0.9880749583244324,0.9989166259765625,0.9960383772850037,0.9933512926101684,1
b2763,b2762,1,0.9850975871086121,0.9771811962127686,0.8697535395622253,0.9706462621688843,0.9418722987174988,0.978061318397522,0.9904378056526184,0.9629917144775391,0.9865781664848328,0.9754108786582947,0.9638030767440796,1
b2762,b2761,0,0.33833256363868713,0.10516460984945297,0.140633225440979,0.13493622839450836,0.21758770942687988,0.23159529268741608,0.03159618750214577,0.07901616394519806,0.19109119474887848,0.2806696593761444,0.175062283501029,0
b2761,b2760,0,0.17374853789806366,0.31302252411842346,0.42996835708618164,0.3737148344516754,0.2507365942001343,0.4798217713832855,0.3553984463214874,0.30055180191993713,0.30785611271858215,0.41520416736602783,0.3400023147463799,0
b2760,b2759,1,0.9979552626609802,0.9977484345436096,0.9972068667411804,0.9756830334663391,0.9905450940132141,0.9924855828285217,0.9950512051582336,0.9871619939804077,0.9991558790206909,0.996835470199585,0.9929828822612763,1
b2759,b2758,1,0.9707140922546387,0.9590354561805725,0.8748493790626526,0.9245200157165527,0.9003394246101379,0.9489691853523254,0.9586674571037292,0.9339498281478882,0.9289906024932861,0.9540865421295166,0.93541219830513,1
b2758,b2757,1,0.9935594797134399,0.9816294312477112,0.9879361391067505,0.9671317338943481,0.9492672085762024,0.9576273560523987,0.9917439222335815,0.9185393452644348,0.9828823804855347,0.9699046015739441,0.9700221598148346,1
b2757,b2756,1,0.9975576400756836,0.9972823262214661,0.9977053999900818,0.9807958006858826,0.9888718128204346,0.9896466732025146,0.9976253509521484,0.9892919063568115,0.9987753033638,0.9954907298088074,0.993304294347763,1
b2756,b2755,1,0.9928645491600037,0.9800336956977844,0.9701154232025146,0.9892950654029846,0.971773087978363,0.9909300804138184,0.9974468350410461,0.9846936464309692,0.9943004846572876,0.9876331090927124,0.9859085977077484,1
b2755,b2754,1,0.9945971965789795,0.9933207035064697,0.9835066795349121,0.9871982336044312,0.9720711708068848,0.9772680997848511,0.9834706783294678,0.9800423383712769,0.99422287940979,0.9831826686859131,0.9848880648612977,1
b2754,b2752,0,0.00023756688460707664,0.0005530299968086183,5.0815928261727095e-05,0.001235390198417008,0.0014228996587917209,0.011883916333317757,0.0002982233418151736,0.0023787457030266523,0.0016561126103624701,0.0006533216219395399,0.002037002227734774,0
b2752,b2751,1,0.9370341897010803,0.949443519115448,0.9269472360610962,0.9150500893592834,0.8672205805778503,0.9062051177024841,0.9283250570297241,0.9205894470214844,0.8847816586494446,0.9262725710868835,0.916186946630478,1
b2751,b2750,1,0.9966943860054016,0.9949748516082764,0.9967629313468933,0.972840428352356,0.9906225204467773,0.9909039735794067,0.9941858649253845,0.9828827381134033,0.9990676045417786,0.9967434406280518,0.991567873954773,1
b2750,b2749,0,0.6545872688293457,0.8821955323219299,0.25208938121795654,0.8597175478935242,0.7768356204032898,0.7467194199562073,0.5839747786521912,0.7420051693916321,0.8249281644821167,0.7878605127334595,0.7110913395881653,1
b2749,b2748,0,0.06492929905653,0.1513916403055191,0.01613086648285389,0.17065854370594025,0.0971095934510231,0.3214859962463379,0.06836671382188797,0.08554020524024963,0.13271719217300415,0.14427170157432556,0.12526017520576715,0
b2748,b2747,1,0.9966093301773071,0.9912372827529907,0.979518473148346,0.9944282174110413,0.9801034927368164,0.9897075891494751,0.9983697533607483,0.9921226501464844,0.9969245791435242,0.9846366047859192,0.9903657972812653,1
b2747,b2746,1,0.9968878626823425,0.9968840479850769,0.9975553750991821,0.980165421962738,0.9907982349395752,0.9911611676216125,0.9966219067573547,0.987621009349823,0.9990390539169312,0.9963297843933105,0.9933063864707947,1
b2746,b2745,1,0.9969512224197388,0.9975168704986572,0.9963382482528687,0.9824070930480957,0.9843444228172302,0.9865087270736694,0.9987516403198242,0.9904530048370361,0.9981505274772644,0.9939901232719421,0.9925411880016327,1
b2745,b2744,0,0.997551441192627,0.9972672462463379,0.9973798394203186,0.979792058467865,0.9899572134017944,0.9907694458961487,0.9971972107887268,0.9884975552558899,0.9988999366760254,0.9959901571273804,0.9933302104473114,1
b2744,b2743,1,0.9971652626991272,0.9965324997901917,0.9971812963485718,0.9795635938644409,0.9900954365730286,0.9899553060531616,0.9970998764038086,0.9869773387908936,0.9988919496536255,0.9960227012634277,0.9929485261440277,1
b2743,b2742,0,0.9135598540306091,0.9755061268806458,0.8343947529792786,0.9609732627868652,0.7799471616744995,0.9439542889595032,0.9906540513038635,0.8999372720718384,0.9049512147903442,0.8752143979072571,0.9079092383384705,1
b2742,b2741,1,0.9909769296646118,0.97053062915802,0.9375656843185425,0.9543485045433044,0.9178572297096252,0.9791759252548218,0.9886009097099304,0.9590809345245361,0.9733484983444214,0.9726186990737915,0.9644103944301605,1
b2741,b2735,0,0.0005876549403183162,0.00038142368430271745,0.00890591461211443,0.001321020652540028,0.007822336629033089,0.0053780414164066315,2.4684220989001915e-05,0.0006434392998926342,0.002103016711771488,0.0023761196061968803,0.0029543651773565214,0
b2735,b2732,0,8.972209616331384e-05,0.00031312438659369946,2.4402605049544945e-05,0.0005101747228763998,0.0005878494121134281,0.0013952427543699741,0.00016244666767306626,0.0003034304245375097,0.0008630805532447994,0.00025260302936658263,0.00045020766519883183,0
b2732,b2725,0,9.257008059648797e-06,5.996227264404297e-05,1.4919802197255194e-05,9.379936818731949e-05,0.00026003786479122937,0.00046416744589805603,1.1761318319258862e-06,6.0236336139496416e-05,0.00026109893224202096,5.3530769946519285e-05,0.00012781859319375145,0
b2725,b2724,1,0.8627541661262512,0.8531392216682434,0.730046808719635,0.7780686616897583,0.46431341767311096,0.7472541332244873,0.9188342094421387,0.6119133830070496,0.6609700322151184,0.5786632299423218,0.7205957263708115,1
b2724,b2723,1,0.9971213936805725,0.997143030166626,0.9968951344490051,0.984240710735321,0.9832332730293274,0.9851430654525757,0.9988040924072266,0.9906084537506104,0.9979645609855652,0.9942036867141724,0.9925357401371002,1
b2723,b2722,1,0.9967338442802429,0.9910500049591064,0.9876453876495361,0.9660481810569763,0.9508801698684692,0.9675402641296387,0.9934526085853577,0.976299524307251,0.9813975691795349,0.9588586688041687,0.9769906222820282,1
b2722,b2721,1,0.9743838906288147,0.9612493515014648,0.976117730140686,0.9351184368133545,0.8917235732078552,0.9416989088058472,0.9772009253501892,0.9362414479255676,0.9116190075874329,0.941007673740387,0.94463609457016,1
b2721,b2720,1,0.992656946182251,0.9891709089279175,0.9705397486686707,0.9666018486022949,0.9429847598075867,0.9796525835990906,0.9937426447868347,0.9792880415916443,0.9809820055961609,0.9650310277938843,0.9760650515556335,1
b2720,b2719,1,0.99766606092453,0.9949343800544739,0.9976814985275269,0.9826676845550537,0.9876610040664673,0.9889748096466064,0.9985138773918152,0.988264262676239,0.9986366033554077,0.9950207471847534,0.9930020928382873,1
b2719,b2718,1,0.9979361295700073,0.9973852038383484,0.9974976181983948,0.9779881834983826,0.9903257489204407,0.9915644526481628,0.9956788420677185,0.9880439043045044,0.9990550875663757,0.9965542554855347,0.993202942609787,1
b2718,b2717,1,0.9976970553398132,0.9954923987388611,0.9969916343688965,0.9807847738265991,0.9874311089515686,0.9893373250961304,0.998433530330658,0.9891385436058044,0.9985597133636475,0.9944901466369629,0.9928356230258941,1
b2717,b2714,0,4.369659654912539e-05,0.00027894589584320784,0.00013456276792567223,0.0008875663625076413,0.0014496827498078346,0.0010408449452370405,4.2175317503279075e-05,0.00025617607752792537,0.0007261968567036092,0.000345482345437631,0.0005205329915042966,0
b2714,b2713,0,0.8386574387550354,0.41447532176971436,0.12051313370466232,0.5706387162208557,0.43569058179855347,0.5467764139175415,0.13662154972553253,0.6207458972930908,0.6570072174072266,0.5024209022521973,0.484354717284441,0
b2713,b2712,1,0.6563810110092163,0.8209066987037659,0.35645511746406555,0.7795392274856567,0.676914632320404,0.773053765296936,0.8317312002182007,0.7744001746177673,0.6882256269454956,0.8243621587753296,0.7181969612836838,1
b2712,b2709,0,0.011360294185578823,0.017216140404343605,0.002248333999887109,0.03250323235988617,0.010755316354334354,0.0540429949760437,6.067089634598233e-05,0.021894803270697594,0.00606140773743391,0.008807470090687275,0.016495066427523852,0
b2709,b2701,0,0.0003699319495353848,0.0006543186027556658,0.00012153631541877985,0.0010167888831347227,0.0017226416384801269,0.001955421408638358,0.00020335367298685014,0.0001272544905077666,0.0008552060462534428,0.00037192145828157663,0.0007398374465992675,0
b2701,b2700,0,0.316684752702713,0.30796167254447937,0.016640054062008858,0.29428911209106445,0.3517777919769287,0.2354402393102646,0.0636349618434906,0.14736326038837433,0.39216306805610657,0.424542099237442,0.25504970122128723,0
b2700,b2699,0,0.8714199662208557,0.8153097629547119,0.31611520051956177,0.8280449509620667,0.8155463933944702,0.8905661702156067,0.8748704195022583,0.8452556729316711,0.7549240589141846,0.9138028025627136,0.7925855398178101,1
b2699,b2698,0,0.8727776408195496,0.7169012427330017,0.5226945281028748,0.7958448529243469,0.7776638865470886,0.7904897332191467,0.9588150978088379,0.7542613744735718,0.684964120388031,0.8404378890991211,0.771485036611557,1
b2698,b2697,0,0.38558369874954224,0.41061535477638245,0.22527605295181274,0.6161875128746033,0.5711262822151184,0.6128824353218079,0.7019526362419128,0.5679627060890198,0.46049952507019043,0.6952952742576599,0.524738147854805,1
b2697,b2696,0,0.9318562150001526,0.9396198987960815,0.2847192585468292,0.8958636522293091,0.8573456406593323,0.9025338888168335,0.9594594836235046,0.8540824055671692,0.9335582256317139,0.8911756277084351,0.8450214296579361,1
b2690,b2689,1,0.9974395632743835,0.9970200061798096,0.9960692524909973,0.9762537479400635,0.9882978200912476,0.9887257218360901,0.9968687295913696,0.9873870611190796,0.9986986517906189,0.9954776763916016,0.9922238230705261,1
b2689,b2688,0,0.9889630079269409,0.9507059454917908,0.9307441711425781,0.9566925168037415,0.9182670712471008,0.9717596173286438,0.9631081223487854,0.9054085612297058,0.9499701857566833,0.9740649461746216,0.9509684145450592,1
b2688,b2687,0,0.9334516525268555,0.8889128565788269,0.3859255313873291,0.8449071645736694,0.6844065189361572,0.9121805429458618,0.9496403336524963,0.8400440812110901,0.8144204020500183,0.7927274107933044,0.804661649465561,1
b2687,b2671,0,5.001180397812277e-06,3.0669594707433134e-05,5.387154487834778e-06,5.718764441553503e-05,0.00022207161237020046,0.00023536507796961814,1.903020034887959e-07,2.7559177397051826e-05,8.77772836247459e-05,5.70453739783261e-05,7.282544013520464e-05,0
b2671,b2669,0,0.00015897766570560634,0.00020433441386558115,6.418272823793814e-05,0.0010513587621971965,0.0018788001034408808,0.004440295044332743,0.00012211147986818105,0.0006187933031469584,0.0016628450248390436,0.0005472119082696736,0.0010748910433903802,0
b2669,b2666,0,0.0002920762053690851,0.0013492741854861379,0.007139800116419792,0.0017599277198314667,0.0013355795526877046,0.001750900992192328,0.010259617120027542,0.0013013422721996903,0.001526398817077279,0.0003162749926559627,0.002703119197394699,0
b2666,b2665,0,0.16237153112888336,0.2653413414955139,0.061759695410728455,0.37314197421073914,0.30818983912467957,0.5141129493713379,0.08296531438827515,0.259717732667923,0.3114898204803467,0.5061191916465759,0.2845209389925003,0
b2647,b2629,0,5.359584611142054e-05,0.0003129167016595602,5.766957110608928e-05,0.0006162672070786357,0.0015221766661852598,0.0023016086779534817,8.278446330223233e-06,0.00014480232493951917,0.00039099689456634223,0.0006987822707742453,0.0006107094606704778,0
b2629,b2628,0,0.10939788073301315,0.3084796071052551,0.028556527569890022,0.3851570785045624,0.4036387801170349,0.49978846311569214,0.19863227009773254,0.38177570700645447,0.26253804564476013,0.37479159235954285,0.29527559522539376,0
b2628,b2627,1,0.9970152974128723,0.9975569248199463,0.9980149865150452,0.9846551418304443,0.9884844422340393,0.9900351762771606,0.998315155506134,0.9912780523300171,0.9987708926200867,0.9952966570854187,0.9939422726631164,1
b2627,b2623,0,0.2676737308502197,0.004871016833931208,0.05969724804162979,0.033888768404722214,0.017123792320489883,0.19577528536319733,0.06976103782653809,0.04460078850388527,0.01764773763716221,0.010938276536762714,0.07219776823185384,0
b2623,b2619,0,4.736437040264718e-05,0.00015672916197218,0.0018911536317318678,0.00032808061223477125,0.0021333149634301662,0.0014191415393725038,2.2223437099455623e-06,5.907380545977503e-05,0.0003553951100911945,0.0012628325494006276,0.0007655308087805679,0
b2619,b2618,1,0.9975059032440186,0.9891705513000488,0.9966393709182739,0.9755768775939941,0.9893243312835693,0.9894576668739319,0.9968909621238708,0.9850410223007202,0.998754620552063,0.9956775307655334,0.9914038836956024,1
b2618,b2614,0,3.450255826464854e-05,6.521098111988977e-05,0.0008093547658063471,0.00017570485942997038,0.0012611174024641514,0.0011069488245993853,4.969056590198306e-06,5.000857709092088e-05,0.0003077029250562191,0.00038727305945940316,0.0004202793009881134,0
b2614,b2610,0,0.0017544064903631806,0.0006295206258073449,0.0012611864367499948,0.0063845086842775345,0.011639480479061604,0.013515514321625233,0.00015267297567334026,0.0014659403823316097,0.009949947707355022,0.003154553472995758,0.004990773157624062,0
b2610,b2609,0,0.1051035150885582,0.2790084779262543,0.02703985385596752,0.3482306897640228,0.2520727217197418,0.3991195261478424,0.03013925813138485,0.23570509254932404,0.2800227999687195,0.3266330063343048,0.228307494148612,0
b2609,b2608,1,0.9924439191818237,0.9906226396560669,0.9876221418380737,0.9817219972610474,0.9588169455528259,0.9850482940673828,0.995388925075531,0.975450873374939,0.9915899634361267,0.9865726232528687,0.9845278322696686,1
b2608,b2607,1,0.9974554777145386,0.9935356974601746,0.9922558069229126,0.9936723709106445,0.9775657057762146,0.9914327263832092,0.9984378218650818,0.9915566444396973,0.9968851208686829,0.9871379733085632,0.991993534564972,1
b2607,b2606,1,0.9961448907852173,0.9914888739585876,0.971035897731781,0.9869183897972107,0.9814718961715698,0.9946657419204712,0.9971606135368347,0.9868521690368652,0.9983116984367371,0.9935162663459778,0.9897566437721252,1
b2606,b2601,0,0.0006405668682418764,0.000218095607124269,0.024462860077619553,0.0008382860687561333,0.0049359360709786415,0.0036063676234334707,2.1979381926939823e-05,0.0012315260246396065,0.001522605656646192,0.0014788074186071754,0.0038957030797973856,0
b2601,b2600,1,0.9953222870826721,0.9938498735427856,0.9896945953369141,0.989745557308197,0.9808244109153748,0.9900445342063904,0.9979745149612427,0.9843207597732544,0.9972615242004395,0.991806149482727,0.9910844206809998,1
b2600,b2594,0,0.0004957308410666883,0.0004076443728990853,2.9353386707953177e-05,0.0006834522937424481,0.0023697782307863235,0.0028938869945704937,2.1147625375306234e-05,0.0002957151154987514,0.0009483163012191653,0.0009459623834118247,0.000909098754527804,0
b2594,b2593,1,0.9972078204154968,0.9966416358947754,0.99728924036026,0.9804748296737671,0.9903613924980164,0.9904059171676636,0.9970054030418396,0.9877182245254517,0.9989369511604309,0.9961135387420654,0.9932154953479767,1
b2587,b2581,0,4.438689211383462e-05,0.0003005678881891072,0.0012317560613155365,0.0005923364078626037,0.0009229721617884934,0.0012723325053229928,0.002481762319803238,0.00023827010591048747,0.001103428192436695,0.00022342595912050456,0.0008411238493863493,0
b2581,b2579,0,0.0011106360470876098,0.003920528572052717,0.0013330753426998854,0.005945204757153988,0.010386079549789429,0.010438306257128716,0.002641083672642708,0.0023665246553719044,0.0050786943174898624,0.0050858729518949986,0.004830600612331181,0
b2579,b2577,0,0.37999722361564636,0.047737304121255875,0.2201179414987564,0.16169394552707672,0.09899002313613892,0.06797964125871658,0.18438604474067688,0.26046305894851685,0.08261322975158691,0.0395570807158947,0.15435354933142661,0
b2577,b2575,0,0.0004790873499587178,0.006201680283993483,0.0010356439743191004,0.0036364065017551184,0.003962844610214233,0.003287307918071747,0.0066495733335614204,0.0012538095470517874,0.00616706907749176,0.00103820173535496,0.003371162433177233,0
b2575,b2573,0,0.0021532420068979263,0.0012454872485250235,0.0006797923124395311,0.002060569589957595,0.004743916913866997,0.009317307732999325,0.00011359147174516693,0.0033247433602809906,0.0017053303308784962,0.002181526506319642,0.0027525507473910695,0
b2573,b2572,1,0.9953246712684631,0.9913482069969177,0.9834101796150208,0.9843138456344604,0.9652312397956848,0.9939618110656738,0.9970210790634155,0.9856070876121521,0.996056318283081,0.9876490235328674,0.9879923462867737,1
b2572,b2571,1,0.9972946047782898,0.9954690337181091,0.9952520728111267,0.9805569052696228,0.9871331453323364,0.9856033325195312,0.9979375600814819,0.9855837225914001,0.9982163310050964,0.9945924282073975,0.9917639136314392,1
b2571,b2570,1,0.9967404007911682,0.9957393407821655,0.9969304203987122,0.9756824374198914,0.9902675747871399,0.990519106388092,0.9952496886253357,0.9835845232009888,0.9989435076713562,0.9962767362594604,0.991993373632431,1
b2570,b2569,0,0.38558876514434814,0.5049787759780884,0.2463403344154358,0.5848665833473206,0.6556428670883179,0.675601601600647,0.49397414922714233,0.43738946318626404,0.6618736982345581,0.7287521958351135,0.5375008434057236,1
b2569,b2568,1,0.9970732927322388,0.9959279894828796,0.9962864518165588,0.9881739020347595,0.9861622452735901,0.9932087063789368,0.9971392154693604,0.9864513278007507,0.9985437989234924,0.9949089884757996,0.9933875918388366,1
b2568,b2567,0,0.21432368457317352,0.5392156839370728,0.04121400788426399,0.4049857258796692,0.3688890039920807,0.37410128116607666,0.1718745082616806,0.24387861788272858,0.6341984868049622,0.3356419503688812,0.33283229507505896,0
b2567,b2566,1,0.9972615242004395,0.9971276521682739,0.9972817301750183,0.9834943413734436,0.9885725975036621,0.9892029762268066,0.9982132315635681,0.990357518196106,0.9986550807952881,0.9952518343925476,0.9935418486595153,1
b2566,b2565,1,0.9972617626190186,0.9965107440948486,0.9955393075942993,0.9937399625778198,0.9867157340049744,0.9897058010101318,0.9977425336837769,0.9917991757392883,0.9973847270011902,0.9916974306106567,0.9938097178936005,1
b2565,b2564,1,0.9002203941345215,0.9038076996803284,0.9121447801589966,0.9111558198928833,0.8146501779556274,0.9553835391998291,0.9434142112731934,0.9610223770141602,0.9377349615097046,0.9392513036727905,0.9178785264492035,1
b2564,b2563,1,0.9967888593673706,0.997056782245636,0.9960309863090515,0.9783766865730286,0.9890424609184265,0.9898738861083984,0.9959291219711304,0.9867846369743347,0.9988089799880981,0.9956055283546448,0.992429792881012,1
b2563,b4687,0,0.010951350443065166,0.005351833533495665,0.014399121515452862,0.008866237476468086,0.013389760628342628,0.01918581873178482,0.0018592383712530136,0.014704961329698563,0.012111544609069824,0.0055754524655640125,0.010639531910419464,0
b4687,b2560,0,0.00016359849541913718,0.0001725041220197454,7.05023921909742e-05,0.0005319970077835023,0.0013767147902399302,0.002449821215122938,2.941775346698705e-05,0.0001470618008170277,0.0007879538461565971,0.00034901025355793536,0.0006078581676774774,0
b2560,b2559,1,0.9869046211242676,0.9758772850036621,0.9670262336730957,0.9823555946350098,0.952463686466217,0.9490128755569458,0.9877724647521973,0.9680349826812744,0.9827354550361633,0.9751423001289368,0.972732549905777,1
b2559,b2557,0,0.0036466934252530336,0.006326218135654926,0.00010627045412547886,0.02777104265987873,0.04411812499165535,0.04205554351210594,0.0013035765150561929,0.00641186349093914,0.06463874131441116,0.023956332355737686,0.022033440685481763,0
b2555,b2554,1,0.9975365996360779,0.9962956309318542,0.9968544840812683,0.9803106784820557,0.9863698482513428,0.9855415225028992,0.9981418251991272,0.9875386953353882,0.9983389377593994,0.9950673580169678,0.9921995580196381,1
b2554,b2553,0,0.8411108255386353,0.8378729224205017,0.18255522847175598,0.8276157975196838,0.6813501119613647,0.8225529193878174,0.73234623670578,0.7019243836402893,0.7839513421058655,0.8249150514602661,0.723619481921196,1
b2553,b2551,0,0.003727629082277417,0.0019012785051018,0.0025795800611376762,0.007880203425884247,0.014952787198126316,0.02076963149011135,0.00013666159065905958,0.001960463123396039,0.007850618101656437,0.013194940984249115,0.007495379356259946,0
b2551,b2549,0,0.21581335365772247,0.056262899190187454,0.11474007368087769,0.15099115669727325,0.14522451162338257,0.09841534495353699,0.02276345156133175,0.08010540157556534,0.1698639839887619,0.07257338613271713,0.11267535630613565,0
b2549,b2548,1,0.9972537159919739,0.9638137817382812,0.9770980477333069,0.9551638960838318,0.8988865613937378,0.9821474552154541,0.9883844256401062,0.9583617448806763,0.964975118637085,0.9552856087684631,0.9641370356082917,1
b2548,b2547,1,0.9898650050163269,0.987544596195221,0.9858444929122925,0.9838271141052246,0.9485456943511963,0.9826094508171082,0.9932551980018616,0.9758912920951843,0.9829680919647217,0.9750291705131531,0.980538010597229,1
b2547,b2546,1,0.9969390630722046,0.9877145290374756,0.9888824224472046,0.9851840138435364,0.970015287399292,0.9814104437828064,0.9957083463668823,0.9810208678245544,0.9901975393295288,0.9827330112457275,0.9859805524349212,1
b2546,b2545,1,0.9607449173927307,0.9612765312194824,0.7170855402946472,0.951691210269928,0.8794185519218445,0.9712231159210205,0.9752169251441956,0.9326406121253967,0.948965311050415,0.9601829648017883,0.9258445680141449,1
b2545,b2544,1,0.9976905584335327,0.9937951564788818,0.9930218458175659,0.9872231483459473,0.9748732447624207,0.9883241057395935,0.995865523815155,0.9874282479286194,0.9955422878265381,0.9873888492584229,0.9901152968406677,1
b2544,b2537,0,3.85342282243073e-05,0.00011693361011566594,6.372220468620071e-06,0.0002970459754578769,0.0008412231109105051,0.001449034083634615,2.5565783289493993e-05,0.0002855960628949106,0.0004453482979442924,0.00016554462490603328,0.00036711979978463203,0
b2536,b2532,0,0.0002694855793379247,0.00017037286306731403,0.0001217461540363729,0.0009962639305740595,0.0019751826766878366,0.0025235959328711033,0.00026141005218960345,0.0003982091147918254,0.0016498883487656713,0.0003974087303504348,0.0008763563382672146,0
b2532,b2531,0,0.06629982590675354,0.04316345602273941,0.01168934628367424,0.09378184378147125,0.08036933839321136,0.12744206190109253,0.019244713708758354,0.09525617212057114,0.17157529294490814,0.03406060114502907,0.07428826522082091,0
b2531,b2530,1,0.8884168267250061,0.9226168394088745,0.4482968747615814,0.8883850574493408,0.8283439874649048,0.8900297284126282,0.948174238204956,0.8775869011878967,0.8259918689727783,0.9295949339866638,0.844743725657463,1
b2530,b2529,1,0.9537245035171509,0.9529580473899841,0.706301212310791,0.9196518063545227,0.8429989218711853,0.9575290679931641,0.9243701696395874,0.8974772691726685,0.9307366609573364,0.911846935749054,0.8997594594955445,1
b2529,b2528,1,0.9962872862815857,0.990131676197052,0.9839422106742859,0.9883429408073425,0.9779490232467651,0.9885101318359375,0.9976157546043396,0.9836049675941467,0.9972264766693115,0.9902543425559998,0.9893864810466766,1
b2528,b2527,1,0.8114745020866394,0.77285236120224,0.6712649464607239,0.7379163503646851,0.6648645401000977,0.5615808963775635,0.8377734422683716,0.6750155091285706,0.6846603751182556,0.6324886679649353,0.7049891591072083,1
b2527,b2526,0,0.9959215521812439,0.9745026230812073,0.9707987904548645,0.9682399034500122,0.9407994747161865,0.9763886332511902,0.9477291703224182,0.9520245790481567,0.9681167602539062,0.9779694080352783,0.9672490894794464,1
b2526,b2525,1,0.9967900514602661,0.9953702092170715,0.9731384515762329,0.9700561165809631,0.9615153670310974,0.9793927669525146,0.9874405264854431,0.9853004217147827,0.9910367131233215,0.9776794910430908,0.9817720115184784,1
b2525,b2524,1,0.9792735576629639,0.9810775518417358,0.985213041305542,0.9701730012893677,0.923332154750824,0.9829509258270264,0.976151704788208,0.9742094874382019,0.980914294719696,0.957709789276123,0.9711005508899688,1
b2524,b2523,0,0.30175894498825073,0.1969904750585556,0.01839582994580269,0.42007023096084595,0.4133557677268982,0.43968385457992554,0.3637129068374634,0.25460413098335266,0.263962060213089,0.5299927592277527,0.32025269605219364,0
b2523,b2522,1,0.9601871967315674,0.9152706265449524,0.8367741107940674,0.9311919212341309,0.8348764777183533,0.8985375165939331,0.9193865656852722,0.8726262450218201,0.9197312593460083,0.9267559051513672,0.9015337824821472,1
b2522,b2520,0,0.011353238485753536,0.011496493592858315,0.0008539886912330985,0.013257434591650963,0.030000576749444008,0.014075844548642635,0.005178641527891159,0.004016661085188389,0.023198183625936508,0.006802993826568127,0.012023405672516673,0
b2520,b2519,1,0.9968412518501282,0.9950575232505798,0.9969841241836548,0.9737627506256104,0.9909355044364929,0.9907287955284119,0.9951188564300537,0.9827833771705627,0.9990401268005371,0.9966917634010315,0.9917944073677063,1
b2519,b2518,0,0.7217810750007629,0.8331788182258606,0.1706119179725647,0.7359762787818909,0.6416425704956055,0.7694135904312134,0.7258517146110535,0.692046582698822,0.7051297426223755,0.8055347204208374,0.6801167011260987,1
b2518,b2517,0,0.5238416194915771,0.7545254230499268,0.18147572875022888,0.7876827120780945,0.774151086807251,0.5860641598701477,0.5910063982009888,0.4154101610183716,0.7779083847999573,0.8773081302642822,0.6269373804330826,1
b2517,b2516,0,0.41734880208969116,0.5554179549217224,0.07027646154165268,0.5110313892364502,0.4225955903530121,0.6654430031776428,0.09997586905956268,0.4574897289276123,0.5509319305419922,0.6387569904327393,0.4389267720282078,0
b2516,b2515,1,0.9923010468482971,0.9868643879890442,0.9421272277832031,0.981136679649353,0.9620822072029114,0.9880126714706421,0.9952704310417175,0.982518196105957,0.9930382370948792,0.9875330328941345,0.9810884118080139,1
b2515,b2514,0,0.9826417565345764,0.9609706997871399,0.873572826385498,0.9627801179885864,0.8936942219734192,0.9461883306503296,0.9627106189727783,0.9346548318862915,0.9759572744369507,0.9658668637275696,0.9459037542343139,1
b2514,b2513,1,0.9962305426597595,0.9943426847457886,0.9856881499290466,0.9866260290145874,0.9777151346206665,0.9889110922813416,0.9939503073692322,0.9872174859046936,0.9960801601409912,0.9894844889640808,0.9896246075630188,1
b2513,b2512,1,0.9964070320129395,0.9961017370223999,0.9903619885444641,0.9885448217391968,0.9735527634620667,0.993500828742981,0.9986074566841125,0.9887559413909912,0.9965156316757202,0.9910387396812439,0.9913386940956116,1
b2512,b2511,0,0.8059291243553162,0.7962848544120789,0.7471202611923218,0.8400512337684631,0.7077409625053406,0.7149451375007629,0.8900004029273987,0.763144850730896,0.8042328953742981,0.8371683955192566,0.7906618118286133,1
b2511,b2510,0,0.8620303273200989,0.9006838202476501,0.9129082560539246,0.8988444209098816,0.7731425762176514,0.8999882340431213,0.7291561365127563,0.7584241032600403,0.8512799739837646,0.8818144798278809,0.846827232837677,1
b2510,b2508,0,0.000556869083084166,0.0005244708154350519,0.000712184701114893,0.0014861857052892447,0.006304522510617971,0.008669496513903141,0.0005062975687906146,0.0011891304748132825,0.002380196936428547,0.0008106244495138526,0.0023139978758990763,0
b2508,b2507,1,0.9854484796524048,0.9635221362113953,0.8234068155288696,0.9526004791259766,0.9374040961265564,0.9789497256278992,0.9808259606361389,0.9151321053504944,0.9703181982040405,0.9788107872009277,0.9486418783664703,1
b2507,b2503,0,0.2569047510623932,0.029349442571401596,0.23540817201137543,0.09748072177171707,0.08829431235790253,0.10635963082313538,0.06349596381187439,0.135595440864563,0.07727218419313431,0.03266787901520729,0.11228284984827042,0
b2503,b2498,0,6.801153358537704e-05,0.0001539039658382535,0.00014007725985720754,0.0005518003599718213,0.0020659135188907385,0.0006551806000061333,4.1335551941301674e-05,0.000133179419208318,0.0004363868210930377,0.00014034465129952878,0.0004386133681691717,0
b2498,b2497,1,0.5533406138420105,0.5768681764602661,0.30652233958244324,0.7425343990325928,0.6907917261123657,0.4242693781852722,0.2712594270706177,0.6309279799461365,0.7160384058952332,0.5287020206451416,0.544125446677208,1
b2497,b2496,1,0.2566235661506653,0.14774683117866516,0.08155141025781631,0.3307686746120453,0.5783097743988037,0.24841655790805817,0.208079531788826,0.20586304366588593,0.27174973487854004,0.39896976947784424,0.272807889431715,0
b2496,b2493,0,0.000598507875110954,0.0019082569051533937,0.002986219013109803,0.0019954910967499018,0.0029010784346610308,0.004351912997663021,0.010093416087329388,0.004217314068228006,0.0030257718171924353,0.0003114981227554381,0.0032389466417953373,0
b2493,b2478,0,1.2211598004796542e-05,6.356042285915464e-05,0.0008170949877239764,9.373329521622509e-05,0.000901958323083818,0.0005406447453424335,2.2718775198882213e-06,5.823925312142819e-05,8.166092447936535e-05,0.00027954677352681756,0.00028509222008779036,0
b2478,b2477,1,0.9955323934555054,0.9923384189605713,0.9862761497497559,0.9889919757843018,0.9756179451942444,0.988974928855896,0.9968711137771606,0.9856061339378357,0.9957272410392761,0.9898340702056885,0.9895770370960235,1
b2477,b2476,0,0.5210639238357544,0.16290821135044098,0.06267905235290527,0.5314249992370605,0.524652898311615,0.5093205571174622,0.22921103239059448,0.36563435196876526,0.608616292476654,0.5215424299240112,0.40370537489652636,0
b2476,b2475,0,0.29639604687690735,0.3842404782772064,0.19383949041366577,0.4337649643421173,0.4981978237628937,0.3650042712688446,0.21581286191940308,0.2611837387084961,0.696884036064148,0.4618324041366577,0.380715611577034,0
b2475,b2474,1,0.9961276650428772,0.994347333908081,0.9832481741905212,0.993277370929718,0.9835250973701477,0.9884289503097534,0.9984483122825623,0.9900298714637756,0.9973832964897156,0.9911666512489319,0.9915982723236084,1
b2474,b2473,1,0.9803339242935181,0.9109044075012207,0.7716159224510193,0.9075290560722351,0.8908624649047852,0.8538148403167725,0.8129504919052124,0.8118013739585876,0.8912261128425598,0.9131987690925598,0.8744237363338471,1
b2473,b4606,0,5.787032569060102e-05,0.00011655533307930455,0.00023581116693094373,0.000318293139571324,0.0005706947413273156,0.0006916843121871352,0.0006323522538878024,8.160907600540668e-05,0.0006015633116476238,6.620916974497959e-05,0.00033726428300724366,0
b4606,b2468,0,8.002349932212383e-05,4.749920844915323e-05,7.3697237894521095e-06,0.00020714823040179908,0.0007795948185957968,0.0013530162395909429,3.837941449091886e-07,0.00018980698951054364,0.00024260148347821087,0.00014702309272252023,0.0003054467080005452,0
b2468,b2467,0,0.5880231261253357,0.6350551843643188,0.709480881690979,0.6879211664199829,0.8905907869338989,0.6163690090179443,0.5826280117034912,0.6848732233047485,0.7651848793029785,0.7577714920043945,0.6917897760868073,1
b2467,b2466,0,0.9645340442657471,0.9455807209014893,0.775938093662262,0.9567186236381531,0.8981209993362427,0.9426074624061584,0.9561000466346741,0.9267618060112,0.9370247721672058,0.9295602440834045,0.9232946813106537,1
b2466,b2463,0,0.003465343499556184,0.010487343184649944,0.0007005752995610237,0.013783018104732037,0.009332253597676754,0.04740607738494873,0.004550019279122353,0.010663707740604877,0.01622444950044155,0.005895808804780245,0.01225085963960737,0
b2463,b2462,0,0.6788793206214905,0.2518782317638397,0.2043919414281845,0.30513086915016174,0.5454103350639343,0.36648645997047424,0.22488486766815186,0.5090868473052979,0.45732176303863525,0.5467706322669983,0.4090241268277168,0
b2462,b2461,1,0.9936092495918274,0.9877987504005432,0.9815496802330017,0.982198178768158,0.9575833678245544,0.9884454607963562,0.9959894418716431,0.9878581762313843,0.9911011457443237,0.9739108085632324,0.9840044260025025,1
b2461,b2460,1,0.9972586035728455,0.9863711595535278,0.9953892827033997,0.9769673943519592,0.9857624173164368,0.9852626323699951,0.9981936812400818,0.9848807454109192,0.9981063604354858,0.993518590927124,0.9901710867881774,1
b2460,b2459,1,0.9974809288978577,0.9954677224159241,0.9962162971496582,0.9774107336997986,0.9874688982963562,0.9868899583816528,0.9976401329040527,0.9867754578590393,0.998505711555481,0.9949502944946289,0.991880613565445,1
b2459,b2458,1,0.9978090524673462,0.9972417950630188,0.9972438216209412,0.9802607893943787,0.9883045554161072,0.9891946911811829,0.9980195164680481,0.9892044067382812,0.9987485408782959,0.9954793453216553,0.9931506514549255,1
b2458,b2457,1,0.9663630127906799,0.935737669467926,0.6191465258598328,0.9143747687339783,0.8406282663345337,0.949924886226654,0.9770996570587158,0.9073683023452759,0.9138936996459961,0.9073337316513062,0.8931870520114898,1
b2457,b2456,0,0.676535427570343,0.5685229301452637,0.5482253432273865,0.4756317436695099,0.4497765004634857,0.3955867886543274,0.274438738822937,0.39254045486450195,0.502906858921051,0.435266375541687,0.4719431161880493,0
b2456,b2455,1,0.9612148404121399,0.9274165630340576,0.852348804473877,0.9529947638511658,0.9016475081443787,0.9550419449806213,0.5384842157363892,0.9207499027252197,0.9267488718032837,0.9226978421211243,0.8859345257282257,1
b2455,b2454,1,0.9883496761322021,0.9670621156692505,0.9367713928222656,0.9073511362075806,0.8514643311500549,0.7320208549499512,0.8851108551025391,0.853518545627594,0.9402434825897217,0.8502331376075745,0.8912125527858734,1
b2454,b2453,1,0.9975899457931519,0.9973357319831848,0.997065544128418,0.9804471135139465,0.9865134358406067,0.9874242544174194,0.9980164170265198,0.9896035194396973,0.9984819889068604,0.9946755766868591,0.9927153527736664,1
b2453,b2452,0,0.9388614296913147,0.8725773096084595,0.5531511306762695,0.8306897878646851,0.5717177391052246,0.9017391800880432,0.937591552734375,0.6947940587997437,0.8322861194610596,0.8194199800491333,0.7952828288078309,1
b2452,b2451,1,0.9976051449775696,0.9952387809753418,0.99709153175354,0.9799611568450928,0.9882828593254089,0.9880264401435852,0.9976847171783447,0.9847618937492371,0.9986202120780945,0.9953126907348633,0.9922585427761078,1
b2451,b2441,0,0.0002347724512219429,0.00027490430511534214,0.001021258533000946,0.0004402548656798899,0.0013168801087886095,0.002676414791494608,3.572050263755955e-05,0.00032881711376830935,0.0003699816297739744,0.0006668847054243088,0.0007365889006905491,0
b2441,b2440,1,0.9953106641769409,0.9825911521911621,0.9849990606307983,0.9729585647583008,0.9497045278549194,0.9654173254966736,0.9759541153907776,0.9877275228500366,0.9859199523925781,0.9670971632003784,0.9767680048942566,1
b2440,b2439,1,0.9939894080162048,0.9934223890304565,0.9867119789123535,0.9833333492279053,0.9663717746734619,0.9858461618423462,0.9936805367469788,0.9808897376060486,0.9940617084503174,0.9839297533035278,0.98622367978096,1
b2439,b2438,1,0.9942837953567505,0.9928717613220215,0.9891950488090515,0.9886091351509094,0.9778852462768555,0.9891063570976257,0.9963889718055725,0.9847511649131775,0.9957172870635986,0.9900860786437988,0.9898894846439361,1
b2438,b2437,1,0.9805424809455872,0.964401364326477,0.7832682132720947,0.9795698523521423,0.9420592784881592,0.8556987047195435,0.9818883538246155,0.9121251702308655,0.9692627191543579,0.9311297535896301,0.9299945890903473,1
b2437,b2434,0,0.00028062774799764156,0.00030505965696647763,0.0010551662417128682,0.001124705420807004,0.004723414313048124,0.003151337383314967,0.0019262892892584205,0.0004746603372041136,0.0029506429564207792,0.0002824972034431994,0.0016274400550173596,0
b2434,b2433,1,0.9974882006645203,0.9966679811477661,0.9961307644844055,0.9809408783912659,0.9885398745536804,0.9884926080703735,0.9975407719612122,0.9888803958892822,0.9986142516136169,0.9952607154846191,0.9928556442260742,1
b2433,b2432,1,0.9736676812171936,0.9561169743537903,0.8458512425422668,0.9333735108375549,0.8537383079528809,0.9678590297698975,0.9642812013626099,0.953068196773529,0.9574452638626099,0.9264730215072632,0.9331874430179596,1
b2432,b2431,1,0.35816460847854614,0.34847772121429443,0.044280797243118286,0.687781035900116,0.6813507676124573,0.7212145328521729,0.5266629457473755,0.610989511013031,0.5896541476249695,0.8297666907310486,0.539834275841713,1
b2431,b2427,0,0.0001248439511982724,0.00015790911857038736,0.0001699791755527258,0.001376842032186687,0.003474167315289378,0.00410114973783493,1.877669092209544e-05,0.00021253974409773946,0.0018626732053235173,0.0006933382246643305,0.0012192219195640065,0
b2427,b2426,0,0.2592153549194336,0.3901711404323578,0.09375474601984024,0.5159772038459778,0.3823268413543701,0.6713254451751709,0.5594503879547119,0.5159193873405457,0.4783611595630646,0.5524178743362427,0.44189195409417154,0
b2426,b2425,0,0.795642077922821,0.1607160121202469,0.7534928917884827,0.34970730543136597,0.3247409760951996,0.28245994448661804,0.17554789781570435,0.3744351267814636,0.4521001875400543,0.16479475796222687,0.38336371779441836,0
b2425,b2424,1,0.9976546168327332,0.9956753849983215,0.9972347021102905,0.9768929481506348,0.9897330403327942,0.989104151725769,0.9970241785049438,0.9855262637138367,0.9988358616828918,0.9961190819740295,0.9923800230026245,1
b2424,b2423,1,0.9977535605430603,0.9974119663238525,0.9969842433929443,0.9805952310562134,0.9889519214630127,0.9897959232330322,0.9978416562080383,0.9896254539489746,0.9987996816635132,0.9955479502677917,0.9933307588100433,1
b2423,b2422,1,0.997562050819397,0.9977298974990845,0.9979914426803589,0.983131468296051,0.9884650111198425,0.9896113872528076,0.9983577132225037,0.9910023808479309,0.9986986517906189,0.9952630996704102,0.9937813103199005,1
b2422,b2421,1,0.636222779750824,0.711035430431366,0.11944643408060074,0.7563786506652832,0.6473304033279419,0.8561113476753235,0.5975602269172668,0.555144727230072,0.6412786245346069,0.7730565667152405,0.6293565191328525,1
b2421,b2418,0,0.0015058820135891438,0.0005502926069311798,0.0005891573964618146,0.003948890138417482,0.009246173314750195,0.013619951903820038,0.00039777453639544547,0.0010225888108834624,0.004149611108005047,0.004414552357047796,0.00394448741863016,0
b2418,b2412,0,9.550176037009805e-05,0.0002943573344964534,0.000261111359577626,0.0002774909953586757,0.0007205907604657114,0.001148844719864428,5.770340794697404e-05,0.0003545160870999098,0.0005865906714461744,0.00018778273079078645,0.00039844898274168374,0
b2412,b2411,0,0.986307680606842,0.9666207432746887,0.8254918456077576,0.9565192461013794,0.8852934837341309,0.9239988923072815,0.8494923710823059,0.894923746585846,0.9748182892799377,0.9361505508422852,0.9199616849422455,1
b2411,b4546,1,0.9958504438400269,0.9967188835144043,0.976333737373352,0.9865187406539917,0.9750015735626221,0.9789075255393982,0.9935413599014282,0.9767562747001648,0.9926837086677551,0.9898688197135925,0.9862181067466735,1
b4546,b2409,0,0.0005700679030269384,0.0026833913289010525,0.002369512105360627,0.0032422614749521017,0.0058820839039981365,0.005004990845918655,0.0072202435694634914,0.0014547297032549977,0.008216761983931065,0.0007156374049372971,0.003735968022374436,0
b2409,b2407,0,0.03047710470855236,0.00822946336120367,0.06468293070793152,0.04657145217061043,0.03517421707510948,0.036539483815431595,0.005102688446640968,0.020148584619164467,0.035038795322179794,0.014429775066673756,0.029639449529349805,0
b2407,b2406,1,0.8842813372612,0.7911270260810852,0.6099200248718262,0.8350936770439148,0.659759521484375,0.8927175402641296,0.9736393690109253,0.8704814314842224,0.7859899401664734,0.8358957171440125,0.8138905584812164,1
b2406,b2405,0,0.7663178443908691,0.5397663712501526,0.18218034505844116,0.596573531627655,0.4858527183532715,0.5208101272583008,0.1980140060186386,0.4697595238685608,0.6188278794288635,0.48588326573371887,0.4863985612988472,0
b2405,b2400,0,0.022992625832557678,0.004021069034934044,0.018807029351592064,0.011009183712303638,0.03148821368813515,0.02038598246872425,0.0018890764331445098,0.0046957978047430515,0.00964201707392931,0.012167396023869514,0.01370983914239332,0
b2395,b2392,0,0.014603369869291782,0.031105684116482735,0.0035600890405476093,0.024226563051342964,0.01216740719974041,0.04578283429145813,0.009461826644837856,0.011359171010553837,0.026310697197914124,0.008626746945083141,0.01872043893672526,0
b2392,b2388,0,0.00021218942129053175,0.0005222494946792722,0.0002441519754938781,0.002228210447356105,0.006208678241819143,0.009629686363041401,0.00030359101947396994,0.0003225711698178202,0.001951041049323976,0.00319506973028183,0.0024817438912577926,0
b2388,b2387,0,0.30646562576293945,0.09019460529088974,0.02629876881837845,0.29244133830070496,0.3356846272945404,0.20052240788936615,0.1511719971895218,0.35321497917175293,0.2694990038871765,0.24048574268817902,0.22659790962934495,0
b2387,b2386,1,0.9807208180427551,0.9445385336875916,0.9809800386428833,0.955900251865387,0.8741599321365356,0.956896960735321,0.9919484853744507,0.9629727602005005,0.9435902237892151,0.9217578768730164,0.9513465881347656,1
b2386,b2385,1,0.9928160905838013,0.9889374375343323,0.9843674302101135,0.96891850233078,0.9348008632659912,0.9825693964958191,0.9953339099884033,0.9729017615318298,0.982613742351532,0.9717079401016235,0.9774967074394226,1
b2385,b2384,1,0.9977598786354065,0.9968504309654236,0.9973332285881042,0.9790647029876709,0.9893812537193298,0.9896937608718872,0.9975088834762573,0.9878695011138916,0.9988682866096497,0.9959835410118103,0.9930313467979431,1
b2384,b2383,1,0.971797525882721,0.9531126022338867,0.932762622833252,0.9324316382408142,0.8500438332557678,0.9468696713447571,0.9760746955871582,0.9342098832130432,0.9298959374427795,0.931518018245697,0.9358716428279876,1
b2383,b2379,0,0.0014759240439161658,0.01472024992108345,0.004229099024087191,0.013911239802837372,0.01140136830508709,0.016689304262399673,0.015077795833349228,0.006944057997316122,0.00915065873414278,0.004286357667297125,0.00978860555915162,0
b2379,b2377,0,0.00023020141816232353,0.0009588384418748319,0.0005940636619925499,0.0018536595162004232,0.004188581369817257,0.0035574142821133137,0.0012753948103636503,0.001194562646560371,0.0032385853119194508,0.0006491721142083406,0.001774047357321251,0
b2377,b2375,0,0.006087441463023424,0.002621924504637718,0.002452387474477291,0.01435121987015009,0.021677492186427116,0.01702098920941353,0.0005492791533470154,0.0036581221502274275,0.02333860844373703,0.006712896749377251,0.00984703612048179,0
b2375,b2374,0,0.1578129380941391,0.06786775588989258,0.0035870689898729324,0.17660030722618103,0.10024187713861465,0.3100195527076721,0.14605367183685303,0.05978625267744064,0.07479272782802582,0.14340469241142273,0.12401668448001146,0
b2374,b2373,1,0.9951832294464111,0.956175684928894,0.9794970154762268,0.9633017182350159,0.8883264064788818,0.9614894986152649,0.9932606220245361,0.9258981347084045,0.9409584999084473,0.9248484969139099,0.9528939306735993,1
b2373,b2372,0,0.9331532716751099,0.9051045179367065,0.9048135876655579,0.9323561191558838,0.8907950520515442,0.8722299933433533,0.8998294472694397,0.864399254322052,0.9097840189933777,0.908361554145813,0.9020826816558838,1
b2372,b2371,1,0.9786109924316406,0.9632912874221802,0.8299657702445984,0.9597828984260559,0.8580581545829773,0.9219972491264343,0.9502095580101013,0.9088817238807678,0.9398520588874817,0.9225786924362183,0.9233228385448455,1
b2371,b2368,0,2.2692427592119202e-05,7.08445513737388e-05,1.5286155758076347e-05,0.0003241737140342593,0.0014217076823115349,0.0012898367131128907,1.3390305184657336e-06,8.984778833109885e-05,0.00032470349106006324,0.00032819953048601747,0.00038886310845782647,0
b2368,b2367,1,0.9976909160614014,0.9969855546951294,0.9972788095474243,0.9807648062705994,0.9880551695823669,0.9883624911308289,0.9981967806816101,0.9890981316566467,0.9986255764961243,0.9952617883682251,0.9930320024490357,1
b2357,b2354,1,0.0013562093954533339,0.0009434179519303143,0.000441532552940771,0.004112266004085541,0.00519724702462554,0.01793788932263851,0.00015568175876978785,0.001987664494663477,0.004051579628139734,0.0023043695837259293,0.003848785771697294,0
b2354,b2346,0,2.110563582391478e-05,0.00017992571520153433,2.322228465345688e-05,0.00018782321421895176,0.0005038300296291709,0.0006010958459228277,5.357689133234089e-06,6.693784234812483e-05,0.00019114877795800567,0.0001649479236220941,0.0001945394958511315,0
b2346,b2343,0,0.00046871573431417346,0.0018729290459305048,3.9907121390569955e-05,0.006114100571721792,0.0011682320619001985,0.003478085156530142,6.413524533854797e-05,0.0014974907971918583,0.001456636469811201,0.0002966005413327366,0.0016456832745461725,0
b2341,b2340,0,0.9658023118972778,0.9728886485099792,0.716130256652832,0.945341944694519,0.9029605388641357,0.9511011838912964,0.9542183876037598,0.9431458711624146,0.9579518437385559,0.9514462947845459,0.9260987281799317,1
b2340,b2339,0,0.05906117334961891,0.014159087091684341,0.0484243780374527,0.03207726404070854,0.05404757708311081,0.03951866179704666,0.0044564055278897285,0.021908391267061234,0.038928285241127014,0.018747933208942413,0.03313291566446423,0
b2339,b2336,1,0.00019363773753866553,0.00023399502970278263,3.096488944720477e-05,0.0006186570972204208,0.0011797560146078467,0.0018505016341805458,5.384322867030278e-05,0.0004070590657647699,0.0006611335556954145,0.0005441663088276982,0.0005773714561655652,0
b2336,b2335,1,0.9979909658432007,0.9976164698600769,0.9969683289527893,0.9758186936378479,0.9889442324638367,0.9901020526885986,0.996747612953186,0.9878221750259399,0.998897910118103,0.9958494901657104,0.9926757931709289,1
b2335,b2334,1,0.9975191354751587,0.9890006184577942,0.9970920085906982,0.9785435199737549,0.9880363345146179,0.9881544709205627,0.9979766607284546,0.9853106737136841,0.9985731840133667,0.9948473572731018,0.9915053963661193,1
b2334,b2333,1,0.9973919987678528,0.9975569248199463,0.9965234398841858,0.9808792471885681,0.9880149364471436,0.9890578985214233,0.9976547360420227,0.9894035458564758,0.9987127184867859,0.9949921369552612,0.9930187582969665,1
b2333,b2332,1,0.9739854335784912,0.9128921627998352,0.6333556771278381,0.9116215109825134,0.8923879861831665,0.9269484877586365,0.9209510087966919,0.917860209941864,0.9308167695999146,0.9523113965988159,0.8973130643367767,1
b2332,b2330,0,0.005629643332213163,0.017589502036571503,0.04072007164359093,0.028583962470293045,0.0479956790804863,0.0627133771777153,0.035374563187360764,0.022407593205571175,0.04931160807609558,0.007470112759619951,0.03177961129695177,0
b2330,b2329,1,0.9977213144302368,0.9956120252609253,0.9861871004104614,0.9942260980606079,0.9864823818206787,0.9925476312637329,0.9980489015579224,0.99100261926651,0.9978323578834534,0.9910683035850525,0.9930728733539581,1
b2329,b2328,1,0.9964061975479126,0.9865061640739441,0.9734740853309631,0.9539085626602173,0.9247682094573975,0.9525014758110046,0.9791441559791565,0.9720835089683533,0.9815372824668884,0.9502132534980774,0.9670542895793914,1
b2328,b2327,1,0.9970687627792358,0.9964552521705627,0.9972835183143616,0.9798917174339294,0.9893368482589722,0.9890089631080627,0.9972104430198669,0.9873946309089661,0.998805046081543,0.9959220290184021,0.9928377211093903,1
b2327,b2326,1,0.9977627396583557,0.9935750961303711,0.9974423050880432,0.9774838089942932,0.9891514182090759,0.9899143576622009,0.9971655011177063,0.9874446392059326,0.9988104104995728,0.995699942111969,0.9924450218677521,1
b2326,b2325,1,0.9946756958961487,0.9885279536247253,0.9093620181083679,0.9782631993293762,0.9705820679664612,0.9916998147964478,0.9957460165023804,0.9843860268592834,0.9965164661407471,0.988864004611969,0.9798623263835907,1
b2325,b2323,0,0.00031816543196327984,0.00034310496994294226,0.004412347916513681,0.00107995152939111,0.005850587040185928,0.005706953816115856,1.4258689589041751e-05,0.00044570781756192446,0.0010077269980683923,0.0022627217695116997,0.0021441525978843855,0
b2323,b2322,0,0.49162593483924866,0.43602749705314636,0.05906634032726288,0.5010177493095398,0.44305476546287537,0.3449512720108032,0.14003749191761017,0.4856274724006653,0.49830612540245056,0.3443944752216339,0.3744109123945236,0
b2322,b2320,0,0.023594163358211517,0.015101260505616665,0.00038277750718407333,0.06059800833463669,0.056600216776132584,0.03560061380267143,0.00024959779693745077,0.008713961578905582,0.02880614995956421,0.02953830547630787,0.02591850550961681,0
b2320,b2319,1,0.9937843680381775,0.9818874597549438,0.9751136898994446,0.9791015982627869,0.949675977230072,0.9791294932365417,0.9930478930473328,0.9736356735229492,0.9805638790130615,0.9752466678619385,0.9781186699867248,1
b2319,b2318,1,0.9971299171447754,0.9963806867599487,0.9971892833709717,0.9808381199836731,0.9901923537254333,0.990037202835083,0.9969900846481323,0.9877722263336182,0.9988930225372314,0.9960706830024719,0.993149358034134,1
b2318,b2317,1,0.8565568923950195,0.8970134854316711,0.5519254207611084,0.9110300540924072,0.8008049726486206,0.9090996384620667,0.9523974657058716,0.7418119311332703,0.8536252975463867,0.897098183631897,0.8371363341808319,1
b2317,b2316,0,0.8283920288085938,0.5979947447776794,0.3216010332107544,0.7459125518798828,0.5583984851837158,0.8230431079864502,0.5617213249206543,0.7316650748252869,0.6576399803161621,0.791283905506134,0.6617652237415313,1
b2316,b2315,1,0.9745070338249207,0.9509613513946533,0.9783036708831787,0.959632933139801,0.8577672243118286,0.8996150493621826,0.9902018904685974,0.9446889758110046,0.9426169991493225,0.9172032475471497,0.9415498375892639,1
b2315,b2314,0,0.9977277517318726,0.9969837665557861,0.9973065853118896,0.9772838354110718,0.9898269772529602,0.9914029836654663,0.9961995482444763,0.9870989322662354,0.9989675879478455,0.996034562587738,0.9928832530975342,1
b2314,b2313,0,0.3171081840991974,0.06653492897748947,0.11239633709192276,0.1408175230026245,0.13706441223621368,0.18027183413505554,0.04464102163910866,0.21792282164096832,0.2733186185359955,0.07636068016290665,0.15664363615214824,0
b2313,b2312,1,0.9959560036659241,0.9890052080154419,0.9808617830276489,0.9914452433586121,0.973814070224762,0.9872210621833801,0.9984694719314575,0.9878097176551819,0.9963511824607849,0.9848973155021667,0.988583105802536,1
b2312,b2311,1,0.36851635575294495,0.8158327341079712,0.6103412508964539,0.8117830157279968,0.7899428606033325,0.5098751783370972,0.6367448568344116,0.4306960701942444,0.838928759098053,0.7063690423965454,0.6519030123949051,1
b2311,b2310,0,0.19336704909801483,0.27319225668907166,0.09183027595281601,0.3888791799545288,0.247751384973526,0.3219819664955139,0.06386571377515793,0.2686225175857544,0.5876671075820923,0.26545876264572144,0.2702616214752197,0
b2310,b2309,0,0.1336597353219986,0.09164956212043762,0.004166172351688147,0.14477406442165375,0.19700857996940613,0.27319538593292236,0.03690147027373314,0.15008607506752014,0.16934238374233246,0.2558595538139343,0.14566429830156266,0
b2309,b2308,1,0.9883763790130615,0.9724901914596558,0.9537944197654724,0.9634714722633362,0.8996779322624207,0.9662880301475525,0.9821339845657349,0.9559776186943054,0.9493924975395203,0.9580085873603821,0.9589611113071441,1
b2308,b2307,1,0.9975185394287109,0.9969709515571594,0.9962693452835083,0.9788910746574402,0.9885247945785522,0.9885578751564026,0.9975314736366272,0.9881107807159424,0.9986897110939026,0.995464026927948,0.9926528573036194,1
b2307,b2306,1,0.9947241544723511,0.9951203465461731,0.9899313449859619,0.9866741299629211,0.9734465479850769,0.9917138814926147,0.9972647428512573,0.9842091798782349,0.9961060285568237,0.9901805520057678,0.9899370908737183,1
b2306,b2305,0,0.07765023410320282,0.2509368360042572,0.4205792546272278,0.3245431184768677,0.22106431424617767,0.16983583569526672,0.10404140502214432,0.2154044806957245,0.3139313757419586,0.29384586215019226,0.23918327167630196,0
b2305,b2301,0,0.008373474702239037,0.013341758400201797,0.00030802484252490103,0.011043709702789783,0.003333860309794545,0.023725830018520355,0.0022784327156841755,0.006213861051946878,0.0063615660183131695,0.0007889677654020488,0.007576948552741669,0
b2301,b2300,0,0.9395059943199158,0.8370057940483093,0.7463393211364746,0.8417249917984009,0.8653681874275208,0.7043615579605103,0.8556815981864929,0.7132828235626221,0.8401967287063599,0.8800575137138367,0.8223524510860443,1
b2300,b2299,1,0.9947569966316223,0.9922432899475098,0.9557126760482788,0.9849233627319336,0.973264753818512,0.9770728945732117,0.9961092472076416,0.9827063083648682,0.9959690570831299,0.9876114726066589,0.9840370059013367,1
b2299,b2295,0,3.373703293618746e-05,0.00011850083683384582,0.0007088836282491684,0.0003089657111559063,0.0005439447122626007,0.0006036460981704295,9.256805242330302e-06,8.856179920258e-05,0.0007152273901738226,0.000500508991535753,0.0003631233005762624,0
b2295,b2294,0,0.2101801037788391,0.10423805564641953,0.0693887397646904,0.1731552928686142,0.36544090509414673,0.25658491253852844,0.07336003333330154,0.19356279075145721,0.3188968598842621,0.33997291326522827,0.21047806069254876,0
b2294,b2293,1,0.9967778325080872,0.9954466223716736,0.9928911328315735,0.991644024848938,0.9805212020874023,0.9922603368759155,0.9972079396247864,0.9902542233467102,0.9975053071975708,0.9922791719436646,0.9926787793636322,1
b2293,b2292,0,0.4871075451374054,0.5484184622764587,0.5613689422607422,0.7154554724693298,0.737388551235199,0.5223280191421509,0.6147520542144775,0.554837167263031,0.7714550495147705,0.7343575954437256,0.624746885895729,1
b2292,b2289,0,0.007092820480465889,0.012944028712809086,0.002849588403478265,0.010694977827370167,0.007192058023065329,0.012794313952326775,0.010048497468233109,0.0033873096108436584,0.02560027316212654,0.0012692799791693687,0.009387314761988818,0
b2289,b2288,0,0.04144671559333801,0.039247699081897736,0.1333896666765213,0.0464475117623806,0.030939562246203423,0.09978659451007843,0.038988951593637466,0.04293441399931908,0.06592971831560135,0.030031148344278336,0.05691419821232557,0
b2288,b2287,1,0.9940479397773743,0.9929169416427612,0.9924055933952332,0.9905179738998413,0.9786946177482605,0.9933720827102661,0.998100996017456,0.9872115254402161,0.996860146522522,0.9902158379554749,0.9914343655109406,1
b2287,b2286,1,0.9685603976249695,0.9567578434944153,0.8571706414222717,0.9794676899909973,0.9262733459472656,0.9366176724433899,0.9893540740013123,0.960029661655426,0.9694391489028931,0.9603232145309448,0.9503993690013885,1
b2286,b2285,1,0.9930316805839539,0.9842897653579712,0.9878021478652954,0.9651684165000916,0.9525995254516602,0.9746721982955933,0.9925075173377991,0.9865474700927734,0.990382730960846,0.9893608689308167,0.98163623213768,1
b2285,b2284,1,0.9965143203735352,0.9958570599555969,0.9955496191978455,0.9836381077766418,0.9830492734909058,0.9838259816169739,0.9984492659568787,0.988314688205719,0.9977108836174011,0.9934875965118408,0.9916396796703338,1
b2284,b2283,1,0.997096061706543,0.9890785813331604,0.9923514127731323,0.9861747622489929,0.9327539205551147,0.9909896850585938,0.9976919889450073,0.990195095539093,0.988871693611145,0.9842660427093506,0.9849469244480134,1
b2283,b2282,1,0.9958361983299255,0.9949110150337219,0.9967268109321594,0.9738182425498962,0.9901878833770752,0.9906913638114929,0.994150698184967,0.9831967353820801,0.9988857507705688,0.9965667128562927,0.991497141122818,1
b2282,b2281,1,0.9987124800682068,0.9904966950416565,0.9918102025985718,0.9871025681495667,0.9541918635368347,0.989311933517456,0.9946837425231934,0.9909471869468689,0.988650381565094,0.9803072810173035,0.9866214334964752,1
b2281,b2280,1,0.9970245361328125,0.9946880340576172,0.9958092570304871,0.9925059676170349,0.9828833341598511,0.9901036024093628,0.9976529479026794,0.9896151423454285,0.9974513053894043,0.9916244745254517,0.992935860157013,1
b2280,b2279,1,0.9975962042808533,0.9921309351921082,0.9971773624420166,0.9734929800033569,0.9899204969406128,0.9898924231529236,0.9961257576942444,0.9847211241722107,0.9988699555397034,0.996155321598053,0.9916082561016083,1
b2279,b2278,1,0.9951357841491699,0.9954873323440552,0.9927366971969604,0.9817973971366882,0.9720457196235657,0.9807685613632202,0.9988657832145691,0.9826160073280334,0.9955140352249146,0.9912246465682983,0.9886191964149476,1
b2278,b2277,1,0.9790087938308716,0.9779608845710754,0.9254491925239563,0.9672232866287231,0.9217998385429382,0.9750801920890808,0.9871901869773865,0.9681515097618103,0.9803997874259949,0.9653897881507874,0.9647653460502624,1
b2277,b2276,1,0.9949527978897095,0.9936646819114685,0.9842026829719543,0.9798340797424316,0.9570969343185425,0.9872650504112244,0.9952059388160706,0.9838584661483765,0.9921337962150574,0.9824905395507812,0.9850704967975616,1
b2276,b2273,0,0.032904449850320816,0.0061821117997169495,0.09706674516201019,0.031778134405612946,0.06391497701406479,0.044275928288698196,0.0010104977991431952,0.024918200448155403,0.038396913558244705,0.014983419328927994,0.03554313776548952,0
b2273,b2270,0,0.0017227532807737589,0.0019103558734059334,0.0005871069151908159,0.006475575268268585,0.00670575862750411,0.0313953198492527,0.0014340222114697099,0.005255550146102905,0.004591875709593296,0.0031918685417622328,0.0063270186423324045,0
b2270,b2267,0,0.001055345288477838,0.0038163934368640184,0.006988295819610357,0.0057532815262675285,0.005292575340718031,0.01047776360064745,0.0021022504661232233,0.0022770478390157223,0.003128449432551861,0.0044231233187019825,0.004531452606897801,0
b2267,b2266,0,0.8411134481430054,0.7928757667541504,0.29540619254112244,0.8046855926513672,0.775787353515625,0.7785259485244751,0.5153730511665344,0.6890643239021301,0.7814134359359741,0.8923709988594055,0.716661611199379,1
b2266,b2265,0,0.9196699857711792,0.9294033646583557,0.45644915103912354,0.9081273674964905,0.7971733808517456,0.6771895289421082,0.9142440557479858,0.8799304366111755,0.8390504121780396,0.757634162902832,0.8078871846199036,1
b2265,b2264,1,0.9821726083755493,0.9249448180198669,0.7879056334495544,0.9067865014076233,0.8618807196617126,0.9429308772087097,0.9136665463447571,0.8900827169418335,0.8925942778587341,0.94158536195755,0.9044550061225891,1
b2264,b2263,1,0.9971978068351746,0.9963238835334778,0.9966745376586914,0.9727562069892883,0.9900320172309875,0.9907285571098328,0.9948745369911194,0.9836116433143616,0.9989818930625916,0.996568500995636,0.991774958372116,1
b2263,b2262,1,0.9838849306106567,0.9522653818130493,0.8858271837234497,0.9508787393569946,0.8510749340057373,0.9726702570915222,0.9575938582420349,0.9776012301445007,0.9708718657493591,0.9652694463729858,0.9467937827110291,1
b2262,b2261,1,0.9966654181480408,0.989669919013977,0.996921718120575,0.9816232919692993,0.9880316257476807,0.9876492619514465,0.9978587627410889,0.9866338968276978,0.9984034299850464,0.9944966435432434,0.9917953968048095,1
b2261,b2260,1,0.9968159794807434,0.9957643747329712,0.9964494705200195,0.982343316078186,0.9876288771629333,0.9863262176513672,0.9975471496582031,0.9868069887161255,0.9984017610549927,0.9948998689651489,0.9922984004020691,1
b2260,b2259,0,0.4201584756374359,0.39745914936065674,0.1397542804479599,0.4544380307197571,0.5830897688865662,0.2743885815143585,0.483165442943573,0.2957904636859894,0.6465022563934326,0.4923493564128876,0.4187095806002617,0
b2259,b2252,0,5.606985268968856e-06,1.579641320859082e-05,3.558080607035663e-06,4.691237336373888e-05,0.0003228723944630474,0.0004273694066796452,1.3616754301892797e-07,1.3504310118150897e-05,8.580003486713395e-05,6.306823343038559e-05,9.846243995497162e-05,0
b2252,b2250,0,0.001309088198468089,0.005730838514864445,0.010070349089801311,0.006303820293396711,0.008078436367213726,0.01560133695602417,0.0021158866584300995,0.0033278181217610836,0.00550416624173522,0.0034438413567841053,0.006148558179847896,0
b2250,b2249,0,0.31330087780952454,0.3243289291858673,0.11316268891096115,0.4454042911529541,0.6012066602706909,0.4210522174835205,0.10566866397857666,0.2234622687101364,0.5262548327445984,0.6481106877326965,0.3721952117979527,0
b2249,b2248,0,0.8335950374603271,0.557589054107666,0.498524010181427,0.4480343163013458,0.46328458189964294,0.5303730368614197,0.3614061176776886,0.6291583180427551,0.591457188129425,0.4819291830062866,0.5395350843667984,1
b2248,b2247,1,0.9906392693519592,0.9784471392631531,0.9661068320274353,0.9452649354934692,0.9282988905906677,0.9749113917350769,0.9839861989021301,0.9515657424926758,0.9632496237754822,0.9698749780654907,0.965234500169754,1
b2247,b2246,1,0.9386647343635559,0.8659860491752625,0.7814984917640686,0.9172567129135132,0.7717633843421936,0.6709584593772888,0.8943135738372803,0.7767232060432434,0.9163038730621338,0.812267541885376,0.8345736026763916,1
b2246,b2245,1,0.9901125431060791,0.9905698299407959,0.9902014136314392,0.9786927700042725,0.9613698720932007,0.977601945400238,0.9900007247924805,0.9782471060752869,0.9899543523788452,0.9840822815895081,0.9830832839012146,1
b2245,b2240,0,5.2657342166639864e-05,6.393025978468359e-05,5.433390469988808e-05,0.0003400180721655488,0.0011135266395285726,0.0007913924055173993,3.3931187317648437e-06,4.644488944904879e-05,0.0003698933287523687,0.00011188990174559876,0.0002947479862541513,0
b2240,b2239,1,0.9966912865638733,0.9965336918830872,0.9846318960189819,0.9852117300033569,0.9768275618553162,0.9945802092552185,0.9978951811790466,0.9893229007720947,0.997447669506073,0.990493893623352,0.9909636020660401,1
b2239,b2237,0,0.1245623528957367,0.06740804761648178,0.20615191757678986,0.1344372183084488,0.11504391580820084,0.0912783294916153,0.09680510312318802,0.23402860760688782,0.09955792874097824,0.06020424887537956,0.12294776700437068,0
b2237,b2233,0,0.0004890653654001653,0.002375656506046653,0.00111318938434124,0.0012931560631841421,0.00306132179684937,0.004671272821724415,0.00037583234370686114,0.0006677254568785429,0.006644146051257849,0.0007415161235257983,0.0021432881912915036,0
b2233,b2231,0,0.41304537653923035,0.15600897371768951,0.011395486071705818,0.40012529492378235,0.39203816652297974,0.20182634890079498,0.25954508781433105,0.11629144847393036,0.380766898393631,0.25472646951675415,0.2585769550874829,0
b2231,b2230,0,0.7144124507904053,0.9204844832420349,0.7188948392868042,0.8929671049118042,0.8034209609031677,0.7737159132957458,0.9469475150108337,0.7680534720420837,0.8319618105888367,0.8643012642860413,0.8235159814357758,1
b2230,b2229,1,0.99732905626297,0.9951762557029724,0.9969942569732666,0.97096848487854,0.9908689856529236,0.9914451241493225,0.9944025278091431,0.9825584888458252,0.9991192817687988,0.9969772696495056,0.9915839731693268,1
b2229,b2226,1,0.00045549325295723975,0.0019735563546419144,0.0002330820425413549,0.002383757382631302,0.0020829152781516314,0.00923113338649273,0.000993021298199892,0.0023180267307907343,0.004481982439756393,0.0006806234596297145,0.0024833591625792904,0
b2226,b2225,1,0.9983396530151367,0.9929157495498657,0.9947176575660706,0.985953688621521,0.9615379571914673,0.9840601086616516,0.995570957660675,0.9882277250289917,0.9906406998634338,0.9817059636116028,0.9873670160770416,1
b2225,b2218,0,9.619115735404193e-05,0.000502373615745455,0.0012932763202115893,0.0007668560720048845,0.0015389311593025923,0.0016720956191420555,4.3955635192105547e-05,0.00027565230266191065,0.0006838099216111004,0.0010147405555471778,0.0007887882358772913,0
b2218,b2215,0,0.00037085369694978,0.0022999723441898823,0.0002657314471434802,0.0031735035590827465,0.005516405683010817,0.007334277965128422,0.0008218650473281741,0.0014706985093653202,0.0020344627555459738,0.0035084045957773924,0.0026796175603521987,0
b2215,b2214,1,0.8082523941993713,0.40086492896080017,0.2275071144104004,0.6424092650413513,0.6361256837844849,0.6210408806800842,0.7509922385215759,0.7389202117919922,0.6328430771827698,0.774225652217865,0.6233181446790695,1
b2214,b2213,0,0.9867522716522217,0.9137473106384277,0.6435902714729309,0.9603728652000427,0.9192101955413818,0.9622979164123535,0.9838294982910156,0.9377237558364868,0.9619404077529907,0.9618018865585327,0.9231266379356384,1
b2213,b2212,1,0.9972174167633057,0.9966515898704529,0.9971540570259094,0.9781033396720886,0.990547239780426,0.9906314611434937,0.9962010383605957,0.9860657453536987,0.9989597201347351,0.9962999820709229,0.9927831590175629,1
b2212,b2211,0,0.9661945700645447,0.9094414710998535,0.48032376170158386,0.9649608731269836,0.9291638731956482,0.7817818522453308,0.9189249277114868,0.8562255501747131,0.9701738357543945,0.9402090907096863,0.8717399805784225,1
b2211,b2210,0,0.6155379414558411,0.48055753111839294,0.15704606473445892,0.3961942195892334,0.5884974598884583,0.46998971700668335,0.34424033761024475,0.4550345242023468,0.48465704917907715,0.4875190854072571,0.44792739301919937,0
b2210,b2208,0,0.0016948293196037412,0.0017712393309921026,0.0036537256091833115,0.003216120647266507,0.006969049572944641,0.006451799999922514,0.026762153953313828,0.001129294978454709,0.004824815317988396,0.001204390893690288,0.005767741962336004,0
b2208,b2207,1,0.9954923987388611,0.9967384934425354,0.9965771436691284,0.9796928763389587,0.9872933626174927,0.9897317290306091,0.9962364435195923,0.9854952692985535,0.9984778165817261,0.9951037764549255,0.9920839309692383,1
b2207,b2206,1,0.9934936165809631,0.9940558671951294,0.9917342066764832,0.9820993542671204,0.9693863391876221,0.9816479086875916,0.9990682005882263,0.9814962148666382,0.9924508333206177,0.9919044971466064,0.9877337038516998,1
b2206,b2205,1,0.9963622689247131,0.9924882054328918,0.9938341379165649,0.9875749349594116,0.9854372143745422,0.9892633557319641,0.9946891665458679,0.9871982336044312,0.997031569480896,0.9936703443527222,0.9917549431324005,1
b2205,b2204,1,0.9967949390411377,0.9968098998069763,0.9964771270751953,0.9826008677482605,0.9865840077400208,0.9877772927284241,0.9978108406066895,0.9886226058006287,0.998221755027771,0.9946042895317078,0.9926303625106812,1
b2204,b2203,1,0.9964754581451416,0.9951719641685486,0.9967369437217712,0.9766145348548889,0.9856478571891785,0.9900031089782715,0.9967103004455566,0.9838508367538452,0.998404860496521,0.9949759244918823,0.9914591789245606,1
b2203,b2202,1,0.9947507381439209,0.9944229125976562,0.9955308437347412,0.9895984530448914,0.9761899709701538,0.9868537187576294,0.9974156618118286,0.9926406145095825,0.9951575398445129,0.9827587604522705,0.9905319213867188,1
b2202,b2201,0,0.9984272718429565,0.9967028498649597,0.9948147535324097,0.9935491681098938,0.9833072423934937,0.9937134981155396,0.9984683394432068,0.9918650388717651,0.9981476664543152,0.9913322925567627,0.9940328121185302,1
b2201,b2200,1,0.995742678642273,0.9942007064819336,0.9954562187194824,0.9786163568496704,0.9852675199508667,0.9863957166671753,0.9968736171722412,0.9829593896865845,0.9978058934211731,0.994013249874115,0.9907331347465516,1
b2200,b2199,1,0.9229488968849182,0.8443530797958374,0.41199520230293274,0.8703482151031494,0.8550686240196228,0.832063615322113,0.7510864734649658,0.760358452796936,0.8645898103713989,0.9199687242507935,0.8032781094312668,1
b2199,b2198,1,0.9969657063484192,0.9940353631973267,0.9967859983444214,0.9745816588401794,0.9895840287208557,0.9913759827613831,0.9939978122711182,0.9840320944786072,0.998987078666687,0.9964072704315186,0.9916752994060516,1
b2198,b2197,1,0.9964630007743835,0.9976214170455933,0.9966728687286377,0.9840752482414246,0.9836617112159729,0.9865820407867432,0.9986371994018555,0.9915665984153748,0.9981215596199036,0.9935427904129028,0.9926944434642792,1
b2197,b2196,1,0.9961180686950684,0.9962266087532043,0.9948232173919678,0.9872289896011353,0.9812418222427368,0.9825922250747681,0.9986115097999573,0.9891895055770874,0.9971317052841187,0.9930557608604431,0.9916219413280487,1
b2196,b2195,1,0.9963388442993164,0.9963359832763672,0.9968014359474182,0.9740839600563049,0.9896865487098694,0.991636335849762,0.9938387274742126,0.9828029274940491,0.9990079402923584,0.9965082406997681,0.9917040944099427,1
b2195,b2194,1,0.9970006346702576,0.997345507144928,0.9972953200340271,0.9841514229774475,0.9856894612312317,0.9877504706382751,0.9986976981163025,0.9907774329185486,0.9982300996780396,0.994204044342041,0.9931142091751098,1
b2186,b2183,0,0.000939604127779603,0.0005632234970107675,0.006209099665284157,0.0020266491919755936,0.005489134229719639,0.0026403451338410378,0.0002588278439361602,0.001163084409199655,0.0015301714884117246,0.0052962093614041805,0.002611634894856252,0
b2183,b2182,1,0.9946230053901672,0.9920923709869385,0.9781842827796936,0.9932485818862915,0.9858211278915405,0.9908100366592407,0.9979977011680603,0.9888203740119934,0.997839629650116,0.9925051331520081,0.991194224357605,1
b2182,b2181,0,0.04604773595929146,0.2403169423341751,0.01853557489812374,0.2234366238117218,0.18721961975097656,0.1221064031124115,0.03325643017888069,0.10480047762393951,0.2028295248746872,0.15989094972610474,0.13384402822703123,0
b2181,b4502,0,3.2973141060210764e-05,5.007199797546491e-05,0.000288182171061635,7.599463424412534e-05,0.0009807718452066183,0.0005075123044662178,5.96762447457877e-07,4.8573561798548326e-05,0.00012620052439160645,0.00029014144092798233,0.0002401018383579867,0
b4502,b2169,0,0.0007853751303628087,0.000714202004019171,0.0005535510717891157,0.0025525435339659452,0.005104794632643461,0.009801692329347134,0.00011431320308474824,0.0009888163767755032,0.0036093208473175764,0.0023783366195857525,0.0026602945748891217,0
b2169,b2168,1,0.9972073435783386,0.9974879622459412,0.9969760775566101,0.9791187644004822,0.9887722730636597,0.9902293086051941,0.9977460503578186,0.9888787269592285,0.9987970590591431,0.9955984950065613,0.9930812060832978,1
b2168,b2167,1,0.9816334843635559,0.9853359460830688,0.938970685005188,0.9541851878166199,0.8987751007080078,0.9170260429382324,0.9950276017189026,0.948135495185852,0.9393095374107361,0.9561486840248108,0.9514547765254975,1
b2167,b2166,0,0.23521333932876587,0.13028347492218018,0.5801669359207153,0.23929697275161743,0.3068108856678009,0.2574721872806549,0.08427473902702332,0.16330306231975555,0.34798285365104675,0.24839754402637482,0.2593201994895935,0
b2166,b2165,1,0.9978642463684082,0.9935551881790161,0.9976341724395752,0.9787662029266357,0.9888637661933899,0.9894372820854187,0.9979619383811951,0.9864423871040344,0.9987403154373169,0.9955450892448425,0.9924810588359833,1
b2165,b2164,0,0.6605857610702515,0.8424425721168518,0.6283426284790039,0.7881280183792114,0.6439653635025024,0.6975767612457275,0.7775524258613586,0.612392783164978,0.8462741374969482,0.5486323833465576,0.7045892834663391,1
b2164,b2162,0,0.01183316484093666,0.07524404674768448,0.016568642109632492,0.08663146942853928,0.05956130847334862,0.03999849408864975,0.025913050398230553,0.11268222332000732,0.062183599919080734,0.016194308176636696,0.05068103075027466,0
b2162,b2161,1,0.9585756063461304,0.9311908483505249,0.8304399847984314,0.9520732164382935,0.8510474562644958,0.9110859036445618,0.9635472893714905,0.8723514676094055,0.9423121213912964,0.914476215839386,0.9127100110054016,1
b2161,b2157,0,0.0004803464689757675,0.0006774001521989703,0.0002452104527037591,0.002154215471819043,0.00285165524110198,0.004594543948769569,0.0003578998730517924,0.0002685025392565876,0.0011000118684023619,0.001971290446817875,0.0014701076463097707,0
b2157,b2156,0,0.9172905683517456,0.8024556040763855,0.8078495860099792,0.8798774480819702,0.7079272866249084,0.6913824081420898,0.7568382620811462,0.8289324641227722,0.842221736907959,0.7173991203308105,0.7952174484729767,1
b2156,b2155,0,0.48171237111091614,0.33103498816490173,0.29307013750076294,0.5181339383125305,0.5204878449440002,0.35117411613464355,0.38614001870155334,0.32446154952049255,0.6581211090087891,0.47647613286972046,0.4340812206268311,0
b2155,b2153,0,0.020012037828564644,0.0764433965086937,0.009452170692384243,0.0781712681055069,0.07561435550451279,0.12791819870471954,0.0957990288734436,0.06507017463445663,0.04937632381916046,0.03994547948241234,0.06378024341538549,0
b2153,b2152,1,0.9978557825088501,0.9938189387321472,0.9819753766059875,0.9885622262954712,0.9844923615455627,0.9868952035903931,0.9842806458473206,0.9905096888542175,0.9958290457725525,0.9899801015853882,0.9894199371337891,1
b2152,b2151,1,0.5178440809249878,0.6482455730438232,0.11711716651916504,0.635965883731842,0.5647740960121155,0.598677933216095,0.2727552354335785,0.572539210319519,0.6863754987716675,0.7721595168113708,0.5386454194784165,1
b2151,b2150,0,0.7006703019142151,0.6716338992118835,0.2405845820903778,0.6108471155166626,0.6292648911476135,0.7067133188247681,0.3299298584461212,0.6913273334503174,0.6471421122550964,0.5800758600234985,0.5808189272880554,1
b2150,b2149,1,0.9884633421897888,0.9748603701591492,0.9580710530281067,0.9751580953598022,0.952689528465271,0.9180910587310791,0.978583812713623,0.9042156934738159,0.9700039625167847,0.9260159134864807,0.9546152830123902,1
b2149,b2148,1,0.9933171272277832,0.9847872257232666,0.9689270257949829,0.944140613079071,0.927588701248169,0.9731205701828003,0.9864255785942078,0.9732159972190857,0.9755189418792725,0.9604137539863586,0.9687455534934998,1
b2148,b2140,0,0.00021831697085872293,0.00025396698038093746,5.466876973514445e-05,0.00031139387283474207,0.0006547880475409329,0.0017448540311306715,4.873139914707281e-05,0.000251531891990453,0.0005623925244435668,0.0002594940015114844,0.00043601384895737284,0
b2140,b2137,0,0.0007096596527844667,0.0006980287726037204,0.0004593276244122535,0.004500105977058411,0.005094083026051521,0.00881635770201683,0.0005441220127977431,0.001955220242962241,0.006341547705233097,0.001472351374104619,0.0030590804090024903,0
b2137,b2135,0,0.0005461202817969024,0.0020022676326334476,0.009180081076920033,0.0026248779613524675,0.006604618858546019,0.0064644599333405495,0.004278878681361675,0.0022718217223882675,0.005254049319773912,0.0009980121394619346,0.0040225187607575204,0
b2135,b2134,0,0.12475842237472534,0.2164725810289383,0.019962918013334274,0.22667840123176575,0.2779122591018677,0.22594867646694183,0.06973733007907867,0.15921998023986816,0.22066904604434967,0.33013269305229187,0.18714923076331616,0
b2134,b2132,0,0.0016557344933971763,0.007026325445622206,0.0010212005581706762,0.004733245819807053,0.013136524707078934,0.005943547934293747,0.006028003059327602,0.0023730224929749966,0.008900309912860394,0.0021822075359523296,0.0053000121959485115,0
b2132,b2131,0,0.8467802405357361,0.85610032081604,0.6860749125480652,0.8640245795249939,0.8023208379745483,0.6801850199699402,0.6916244626045227,0.6389483213424683,0.9164636135101318,0.9052952527999878,0.7887817561626435,1
b2131,b2130,1,0.994770884513855,0.9936286807060242,0.979278028011322,0.992235004901886,0.9861763715744019,0.9888879656791687,0.9980268478393555,0.9879781603813171,0.9968541264533997,0.9923042058944702,0.99101402759552,1
b2130,b2129,1,0.9977557063102722,0.9966827630996704,0.9972904324531555,0.9776104688644409,0.9894384741783142,0.9898154139518738,0.9969382882118225,0.9870210289955139,0.9988676905632019,0.9960127472877502,0.9927433013916016,1
b2129,b2128,1,0.9973464608192444,0.9930943250656128,0.9923676252365112,0.9881719946861267,0.9651033282279968,0.9846184253692627,0.9971388578414917,0.9828271865844727,0.993028998374939,0.9779234528541565,0.9871620655059814,1
b2128,b2126,0,0.02605312317609787,0.005015335977077484,0.004459054209291935,0.01395529042929411,0.026371030136942863,0.020581243559718132,0.04790966585278511,0.01045719813555479,0.01039909478276968,0.005624850280582905,0.017082588654011487,0
b2126,b2125,1,0.9971975684165955,0.9972042441368103,0.9974502325057983,0.9776723384857178,0.9894636869430542,0.9915322661399841,0.9956841468811035,0.9861437082290649,0.9989520907402039,0.996084451675415,0.9927384734153748,1
b2125,b2124,0,0.5733497142791748,0.8166934251785278,0.34525030851364136,0.8510186076164246,0.8249411582946777,0.7078526020050049,0.570462703704834,0.6857625842094421,0.7803969979286194,0.9085817933082581,0.7064309895038605,1
b2124,b2113,0,0.0002436634385958314,0.0003611920983530581,0.002946744207292795,0.0007125947158783674,0.0026029476430267096,0.0010382354957982898,0.00010065178503282368,0.0005534302326850593,0.0003297774528618902,0.0034027432557195425,0.0012291980325244366,0
b2113,b2112,0,0.3343181312084198,0.049128539860248566,0.5284449458122253,0.10709359496831894,0.210136279463768,0.23465415835380554,0.09561397135257721,0.07985197752714157,0.18032008409500122,0.14479610323905945,0.19643577858805655,0
b2112,b2111,0,0.010661842301487923,0.00404096907004714,0.01884150318801403,0.015072358772158623,0.03385646641254425,0.03531796857714653,0.003873603418469429,0.01365079265087843,0.010302591137588024,0.02492494322359562,0.017054303875193,0
b2111,b2110,1,0.983787477016449,0.9524549245834351,0.9381189346313477,0.9360849261283875,0.8906157612800598,0.8996235132217407,0.9548184275627136,0.793727457523346,0.9514018297195435,0.9239228963851929,0.9224556148052215,1
b2110,b2109,1,0.9954378008842468,0.9874293208122253,0.9819030165672302,0.9880580306053162,0.9605662226676941,0.9779501557350159,0.9974914193153381,0.9848262071609497,0.9897397756576538,0.9714672565460205,0.9834869205951691,1
b2109,b2108,1,0.9965895414352417,0.9883721470832825,0.9764378070831299,0.9798380732536316,0.9563974738121033,0.9758802056312561,0.992767333984375,0.9787395596504211,0.9812187552452087,0.9710286855697632,0.9797269582748414,1
b2108,b2105,0,0.0004035736492369324,0.0012740625534206629,0.00018904279568232596,0.003594939364120364,0.005831017624586821,0.002193997846916318,0.0006541882175952196,0.0006524339551106095,0.002479823539033532,0.000862692017108202,0.0018135771562810988,0
b2105,b2104,0,0.8850544095039368,0.8089360594749451,0.4740931987762451,0.8121040463447571,0.660670816898346,0.5880284905433655,0.9382332563400269,0.7383044958114624,0.8674311637878418,0.6330806016921997,0.7405936539173126,1
b2104,b2103,1,0.9972325563430786,0.9962286353111267,0.9967890977859497,0.9781774878501892,0.9896430373191833,0.9895954728126526,0.9975100755691528,0.9862856864929199,0.9989131689071655,0.9960913062095642,0.9926466524600983,1
b2103,b2102,1,0.9620863795280457,0.9227117896080017,0.9682058691978455,0.9148019552230835,0.7910929918289185,0.9414526224136353,0.9522538185119629,0.8881605267524719,0.8509204983711243,0.8961218595504761,0.9087808310985566,1
b2102,b2101,0,0.27522990107536316,0.9290217757225037,0.42721420526504517,0.9291207790374756,0.7515262365341187,0.9707117676734924,0.952372133731842,0.8667698502540588,0.9388405084609985,0.8633983731269836,0.7904205530881881,1
b2101,b2097,0,0.0004827486991416663,0.0007050628773868084,0.015159555710852146,0.0014373064041137695,0.004427905194461346,0.007665170356631279,9.423831215826795e-05,0.000625491258688271,0.0022050184197723866,0.0016357579734176397,0.003443825520662358,0
b2097,b2096,0,0.22253049910068512,0.12320083379745483,0.004516493529081345,0.2177797108888626,0.20698443055152893,0.240004301071167,0.037274714559316635,0.20522555708885193,0.14606016874313354,0.22327634692192078,0.16268530562520028,0
b2096,b2095,1,0.9916974306106567,0.9847841858863831,0.9753816723823547,0.9722450971603394,0.9407897591590881,0.9846493005752563,0.9953500628471375,0.9492514729499817,0.9829612374305725,0.9793176054954529,0.9756427824497222,1
b2095,b2094,1,0.9977203607559204,0.993022084236145,0.9778274893760681,0.9848397970199585,0.9767815470695496,0.9873006939888,0.9943756461143494,0.9860948920249939,0.9933255314826965,0.9862332940101624,0.9877521336078644,1
b2094,b2093,1,0.9621622562408447,0.9548883438110352,0.910410463809967,0.9340283274650574,0.8181903958320618,0.9488568305969238,0.947792112827301,0.9232024550437927,0.9281401038169861,0.8884956240653992,0.9216166913509369,1
b2093,b2092,1,0.9950861930847168,0.9938073754310608,0.9933878183364868,0.9921408891677856,0.9736586809158325,0.9890316128730774,0.9989968538284302,0.9883184432983398,0.996147632598877,0.987514078617096,0.9908089578151703,1
b2092,b2091,1,0.995521605014801,0.9864452481269836,0.9680498838424683,0.9790677428245544,0.9278393387794495,0.9744879007339478,0.9933114647865295,0.9668428897857666,0.984826922416687,0.9725858569145203,0.9748978853225708,1
b2091,b2085,0,0.0001663186412770301,0.00024119690351653844,0.0018401640700176358,0.001575186033733189,0.006063505075871944,0.0026174471713602543,2.400221274001524e-05,0.0007045578095130622,0.0020486735738813877,0.0009698887588456273,0.0016250940250756684,0
b2085,b2082,0,0.0005447298754006624,0.0018044010503217578,3.638605267042294e-05,0.004950075875967741,0.008149107918143272,0.009905852377414703,0.00011193654063390568,0.0011984879383817315,0.004702295642346144,0.003960399888455868,0.003536367315973621,0
b2073,b2072,1,0.9973146915435791,0.9974058866500854,0.9983124136924744,0.9872546792030334,0.9888020157814026,0.9900227785110474,0.9983767867088318,0.9915682077407837,0.9987491369247437,0.9953672885894775,0.9943173885345459,1
b2072,b2070,0,0.013644585385918617,0.040118563920259476,0.022321222350001335,0.09419114887714386,0.06685863435268402,0.1271274834871292,0.008518525399267673,0.03430907428264618,0.08348210155963898,0.08882889151573181,0.05794002311304212,0
b2070,b2068,0,0.005066222045570612,0.012956415303051472,0.008469956927001476,0.03259798511862755,0.056319501250982285,0.039219774305820465,0.03813239187002182,0.019350461661815643,0.03384900465607643,0.007303507067263126,0.025326522020623087,0
b2068,b2066,0,3.693841063068248e-05,0.0001384888164466247,2.806460724968929e-05,0.0006705523701384664,0.0014622887829318643,0.0024375568609684706,3.742874105228111e-05,0.0003097304725088179,0.0008021226385608315,0.0004148927691858262,0.0006338064469673555,0
b2066,b2065,0,0.8708956837654114,0.8337555527687073,0.3065897822380066,0.8340056538581848,0.767200231552124,0.9134690165519714,0.7871326208114624,0.8432047963142395,0.7742958664894104,0.8692976832389832,0.7799846887588501,1
b2065,b2064,1,0.9975981116294861,0.9942575097084045,0.9817702174186707,0.9924213290214539,0.9821905493736267,0.9836687445640564,0.9978574514389038,0.9908196926116943,0.9966856241226196,0.9857130646705627,0.9902982294559479,1
b2064,b2062,0,0.0018765437416732311,0.00424370588734746,0.0005161657463759184,0.009725148789584637,0.010698526166379452,0.008239386603236198,0.0010596157517284155,0.015743833035230637,0.009308446198701859,0.003220277838408947,0.006463164975866675,0
b2062,b2061,1,0.9982582926750183,0.9878646731376648,0.9956685900688171,0.9797638058662415,0.9572537541389465,0.9839583039283752,0.9962377548217773,0.9762277007102966,0.9904911518096924,0.9601603150367737,0.9825884342193604,1
b2061,b2060,1,0.9695917963981628,0.9028481841087341,0.894538164138794,0.9224919676780701,0.8074830174446106,0.9134365916252136,0.9812385439872742,0.9335371255874634,0.9219945669174194,0.9226495027542114,0.9169809460639954,1
b2060,b2059,1,0.9575799703598022,0.9563503861427307,0.9778269529342651,0.9533200263977051,0.8899956345558167,0.9412953853607178,0.9334267377853394,0.9459343552589417,0.957695484161377,0.9419020414352417,0.9455326974391938,1
b2059,b2058,1,0.9899712204933167,0.9870227575302124,0.8969418406486511,0.9720218181610107,0.9244147539138794,0.9698694348335266,0.9840593934059143,0.9795306324958801,0.981709361076355,0.9502772688865662,0.9635818481445313,1
b2058,b2057,1,0.9967615008354187,0.9972199201583862,0.9971635937690735,0.98609858751297,0.985431432723999,0.9869008660316467,0.9988341927528381,0.9913161993026733,0.9982900619506836,0.9945768117904663,0.9932593166828155,1
b2057,b2056,1,0.9969555139541626,0.997196614742279,0.997954785823822,0.9843827486038208,0.9899691343307495,0.9901888370513916,0.9976887702941895,0.9901338219642639,0.9988567233085632,0.9958217144012451,0.9939148664474488,1
b2056,b2055,1,0.8040468692779541,0.7346264123916626,0.7035884261131287,0.8063323497772217,0.7371063232421875,0.8301965594291687,0.36412766575813293,0.6985048055648804,0.8688321709632874,0.8455802202224731,0.7392941802740097,1
b2055,b2054,1,0.9933212995529175,0.9940714240074158,0.9760416150093079,0.9840513467788696,0.9560250639915466,0.9814236760139465,0.9956560134887695,0.9727872014045715,0.9894817471504211,0.9826964735984802,0.9825555860996247,1
b2054,b2053,1,0.9704368710517883,0.9564366936683655,0.9641738533973694,0.933588981628418,0.8661566376686096,0.9219199419021606,0.9904067516326904,0.8923696279525757,0.9240707159042358,0.9057485461235046,0.9325308620929718,1
b2053,b2052,1,0.9946649074554443,0.9861298203468323,0.9760122895240784,0.9828729033470154,0.940254807472229,0.9876469969749451,0.9991068243980408,0.9773359298706055,0.983336865901947,0.9662729501724243,0.9793634295463562,1
b2052,b2051,1,0.993422269821167,0.9941950440406799,0.9898664355278015,0.9855669140815735,0.980492353439331,0.9906876683235168,0.9967564344406128,0.9804694652557373,0.9964427947998047,0.9922485947608948,0.9900147974491119,1
b2051,b2050,1,0.9967514276504517,0.9969586133956909,0.997103214263916,0.9860864281654358,0.9846846461296082,0.9856419563293457,0.9985989928245544,0.9908117055892944,0.9979825019836426,0.9940351247787476,0.9928654611110688,1
b2050,b2049,1,0.9936947822570801,0.9878290295600891,0.9622940421104431,0.9767495393753052,0.9364683032035828,0.9707573652267456,0.9941977262496948,0.9735093712806702,0.9824374318122864,0.9571550488471985,0.9735092639923095,1
b2049,b2048,1,0.9940981864929199,0.978851854801178,0.9906367659568787,0.9655983448028564,0.8693943023681641,0.9816352725028992,0.9797724485397339,0.9598498344421387,0.974292516708374,0.9546266794204712,0.9648756206035614,1
b2048,b2047,1,0.9813939929008484,0.9556543231010437,0.9873635172843933,0.9662955403327942,0.8928115963935852,0.9690725803375244,0.9976513981819153,0.9470140337944031,0.9725288152694702,0.9473152756690979,0.9617101073265075,1
b2047,b2046,1,0.9911237359046936,0.9889504909515381,0.9544450044631958,0.9759146571159363,0.9299861788749695,0.9624248147010803,0.9848731160163879,0.9846334457397461,0.9696694612503052,0.9528809189796448,0.9694901823997497,1
b2046,b2045,0,0.7710312008857727,0.8508846759796143,0.2694530785083771,0.8682577610015869,0.6936131715774536,0.860034704208374,0.8846198320388794,0.8121108412742615,0.7833953499794006,0.7760621905326843,0.7569462805986404,1
b2045,b2044,1,0.9976097941398621,0.9975497722625732,0.9974976778030396,0.9812625050544739,0.98895663022995,0.9896745085716248,0.9976334571838379,0.9896185994148254,0.9987819194793701,0.9956531524658203,0.9934238016605377,1
b2044,b2043,1,0.9956755042076111,0.9847280383110046,0.984775722026825,0.9850565195083618,0.9499114155769348,0.9855974316596985,0.996344804763794,0.9887802004814148,0.9881387948989868,0.9796057343482971,0.9838614165782928,1
b2043,b2042,0,0.4144987165927887,0.2753642797470093,0.04850098490715027,0.5052563548088074,0.3148595988750458,0.49504879117012024,0.6538324356079102,0.48128876090049744,0.40603935718536377,0.5198789238929749,0.4114568203687668,0
b2042,b2041,0,0.34011325240135193,0.13037458062171936,0.400478333234787,0.19506339728832245,0.23555637896060944,0.22635908424854279,0.24641315639019012,0.12153145670890808,0.30044588446617126,0.20075522363185883,0.2397090747952461,0
b2041,b2040,1,0.996995210647583,0.9972148537635803,0.9972584843635559,0.9799773097038269,0.9892717003822327,0.9903998970985413,0.9976266622543335,0.9879885315895081,0.9987568855285645,0.995648205280304,0.993113774061203,1
b2040,b2039,1,0.9732392430305481,0.9690712094306946,0.5876556038856506,0.9244309067726135,0.8014669418334961,0.9376730918884277,0.9402453899383545,0.9390184879302979,0.9532924294471741,0.920615553855896,0.8946708858013153,1
b2039,b2038,1,0.996606707572937,0.9962590336799622,0.9968328475952148,0.9789814949035645,0.9890360832214355,0.9892773628234863,0.9963690042495728,0.9860451817512512,0.9986661672592163,0.9953699111938477,0.9923443794250488,1
b2038,b2037,1,0.9964032173156738,0.9965875148773193,0.9963279366493225,0.9858099222183228,0.9854432344436646,0.985887885093689,0.9985917210578918,0.9891536831855774,0.9980034232139587,0.9939880967140198,0.992619663476944,1
b2037,b2036,1,0.9932169318199158,0.9835844039916992,0.9417482614517212,0.9604482054710388,0.921733021736145,0.9776189923286438,0.9641031622886658,0.9670658707618713,0.967458963394165,0.970899760723114,0.964787757396698,1
b2036,b2035,1,0.9965463876724243,0.9959809184074402,0.9965512752532959,0.9806495308876038,0.9887977838516235,0.9879642724990845,0.9972169399261475,0.9867567420005798,0.9986079335212708,0.9953161478042603,0.992438793182373,1
b2035,b2034,1,0.9943367838859558,0.9900320172309875,0.9743476510047913,0.9600425958633423,0.9401423931121826,0.982995867729187,0.9890607595443726,0.9744681119918823,0.9850745797157288,0.9789317846298218,0.9769432544708252,1
b2034,b2033,1,0.9961838126182556,0.9967434406280518,0.9962670803070068,0.979375958442688,0.9890992045402527,0.9906646609306335,0.9964867234230042,0.9867258667945862,0.9987901449203491,0.9956695437431335,0.9926006436347962,1
b2033,b2032,1,0.9958389401435852,0.9964281916618347,0.9967313408851624,0.9836997389793396,0.9862138628959656,0.9870700836181641,0.9985781908035278,0.9877245426177979,0.998238205909729,0.9945895671844482,0.9925112664699555,1
b2029,b2028,0,0.89872807264328,0.7814779281616211,0.8828719258308411,0.7696444988250732,0.6263927817344666,0.6498768329620361,0.8734052777290344,0.7382698655128479,0.7235111594200134,0.6740766167640686,0.7618254959583283,1
b2028,b2027,0,0.4694052040576935,0.3336294889450073,0.12577907741069794,0.37613800168037415,0.49008655548095703,0.33562713861465454,0.22655892372131348,0.29829129576683044,0.4668763279914856,0.4500979483127594,0.35724899619817735,0
b2027,b2017,0,4.3738957174355164e-05,0.00019146363774780184,0.0002290495904162526,0.0006726710125803947,0.0006400978891178966,0.00041850574780255556,0.0001105316769098863,0.0002831986057572067,0.00072799704503268,6.223669333849102e-05,0.00033794908558775204,0
b2017,b4539,1,0.9969760775566101,0.9968212842941284,0.9969466924667358,0.9799908399581909,0.9886851906776428,0.9890634417533875,0.9977523684501648,0.9880961775779724,0.9987561702728271,0.9954952597618103,0.992858350276947,1
b4539,b2016,0,0.3205876350402832,0.2844095528125763,0.05322668328881264,0.366893470287323,0.3824222683906555,0.4571155607700348,0.5297886729240417,0.3254580497741699,0.34280791878700256,0.5155603289604187,0.35782701410353185,0
b2016,b2015,1,0.9977483153343201,0.9875674247741699,0.9837062358856201,0.9829186201095581,0.9592532515525818,0.9862572550773621,0.9871017336845398,0.9818697571754456,0.9913982152938843,0.981062114238739,0.9838882923126221,1
b2014,b2013,0,0.5841565132141113,0.5152561068534851,0.43223094940185547,0.7045653462409973,0.6666362881660461,0.5675404667854309,0.4842008650302887,0.5108444094657898,0.5897315740585327,0.6864742636680603,0.5741636782884598,1
b2013,b2012,1,0.9661372303962708,0.9572595953941345,0.8474408984184265,0.8603569865226746,0.7976361513137817,0.9317934513092041,0.9452414512634277,0.9433034062385559,0.8894814848899841,0.8908586502075195,0.902950930595398,1
b2012,b2010,0,0.00019270759366918355,0.001878356677480042,0.0008762425277382135,0.001154828816652298,0.0022611808963119984,0.002394766313955188,0.000321070896461606,0.00029764469945803285,0.0024237148463726044,0.0004650514747481793,0.0012265564742847345,0
b2010,b2009,0,0.19234013557434082,0.583227276802063,0.2425316572189331,0.6125770211219788,0.45915862917900085,0.6153024435043335,0.5904777646064758,0.6531097888946533,0.5829752683639526,0.66217440366745,0.5193874388933182,1
b2009,b2008,1,0.950082540512085,0.8776892423629761,0.8628295660018921,0.944868803024292,0.7822816967964172,0.9208409190177917,0.9207732677459717,0.9254587888717651,0.8988028764724731,0.8155561089515686,0.8899183809757233,1
b2008,b2007,0,0.5091767311096191,0.28616416454315186,0.20250774919986725,0.46891525387763977,0.2217002958059311,0.5213695168495178,0.4672410190105438,0.4448814392089844,0.31295841932296753,0.46391797065734863,0.3898832559585571,0
b1993,b1992,1,0.9972503781318665,0.9962188601493835,0.9970522522926331,0.981149435043335,0.988501787185669,0.9876922369003296,0.9977774620056152,0.9875608086585999,0.9986523389816284,0.9955443739891052,0.9927399933338166,1
b1992,b1991,1,0.9957348108291626,0.9871073961257935,0.9949909448623657,0.9769338369369507,0.942445695400238,0.981506884098053,0.9977864027023315,0.9589061737060547,0.9864421486854553,0.9816170930862427,0.9803471386432647,1
b1991,b1990,0,0.872364342212677,0.8381690979003906,0.24391329288482666,0.8617021441459656,0.8269118070602417,0.8527699112892151,0.8331767320632935,0.7943498492240906,0.8590371608734131,0.9327055811882019,0.7915099918842315,1
b1990,b1988,0,0.4207063913345337,0.0670204907655716,0.033833589404821396,0.16731680929660797,0.20508509874343872,0.15839365124702454,0.035655006766319275,0.18685582280158997,0.21660657227039337,0.085113026201725,0.15765864588320255,0
b1988,b1987,1,0.949332058429718,0.9473589658737183,0.7431541681289673,0.9587500691413879,0.8946414589881897,0.8420897722244263,0.9386841058731079,0.8126429915428162,0.9595593810081482,0.9374629855155945,0.8983675956726074,1
b1987,b1985,0,0.19470660388469696,0.21306076645851135,0.5821530222892761,0.2694832384586334,0.3214475214481354,0.32788488268852234,0.2451825737953186,0.2274753749370575,0.28021979331970215,0.2807347774505615,0.2942348554730415,0
b1969,b1968,1,0.996844470500946,0.9967042803764343,0.9968937039375305,0.9839938282966614,0.9863916039466858,0.986060380935669,0.9982529282569885,0.9901347160339355,0.99825519323349,0.9946717619895935,0.9928202867507935,1
b1968,b1963,0,0.00011278285819571465,0.0003206117544323206,0.00010603570990497246,0.0007869655382819474,0.0016898843459784985,0.0031207960564643145,5.418839646154083e-05,0.0006443370948545635,0.0013789344811812043,0.0006060771993361413,0.0008820613435091218,0
b1963,b1962,1,0.9221654534339905,0.9211092591285706,0.6825240850448608,0.9204259514808655,0.8779504895210266,0.9395856261253357,0.9290246367454529,0.9137937426567078,0.9162954688072205,0.9455946087837219,0.8968469321727752,1
b1962,b1961,0,0.6966584324836731,0.6190563440322876,0.36539432406425476,0.5508747100830078,0.682309627532959,0.5506566166877747,0.5236639976501465,0.49262964725494385,0.7188998460769653,0.689684271812439,0.5889827817678451,1
b1961,b1960,1,0.9969397783279419,0.9943407773971558,0.9966017007827759,0.9693911075592041,0.990414023399353,0.9911062717437744,0.9937867522239685,0.9812428951263428,0.9990155696868896,0.9968790411949158,0.9909717917442322,1
b1960,b1958,0,0.0015050082001835108,0.0010541491210460663,0.0007347913924604654,0.0038595444057136774,0.008495238609611988,0.013569839298725128,0.00024029139603953809,0.0006992552080191672,0.0054603698663413525,0.00350977317430079,0.003912826067244168,0
b1958,b1957,1,0.9775118827819824,0.9131429195404053,0.9518557786941528,0.9185122847557068,0.8218134045600891,0.9391557574272156,0.9793808460235596,0.8978884220123291,0.8760218620300293,0.9149426221847534,0.9190225780010224,1
b1957,b1956,0,0.5255133509635925,0.3808617889881134,0.19195006787776947,0.4962826669216156,0.3967737853527069,0.6209140419960022,0.08073444664478302,0.5285784602165222,0.4391499161720276,0.605079174041748,0.4265837699174881,0
b1952,b1937,0,3.8822372516733594e-06,2.5087236281251535e-05,6.873044071653567e-07,3.9827926229918376e-05,0.00018775000353343785,0.0001267719635507092,3.977020313072899e-08,1.2871392755187117e-05,4.159749369136989e-05,2.2268955945037305e-05,4.607842838488807e-05,0
b1937,b1928,0,2.0073659470654093e-05,0.00014739466132596135,0.0010232224594801664,0.00025130942231044173,0.0013449281686916947,0.0005425189156085253,1.8233620266983053e-06,0.00010916931205429137,0.0001721890876069665,0.0010962553787976503,0.000470888442737305,0
b1928,b1923,0,9.264225082006305e-05,0.00014963925059419125,0.0003124162321910262,0.0008229504455812275,0.0015500299632549286,0.001720902742817998,7.059193649183726e-06,0.0002755364403128624,0.0011285997461527586,0.00031034593121148646,0.0006370122196585725,0
b1923,b1922,0,0.2542557716369629,0.11422252655029297,0.24546585977077484,0.28827452659606934,0.3349336087703705,0.22620876133441925,0.13608041405677795,0.1785108596086502,0.30592218041419983,0.14378303289413452,0.22276575416326522,0
b1922,b1921,1,0.9886082410812378,0.9834353923797607,0.975091814994812,0.9705886840820312,0.9272441864013672,0.9854612946510315,0.9912832379341125,0.9817689061164856,0.986240565776825,0.9702392816543579,0.9759961605072022,1
b1921,b1920,1,0.5979814529418945,0.4795781672000885,0.09628161787986755,0.6534911394119263,0.5344140529632568,0.7068369388580322,0.6401585340499878,0.6842807531356812,0.5275768637657166,0.7314859628677368,0.5652085483074188,1
b1920,b1919,0,0.3759461045265198,0.3327229619026184,0.5890522003173828,0.6113229393959045,0.5637494325637817,0.39627742767333984,0.47387686371803284,0.34743961691856384,0.636827826499939,0.5660754442214966,0.48932908177375795,0
b1919,b1918,1,0.9937583208084106,0.9934422969818115,0.978959321975708,0.9875876903533936,0.9812287092208862,0.9888009428977966,0.9961987137794495,0.982597827911377,0.996730387210846,0.9921705722808838,0.9891474783420563,1
b1918,b1917,1,0.9975325465202332,0.9967759251594543,0.9963981509208679,0.9792277812957764,0.9878752827644348,0.9882475137710571,0.9976708889007568,0.9880690574645996,0.99857497215271,0.9952238202095032,0.9925595939159393,1
b1917,b1916,0,0.46881356835365295,0.18586048483848572,0.16555066406726837,0.3307536840438843,0.3295246362686157,0.37490132451057434,0.10953360795974731,0.31994011998176575,0.46414631605148315,0.29127374291419983,0.30402981489896774,0
b1916,b1914,0,0.03987041860818863,0.023009521886706352,0.005293208174407482,0.0453103631734848,0.03510686755180359,0.04251706600189209,0.015246902592480183,0.048068899661302567,0.017455890774726868,0.028443941846489906,0.030032308027148246,0
b1914,b1913,1,0.9961963295936584,0.9949347376823425,0.9937282204627991,0.9843952059745789,0.9825088381767273,0.9810876250267029,0.9985835552215576,0.983035683631897,0.9971915483474731,0.9923101663589478,0.9903971910476684,1
b1913,b1912,0,0.8964612483978271,0.9468907713890076,0.6360357999801636,0.9221301674842834,0.9272997975349426,0.8550045490264893,0.9113144874572754,0.8727335929870605,0.9529053568840027,0.9592185020446777,0.887999427318573,1
b1908,b1906,0,0.0007942705415189266,0.0010256617097184062,0.0003767810412682593,0.0035357503220438957,0.007515487726777792,0.007302760612219572,0.0006304576527327299,0.0014877425273880363,0.003467645961791277,0.0016816059360280633,0.0027818164031486957,0
b1906,b4663,0,6.029570067767054e-05,0.00013741831935476512,0.002126510953530669,0.00031358026899397373,0.001100978464819491,0.0008969752234406769,4.58771173725836e-05,0.0001574047637404874,0.00039804138941690326,0.0008503493154421449,0.0006087431516789366,0
b4663,b4537,0,0.021693632006645203,0.02849787101149559,0.01195097528398037,0.06505890935659409,0.07193385809659958,0.16593722999095917,0.0011446713469922543,0.036381930112838745,0.06434112042188644,0.12898747622966766,0.05959276738576591,0
b4537,b1901,0,0.0020559318363666534,0.005260737147182226,0.002160079311579466,0.0040809684433043,0.006334736943244934,0.006308228243142366,0.0014557476388290524,0.0013731857761740685,0.003345075761899352,0.005042765289545059,0.003741745639126748,0
b1901,b1900,1,0.9973552227020264,0.9891780614852905,0.9955384731292725,0.9911929965019226,0.9318333268165588,0.991035521030426,0.9985427260398865,0.9832411408424377,0.9865994453430176,0.9732134342193604,0.9837730348110199,1
b1900,b4460,1,0.9948809146881104,0.9944543242454529,0.9855257868766785,0.9855761528015137,0.976624071598053,0.990906298160553,0.9962043762207031,0.9826272130012512,0.9962422847747803,0.9905790686607361,0.9893620491027832,1
b4460,b1897,0,0.5698202252388,0.5633884072303772,0.8573829531669617,0.4971887171268463,0.37482765316963196,0.46913620829582214,0.5418129563331604,0.5136362314224243,0.713348388671875,0.4006875157356262,0.5501229256391525,1
b1897,b1896,1,0.9975718259811401,0.99716717004776,0.9973283410072327,0.9813879132270813,0.9862809777259827,0.9879368543624878,0.9987238645553589,0.9892104268074036,0.9984152317047119,0.994764506816864,0.9928787112236023,1
b1892,b1891,1,0.9975271821022034,0.9955422878265381,0.9944129586219788,0.9920451045036316,0.9799745082855225,0.9930481314659119,0.9979139566421509,0.9923988580703735,0.9972188472747803,0.9907897114753723,0.9930871546268463,1
b1891,b1890,0,0.5481280088424683,0.7415729761123657,0.5169192552566528,0.666496992111206,0.544157087802887,0.5097187161445618,0.6267458200454712,0.5959904789924622,0.7819471955299377,0.6739940643310547,0.6205670595169067,1
b1890,b1889,1,0.9977215528488159,0.9972772598266602,0.9976455569267273,0.9806171655654907,0.9891521334648132,0.9898194074630737,0.9978615045547485,0.9888836741447449,0.9988206028938293,0.9957088232040405,0.9933507680892945,1
b1889,b1888,1,0.9925292730331421,0.9814320206642151,0.9851906299591064,0.9766933917999268,0.9522582292556763,0.9802991151809692,0.9945840239524841,0.9809064865112305,0.9651550650596619,0.9738513231277466,0.9782899558544159,1
b1888,b1887,1,0.9944971203804016,0.9922157526016235,0.9905458092689514,0.9602614045143127,0.9564995169639587,0.9829561114311218,0.9919681549072266,0.9766566157341003,0.9880867600440979,0.9796485900878906,0.9813335835933685,1
b1887,b1886,0,0.26583489775657654,0.20562709867954254,0.22940613329410553,0.4196760058403015,0.3581467568874359,0.2293376624584198,0.33747953176498413,0.2616279423236847,0.3991641104221344,0.3538159728050232,0.30601161122322085,0
b1886,b1885,1,0.9775635600090027,0.9011968970298767,0.9554401636123657,0.9455410838127136,0.8354142904281616,0.9473214745521545,0.969186544418335,0.9629374742507935,0.9377235174179077,0.9023863673210144,0.9334711372852326,1
b1885,b1884,1,0.9964286684989929,0.9924333095550537,0.9750674366950989,0.965527355670929,0.9409383535385132,0.9667916893959045,0.9911341071128845,0.9748223423957825,0.9751901626586914,0.9686476588249207,0.9746981084346771,1
b1884,b1883,1,0.9871208071708679,0.9859811663627625,0.9816139340400696,0.969841718673706,0.9555665254592896,0.9528748989105225,0.9536478519439697,0.9375637173652649,0.9836810231208801,0.9748607277870178,0.9682752370834351,1
b1883,b1882,1,0.9917428493499756,0.9908334016799927,0.9062607884407043,0.9594402313232422,0.9418390393257141,0.9829053282737732,0.99029541015625,0.9653529524803162,0.9797800183296204,0.9785119295120239,0.9686961948871613,1
b1882,b1881,1,0.9951236844062805,0.9906395077705383,0.991844117641449,0.9823683500289917,0.9575006365776062,0.9866937398910522,0.9960651993751526,0.9860056638717651,0.9911582469940186,0.9754297137260437,0.9852828860282898,1
b1881,b1880,1,0.8048791289329529,0.25876811146736145,0.609711766242981,0.6925528049468994,0.7045918703079224,0.19544413685798645,0.4155811667442322,0.3331276774406433,0.7034138441085815,0.18346621096134186,0.49015367180109026,0
b1880,b1879,1,0.9974730014801025,0.9973170757293701,0.9968388676643372,0.9818766713142395,0.9867060780525208,0.9878568053245544,0.9986340403556824,0.9896599054336548,0.9985458254814148,0.9949886202812195,0.9929896891117096,1
b1879,b1878,1,0.9967089891433716,0.9952455163002014,0.9968904852867126,0.9708359837532043,0.9914525747299194,0.9928054809570312,0.9934866428375244,0.9823578000068665,0.9992112517356873,0.99727463722229,0.9916269361972809,1
b1878,b1875,0,2.8781592845916748e-05,0.0002254436258226633,0.0001736091944621876,0.00035531361936591566,0.0007690288475714624,0.001463509164750576,2.5113564333878458e-05,0.0001148766023106873,0.0005953977233730257,0.00043620236101560295,0.00041872762958519163,0
b1875,b1874,1,0.9889357686042786,0.9883620142936707,0.979439914226532,0.9670044183731079,0.934910237789154,0.9815269112586975,0.9924032688140869,0.9737462997436523,0.9768924713134766,0.9729176759719849,0.9756138980388641,1
b1874,b1873,0,0.27080684900283813,0.08590902388095856,0.03204409033060074,0.18216782808303833,0.19958150386810303,0.13437506556510925,0.046612147241830826,0.12963460385799408,0.21218566596508026,0.11381839960813522,0.14071351774036883,0
b1873,b1872,1,0.9935973882675171,0.9530577659606934,0.9343883395195007,0.922051727771759,0.9023247361183167,0.9446696043014526,0.9827255010604858,0.9300985932350159,0.9274353981018066,0.9608743786811829,0.945122343301773,1
b1872,b1866,0,0.0015739722875878215,0.002165694022551179,0.00014083337737247348,0.005453780759125948,0.009894130751490593,0.009869495406746864,4.57759051641915e-05,0.0023948641028255224,0.004339850973337889,0.0044028605334460735,0.004028125811964855,0
b1866,b1865,1,0.9224708080291748,0.789714515209198,0.8476109504699707,0.8147172927856445,0.7243417501449585,0.7686718106269836,0.6158902645111084,0.7371565103530884,0.7784577012062073,0.7421399354934692,0.7741171538829803,1
b1865,b1864,1,0.8730506300926208,0.8900624513626099,0.45551446080207825,0.9086268544197083,0.8628145456314087,0.9155811071395874,0.8830453157424927,0.8942654728889465,0.8735173344612122,0.953092634677887,0.8509570807218552,1
b1864,b1863,1,0.993755578994751,0.9867974519729614,0.9650000929832458,0.988311231136322,0.9784054160118103,0.9894222617149353,0.9960498809814453,0.9841955304145813,0.9967081546783447,0.9913491606712341,0.9869994759559632,1
b1861,b1860,1,0.995316743850708,0.9962344169616699,0.9932130575180054,0.9921704530715942,0.9821068048477173,0.9917373061180115,0.9982401132583618,0.9873781204223633,0.9978503584861755,0.992751955986023,0.9926999330520629,1
b1860,b1857,0,0.003302608849480748,0.029083477333188057,0.009473458863794804,0.03833477571606636,0.010922816582024097,0.07978013157844543,0.007599285338073969,0.03442235663533211,0.021922031417489052,0.011372995562851429,0.024621393787674604,0
b1857,b1856,1,0.992158055305481,0.9933091998100281,0.9810842275619507,0.9888021349906921,0.9745973348617554,0.9859194755554199,0.9970282316207886,0.9815450310707092,0.99562668800354,0.9877192378044128,0.9877789616584778,1
b1856,b1855,0,0.8914558291435242,0.8784350156784058,0.8042822480201721,0.8658435344696045,0.8838526606559753,0.7513830661773682,0.9208236932754517,0.6763551235198975,0.8353384733200073,0.8756558895111084,0.8383425533771515,1
b1855,b1852,0,0.0002639100421220064,0.0006350771291181445,7.54835782572627e-05,0.001470336108468473,0.0030688492115586996,0.005276846699416637,0.0009246639674529433,0.0008163079037331045,0.0024355286732316017,0.0009768478339537978,0.001594385114731267,0
b1852,b1851,0,0.26869508624076843,0.4621627628803253,0.6978175640106201,0.6324267983436584,0.5670620799064636,0.3331294357776642,0.602293074131012,0.37037941813468933,0.6895397305488586,0.5364096760749817,0.5159915626049042,1
b1851,b1850,1,0.9850818514823914,0.979911744594574,0.9229459166526794,0.9608430862426758,0.9365569353103638,0.9760346412658691,0.9744657874107361,0.9699411392211914,0.9792071580886841,0.9787042140960693,0.9663692474365234,1
b1850,b1848,0,0.008994919247925282,0.001423553447239101,0.0010304644238203764,0.006876463070511818,0.0143439257517457,0.01875586062669754,0.0034768423065543175,0.012529395520687103,0.0090714693069458,0.0033381395041942596,0.00798410332063213,0
b1848,b1847,1,0.9642819166183472,0.974041759967804,0.584841787815094,0.9627664685249329,0.9162386655807495,0.9233987331390381,0.9649479985237122,0.9681525230407715,0.9762329459190369,0.9612815976142883,0.9196184396743774,1
b1847,b1846,0,0.07119931280612946,0.04921457916498184,0.054204121232032776,0.10104082524776459,0.10732153058052063,0.12369505316019058,0.03903212770819664,0.09472575783729553,0.13735002279281616,0.0781668871641159,0.08559502176940441,0
b1846,b1845,0,0.7745909690856934,0.6281627416610718,0.4716418385505676,0.7332263588905334,0.5605510473251343,0.3671705424785614,0.20078963041305542,0.562073826789856,0.8202657699584961,0.6137601733207703,0.5732232898473739,1
b1845,b1841,0,0.0015783229609951377,0.001218242570757866,0.0006025777547620237,0.007497931364923716,0.017397532239556313,0.003820374608039856,0.0022925136145204306,0.001273258589208126,0.006117937155067921,0.00236805179156363,0.0044166742649395015,0
b1841,b1840,1,0.9944358468055725,0.9917990565299988,0.9854926466941833,0.9938555359840393,0.9704561829566956,0.9807546138763428,0.9954520463943481,0.9861114025115967,0.9935048818588257,0.975705623626709,0.9867567837238311,1
b1840,b1839,1,0.9973011612892151,0.9960067868232727,0.9913128018379211,0.9895057082176208,0.9814916849136353,0.9956332445144653,0.9959684610366821,0.9886044263839722,0.9979311227798462,0.9934598803520203,0.9927215278148651,1
b1838,b1832,0,1.5767247532494366e-05,4.720091601484455e-05,1.0832600310095586e-05,0.00012060178414685652,0.0005265421350486577,0.00040500640170648694,2.4498544917150866e-06,2.0448886061785743e-05,0.00010411817493150011,8.672264084452763e-05,0.00013396906410889642,0
b1832,b1831,1,0.8789411187171936,0.9386736750602722,0.41208043694496155,0.8695285320281982,0.7782699465751648,0.9255644679069519,0.9482226371765137,0.8359972834587097,0.8622916340827942,0.9200384616851807,0.836960819363594,1
b1831,b1830,1,0.9942433834075928,0.9924833178520203,0.9801315069198608,0.9937990307807922,0.9819861054420471,0.9849128127098083,0.9980106949806213,0.9876137971878052,0.9965865612030029,0.9890194535255432,0.9898786664009094,1
b1830,b1829,0,0.3653363287448883,0.5600109696388245,0.5279592871665955,0.6432952880859375,0.5975819826126099,0.5404212474822998,0.31985703110694885,0.3448624610900879,0.7911844849586487,0.7044899463653564,0.5394999027252197,1
b1829,b1827,0,0.00445980578660965,0.002583972178399563,0.015440348535776138,0.009954857639968395,0.027950914576649666,0.019574137404561043,0.0003559395845513791,0.0022776457481086254,0.010596183128654957,0.0074707018211483955,0.010066450640442781,0
b1827,b1826,0,0.013045569881796837,0.012082530185580254,0.006425395607948303,0.03197970613837242,0.052105020731687546,0.05884125083684921,0.00982288271188736,0.03306069225072861,0.039974573999643326,0.016731739044189453,0.027406936138868333,0
b1826,b1825,1,0.9384779334068298,0.9414583444595337,0.5188691020011902,0.8965069651603699,0.7772851586341858,0.8994958996772766,0.9557816982269287,0.9460467100143433,0.9330785274505615,0.8614380955696106,0.866843843460083,1
b1825,b1824,0,7.59168469812721e-05,0.00033284819801338017,0.0015160114271566272,0.0007294866372831166,0.003349296050146222,0.0027038389816880226,6.0239326558075845e-05,0.00025905497022904456,0.0005749966367147863,0.0016440236940979958,0.0011245712768868544,0
b1824,b1823,1,0.9917853474617004,0.9884910583496094,0.969566822052002,0.9834021925926208,0.9525343775749207,0.9875222444534302,0.9951143264770508,0.9840680956840515,0.9938478469848633,0.9785425066947937,0.9824874818325042,1
b1823,b1822,0,0.5637447237968445,0.18247903883457184,0.03956171125173569,0.4188074767589569,0.29643839597702026,0.267326682806015,0.08289455622434616,0.4289558529853821,0.37012243270874023,0.16149850189685822,0.2811829373240471,0
b1822,b1816,0,0.00018434796947985888,0.00043512298725545406,4.890113268629648e-05,0.0004871790879406035,0.001148367766290903,0.0021788130979985,2.8631409804802388e-05,0.00028683216078206897,0.0010880173649638891,0.00048262494965456426,0.0006368837926856941,0
b1816,b1811,0,2.8428064979379997e-05,0.00020978225802537054,8.193229587050155e-05,0.0002783322415780276,0.0006138526368886232,0.0007761651067994535,1.042686835717177e-05,0.0002435941860312596,0.00042578307329677045,0.00036552170058712363,0.0003033818432413682,0
b1811,b1808,0,0.0004898688639514148,0.0005146744078956544,0.0009321705438196659,0.0013947630068287253,0.0066816071048378944,0.0036574064288288355,0.00023707881337031722,0.0008082080166786909,0.005009801592677832,0.0019811776001006365,0.0021706756378989667,0
b1808,b1807,1,0.7746504545211792,0.7645628452301025,0.3737541735172272,0.6845551133155823,0.8724509477615356,0.6907990574836731,0.7104383707046509,0.6161050200462341,0.716806948184967,0.7866264581680298,0.6990749388933182,1
b1807,b1806,1,0.9949536919593811,0.9886838793754578,0.987300455570221,0.9818447232246399,0.9583062529563904,0.9887065291404724,0.9959498047828674,0.9781962633132935,0.9941676259040833,0.9846000075340271,0.9852709233760834,1
b1806,b1805,0,0.8076005578041077,0.41639286279678345,0.42293041944503784,0.7232232093811035,0.5180549025535583,0.5963385701179504,0.43739208579063416,0.6485242247581482,0.760029673576355,0.5994322299957275,0.5929918736219406,1
b1805,b1804,0,0.9902181029319763,0.9783482551574707,0.881601870059967,0.9718919396400452,0.9411277174949646,0.9728216528892517,0.9841393232345581,0.949907660484314,0.9799968004226685,0.9750887155532837,0.9625142037868499,1
b1804,b1799,0,0.0001132290781242773,0.00019830158271361142,0.005353826563805342,0.0007291266229003668,0.0025875535793602467,0.002962665632367134,6.658554411842488e-06,0.00045373165630735457,0.000747701502405107,0.000702246034052223,0.0013855040806447505,0
b1799,b1798,0,0.9694493412971497,0.8251493573188782,0.9149929285049438,0.897682249546051,0.7660571932792664,0.9107261896133423,0.5015010833740234,0.8430669903755188,0.8881520628929138,0.8920513391494751,0.8408828735351562,1
b1798,b1797,0,0.46442002058029175,0.1517554670572281,0.17325353622436523,0.24541424214839935,0.2528080940246582,0.30668991804122925,0.08373181521892548,0.2716977000236511,0.3511973023414612,0.21282590925693512,0.2513794004917145,0
b1797,b1796,1,0.9964955449104309,0.9955331087112427,0.9938597083091736,0.9856500625610352,0.9695947766304016,0.988175094127655,0.9934973120689392,0.9904907941818237,0.992976188659668,0.9879482388496399,0.989422082901001,1
b1796,b1795,0,0.04879327490925789,0.021862048655748367,0.0016610331367701292,0.06979796290397644,0.07793808728456497,0.16317647695541382,0.001593124121427536,0.04175128415226936,0.05864603444933891,0.08687466382980347,0.05720939903985709,0
b1795,b1793,0,8.12349098850973e-05,0.000165147939696908,0.00026356978924013674,0.0005300255725160241,0.0010491418652236462,0.0011816630139946938,0.0005183548200875521,0.0002236011205241084,0.0014076426159590483,0.00016352113743778318,0.0005583902784564998,0
b1793,b1790,0,7.442218338837847e-05,0.00018262292724102736,0.0009005114552564919,0.0003820010169874877,0.0020536889787763357,0.00356457126326859,9.624476660974324e-06,0.00025887522497214377,0.0009503409382887185,0.0006547789671458304,0.0009031437431985978,0
b1790,b1788,0,0.017697976902127266,0.05724592134356499,0.005514402408152819,0.08021403104066849,0.044396039098501205,0.04045204445719719,0.048799797892570496,0.014551091939210892,0.04744506627321243,0.021228598430752754,0.037754496978595856,0
b1788,b1782,0,1.4741342056368012e-05,4.535900370683521e-05,0.000685864535626024,0.00013561942614614964,0.0006718342192471027,0.00041245034663006663,1.526214873592835e-05,6.826240860391408e-05,0.000203409930691123,0.00034230703022331,0.0002595110391666822,0
b1782,b1781,0,0.4083125591278076,0.30907753109931946,0.5140933394432068,0.6261423230171204,0.6360442638397217,0.45171913504600525,0.33039775490760803,0.32511579990386963,0.601435124874115,0.5692084431648254,0.4771546274423599,0
b1781,b1778,0,0.0001630862388992682,0.001166021334938705,0.0017796158790588379,0.0018002702854573727,0.0026815212331712246,0.0017069157911464572,6.993642455199733e-05,0.0002822538372129202,0.0017199920257553458,0.0024210060946643353,0.0013790619144856465,0
b1778,b1777,1,0.9925420880317688,0.9832068681716919,0.9201791882514954,0.9791240096092224,0.9710308909416199,0.981106698513031,0.9950001239776611,0.9804874658584595,0.995111346244812,0.9890318512916565,0.9786820530891418,1
b1777,b1776,0,0.6230543255805969,0.5275119543075562,0.09655892103910446,0.38181811571121216,0.16058684885501862,0.16339321434497833,0.24796193838119507,0.6285951137542725,0.2102784663438797,0.1731584221124649,0.32129173204302786,0
b1776,b1775,1,0.9953702092170715,0.9908061623573303,0.9878391027450562,0.9910135865211487,0.9804621934890747,0.9815341234207153,0.9966443777084351,0.9866856336593628,0.9930304884910583,0.9864664077758789,0.9889852285385132,1
b1775,b1774,1,0.9957838654518127,0.9908707737922668,0.979325532913208,0.9860543608665466,0.9688671827316284,0.9873450398445129,0.9959908723831177,0.9847931265830994,0.9923145174980164,0.9852217435836792,0.9866567015647888,1
b1774,b1773,1,0.990469217300415,0.9889923334121704,0.9775655269622803,0.9748259782791138,0.9554956555366516,0.9836097359657288,0.9958528280258179,0.9755445122718811,0.9866616725921631,0.9794904589653015,0.9808507919311523,1
b1773,b1772,1,0.9844930768013,0.980635941028595,0.9479864239692688,0.9657917022705078,0.918624997138977,0.9625470042228699,0.9825147986412048,0.957508385181427,0.9647653102874756,0.9492573738098145,0.961412501335144,1
b1772,b1771,1,0.9969936609268188,0.9912140369415283,0.9852198362350464,0.9652252197265625,0.9518423676490784,0.981902539730072,0.995575487613678,0.9801149368286133,0.9868367314338684,0.9706109166145325,0.9805535733699798,1
b1771,b1770,0,0.2821866273880005,0.395503968000412,0.04148060455918312,0.5254747867584229,0.5780153870582581,0.39084166288375854,0.2809155583381653,0.19992715120315552,0.5855796337127686,0.5916689038276672,0.3871594283729792,0
b1770,b1769,0,0.8202115893363953,0.8894915580749512,0.6840574145317078,0.8645340204238892,0.780083179473877,0.6277514100074768,0.7896590828895569,0.8522366285324097,0.8877107501029968,0.7301748394966125,0.7925910472869873,1
b1769,b1765,0,0.00011456068750703707,0.0004002686473540962,0.00010941880464088172,0.0013213048223406076,0.002234128536656499,0.0019237250089645386,7.751707926217932e-06,0.0003886966733261943,0.0007688913610763848,0.0009180143242701888,0.0008186760574062646,0
b1765,b1764,1,0.9529787302017212,0.9504972696304321,0.776739239692688,0.9424149394035339,0.855222761631012,0.8868865370750427,0.9631684422492981,0.9159277081489563,0.9413856267929077,0.9391382932662964,0.9124359548091888,1
b1764,b1763,1,0.992903470993042,0.9922127723693848,0.9703066945075989,0.9913334846496582,0.9818285703659058,0.9805830717086792,0.9969335198402405,0.986340343952179,0.9962676763534546,0.9887575507164001,0.9877467155456543,1
b1763,b1762,0,0.9270565509796143,0.7161107063293457,0.6547377109527588,0.7982295751571655,0.6160350441932678,0.7214770317077637,0.7081342935562134,0.5356745719909668,0.8228243589401245,0.7706764340400696,0.727095627784729,1
b1762,b1760,0,0.0001516610645921901,0.0006050175288692117,0.0004983900580555201,0.0015935016563162208,0.003305769758298993,0.00195116747636348,0.00016233576752711087,0.0004948173882439733,0.002308342605829239,0.0006332717020995915,0.0011704275006195531,0
b1760,b1758,0,0.005983653012663126,0.005951679311692715,0.00928445439785719,0.020343804731965065,0.032388631254434586,0.050096672028303146,0.30885809659957886,0.01602589152753353,0.034998759627342224,0.005839963909238577,0.0489771606400609,0
b1758,b1748,0,8.123546649585478e-06,2.7024549126508646e-05,5.385870281315874e-06,7.444560469593853e-05,0.00040955672739073634,0.000719526200555265,7.436586884068674e-07,9.568597306497395e-05,0.00017459945229347795,4.985073610441759e-05,0.0001564942318850626,0
b1748,b1747,1,0.9972836375236511,0.9972677230834961,0.9977400302886963,0.9828004837036133,0.9899203777313232,0.9904744029045105,0.9976431727409363,0.9896398186683655,0.9988273978233337,0.9957059025764465,0.9937302947044373,1
b1747,b1746,1,0.9970019459724426,0.9972105622291565,0.9975244402885437,0.9840179085731506,0.9882254004478455,0.9884825944900513,0.998233437538147,0.9899893999099731,0.9986057877540588,0.9951719641685486,0.9934463441371918,1
b1746,b1745,1,0.9973651170730591,0.9973947405815125,0.9979768991470337,0.9835038781166077,0.9895630478858948,0.9902690649032593,0.997625470161438,0.9902183413505554,0.9988054037094116,0.9956880807876587,0.993841004371643,1
b1745,b1744,1,0.9970864057540894,0.996833324432373,0.9973921179771423,0.9798598885536194,0.9900823831558228,0.990470826625824,0.9965593218803406,0.9873771667480469,0.9989317059516907,0.9960737228393555,0.9930666863918305,1
b1744,b1743,0,0.06058347597718239,0.1360785812139511,0.01214576791971922,0.20434564352035522,0.12280711531639099,0.2857286036014557,0.021793782711029053,0.0898115485906601,0.15467189252376556,0.20584005117416382,0.1293806462548673,0
b1743,b1742,0,0.3228052258491516,0.08199319988489151,0.43383869528770447,0.2363702654838562,0.21985101699829102,0.2164238691329956,0.06245652213692665,0.19874653220176697,0.32250335812568665,0.16310077905654907,0.22580894641578197,0
b1742,b1739,0,3.183711305609904e-05,0.00026929727755486965,0.00016953972226474434,0.000597370439209044,0.001576178357936442,0.0011904592392966151,2.418727490294259e-05,9.341027907794341e-05,0.00042128440691158175,0.0005311211571097374,0.000490468526732002,0
b1739,b1738,0,0.047173287719488144,0.012342161498963833,0.008601504378020763,0.052042048424482346,0.07255300879478455,0.07828855514526367,0.017325308173894882,0.0284706000238657,0.05983258783817291,0.03099210374057293,0.04076211657375097,0
b1738,b1737,1,0.9893001317977905,0.9738399982452393,0.9267938137054443,0.9739818572998047,0.9264093637466431,0.9468597173690796,0.971714198589325,0.9587114453315735,0.9743257164955139,0.9348934888839722,0.9576829731464386,1
b1737,b1736,1,0.9650392532348633,0.9642030596733093,0.8427971601486206,0.9466356039047241,0.8728463649749756,0.9598374962806702,0.9628413319587708,0.9565851092338562,0.9614840149879456,0.9248899221420288,0.9357159316539765,1
b1736,b1735,1,0.9968621730804443,0.9952796101570129,0.9872168302536011,0.994486927986145,0.982758641242981,0.9923217296600342,0.9989286065101624,0.9918161034584045,0.9974008798599243,0.9891437888145447,0.9926215291023255,1
b1735,b1734,1,0.9105368852615356,0.8151609897613525,0.47765636444091797,0.8652106523513794,0.6392779350280762,0.7390339374542236,0.7240402102470398,0.7239732146263123,0.8775718212127686,0.797753632068634,0.757021564245224,1
b1734,b1733,1,0.9940178394317627,0.9942598342895508,0.9824115633964539,0.9853745102882385,0.9738484025001526,0.9898661971092224,0.9942269921302795,0.9808599352836609,0.9952871799468994,0.9899333715438843,0.9880085825920105,1
b1733,b1731,0,0.0002525522140786052,0.0002838630462065339,7.839465979486704e-05,0.0016244760481640697,0.0020752025302499533,0.0012587681412696838,0.00010774089605547488,0.0005616205744445324,0.0024978776928037405,0.0001399210304953158,0.0008880416833562776,0
b1731,b1730,0,0.578485369682312,0.10327665507793427,0.11223194003105164,0.23428384959697723,0.15724484622478485,0.1417297124862671,0.16367264091968536,0.2830383777618408,0.3301498591899872,0.0795372724533081,0.21836505234241485,0
b1730,b1726,0,0.00012892963422928005,0.0001512486342107877,0.004970008973032236,0.0004690453934017569,0.0011989339254796505,0.0011972386855632067,0.00025015289429575205,8.130830974550918e-05,0.0007794176926836371,0.0002927980094682425,0.0009519082152110059,0
b1726,b1722,0,0.0003327730519231409,0.0005833001341670752,0.0003859955177176744,0.0006906054331921041,0.0012071081437170506,0.0013163647381588817,0.000797932967543602,0.0008217961294576526,0.000819964159745723,0.00026599253760650754,0.0007221832813229412,0
b1722,b1719,0,0.000757458561565727,0.0008010505116544664,0.0028472845442593098,0.0023540277034044266,0.007664300501346588,0.00815641786903143,2.7403033527662046e-05,0.0007293816888704896,0.002056608907878399,0.0034972666762769222,0.002889119999781542,0
b1719,b1718,1,0.959197461605072,0.9460816979408264,0.8624376654624939,0.8959343433380127,0.8372640013694763,0.8846794366836548,0.938899040222168,0.9328203201293945,0.9373760223388672,0.9541775584220886,0.9148867547512054,1
b1718,b1717,1,0.9492262005805969,0.9594810009002686,0.6676630973815918,0.9294840693473816,0.8837152719497681,0.9420779943466187,0.9516133069992065,0.938409686088562,0.9522284865379333,0.9054692983627319,0.9079368412494659,1
b1717,b1716,1,0.9844394326210022,0.9760132431983948,0.9466985464096069,0.9664573669433594,0.9356026649475098,0.9658650159835815,0.9905359148979187,0.9758591651916504,0.9879871010780334,0.9743322134017944,0.9703790664672851,1
b1716,b1715,0,0.08898358792066574,0.06628995388746262,0.31575149297714233,0.09756656736135483,0.16001509130001068,0.25736239552497864,0.047600243240594864,0.09998845309019089,0.11773950606584549,0.09722348302602768,0.13485207743942737,0
b1715,b1714,1,0.06169602647423744,0.0443267822265625,0.0050076767802238464,0.12423313409090042,0.11338279396295547,0.2797347605228424,0.0037357271648943424,0.09313296526670456,0.08943856507539749,0.20551791787147522,0.10202063494361938,0
b1714,b1713,1,0.535269021987915,0.8785861134529114,0.9082171320915222,0.8538172841072083,0.7024741768836975,0.8757075667381287,0.9052453637123108,0.8894633650779724,0.8488016724586487,0.795188844203949,0.8192770540714264,1
b1713,b1712,1,0.9825923442840576,0.9635152220726013,0.8882648944854736,0.9120419025421143,0.8299404382705688,0.9493182301521301,0.9579779505729675,0.9669923186302185,0.9511985778808594,0.9207698702812195,0.932261174917221,1
b1712,b1711,0,0.6966323256492615,0.3400580585002899,0.11860105395317078,0.5634521842002869,0.506443440914154,0.32480117678642273,0.40896207094192505,0.5464810729026794,0.6988589763641357,0.40736380219459534,0.4611654162406921,0
b1711,b1710,0,0.9694359302520752,0.9510532021522522,0.432430624961853,0.9448010325431824,0.8989424705505371,0.9417680501937866,0.9084526896476746,0.9049683809280396,0.9503280520439148,0.9616373777389526,0.8863817811012268,1
b1710,b1709,1,0.9972714185714722,0.996549129486084,0.9968953728675842,0.9818641543388367,0.9881001710891724,0.9875026941299438,0.9977229833602905,0.9878031015396118,0.9985917210578918,0.995294451713562,0.992759519815445,1
b1709,b1708,0,0.9158104658126831,0.8221842646598816,0.3106522858142853,0.8568309545516968,0.7916401028633118,0.6032379269599915,0.6681682467460632,0.6285530924797058,0.8627864122390747,0.8248881101608276,0.7284751862287522,1
b1708,b1707,0,0.13406385481357574,0.348406583070755,0.026419321075081825,0.4850580394268036,0.2932959496974945,0.2889311611652374,0.04466994106769562,0.21168354153633118,0.4088345766067505,0.33829209208488464,0.257965506054461,0
b1707,b1706,0,0.759044885635376,0.9141068458557129,0.7302113771438599,0.7752851247787476,0.8747034668922424,0.8297528624534607,0.36253994703292847,0.6175381541252136,0.9145089387893677,0.872492253780365,0.7650183856487274,1
b1706,b1702,0,0.021509917452931404,0.06756438314914703,0.005748760420829058,0.06334268301725388,0.034238118678331375,0.12271678447723389,0.05793827399611473,0.0540136992931366,0.04377499222755432,0.03123883344233036,0.05020864461548626,0
b1702,b1696,0,0.1129867434501648,0.029278699308633804,0.04043879359960556,0.08073953539133072,0.09096528589725494,0.08021494001150131,0.045691557228565216,0.10497106611728668,0.026434242725372314,0.06273801624774933,0.06744588799774646,0
b1696,b1687,0,5.547596447286196e-05,0.00011533386714290828,3.536063013598323e-05,0.00031828705687075853,0.001041533425450325,0.0020173813682049513,2.1282398847688455e-06,9.677778871264309e-05,0.00046009031939320266,0.0003791363851632923,0.0004521505045431695,0
b1687,b1686,1,0.9964205622673035,0.9924979209899902,0.9966195225715637,0.9678215384483337,0.9908876419067383,0.992847740650177,0.9922518134117126,0.9807254076004028,0.9991483688354492,0.9973222017288208,0.9906542718410491,1
b1686,b1685,0,0.3728002905845642,0.2320631593465805,0.6270059943199158,0.19933106005191803,0.2535887062549591,0.3059464991092682,0.4769320487976074,0.4453079104423523,0.37835797667503357,0.14208517968654633,0.34334188252687453,0
b1678,b1675,0,6.864035822218284e-05,9.850107016973197e-05,0.0005261118058115244,0.00029406248359009624,0.00198657950386405,0.0018578636227175593,2.912851869041333e-06,0.00020939418755006045,0.0004470957210287452,0.0006483580800704658,0.0006139519684893457,0
b1675,b1674,0,0.0015638929326087236,0.0011965875746682286,0.0005720104090869427,0.005957192741334438,0.015530767850577831,0.017002739012241364,5.693743878509849e-05,0.0021189546678215265,0.005616248119622469,0.009040257893502712,0.005865558864024933,0
b1674,b1673,1,0.9966371059417725,0.9879279136657715,0.981939971446991,0.9898475408554077,0.9709936380386353,0.9858400225639343,0.9983153939247131,0.9867717027664185,0.9934592843055725,0.9807058572769165,0.9872438430786132,1
b1673,b1672,1,0.9976516366004944,0.9953579902648926,0.9918495416641235,0.9817175269126892,0.9774447679519653,0.9751943945884705,0.99554842710495,0.9824935793876648,0.992814838886261,0.9884703159332275,0.9878543019294739,1
b1672,b1671,1,0.9972458481788635,0.9865645170211792,0.961658775806427,0.9884625673294067,0.9685099124908447,0.9741615056991577,0.9951232075691223,0.9828121066093445,0.9915599822998047,0.977634847164154,0.9823733270168304,1
b1671,b1670,1,0.9969921112060547,0.9967941045761108,0.9964388608932495,0.9787951111793518,0.987258791923523,0.9878722429275513,0.9976900815963745,0.9867392778396606,0.9984973669052124,0.9946610927581787,0.9921739041805268,1
b1670,b1669,1,0.9913484454154968,0.9921591877937317,0.9783540964126587,0.9835087656974792,0.9713839888572693,0.9844373464584351,0.9974319338798523,0.9816985726356506,0.9944188594818115,0.9845945835113525,0.9859335780143738,1
b1669,b1664,0,0.00011300699407001957,0.00022601291129831225,7.110132719390094e-05,0.0009148698882199824,0.003302764380350709,0.0029298225417733192,2.1894695237278938e-05,0.00023112361668609083,0.0010956445476040244,0.0006666146218776703,0.0009572855524311308,0
b1664,b1662,0,0.001992257544770837,0.008825061842799187,9.468446660321206e-05,0.023903200402855873,0.014898956753313541,0.020303163677453995,0.0008916545775718987,0.0030146141070872545,0.02422378584742546,0.006639942992478609,0.010478732221235987,0
b1662,b1659,0,0.001343023031949997,0.000436115893535316,0.00039591288077645004,0.0025271682534366846,0.004006830509752035,0.005145282484591007,0.0002650973037816584,0.0025534273590892553,0.007213895674794912,0.0005801008665002882,0.0024466854258207603,0
b1659,b4602,0,0.00011299049947410822,0.0003342769923619926,0.0003710805613081902,0.000600306608248502,0.002142598619684577,0.0011947533348575234,0.00043030374217778444,0.00015532162797171623,0.0021225521340966225,0.00020764992223121226,0.0007671834042412229,0
b4602,b1657,0,0.7810065150260925,0.8581855893135071,0.7569661140441895,0.8315138220787048,0.7087463140487671,0.7660659551620483,0.6983656883239746,0.7430903315544128,0.8562636375427246,0.7827284932136536,0.7782932460308075,1
b1657,b1654,0,0.000261181325186044,0.0011987757170572877,0.00023354987206403166,0.0014316004235297441,0.0031300398986786604,0.0033805491402745247,9.07244102563709e-05,0.0007216993253678083,0.001211556140333414,0.001210157759487629,0.0012869834012235516,0
b1654,b1648,0,1.0970287803502288e-05,4.1779094317462295e-05,0.00045794653124175966,9.007331391330808e-05,0.001160591491498053,0.0006470016087405384,4.7661023927503265e-07,3.5143966670148075e-05,0.00016005792713258415,0.0007507838308811188,0.000335482466243775,0
b1648,b1647,0,0.3373190462589264,0.43541473150253296,0.1725655496120453,0.5584694147109985,0.6211766004562378,0.48542508482933044,0.6561893820762634,0.36921295523643494,0.5280568599700928,0.6415789127349854,0.4805408537387848,0
b1647,b1646,0,0.9864526391029358,0.9415555000305176,0.9038570523262024,0.9778270125389099,0.9450806975364685,0.9078329205513,0.9474823474884033,0.9307709336280823,0.9686369299888611,0.967438280582428,0.9476934313774109,1
b1646,b1642,0,0.00013950061111245304,0.00022833199182059616,0.005934078246355057,0.0004090871079824865,0.0023098806850612164,0.0029156417585909367,2.0134433725615963e-05,0.0004875128797721118,0.0004965213593095541,0.0007708388147875667,0.0013711527888517594,0
b1642,b1640,0,0.0033819794189184904,0.009450099430978298,0.031998876482248306,0.00962723046541214,0.016477888450026512,0.009229755029082298,0.028682705014944077,0.0036946905311197042,0.01697714626789093,0.003606054000556469,0.013312642509117723,0
b1640,b1639,0,0.9805103540420532,0.9275515675544739,0.9225649237632751,0.9409520030021667,0.8456388115882874,0.9432648420333862,0.9349057674407959,0.899546205997467,0.9099154472351074,0.9239686727523804,0.9228818595409394,1
b1639,b1638,0,0.2859690189361572,0.48790016770362854,0.06521565467119217,0.42931461334228516,0.6656026840209961,0.5037173628807068,0.47750768065452576,0.3471536636352539,0.6387873888015747,0.7476927638053894,0.464886099845171,0
b1638,b1637,1,0.8377901315689087,0.8893033862113953,0.43669599294662476,0.8430725932121277,0.7913637757301331,0.9170544743537903,0.7180003523826599,0.8332381248474121,0.8010607361793518,0.9076395034790039,0.7975219070911408,1
b1637,b1636,1,0.9121748805046082,0.9633423686027527,0.8938007354736328,0.9177600741386414,0.8150768876075745,0.8697874546051025,0.9811235666275024,0.8708116412162781,0.9342207908630371,0.9316310882568359,0.9089729487895966,1
b1636,b1624,0,5.455804421217181e-05,3.0390994652407244e-05,1.1813426681328565e-05,9.689931175671518e-05,0.0005300136981531978,0.0011095405789092183,9.935027264873497e-06,0.00018216518219560385,0.0002185356424888596,5.472030534292571e-05,0.00022985722116573016,0
b1624,b1620,0,0.00010370180825702846,0.0002879399398807436,5.771072756033391e-05,0.0005047240410931408,0.0011530142510309815,0.0021049780771136284,7.97255925135687e-05,0.0007589976885356009,0.0007494396413676441,0.000352205999661237,0.0006152437767013907,0
b1620,b1619,0,0.7835347056388855,0.6981919407844543,0.2229311615228653,0.7612957954406738,0.6860138177871704,0.8344530463218689,0.6876935362815857,0.7560998201370239,0.7492474317550659,0.820478081703186,0.699993933737278,1
b1619,b1618,0,0.07684601098299026,0.024870645254850388,0.05045478418469429,0.05174561217427254,0.11949635297060013,0.12489299476146698,0.004858325235545635,0.03988909721374512,0.07820343226194382,0.08817067742347717,0.06594279324635863,0
b1618,b1617,0,0.8186145424842834,0.7508057951927185,0.0437343530356884,0.5086832642555237,0.3063163161277771,0.23988282680511475,0.47299206256866455,0.726439893245697,0.49604275822639465,0.29593878984451294,0.4659450601786375,0
b1617,b1616,1,0.997779369354248,0.9942345023155212,0.9971691966056824,0.972732424736023,0.988752007484436,0.9873769283294678,0.9966467618942261,0.9829953908920288,0.9985841512680054,0.9955320358276367,0.9911802768707275,1
b1616,b1615,1,0.9838976263999939,0.8845323920249939,0.8082152605056763,0.916203498840332,0.7919333577156067,0.8594484925270081,0.865444540977478,0.922438383102417,0.9162110686302185,0.8472124934196472,0.8795537114143371,1
b1615,b1612,0,0.0027931781951338053,0.009540577419102192,0.00043758549145422876,0.011907896026968956,0.01404883898794651,0.033615194261074066,0.00982421450316906,0.0046500833705067635,0.016571233049035072,0.009643428958952427,0.011303223026334307,0
b1612,b1611,1,0.6245258450508118,0.5410165190696716,0.4853857457637787,0.8222572207450867,0.7749884128570557,0.6327215433120728,0.7917690277099609,0.6821655035018921,0.807228147983551,0.8313762545585632,0.6993434220552445,1
b1611,b1607,0,0.0005162007291801274,0.0014376684557646513,0.00010136348282685503,0.006015901919454336,0.005361055489629507,0.002955594565719366,0.001021054689772427,0.0011511363554745913,0.0065474663861095905,0.0005347616388462484,0.00256422037127777,0
b1607,b1603,0,0.0007917623152025044,0.00048328188131563365,0.0031458865851163864,0.0011325252708047628,0.00294498517177999,0.004442388191819191,4.610597534338012e-05,0.0005096503882668912,0.001426634844392538,0.0011618874268606305,0.0016085108050901908,0
b1603,b1602,1,0.9955852031707764,0.9928633570671082,0.9805688261985779,0.9829606413841248,0.9748818874359131,0.9878106117248535,0.9968038201332092,0.9815142750740051,0.9948149919509888,0.9887951612472534,0.987659877538681,1
b1602,b1600,0,0.011744269169867039,0.004919104278087616,0.01322984229773283,0.011704851873219013,0.03291713073849678,0.025250032544136047,0.0025927741080522537,0.003983459435403347,0.021909665316343307,0.009759847074747086,0.013801097683608533,0
b1600,b1599,1,0.9970546364784241,0.9979082942008972,0.9974479079246521,0.9838675856590271,0.9891385436058044,0.990811824798584,0.9978244304656982,0.9912815690040588,0.998779833316803,0.9953857064247131,0.9939500331878662,1
b1599,b1595,0,9.648495324654505e-05,5.024888741900213e-05,5.883812627871521e-05,0.00016021337069105357,0.0007688350742682815,0.0013834284618496895,6.859717541374266e-05,0.00020362803479656577,0.0005614824476651847,0.00012245698599144816,0.0003474213517620228,0
b1595,b1594,0,0.6449876427650452,0.7535214424133301,0.20571546256542206,0.7289281487464905,0.6408900022506714,0.760062038898468,0.447384774684906,0.70589679479599,0.6355628967285156,0.8056180477142334,0.6328567251563072,1
b1594,b1593,0,0.3128901720046997,0.49163582921028137,0.03380638733506203,0.5573310852050781,0.4981209635734558,0.483541339635849,0.6794310212135315,0.299104779958725,0.45936331152915955,0.6422154307365417,0.4457440320402384,0
b1593,b1585,0,1.618298119865358e-05,2.8768807169399224e-05,2.9416436518658884e-05,0.0001896606554510072,0.0005448469892144203,0.0009160963818430901,1.3493331607605796e-06,0.00017112697241827846,0.00028804538305848837,0.00018511171219870448,0.0002370605652231461,0
b1585,b1582,0,0.00021677129552699625,0.002450353465974331,0.001149370102211833,0.0017344341613352299,0.0037959066685289145,0.0034579981584101915,0.0028573465533554554,0.0007168339216150343,0.006614380516111851,0.0005405476549640298,0.0023533942498033867,0
b1582,b1581,0,0.2448851764202118,0.08898892253637314,0.31167635321617126,0.2505249083042145,0.319122314453125,0.15009289979934692,0.19794458150863647,0.12519435584545135,0.3291891813278198,0.08472828567028046,0.21023469790816307,0
b1581,b1580,1,0.9982988238334656,0.987751305103302,0.9902645945549011,0.9879356622695923,0.9505752325057983,0.9828214645385742,0.9969520568847656,0.9830142259597778,0.988221287727356,0.9519784450531006,0.9817813098430633,1
b1580,b1569,0,3.0884584703017026e-05,0.00012215014430694282,0.0009212124859914184,0.00022899045143276453,0.0012911532539874315,0.0007317913114093244,5.306000048221904e-07,6.23220912530087e-05,0.0002904483990278095,0.0006486813654191792,0.0004328164687535718,0
b1569,b1564,0,1.429961048415862e-05,0.00011448838631622493,8.339823398273438e-05,0.00024218342150561512,0.0013777209678664804,0.0007773764664307237,3.200379751433502e-06,4.983866529073566e-05,0.00020213810785207897,0.0005797722260467708,0.0003444416465526956,0
b1564,b1563,1,0.9958834648132324,0.9966992735862732,0.9957422018051147,0.9799588322639465,0.9833282232284546,0.9882676601409912,0.9981623888015747,0.9875803589820862,0.9979159832000732,0.9933961033821106,0.9916934490203857,1
b1563,b1562,1,0.9561820030212402,0.9591505527496338,0.9848240613937378,0.9434763789176941,0.8915368318557739,0.9183816909790039,0.9775599241256714,0.9367203116416931,0.9627562761306763,0.9368512034416199,0.9467439234256745,1
b1562,b1561,0,0.1157127171754837,0.015279656276106834,0.019306758418679237,0.053736936300992966,0.0544036366045475,0.04699838533997536,0.005150763317942619,0.02949666604399681,0.06018855795264244,0.016048327088356018,0.041632240451872346,0
b1561,b1560,0,0.492736279964447,0.6154999136924744,0.1356600821018219,0.6083329319953918,0.4420059323310852,0.6505381464958191,0.44841283559799194,0.5056821703910828,0.5144217014312744,0.4061239957809448,0.48194139897823335,0
b1560,b1559,1,0.9840285778045654,0.9437996745109558,0.8373714685440063,0.94158536195755,0.929458498954773,0.9350583553314209,0.9345234632492065,0.9428000450134277,0.9658039212226868,0.9504789113998413,0.9364908277988434,1
b1559,b1557,0,0.0016634626081213355,0.0031069654505699873,0.000213193881791085,0.00811122078448534,0.008218279108405113,0.009900652803480625,0.00038476494955830276,0.0034524467773735523,0.005109710618853569,0.0033558004070073366,0.004351649738964625,0
b1557,b1556,0,0.009615271352231503,0.0013409742387011647,0.011236229911446571,0.0062254564836621284,0.013683645986020565,0.010957355611026287,0.0008294611470773816,0.003981740213930607,0.01721915788948536,0.002306167269125581,0.007739546010270715,0
b1556,b1555,1,0.9894397258758545,0.9890220761299133,0.9650673866271973,0.9806525707244873,0.942341148853302,0.9777415990829468,0.9937224984169006,0.9889600276947021,0.9847895503044128,0.966493546962738,0.9778230130672455,1
b1555,b1554,1,0.9966768026351929,0.9942486882209778,0.9941174983978271,0.97724449634552,0.9842363595962524,0.9831119775772095,0.9974793791770935,0.9874042868614197,0.997818112373352,0.9930084943771362,0.9905346095561981,1
b1553,b1552,0,0.011089225299656391,0.012077577412128448,0.0004993996699340641,0.031235095113515854,0.02974950708448887,0.03611140325665474,0.0022333930246531963,0.010127227753400803,0.022575806826353073,0.030090030282735825,0.018578866572352127,0
b1552,b1551,0,0.005827521439641714,0.007534953765571117,0.00021132851543370634,0.024562152102589607,0.019054019823670387,0.01766304299235344,0.008898220025002956,0.005294380709528923,0.02294125221669674,0.006317890714854002,0.01183047623053426,0
b1551,b1550,0,0.01613459922373295,0.012582614086568356,0.0013860514154657722,0.03540967032313347,0.03404339775443077,0.0917685404419899,0.0006475481204688549,0.01657037064433098,0.03518490493297577,0.03320108726620674,0.027692878420930357,0
b1550,b1547,0,0.000795917643699795,0.00018681748770177364,0.0017336010932922363,0.0010185008868575096,0.00406484492123127,0.0038221990689635277,2.612892239994835e-05,0.0009489168878644705,0.002771106781437993,0.001285743317566812,0.0016653777011015336,0
b1547,b1546,1,0.9975200891494751,0.9973750114440918,0.9960376620292664,0.9748435020446777,0.9881182909011841,0.9899904727935791,0.9966865181922913,0.9865496754646301,0.9987562894821167,0.9951398372650146,0.9921017348766327,1
b1538,b1536,0,0.06752263754606247,0.046119075268507004,0.06229403242468834,0.09592251479625702,0.12371719628572464,0.1121184304356575,0.018702296540141106,0.0781102254986763,0.0959254801273346,0.06491994857788086,0.07653518375009298,0
b1536,b1535,0,0.03326360508799553,0.012986170127987862,0.004365292843431234,0.024546461179852486,0.07253437489271164,0.06556834280490875,0.001498004305176437,0.01936514489352703,0.03372017294168472,0.06501669436693192,0.033286426344420764,0
b1525,b1524,0,0.9164852499961853,0.6698818802833557,0.4351447820663452,0.6411848068237305,0.765864372253418,0.5918105840682983,0.6016066670417786,0.5676550269126892,0.6888740062713623,0.8014331459999084,0.6679940521717072,1
b1524,b1523,1,0.9973915219306946,0.9932786226272583,0.9969937801361084,0.9768062233924866,0.9900556206703186,0.9915965795516968,0.995811402797699,0.984980046749115,0.9988994598388672,0.9961090087890625,0.9921922266483307,1
b1523,b1522,0,0.9646552801132202,0.946114182472229,0.7627413868904114,0.9708496332168579,0.9346153736114502,0.9252772331237793,0.9053551554679871,0.9560261964797974,0.9673846364021301,0.9629855155944824,0.9296004593372345,1
b1522,b1521,1,0.677240252494812,0.33944112062454224,0.033563993871212006,0.470024973154068,0.43687838315963745,0.43272554874420166,0.22332152724266052,0.40164613723754883,0.4723491370677948,0.5587721467018127,0.40459632202982904,0
b1521,b1520,0,0.7931935787200928,0.5552473068237305,0.7201449275016785,0.7364283800125122,0.640739917755127,0.5355672836303711,0.38965702056884766,0.5884997248649597,0.76827472448349,0.7067928314208984,0.6434545695781708,1
b1520,b1512,0,2.349554779357277e-05,5.951269486104138e-05,2.5165205443045124e-05,0.00022139927023090422,0.0006158409523777664,0.0008314552833326161,0.00011829422874143347,7.759209984214976e-05,0.00034185691038146615,7.875033770687878e-05,0.0002393362530710874,0
b1512,b1511,1,0.9911458492279053,0.983370304107666,0.974908709526062,0.9888198375701904,0.9761770367622375,0.9904502034187317,0.997795820236206,0.9852328896522522,0.9958882927894592,0.9877611994743347,0.9871550142765045,1
b1511,b1508,0,2.029587085417006e-05,8.879866800270975e-05,8.174568938557059e-05,0.00026060923119075596,0.0013651509070768952,0.001116291619837284,8.20044988358859e-06,0.00010345261398470029,0.00034045398933812976,0.0004164372803643346,0.0003801436319918139,0
b1508,b1507,1,0.9956574440002441,0.9957457780838013,0.9948911666870117,0.986023485660553,0.9790136814117432,0.9821581244468689,0.9988081455230713,0.9886123538017273,0.9967414736747742,0.9927490949630737,0.9910400748252869,1
b1507,b1504,0,0.022292356938123703,0.004591975826770067,0.01569301076233387,0.008949925191700459,0.017925752326846123,0.012681238353252411,0.0016037615714594722,0.012651302851736546,0.006968079134821892,0.007925650104880333,0.011128305306192488,0
b1504,b1503,1,0.9961535334587097,0.9952544569969177,0.9897034168243408,0.9919120669364929,0.9863678812980652,0.9911801218986511,0.9975300431251526,0.9928128123283386,0.9971145987510681,0.9917260408401489,0.9929754972457886,1
b1503,b1502,0,0.8646926879882812,0.8224123120307922,0.473215788602829,0.823503851890564,0.6392269134521484,0.8774499893188477,0.9466931223869324,0.6794986724853516,0.8090033531188965,0.7898213267326355,0.7725518018007278,1
b1502,b1501,0,0.09500724822282791,0.19200418889522552,0.06272593140602112,0.2726269066333771,0.24134725332260132,0.45768970251083374,0.08122266829013824,0.15718792378902435,0.27152469754219055,0.39326968789100647,0.22246062085032464,0
b1501,b1500,0,0.5671061277389526,0.20776616036891937,0.4257204830646515,0.2646534740924835,0.27810293436050415,0.4536901116371155,0.15929025411605835,0.27333277463912964,0.38547757267951965,0.33008453249931335,0.3345224425196648,0
b1500,b1499,1,0.9227479100227356,0.92751145362854,0.9471448063850403,0.9045466184616089,0.7824612259864807,0.9317472577095032,0.8887120485305786,0.8993757963180542,0.8906334638595581,0.9362801909446716,0.9031160771846771,1
b1499,b1498,0,0.16238869726657867,0.1076820120215416,0.012435897253453732,0.20367123186588287,0.22890156507492065,0.27038872241973877,0.032945163547992706,0.17358288168907166,0.15594898164272308,0.24062462151050568,0.15885697742924093,0
b1498,b1497,1,0.9990111589431763,0.9924954175949097,0.9908273816108704,0.9903475642204285,0.9805499911308289,0.9921671152114868,0.9921514987945557,0.9924082159996033,0.9948053956031799,0.989466667175293,0.9914230406284332,1
b1497,b1496,0,0.7475100159645081,0.31348833441734314,0.2136515974998474,0.5480594635009766,0.4037497341632843,0.3116208612918854,0.21924962103366852,0.25890886783599854,0.618970513343811,0.34245166182518005,0.3977660670876503,0
b1496,b1495,1,0.9744963645935059,0.9602698683738708,0.9179497957229614,0.9524820446968079,0.8764050006866455,0.9675613641738892,0.9934300184249878,0.9367576241493225,0.9408122897148132,0.9453049898147583,0.9465469360351563,1
b1495,b1494,0,0.9911460876464844,0.965774655342102,0.9841299057006836,0.9422847628593445,0.920693039894104,0.9773033261299133,0.947117269039154,0.9580878615379333,0.9479119181632996,0.952195942401886,0.9586644768714905,1
b1494,b1493,0,0.573904275894165,0.32761502265930176,0.10949818044900894,0.3828788995742798,0.51224285364151,0.4106682538986206,0.25405821204185486,0.43968501687049866,0.46634340286254883,0.5848399996757507,0.4061734117567539,0
b1493,b1492,1,0.9438567757606506,0.8059912919998169,0.8063557147979736,0.872573971748352,0.685259997844696,0.8010823130607605,0.9720537066459656,0.8046818375587463,0.8462995290756226,0.790841817855835,0.8328996956348419,1
b1492,b1491,0,0.5100522041320801,0.28360822796821594,0.14743857085704803,0.5532227754592896,0.6569868922233582,0.45195040106773376,0.2504473924636841,0.3828181326389313,0.45874717831611633,0.6015332341194153,0.42968050092458726,0
b1491,b1490,0,0.5640223622322083,0.31162288784980774,0.6600958704948425,0.4358862042427063,0.3822123408317566,0.42173343896865845,0.42454993724823,0.28050220012664795,0.443457692861557,0.38237637281417847,0.4306459307670593,0
b1490,b1489,1,0.9942360520362854,0.9884577393531799,0.9561688899993896,0.9733250737190247,0.9348296523094177,0.9528130888938904,0.9897817969322205,0.9728800654411316,0.9729383587837219,0.9527018666267395,0.9688132584095002,1
b1489,b1488,0,0.9694347977638245,0.9228151440620422,0.7394341826438904,0.8915406465530396,0.7136289477348328,0.9496539235115051,0.615355908870697,0.9086756706237793,0.766304612159729,0.8266739845275879,0.8303517818450927,1
b1488,b1487,1,0.986630380153656,0.9738210439682007,0.9703221321105957,0.9578753709793091,0.8947138786315918,0.9592132568359375,0.9995205402374268,0.9397528171539307,0.9535163044929504,0.9459631443023682,0.9581328868865967,1
b1487,b1486,1,0.9980015158653259,0.9866064786911011,0.9931654930114746,0.9699270725250244,0.9585802555084229,0.9820268750190735,0.9937098622322083,0.9825418591499329,0.9865994453430176,0.973088800907135,0.9824247658252716,1
b1486,b1485,1,0.9970433115959167,0.997053325176239,0.9974340796470642,0.9804816246032715,0.9886650443077087,0.9897276163101196,0.9973527193069458,0.9884844422340393,0.9986926913261414,0.9953351020812988,0.9930269956588745,1
b1485,b1484,1,0.9972423911094666,0.9974645376205444,0.9970887899398804,0.9820288419723511,0.9884046912193298,0.9894576668739319,0.9979709386825562,0.9899140000343323,0.9986200928688049,0.9950031638145447,0.9933195114135742,1
b1484,b1483,1,0.994223952293396,0.9933611750602722,0.9875110387802124,0.9762608408927917,0.9840660095214844,0.9831051826477051,0.9971886873245239,0.9761099219322205,0.9969010353088379,0.9925593137741089,0.9881287157535553,1
b1483,b1481,0,0.0004464640805963427,0.0019806819036602974,0.0027474311646074057,0.004539925139397383,0.006844785530120134,0.0049426076002418995,8.834747859509662e-05,0.000718555529601872,0.004416844807565212,0.0030583122279495,0.002978395546233514,0
b1479,b1478,0,0.7425594329833984,0.7555761933326721,0.6778414845466614,0.8360024690628052,0.7007055878639221,0.678926408290863,0.8854517936706543,0.6778934597969055,0.8029186725616455,0.8209975957870483,0.7578873097896576,1
b1478,b1477,0,0.19881823658943176,0.2167482227087021,0.07704167068004608,0.1883980929851532,0.21010234951972961,0.2085896134376526,0.1780860722064972,0.1617826223373413,0.2425837516784668,0.2361290603876114,0.1918279692530632,0
b1477,b1473,0,1.0787251994770486e-05,3.090476820943877e-05,1.774646807461977e-05,7.770115917082876e-05,0.00033430251642130315,0.0004698181583080441,7.91044658399187e-05,5.3618594392901286e-05,0.0003032672975677997,2.136338116542902e-05,0.00013986140611450538,0
b1473,b1469,0,0.09820970892906189,0.015025639906525612,0.10367073118686676,0.03633800148963928,0.043721962720155716,0.03311937674880028,0.01847827434539795,0.03709743544459343,0.02254784293472767,0.021019568666815758,0.04292285423725843,0
b1469,b1468,1,0.8871285319328308,0.8907260298728943,0.676331102848053,0.869850754737854,0.8422605395317078,0.7909225821495056,0.7213493585586548,0.8318787217140198,0.8670021891593933,0.8775027990341187,0.8254952609539032,1
b1468,b1467,1,0.9971207976341248,0.996997594833374,0.9968721866607666,0.9755864143371582,0.989905834197998,0.991508960723877,0.9950551390647888,0.9853799939155579,0.9990024566650391,0.9963064193725586,0.9923735797405243,1
b1467,b1466,1,0.9968253374099731,0.9961791038513184,0.9970754384994507,0.9764395952224731,0.9909190535545349,0.9913224577903748,0.9952492117881775,0.9850262403488159,0.9990509152412415,0.9966342449188232,0.9924721598625184,1
b1466,b1465,1,0.9973465800285339,0.9975203275680542,0.9976609349250793,0.9824358224868774,0.988322913646698,0.9898128509521484,0.997761070728302,0.9899308681488037,0.9986754655838013,0.9952827095985413,0.993474954366684,1
b1465,b1464,0,0.5295803546905518,0.38196244835853577,0.0649891123175621,0.40000998973846436,0.6211646199226379,0.4219488799571991,0.16647206246852875,0.33563902974128723,0.5210503935813904,0.5430364012718201,0.3985853292047977,0
b1464,b1462,0,0.008272337727248669,0.008656431920826435,0.002440480748191476,0.02654626965522766,0.026807496324181557,0.022295746952295303,0.008246487937867641,0.016736319288611412,0.025319429114460945,0.008056102320551872,0.015337710198946298,0
b1462,b1453,0,2.679431054275483e-05,3.20755789289251e-05,6.545608630403876e-05,8.083270222414285e-05,0.0010624309070408344,0.0015057084383442998,1.517832401987107e-06,4.385004649520852e-05,0.00024389609461650252,0.00029422208899632096,0.0003356784085895015,0
b1453,b1451,0,0.0038597409147769213,0.014284497126936913,0.003650965169072151,0.015330730006098747,0.03135824576020241,0.013524587266147137,0.012103932909667492,0.009894251823425293,0.03356701508164406,0.0033528762869536877,0.01409268423449248,0
b1451,b1448,0,0.00032787612872198224,0.00032513009500689805,0.00036038662074133754,0.001999946078285575,0.010408993810415268,0.003390313358977437,0.0007746568880975246,0.0009055129485204816,0.004192332271486521,0.00108151335734874,0.0023766661557601764,0
b1448,b1447,1,0.9967737793922424,0.9971649050712585,0.99701327085495,0.9815645813941956,0.9885208606719971,0.9895018935203552,0.9974877238273621,0.9884018301963806,0.9986045956611633,0.9949774146080017,0.9930010855197906,1
b1447,b4598,0,0.0001810310350265354,0.0009677320485934615,0.0003046342171728611,0.0015332555631175637,0.002891076263040304,0.005246811546385288,0.0003792476491071284,0.0015150647377595305,0.002151421271264553,0.0011080544209107757,0.0016278328752378003,0
b4598,b1436,0,2.4037124148890143e-06,1.4965386981202755e-05,5.921901333749702e-07,3.358189496793784e-05,0.0001664458541199565,0.00010744942119345069,3.084855109136697e-07,1.0979498256347142e-05,5.552083894144744e-05,1.3521036635211203e-05,4.057683191547312e-05,0
b1436,b1433,0,0.00040222477400675416,0.0003508797672111541,0.00011403969983803108,0.0009260500082746148,0.0018282919190824032,0.0022942896466702223,0.00028867193032056093,0.0003185350797139108,0.002083119470626116,0.00024803727865219116,0.0008854139574395959,0
b1433,b1428,0,8.996893302537501e-05,0.00030539726139977574,0.0002527697361074388,0.0004647472524084151,0.0012844109442085028,0.0010385161731392145,7.550330337835476e-05,0.00022107487893663347,0.0010675167432054877,0.00018065304902847856,0.0004980558274837677,0
b1428,b1422,0,6.803443829994649e-05,0.00034423908800818026,1.1619858923950233e-05,0.0008545006858184934,0.0011272073024883866,0.00215477729216218,0.00011236270074732602,0.0004045921377837658,0.0010766714112833142,0.00021244307572487742,0.000636644799124042,0
b1422,b1420,0,0.0007311023655347526,0.005423279944807291,0.023038074374198914,0.005257227923721075,0.007463383954018354,0.004703733138740063,0.0023374801967293024,0.009053449146449566,0.0015335995703935623,0.007036013063043356,0.006657734367763624,0
b1420,b4428,1,0.9938625693321228,0.9922589063644409,0.9965007901191711,0.9812427759170532,0.9842430949211121,0.9867350459098816,0.9972169399261475,0.9853888154029846,0.9977931976318359,0.9931085109710693,0.9908350646495819,1
b1387,b1386,1,0.9029940366744995,0.840863823890686,0.6057749390602112,0.8592098355293274,0.7083877921104431,0.8877999186515808,0.9518759250640869,0.7993956208229065,0.8094928860664368,0.8066421151161194,0.8172436892986298,1
b1386,b1384,0,0.2303280383348465,0.08924204111099243,0.01856967620551586,0.11311537027359009,0.07194697856903076,0.16978168487548828,0.30890727043151855,0.06955066323280334,0.08838022500276566,0.06981952488422394,0.12296414729207754,0
b1384,b1380,0,0.0001689286291366443,0.0013694363879039884,0.0012427369365468621,0.0014574204105883837,0.0020286545623093843,0.005290661007165909,0.0007753348909318447,0.0015652350848540664,0.0023286703508347273,0.0005509208422154188,0.001677799910248723,0
b1380,b1379,0,0.2614719569683075,0.5225037336349487,0.23889650404453278,0.5477778315544128,0.3875006437301636,0.6217209696769714,0.0775933638215065,0.5373737812042236,0.4487120509147644,0.6174391508102417,0.4260989986360073,0
b1379,b1378,0,0.03850802406668663,0.045057546347379684,0.12325070053339005,0.06207537651062012,0.14230689406394958,0.21921123564243317,0.17299626767635345,0.13226473331451416,0.12160436064004898,0.0780913233757019,0.11353664621710777,0
b1378,b1377,0,0.5585828423500061,0.4090443551540375,0.19489124417304993,0.5239374041557312,0.5739776492118835,0.5593659281730652,0.6555077433586121,0.4425409734249115,0.4711208939552307,0.7168450951576233,0.5105814129114151,1
b1377,b1376,0,0.33452892303466797,0.09505655616521835,0.029579022899270058,0.2533789277076721,0.2539995610713959,0.22150172293186188,0.044668663293123245,0.2719341218471527,0.26168954372406006,0.397158682346344,0.21634957250207662,0
b1376,b1375,0,0.15964199602603912,0.060099583119153976,0.17572066187858582,0.1108274832367897,0.06550301611423492,0.10168847441673279,0.05010921135544777,0.21979381144046783,0.03057277388870716,0.031096165999770164,0.10050531774759293,0
b1375,b1374,0,0.03574888035655022,0.04059022665023804,0.017223088070750237,0.044763341546058655,0.04005681723356247,0.18890438973903656,0.013983597978949547,0.06164805218577385,0.06242096424102783,0.03189465031027794,0.05372340083122253,0
b1374,b1356,0,3.3432481814088533e-06,2.7011923521058634e-05,5.012689143768512e-05,5.5955315474420786e-05,0.0006390518974512815,0.0002447309670969844,5.369496989260369e-07,9.152076927421149e-06,6.622924411203712e-05,0.000193720668903552,0.00012898591828047756,0
b1356,b1355,0,0.18125948309898376,0.035479042679071426,0.07967191189527512,0.07968436926603317,0.08280576020479202,0.16134010255336761,0.06496645510196686,0.13360992074012756,0.08110716938972473,0.02746467851102352,0.09273888934403658,0
b1355,b4527,1,0.8782681822776794,0.904473602771759,0.6925100088119507,0.8815180063247681,0.825378954410553,0.9433283805847168,0.8295378088951111,0.8175544142723083,0.9128936529159546,0.88759446144104,0.8573057472705841,1
b4527,b1352,0,0.00033784055267460644,0.0002971255744341761,0.0003454566467553377,0.001058068941347301,0.0018144387286156416,0.002160503761842847,0.000161001444212161,0.00032112226472236216,0.0031376457773149014,0.00043222508975304663,0.0010065428781672382,0
b1352,b4526,1,0.9972963929176331,0.9977868795394897,0.9983857274055481,0.9862678050994873,0.989491879940033,0.9911860227584839,0.9965517520904541,0.991974413394928,0.9989435076713562,0.9960616230964661,0.9943946003913879,1
b4526,b1351,0,0.5465383529663086,0.8236913681030273,0.17110379040241241,0.739072322845459,0.4682994484901428,0.7557294368743896,0.7942734360694885,0.7508238554000854,0.7296883463859558,0.5918506979942322,0.6371071055531502,1
b1351,b1350,0,0.9321771264076233,0.7662365436553955,0.4146013855934143,0.8487623929977417,0.7068403959274292,0.7979814410209656,0.8555166721343994,0.7044880986213684,0.8475038409233093,0.8398995399475098,0.7714007437229157,1
b1350,b1349,1,0.9972316026687622,0.9964534640312195,0.9974886775016785,0.983151376247406,0.9893646836280823,0.9924019575119019,0.9970346689224243,0.9872452616691589,0.9990134239196777,0.9965311884880066,0.9935916304588318,1
b1349,b1348,1,0.8484522700309753,0.6758785843849182,0.8198306560516357,0.6483430862426758,0.38571640849113464,0.6623302698135376,0.7846147418022156,0.7027765512466431,0.6196569204330444,0.667617917060852,0.6815217405557632,1
b1348,b1347,1,0.9972055554389954,0.9978957772254944,0.9979391694068909,0.9870707988739014,0.9891222715377808,0.9908964037895203,0.9980807900428772,0.992280900478363,0.9988083839416504,0.9957546591758728,0.9945054709911346,1
b1347,b1346,1,0.8412532210350037,0.8748101592063904,0.39864033460617065,0.8615056276321411,0.7202169299125671,0.6878904104232788,0.7857427000999451,0.85150545835495,0.9131830930709839,0.8133569955825806,0.7748104929924011,1
b1346,b1345,1,0.9667094945907593,0.932032585144043,0.8753753900527954,0.9245938062667847,0.9007073640823364,0.9313099384307861,0.9431168437004089,0.932560384273529,0.9554375410079956,0.9622973799705505,0.932414072751999,1
b1345,b1344,0,0.9778597950935364,0.9390634894371033,0.897661030292511,0.9254469871520996,0.8443514704704285,0.9704577326774597,0.9410730004310608,0.9526728391647339,0.9506168365478516,0.9523059129714966,0.9351509094238282,1
b1344,b1341,0,0.00011481561523396522,0.0031040662433952093,7.925449608592317e-05,0.006535659544169903,0.005018135532736778,0.00568924006074667,0.0003515880962368101,0.0039304024539887905,0.0071481820195913315,0.001440851017832756,0.0033412195080018137,0
b1338,b1337,1,0.9970232248306274,0.9977924823760986,0.9987243413925171,0.9882111549377441,0.9895085096359253,0.9913417100906372,0.9984290599822998,0.992193877696991,0.9988242983818054,0.9959129095077515,0.9947961568832397,1
b1337,b1336,1,0.9907519221305847,0.9804692268371582,0.9194017052650452,0.9670363664627075,0.9207030534744263,0.9638832807540894,0.9939481616020203,0.9621471762657166,0.9617669582366943,0.9466643929481506,0.9606772243976593,1
b1336,b1335,0,0.9667692184448242,0.8431116938591003,0.847964346408844,0.8301613330841064,0.7097208499908447,0.8834406733512878,0.9276348352432251,0.9231261014938354,0.8741084337234497,0.9123696088790894,0.8718407094478607,1
b1335,b1334,0,0.4483429193496704,0.10705576092004776,0.05311587080359459,0.14010368287563324,0.2895040810108185,0.22483062744140625,0.041169825941324234,0.3669039309024811,0.1952584832906723,0.2606161832809448,0.2126901365816593,0
b1334,b1333,0,0.5390926003456116,0.07561367750167847,0.010432722978293896,0.18217770755290985,0.3049308955669403,0.2509321868419647,0.09804326295852661,0.15318383276462555,0.1895592361688614,0.3128395080566406,0.2116805630736053,0
b1333,b1330,0,0.013792835175991058,0.007775929756462574,0.0028623968828469515,0.01607249677181244,0.020292844623327255,0.012323934584856033,0.0018231129506602883,0.010788291692733765,0.022627759724855423,0.0028085794765502214,0.011116818164009602,0
b1330,b1327,0,0.0003840845893137157,0.0003801377897616476,0.0002259954490000382,0.0006740176468156278,0.001786915585398674,0.002295844489708543,9.119026799453422e-05,0.0004412634880281985,0.0015068416250869632,0.00041308303480036557,0.0008199373965908308,0
b1327,b1326,0,0.13779263198375702,0.07717575132846832,0.0058795129880309105,0.21800826489925385,0.1560976505279541,0.3410263955593109,0.05783689394593239,0.10858473926782608,0.11526978015899658,0.22896192967891693,0.1446633550338447,0
b1326,b1324,0,0.004783937241882086,0.003320661373436451,0.006325172260403633,0.008177376352250576,0.015239402651786804,0.017015064135193825,0.00045412741019390523,0.004158630035817623,0.004186742007732391,0.008746900595724583,0.007240801406442188,0
b1324,b1320,0,0.0028424528427422047,0.0015499589499086142,0.002053268486633897,0.005349588114768267,0.008489890024065971,0.004897753242403269,0.00047184902359731495,0.007447491399943829,0.00452182674780488,0.004660322796553373,0.004228440162842162,0
b1320,b1303,0,7.833491508790758e-06,2.846234929165803e-05,3.4703621167864185e-06,6.972513074288145e-05,0.0006011548102833331,0.0005400005611591041,1.645805838279557e-07,3.496702265692875e-05,7.7997894550208e-05,0.00017683059559203684,0.00015406067984855554,0
b1303,b1297,0,0.00017876953643281013,0.0008899371023289859,4.536713822744787e-05,0.00192548637278378,0.001699452055618167,0.003129685763269663,5.6563265388831496e-05,0.0014267232036218047,0.003087657270953059,0.000400635355617851,0.00128402770642424,0
b1297,b1296,1,0.9715690612792969,0.7903438210487366,0.8292035460472107,0.9152240753173828,0.6900030970573425,0.9000586867332458,0.7755037546157837,0.8303036689758301,0.8052759766578674,0.7666809558868408,0.8274166643619537,1
b1296,b1295,0,0.1388978362083435,0.5459681153297424,0.21939899027347565,0.46535220742225647,0.39908701181411743,0.49050992727279663,0.5529075264930725,0.33564451336860657,0.4073757231235504,0.5310519933700562,0.40861938446760177,0
b1295,b1294,0,0.6107748746871948,0.2746582627296448,0.019272468984127045,0.3945983946323395,0.3681534230709076,0.38473400473594666,0.721519947052002,0.248178169131279,0.587680459022522,0.42686647176742554,0.40364364758133886,0
b1294,b1293,1,0.9958740472793579,0.9963511824607849,0.9974241256713867,0.9811995625495911,0.9904146194458008,0.9908889532089233,0.9958419799804688,0.986799955368042,0.9988869428634644,0.9962797164916992,0.9929961085319519,1
b1293,b1292,1,0.9963189959526062,0.9971948266029358,0.9981824159622192,0.9843345880508423,0.9894300699234009,0.9904839396476746,0.9976304769515991,0.9894055128097534,0.9987412691116333,0.9960101246833801,0.9937732219696045,1
b1292,b1291,1,0.9962139129638672,0.9972243309020996,0.9976555705070496,0.9849509596824646,0.9847907423973083,0.9900355339050293,0.9981598854064941,0.988651692867279,0.9980092644691467,0.9942618608474731,0.9929953753948212,1
b1291,b1290,1,0.9971172213554382,0.9934486746788025,0.9879340529441833,0.9890411496162415,0.9720118641853333,0.9872050285339355,0.9975335001945496,0.9723790884017944,0.9938547611236572,0.9851557612419128,0.9875681102275848,1
b1290,b1289,1,0.8668919801712036,0.590341329574585,0.7356241345405579,0.7037097811698914,0.6568315625190735,0.5529866218566895,0.7744501829147339,0.468845009803772,0.8283595442771912,0.5814378261566162,0.6759477972984314,1
b1289,b1288,0,0.11293049901723862,0.06939856708049774,0.04085809364914894,0.11793939024209976,0.0977519154548645,0.17500630021095276,0.00411646906286478,0.11345133185386658,0.09622667729854584,0.10085686296224594,0.09285361068323254,0
b1288,b1287,0,0.8811386227607727,0.8878512382507324,0.8193740844726562,0.8330525159835815,0.7437058687210083,0.6227136254310608,0.9076783657073975,0.7494224309921265,0.8424152731895447,0.7540522217750549,0.8041404247283935,1
b1287,b1286,0,0.9616190195083618,0.8886927962303162,0.708685576915741,0.9198068380355835,0.8118961453437805,0.9722524881362915,0.9259058237075806,0.9312898516654968,0.9320162534713745,0.9355243444442749,0.8987689137458801,1
b1286,b1285,0,0.6232283711433411,0.4764064848423004,0.5353222489356995,0.7776404023170471,0.7250281572341919,0.5881288647651672,0.6840044856071472,0.6180639266967773,0.719416618347168,0.7615885138511658,0.6508828073740005,1
b1285,b4596,0,0.19852662086486816,0.5177335143089294,0.07510638982057571,0.4863254427909851,0.36565086245536804,0.39616259932518005,0.5468673706054688,0.3691839873790741,0.4220329225063324,0.5050260424613953,0.3882615752518177,0
b4596,b1284,1,0.8550830483436584,0.9037896394729614,0.7899768948554993,0.8893841505050659,0.8107047080993652,0.9439117908477783,0.9500033855438232,0.9007572531700134,0.8792902231216431,0.8945087790489197,0.8817409873008728,1
b1284,b1283,0,0.10656345635652542,0.032860301434993744,0.031182225793600082,0.1078440472483635,0.12435832619667053,0.1124117448925972,0.06970293819904327,0.12155593186616898,0.10440010577440262,0.07899640500545502,0.08898754827678204,0
b1283,b1277,0,2.7039810447604395e-05,4.2869367462117225e-05,0.0001433040015399456,0.00012113680713810027,0.0005104257143102586,0.0006142646307125688,1.2521657481556758e-05,3.60690028173849e-05,0.00025154577451758087,7.217693200800568e-05,0.0001831353698435123,0
b1277,b1273,0,1.676696410868317e-05,4.216059824102558e-05,3.4520458029874135e-06,0.00013290044444147497,0.0004024269001092762,0.00023068347945809364,2.6795971280080266e-05,3.8363508792826906e-05,0.0004846584633924067,1.8964063201565295e-05,0.000139717243882842,0
b1273,b1271,0,0.0015385558363050222,0.0014248630031943321,0.007239083293825388,0.003023591823875904,0.004176769871264696,0.003582919482141733,0.021997656673192978,0.0022403874900192022,0.008869326673448086,0.0006113583222031593,0.00547045124694705,0
b1271,b1270,1,0.9965025782585144,0.9968582391738892,0.9979143142700195,0.9846901297569275,0.9896961450576782,0.9902997612953186,0.9972361326217651,0.9886333346366882,0.998726487159729,0.9957109689712524,0.9936268091201782,1
b1270,b1265,0,1.3574964214058127e-05,3.4473021514713764e-05,0.00018368105520494282,6.710273009957746e-05,0.00036223215283825994,0.0003267147403676063,2.4108867364702746e-06,2.7056476028519683e-05,0.00015101992175914347,0.00010028963879449293,0.00012685555875577848,0
b1265,b1264,1,0.589428186416626,0.2608071267604828,0.32298800349235535,0.664887011051178,0.6360037922859192,0.33885690569877625,0.31618064641952515,0.31471362709999084,0.6088801026344299,0.6677881479263306,0.4720533549785614,0
b1264,b1263,1,0.9969068765640259,0.9965169429779053,0.9968247413635254,0.9809531569480896,0.988558828830719,0.989084005355835,0.9974790215492249,0.9876577258110046,0.9985724687576294,0.9955353736877441,0.9928089141845703,1
b1263,b1262,1,0.9900081753730774,0.9840231537818909,0.8383720517158508,0.9671303629875183,0.945570707321167,0.9681458473205566,0.9621612429618835,0.9613101482391357,0.9776204824447632,0.9759911298751831,0.9570333302021027,1
b1262,b1261,1,0.9910088777542114,0.9691412448883057,0.9279232025146484,0.9302670359611511,0.9183797240257263,0.9580104351043701,0.9609313011169434,0.9470550417900085,0.9566340446472168,0.9733575582504272,0.9532708466053009,1
b1261,b1260,1,0.9973156452178955,0.9971833229064941,0.9970269203186035,0.9793086051940918,0.9894088506698608,0.9909208416938782,0.9970108866691589,0.9874751567840576,0.9987850189208984,0.9959936141967773,0.9930428862571716,1
b1260,b1259,0,0.49409130215644836,0.08357740938663483,0.08142876625061035,0.291265606880188,0.29718583822250366,0.3832555115222931,0.3973630666732788,0.26542893052101135,0.17427676916122437,0.16319750249385834,0.26310707032680514,0
b1259,b1258,1,0.3372255563735962,0.5322812795639038,0.2854965627193451,0.4462829530239105,0.23637336492538452,0.7391623258590698,0.736235499382019,0.3041013777256012,0.3251204490661621,0.37730690836906433,0.4319586277008057,0
b1258,b1257,1,0.5153530240058899,0.7461249232292175,0.1638229340314865,0.7607463598251343,0.6039558053016663,0.8236960768699646,0.6218003034591675,0.7350030541419983,0.6698483228683472,0.7086076736450195,0.6348958477377892,1
b1257,b1255,0,0.0006460789008997381,0.0009063542238436639,0.009264590218663216,0.001828277949243784,0.0034594645258039236,0.005465120542794466,0.0007001348421908915,0.0006730602472089231,0.002333757933229208,0.001240542042069137,0.002651738142594695,0
b1255,b1254,1,0.9954822063446045,0.9950366020202637,0.9951755404472351,0.9876936078071594,0.9651085138320923,0.991601824760437,0.996275782585144,0.9887111186981201,0.995664119720459,0.9854217171669006,0.9896171033382416,1
b1254,b1253,0,0.274553120136261,0.17890100181102753,0.5121167302131653,0.3014846444129944,0.3893948495388031,0.28575021028518677,0.13560174405574799,0.14550966024398804,0.29546087980270386,0.18890996277332306,0.2707682803273201,0
b1253,b1251,0,0.0009574416908435524,0.0027071572840213776,4.203818753012456e-05,0.003744399407878518,0.0034332438372075558,0.008156141266226768,4.155427450314164e-05,0.001998627558350563,0.0024154349230229855,0.0014930873876437545,0.0024989125817228342,0
b1251,b1250,0,0.8422339558601379,0.3103245496749878,0.3548985719680786,0.20414219796657562,0.18985240161418915,0.1636735498905182,0.5126715898513794,0.37003737688064575,0.3400037884712219,0.14488960802555084,0.3432727590203285,0
b1250,b1249,0,0.10837016254663467,0.0372055359184742,0.08459154516458511,0.05946696177124977,0.30680757761001587,0.18155045807361603,0.07626747339963913,0.07753458619117737,0.09577027708292007,0.03694655001163483,0.1064511127769947,0
b1249,b1248,1,0.9954830408096313,0.9940586090087891,0.9854164123535156,0.9842908382415771,0.9732409715652466,0.9929471611976624,0.9934412240982056,0.9860002398490906,0.9957312941551208,0.9909887909889221,0.9891598582267761,1
b1248,b1241,0,3.125634975731373e-05,0.00015728711150586605,0.00040206804987974465,0.000268963718554005,0.0008118528057821095,0.00125985371414572,0.00018852257926482707,6.07616821071133e-05,0.0005652186227962375,0.00022449232346843928,0.0003970276957261376,0
b1241,b1237,0,0.0014545281883329153,0.0013030129484832287,0.01955769956111908,0.0033013110514730215,0.011150500737130642,0.008450244553387165,0.00016279071860481054,0.0034113763831555843,0.0030088741332292557,0.005665760952979326,0.0057466099227895025,0
b1237,b1233,0,0.0013348108623176813,0.00046746485168114305,0.0021774449851363897,0.0016348696080967784,0.005799039267003536,0.004177785944193602,0.00011863798135891557,0.0014449600130319595,0.0025973725132644176,0.002485001925379038,0.002223738795146346,0
b1233,b1232,1,0.9949054718017578,0.9900690913200378,0.9617003202438354,0.9851326942443848,0.9667614698410034,0.9912080764770508,0.9984152317047119,0.985929012298584,0.9961739778518677,0.98542320728302,0.9855718553066254,1
b1222,b1221,1,0.9938644766807556,0.9913463592529297,0.9894383549690247,0.9757094383239746,0.976447582244873,0.9910309314727783,0.9959761500358582,0.9722259044647217,0.9956648349761963,0.9918543696403503,0.9873558402061462,1
b1221,b1219,0,0.019261684268712997,0.01624077372252941,0.03974469378590584,0.04062127321958542,0.035758309066295624,0.026224974542856216,0.008363399654626846,0.02447933703660965,0.019349925220012665,0.01430367399007082,0.02443480445072055,0
b1219,b1216,0,0.0038013223093003035,0.0013051839778199792,0.0012904414907097816,0.006025089416652918,0.01143729593604803,0.007855606265366077,0.0010589603334665298,0.006613230798393488,0.007752968464046717,0.0031768723856657743,0.00503169713774696,0
b1216,b4423,0,0.04582751542329788,0.08657926321029663,0.0014656205894425511,0.08429182320833206,0.09533540159463882,0.07209666818380356,0.006262767594307661,0.05317769944667816,0.09277009218931198,0.05649394914507866,0.0594300800585188,0
b4423,b4421,0,0.0006195008172653615,0.007486225571483374,4.680811252910644e-05,0.006989785470068455,0.003659039968624711,0.014409670606255531,0.0015390935586765409,0.0031128430273383856,0.004724342375993729,0.0015559507301077247,0.004414326023834292,0
b4421,b4419,0,0.0006028222269378603,0.0013293928932398558,0.0015388298779726028,0.0020414043683558702,0.0023495391942560673,0.005918818525969982,4.9931430112337694e-05,0.0009006457403302193,0.002644015708938241,0.0012521208263933659,0.0018627520792506402,0
b4419,b1209,0,6.081848823669134e-06,1.6320562281180173e-05,1.1814858225989155e-05,4.543234172160737e-05,0.00028330826899036765,0.00026846464606933296,5.341179985407507e-06,1.852895729825832e-05,0.00011579483543755487,1.624179640202783e-05,7.87329295235395e-05,0
b1209,b1208,1,0.9863297939300537,0.992246150970459,0.9834378361701965,0.9804429411888123,0.9650347232818604,0.9793810844421387,0.9963359832763672,0.9760400056838989,0.9887301921844482,0.9840861558914185,0.9832064867019653,1
b1208,b1207,1,0.9667720794677734,0.9575838446617126,0.7841730713844299,0.9328506588935852,0.8793231248855591,0.9425909519195557,0.9836167693138123,0.9418585896492004,0.9635120034217834,0.9350742101669312,0.9287355303764343,1
b1207,b1206,0,0.7211239337921143,0.8810814619064331,0.20157210528850555,0.7179471850395203,0.626176118850708,0.5216354131698608,0.8937061429023743,0.7414554357528687,0.6778567433357239,0.7598038911819458,0.6742358431220055,1
b1206,b1204,0,0.013565147295594215,0.014439042657613754,0.04103775694966316,0.03063386119902134,0.0401158444583416,0.03128183260560036,0.005455734208226204,0.011148093268275261,0.01843271590769291,0.013363443315029144,0.021947347186505796,0
b1204,b1203,1,0.9082659482955933,0.9068670272827148,0.32446256279945374,0.8646838068962097,0.8309453725814819,0.9125658869743347,0.8925835490226746,0.8390135169029236,0.843541145324707,0.9374548196792603,0.8260383635759354,1
b1203,b1202,0,0.6834099292755127,0.1543092429637909,0.05434408411383629,0.3689638376235962,0.33041173219680786,0.2392166256904602,0.16881023347377777,0.30193644762039185,0.394054651260376,0.19695058465003967,0.2892407368868589,0
b1202,b1200,0,0.004046259447932243,0.008068087510764599,0.0001937531487783417,0.02026190236210823,0.023766741156578064,0.033217914402484894,0.0019023907370865345,0.006547379773110151,0.011457611806690693,0.017784571275115013,0.012724661162064877,0
b1200,b1199,1,0.994427502155304,0.9944814443588257,0.9887905716896057,0.9894840121269226,0.9768416285514832,0.9894874095916748,0.995266318321228,0.985218346118927,0.9963483214378357,0.9905107617378235,0.990085631608963,1
b1199,b1198,1,0.9958248138427734,0.9940369129180908,0.9815706610679626,0.9916439056396484,0.9717200994491577,0.9889368414878845,0.9985074400901794,0.9843413829803467,0.9956129789352417,0.9859898686408997,0.9888184905052185,1
b1198,b1197,0,0.4767862558364868,0.15665315091609955,0.29090502858161926,0.27397653460502625,0.29204118251800537,0.2164882868528366,0.1228812113404274,0.19377325475215912,0.40712350606918335,0.2548114061355591,0.2685439817607403,0
b1197,b1194,0,0.017517803236842155,0.014547714032232761,0.0023361260537058115,0.03874317184090614,0.05991203337907791,0.04199161380529404,0.0018064755713567138,0.013606308028101921,0.06588824838399887,0.018990352749824524,0.027533984708134084,0
b1194,b1192,0,0.00955180823802948,0.010953659191727638,0.002146871527656913,0.045007966458797455,0.11887805163860321,0.043570004403591156,0.00804023165255785,0.010831505060195923,0.04501229152083397,0.01083123404532671,0.03048236237373203,0
b1192,b1191,1,0.292291522026062,0.6916329860687256,0.4592270255088806,0.7081412076950073,0.7790226340293884,0.45320191979408264,0.6303829550743103,0.3964042067527771,0.7481318116188049,0.7792662382125854,0.5937702506780624,1
b1191,b1188,0,0.0007264224695973098,0.002602181164547801,0.001411858364008367,0.0031095214653760195,0.005803472828119993,0.014380154199898243,0.01569797657430172,0.004301241599023342,0.01062807533890009,0.0005109015619382262,0.005917180556571111,0
b1188,b1186,0,0.002497240900993347,0.015815792605280876,0.004750343970954418,0.018396897241473198,0.046389590948820114,0.025673072785139084,0.03915886953473091,0.022693078964948654,0.032906681299209595,0.011324729770421982,0.021960629802197217,0
b1186,b1185,0,0.45042458176612854,0.3507479727268219,0.6617721319198608,0.38933923840522766,0.5151351094245911,0.48932477831840515,0.1704709231853485,0.24938234686851501,0.5962348580360413,0.45685386657714844,0.43296858072280886,0
b1185,b1182,0,0.019394470378756523,0.0028542312793433666,0.037134651094675064,0.009409163147211075,0.02023763582110405,0.011916267685592175,0.0005803586100228131,0.010659533552825451,0.011265904642641544,0.006997560616582632,0.013044977682875469,0
b1182,b1178,0,6.954365380806848e-05,0.00018451642245054245,0.00018913278472609818,0.0006994684808887541,0.0023653057869523764,0.0017825850518420339,0.000354296324076131,0.00020291014516260475,0.0015811929479241371,0.0003346280718687922,0.0007763579669699538,0
b1178,b1176,0,0.004995062947273254,0.00273127225227654,0.005020263604819775,0.007844191044569016,0.015050050802528858,0.01485381368547678,0.0006350607727654278,0.005938710179179907,0.004040455911308527,0.013495152816176414,0.00746040340163745,0
b1176,b1175,1,0.9927406907081604,0.9863805770874023,0.987216591835022,0.9702832698822021,0.9479953646659851,0.9881659746170044,0.9927558898925781,0.9707440733909607,0.9829612374305725,0.9832527041435242,0.9802496373653412,1
b1175,b1174,1,0.9959406852722168,0.9966183304786682,0.9956050515174866,0.9906580448150635,0.9856992959976196,0.994831383228302,0.9956732392311096,0.98896324634552,0.9981721639633179,0.99449223279953,0.9936653673648834,1
b1174,b4593,0,0.004074404016137123,0.0013649961911141872,0.013207306154072285,0.003692495170980692,0.011886054649949074,0.006600327789783478,0.00040098855970427394,0.002563359448686242,0.004766438156366348,0.004302528686821461,0.0052858898823615165,0
b4593,b1172,1,0.961965024471283,0.924133837223053,0.9149882197380066,0.8914726376533508,0.8242101073265076,0.9430298209190369,0.9599893689155579,0.9263286590576172,0.8737615346908569,0.9177762866020203,0.913765549659729,1
b1172,b1171,1,0.9922455549240112,0.9933671355247498,0.9770414233207703,0.9851705431938171,0.9623465538024902,0.9921032786369324,0.9961776733398438,0.9805570840835571,0.9943016767501831,0.985105574131012,0.9858416497707367,1
b1171,b1163,0,1.9103650629404e-05,7.59471149649471e-05,1.4728274436492939e-05,0.0001513683528173715,0.0006398383411578834,0.0009499599109403789,1.9403905753279105e-06,6.357375968946144e-05,0.0002384573599556461,0.0001326687342952937,0.0002287585889462207,0
b1163,b1162,0,0.42242351174354553,0.289430171251297,0.026806963607668877,0.36294129490852356,0.3548837900161743,0.46524640917778015,0.14028531312942505,0.2809350788593292,0.372896283864975,0.45715025067329407,0.3172999067232013,0
b1162,b1161,0,0.6541842222213745,0.49071580171585083,0.43171870708465576,0.4270670711994171,0.3126858174800873,0.45254939794540405,0.26389288902282715,0.6249024868011475,0.37055692076683044,0.21989183127880096,0.42481651455163955,0
b1161,b1160,0,0.0006552508566528559,0.0024570159148424864,0.003528058994561434,0.00633256696164608,0.005763710010796785,0.009203306399285793,0.00022052496206015348,0.00418877275660634,0.004715713672339916,0.0018695431062951684,0.0038934463635087015,0
b1160,b1156,0,5.992499791318551e-05,9.446675539948046e-05,1.4261994692787994e-05,0.00020101568952668458,0.0006845766911283135,0.0011145129101350904,2.7408234018366784e-05,0.0001970799348782748,0.00042679920443333685,0.00019505087402649224,0.0003015097286152013,0
b1156,b1145,0,3.187925540260039e-05,0.00016928593686316162,0.0028114388696849346,0.0002700382610782981,0.002056142082437873,0.000984833692200482,9.577205673849676e-06,0.00011067752348026261,0.00028946122620254755,0.0007239070255309343,0.0007457241078554944,0
b1145,b1144,1,0.21502526104450226,0.1032048761844635,0.32873663306236267,0.21495851874351501,0.17398524284362793,0.23094479739665985,0.19171826541423798,0.11244548112154007,0.308694988489151,0.14292095601558685,0.2022635020315647,0
b1144,b1141,0,0.0004093883035238832,0.00164300506003201,0.0014370058197528124,0.0029771318659186363,0.0038282277528196573,0.007873671129345894,0.0009836540557444096,0.002315651625394821,0.005111458711326122,0.0015151499537751079,0.0028094344277633356,0
b1141,b1140,1,0.9956179857254028,0.9918118119239807,0.9960599541664124,0.9859493374824524,0.9794194102287292,0.9825423359870911,0.9986798167228699,0.9904717803001404,0.9969011545181274,0.9925727248191833,0.9910026311874389,1
b1140,b1138,0,0.0021427778992801905,0.002053731121122837,0.01166913378983736,0.005858379881829023,0.00947936624288559,0.008736981078982353,0.0045157247222959995,0.001836908864788711,0.0077264620922505856,0.0031005057971924543,0.00571199714904651,0
b1138,b1137,0,0.9965935349464417,0.9970219135284424,0.9974693059921265,0.9827015995979309,0.9890316128730774,0.989969789981842,0.9975911974906921,0.9885213375091553,0.998715341091156,0.9952463507652283,0.9932861983776092,1
b1137,b1135,0,0.00021878666302654892,0.0008589496719650924,0.0010723768500611186,0.0015930222580209374,0.003129122080281377,0.002406531712040305,7.191963231889531e-05,0.0005004918202757835,0.003542986698448658,0.0021970942616462708,0.0015591281648084988,0
b1135,b1134,1,0.9953348636627197,0.9954830408096313,0.9910645484924316,0.9854587316513062,0.9749187231063843,0.9936367273330688,0.9962953925132751,0.9872968196868896,0.9969199299812317,0.9912925362586975,0.9907701313495636,1
b1134,b1133,0,0.7401670217514038,0.6665871739387512,0.25384172797203064,0.7175180315971375,0.7946330904960632,0.7506044507026672,0.7669506669044495,0.5995221734046936,0.678243100643158,0.8351878523826599,0.6803255289793014,1
b1133,b1132,1,0.9963815212249756,0.9886110424995422,0.9770209193229675,0.9887009859085083,0.9742249250411987,0.9871331453323364,0.995722234249115,0.9736339449882507,0.9930225610733032,0.9875931143760681,0.9862044394016266,1
b1132,b1131,1,0.9956446290016174,0.9935444593429565,0.9869206547737122,0.9850205779075623,0.9680880904197693,0.9909783601760864,0.9985368847846985,0.9850612282752991,0.9943590760231018,0.9870664477348328,0.9885220408439637,1
b1131,b1130,0,0.4274274408817291,0.24822531640529633,0.5266860723495483,0.33524858951568604,0.45299893617630005,0.411207377910614,0.18758392333984375,0.18351329863071442,0.494202584028244,0.43522077798843384,0.370231431722641,0
b1130,b1129,1,0.9944807291030884,0.9942908883094788,0.9943539500236511,0.9842578768730164,0.9860884547233582,0.9826896786689758,0.9983658194541931,0.9816198348999023,0.9979249238967896,0.9940003156661987,0.9908072471618652,1
b1129,b1128,0,0.8687120079994202,0.7929483652114868,0.41735026240348816,0.708920419216156,0.8722841739654541,0.7526980638504028,0.6158283352851868,0.6935205459594727,0.7571765780448914,0.8600389361381531,0.7339477688074112,1
b1128,b1126,0,0.0004241126880515367,0.00826909951865673,0.0013735186075791717,0.010445243678987026,0.01322263479232788,0.018525883555412292,0.012254998087882996,0.010212552733719349,0.01767203025519848,0.00188408512622118,0.009428415904403664,0
b1126,b1125,1,0.9982598423957825,0.9939744472503662,0.9912934899330139,0.9842963218688965,0.9824324250221252,0.9863277673721313,0.9956997036933899,0.9855603575706482,0.9945002198219299,0.9886935353279114,0.9901038110256195,1
b1125,b1124,1,0.9952039122581482,0.9968280792236328,0.9934727549552917,0.9760414958000183,0.9832557439804077,0.98652583360672,0.9977760314941406,0.983757495880127,0.997553825378418,0.9929729700088501,0.9903388142585754,1
b1124,b1123,1,0.9961142539978027,0.9968933463096619,0.9949396252632141,0.976773738861084,0.9779579639434814,0.9906997680664062,0.9986690282821655,0.9838476777076721,0.9969608187675476,0.9930434226989746,0.9905899643898011,1
b1123,b1122,0,0.9432398676872253,0.9330912232398987,0.8807188868522644,0.9313257932662964,0.8747661113739014,0.9496673941612244,0.9594429731369019,0.8905536532402039,0.8901312947273254,0.9394763112068176,0.9192413508892059,1
b1122,b1121,0,0.9974362254142761,0.9970695972442627,0.9960877299308777,0.9797452092170715,0.9866030812263489,0.9865900278091431,0.9982755780220032,0.9878671765327454,0.9985122084617615,0.9950721263885498,0.992325896024704,1
b1121,b1115,0,8.580658322898671e-05,0.0004907301627099514,0.00023981693084351718,0.00038125336868688464,0.0006030020886100829,0.0015045360196381807,0.00022243947023525834,7.980682858033106e-05,0.000975666509475559,0.00015125512436497957,0.00047343130863737316,0
b1115,b1114,0,0.7481139302253723,0.6390849947929382,0.13119883835315704,0.7754939198493958,0.7760171890258789,0.7590160369873047,0.6089629530906677,0.7948062419891357,0.6569543480873108,0.8827387094497681,0.6772387161850929,1
b1114,b1113,0,0.940547525882721,0.9542123675346375,0.9564327001571655,0.9527052044868469,0.928793728351593,0.9380213618278503,0.9716243147850037,0.8545734882354736,0.9119710922241211,0.9484654068946838,0.9357347190380096,1
b1113,b1111,0,0.021247195079922676,0.04133879393339157,0.0280194990336895,0.042235828936100006,0.044765181839466095,0.07454179972410202,0.08631868660449982,0.036182429641485214,0.04928387701511383,0.018017718568444252,0.0441951010376215,0
b1111,b1102,0,5.969947233097628e-05,9.872458758763969e-05,6.895887781865895e-05,0.0002509057812858373,0.0010418338933959603,0.0009595649898983538,3.1998090435081394e-06,8.523206633981317e-05,0.0004625138535629958,0.0003162421053275466,0.000334687543659129,0
b1102,b1087,0,3.564060898497701e-05,0.00017045505228452384,7.839929457986727e-05,0.00027520250296220183,0.0009402852156199515,0.001021157717332244,1.026940822157485e-06,0.00016326390323229134,0.0001911445870064199,0.000511925492901355,0.0003388501315725989,0
b1087,b1084,0,0.0200507789850235,0.0050248815678060055,0.0008328929543495178,0.017525190487504005,0.03045058809220791,0.047736044973134995,0.0011588654015213251,0.03030836209654808,0.018693936988711357,0.02104059047996998,0.019282213202677666,0
b1084,b1072,0,0.004094142932444811,0.002008883748203516,0.01459897868335247,0.005467060022056103,0.015677915886044502,0.011224216781556606,0.0008857921347953379,0.005553591996431351,0.0035374572034925222,0.010167873464524746,0.0073215912852901965,0
b1072,b1071,1,0.8061545491218567,0.9257886409759521,0.48260965943336487,0.905602753162384,0.8317827582359314,0.9210156798362732,0.9003386497497559,0.8709723353385925,0.8574091196060181,0.9191052913665771,0.8420779436826706,1
b1071,b1070,1,0.9824298620223999,0.9756354689598083,0.9789588451385498,0.9597645998001099,0.928691029548645,0.9694349765777588,0.9879981875419617,0.9398009777069092,0.9703302979469299,0.9627612233161926,0.9655805468559265,1
b1070,b1065,0,1.8451704818289727e-05,6.332049088086933e-05,2.7444040824775584e-05,0.00015958734729792923,0.0006624732632189989,0.0006838731351308525,3.169087449350627e-06,9.325782593805343e-05,0.00048818651703186333,0.00012060511653544381,0.00023203685291264264,0
b1065,b1064,0,0.6817895174026489,0.5529747605323792,0.06432037055492401,0.6550660133361816,0.6405115127563477,0.6599346995353699,0.4639619290828705,0.691823422908783,0.6229240894317627,0.7469568252563477,0.5780263140797615,1
b1064,b1063,1,0.7094264626502991,0.4719371497631073,0.3617209792137146,0.6733739972114563,0.5537410974502563,0.6348516941070557,0.24049338698387146,0.506058394908905,0.6810134053230286,0.6500551104545593,0.5482671678066253,1
b1063,b1062,0,0.3069678246974945,0.5802525281906128,0.6023120284080505,0.6663947105407715,0.6894243955612183,0.35846659541130066,0.6632046699523926,0.5376984477043152,0.7881455421447754,0.6553406715393066,0.5848207414150238,1
b1062,b1061,0,0.9423830509185791,0.8732627034187317,0.8370324373245239,0.9090023040771484,0.8527256846427917,0.8359969854354858,0.6872987151145935,0.8350985646247864,0.906879723072052,0.9294033646583557,0.8609083533287049,1
b1061,b1060,0,0.006726578343659639,0.003383863251656294,0.0024948876816779375,0.014564273878932,0.023454202339053154,0.02464892901480198,0.000390653993235901,0.004166081547737122,0.012666005641222,0.01445839274674654,0.010695386843872256,0
b1060,b1059,0,0.43927446007728577,0.16846556961536407,0.5883278846740723,0.3468739688396454,0.3727250099182129,0.1739184856414795,0.2920614182949066,0.18151508271694183,0.44432634115219116,0.20546619594097137,0.3212954416871071,0
b1059,b1058,0,0.9657458066940308,0.9729087352752686,0.9887705445289612,0.9657108187675476,0.9358339905738831,0.9917067885398865,0.9809909462928772,0.9649967551231384,0.9751020669937134,0.9812321066856384,0.9722998559474945,1
b1058,b1057,0,0.003667292185127735,0.004144683945924044,0.004982397425919771,0.017991922795772552,0.022905616089701653,0.049085717648267746,0.0008918108651414514,0.008772645145654678,0.018897099420428276,0.022705981507897377,0.015404516702983529,0
b1057,b1056,1,0.9864809513092041,0.9767125248908997,0.9653876423835754,0.9542378783226013,0.9204158782958984,0.9732469916343689,0.9797935485839844,0.9615267515182495,0.9679719805717468,0.9785307049751282,0.9664304852485657,1
b1056,b1054,0,0.001979885855689645,0.0008141312282532454,0.00027851006598211825,0.0031491185072809458,0.006897524930536747,0.006309148855507374,0.00046553314314223826,0.002207231242209673,0.0025026239454746246,0.002034951699897647,0.0026638659473974258,0
b1054,b1053,0,0.5841714143753052,0.43245914578437805,0.3484254479408264,0.5570738911628723,0.5428472757339478,0.3882093131542206,0.4412687122821808,0.529740035533905,0.5519051551818848,0.3673412799835205,0.4743441671133041,0
b1053,b1051,0,0.43200382590293884,0.6577472686767578,0.0905778706073761,0.6929926872253418,0.7189274430274963,0.6658177971839905,0.44938215613365173,0.5486300587654114,0.671327531337738,0.7830380201339722,0.5710444658994674,1
b1051,b1047,0,1.2785364560841117e-05,9.043306636158377e-05,3.631927756941877e-05,0.00014411553274840117,0.00047065725084394217,0.0006353395292535424,2.0896271962556057e-05,5.2301271352916956e-05,0.0006294345366768539,7.25603531464003e-05,0.00021648424544764566,0
b1047,b1040,0,4.848849857808091e-05,0.00011017621000064537,0.0005000655655749142,0.0002447351289447397,0.000997429364360869,0.0010467527899891138,8.68259394337656e-06,0.00013964672689326108,0.0003746232541743666,0.00031893106643110514,0.0003789531198890472,0
b1040,b1039,1,0.9977092146873474,0.986178994178772,0.9967849254608154,0.985081136226654,0.9670537710189819,0.9843167662620544,0.9942048788070679,0.9765324592590332,0.9880940318107605,0.9757788777351379,0.9851735055446624,1
b1039,b1038,1,0.9611668586730957,0.956451416015625,0.8688643574714661,0.9544302821159363,0.9210537672042847,0.9686922430992126,0.9924623966217041,0.955045759677887,0.9750313758850098,0.9612603783607483,0.9514458835124969,1
b1038,b1037,1,0.9848654866218567,0.9554832577705383,0.9607423543930054,0.950405478477478,0.855556845664978,0.9689585566520691,0.9817109704017639,0.9159285426139832,0.9230440855026245,0.9436277151107788,0.9440323293209076,1
b1024,b1023,1,0.9978606700897217,0.9880278706550598,0.9845210313796997,0.9868108630180359,0.9688599109649658,0.9792706370353699,0.9938862323760986,0.9835714101791382,0.989008367061615,0.9822795987129211,0.9854096591472625,1
b1023,b1022,1,0.9972766637802124,0.996695339679718,0.9975412487983704,0.97919762134552,0.9886056184768677,0.9904015064239502,0.9969183802604675,0.987234890460968,0.9987348318099976,0.9958066344261169,0.9928412735462189,1
b1022,b1021,1,0.9954265356063843,0.9938769936561584,0.9765681028366089,0.9789556860923767,0.9770675301551819,0.9898145794868469,0.9950103163719177,0.9787822961807251,0.9963991045951843,0.9905089735984802,0.9872410118579864,1
b1021,b1014,0,7.121010276023299e-05,8.707324741408229e-05,3.7932852137601e-05,0.0005137899424880743,0.0024701685179024935,0.0029844106175005436,0.0005793418968096375,0.000325324188452214,0.0016666075680404902,0.00018547386571299285,0.0008921332799218362,0
b1014,b1012,0,0.09578908979892731,0.1725016087293625,0.2667764723300934,0.22599656879901886,0.2882334291934967,0.20663267374038696,0.07489030063152313,0.0952996239066124,0.3821411430835724,0.1219465360045433,0.1930207446217537,0
b1012,b1011,1,0.9974241256713867,0.9976210594177246,0.9977810382843018,0.9816334843635559,0.9906717538833618,0.9919567704200745,0.9961775541305542,0.9892060160636902,0.9990621209144592,0.9965791702270508,0.993811309337616,1
b1011,b1010,1,0.9926308393478394,0.9922778606414795,0.9910932779312134,0.9891126155853271,0.972823977470398,0.9841905236244202,0.9935005903244019,0.9800797700881958,0.9934332966804504,0.9857532382011414,0.9874895989894867,1
b1010,b1009,1,0.9977961182594299,0.9685951471328735,0.9965566992759705,0.9690929055213928,0.9383266568183899,0.9799963235855103,0.9957184791564941,0.9587913155555725,0.9702008962631226,0.9844512939453125,0.9759525835514069,1
b1009,b1008,1,0.9919876456260681,0.9938419461250305,0.9907220602035522,0.9846888780593872,0.9707913994789124,0.9836874604225159,0.9913261532783508,0.9860819578170776,0.9955679178237915,0.9847766757011414,0.9873472094535828,1
b1008,b1007,1,0.958754301071167,0.9719083905220032,0.9407276511192322,0.9108650088310242,0.8132802248001099,0.9489662647247314,0.9765449166297913,0.9663282632827759,0.9432702660560608,0.9022225141525269,0.9332867801189423,1
b1007,b1006,1,0.9843183755874634,0.9706447720527649,0.9321114420890808,0.939333975315094,0.8976854681968689,0.9596700072288513,0.9807886481285095,0.9417619705200195,0.9373344779014587,0.9612922668457031,0.9504941403865814,1
b1006,b1004,0,0.025581160560250282,0.031220927834510803,0.01502915658056736,0.052093978971242905,0.039866894483566284,0.08161009103059769,0.007297107018530369,0.04147115722298622,0.026176458224654198,0.04285723343491554,0.03632041653618216,0
b1004,b1003,1,0.9962512850761414,0.9920749068260193,0.9900426268577576,0.9879753589630127,0.9819825887680054,0.9935622215270996,0.9956662654876709,0.9867390394210815,0.9978249669075012,0.9931376576423645,0.9915256917476654,1
b1003,b1000,0,4.86124845338054e-05,0.0002004594571189955,0.0026312684640288353,0.0004580063105095178,0.001664554001763463,0.0013597568031400442,0.00011759332846850157,0.00023528921883553267,0.0005893213674426079,0.0011577135883271694,0.0008462575024168473,0
b1000,b0999,1,0.9949511289596558,0.9959514737129211,0.9963352680206299,0.9761145710945129,0.9891723990440369,0.9904473423957825,0.9937426447868347,0.9830048680305481,0.998751163482666,0.9959763884544373,0.9914447247982026,1
b0999,b0995,0,1.4628802091465332e-05,4.4384945795172825e-05,0.0006844476447440684,0.00011153782543260604,0.0015497849090024829,0.0011984389275312424,1.959795099537587e-06,9.099378803512082e-05,0.00023162963043432683,0.00047360776807181537,0.0004401414036237838,0
b0995,b0993,0,0.045204613357782364,0.050460971891880035,0.023595916107296944,0.08179263025522232,0.12979944050312042,0.045177266001701355,0.05575339123606682,0.03322058543562889,0.18640007078647614,0.015550740994513035,0.06669556265696883,0
b0993,b0992,0,0.6628406643867493,0.5196359157562256,0.11440323293209076,0.6736528277397156,0.6551122665405273,0.6830710768699646,0.38613903522491455,0.6880757212638855,0.5358939170837402,0.6789017915725708,0.5597726449370384,1
b0992,b0989,0,0.039505310356616974,0.0030976892448961735,0.011324645020067692,0.00389547529630363,0.010005359537899494,0.011711373925209045,0.0032672397792339325,0.003174861427396536,0.011212056502699852,0.00111419300083071,0.009830820409115404,0
b0989,b0987,0,0.00018987579096574336,0.00043253996409475803,0.0002508727484382689,0.0008329160045832396,0.0018160119652748108,0.0019166313577443361,4.43069584434852e-05,0.0002975567476823926,0.000936846830882132,0.0012173667782917619,0.0007934925146400928,0
b0987,b0986,1,0.953633725643158,0.9425127506256104,0.9761059880256653,0.9107983112335205,0.8049396276473999,0.8988571763038635,0.9757232666015625,0.8818252086639404,0.9234552979469299,0.888856828212738,0.9156708180904388,1
b0986,b0985,1,0.9977272748947144,0.9964249730110168,0.9975230097770691,0.9833661913871765,0.9881635308265686,0.9894391894340515,0.9980171322822571,0.9897093176841736,0.9986142516136169,0.9952302575111389,0.9934215128421784,1
b0985,b0984,1,0.9969630837440491,0.997205913066864,0.9973644018173218,0.9861425161361694,0.9848523139953613,0.9868981838226318,0.9990026950836182,0.9909601807594299,0.9982277154922485,0.9948866367340088,0.9932503640651703,1
b0984,b0983,1,0.9923382997512817,0.9853036999702454,0.9521765112876892,0.970215916633606,0.9363537430763245,0.965570867061615,0.9753992557525635,0.9756947755813599,0.9842042326927185,0.9577111601829529,0.9694968461990356,1
b0983,b0982,1,0.9973012804985046,0.9958250522613525,0.9975705146789551,0.9809664487838745,0.9901308417320251,0.9915999174118042,0.9958128333091736,0.987882673740387,0.9990131855010986,0.9962576031684875,0.9932360351085663,1
b0982,b0981,1,0.9845827221870422,0.9403296113014221,0.8450620770454407,0.9392609596252441,0.8730103373527527,0.9561485648155212,0.9738614559173584,0.9252648949623108,0.932844340801239,0.9552152156829834,0.9325580179691315,1
b0970,b0969,0,0.40173354744911194,0.28195488452911377,0.2992631494998932,0.5104732513427734,0.4831160604953766,0.38632646203041077,0.20674701035022736,0.34413620829582214,0.5184540152549744,0.4547998011112213,0.38870043903589246,0
b0969,b0967,0,0.02890140190720558,0.04734121635556221,0.01651015691459179,0.123865507543087,0.08319199830293655,0.07114337384700775,0.014781685546040535,0.04305451735854149,0.11907904595136642,0.05000683292746544,0.059787573665380477,0
b0967,b0966,0,0.9743630290031433,0.9626056551933289,0.6933792233467102,0.9503187537193298,0.9121375679969788,0.9644843935966492,0.9685162305831909,0.9436270594596863,0.9627465009689331,0.9600673317909241,0.9292245745658875,1
b0966,b0964,0,0.023852959275245667,0.014187137596309185,0.012696278281509876,0.02956809103488922,0.029849635437130928,0.02041085623204708,0.02415682002902031,0.009990176185965538,0.05090625211596489,0.0047874837182462215,0.02204056899063289,0
b0964,b0963,0,0.5941802263259888,0.21425127983093262,0.06398890167474747,0.3396885395050049,0.3934338092803955,0.3391263484954834,0.10133648663759232,0.4637010097503662,0.3610519468784332,0.4809144139289856,0.335167296230793,0
b0963,b0961,0,0.008975934237241745,0.0007247546454891562,0.015739569440484047,0.0034637758508324623,0.009578432887792587,0.006562110036611557,0.0005397977656684816,0.00501649035140872,0.00512651028111577,0.0016362937167286873,0.005736366921337321,0
b0961,b0960,1,0.9947531223297119,0.9935188293457031,0.9803821444511414,0.9922065138816833,0.9761813879013062,0.9830300807952881,0.9988306164741516,0.9887961149215698,0.9958340525627136,0.9844617247581482,0.9887994587421417,1
b0960,b0958,0,0.018231987953186035,0.014575165696442127,0.10121417790651321,0.03828743100166321,0.08012539893388748,0.054002758115530014,0.18232813477516174,0.018549393862485886,0.053576596081256866,0.013083178550004959,0.05739742228761315,0
b0958,b0957,0,0.2025456428527832,0.07889590412378311,0.01637319289147854,0.19829919934272766,0.17048080265522003,0.32315030694007874,0.0045441873371601105,0.17154687643051147,0.15497982501983643,0.21268139779567719,0.15334973353892564,0
b0957,b0955,0,0.2601766884326935,0.17518627643585205,0.10399948060512543,0.2665747404098511,0.26456665992736816,0.18488319218158722,0.08934000879526138,0.28246134519577026,0.3155834376811981,0.14240707457065582,0.2085178904235363,0
b0955,b0954,0,0.7254772186279297,0.7080031037330627,0.1834353506565094,0.771005392074585,0.7227047085762024,0.7397780418395996,0.7584877014160156,0.5969621539115906,0.74931401014328,0.8132477402687073,0.6768415421247482,1
b0954,b0947,0,1.8888078557210974e-05,3.498453224892728e-05,9.942048200173303e-05,0.00011076813098043203,0.0011878376826643944,0.0009873727103695273,1.5237844763760222e-06,7.95127052697353e-05,0.0002883072302211076,0.0002963631122838706,0.00031049784490733146,0
b0947,b0937,0,3.382126669748686e-05,5.5395765230059624e-05,1.033360695146257e-05,0.00021949455549474806,0.0007938901544548571,0.001690898323431611,4.999616066925228e-06,0.0004333174729254097,0.000374380499124527,0.00017619642312638462,0.00037927276835034716,0
b0937,b0936,1,0.9967477321624756,0.9965846538543701,0.997016966342926,0.9840512275695801,0.9865188598632812,0.986390233039856,0.9979838132858276,0.9898347854614258,0.9982511401176453,0.9944251775741577,0.9927804589271545,1
b0936,b0935,1,0.9974949955940247,0.9972830414772034,0.9979409575462341,0.9830306768417358,0.9889025092124939,0.9895965456962585,0.9980022311210632,0.9901214241981506,0.9987518787384033,0.995745062828064,0.9936869323253632,1
b0935,b0934,1,0.9977487921714783,0.9849236011505127,0.9924245476722717,0.9689443707466125,0.9326576590538025,0.9741383194923401,0.9940376281738281,0.9839532375335693,0.9762369990348816,0.969944417476654,0.977500957250595,1
b0934,b0933,1,0.9977660775184631,0.9978976845741272,0.9969444274902344,0.9790424108505249,0.9881986379623413,0.9901405572891235,0.9979350566864014,0.9899652004241943,0.9987447261810303,0.9953879714012146,0.9932022750377655,1
b0933,b0931,0,0.0004534994950518012,0.0014494266360998154,0.0009214903111569583,0.0022435246501117945,0.004387574270367622,0.004991963505744934,0.002388558816164732,0.001447387388907373,0.004125872161239386,0.0008093130891211331,0.0023218610323965548,0
b0931,b0930,0,0.6589239239692688,0.7853843569755554,0.19553232192993164,0.6838230490684509,0.7393476963043213,0.7801854014396667,0.670608401298523,0.7353019714355469,0.7371302247047424,0.7865726947784424,0.6772810041904449,1
b0930,b0929,0,0.0774897113442421,0.05026781186461449,0.006084297318011522,0.09516903012990952,0.109359510242939,0.194308802485466,0.0055077821016311646,0.053570911288261414,0.134394571185112,0.13778717815876007,0.08639396061189472,0
b0929,b0928,0,0.37893736362457275,0.2556833326816559,0.24155361950397491,0.4943922758102417,0.5652132630348206,0.3686559796333313,0.19055308401584625,0.3460443317890167,0.47849205136299133,0.43004512786865234,0.37495704293251036,0
b0928,b0920,0,2.187036443501711e-05,7.140961679397151e-05,4.429926775628701e-05,0.00032061419915407896,0.000522624934092164,0.001852260553278029,4.155413989792578e-06,0.0002736944879870862,0.00031311812927015126,0.00011022243415936828,0.0003534269400915946,0
b0920,b0905,0,1.6959185813902877e-05,3.479779843473807e-05,6.898025458212942e-05,6.291468889685348e-05,0.0005679341265931726,0.0006270998856052756,6.757355777153862e-07,4.738898860523477e-05,0.00018443271983414888,0.00012535256973933429,0.00017365359536825054,0
b0905,b0904,0,0.017863841727375984,0.06180833280086517,0.005469196941703558,0.09927639365196228,0.10288424789905548,0.08881107717752457,0.01746266521513462,0.05334831029176712,0.0949508473277092,0.12141028046607971,0.06632851934991776,0
b0904,b0903,1,0.9905983209609985,0.9619842767715454,0.9443086981773376,0.9499974846839905,0.9377056360244751,0.9697960019111633,0.9706143736839294,0.9548354744911194,0.9646836519241333,0.983384370803833,0.9627908289432525,1
b0903,b0902,0,0.7904893755912781,0.5965332388877869,0.34724244475364685,0.717269778251648,0.7472724318504333,0.8145920634269714,0.8922989368438721,0.657923698425293,0.6871587634086609,0.8306442499160767,0.7081424981355667,1
b0902,b0900,0,0.247793510556221,0.03621286526322365,0.07191850990056992,0.14047560095787048,0.12763264775276184,0.06151052191853523,0.09981447458267212,0.11701139807701111,0.10349862277507782,0.048155080527067184,0.10540232323110103,0
b0900,b0897,0,0.00012313647312112153,0.0002106937172356993,5.2399467676877975e-05,0.0006194028537720442,0.0017920357640832663,0.0015596539014950395,1.4693118828290608e-05,0.0003404082381166518,0.0005081015406176448,0.0005094224470667541,0.000572994752201339,0
b0897,b0888,0,1.165817320725182e-05,3.4098877222277224e-05,1.8092277969117276e-06,6.469625805038959e-05,0.00027718450292013586,0.00033172013354487717,3.3679723401291994e-06,4.0078633901430294e-05,0.00012691131269093603,3.957173612434417e-05,9.310968277986831e-05,0
b0888,b0887,0,0.6445375680923462,0.4900784194469452,0.4774307608604431,0.7527294754981995,0.7415024638175964,0.43890759348869324,0.48083603382110596,0.4677809476852417,0.660926342010498,0.5759973526000977,0.5730726957321167,1
b0887,b0886,1,0.9972966313362122,0.9967867136001587,0.9966436624526978,0.9769484996795654,0.9871137142181396,0.9895672798156738,0.997890055179596,0.9865437746047974,0.998564600944519,0.995074450969696,0.9922429382801056,1
b0886,b0885,0,0.9950424432754517,0.9872520565986633,0.9667301177978516,0.9854099750518799,0.9751197695732117,0.9865740537643433,0.9957622289657593,0.9780513048171997,0.9951514601707458,0.9878139495849609,0.9852907359600067,1
b0885,b0884,0,0.0401177816092968,0.21131886541843414,0.015530192293226719,0.2272934764623642,0.16277344524860382,0.2322634756565094,0.07243113964796066,0.10957308858633041,0.1671084761619568,0.1756504625082016,0.14140604035928844,0
b0880,b0877,0,0.00011832682503154501,5.482482083607465e-05,0.0001240595302078873,0.0002911184565164149,0.001795294345356524,0.001783294603228569,3.2157472560356837e-06,0.00043777405517175794,0.0005615809932351112,0.00045771829900331795,0.0005627207675843237,0
b0877,b0875,0,0.0021684779785573483,0.005117874126881361,0.0018414598889648914,0.009819005616009235,0.00886398646980524,0.021443594247102737,0.004550593439489603,0.005479888059198856,0.02341841720044613,0.0021878911647945642,0.008489118819124997,0
b0875,b0874,0,0.10892685502767563,0.3074430227279663,0.03372511267662048,0.41143378615379333,0.24934272468090057,0.3664185404777527,0.12717309594154358,0.24250635504722595,0.41796886920928955,0.2485487163066864,0.25134870782494545,0
b0874,b0873,0,0.0710391029715538,0.06385181099176407,0.004711061250418425,0.15791581571102142,0.3882262110710144,0.17717182636260986,0.020752601325511932,0.09621766954660416,0.1936103105545044,0.28529414534568787,0.14587905551306904,0
b0873,b0872,1,0.9961239695549011,0.9942251443862915,0.9882249236106873,0.9888868927955627,0.9814687371253967,0.9879704117774963,0.9966838359832764,0.9833981990814209,0.9966039657592773,0.9908302426338196,0.9904416322708129,1
b0872,b0871,0,0.46695685386657715,0.47749844193458557,0.7742151618003845,0.5968698859214783,0.757058322429657,0.5836702585220337,0.45177972316741943,0.5177201628684998,0.7370406985282898,0.6231946349143982,0.5986004143953323,1
b0871,b0870,1,0.9604265689849854,0.9701632857322693,0.7700735926628113,0.9036139249801636,0.9248219132423401,0.8985876441001892,0.7953948974609375,0.8733370304107666,0.9231478571891785,0.958379328250885,0.8977946043014526,1
b0870,b0869,1,0.9971686005592346,0.9956492781639099,0.9911806583404541,0.9925866723060608,0.9890444874763489,0.9893120527267456,0.9978216886520386,0.9908433556556702,0.9977099299430847,0.9928779006004333,0.9934194624423981,1
b0869,b0868,0,0.8963291645050049,0.7824998497962952,0.6502445340156555,0.8064361810684204,0.6805794835090637,0.658996045589447,0.595028281211853,0.8353378772735596,0.7617768049240112,0.7422890663146973,0.7409517288208007,1
b0868,b0865,0,0.0005684521165676415,0.001768477144651115,0.0010980069637298584,0.004761231131851673,0.01489500142633915,0.00712244026362896,0.005382510367780924,0.002177656628191471,0.008099508471786976,0.0023476153146475554,0.004822089982917532,0
b0865,b0864,0,0.1948186308145523,0.08286812156438828,0.2524631917476654,0.1761273890733719,0.20500394701957703,0.16750241816043854,0.15509551763534546,0.041285980492830276,0.36670050024986267,0.1401807814836502,0.1782046478241682,0
b0864,b0863,1,0.9890271425247192,0.9759147763252258,0.9691316485404968,0.9471277594566345,0.931286633014679,0.9709339141845703,0.9833899736404419,0.9362636804580688,0.9535924792289734,0.9727683067321777,0.9629436314105988,1
b0863,b0862,1,0.9980372190475464,0.9952985644340515,0.9911653399467468,0.9921106100082397,0.9849982857704163,0.9916458129882812,0.996907114982605,0.991797149181366,0.9962297081947327,0.9909196496009827,0.9929109454154968,1
b0862,b0861,1,0.9966642260551453,0.9968889355659485,0.9971040487289429,0.9817935228347778,0.9883161783218384,0.9892051815986633,0.9974837899208069,0.9878941178321838,0.9985674619674683,0.9950105547904968,0.9928928017616272,1
b0861,b0860,0,0.5250733494758606,0.2001504749059677,0.43172648549079895,0.22697366774082184,0.19237425923347473,0.21481499075889587,0.15813224017620087,0.42721736431121826,0.39899763464927673,0.10951314121484756,0.2884973607957363,0
b0860,b0849,0,5.420781690190779e-06,2.5359961000503972e-05,2.613966353237629e-05,5.245041393209249e-05,0.0003944519266951829,0.00029155428637750447,7.367802368207776e-08,1.8450507923262194e-05,6.798223330406472e-05,0.00013489947014022619,0.00010167829226190861,0
b0849,b0847,0,0.08855386078357697,0.05921633169054985,0.007751604076474905,0.14398349821567535,0.1490473598241806,0.35892611742019653,0.030933262780308723,0.09213879704475403,0.12517327070236206,0.19819742441177368,0.12539215269498527,0
b0845,b0844,1,0.9969842433929443,0.9973680973052979,0.9970194697380066,0.9782869815826416,0.9883214831352234,0.9914191365242004,0.9972004294395447,0.987571656703949,0.9987554550170898,0.9955298900604248,0.9928456842899323,1
b0844,b0843,1,0.9754754304885864,0.9643782377243042,0.836763858795166,0.9611366391181946,0.936636745929718,0.9344990253448486,0.9840805530548096,0.9549222588539124,0.9791525602340698,0.9758408069610596,0.950288611650467,1
b0843,b0841,0,0.0007728862692601979,0.004352774936705828,0.0011985348537564278,0.002723199315369129,0.0023851823061704636,0.006493974477052689,0.006920472718775272,0.0032918043434619904,0.007022091653198004,0.0003813330258708447,0.0035542253899620846,0
b0841,b0840,1,0.6199400424957275,0.5518620014190674,0.2356811761856079,0.6874831914901733,0.7343325614929199,0.6278710961341858,0.578709602355957,0.5786508321762085,0.6614665389060974,0.7683257460594177,0.6044322788715363,1
b0840,b0838,0,0.001150739612057805,0.005269827786833048,0.0103681068867445,0.004579688422381878,0.005009863525629044,0.017889216542243958,0.0185156911611557,0.003763721790164709,0.01259071659296751,0.00106711161788553,0.008020468393806369,0
b0838,b0835,0,0.0001279836578760296,0.0003011987137142569,1.886562858999241e-05,0.0008256212458945811,0.002928320085629821,0.002819058485329151,1.68904571182793e-05,0.00023754288849886507,0.0010079238563776016,0.0008740203338675201,0.0009157425352896098,0
b0835,b0827,0,8.411008457187563e-05,8.968463953351602e-05,1.0608645425236318e-05,0.0004073759773746133,0.0007432919810526073,0.0009287127177231014,1.1302683560643345e-05,0.00021951590315438807,0.0005022768164053559,0.00022338271082844585,0.0003220262159629783,0
b0827,b0826,1,0.9968556761741638,0.9942678809165955,0.9964912533760071,0.9777171015739441,0.9877853393554688,0.9888997077941895,0.9964271187782288,0.9833158850669861,0.9985543489456177,0.9952343702316284,0.9915548682212829,1
b0826,b0824,0,0.04562452808022499,0.06232708320021629,0.02094477415084839,0.08310006558895111,0.06246357411146164,0.06310337036848068,0.04887846112251282,0.10927506536245346,0.08296508342027664,0.015492130070924759,0.05941741354763508,0
b0824,b0823,1,0.9939985275268555,0.9850244522094727,0.9558786749839783,0.9736707210540771,0.9352932572364807,0.9787754416465759,0.9961144924163818,0.9620590806007385,0.9782875776290894,0.9691649079322815,0.9728267133235932,1
b0823,b0822,0,0.3970332145690918,0.7248768210411072,0.7006513476371765,0.6783952116966248,0.8356490135192871,0.4842095673084259,0.4601368308067322,0.524539053440094,0.8595705628395081,0.6723659634590149,0.6337427586317063,1
b0822,b0821,1,0.549084484577179,0.14857527613639832,0.6409236788749695,0.5334488153457642,0.46674469113349915,0.2975946366786957,0.36743634939193726,0.3362269401550293,0.5449685454368591,0.3872963786125183,0.427229979634285,0
b0821,b0819,0,0.0009507970535196364,0.0013258315157145262,0.0017253885744139552,0.0040000672452151775,0.011646079830825329,0.009868061169981956,0.0033241715282201767,0.0015102805336937308,0.006790607701987028,0.002042504260316491,0.004318378941388801,0
b0815,b0813,0,0.014987482689321041,0.031436219811439514,0.0028962476644665003,0.04334520921111107,0.024685561656951904,0.02567611075937748,0.0015853990335017443,0.00481954263523221,0.030797485262155533,0.021649524569511414,0.02018787832930684,0
b0813,b0812,0,0.06685563176870346,0.09226367622613907,0.002700595650821924,0.15458515286445618,0.12024316936731339,0.21646715700626373,0.03953368961811066,0.06228455901145935,0.12324700504541397,0.16982121765613556,0.10480018542148173,0
b0812,b0811,0,0.16404475271701813,0.02034701034426689,0.1389085203409195,0.0686042383313179,0.10520832240581512,0.10969021171331406,0.020728517323732376,0.03964637219905853,0.10641644150018692,0.051151394844055176,0.08247457817196846,0
b0811,b0810,1,0.5865541696548462,0.22284318506717682,0.6249525547027588,0.44993990659713745,0.5819344520568848,0.4628308415412903,0.3000127971172333,0.412643164396286,0.48589062690734863,0.4322420358657837,0.4559843733906746,0
b0810,b0809,1,0.9971283674240112,0.9971330165863037,0.9972130656242371,0.98203045129776,0.9873778820037842,0.9897212386131287,0.9980988502502441,0.9889620542526245,0.9984903335571289,0.9947877526283264,0.9930943012237549,1
b0809,b0808,0,0.6586976647377014,0.47177016735076904,0.4925692677497864,0.6408042311668396,0.7474509477615356,0.4555867910385132,0.23048557341098785,0.6417730450630188,0.7851994037628174,0.48134249448776245,0.5605679586529732,1
b0808,b0806,0,0.003439307911321521,0.008646114729344845,0.009488947689533234,0.011053787544369698,0.022546706721186638,0.009780226275324821,0.005786319263279438,0.004441804252564907,0.015975123271346092,0.0038427028339356184,0.009500104049220682,0
b0806,b0805,0,0.1012440174818039,0.1346290409564972,0.01028293278068304,0.2949753701686859,0.30530980229377747,0.3711535334587097,0.024467719718813896,0.11589977145195007,0.25085094571113586,0.4932968318462372,0.21021099658682943,0
b0805,b0804,1,0.9316034317016602,0.9604477286338806,0.6487541198730469,0.9199545383453369,0.8750069737434387,0.929905354976654,0.9397064447402954,0.9387227296829224,0.9365525841712952,0.9216625094413757,0.9002316415309906,1
b0804,b0803,0,0.49264347553253174,0.7479338049888611,0.17397154867649078,0.8120867609977722,0.7117828130722046,0.5614817142486572,0.25494834780693054,0.6305219531059265,0.8338786959648132,0.7530564069747925,0.597230552136898,1
b0803,b0802,0,0.20002290606498718,0.21028554439544678,0.13458994030952454,0.20604683458805084,0.09119860082864761,0.4940929710865021,0.5358719825744629,0.3221873939037323,0.14325904846191406,0.1253923773765564,0.24629475995898248,0
b0802,b0798,0,2.180476440116763e-05,6.599439802812412e-05,0.00020449150179047137,0.00012487464118748903,0.0003834966919384897,0.0003912349638994783,7.745443872408941e-05,5.319811316439882e-05,0.0002209357771789655,3.679279325297102e-05,0.0001580278083565645,0
b0798,b0796,0,0.0017086181323975325,0.0019403296755626798,0.001146479044109583,0.0044081020168960094,0.005510996095836163,0.008470861241221428,0.04067782312631607,0.003372042439877987,0.01766374707221985,0.00045335511094890535,0.008535235395538621,0
b0796,b0795,1,0.9944707751274109,0.9944801330566406,0.9885756969451904,0.9734236001968384,0.9742638468742371,0.9865495562553406,0.9976639151573181,0.9758855700492859,0.9951286911964417,0.9911794066429138,0.9871621191501617,1
b0795,b0794,1,0.9959555268287659,0.9947687387466431,0.9940420389175415,0.9835284948348999,0.983238160610199,0.983543872833252,0.9982065558433533,0.9826971888542175,0.9972720146179199,0.9926206469535828,0.9905873239040375,1
b0794,b0793,1,0.9948316216468811,0.9911150932312012,0.9950228929519653,0.9802756309509277,0.985713541507721,0.9848325252532959,0.996209979057312,0.9782705307006836,0.9969502687454224,0.9931750893592834,0.9896397173404694,1
b0793,b0792,1,0.9781926274299622,0.9839277863502502,0.9697511792182922,0.9518436193466187,0.9353165626525879,0.9342306852340698,0.9865555763244629,0.9370537996292114,0.9648881554603577,0.9586256146430969,0.960038560628891,1
b0792,b0790,0,0.007919518277049065,0.017744949087500572,0.01043697725981474,0.024716144427657127,0.06621336191892624,0.03244532644748688,0.052697740495204926,0.010445012710988522,0.03508281707763672,0.00965094193816185,0.026735278964042663,0
b0790,b0789,1,0.9972319602966309,0.9968259334564209,0.9964377880096436,0.9823382496833801,0.9872746467590332,0.9875063300132751,0.9984763860702515,0.9884305000305176,0.9984880685806274,0.9950145483016968,0.9928024411201477,1
b0789,b0788,1,0.9970113635063171,0.9960871338844299,0.9973057508468628,0.9783082008361816,0.9903427362442017,0.9900286793708801,0.9967408776283264,0.9855635166168213,0.9989592432975769,0.9963685274124146,0.9926716029644013,1
b0788,b0780,0,5.605401020147838e-05,0.000271896569756791,0.00023332954151555896,0.00047766100033186376,0.0009305098210461438,0.0014307178789749742,6.0067977756261826e-05,0.00015484604227822274,0.0008546769386157393,0.00036980409640818834,0.00048395638768852225,0
b0780,b0774,0,7.849557732697576e-05,0.0005358117050491273,1.9006574802915566e-05,0.00037611351581290364,0.0006138508906587958,0.0024105131160467863,0.0001280928117921576,0.000832525547593832,0.0008384519023820758,0.0001233047223649919,0.0005956166363830562,0
b0774,b0773,1,0.8646206259727478,0.8974462747573853,0.3706076145172119,0.7722601294517517,0.7726702094078064,0.7197762727737427,0.6669566631317139,0.6551210880279541,0.784275472164154,0.7842344641685486,0.7287968814373016,1
b0773,b0772,0,0.2701665759086609,0.24401983618736267,0.5869592428207397,0.42644843459129333,0.4403309226036072,0.27606016397476196,0.3910798728466034,0.2893921434879303,0.5860897302627563,0.3827797770500183,0.3893326699733734,0
b0772,b0768,0,0.00013804581249132752,0.00015109061496332288,0.0030923455487936735,0.0008478282834403217,0.0045253438875079155,0.0031940992921590805,1.6151159798027948e-05,0.0002438463270664215,0.0013421470066532493,0.000906279543414712,0.0014457177476288052,0
b0768,b0766,0,0.010062233544886112,0.012467446736991405,0.005579994525760412,0.035290077328681946,0.01695612259209156,0.051721565425395966,0.04674940183758736,0.01021553110331297,0.03317093849182129,0.030357521027326584,0.02525708326138556,0
b0766,b0761,0,2.305803900526371e-05,0.00013335947005543858,1.2681902262556832e-05,0.00035797464079223573,0.0015172607963904738,0.0011249255621805787,1.7750529877957888e-05,0.00017008879513014108,0.000619682774413377,0.0002035890065599233,0.0004180371516667947,0
b0761,b0760,1,0.9938414692878723,0.9797583818435669,0.8550442457199097,0.9885455369949341,0.9716271162033081,0.9673560261726379,0.9980877041816711,0.9796240925788879,0.9937030076980591,0.9784976840019226,0.970608526468277,1
b0760,b0759,0,0.2564406991004944,0.16221089661121368,0.019749345257878304,0.19519560039043427,0.31239545345306396,0.24967840313911438,0.1296049803495407,0.11018849164247513,0.26568737626075745,0.32754507660865784,0.202869632281363,0
b0759,b0758,1,0.9964102506637573,0.9968054890632629,0.9926251173019409,0.9899309873580933,0.9827342629432678,0.9950463771820068,0.9981019496917725,0.9904792308807373,0.9979883432388306,0.993536114692688,0.9933658123016358,1
b0758,b0757,1,0.9770167469978333,0.9647676348686218,0.8818842172622681,0.9209806323051453,0.915082573890686,0.9353711009025574,0.9720426797866821,0.9366506934165955,0.9437555074691772,0.9673513174057007,0.9414903104305268,1
b0757,b0756,0,0.9963476061820984,0.9960044026374817,0.992268979549408,0.9735418558120728,0.9826974272727966,0.9882760643959045,0.9978938698768616,0.9811002612113953,0.9978171586990356,0.993533194065094,0.9899480819702149,1
b0756,b0755,0,0.4431769549846649,0.42357486486434937,0.10911829024553299,0.41511791944503784,0.3486453592777252,0.5302466750144958,0.14763090014457703,0.3470940589904785,0.5375260710716248,0.5498105883598328,0.38519416823983194,0
b0755,b0753,0,0.01708165928721428,0.007032665424048901,0.0056408606469631195,0.02363566681742668,0.016415651887655258,0.019173623993992805,0.00901549868285656,0.029617030173540115,0.019300149753689766,0.002901360159739852,0.014981416682712734,0
b0753,b0752,0,0.25766345858573914,0.21536175906658173,0.48217537999153137,0.18992944061756134,0.34272441267967224,0.23503310978412628,0.2388199418783188,0.0895153284072876,0.4857654273509979,0.20839855074882507,0.27453868091106415,0
b0752,b0730,0,7.173128324211575e-06,3.3024440199369565e-05,4.606396396411583e-05,5.863430124009028e-05,0.0003977881860919297,0.0003219929349143058,7.774901291668357e-07,2.273353675263934e-05,9.1043948486913e-05,0.00012740760575979948,0.00011066395358625414,0
b0730,b0720,0,0.00014163901505526155,0.0006659672362729907,4.521416121860966e-05,0.0004538131761364639,0.0005736002931371331,0.001505380030721426,0.0003109453245997429,0.000332600437104702,0.001019453746266663,0.0001783233165042475,0.000522693673701724,0
b0720,b0719,0,0.8010746836662292,0.4833053946495056,0.1847413033246994,0.4426674544811249,0.48223641514778137,0.482869952917099,0.6647437810897827,0.6342454552650452,0.46720656752586365,0.37747493386268616,0.5020565941929818,1
b0719,b0718,1,0.9743882417678833,0.9516268968582153,0.808709442615509,0.9883401393890381,0.9218032360076904,0.9563164114952087,0.9867174029350281,0.9548202157020569,0.9745793342590332,0.9087505340576172,0.9426051855087281,1
b0718,b0717,1,0.9899325370788574,0.9856419563293457,0.9662100076675415,0.9221625924110413,0.8635836839675903,0.970618724822998,0.9862473607063293,0.9702371954917908,0.9543166756629944,0.8916373252868652,0.9500588059425354,1
b0717,b0716,1,0.9974697828292847,0.9978232383728027,0.9978367686271667,0.9842437505722046,0.9870353937149048,0.9894101619720459,0.9984121322631836,0.9914939403533936,0.9985354542732239,0.9949518442153931,0.9937212467193604,1
b0716,b0715,0,0.13867978751659393,0.34069523215293884,0.012500418350100517,0.43029120564460754,0.3890272080898285,0.4464147090911865,0.5068317651748657,0.3172966241836548,0.33536118268966675,0.4558919370174408,0.3372990069910884,0
b0715,b0709,0,7.198982348199934e-05,0.0010699323611333966,0.00010565218690317124,0.0007286348263733089,0.0013595198979601264,0.0021103122271597385,0.0002560584107413888,0.000433967710705474,0.0024567856453359127,0.0002220411115558818,0.0008814894201350399,0
b0709,b4513,0,4.582456676871516e-05,4.4882854126626626e-05,3.7427305414894363e-06,0.00011947524035349488,0.0004920018254779279,0.0005697023589164019,4.4400098886399064e-07,0.00010728590859798715,0.00016682797286193818,8.389701542910188e-05,0.0001634084474062547,0
b4513,b0698,1,0.9913232922554016,0.9936761260032654,0.9940064549446106,0.9850317239761353,0.9685317277908325,0.9793815612792969,0.9981774091720581,0.9838969111442566,0.9905717372894287,0.9927732944488525,0.9877370238304138,1
b0698,b0697,1,0.9884626865386963,0.9879531860351562,0.9804630279541016,0.957464337348938,0.9322965145111084,0.9640223979949951,0.9957643747329712,0.9464081525802612,0.9747791290283203,0.9622925519943237,0.9689906358718872,1
b0697,b0696,1,0.9754072427749634,0.9618733525276184,0.9649603962898254,0.908580482006073,0.8716784715652466,0.9484147429466248,0.9829642176628113,0.9076900482177734,0.933594286441803,0.9224814772605896,0.9377644717693329,1
b0696,b0695,0,0.9953124523162842,0.9956361055374146,0.994036078453064,0.9824144840240479,0.9743350148200989,0.9802026748657227,0.9989559054374695,0.9852258563041687,0.9960553646087646,0.9907190203666687,0.9892892956733703,1
b0695,b0694,1,0.9960967898368835,0.9955781102180481,0.9958789348602295,0.9684149026870728,0.9886757731437683,0.9910081624984741,0.9933773875236511,0.9805195927619934,0.9987472295761108,0.9961352348327637,0.9904432117938995,1
b0694,b0693,0,0.24916890263557434,0.06995543092489243,0.08312221616506577,0.14751020073890686,0.13764117658138275,0.13663265109062195,0.022645194083452225,0.10233347862958908,0.272066205739975,0.12245327979326248,0.13435287363827228,0
b0693,b0692,0,0.9978756904602051,0.9969910383224487,0.9978449940681458,0.9767821431159973,0.9901807904243469,0.9911582469940186,0.9960616230964661,0.9870671629905701,0.998991847038269,0.996526300907135,0.9929479837417603,1
b0692,b0686,0,0.0004758654104080051,0.0018426724709570408,0.0007214703364297748,0.0027489210478961468,0.002830154960975051,0.003488154849037528,0.00020248671353328973,0.001032779342494905,0.0027578086592257023,0.0027791669126600027,0.0018879480703617446,0
b0686,b0685,1,0.21737122535705566,0.1703060269355774,0.14608222246170044,0.2156745046377182,0.2815942168235779,0.21698175370693207,0.08254680037498474,0.07705356180667877,0.4587728977203369,0.20481587946414948,0.20711990892887117,0
b0685,b0684,0,0.3774700462818146,0.09465096145868301,0.03222798556089401,0.18775847554206848,0.2789839506149292,0.27573448419570923,0.034599680453538895,0.26184800267219543,0.22846606373786926,0.27552950382232666,0.20472691543400287,0
b0684,b4637,1,0.10817163437604904,0.3385254442691803,0.01705254055559635,0.37575483322143555,0.19716092944145203,0.46682417392730713,0.05340592563152313,0.24054424464702606,0.29352810978889465,0.20398105680942535,0.22949488926678896,0
b4637,b0683,1,0.9923909306526184,0.9751901626586914,0.9939079284667969,0.9817121624946594,0.970180869102478,0.9797802567481995,0.9984951019287109,0.9742280840873718,0.9925846457481384,0.989088237285614,0.9847558379173279,1
b0683,b0678,0,9.461567060498055e-06,3.2396026654168963e-05,0.0001715591351967305,0.0001014895096886903,0.0004779707523994148,0.0005447314470075071,5.363302079786081e-06,3.9840047975303605e-05,0.00022191452444531024,0.0002128471533069387,0.00018175734658143483,0
b0678,b0677,1,0.9968135952949524,0.9871056079864502,0.9866169691085815,0.988684356212616,0.9612587690353394,0.9833767414093018,0.9956909418106079,0.981532871723175,0.9870890378952026,0.977052628993988,0.9845221519470215,1
b0677,b0676,1,0.9981180429458618,0.9944065809249878,0.9874911308288574,0.9906923174858093,0.976571798324585,0.9891979098320007,0.9972231388092041,0.9883632063865662,0.9953383207321167,0.9849669337272644,0.9902369379997253,1
b0676,b0675,1,0.9927053451538086,0.9721781611442566,0.927923321723938,0.9657941460609436,0.9424839019775391,0.9729177951812744,0.935819149017334,0.9483416676521301,0.9846900105476379,0.9761781096458435,0.9619031608104706,1
b0675,b0674,0,0.3214106261730194,0.07524091005325317,0.6224423050880432,0.22264760732650757,0.23151658475399017,0.21062499284744263,0.16203762590885162,0.13117995858192444,0.29112890362739563,0.11241462081670761,0.23806441351771354,0
b0661,b0660,0,0.5252103805541992,0.719918966293335,0.1736781895160675,0.5492329597473145,0.6845537424087524,0.6419519186019897,0.39577144384384155,0.345626562833786,0.7001696825027466,0.6346007585525513,0.5370714604854584,1
b0660,b0659,1,0.9960597157478333,0.9963139891624451,0.9963459968566895,0.9764492511749268,0.9889971017837524,0.9902117252349854,0.9962701797485352,0.9850670695304871,0.9986081719398499,0.9956614971160889,0.9919984698295593,1
b0659,b0658,1,0.9016308188438416,0.9245983362197876,0.8743562698364258,0.8974360227584839,0.8155192732810974,0.9047210812568665,0.8236631155014038,0.8625913262367249,0.8854777812957764,0.9125962257385254,0.8802590250968934,1
b0658,b0657,1,0.9976996779441833,0.9810834527015686,0.9665496349334717,0.9933916330337524,0.9812170267105103,0.9832088947296143,0.9960168600082397,0.9831072092056274,0.9960913062095642,0.9867097735404968,0.9865075469017028,1
b0655,b0654,1,0.6951103806495667,0.731107234954834,0.6357072591781616,0.7419301867485046,0.699035108089447,0.47989410161972046,0.2619519829750061,0.6046364307403564,0.7461985349655151,0.5235581398010254,0.6119129359722137,1
b0654,b0653,1,0.9967392086982727,0.9950135946273804,0.9962100982666016,0.9776781797409058,0.9866359829902649,0.9889363646507263,0.997367262840271,0.9817633032798767,0.9984241724014282,0.9948431253433228,0.9913611292839051,1
b0653,b0652,1,0.9969812631607056,0.9970102906227112,0.9959469437599182,0.9798755645751953,0.9865275621414185,0.9892309308052063,0.997970461845398,0.9874685406684875,0.9983310699462891,0.9945535659790039,0.9923896193504333,1
b0652,b0651,0,0.10380186885595322,0.1454484760761261,0.007274301256984472,0.33420857787132263,0.48306912183761597,0.33876216411590576,0.12832766771316528,0.18781349062919617,0.4116244614124298,0.516169011592865,0.26564991413615646,0
b0651,b0650,0,0.9713188409805298,0.9685259461402893,0.9409558176994324,0.9494608640670776,0.8710587620735168,0.9568073153495789,0.9650338292121887,0.9489780068397522,0.9007030129432678,0.9193170666694641,0.9392159461975098,1
b0650,b0647,0,0.0020519269164651632,0.0025170447770506144,0.0007325540063902736,0.009802724234759808,0.008839485235512257,0.0099619897082448,0.0011948933824896812,0.006269100122153759,0.009337669238448143,0.0032457849010825157,0.005395317252259701,0
b0647,b0644,0,0.00019181412062607706,0.00016844690253492445,0.0005682912305928767,0.0006864570314064622,0.0029471630696207285,0.0029775467701256275,1.1201044799236115e-05,0.0003134353319182992,0.0009552494157105684,0.0010939647909253836,0.0009913569708260184,0
b0644,b0642,0,0.015612268820405006,0.1521463543176651,0.00796765461564064,0.10158742964267731,0.1488972008228302,0.22720365226268768,0.042675845324993134,0.13771234452724457,0.055261507630348206,0.06758661568164825,0.09566508736461402,0
b0642,b0641,1,0.9965178966522217,0.9958443641662598,0.9903756976127625,0.9892910718917847,0.9831122159957886,0.9933995604515076,0.9948629140853882,0.9874327182769775,0.9975475072860718,0.9939679503440857,0.9922351896762848,1
b0641,b0640,1,0.9949570298194885,0.9889426231384277,0.9902059435844421,0.9878593683242798,0.9854429960250854,0.9792036414146423,0.9974113702774048,0.9793657064437866,0.9965986013412476,0.9917998909950256,0.9891787171363831,1
b0640,b0639,1,0.9975228905677795,0.9926425218582153,0.9844562411308289,0.976069450378418,0.964849054813385,0.9806539416313171,0.9934512972831726,0.9783869385719299,0.9914383888244629,0.9808950424194336,0.9840365767478942,1
b0639,b0638,1,0.9975572824478149,0.9946758151054382,0.9615023136138916,0.9933235049247742,0.983666718006134,0.9910459518432617,0.9975793361663818,0.9938616156578064,0.9969446659088135,0.9909337162971497,0.9901090919971466,1
b0638,b0637,0,0.11941737681627274,0.16520842909812927,0.017455115914344788,0.21971072256565094,0.15340755879878998,0.35418277978897095,0.026373591274023056,0.13132968544960022,0.15656854212284088,0.22522805631160736,0.15688818581402303,0
b0637,b0636,1,0.9976429343223572,0.9951476454734802,0.992948591709137,0.993590772151947,0.9815272688865662,0.9920519590377808,0.9970807433128357,0.9926849007606506,0.9969059228897095,0.9866992831230164,0.9926280021667481,1
b0636,b0635,1,0.9906105995178223,0.9824408292770386,0.9704262614250183,0.9674068093299866,0.929203450679779,0.9435698986053467,0.9950515627861023,0.9597965478897095,0.9737922549247742,0.9561565518379211,0.9668454766273499,1
b0635,b0634,1,0.9592829942703247,0.9530105590820312,0.9339087605476379,0.8818246722221375,0.8152279257774353,0.8713869452476501,0.9658756852149963,0.9211771488189697,0.8866984844207764,0.8788242936134338,0.9067217469215393,1
b0634,b0633,1,0.9870401620864868,0.9859420657157898,0.9540343284606934,0.9726237654685974,0.9411762952804565,0.977924644947052,0.9878880977630615,0.9773365259170532,0.9847801923751831,0.9791030883789062,0.974784916639328,1
b0633,b0632,0,0.7787121534347534,0.4534010887145996,0.20015420019626617,0.593961238861084,0.6041417121887207,0.5794665813446045,0.2642172873020172,0.4910425543785095,0.7301554679870605,0.6222781538963318,0.5317530438303948,1
b0632,b0631,0,0.7468557357788086,0.8637255430221558,0.3509545624256134,0.799017608165741,0.8849895000457764,0.676708996295929,0.6144570708274841,0.5846798419952393,0.7653576135635376,0.9226048588752747,0.7209351330995559,1
b0631,b0630,0,0.12345454096794128,0.12033917009830475,0.04913962259888649,0.30335336923599243,0.3136415183544159,0.21300403773784637,0.09745785593986511,0.12361831218004227,0.4455070495605469,0.26838353276252747,0.2057899009436369,0
b0630,b0629,0,0.5049939155578613,0.2857516407966614,0.4374311864376068,0.3228157162666321,0.284438818693161,0.29612407088279724,0.22022458910942078,0.43878141045570374,0.4270528554916382,0.2728385925292969,0.34904527962207793,0
b0629,b0628,0,0.4816439151763916,0.618669867515564,0.11292269080877304,0.6101853847503662,0.5108611583709717,0.7177536487579346,0.1612074226140976,0.5646218657493591,0.5601751208305359,0.6825332045555115,0.5020574279129505,1
b0628,b0624,0,0.007700091693550348,0.00284887314774096,0.02849714085459709,0.01048976555466652,0.024955879896879196,0.024954600259661674,0.0003674548352137208,0.004694068804383278,0.01673954725265503,0.00551435025408864,0.012676177255343646,0
b0624,b0621,0,0.0028946821112185717,0.0004150171298533678,0.007677995599806309,0.0018215159652754664,0.007613262161612511,0.007593397982418537,8.057297236518934e-05,0.0008750298293307424,0.0015045389300212264,0.00296403793618083,0.0033440050618082752,0
b0621,b0618,0,0.007996795699000359,0.003922575153410435,0.0035454300232231617,0.011997354216873646,0.009203211404383183,0.00983303040266037,0.0011498365784063935,0.00802141334861517,0.014158169738948345,0.002457026392221451,0.007228484295774251,0
b0618,b0617,1,0.9935659766197205,0.9624385833740234,0.970355212688446,0.9256857633590698,0.9276307225227356,0.9597905874252319,0.9896202683448792,0.9494137763977051,0.9527291655540466,0.9567282199859619,0.958795827627182,1
b0617,b0616,1,0.9972975850105286,0.9972673654556274,0.995988130569458,0.9842272400856018,0.9824787974357605,0.9855453968048096,0.9989947080612183,0.9900888800621033,0.9978598356246948,0.9940208196640015,0.9923768758773803,1
b0616,b0615,1,0.9915040135383606,0.9909866452217102,0.9674347043037415,0.9868674874305725,0.9585869908332825,0.9802318215370178,0.9961702823638916,0.9715879559516907,0.9886168241500854,0.9776349663734436,0.9809621691703796,1
b0615,b0614,1,0.9961865544319153,0.9914427995681763,0.9978200197219849,0.9862104654312134,0.9655557870864868,0.9876968264579773,0.9957144260406494,0.9787881374359131,0.992335319519043,0.9843315482139587,0.9876081883907318,1
b0614,b0613,1,0.9971508383750916,0.9959653615951538,0.9970958232879639,0.9816901683807373,0.9859389066696167,0.9867842793464661,0.9982364177703857,0.9887039065361023,0.9982309341430664,0.994211733341217,0.99240083694458,1
b0613,b0612,1,0.9812595844268799,0.9452317953109741,0.9914653897285461,0.9561778903007507,0.8181073665618896,0.9687078595161438,0.9944363236427307,0.9299173355102539,0.9252177476882935,0.936581015586853,0.9447102308273315,1
b0612,b0611,0,0.5896481871604919,0.5499929785728455,0.09824005514383316,0.6446384787559509,0.540144681930542,0.6501671671867371,0.6327894926071167,0.6723051071166992,0.6065080761909485,0.7095745801925659,0.5694008804857731,1
b0611,b0610,0,0.09169144928455353,0.3694625496864319,0.017666950821876526,0.34239625930786133,0.4478263854980469,0.30031898617744446,0.1481209546327591,0.23980507254600525,0.5293675661087036,0.309822678565979,0.27964788526296613,0
b0610,b0607,0,0.0006088980007916689,0.0006102592451497912,0.006100981961935759,0.0016720518469810486,0.006398968864232302,0.0036515998654067516,0.00011899350647581741,0.001232305308803916,0.000903056119568646,0.0027336019556969404,0.002403071667504264,0
b0607,b0604,0,5.4765409004176036e-05,0.00011360707139829174,0.00030117115238681436,0.00031962510547600687,0.0014233060646802187,0.001349897705949843,1.5645591702195816e-05,9.703051910037175e-05,0.000776938977651298,0.0004525990807451308,0.0004904586678094347,0
b0604,b0603,0,0.5987271666526794,0.34041374921798706,0.4207018315792084,0.49538031220436096,0.4152218699455261,0.3597455322742462,0.5602970719337463,0.3446519672870636,0.5634129047393799,0.3653407394886017,0.44638931453228,0
b0603,b0602,0,0.45937293767929077,0.4579029977321625,0.5575435757637024,0.4984273910522461,0.3368809223175049,0.4541381597518921,0.39080220460891724,0.3926621973514557,0.44630715250968933,0.5102928280830383,0.4504330366849899,0
b0602,b0601,1,0.9978145360946655,0.9976097941398621,0.9957217574119568,0.9753871560096741,0.9897320866584778,0.9918006062507629,0.9958171844482422,0.986909806728363,0.9989439845085144,0.9961867928504944,0.9925923705101013,1
b0601,b0599,0,0.0006619381019845605,0.0010037344181910157,0.00026766673545353115,0.004564118571579456,0.008610776625573635,0.007540237158536911,6.215520261321217e-05,0.00431267311796546,0.004668937064707279,0.004082821309566498,0.0035775058306171557,0
b0599,b0592,0,0.00010147518332814798,9.54703355091624e-05,1.6804486222099513e-05,0.00016409516683779657,0.0006762806442566216,0.0014854916371405125,5.094589141663164e-06,0.0001665605086600408,0.00023514189524576068,0.00014495621144305915,0.0003091370657784864,0
b0592,b0590,0,0.014420690946280956,0.04812195897102356,0.005436900071799755,0.09187479317188263,0.03377639874815941,0.0537070631980896,0.017286432906985283,0.08237308263778687,0.06135137006640434,0.026664629578590393,0.04350133202970028,0
b0590,b0589,1,0.9975681304931641,0.9964666962623596,0.9968311786651611,0.9769538640975952,0.9888039231300354,0.9887088537216187,0.9974634647369385,0.9861987233161926,0.9987689852714539,0.9957187175750732,0.9923482537269592,1
b0589,b0588,1,0.9975768327713013,0.9972062706947327,0.9979820251464844,0.9815899729728699,0.9894777536392212,0.9907154440879822,0.9975684881210327,0.9895479083061218,0.9988216757774353,0.9955942630767822,0.9936080634593963,1
b0588,b0584,0,0.000264412461547181,0.0022391597740352154,7.150064629968256e-05,0.0021281465888023376,0.0013408222002908587,0.0075841499492526054,0.00037809033528901637,0.0023409866262227297,0.003102292772382498,0.00047624774742871523,0.001992580910155084,0
b0584,b0583,1,0.9728400707244873,0.8716907501220703,0.8298109173774719,0.9396824836730957,0.8510159254074097,0.9629830718040466,0.9251051545143127,0.8100419640541077,0.903384268283844,0.9203587770462036,0.8986913383007049,1
b0583,b0581,0,0.0005920217372477055,0.0008928830502554774,0.001397720305249095,0.0014034475898370147,0.0028267332818359137,0.005066811107099056,0.002194521250203252,0.0002741222851909697,0.001897819573059678,0.0010269323829561472,0.0017573012562934309,0
b0581,b0580,0,0.7036275267601013,0.5006438493728638,0.8625760674476624,0.7374435663223267,0.7886495590209961,0.5557023882865906,0.13194698095321655,0.549074649810791,0.6764106154441833,0.5249702334403992,0.603104543685913,1
b0580,b0579,1,0.13351044058799744,0.18226319551467896,0.05065944790840149,0.2021232694387436,0.42772096395492554,0.19924430549144745,0.5181331634521484,0.25064197182655334,0.24253182113170624,0.3690105974674225,0.2575839176774025,0
b0579,b0578,0,0.2346242368221283,0.41540777683258057,0.14275069534778595,0.4852766692638397,0.4257517158985138,0.44164037704467773,0.23801961541175842,0.22216179966926575,0.47041648626327515,0.6285883188247681,0.37046376913785933,0
b0578,b0577,0,0.3906480371952057,0.4826763868331909,0.5643340349197388,0.629252552986145,0.6204932928085327,0.3750801682472229,0.33769524097442627,0.36812904477119446,0.8202196955680847,0.5019885301589966,0.5090516984462738,1
b0577,b0571,0,6.703340477542952e-05,0.00019834793056361377,1.4503809325105976e-05,0.0007603495614603162,0.0009871803922578692,0.0010895628947764635,2.5543531592120416e-05,0.0005704222712665796,0.0010172806214541197,0.00013365292397793382,0.0004863877341449552,0
b0571,b0570,1,0.9969394207000732,0.9953104257583618,0.9941420555114746,0.9805351495742798,0.9839922189712524,0.9821179509162903,0.9978597164154053,0.9852475523948669,0.9977087378501892,0.9932176470756531,0.9907070875167847,1
b0570,b0569,0,0.9918702244758606,0.9801587462425232,0.9553053975105286,0.9855523705482483,0.9406192302703857,0.9753133058547974,0.9986186623573303,0.969433605670929,0.9785318970680237,0.9600270390510559,0.9735430479049683,1
b0569,b0568,1,0.9975003004074097,0.9967343211174011,0.9962875247001648,0.9778867363929749,0.9857770204544067,0.9878862500190735,0.9982353448867798,0.9881659746170044,0.9983078837394714,0.9939736723899841,0.992075502872467,1
b0568,b0567,1,0.9968380331993103,0.9958117604255676,0.9964954257011414,0.9705910086631775,0.9896475076675415,0.9911474585533142,0.9938863515853882,0.9820824861526489,0.9989064931869507,0.9963611960411072,0.9911767721176148,1
b0567,b0566,0,0.7578822374343872,0.8617359399795532,0.6983944773674011,0.8717533349990845,0.6823727488517761,0.7914128303527832,0.6402127742767334,0.7622447609901428,0.7422945499420166,0.792076587677002,0.760038024187088,1
b0566,b0565,0,0.2164682149887085,0.06793404370546341,0.03929929435253143,0.12105104327201843,0.12663860619068146,0.10886386036872864,0.029421156272292137,0.1863783597946167,0.06448908895254135,0.09888602048158646,0.10594296883791685,0
b0565,b4589,0,0.007396618369966745,0.0024171292316168547,0.03850012272596359,0.007182462606579065,0.01831894740462303,0.008970333263278008,0.0010298374108970165,0.007353215478360653,0.004232261795550585,0.00788987148553133,0.010329079977236689,0
b4589,b0558,0,0.0009015168179757893,0.0014700026949867606,0.001470919232815504,0.0017908018780872226,0.0035476088523864746,0.004631278570741415,0.0006365313893184066,0.0017705087084323168,0.0046156239695847034,0.0006318038213066757,0.002146659593563527,0
b0558,b0557,0,0.020044367760419846,0.013884909451007843,0.030590705573558807,0.03259928524494171,0.04293406009674072,0.042649149894714355,0.005100029055029154,0.021407661959528923,0.023460891097784042,0.03845157101750374,0.027112263115122916,0
b0537,b0535,0,0.3291010856628418,0.163427472114563,0.12686173617839813,0.22395676374435425,0.26706308126449585,0.3209649920463562,0.09465489536523819,0.18033911287784576,0.3219299018383026,0.20252805948257446,0.22308271005749702,0
b0535,b0529,0,8.04750197858084e-06,6.618846964556724e-05,1.1400013136153575e-05,0.00013766698248218745,0.0009092059335671365,0.0006955029093660414,3.2459176964039216e-06,3.1012026738608256e-05,0.00010914474114542827,0.0003052688844036311,0.00022766833801597387,0
b0529,b0528,1,0.9973095655441284,0.9948543906211853,0.9969512224197388,0.9866868257522583,0.9878820180892944,0.9933236241340637,0.9945798516273499,0.9893696308135986,0.9981056451797485,0.9957019686698914,0.9934764742851258,1
b0528,b0527,0,0.3178293704986572,0.2758036255836487,0.06304995715618134,0.3026044964790344,0.23913131654262543,0.1401825249195099,0.10277840495109558,0.3236028254032135,0.3888165354728699,0.20129594206809998,0.2355094999074936,0
b0527,b0525,0,0.00019726611208170652,0.0007135709747672081,2.2313068257062696e-05,0.001827224506996572,0.00338443904183805,0.00575061421841383,2.4149660021066666e-05,0.0006125721265561879,0.0010523268720135093,0.0018730565207079053,0.0015457533101653099,0
b0525,b0524,1,0.9970993995666504,0.9952227473258972,0.9884999990463257,0.9918757677078247,0.98757404088974,0.9894767999649048,0.9938955903053284,0.9923576712608337,0.9971317052841187,0.9917917251586914,0.9924925446510315,1
b0524,b0523,0,0.23898762464523315,0.3201340436935425,0.10995056480169296,0.3300963044166565,0.2875450551509857,0.2754265367984772,0.08548269420862198,0.3353416621685028,0.39533916115760803,0.34091249108314514,0.2719216138124466,0
b0523,b0522,1,0.9966011047363281,0.9966099262237549,0.9975032806396484,0.9864887595176697,0.9866056442260742,0.9876119494438171,0.9985292553901672,0.9911679029464722,0.9981459975242615,0.9944854974746704,0.9933749318122864,1
b0522,b0517,0,7.38906892365776e-05,0.00015177406021393836,0.00031383661553263664,0.0011874473420903087,0.0032746801152825356,0.0023018461652100086,1.996805440285243e-05,0.000327869231114164,0.0025450733955949545,0.0007057283655740321,0.0010902114034252008,0
b0517,b0516,0,0.9957609176635742,0.9890772700309753,0.9884440302848816,0.9653816223144531,0.9404401183128357,0.9699082970619202,0.989023745059967,0.9737181067466736,0.9780976176261902,0.9725223183631897,0.9762374043464661,1
b0516,b0515,1,0.9884225726127625,0.9871087670326233,0.9601372480392456,0.9690720438957214,0.9407258629798889,0.9823101758956909,0.9858575463294983,0.9722259044647217,0.9747762084007263,0.9791911244392395,0.9739827454090119,1
b0515,b0504,0,0.0001508312561782077,0.0001440634368918836,0.0038590789772570133,0.00021965977794025093,0.0016558935167267919,0.0011557851685211062,5.357479494705331e-06,0.00020457890059333295,0.0002449697640258819,0.0006557069136761129,0.0008295925191305287,0
b0504,b0503,0,0.7371492981910706,0.5434406399726868,0.1538836508989334,0.5577951669692993,0.7004075646400452,0.5945605635643005,0.45647773146629333,0.42781370878219604,0.6237725019454956,0.7106239795684814,0.5505924805998802,1
b0503,b0494,0,1.4209510482032783e-05,0.00014013226609677076,0.0008034150232560933,9.732047328725457e-05,0.0008572755032218993,0.000581759144552052,8.627745955891442e-06,6.319044041447341e-05,0.00013590799062512815,0.00040589331183582544,0.00031077314097274213,0
b0494,b0493,1,0.9962764978408813,0.9948694705963135,0.9940539598464966,0.9845267534255981,0.9849860668182373,0.9861921072006226,0.9976233243942261,0.9860561490058899,0.9974363446235657,0.9928753972053528,0.9914896070957184,1
b0493,b0492,0,0.9487754702568054,0.9057482481002808,0.2860952615737915,0.9059423208236694,0.8626038432121277,0.9274218082427979,0.6530309915542603,0.8361694812774658,0.909354031085968,0.9383476972579956,0.8173489153385163,1
b0492,b0489,0,0.001227620174176991,0.006609322503209114,0.0010386414360255003,0.026500578969717026,0.017634937539696693,0.01868894323706627,0.0015354955103248358,0.0032101627439260483,0.029774250462651253,0.005701197311282158,0.01119211498880759,0
b0489,b0488,1,0.9959205985069275,0.9969647526741028,0.9958285689353943,0.9771012663841248,0.9882058501243591,0.9904382228851318,0.9962567687034607,0.9849230051040649,0.9986031651496887,0.9954162240028381,0.9919658422470092,1
b0488,b0484,0,9.139467147178948e-05,0.00037723727291449904,3.486267087282613e-05,0.0010941422078758478,0.003850693115964532,0.0047708009369671345,6.033199679222889e-05,0.0005344113451428711,0.0013348172651603818,0.0012668981216847897,0.0013415589604846901,0
b0484,b0482,0,0.18930809199810028,0.08479705452919006,0.052912626415491104,0.12371911853551865,0.14082451164722443,0.13091737031936646,0.021980950608849525,0.19758005440235138,0.19381247460842133,0.11603117734193802,0.12518834304064513,0
b0482,b0481,0,0.19095291197299957,0.0886160135269165,0.05871717631816864,0.12049790471792221,0.15434950590133667,0.09250890463590622,0.030996229499578476,0.10608088225126266,0.18512053787708282,0.11415598541498184,0.11419960521161557,0
b0481,b0479,0,0.00020050114835612476,0.0005384073010645807,0.0015848090406507254,0.0007066335529088974,0.0023244316689670086,0.002023998647928238,0.0007741011795587838,0.00028708550962619483,0.0027866698801517487,0.0003342113341204822,0.0011560849263332785,0
b0479,b0478,0,0.23395584523677826,0.1719255894422531,0.010937444865703583,0.2517213225364685,0.45989635586738586,0.3834804594516754,0.1605883091688156,0.22269397974014282,0.406584233045578,0.5266764760017395,0.2828460015356541,0
b0478,b0476,0,0.010575615800917149,0.01919357106089592,0.002971586072817445,0.03953782469034195,0.05476539954543114,0.0384029783308506,0.027346210554242134,0.024168644100427628,0.061138369143009186,0.007088040933012962,0.02851882402319461,0
b0476,b0467,0,2.1642983483616263e-05,8.692723349668086e-05,1.2400421837810427e-05,0.00015082205936778337,0.00041751572280190885,0.0004473664448596537,7.5860907600144856e-06,6.756350194336846e-05,0.00020425219554454088,9.099065937334672e-05,0.0001507067313468724,0
b0467,b0466,1,0.9918141961097717,0.9832339882850647,0.9371810555458069,0.9782450199127197,0.96624755859375,0.9769476056098938,0.9927453398704529,0.9770826697349548,0.9888075590133667,0.9818952679634094,0.9774200260639191,1
b0461,b0460,1,0.9866214394569397,0.9881722331047058,0.9471706748008728,0.9777897596359253,0.9533569812774658,0.9783658385276794,0.9921978712081909,0.9757565855979919,0.9875119924545288,0.9837123155593872,0.9770655691623688,1
b0460,b0459,0,0.9721602201461792,0.9086593389511108,0.9169228076934814,0.8991838693618774,0.7427392601966858,0.8966351747512817,0.941308856010437,0.854132890701294,0.8908492922782898,0.7859002947807312,0.8808492004871369,1
b0459,b0458,0,0.18840646743774414,0.26633188128471375,0.02736017107963562,0.4134504497051239,0.369585782289505,0.4534154236316681,0.4695197343826294,0.273826003074646,0.3288445770740509,0.47217297554016113,0.3262913465499878,0
b0458,b0457,0,0.8963725566864014,0.8909496665000916,0.6882978677749634,0.8122993111610413,0.6463024616241455,0.4602085053920746,0.9091087579727173,0.6687974333763123,0.8659834265708923,0.6829831004142761,0.7521303087472916,1
b0457,b0454,0,0.007894791662693024,0.008272071368992329,0.004228945355862379,0.021984221413731575,0.047382816672325134,0.10259313881397247,0.0023012945894151926,0.020129183307290077,0.044461462646722794,0.015718897804617882,0.027496682363562286,0
b0454,b0452,0,0.0013887772802263498,0.003367202589288354,0.008548294194042683,0.004205811303108931,0.007996958680450916,0.020021358504891396,0.017445452511310577,0.004408755339682102,0.009814737364649773,0.001620094059035182,0.007881744182668626,0
b0452,b0445,0,6.754784408258274e-05,0.00012053533282596618,2.074712756439112e-05,0.0006316776270978153,0.0011320203775539994,0.0015192340360954404,6.491656677098945e-06,0.0007797617581672966,0.000797105545643717,0.0002939159458037466,0.0005369037251512054,0
b0445,b0444,0,0.8944495916366577,0.8455098867416382,0.658451497554779,0.8195906281471252,0.8151313066482544,0.737788200378418,0.7029560804367065,0.6743990182876587,0.8434158563613892,0.8450750112533569,0.7836767077445984,1
b0444,b0434,0,1.3313217095856089e-05,4.923687447444536e-05,3.4126937862311024e-06,0.000104713391920086,0.0003733531048055738,0.00034638086799532175,4.373254398615245e-07,2.7746937121264637e-05,0.00015103518671821803,9.363099525216967e-05,0.00011632605946090279,0
b0434,b0433,1,0.9942346215248108,0.9893698692321777,0.9795513153076172,0.9910690188407898,0.9744994044303894,0.9827545285224915,0.9928960204124451,0.98530113697052,0.9933216571807861,0.9847099781036377,0.9867707550525665,1
b0433,b0432,0,0.24081601202487946,0.11218760162591934,0.026002993807196617,0.18889875710010529,0.1832425594329834,0.32049983739852905,0.052434418350458145,0.23896586894989014,0.20768898725509644,0.24987798929214478,0.18206150252372028,0
b0432,b0431,1,0.996442437171936,0.9954571723937988,0.9926028847694397,0.991908073425293,0.978883683681488,0.9934067726135254,0.9985097050666809,0.9903048276901245,0.9971958994865417,0.9918130040168762,0.9926524460315704,1
b0431,b0430,1,0.9944208860397339,0.9929895401000977,0.9951815009117126,0.9699398875236511,0.9880000948905945,0.9889342188835144,0.9940210580825806,0.9767593145370483,0.9982998967170715,0.9956557750701904,0.9894202172756195,1
b0430,b0429,1,0.9956762194633484,0.9943395256996155,0.9956315755844116,0.9734139442443848,0.984790027141571,0.9887418746948242,0.9965405464172363,0.981184720993042,0.9982279539108276,0.9947036504745483,0.990325003862381,1
b0429,b0428,1,0.9977629780769348,0.9954832792282104,0.9950276017189026,0.9935705065727234,0.9745779633522034,0.9921971559524536,0.998708188533783,0.9918335676193237,0.9964725971221924,0.9903387427330017,0.9925972580909729,1
b0428,b0427,0,0.597538411617279,0.6826884746551514,0.5062775015830994,0.7242788076400757,0.632573664188385,0.4451341927051544,0.6113232970237732,0.5748983025550842,0.8089858889579773,0.6565956473350525,0.6240294188261032,1
b0427,b0425,0,0.0023409556597471237,0.01062072068452835,0.005515681114047766,0.022859562188386917,0.03061543218791485,0.017285402864217758,0.0022654307540506124,0.004244701471179724,0.015439012087881565,0.010412076488137245,0.01215989755000919,0
b0425,b0424,1,0.9962493777275085,0.9965876340866089,0.996151864528656,0.9802093505859375,0.986458420753479,0.9904324412345886,0.9973973631858826,0.9856074452400208,0.9982619881629944,0.9946173429489136,0.992197322845459,1
b0420,b0419,0,0.9289979338645935,0.8159949779510498,0.16352511942386627,0.8320925235748291,0.7819584608078003,0.836651623249054,0.6534088850021362,0.6723014712333679,0.8076841831207275,0.8721054792404175,0.7364720657467843,1
b0419,b0412,0,0.00010208429739577696,0.000369860848877579,3.777776510105468e-05,0.0013355141272768378,0.0015215477906167507,0.0013154885964468122,0.0002622863103169948,0.0006495870184153318,0.0023914009798318148,0.0001291845110245049,0.0008114732245303458,0
b0412,b0411,0,0.2562009394168854,0.12796232104301453,0.03224033862352371,0.2222147434949875,0.19791531562805176,0.36192336678504944,0.012053530663251877,0.1991383135318756,0.21725846827030182,0.2771521210670471,0.19040594585239887,0
b0411,b0404,0,2.802291237458121e-05,9.486648195888847e-05,0.00011224062473047525,0.00048085060552693903,0.0008321226923726499,0.0009908656356856227,7.643372555321548e-06,0.00029090899624861777,0.0006416462711058557,0.00020575907547026873,0.000368492666802922,0
b0404,b0398,0,1.9906128727598116e-05,0.00010576175554888323,1.970313633137266e-06,0.00015819801774341613,0.0004926653346046805,0.0009094064589589834,3.220117650926113e-05,0.00014294359425548464,0.0003971636760979891,7.682938303332776e-05,0.00023370458391127613,0
b0398,b0397,1,0.9962059259414673,0.9961738586425781,0.9957877397537231,0.9857943654060364,0.984626054763794,0.9857596158981323,0.9986522197723389,0.9889743328094482,0.9976081252098083,0.9938528537750244,0.9923435091972351,1
b0397,b0396,0,0.9804292321205139,0.945662796497345,0.8473239541053772,0.9615181088447571,0.9321640133857727,0.805443525314331,0.9470483660697937,0.8425928950309753,0.9584833979606628,0.966810941696167,0.9187477231025696,1
b0396,b0393,0,0.0032054914627224207,0.0018892221851274371,0.0037993076257407665,0.014947956427931786,0.04671986401081085,0.017613505944609642,0.0034043153282254934,0.004038461018353701,0.01819659024477005,0.004651306662708521,0.011846602091100066,0
b0393,b0386,0,4.514281317824498e-05,0.00014254325651563704,8.530142076779157e-05,0.000335033138981089,0.0010634763166308403,0.0008997776894830167,2.5357059712405317e-05,0.00013269468036014587,0.0004470185376703739,0.00025146713596768677,0.00034278120492672317,0
b0386,b0381,0,0.00023742557095829397,0.00017848325660452247,0.0002958859840873629,0.00123010971583426,0.003016063245013356,0.004894779995083809,4.912361328024417e-05,0.0003598412440624088,0.0019552221056073904,0.0005760171334259212,0.0012792951863957569,0
b0381,b0379,0,0.06691031157970428,0.04060998931527138,0.048432257026433945,0.09939175099134445,0.13730663061141968,0.20415419340133667,0.013129282742738724,0.055811807513237,0.12986637651920319,0.07745810598134995,0.08730707056820393,0
b0379,b0376,0,0.0003586449893191457,0.0003735602949745953,2.5483213903498836e-05,0.0013290150091052055,0.002062360057607293,0.0025593754835426807,4.3242474930593744e-05,0.0002890277246478945,0.0010972488671541214,0.0007572522154077888,0.0008895210330592818,0
b0369,b0364,0,0.004279488697648048,0.0025214313063770533,0.0491112545132637,0.004787093494087458,0.013297428376972675,0.007391091901808977,0.000591416610404849,0.004009436350315809,0.0037380103021860123,0.007876061834394932,0.009760271338745952,0
b0364,b0363,0,0.5545406341552734,0.5506412982940674,0.41658908128738403,0.5381800532341003,0.351237952709198,0.6191086769104004,0.5293872356414795,0.5249269008636475,0.5490335822105408,0.6451566219329834,0.5278802037239074,1
b0363,b0358,0,0.0003648069978225976,0.0012491138186305761,0.00046759165707044303,0.0033644340001046658,0.0043658302165567875,0.004886648617684841,8.377533231396228e-05,0.0005256722215563059,0.0026297648437321186,0.002034261357039213,0.0019971899062511513,0
b0358,b0357,0,0.04640498012304306,0.18524211645126343,0.03316746652126312,0.18144570291042328,0.11300364881753922,0.21751731634140015,0.1101832166314125,0.12267202138900757,0.1508767455816269,0.159926638007164,0.13204398527741432,0
b0357,b0356,1,0.9945023059844971,0.9924233555793762,0.9765247702598572,0.9876938462257385,0.9689675569534302,0.9914785027503967,0.9987186789512634,0.9823045134544373,0.9960849285125732,0.9890652298927307,0.98777636885643,1
b0356,b0355,1,0.9002513289451599,0.8927803039550781,0.634778618812561,0.9017953276634216,0.7852631211280823,0.7850932478904724,0.5597314238548279,0.8614680767059326,0.8641384840011597,0.786142110824585,0.797144204378128,1
b0355,b0346,0,6.222340016392991e-05,8.922476263251156e-05,0.00351884588599205,0.0001439553452655673,0.0013493436854332685,0.0009958341252058744,1.49100587805151e-05,0.00029528545564971864,0.0002293601428391412,0.00039232184644788504,0.0007091304708410461,0
b0346,b0345,1,0.9778194427490234,0.9763190746307373,0.7546381950378418,0.9732608199119568,0.9298643469810486,0.9528152346611023,0.9153662323951721,0.9386788606643677,0.9714667201042175,0.9741840362548828,0.9364412963390351,1
b0345,b0344,0,0.9463068842887878,0.8280255794525146,0.6337025165557861,0.8971395492553711,0.8017547726631165,0.6978564858436584,0.7031459808349609,0.7650092840194702,0.9208140969276428,0.8659990429878235,0.8059754192829132,1
b0344,b0343,1,0.9973798394203186,0.9829652309417725,0.9657028317451477,0.9686664938926697,0.9303735494613647,0.9237802624702454,0.9939870238304138,0.8893488645553589,0.976819634437561,0.9583300352096558,0.9587353765964508,1
b0343,b0342,1,0.9856277704238892,0.9704900979995728,0.9452248215675354,0.9649969935417175,0.9381226301193237,0.9708104729652405,0.9947967529296875,0.9579304456710815,0.9847152829170227,0.9576746821403503,0.9670389950275421,1
b0342,b0338,0,0.0006656527984887362,0.0005516543751582503,6.857670086901635e-05,0.0016842634649947286,0.00215914542786777,0.0040948353707790375,0.00011629953951342031,0.000935459800530225,0.0028260559774935246,0.000975316041149199,0.0014077259496843909,0
b0338,b0330,0,5.4411168093793094e-05,4.554912447929382e-05,2.3863899514253717e-06,0.00010907774412771687,0.0005434508202597499,0.0006839024717919528,2.427525714665535e-06,5.322753713699058e-05,0.0001525271509308368,0.00013788086653221399,0.00017848407990186387,0
b0330,b0328,0,0.02156389132142067,0.018521631136536598,0.04262885823845863,0.05211684852838516,0.10023564100265503,0.035308342427015305,0.0321282334625721,0.02257198467850685,0.03789551183581352,0.03077881410717964,0.039374975673854354,0
b0328,b0317,0,1.2940537999384105e-05,3.258555807406083e-05,5.110005440656096e-05,0.00010031889542005956,0.00047013600124046206,0.00044650796917267144,1.7942583099284093e-06,3.073998959735036e-05,0.0003646142431534827,0.00011441799870226532,0.00016251555060762258,0
b0317,b0316,0,0.7341337203979492,0.7692120671272278,0.20522122085094452,0.7701592445373535,0.7043442130088806,0.8109731078147888,0.525646448135376,0.7019264101982117,0.6733476519584656,0.8563336730003357,0.6751297757029533,1
b0316,b0313,0,3.919459049939178e-05,9.46081054280512e-05,0.00014755777374375612,0.000293371151201427,0.0009645356913097203,0.0007160528912208974,5.472547400131589e-06,0.00013367673091124743,0.00045380176743492484,0.00021788899903185666,0.00030661602481814044,0
b0313,b0312,1,0.9974358677864075,0.9868927597999573,0.9840215444564819,0.9843164086341858,0.9377341866493225,0.9667671322822571,0.996082067489624,0.9812270998954773,0.9821338653564453,0.9580623507499695,0.9774673283100128,1
b0312,b0311,1,0.9917656779289246,0.9943154454231262,0.9729043245315552,0.9885179400444031,0.9736772179603577,0.9863408207893372,0.9962097406387329,0.9857685565948486,0.9942677021026611,0.9863412976264954,0.9870108723640442,1
b0311,b0310,0,0.5751831531524658,0.7073848247528076,0.8954603672027588,0.5743989944458008,0.4102436602115631,0.4461052417755127,0.5000042915344238,0.5844171047210693,0.6024836301803589,0.5641307830810547,0.5859812051057816,1
b0310,b0304,0,5.4623018513666466e-05,0.00035986441071145236,4.6807890612399206e-05,0.0002656404976733029,0.0007254781667143106,0.0015969373052939773,0.00015108197112567723,0.00013606384163722396,0.0006128723034635186,0.00018741318490356207,0.00041367825906490907,0
b0304,b0303,0,0.5233044624328613,0.686703622341156,0.7595418691635132,0.5676769018173218,0.44319602847099304,0.5557253360748291,0.5581379532814026,0.4463362991809845,0.6712456941604614,0.6657238006591797,0.5877591967582703,1
b0303,b0301,1,0.8103601932525635,0.8710347414016724,0.5850647687911987,0.9211283326148987,0.817865252494812,0.9277112483978271,0.9318690896034241,0.8973346948623657,0.9056132435798645,0.8907492160797119,0.8558730781078339,1
b0296,b4506,1,0.9957523941993713,0.9902275204658508,0.994446873664856,0.9768933057785034,0.9864793419837952,0.9879934787750244,0.9965581297874451,0.9831491112709045,0.9984961748123169,0.9938355684280396,0.9903831899166107,1
b4506,b0294,0,0.00041586943552829325,0.00035478235804475844,0.0010882278438657522,0.0013903415529057384,0.0023166751489043236,0.004385292064398527,0.00031232001492753625,0.0006676401826553047,0.002429983112961054,0.0007398778107017279,0.0014101009524893015,0
b0294,b0293,0,0.8835931420326233,0.6195504069328308,0.37162426114082336,0.7664334177970886,0.582168698310852,0.7127770781517029,0.7834603190422058,0.7839417457580566,0.7179831862449646,0.8247115612030029,0.7046243816614151,1
b0293,b0292,1,0.9703744053840637,0.8854681849479675,0.5373314619064331,0.9139814376831055,0.7662036418914795,0.9116836190223694,0.9061840176582336,0.9098839163780212,0.9092919826507568,0.8639557957649231,0.8574358463287354,1
b0292,b0291,1,0.9813000559806824,0.9638186097145081,0.9880211353302002,0.9593245983123779,0.9315974116325378,0.9578542113304138,0.9934412240982056,0.9414300322532654,0.9620746374130249,0.9693698287010193,0.9648231744766236,1
b0291,b0290,1,0.9971767663955688,0.9963605999946594,0.996399462223053,0.9748108386993408,0.9873983860015869,0.9896823167800903,0.9969752430915833,0.984108567237854,0.9985122084617615,0.9949499368667603,0.9916374325752259,1
b0290,b0289,1,0.9968692064285278,0.9968571066856384,0.9963567852973938,0.9753048419952393,0.9891998767852783,0.990978479385376,0.9955809712409973,0.9853892922401428,0.998857319355011,0.9959011077880859,0.9921294987201691,1
b0289,b0288,0,0.4141309857368469,0.412334680557251,0.11397884041070938,0.4251781702041626,0.19959035515785217,0.37985414266586304,0.28996405005455017,0.3890429437160492,0.3200983703136444,0.23885959386825562,0.31830321326851846,0
b0288,b0286,0,0.0002390963927609846,0.0010601666290313005,0.0007547228597104549,0.0022716009989380836,0.0036572255194187164,0.002325626090168953,0.00015305484703276306,0.0004223109863232821,0.0020196347031742334,0.0019314682576805353,0.0014834907284239306,0
b0286,b0285,1,0.9969759583473206,0.9968667030334473,0.996226966381073,0.9807764887809753,0.986275315284729,0.9867287874221802,0.9979066252708435,0.9882899522781372,0.998284101486206,0.9942243099212646,0.9922555208206176,1
b0285,b0284,1,0.9969367384910583,0.9969421625137329,0.9960747957229614,0.9811821579933167,0.9831636548042297,0.985120952129364,0.9985306859016418,0.9891769289970398,0.9979320764541626,0.9932873845100403,0.9918347537517548,1
b0284,b0283,1,0.9964215159416199,0.988957941532135,0.9845715761184692,0.9820597767829895,0.961601734161377,0.9852386713027954,0.994240403175354,0.9759764671325684,0.9880298376083374,0.9768363833427429,0.9833934307098389,1
b0283,b0281,0,0.09444043040275574,0.051585305482149124,0.020219948142766953,0.14516428112983704,0.13963660597801208,0.32013994455337524,0.022777657955884933,0.12740802764892578,0.09230881184339523,0.18321527540683746,0.11968962885439396,0
b0281,b0280,0,0.637715220451355,0.7817479372024536,0.054034244269132614,0.7876448631286621,0.7249664068222046,0.790435254573822,0.5333901047706604,0.5943523645401001,0.713942289352417,0.8401800394058228,0.645840872451663,1
b0280,b0279,0,0.6750171184539795,0.2038697600364685,0.10708403587341309,0.3203965723514557,0.2082841694355011,0.3347957134246826,0.09494125843048096,0.4826725423336029,0.3574482202529907,0.1447587013244629,0.2929268091917038,0
b0279,b0278,1,0.948864758014679,0.8631548285484314,0.9615904688835144,0.8704010844230652,0.851474404335022,0.9111530184745789,0.8921206593513489,0.8607141375541687,0.8768866658210754,0.9008347392082214,0.8937194764614105,1
b0278,b0277,0,0.33561936020851135,0.4656188488006592,0.11950556933879852,0.40489938855171204,0.21482370793819427,0.5147181749343872,0.1749337911605835,0.3189423084259033,0.4495188891887665,0.16191710531711578,0.3160497143864632,0
b0273,b0272,0,0.24444891512393951,0.25244438648223877,0.03740226849913597,0.3445032835006714,0.4109581708908081,0.25802403688430786,0.23028534650802612,0.09184710681438446,0.28128695487976074,0.35046955943107605,0.2501670029014349,0
b0272,b0267,0,7.3381779657211155e-06,8.577811240684241e-05,1.2077688552381005e-05,0.0001230496127391234,0.00045080631389282644,0.0007341662421822548,1.9635683656815672e-06,6.112911069067195e-05,0.00030248850816860795,6.283386755967513e-05,0.00018416312025237858,0
b0254,b0253,0,0.7694458961486816,0.8034205436706543,0.42451348900794983,0.7612211108207703,0.6201717257499695,0.8969088196754456,0.9258602261543274,0.8041199445724487,0.7424188852310181,0.7024105787277222,0.7450491219758988,1
b0253,b0252,0,0.9904245734214783,0.9778339266777039,0.9390860199928284,0.9775906205177307,0.9584816694259644,0.9739871621131897,0.9884538054466248,0.9736995100975037,0.983206033706665,0.9752241373062134,0.9737987458705902,1
b0250,b0249,0,0.26682114601135254,0.12270087748765945,0.21298262476921082,0.28817880153656006,0.4253995418548584,0.28976336121559143,0.07309464365243912,0.16457070410251617,0.3088115155696869,0.23255504667758942,0.23848782628774642,0
b0249,b0248,1,0.9531838297843933,0.9157459139823914,0.8960734009742737,0.908680260181427,0.7449473142623901,0.9226714372634888,0.6869486570358276,0.9161117076873779,0.8817554712295532,0.88913893699646,0.8715256929397583,1
b0248,b0247,1,0.9970303773880005,0.9807584881782532,0.904241681098938,0.9839062094688416,0.9673116207122803,0.9787614345550537,0.9908854961395264,0.9756321310997009,0.9878678321838379,0.9758999943733215,0.9742295265197753,1
b0247,b4504,1,0.9956281185150146,0.9898571372032166,0.978689968585968,0.9637554287910461,0.9515801668167114,0.9792046546936035,0.9924737811088562,0.9747037887573242,0.9895415902137756,0.9745374917984009,0.9789972126483917,1
b4504,b0246,1,0.9651849865913391,0.9710500240325928,0.910918653011322,0.958976149559021,0.9060972332954407,0.9484926462173462,0.9869549870491028,0.9470823407173157,0.9563657641410828,0.9576767683029175,0.9508799552917481,1
b0246,b0245,1,0.9954863786697388,0.9864054918289185,0.9594826102256775,0.9586279988288879,0.9140267372131348,0.9401804804801941,0.9240493774414062,0.9326322674751282,0.9769936800003052,0.9658928513526917,0.9553777873516083,1
b0245,b0241,0,5.314451118465513e-05,0.00034969308762811124,0.0002992563240695745,0.0004828973615076393,0.0009390590712428093,0.001368186087347567,7.429809920722619e-05,0.00020252590184099972,0.0010667304741218686,0.00021359612583182752,0.0005049387043982278,0
b0241,b0237,0,0.0008071189513429999,0.0019079906633123755,5.977672481094487e-05,0.005124084185808897,0.006766465026885271,0.01448736060410738,0.0003981530899181962,0.001061634044162929,0.0028396309353411198,0.003935633227229118,0.003738784745291923,0
b0237,b0226,0,0.0031305577140301466,0.0017576506361365318,0.005522912833839655,0.006199981551617384,0.019190240651369095,0.008079138584434986,0.0027963118627667427,0.00890285149216652,0.0038383151404559612,0.015712466090917587,0.007513042655773461,0
b0226,b0225,1,0.997957170009613,0.9966409206390381,0.9909198880195618,0.9950776696205139,0.9832925796508789,0.9913201928138733,0.9968937039375305,0.9935578107833862,0.9977918863296509,0.9883464574813843,0.9931798279285431,1
b0225,b0224,0,0.282160222530365,0.2085481584072113,0.16599182784557343,0.21686440706253052,0.15278157591819763,0.30324581265449524,0.07286863029003143,0.3125617504119873,0.2947065234184265,0.21991956233978271,0.2229648470878601,0
b0224,b0221,0,0.0006432035588659346,0.002900576451793313,0.0035902864765375853,0.004925912711769342,0.012266861274838448,0.0070330980233848095,0.0009652205626480281,0.002181383315473795,0.009782993234694004,0.002568115945905447,0.004685765155591071,0
b0221,b0219,0,0.014212600886821747,0.011175839230418205,0.011823867447674274,0.03382592275738716,0.1427619755268097,0.025463562458753586,0.036396775394678116,0.017126094549894333,0.03673268109560013,0.015766767784953117,0.03452860871329903,0
b0219,b4586,0,0.03083466738462448,0.010751130990684032,0.012926701456308365,0.026627060025930405,0.050960518419742584,0.06766696274280548,0.0028325512539595366,0.044846873730421066,0.03762976452708244,0.01932160183787346,0.030439783236943185,0
b4586,b0214,0,3.128512980765663e-05,0.00016166677232831717,0.00013747834600508213,0.0004460004565771669,0.001153424964286387,0.0015882485313341022,7.31986665414297e-06,7.664607983315364e-05,0.00044169038301333785,0.0006104733911342919,0.0004654233920973638,0
b0214,b0212,0,0.13483135402202606,0.18175704777240753,0.003192223608493805,0.24927864968776703,0.09863001853227615,0.23192985355854034,0.264107882976532,0.2849172353744507,0.31170356273651123,0.09091592580080032,0.18512637540698051,0
b0212,b0211,0,0.8552851676940918,0.7026586532592773,0.3234833776950836,0.8089048266410828,0.8543268442153931,0.7418848872184753,0.5593461990356445,0.6677947640419006,0.7619703412055969,0.8627814650535583,0.7138436526060105,1
b0211,b0208,0,0.006708106026053429,0.006172867491841316,0.002472350373864174,0.022108400240540504,0.03084578923881054,0.022332144901156425,0.0020707733929157257,0.009424163959920406,0.03445274010300636,0.007644314784556627,0.014423165051266552,0
b0208,b0199,0,2.7217858587391675e-05,7.694948726566508e-05,3.775410004891455e-05,0.00019130780128762126,0.0005253339768387377,0.0004847772070206702,5.838191555085359e-06,6.687978748232126e-05,0.0003292939509265125,9.805356967262924e-05,0.0001843405930685549,0
b0199,b0198,1,0.9947026968002319,0.992898166179657,0.9898027777671814,0.9693288207054138,0.979145348072052,0.9843071103096008,0.9963485598564148,0.9737867116928101,0.9960694909095764,0.9914851188659668,0.9867874801158905,1
b0198,b0197,1,0.9872021079063416,0.9817785024642944,0.9720128774642944,0.9701117277145386,0.9412770867347717,0.9816957712173462,0.9877657890319824,0.9606112241744995,0.9794321060180664,0.9810072779655457,0.9742894470691681,1
b0197,b0196,0,0.3792273700237274,0.4144415557384491,0.24855804443359375,0.6421323418617249,0.6277799010276794,0.4765220582485199,0.28870999813079834,0.21467182040214539,0.5872008204460144,0.7074470520019531,0.45866909623146057,0
b0196,b0195,1,0.9952511191368103,0.9949594140052795,0.9919406771659851,0.987994909286499,0.9870693683624268,0.984405517578125,0.9975311160087585,0.9873190522193909,0.9977127909660339,0.9934656620025635,0.9917649626731873,1
b0195,b0194,0,0.6859397292137146,0.7264912724494934,0.23816904425621033,0.7187425494194031,0.7346312999725342,0.8438274264335632,0.4467093050479889,0.714061439037323,0.6605989933013916,0.8466236591339111,0.6615794718265533,1
b0194,b0193,0,0.9921070337295532,0.9783797264099121,0.9927935004234314,0.9736235737800598,0.9363231658935547,0.9871723055839539,0.9731370806694031,0.9850168228149414,0.9852520227432251,0.9794657230377197,0.9783270955085754,1
b0193,b4406,0,0.00018927420023828745,0.0016880111070349813,0.00010641130211297423,0.0013188380980864167,0.001833603484556079,0.0026563256978988647,0.00018786297005135566,0.000504346564412117,0.0006994551513344049,0.0007254200172610581,0.000990954859298654,0
b4406,b0189,1,0.9952031970024109,0.996318519115448,0.9899232983589172,0.9866620898246765,0.9839364886283875,0.9861088991165161,0.9977037310600281,0.9875925183296204,0.9974112510681152,0.992756724357605,0.9913616716861725,1
b0189,b0168,0,4.618439561454579e-05,7.75327134761028e-05,7.106221164576709e-05,0.00012261996744200587,0.0007902602083049715,0.0005336394533514977,1.8661246485862648e-06,9.641753422329202e-05,0.0001548588916193694,0.00035752615076489747,0.00022519676510910359,0
b0168,b0167,1,0.9951143264770508,0.9533509612083435,0.9765709042549133,0.9705020189285278,0.9597753882408142,0.9699465036392212,0.9742699861526489,0.9762364029884338,0.9838233590126038,0.9598137140274048,0.9719403564929963,1
b0167,b0166,0,0.6297851204872131,0.41294097900390625,0.09518703818321228,0.6052898168563843,0.4966523051261902,0.5118099451065063,0.5588815808296204,0.6179234385490417,0.5498977303504944,0.6904371976852417,0.5168805152177811,1
b0166,b0164,0,0.9213812351226807,0.937402069568634,0.6917338371276855,0.9500323534011841,0.8981425166130066,0.8096927404403687,0.9515350461006165,0.8952519297599792,0.9455901980400085,0.8939605951309204,0.8894722521305084,1
b0164,b0163,0,0.3455946445465088,0.2803783714771271,0.19357456266880035,0.45003533363342285,0.2899026870727539,0.4223545491695404,0.09657921642065048,0.35382646322250366,0.3524508476257324,0.4386674165725708,0.3223364092409611,0
b0163,b0159,0,2.1408146494650282e-05,4.9582675273995847e-05,0.00019918031466659158,0.0003175659803673625,0.0012629992561414838,0.001538208918645978,4.376953256723937e-06,0.0001461762876715511,0.0005809186259284616,0.0003654763859231025,0.0004485893544369901,0
b0159,b0158,1,0.9971194863319397,0.9932858943939209,0.9896342754364014,0.9915646910667419,0.99052494764328,0.9892539381980896,0.9948320984840393,0.9918818473815918,0.9972088932991028,0.9936076998710632,0.992891377210617,1
b0158,b0157,1,0.9932551980018616,0.9853243827819824,0.9681733250617981,0.9761130809783936,0.9390823245048523,0.9714255928993225,0.9929777383804321,0.9401201009750366,0.9835954308509827,0.9715979099273682,0.972166508436203,1
b0157,b0154,0,0.0014434464974328876,0.0013794212136417627,0.00010151660535484552,0.004998035728931427,0.0064160022884607315,0.010879413224756718,0.00023525422147940844,0.0014518165262416005,0.0029490396846085787,0.005027943756431341,0.00348818897473393,0
b0154,b0147,0,2.979194323415868e-05,9.301296813646331e-05,0.0001589497842360288,0.0003637677291408181,0.0007651607156731188,0.0007314771646633744,8.262679330073297e-06,0.00017578413826413453,0.000626663735602051,0.0002793869352899492,0.00032322577935701703,0
b0147,b0146,1,0.9232831597328186,0.8046616911888123,0.5113041400909424,0.899124026298523,0.8413558602333069,0.921200156211853,0.9364083409309387,0.916989266872406,0.8792300224304199,0.941885232925415,0.8575441896915436,1
b0146,b0145,1,0.5678956508636475,0.7029393315315247,0.1591774821281433,0.6885361075401306,0.5140708088874817,0.8334871530532837,0.7717980742454529,0.6211998462677002,0.635387659072876,0.7413108944892883,0.6235803008079529,1
b0145,b0144,1,0.9852167963981628,0.7516503930091858,0.8518654108047485,0.9677174687385559,0.9019467830657959,0.872653603553772,0.9463504552841187,0.7813073992729187,0.9587523341178894,0.82621830701828,0.8843678951263427,1
b0144,b0143,0,0.8932488560676575,0.829166829586029,0.6126431226730347,0.8548532128334045,0.8137386441230774,0.8629983067512512,0.8852769136428833,0.8772740364074707,0.8367949724197388,0.9397292137145996,0.8405724108219147,1
b0143,b0142,1,0.995713472366333,0.9898000955581665,0.994389533996582,0.9843763709068298,0.9892416596412659,0.9904211163520813,0.993769109249115,0.9867211580276489,0.9967895746231079,0.9948830604553223,0.9916105151176453,1
b0142,b0141,0,0.2779163718223572,0.14044566452503204,0.11540961265563965,0.15100395679473877,0.12926623225212097,0.08769254386425018,0.06550304591655731,0.21668536961078644,0.15799184143543243,0.08114754408597946,0.14230621829628945,0
b0141,b0140,0,0.8572867512702942,0.838296115398407,0.9051578640937805,0.8620753288269043,0.6687578558921814,0.925781786441803,0.9530413746833801,0.7778404951095581,0.7678395509719849,0.8425660729408264,0.839864319562912,1
b0140,b0139,1,0.9835985898971558,0.9778456687927246,0.9735745787620544,0.9640284776687622,0.909139096736908,0.9770482182502747,0.9965146780014038,0.9576796293258667,0.9654646515846252,0.9459424614906311,0.9650836050510406,1
b0139,b0138,1,0.9890733361244202,0.9901445508003235,0.9588565826416016,0.9797906279563904,0.9691130518913269,0.9797914624214172,0.9806174039840698,0.9703011512756348,0.9901537299156189,0.9812514185905457,0.9789093315601349,1
b0138,b0137,0,0.9896605014801025,0.9825787544250488,0.9577944874763489,0.9720752835273743,0.9267087578773499,0.9673620462417603,0.9888913631439209,0.9681331515312195,0.9651211500167847,0.9319360852241516,0.9650261580944062,1
b0137,b0136,1,0.9964022636413574,0.9802626371383667,0.9861319661140442,0.9675754308700562,0.9101521372795105,0.9788711071014404,0.9909148216247559,0.967235267162323,0.9705991148948669,0.9390653371810913,0.9687210083007812,1
b0136,b0135,0,0.9875559210777283,0.9609217047691345,0.8538740873336792,0.9338130950927734,0.8281081914901733,0.970744788646698,0.962984561920166,0.9714846611022949,0.9440980553627014,0.9278528690338135,0.9341437935829162,1
b0135,b0134,0,0.4546201825141907,0.3491310179233551,0.046383265405893326,0.49020513892173767,0.4695384204387665,0.3868057429790497,0.13590358197689056,0.46972599625587463,0.46970370411872864,0.5327872633934021,0.38048043139278886,0
b0134,b0133,1,0.9965668320655823,0.9965463876724243,0.995672881603241,0.9887571930885315,0.9745778441429138,0.9946151971817017,0.9976614117622375,0.987139880657196,0.9970227479934692,0.9908127784729004,0.9919373154640198,1
b0133,b0131,0,0.15316495299339294,0.08113769441843033,0.0952768623828888,0.1294184774160385,0.07218144088983536,0.19233755767345428,0.03348516300320625,0.21824568510055542,0.05403470620512962,0.06165969744324684,0.10909422375261783,0
b0124,b0122,0,0.0004297919222153723,0.0008226344943977892,0.0006719044758938253,0.0030334568582475185,0.021584950387477875,0.00294426828622818,0.0028330348432064056,0.0009098125156015158,0.007936814799904823,0.0007797286380082369,0.004194639722118154,0
b0122,b0121,1,0.6033923029899597,0.41356441378593445,0.5670047998428345,0.47283047437667847,0.4779796004295349,0.64778071641922,0.3373592793941498,0.5189557075500488,0.5560763478279114,0.6483365893363953,0.5243280231952667,1
b0121,b0120,1,0.9956238865852356,0.9939229488372803,0.9900507926940918,0.9834864139556885,0.9711074829101562,0.9907401204109192,0.9963464140892029,0.9848074316978455,0.9951996207237244,0.9887499213218689,0.9890035033226013,1
b0120,b0117,0,0.00015696592163294554,0.00039775631739757955,0.0005282453494146466,0.0007523538661189377,0.0021834580693393946,0.002051192568615079,0.00011001074744854122,0.000495211046654731,0.0021193751599639654,0.00042814030894078314,0.0009222709355526604,0
b0117,b0112,0,0.00013926057727076113,0.0009272388415411115,0.00016120850341394544,0.0006931743118911982,0.0010067856637760997,0.0018864772282540798,0.00032257207203656435,0.0002628157672006637,0.0009516077116131783,0.0002064736618194729,0.0006557614338817075,0
b0112,b0109,0,0.000898389087524265,0.0015223235823214054,0.0008742472855374217,0.0048735737800598145,0.014967684634029865,0.006987839005887508,0.016337459906935692,0.0009920104639604688,0.009859595447778702,0.0014451452298089862,0.005875826842384413,0
b0109,b0108,0,0.6338849663734436,0.5524904727935791,0.34765946865081787,0.4735625386238098,0.3246300220489502,0.3686246871948242,0.7854917645454407,0.7024490833282471,0.39424994587898254,0.3273107707500458,0.4910353720188141,0
b0108,b0107,0,0.9579142332077026,0.925345778465271,0.7771009802818298,0.9316178560256958,0.8876907825469971,0.961997389793396,0.8142526745796204,0.9105476140975952,0.9375668168067932,0.965366780757904,0.9069400906562806,1
b0107,b0106,1,0.9965417385101318,0.9960553646087646,0.9963636994361877,0.9771072268486023,0.9868127703666687,0.9875982999801636,0.997153103351593,0.9834277629852295,0.9982408285140991,0.9947431683540344,0.9914043962955474,1
b0106,b0103,0,0.0023692946415394545,0.005510185845196247,0.0009794123470783234,0.007301993668079376,0.019961174577474594,0.008679546415805817,0.0055653974413871765,0.0020720039028674364,0.0076233996078372,0.004481928888708353,0.006454433733597398,0
b0103,b0102,1,0.9963617920875549,0.9952412843704224,0.9950599074363708,0.9778278470039368,0.9804689884185791,0.987938642501831,0.9980340003967285,0.9834899306297302,0.9971540570259094,0.9926297664642334,0.9904206216335296,1
b0102,b0101,1,0.9956890344619751,0.9947649836540222,0.990073561668396,0.9863892793655396,0.9712211489677429,0.9831582903862,0.9848727583885193,0.9888612031936646,0.9947879910469055,0.9854910373687744,0.9875309288501739,1
b0101,b0075,0,7.099207323335577e-06,2.1656445824191906e-05,1.929565769387409e-06,4.8200450692093e-05,0.0003257220087107271,0.00021489041682798415,4.0877515061765735e-07,2.3699316443526186e-05,6.486224447144195e-05,8.003501716302708e-05,7.88503448376332e-05,0
b0075,b0074,1,0.6342583894729614,0.21490474045276642,0.23048248887062073,0.3960634469985962,0.6578413248062134,0.5456680655479431,0.3233378529548645,0.3126619756221771,0.3702012598514557,0.6784589290618896,0.4363878473639488,0
b0074,b0073,1,0.9962102174758911,0.9966691732406616,0.996189534664154,0.9770010113716125,0.9868065118789673,0.9896085858345032,0.9971369504928589,0.9849191308021545,0.9983969926834106,0.9949401021003723,0.9917878210544586,1
b0073,b0072,1,0.9901893734931946,0.9891634583473206,0.983562707901001,0.9683883190155029,0.9498159885406494,0.9447981119155884,0.9965341687202454,0.9750516414642334,0.9827656745910645,0.9719706177711487,0.9752240061759949,1
b0072,b0071,1,0.9922922849655151,0.9872304201126099,0.9702048301696777,0.9700647592544556,0.9294198751449585,0.9643110036849976,0.9842403531074524,0.9682682752609253,0.9774956107139587,0.965168297290802,0.9708695709705353,1
b0071,b0069,0,0.0008086154703050852,0.001747926464304328,0.0014419456711038947,0.008747522719204426,0.01775692030787468,0.011683226563036442,0.005132506135851145,0.0022212478797882795,0.012294954620301723,0.0028046532534062862,0.006463951908517629,0
b0069,b0068,1,0.9744241237640381,0.8676138520240784,0.33896803855895996,0.9266466498374939,0.8690682649612427,0.8760389685630798,0.9655265808105469,0.867172122001648,0.9555272459983826,0.9282205700874329,0.8569206416606903,1
b0068,b0067,1,0.9940239787101746,0.9903038740158081,0.9871479868888855,0.9859039783477783,0.983590304851532,0.9806669354438782,0.9974492788314819,0.9793881177902222,0.9966340065002441,0.9925014972686768,0.9887609958648682,1
b0067,b0066,1,0.9936503171920776,0.9933636784553528,0.9926767349243164,0.9674208760261536,0.9845132827758789,0.9876462817192078,0.9951786398887634,0.9740563631057739,0.9978428483009338,0.9944427013397217,0.988079172372818,1
b0066,b0063,0,0.0001865650701802224,0.0006088075460866094,0.0008738653850741684,0.001166489557363093,0.003953662235289812,0.0020621696021407843,0.000571408832911402,0.00038004101952537894,0.0031784381717443466,0.0005258494638837874,0.0013507296884199605,0
b0063,b0062,1,0.9978222846984863,0.9883837103843689,0.9825827479362488,0.9683550596237183,0.9465447068214417,0.9805569052696228,0.9912570118904114,0.970495879650116,0.9784821271896362,0.9811556339263916,0.9785636067390442,1
b0062,b0061,1,0.9421286582946777,0.9236028790473938,0.5374377965927124,0.9226657152175903,0.8224786520004272,0.9137841463088989,0.9197752475738525,0.9268137216567993,0.9225927591323853,0.9098082780838013,0.8741087853908539,1
b0061,b0060,0,0.69646817445755,0.6144169569015503,0.6386773586273193,0.5053967833518982,0.7438179850578308,0.5139099359512329,0.4963797628879547,0.5077282190322876,0.5936700701713562,0.651604950428009,0.5962070196866989,1
b0060,b0059,0,0.9653536677360535,0.9260151386260986,0.6068740487098694,0.9021755456924438,0.9057917594909668,0.8983233571052551,0.8880073428153992,0.951624870300293,0.9285144805908203,0.9364083409309387,0.8909088551998139,1
b0059,b0058,1,0.9954870939254761,0.9953597784042358,0.9916502833366394,0.9913568496704102,0.985450029373169,0.9926010966300964,0.9945986866950989,0.9827298521995544,0.9980582594871521,0.9949093461036682,0.9922201275825501,1
b0058,b0054,0,0.0014974239747971296,0.0016639505047351122,9.963154298020527e-05,0.005898099392652512,0.009441988542675972,0.02217792719602585,2.7689156922861002e-05,0.0013385682832449675,0.005946898367255926,0.009897301904857159,0.005798947886614769,0
b0054,b0053,1,0.9970801472663879,0.9898990988731384,0.9762135148048401,0.9700904488563538,0.9468987584114075,0.9884641766548157,0.9941993951797485,0.9821513295173645,0.9893759489059448,0.9770261645317078,0.9811398983001709,1
b0053,b0052,1,0.9943907260894775,0.9912102222442627,0.9961439371109009,0.9875776767730713,0.9877848625183105,0.9852809309959412,0.9956129789352417,0.9850456118583679,0.9974617958068848,0.9933936595916748,0.9913902401924133,1
b0052,b0051,1,0.9938693046569824,0.9925375580787659,0.9829446077346802,0.9652022123336792,0.9719040393829346,0.9870889186859131,0.9963240027427673,0.9692624807357788,0.9943309426307678,0.9896682500839233,0.9843132317066192,1
b0051,b0050,1,0.9983540773391724,0.9954742789268494,0.9971308708190918,0.9921879768371582,0.9882531762123108,0.9946391582489014,0.9967291951179504,0.9920555949211121,0.9982679486274719,0.9943840503692627,0.9947476327419281,1
b0050,b0049,1,0.9896398186683655,0.9853858947753906,0.9863069653511047,0.9745320081710815,0.915720522403717,0.9702962040901184,0.9953294396400452,0.9767517447471619,0.973115861415863,0.940064549446106,0.9707143008708954,1
b0049,b0040,0,4.413894930621609e-05,5.1034898206125945e-05,0.00011022411490557715,0.00033398455707356334,0.0011937113013118505,0.002017213962972164,6.671998562524095e-06,0.00016672622587066144,0.000612528994679451,0.00029244122561067343,0.0004828676228498807,0
b0040,b0039,1,0.935992956161499,0.769618570804596,0.9053969979286194,0.802656888961792,0.6059800982475281,0.8765276670455933,0.9009518623352051,0.9215905666351318,0.8205357789993286,0.8325729370117188,0.8371824324131012,1
b0039,b0038,1,0.957766056060791,0.9603350162506104,0.9222436547279358,0.9730839133262634,0.8863071203231812,0.9479742050170898,0.9871970415115356,0.9533191323280334,0.9468235969543457,0.9221798777580261,0.9457229614257813,1
b0038,b0037,1,0.99515300989151,0.9880803823471069,0.9674122333526611,0.9793618321418762,0.9582081437110901,0.985232412815094,0.9971252083778381,0.9817987084388733,0.9927998781204224,0.9847739338874817,0.9829945743083954,1
b0037,b0036,1,0.9967130422592163,0.9390864372253418,0.9804103374481201,0.9356656074523926,0.8543892502784729,0.8920215964317322,0.9029038548469543,0.7958196997642517,0.9475583434104919,0.9050623774528503,0.9149630546569825,1
b0036,b0035,1,0.9610728025436401,0.9536102414131165,0.9163835048675537,0.9078166484832764,0.8893144726753235,0.8915665149688721,0.9378307461738586,0.8933899998664856,0.9252742528915405,0.934333086013794,0.9210592269897461,1
b0035,b0023,0,9.418220543011557e-06,3.720656968653202e-05,2.1287442564243975e-07,7.216262019937858e-05,0.0001959880319191143,0.00014098470273893327,2.903181439251057e-06,2.3296130166272633e-05,7.473040750483051e-05,3.08121889247559e-05,5.8771492754772224e-05,0
b0018,b4412,1,0.9953864216804504,0.9902006387710571,0.9958861470222473,0.9836890697479248,0.9846270084381104,0.986909806728363,0.9975051879882812,0.984752357006073,0.9978352189064026,0.9931820631027222,0.9909973919391633,1
b4412,b0013,0,5.046956630394561e-06,2.1094650946906768e-05,2.9791108318022452e-06,3.83645310648717e-05,0.00015689796418882906,0.00016959728964138776,4.6210951154534996e-07,2.0421992303454317e-05,9.876592230284587e-05,2.1014997400925495e-05,5.346455248229631e-05,0
b0013,b0011,1,0.7813870310783386,0.8286135792732239,0.9168904423713684,0.8589805364608765,0.7801516652107239,0.8828838467597961,0.9245175719261169,0.8853029608726501,0.844606339931488,0.8005502820014954,0.8503884255886078,1
b0011,b0010,0,0.3047873079776764,0.22350570559501648,0.11188170313835144,0.44282999634742737,0.24206849932670593,0.5516905188560486,0.44529980421066284,0.37087005376815796,0.299588680267334,0.4859040677547455,0.34784263372421265,0
b0010,b0007,0,0.00021051481598988175,0.0005495784571394324,0.0007409946992993355,0.0017738273600116372,0.004403061233460903,0.0036969485227018595,3.8253107049968094e-05,0.0003881637821905315,0.0022386719938367605,0.0016373542603105307,0.0015677368231990841,0
b0007,b0006,0,0.9086679816246033,0.7047438621520996,0.8475221395492554,0.6947749257087708,0.8809171915054321,0.7244008779525757,0.5311846733093262,0.8145503401756287,0.8013736605644226,0.7070000767707825,0.7615135729312896,1
b0006,b4401,0,1.9991663066321053e-05,0.00012342212721705437,9.92337882053107e-05,0.00017839322390500456,0.00045948964543640614,0.0004028537077829242,9.36679498408921e-06,6.825466698501259e-05,0.00025020178873091936,0.00015529051597695798,0.000176649792229,0
