name_1,name_2,true,prob_0,prob_1,prob_2,prob_3,prob_4,prob_5,prob_6,prob_7,prob_8,prob_9,prob,pred
PBPR_RS00045,PBPR_RS00050,1,0.9761940836906433,0.9721850156784058,0.9630041122436523,0.9784291982650757,0.9455852508544922,0.95484858751297,0.9795500040054321,0.9461033344268799,0.9727563261985779,0.9047399759292603,0.9593395888805389,1
PBPR_RS00050,PBPR_RS00055,1,0.9662248492240906,0.9594205617904663,0.9490083456039429,0.9372158050537109,0.9392982721328735,0.9415024518966675,0.9829584360122681,0.9415494203567505,0.945004403591156,0.9459718465805054,0.9508154392242432,1
PBPR_RS00100,PBPR_RS00105,1,0.9893468618392944,0.9832125306129456,0.9807778000831604,0.9832236766815186,0.9681326746940613,0.9948462247848511,0.9820244908332825,0.9871156215667725,0.984421968460083,0.9883617758750916,0.9841463625431061,1
PBPR_RS00105,PBPR_RS00110,1,0.9747047424316406,0.9858903288841248,0.9804381132125854,0.9747335314750671,0.9666168689727783,0.9598327875137329,0.9959877729415894,0.978347897529602,0.9571232199668884,0.9537402987480164,0.9727415561676025,1
PBPR_RS00110,PBPR_RS00115,1,0.9651999473571777,0.9287945628166199,0.9610146880149841,0.8636742830276489,0.9313358664512634,0.9321152567863464,0.9443332552909851,0.958563506603241,0.9459221959114075,0.9258788824081421,0.9356832444667816,1
PBPR_RS00115,PBPR_RS00120,1,0.9919227361679077,0.9831833839416504,0.9815936088562012,0.9822054505348206,0.972343921661377,0.9941568374633789,0.9852567315101624,0.987066924571991,0.9834381937980652,0.9880771040916443,0.9849244892597199,1
PBPR_RS00120,PBPR_RS00125,0,0.9587580561637878,0.907658576965332,0.9212902784347534,0.9631503820419312,0.9442108273506165,0.9621006846427917,0.958473801612854,0.9509947896003723,0.9575626254081726,0.9570426344871521,0.9481242656707763,1
PBPR_RS00125,PBPR_RS00130,1,0.9884554743766785,0.9826867580413818,0.9799849987030029,0.9825291037559509,0.965630292892456,0.9945111274719238,0.9792364239692688,0.9865110516548157,0.9844658374786377,0.9879022240638733,0.983191329240799,1
PBPR_RS00155,PBPR_RS00160,1,0.9878690242767334,0.9802387952804565,0.9865426421165466,0.9902992844581604,0.9697285294532776,0.9724388718605042,0.9945974349975586,0.9830915927886963,0.9534420967102051,0.9832738041877747,0.9801522076129914,1
PBPR_RS00160,PBPR_RS00165,1,0.9659380316734314,0.9671289324760437,0.9764732122421265,0.9298182129859924,0.9432881474494934,0.9274833798408508,0.9894849061965942,0.9211843609809875,0.8871622681617737,0.9432640671730042,0.9451225519180297,1
PBPR_RS00165,PBPR_RS00170,1,0.8469152450561523,0.9397214651107788,0.9430950284004211,0.954156756401062,0.8724310398101807,0.8959030508995056,0.9776595234870911,0.8095399141311646,0.8974687457084656,0.8057286739349365,0.8942619442939759,1
PBPR_RS00170,PBPR_RS00175,0,0.9730792045593262,0.9715756773948669,0.9683742523193359,0.9807018041610718,0.9662570357322693,0.9560766816139221,0.9865994453430176,0.9607219696044922,0.9631413221359253,0.9028580784797668,0.9629385471343994,1
PBPR_RS00175,PBPR_RS00180,1,0.6882586479187012,0.8491384983062744,0.768623411655426,0.7217801809310913,0.8242448568344116,0.7992138862609863,0.9021228551864624,0.6875882148742676,0.7282015085220337,0.7197918891906738,0.7688963949680329,1
PBPR_RS00200,PBPR_RS00205,1,0.8806581497192383,0.9377986788749695,0.9359405040740967,0.873781681060791,0.8754411339759827,0.9399661421775818,0.9851491451263428,0.8637660145759583,0.895355224609375,0.9199808835983276,0.9107837557792664,1
PBPR_RS00250,PBPR_RS00255,1,0.973834753036499,0.9697980880737305,0.947287917137146,0.9628093242645264,0.941379964351654,0.9534248113632202,0.9773986339569092,0.9618740677833557,0.9668202996253967,0.9668779373168945,0.9621505796909332,1
PBPR_RS00255,PBPR_RS00260,0,0.16450439393520355,0.23698826134204865,0.172681987285614,0.09222406893968582,0.3084598779678345,0.2858552932739258,0.1781196892261505,0.1277962177991867,0.11549531668424606,0.05732112005352974,0.17394462265074254,0
PBPR_RS00260,PBPR_RS00265,1,0.9918250441551208,0.981974184513092,0.9806142449378967,0.9826162457466125,0.9686782956123352,0.9926631450653076,0.9808511734008789,0.9858735203742981,0.984557032585144,0.9866676330566406,0.9836320519447327,1
PBPR_RS00340,PBPR_RS00345,1,0.8991053104400635,0.9288946390151978,0.9240816235542297,0.9686943292617798,0.8847501277923584,0.9498664736747742,0.8996795415878296,0.8098510503768921,0.9546931982040405,0.8203532099723816,0.9039969503879547,1
PBPR_RS00345,PBPR_RS00350,1,0.9753205180168152,0.9590281248092651,0.9518553018569946,0.9718557000160217,0.9288703799247742,0.9667015671730042,0.9744663834571838,0.9084240794181824,0.9681917428970337,0.876957893371582,0.9481671690940857,1
PBPR_RS00540,PBPR_RS00545,1,0.9878997802734375,0.9817306399345398,0.973988950252533,0.9819594621658325,0.9650366902351379,0.9815032482147217,0.9757243394851685,0.9691740274429321,0.9859107732772827,0.9754480719566345,0.977837598323822,1
PBPR_RS00545,PBPR_RS00550,1,0.9900057911872864,0.9838970303535461,0.9724796414375305,0.9829853177070618,0.9677810668945312,0.9807190895080566,0.9571754336357117,0.9772403836250305,0.9884554743766785,0.9910064935684204,0.9791745722293854,1
PBPR_RS00560,PBPR_RS00565,1,0.9580669403076172,0.8881633877754211,0.9302375316619873,0.9616312980651855,0.8557528853416443,0.9060347080230713,0.9465312957763672,0.8181489109992981,0.9126824736595154,0.9305373430252075,0.9107786774635315,1
PBPR_RS00600,PBPR_RS00605,1,0.9682396650314331,0.960343599319458,0.9430709481239319,0.9589046239852905,0.9584906101226807,0.9594361186027527,0.9333680868148804,0.973727822303772,0.9730985760688782,0.9590808153152466,0.9587760865688324,1
PBPR_RS00605,PBPR_RS00610,0,0.49638739228248596,0.6633490324020386,0.6127314567565918,0.7035002112388611,0.6913425326347351,0.5498241782188416,0.8000421524047852,0.409657746553421,0.7601391077041626,0.495216429233551,0.6182190239429474,1
PBPR_RS00610,PBPR_RS00615,1,0.989176332950592,0.9816449880599976,0.9840595126152039,0.9915466904640198,0.9785014390945435,0.9742321372032166,0.9972506165504456,0.9813175797462463,0.9747107625007629,0.9793614745140076,0.9831801533699036,1
PBPR_RS00615,PBPR_RS00620,1,0.9849773645401001,0.9896365404129028,0.9938758015632629,0.9924394488334656,0.980660617351532,0.9655116200447083,0.9979733228683472,0.986603319644928,0.9626343846321106,0.9788366556167603,0.9833149075508117,1
PBPR_RS00650,PBPR_RS00655,1,0.2613195776939392,0.48754143714904785,0.657696008682251,0.41920238733291626,0.6253387928009033,0.5024488568305969,0.582176923751831,0.42669034004211426,0.22771014273166656,0.2945413589477539,0.448466582596302,0
PBPR_RS00755,PBPR_RS00760,1,0.17739985883235931,0.2447303682565689,0.41794535517692566,0.060921285301446915,0.14828738570213318,0.18974857032299042,0.29508376121520996,0.19198861718177795,0.06138541176915169,0.0777738094329834,0.18652644231915474,0
PBPR_RS00800,PBPR_RS00805,1,0.9446883797645569,0.9090673923492432,0.9349343776702881,0.9506994485855103,0.9478947520256042,0.8830037117004395,0.9554893970489502,0.9473825693130493,0.9082958698272705,0.8946837186813354,0.9276139616966248,1
PBPR_RS00830,PBPR_RS00835,1,0.9867164492607117,0.9790944457054138,0.9833405017852783,0.9780203700065613,0.9860784411430359,0.9772669672966003,0.9869990348815918,0.9881383180618286,0.9799036979675293,0.9837302565574646,0.9829288482666015,1
PBPR_RS00985,PBPR_RS00990,1,0.980622410774231,0.9562196135520935,0.9716073870658875,0.9760132431983948,0.950300931930542,0.9621791243553162,0.9872057437896729,0.9782033562660217,0.9728970527648926,0.9828664660453796,0.9718115329742432,1
PBPR_RS00990,PBPR_RS00995,1,0.9729315042495728,0.9564077258110046,0.9569470286369324,0.9749728441238403,0.9024063944816589,0.9286583065986633,0.9790966510772705,0.9179971218109131,0.9572967886924744,0.8600460886955261,0.9406760454177856,1
PBPR_RS01055,PBPR_RS01060,1,0.8516460657119751,0.910740315914154,0.9421970844268799,0.9004924893379211,0.9469318389892578,0.9213795065879822,0.9776703715324402,0.8435348868370056,0.9437392950057983,0.7214339971542358,0.895976585149765,1
PBPR_RS01090,PBPR_RS01095,1,0.9276847243309021,0.9715887308120728,0.9786696434020996,0.9681891202926636,0.9410198330879211,0.9471784234046936,0.9841349720954895,0.9305481314659119,0.9434835910797119,0.9298102259635925,0.9522307395935059,1
PBPR_RS01160,PBPR_RS01165,1,0.98102867603302,0.9836363792419434,0.9761289358139038,0.9812800884246826,0.9650191068649292,0.963543713092804,0.9946616888046265,0.9776124358177185,0.9643162488937378,0.9784309267997742,0.976565819978714,1
PBPR_RS01330,PBPR_RS01335,1,0.9743869304656982,0.9525432586669922,0.9463750123977661,0.9240114688873291,0.9481661319732666,0.957180380821228,0.9163038730621338,0.9441524147987366,0.975676417350769,0.9515464901924133,0.9490342378616333,1
PBPR_RS01360,PBPR_RS01365,1,0.9673346877098083,0.9628266096115112,0.9639973044395447,0.9701615571975708,0.9477687478065491,0.9316273927688599,0.9924949407577515,0.8941981196403503,0.9188805818557739,0.9038814306259155,0.9453171372413636,1
PBPR_RS01365,PBPR_RS01370,1,0.722373366355896,0.7286216020584106,0.5792334079742432,0.6753739714622498,0.7478093504905701,0.8244547247886658,0.7155656218528748,0.6285443902015686,0.6906275749206543,0.5678744912147522,0.6880478501319885,1
PBPR_RS01370,PBPR_RS01375,1,0.7616351842880249,0.8933194279670715,0.8524808287620544,0.8973104357719421,0.8322977423667908,0.8972147703170776,0.9089901447296143,0.7750197649002075,0.9330427050590515,0.8787125945091248,0.863002359867096,1
PBPR_RS01455,PBPR_RS01460,1,0.9836463332176208,0.9855391979217529,0.9823833703994751,0.9851388335227966,0.9766971468925476,0.9726641178131104,0.9972922205924988,0.9863857626914978,0.9688149690628052,0.9786784052848816,0.9817240357398986,1
PBPR_RS01460,PBPR_RS01465,1,0.5763236880302429,0.603849470615387,0.746459424495697,0.7200998067855835,0.7912450432777405,0.6259359121322632,0.6270993947982788,0.5200886130332947,0.6106650829315186,0.8200318217277527,0.6641798257827759,1
PBPR_RS01490,PBPR_RS01495,1,0.8081717491149902,0.8194641470909119,0.8762559294700623,0.631661057472229,0.821398913860321,0.8809528946876526,0.7528956532478333,0.6822048425674438,0.8494784235954285,0.7529864311218262,0.7875470042228698,1
PBPR_RS01550,PBPR_RS01555,1,0.9739164710044861,0.9209557175636292,0.9539105892181396,0.9486088752746582,0.8414032459259033,0.9580903649330139,0.8846814632415771,0.9581860899925232,0.9805802702903748,0.9363671541213989,0.9356700241565704,1
PBPR_RS01585,PBPR_RS01590,1,0.9883806109428406,0.9705557227134705,0.9715459942817688,0.9747667908668518,0.9550637602806091,0.978760838508606,0.9684715867042542,0.9710845351219177,0.985779345035553,0.9633560180664062,0.9727765202522278,1
PBPR_RS01590,PBPR_RS01595,1,0.7404187321662903,0.8044959306716919,0.8365240693092346,0.8632206320762634,0.9397929310798645,0.7572268843650818,0.9209573864936829,0.7393249869346619,0.6261450052261353,0.6086732745170593,0.7836779832839966,1
PBPR_RS01595,PBPR_RS01600,1,0.9914414882659912,0.9876525402069092,0.9929099678993225,0.9925033450126648,0.9790906310081482,0.9779337048530579,0.9969887733459473,0.989404022693634,0.9656535983085632,0.9845483303070068,0.9858126401901245,1
PBPR_RS01600,PBPR_RS01605,0,0.1182091012597084,0.14227987825870514,0.09452127665281296,0.015071848407387733,0.07526745647192001,0.12332816421985626,0.051175639033317566,0.09723123162984848,0.04471960291266441,0.01816508173942566,0.07799692805856466,0
PBPR_RS01605,PBPR_RS01610,1,0.6219422221183777,0.5659991502761841,0.7106286883354187,0.5235501527786255,0.7705769538879395,0.6763066053390503,0.805608332157135,0.5273118019104004,0.593961775302887,0.5535242557525635,0.6349409937858581,1
PBPR_RS01610,PBPR_RS01615,1,0.5216787457466125,0.8260059356689453,0.7052298784255981,0.688118040561676,0.7289451956748962,0.7452800273895264,0.7077801823616028,0.5413640737533569,0.8300442099571228,0.8208227157592773,0.7115269005298615,1
PBPR_RS01635,PBPR_RS01640,1,0.9822990298271179,0.9733917713165283,0.9826417565345764,0.9849575161933899,0.970485270023346,0.9471734762191772,0.9937150478363037,0.9809607267379761,0.9575009346008301,0.9594718217849731,0.9732597351074219,1
PBPR_RS01640,PBPR_RS01645,1,0.9823654294013977,0.9834749102592468,0.9876238107681274,0.9887143969535828,0.967522144317627,0.9565854072570801,0.9934214949607849,0.9736565351486206,0.9719709753990173,0.9748159646987915,0.9780151069164276,1
PBPR_RS01645,PBPR_RS01650,0,0.9693520069122314,0.9484822750091553,0.9806714057922363,0.9835037589073181,0.9624150395393372,0.9451770186424255,0.9866660237312317,0.9697635173797607,0.9567097425460815,0.959778904914856,0.9662519693374634,1
PBPR_RS01650,PBPR_RS01655,1,0.9806762933731079,0.9661926031112671,0.9844114184379578,0.9810076355934143,0.9692436456680298,0.9411851167678833,0.9928135275840759,0.9770479798316956,0.9652363061904907,0.9716964960098267,0.972951102256775,1
PBPR_RS01655,PBPR_RS01660,0,0.9738469123840332,0.9702485203742981,0.9821045994758606,0.9922539591789246,0.9686961770057678,0.9466726183891296,0.9826683402061462,0.950626015663147,0.9225242137908936,0.9589614272117615,0.9648602783679963,1
PBPR_RS01660,PBPR_RS01665,1,0.9846770167350769,0.9893928170204163,0.9913387894630432,0.9947967529296875,0.9799122214317322,0.9695070385932922,0.9974289536476135,0.9885693192481995,0.9674747586250305,0.982740044593811,0.9845837712287903,1
PBPR_RS01665,PBPR_RS01670,1,0.9678629636764526,0.9847660064697266,0.9844319224357605,0.949084997177124,0.9805117845535278,0.9728102684020996,0.9952342510223389,0.9550710916519165,0.9753915667533875,0.8750554919242859,0.964022034406662,1
PBPR_RS01670,PBPR_RS01675,1,0.9833448529243469,0.9859800338745117,0.9841066002845764,0.9895447492599487,0.9712039232254028,0.9636446833610535,0.9899377226829529,0.9833426475524902,0.9691014885902405,0.9750733375549316,0.9795280039310456,1
PBPR_RS01675,PBPR_RS01680,1,0.9923484921455383,0.9903210401535034,0.9914263486862183,0.9928550720214844,0.9856358766555786,0.9852884411811829,0.9976512789726257,0.9897118210792542,0.9817379117012024,0.9892211556434631,0.9896197438240051,1
PBPR_RS01690,PBPR_RS01695,1,0.9872179627418518,0.9843766093254089,0.9922087788581848,0.9911105036735535,0.9774913787841797,0.9740881323814392,0.9958691000938416,0.977294921875,0.9662548303604126,0.9818353652954102,0.9827747583389282,1
PBPR_RS01695,PBPR_RS01700,1,0.9540166854858398,0.9548265337944031,0.981055736541748,0.9616560339927673,0.9461879730224609,0.9305451512336731,0.9882647395133972,0.9745351672172546,0.933782160282135,0.9310946464538574,0.9555964827537536,1
PBPR_RS01700,PBPR_RS01705,1,0.982513964176178,0.9845876693725586,0.98004549741745,0.9905719757080078,0.9662846922874451,0.9525024890899658,0.9916844367980957,0.9655101299285889,0.9685301184654236,0.8986514806747437,0.9680882453918457,1
PBPR_RS01705,PBPR_RS01710,1,0.9759992957115173,0.9741849899291992,0.9574825763702393,0.9738950133323669,0.9552004337310791,0.9658845663070679,0.9775341749191284,0.9469932317733765,0.9620265960693359,0.9670403003692627,0.9656241178512573,1
PBPR_RS01710,PBPR_RS01715,1,0.9456969499588013,0.8699341416358948,0.9583691358566284,0.9416050910949707,0.9297391772270203,0.9225083589553833,0.9760074019432068,0.92726731300354,0.9282134771347046,0.8984639048576355,0.9297804951667785,1
PBPR_RS01715,PBPR_RS01720,1,0.9883212447166443,0.9858535528182983,0.9892720580101013,0.9878807067871094,0.983065128326416,0.974562406539917,0.998250424861908,0.990932047367096,0.9745242595672607,0.9832199215888977,0.9855881750583648,1
PBPR_RS01720,PBPR_RS01725,1,0.9302024841308594,0.9428362250328064,0.9758164882659912,0.9583436250686646,0.9225013852119446,0.8988888263702393,0.9741896390914917,0.9405654072761536,0.9492663741111755,0.8536636233329773,0.9346274077892304,1
PBPR_RS01725,PBPR_RS01730,0,0.9765906929969788,0.9478148221969604,0.9681417942047119,0.9892270565032959,0.9373689889907837,0.9414146542549133,0.9792535901069641,0.937893271446228,0.9395889639854431,0.9144980907440186,0.9531791925430297,1
PBPR_RS01730,PBPR_RS01735,1,0.9868999123573303,0.9852325320243835,0.9912288784980774,0.9842708706855774,0.9741342067718506,0.9691417813301086,0.9964260458946228,0.985020101070404,0.9734278917312622,0.9843142032623291,0.9830096423625946,1
PBPR_RS01735,PBPR_RS01740,1,0.9776465892791748,0.9730296730995178,0.9733364582061768,0.9870314598083496,0.9539680480957031,0.9511925578117371,0.9812626242637634,0.930820107460022,0.9716105461120605,0.8332942724227905,0.9533192336559295,1
PBPR_RS01740,PBPR_RS01745,1,0.4993954300880432,0.707024097442627,0.6930538415908813,0.7142021656036377,0.562237024307251,0.5243480801582336,0.629972517490387,0.5102139711380005,0.6694983839988708,0.578851044178009,0.6088796555995941,1
PBPR_RS01745,PBPR_RS01750,0,0.21620415151119232,0.3369092643260956,0.22267881035804749,0.12474136054515839,0.4494205415248871,0.38028115034103394,0.6235684752464294,0.4504997432231903,0.16372370719909668,0.39054423570632935,0.33585714399814603,0
PBPR_RS01750,PBPR_RS01755,1,0.8842669129371643,0.834039568901062,0.8725948929786682,0.9682993292808533,0.9103050231933594,0.8207963705062866,0.8941962718963623,0.7828617095947266,0.9411362409591675,0.7912450432777405,0.8699741363525391,1
PBPR_RS01755,PBPR_RS01760,1,0.9213220477104187,0.9429634809494019,0.9530172944068909,0.9830645322799683,0.951763391494751,0.9328362941741943,0.9800865054130554,0.9082221984863281,0.9507721066474915,0.6036421656608582,0.9127690017223358,1
PBPR_RS01760,PBPR_RS01765,1,0.8685997128486633,0.8572766184806824,0.8809019327163696,0.9176483750343323,0.9334732294082642,0.8926907181739807,0.9674181342124939,0.8711362481117249,0.8771407008171082,0.7736770510673523,0.8839962720870972,1
PBPR_RS01765,PBPR_RS01770,1,0.8721984028816223,0.9141614437103271,0.8827105164527893,0.9651448130607605,0.8623580932617188,0.8466217517852783,0.9359356164932251,0.7766568064689636,0.8302072286605835,0.8916100859642029,0.8777604758739471,1
PBPR_RS01945,PBPR_RS01950,1,0.9864509701728821,0.9811780452728271,0.9724516272544861,0.9811369180679321,0.9684579372406006,0.9817389845848083,0.9658265709877014,0.9797253608703613,0.9904007315635681,0.9806438088417053,0.9788010954856873,1
PBPR_RS01950,PBPR_RS01955,1,0.9725362658500671,0.969541609287262,0.9625976085662842,0.9759033918380737,0.9085448384284973,0.9492093324661255,0.9916500449180603,0.9005598425865173,0.9619728326797485,0.9654566049575806,0.9557972371578216,1
PBPR_RS01955,PBPR_RS01975,0,0.0029117322992533445,0.00344064855016768,0.0027704916428774595,0.0012681387597694993,0.022553760558366776,0.026934802532196045,0.031966958194971085,0.0054507143795490265,0.01077242475003004,0.0019407154759392142,0.011001038714312017,0
PBPR_RS01975,PBPR_RS01980,1,0.9124057292938232,0.9371073246002197,0.9330533146858215,0.8965237140655518,0.8679202198982239,0.8617932796478271,0.9125780463218689,0.7683737277984619,0.8748612403869629,0.9010452628135681,0.8865661859512329,1
PBPR_RS02035,PBPR_RS02040,1,0.48762261867523193,0.6788370609283447,0.6318132281303406,0.675724446773529,0.7802894115447998,0.6443880796432495,0.7974593043327332,0.566253662109375,0.5343440175056458,0.4683392345905304,0.626507106423378,1
PBPR_RS02185,PBPR_RS02190,1,0.9803740978240967,0.9673812985420227,0.9680094718933105,0.9555220007896423,0.9499324560165405,0.9506849646568298,0.9671606421470642,0.956818699836731,0.97626131772995,0.974375307559967,0.9646520256996155,1
PBPR_RS02250,PBPR_RS02255,1,0.8429030179977417,0.9198422431945801,0.9608861804008484,0.7385923266410828,0.9001215696334839,0.8677413463592529,0.951267421245575,0.8782227039337158,0.7634861469268799,0.8746578693389893,0.8697720825672149,1
PBPR_RS02255,PBPR_RS02265,0,0.007354865316301584,0.008771738037467003,0.004609935451298952,0.0006647437112405896,0.02798369713127613,0.038767147809267044,0.022326525300741196,0.010655038058757782,0.026734327897429466,0.0015584357315674424,0.014942645444534719,0
PBPR_RS02265,PBPR_RS02270,1,0.9854711890220642,0.9733271598815918,0.9735048413276672,0.9754064679145813,0.966359555721283,0.9706018567085266,0.9782539010047913,0.9772260785102844,0.9811215400695801,0.9763535261154175,0.9757626116275787,1
PBPR_RS02325,PBPR_RS02330,1,0.9656597971916199,0.9791626334190369,0.952875018119812,0.9859304428100586,0.9611251354217529,0.9562312364578247,0.9857205748558044,0.9452701807022095,0.9156703948974609,0.9528959393501282,0.9600541353225708,1
PBPR_RS02330,PBPR_RS02335,1,0.9897598624229431,0.9737992286682129,0.9780240654945374,0.9771828651428223,0.9707549214363098,0.9738519191741943,0.9771268367767334,0.9781978726387024,0.9847180843353271,0.9893528819084167,0.97927685379982,1
PBPR_RS02335,PBPR_RS02340,0,0.39208757877349854,0.5484846830368042,0.34107351303100586,0.3066469132900238,0.751380205154419,0.6151712536811829,0.4111044704914093,0.45479050278663635,0.5675979256629944,0.5239086747169495,0.49122457206249237,0
PBPR_RS02340,PBPR_RS02345,1,0.6621526479721069,0.924538254737854,0.7792479991912842,0.6530290842056274,0.8986602425575256,0.8654839992523193,0.7183602452278137,0.6010006666183472,0.9272929430007935,0.5846603512763977,0.7614426434040069,1
PBPR_RS02360,PBPR_RS02365,1,0.8059855699539185,0.8295441269874573,0.8444018959999084,0.9314182996749878,0.829795777797699,0.8595157265663147,0.8387545943260193,0.6267741322517395,0.7197965383529663,0.7509027123451233,0.8036889374256134,1
PBPR_RS02490,PBPR_RS02495,1,0.9870880842208862,0.9632109999656677,0.969157874584198,0.974509596824646,0.9470587372779846,0.9717369079589844,0.9703885316848755,0.9708969593048096,0.9821926355361938,0.9665587544441223,0.9702799081802368,1
PBPR_RS02545,PBPR_RS02550,1,0.9820378422737122,0.9714987874031067,0.9720555543899536,0.9771853089332581,0.9336354732513428,0.945884644985199,0.9876339435577393,0.9554004073143005,0.9613785743713379,0.9842662811279297,0.9670976817607879,1
PBPR_RS02770,PBPR_RS02775,1,0.7061863541603088,0.8525252342224121,0.7994078993797302,0.7410945892333984,0.8190484642982483,0.8338702321052551,0.8254634737968445,0.6931145191192627,0.7450456023216248,0.8492993712425232,0.7865055739879608,1
PBPR_RS02775,PBPR_RS02780,0,0.43120306730270386,0.5622873306274414,0.5255401134490967,0.6567339897155762,0.6071912050247192,0.5365567803382874,0.4444318115711212,0.3160760998725891,0.6769273281097412,0.49690788984298706,0.5253855615854264,1
PBPR_RS02780,PBPR_RS02785,1,0.6955134868621826,0.7545183897018433,0.7795984148979187,0.735668420791626,0.5657322406768799,0.7764407396316528,0.685200035572052,0.6253548860549927,0.7878715991973877,0.7197145223617554,0.7125612735748291,1
PBPR_RS02815,PBPR_RS02820,1,0.9794294238090515,0.9732939600944519,0.9726836085319519,0.9824795126914978,0.9530277252197266,0.9636320471763611,0.9834300875663757,0.949553370475769,0.9730247855186462,0.9482096433639526,0.9678764164447784,1
PBPR_RS02820,PBPR_RS02825,1,0.9546517729759216,0.9353095293045044,0.9403766393661499,0.8984531164169312,0.9280687570571899,0.9295414686203003,0.9487674236297607,0.9106312990188599,0.9445044994354248,0.8112119436264038,0.9201516449451447,1
PBPR_RS02905,PBPR_RS02910,1,0.8413076996803284,0.9136906862258911,0.9112982749938965,0.8451673984527588,0.8103459477424622,0.883790910243988,0.7847468256950378,0.769528329372406,0.9384718537330627,0.7382218241691589,0.8436569750308991,1
PBPR_RS02950,PBPR_RS02955,1,0.8784351944923401,0.8998721837997437,0.8922026753425598,0.9510241746902466,0.7981961965560913,0.8551979064941406,0.9085034728050232,0.7697777152061462,0.8663461208343506,0.7458062767982483,0.856536191701889,1
PBPR_RS02955,PBPR_RS02960,1,0.6769935488700867,0.8037816286087036,0.6629420518875122,0.4227512776851654,0.8405998349189758,0.7296233773231506,0.5347575545310974,0.5977287888526917,0.5246855020523071,0.5099722743034363,0.6303835839033127,1
PBPR_RS02975,PBPR_RS02980,1,0.9743675589561462,0.9628914594650269,0.9664520025253296,0.9809495210647583,0.9213208556175232,0.9361400604248047,0.9918373823165894,0.912903368473053,0.9316130876541138,0.9495682120323181,0.9528043508529663,1
PBPR_RS03005,PBPR_RS03010,1,0.9718264937400818,0.978003203868866,0.9808464646339417,0.9749436974525452,0.9680847525596619,0.9591882824897766,0.9386838674545288,0.9721345901489258,0.9868432283401489,0.9673600792884827,0.969791465997696,1
PBPR_RS03010,PBPR_RS03015,1,0.9607831239700317,0.9684049487113953,0.9810062646865845,0.9673203825950623,0.9448752999305725,0.9684380888938904,0.9342740178108215,0.9422091841697693,0.9819310903549194,0.9729628562927246,0.9622205257415771,1
PBPR_RS03015,PBPR_RS03020,0,0.08360439538955688,0.20009589195251465,0.15236613154411316,0.06059501692652702,0.13893726468086243,0.17497314512729645,0.1536981463432312,0.11246510595083237,0.0954437255859375,0.09428650885820389,0.12664653323590755,0
PBPR_RS03020,PBPR_RS03025,1,0.9883740544319153,0.9805991649627686,0.984241783618927,0.9830513000488281,0.9563794732093811,0.9668834209442139,0.9931304454803467,0.976970374584198,0.9803775548934937,0.9886197447776794,0.9798627316951751,1
PBPR_RS03035,PBPR_RS03040,1,0.945253849029541,0.9424441456794739,0.9398790597915649,0.9549728035926819,0.8730880618095398,0.9301910996437073,0.9788064360618591,0.881662130355835,0.9478176832199097,0.8550283312797546,0.9249143600463867,1
PBPR_RS03105,PBPR_RS03110,1,0.9682020545005798,0.9698399901390076,0.9682301878929138,0.9811985492706299,0.9540558457374573,0.9550673365592957,0.9771827459335327,0.9675350785255432,0.9601218104362488,0.9598404765129089,0.9661274075508117,1
PBPR_RS03110,PBPR_RS03115,1,0.9173834323883057,0.952724277973175,0.9340375661849976,0.8721426725387573,0.9543854594230652,0.9443197250366211,0.9611105918884277,0.8231154084205627,0.9612545371055603,0.6813040375709534,0.9001777708530426,1
PBPR_RS03160,PBPR_RS03165,1,0.9771567583084106,0.9748985767364502,0.9884752631187439,0.9733163714408875,0.9702683091163635,0.98066645860672,0.9732093811035156,0.9701877236366272,0.9822661280632019,0.9769303202629089,0.9767375290393829,1
PBPR_RS03165,PBPR_RS03170,0,0.11188230663537979,0.19843356311321259,0.06380645185709,0.034593041986227036,0.21625761687755585,0.17960107326507568,0.09582704305648804,0.07733442634344101,0.08805505931377411,0.024930957704782486,0.10907215401530265,0
PBPR_RS03170,PBPR_RS03175,1,0.9860092997550964,0.9876803159713745,0.992019534111023,0.9857677221298218,0.9785433411598206,0.980478823184967,0.9776963591575623,0.9857878088951111,0.9859389066696167,0.9872992634773254,0.9847221374511719,1
PBPR_RS03210,PBPR_RS03215,1,0.9838201999664307,0.9791054129600525,0.9797380566596985,0.9841275811195374,0.9714357852935791,0.9677781462669373,0.9904834628105164,0.9714499115943909,0.9791015982627869,0.9777878522872925,0.9784828007221222,1
PBPR_RS03385,PBPR_RS03390,1,0.9787147045135498,0.973573625087738,0.9696719646453857,0.9688405990600586,0.96591717004776,0.9706357717514038,0.9486019611358643,0.9735420942306519,0.9872411489486694,0.9673776030540466,0.9704116642475128,1
PBPR_RS03490,PBPR_RS03495,1,0.8556832075119019,0.9260818958282471,0.9546322822570801,0.944104015827179,0.8246651291847229,0.9392055869102478,0.9290514588356018,0.8601410388946533,0.9343925714492798,0.9521969556808472,0.912015414237976,1
PBPR_RS03515,PBPR_RS03520,1,0.9913943409919739,0.9886106848716736,0.9845547080039978,0.9846892952919006,0.9882280826568604,0.9883986711502075,0.99092698097229,0.9870014786720276,0.9883188009262085,0.9944460391998291,0.9886569082736969,1
PBPR_RS03660,PBPR_RS03665,1,0.9866964817047119,0.988127589225769,0.9862744212150574,0.9815395474433899,0.9733443260192871,0.9777512550354004,0.9440047144889832,0.9843702912330627,0.9896571636199951,0.9915942549705505,0.9803360044956207,1
PBPR_RS03700,PBPR_RS03705,1,0.9458849430084229,0.915260374546051,0.9514077305793762,0.971566379070282,0.8683489561080933,0.9195641875267029,0.971958577632904,0.8785254955291748,0.9315443634986877,0.8771975040435791,0.9231258511543274,1
PBPR_RS03705,PBPR_RS03710,1,0.9048464894294739,0.9398812651634216,0.9537724852561951,0.8890351057052612,0.888139545917511,0.9266120791435242,0.9894824624061584,0.8646504282951355,0.9154322743415833,0.8388334512710571,0.9110685586929321,1
PBPR_RS03710,PBPR_RS03715,1,0.8921554684638977,0.6983395218849182,0.857660174369812,0.7641232013702393,0.6714622974395752,0.7356833815574646,0.8579229116439819,0.8265633583068848,0.6083468198776245,0.7955291867256165,0.7707786321640014,1
PBPR_RS03780,PBPR_RS03785,1,0.9609429836273193,0.9624872207641602,0.9687938690185547,0.979951798915863,0.9491361379623413,0.950614333152771,0.9836786389350891,0.9545502662658691,0.9635425806045532,0.9521691203117371,0.9625866949558258,1
PBPR_RS03785,PBPR_RS03790,1,0.981613039970398,0.9806084632873535,0.9801953434944153,0.9803421497344971,0.9645300507545471,0.9623797535896301,0.995930552482605,0.9676767587661743,0.9728512167930603,0.9812889695167542,0.9767416298389435,1
PBPR_RS03805,PBPR_RS03810,1,0.9145846366882324,0.9335641264915466,0.8950965404510498,0.9387829303741455,0.8844073414802551,0.9421860575675964,0.9074774384498596,0.8845025300979614,0.9255547523498535,0.8708287477493286,0.9096985101699829,1
PBPR_RS03810,PBPR_RS03815,1,0.8743669390678406,0.8004920482635498,0.9256496429443359,0.9795268177986145,0.8492785692214966,0.8062900900840759,0.9496872425079346,0.761886477470398,0.8917874693870544,0.7201946377754211,0.8559159934520721,1
PBPR_RS03815,PBPR_RS03820,1,0.9658356308937073,0.9641139507293701,0.969997227191925,0.9870020747184753,0.9709417819976807,0.9523969888687134,0.9887492060661316,0.9281830191612244,0.8926826119422913,0.9747146964073181,0.9594617187976837,1
PBPR_RS03830,PBPR_RS03835,1,0.9777587056159973,0.9705207943916321,0.9741467833518982,0.9835307002067566,0.9549630880355835,0.9453075528144836,0.9833465218544006,0.970400333404541,0.9543781876564026,0.9512748122215271,0.9665627479553223,1
PBPR_RS03845,PBPR_RS03850,1,0.5393273234367371,0.6033013463020325,0.6005474925041199,0.33681342005729675,0.6958484649658203,0.580422580242157,0.45431455969810486,0.4339134991168976,0.4763828217983246,0.4358295202255249,0.5156701028347015,1
PBPR_RS03860,PBPR_RS03865,1,0.6960024237632751,0.677270770072937,0.4030250608921051,0.6151077747344971,0.6793220043182373,0.734782874584198,0.6978412866592407,0.3371787965297699,0.5806743502616882,0.5269997715950012,0.5948205113410949,1
PBPR_RS03865,PBPR_RS03870,1,0.9821366667747498,0.9850630760192871,0.9908260107040405,0.9679284691810608,0.9784839153289795,0.9729251265525818,0.9616999626159668,0.9653750658035278,0.9877400994300842,0.97688889503479,0.9769067287445068,1
PBPR_RS03870,PBPR_RS03875,1,0.9697889685630798,0.9444707632064819,0.9732944369316101,0.9843580722808838,0.9001253247261047,0.9158985614776611,0.9683398604393005,0.8932242393493652,0.9203809499740601,0.949332594871521,0.9419213771820069,1
PBPR_RS03875,PBPR_RS03880,0,0.5587471723556519,0.8175488114356995,0.7474173903465271,0.8276042342185974,0.8243683576583862,0.7220370173454285,0.7181438207626343,0.6892267465591431,0.6664279103279114,0.6743168830871582,0.7245838344097137,1
PBPR_RS03880,PBPR_RS03885,1,0.9759605526924133,0.9752604961395264,0.9715454578399658,0.9781476259231567,0.949208676815033,0.9537142515182495,0.9783041477203369,0.952045202255249,0.962349534034729,0.9443536996841431,0.9640889644622803,1
PBPR_RS03885,PBPR_RS03890,1,0.9737156629562378,0.9625324606895447,0.9686225056648254,0.9743614792823792,0.9359546899795532,0.9468131065368652,0.9848311543464661,0.953235387802124,0.950671911239624,0.9539044499397278,0.9604642808437347,1
PBPR_RS04040,PBPR_RS04045,1,0.965781033039093,0.9760149717330933,0.964759349822998,0.9875909686088562,0.9486616849899292,0.9427114725112915,0.9862328171730042,0.9659219980239868,0.9542737007141113,0.9096344709396362,0.9601582467556,1
PBPR_RS04090,PBPR_RS04095,1,0.9848361611366272,0.9757285118103027,0.9797838926315308,0.9838151931762695,0.9538387656211853,0.9601475596427917,0.9933052659034729,0.9666393399238586,0.9712874889373779,0.9757620096206665,0.9745144188404083,1
PBPR_RS04160,PBPR_RS04165,1,0.962704598903656,0.9298635721206665,0.965467631816864,0.9728295207023621,0.9224466681480408,0.9294277429580688,0.9865866303443909,0.9283472895622253,0.9552525877952576,0.9079734683036804,0.9460899710655213,1
PBPR_RS04165,PBPR_RS04170,1,0.9868637919425964,0.9861568808555603,0.9904457926750183,0.9826587438583374,0.9700680375099182,0.9720627665519714,0.9519244432449341,0.9757823944091797,0.9904456734657288,0.9895241260528564,0.9795932650566102,1
PBPR_RS04170,PBPR_RS04175,1,0.9872944355010986,0.987964391708374,0.9953853487968445,0.9876584410667419,0.9751058220863342,0.9786280393600464,0.9729441404342651,0.984879195690155,0.989176332950592,0.9914773106575012,0.9850513458251953,1
PBPR_RS04175,PBPR_RS04180,1,0.9858332276344299,0.9876173734664917,0.9898756146430969,0.9827793836593628,0.9804081916809082,0.9668715596199036,0.996917724609375,0.9872854948043823,0.9667414426803589,0.9830796122550964,0.9827409625053406,1
PBPR_RS04180,PBPR_RS04185,1,0.9881066679954529,0.9880191683769226,0.9928603768348694,0.9889752864837646,0.9664521813392639,0.9729665517807007,0.9951157569885254,0.9787634015083313,0.9589323997497559,0.9863696098327637,0.981656140089035,1
PBPR_RS04185,PBPR_RS04190,0,0.6161597967147827,0.5395199060440063,0.5398185849189758,0.15770265460014343,0.37171700596809387,0.4181855618953705,0.4258717894554138,0.2951596975326538,0.271993488073349,0.31176090240478516,0.39478893876075744,0
PBPR_RS04190,PBPR_RS04195,1,0.9779213666915894,0.972808301448822,0.9681685566902161,0.9811385273933411,0.9571187496185303,0.9578226208686829,0.9694463014602661,0.9438273906707764,0.9645424485206604,0.8627452254295349,0.9555539488792419,1
PBPR_RS04230,PBPR_RS04235,1,0.44905850291252136,0.5494619607925415,0.7060321569442749,0.44337448477745056,0.6805083155632019,0.45781728625297546,0.867804229259491,0.36027321219444275,0.4232572615146637,0.2774226665496826,0.5215010076761246,1
PBPR_RS04250,PBPR_RS04255,1,0.4222352206707001,0.29145559668540955,0.2232053428888321,0.13432694971561432,0.26424670219421387,0.40534353256225586,0.14530621469020844,0.24403837323188782,0.25028321146965027,0.26051628589630127,0.26409574300050737,0
PBPR_RS04305,PBPR_RS04310,1,0.9853746891021729,0.9888256788253784,0.9879000186920166,0.9848936200141907,0.9823559522628784,0.9722977876663208,0.9954619407653809,0.9883160591125488,0.957686722278595,0.9830960631370544,0.9826208531856537,1
PBPR_RS04310,PBPR_RS04315,1,0.9727851152420044,0.9777660965919495,0.9816117286682129,0.9732232093811035,0.972793459892273,0.9609966278076172,0.9394381046295166,0.9811488389968872,0.9840375781059265,0.9860344529151917,0.9729835212230682,1
PBPR_RS04315,PBPR_RS04320,1,0.7476420998573303,0.8563203811645508,0.8927999138832092,0.8821092844009399,0.8027898073196411,0.8526352047920227,0.91575688123703,0.7261884212493896,0.8726263642311096,0.8507933616638184,0.8399661719799042,1
PBPR_RS04345,PBPR_RS04350,1,0.9892950654029846,0.981236457824707,0.9945619702339172,0.9926097393035889,0.9806332588195801,0.9690806865692139,0.9958441257476807,0.9829748868942261,0.9609934091567993,0.9872685670852661,0.9834498167037964,1
PBPR_RS04460,PBPR_RS04465,1,0.9571414589881897,0.949535608291626,0.9530261754989624,0.8923290967941284,0.9224623441696167,0.9121420383453369,0.8825005888938904,0.9240005612373352,0.9226045608520508,0.8733792304992676,0.9189121663570404,1
PBPR_RS04535,PBPR_RS04540,1,0.983157217502594,0.988919734954834,0.9864618182182312,0.9934373497962952,0.9766639471054077,0.9719052910804749,0.9952331781387329,0.9830321669578552,0.9622851014137268,0.9842895269393921,0.9825385332107544,1
PBPR_RS04540,PBPR_RS04560,0,0.0005129454075358808,0.002088012872263789,0.0015716898487880826,0.0004896113532595336,0.0022299394477158785,0.00481197377666831,0.001806026790291071,0.0021988500375300646,0.0038165459409356117,0.00040232454193755984,0.001992792001692578,0
PBPR_RS04560,PBPR_RS04565,1,0.9141719341278076,0.8943367004394531,0.8236286044120789,0.9583334922790527,0.887310266494751,0.9068939685821533,0.8644382953643799,0.8115761280059814,0.9121877551078796,0.8577609062194824,0.883063805103302,1
PBPR_RS04565,PBPR_RS04570,0,0.08601240813732147,0.1415717452764511,0.08752863854169846,0.037744004279375076,0.12402419000864029,0.2140931785106659,0.14872007071971893,0.09499777853488922,0.11215264350175858,0.07025003433227539,0.11170946918427944,0
PBPR_RS04570,PBPR_RS04575,1,0.9826730489730835,0.9691258668899536,0.9858890175819397,0.9783669114112854,0.9520052671432495,0.9517518281936646,0.9709393382072449,0.9430111646652222,0.9620677828788757,0.9651566743850708,0.966098690032959,1
PBPR_RS04575,PBPR_RS04580,1,0.9828891754150391,0.987423300743103,0.9835337400436401,0.9835537075996399,0.9804666638374329,0.9690946340560913,0.9913402199745178,0.9817420244216919,0.9711290001869202,0.9802845120429993,0.9811456978321076,1
PBPR_RS04580,PBPR_RS04585,1,0.8058875203132629,0.8341456651687622,0.7239157557487488,0.39939090609550476,0.8850882649421692,0.8898080587387085,0.8475280404090881,0.6760611534118652,0.8788800835609436,0.5504157543182373,0.749112120270729,1
PBPR_RS04585,PBPR_RS04590,0,0.26741355657577515,0.23610880970954895,0.30812060832977295,0.07196881622076035,0.1926463097333908,0.34583091735839844,0.4833577275276184,0.2706262171268463,0.15617065131664276,0.0763404443860054,0.24085840582847595,0
PBPR_RS04590,PBPR_RS04595,1,0.9670712947845459,0.9753339886665344,0.9731464385986328,0.9819793105125427,0.9619989991188049,0.9686233401298523,0.9899629950523376,0.9622771739959717,0.9543710350990295,0.978756844997406,0.9713521420955658,1
PBPR_RS04595,PBPR_RS04600,1,0.9871593713760376,0.9841596484184265,0.9834019541740417,0.9861037135124207,0.9693028330802917,0.9688435196876526,0.9878009557723999,0.9763193130493164,0.9769015908241272,0.9877055883407593,0.9807698488235473,1
PBPR_RS04600,PBPR_RS04605,1,0.940756618976593,0.9369271993637085,0.9153491258621216,0.961685061454773,0.9074920415878296,0.9262978434562683,0.9583422541618347,0.8762544393539429,0.8875744938850403,0.9053342938423157,0.9216013371944427,1
PBPR_RS04615,PBPR_RS04620,1,0.954856812953949,0.8908399343490601,0.9154281616210938,0.9151598811149597,0.8992892503738403,0.9189740419387817,0.9057925939559937,0.8634278774261475,0.9494755268096924,0.8316656351089478,0.9044909715652466,1
PBPR_RS04635,PBPR_RS04640,1,0.9445419311523438,0.8783270120620728,0.9776194095611572,0.9862360954284668,0.878763735294342,0.8527921438217163,0.9760276675224304,0.8744900226593018,0.8286231756210327,0.937035083770752,0.9134456276893616,1
PBPR_RS04640,PBPR_RS04645,0,0.38386985659599304,0.30320996046066284,0.30080196261405945,0.1634976863861084,0.4762116074562073,0.5311176776885986,0.5273788571357727,0.25461676716804504,0.3226688802242279,0.28705719113349915,0.3550430446863174,0
PBPR_RS04645,PBPR_RS04650,1,0.9694391489028931,0.9732633233070374,0.9736323952674866,0.9851562976837158,0.9773452877998352,0.9614773392677307,0.9932553172111511,0.9729330539703369,0.9645867347717285,0.9486910104751587,0.9719779908657074,1
PBPR_RS04665,PBPR_RS04670,1,0.9837336540222168,0.975970447063446,0.9564235806465149,0.9774578213691711,0.9589923620223999,0.9706804156303406,0.9794198274612427,0.9393559098243713,0.971349835395813,0.9657140374183655,0.9679097890853882,1
PBPR_RS04680,PBPR_RS04685,1,0.9687554240226746,0.9342811107635498,0.9575197696685791,0.918298065662384,0.8595569133758545,0.9282761216163635,0.9252161383628845,0.9391506314277649,0.9178717732429504,0.9111067652702332,0.9260032713413239,1
PBPR_RS04685,PBPR_RS04690,1,0.8797187209129333,0.9716278910636902,0.9469337463378906,0.9385086894035339,0.9475414752960205,0.9336892366409302,0.9713586568832397,0.844383180141449,0.9399277567863464,0.805498480796814,0.9179187834262847,1
PBPR_RS04690,PBPR_RS04695,1,0.9906356334686279,0.9815701842308044,0.9824361801147461,0.977716863155365,0.9763919115066528,0.9695951342582703,0.9790714383125305,0.9809530377388,0.9843426942825317,0.9891200661659241,0.9811833143234253,1
PBPR_RS04695,PBPR_RS04700,1,0.8627782464027405,0.9613853096961975,0.9140884280204773,0.9459981322288513,0.9421117305755615,0.916069746017456,0.957182765007019,0.8059456944465637,0.8982741832733154,0.8100824356079102,0.9013916671276092,1
PBPR_RS04710,PBPR_RS04715,1,0.9847213625907898,0.9658458828926086,0.9844369888305664,0.9788395762443542,0.9575446844100952,0.9588099718093872,0.9944092035293579,0.9709591269493103,0.9680386781692505,0.9749699831008911,0.9738575458526612,1
PBPR_RS04715,PBPR_RS04720,1,0.9683564901351929,0.9741256237030029,0.9688459634780884,0.97093665599823,0.9339050650596619,0.9597899913787842,0.9888827800750732,0.9156492948532104,0.924595832824707,0.9218348860740662,0.9526922583580018,1
PBPR_RS04740,PBPR_RS04745,1,0.9722903966903687,0.9533764123916626,0.9644163846969604,0.8746418952941895,0.963555097579956,0.9610780477523804,0.979811429977417,0.959304928779602,0.9631441831588745,0.9401149153709412,0.9531733691692352,1
PBPR_RS04745,PBPR_RS04750,0,0.4204053580760956,0.6314192414283752,0.5008781552314758,0.49836409091949463,0.6003403663635254,0.6674769520759583,0.5026086568832397,0.45678362250328064,0.47220727801322937,0.4980447590351105,0.5248528480529785,1
PBPR_RS04750,PBPR_RS04755,1,0.9423838257789612,0.9607008099555969,0.9181060791015625,0.9418507218360901,0.9176580905914307,0.9451618194580078,0.9613510370254517,0.8730289936065674,0.9677460789680481,0.7365320324897766,0.9164519488811493,1
PBPR_RS04755,PBPR_RS04760,1,0.9828486442565918,0.9759843945503235,0.9670632481575012,0.9765699505805969,0.9528372883796692,0.9631232619285583,0.9888802766799927,0.9686112999916077,0.9759940505027771,0.9686909914016724,0.9720603406429291,1
PBPR_RS04760,PBPR_RS04765,1,0.9870514869689941,0.9859339594841003,0.9841262698173523,0.9793359041213989,0.9813290238380432,0.9747204184532166,0.9900907278060913,0.9862557053565979,0.9753769040107727,0.9883005619049072,0.9832520961761475,1
PBPR_RS04765,PBPR_RS04770,0,0.7617093920707703,0.6941893100738525,0.4856927990913391,0.2918052673339844,0.7024848461151123,0.8093118667602539,0.7344179749488831,0.5436720252037048,0.7112463712692261,0.21865950524806976,0.5953189358115196,1
PBPR_RS04770,PBPR_RS04775,1,0.9528787732124329,0.9332858324050903,0.9681708812713623,0.9844421744346619,0.9502357244491577,0.9270059466362,0.9735097885131836,0.9335317611694336,0.9339339137077332,0.6526884436607361,0.9209683239459991,1
PBPR_RS04775,PBPR_RS04780,1,0.9802885055541992,0.9684405326843262,0.9696341753005981,0.9813541769981384,0.945753276348114,0.9546833038330078,0.9735841155052185,0.9655575156211853,0.9752196073532104,0.9754513502120972,0.9689966559410095,1
PBPR_RS04780,PBPR_RS04785,0,0.7460711598396301,0.8140760660171509,0.7023442387580872,0.5760548114776611,0.8592095375061035,0.7501628398895264,0.8974862694740295,0.540141761302948,0.9218425750732422,0.20599038898944855,0.7013379648327828,1
PBPR_RS04785,PBPR_RS04790,1,0.8271796107292175,0.7590815424919128,0.8187207579612732,0.7453420758247375,0.9053964614868164,0.8619749546051025,0.9266950488090515,0.5966109037399292,0.9537553191184998,0.6198945045471191,0.801465117931366,1
PBPR_RS04790,PBPR_RS04795,1,0.9760253429412842,0.9686535596847534,0.9644924402236938,0.9772873520851135,0.9486610293388367,0.9505035281181335,0.9751333594322205,0.962101936340332,0.9632501602172852,0.9576963186264038,0.9643805027008057,1
PBPR_RS04810,PBPR_RS04815,1,0.985458493232727,0.9771122336387634,0.9829088449478149,0.9756813049316406,0.9772853851318359,0.9691140651702881,0.9851889610290527,0.9762941598892212,0.9773249626159668,0.9758179783821106,0.9782186388969422,1
PBPR_RS04815,PBPR_RS04820,1,0.4971363842487335,0.5109187364578247,0.4927738904953003,0.4230852425098419,0.8334214687347412,0.691770613193512,0.7436941862106323,0.4696458578109741,0.6580750942230225,0.36943307518959045,0.5689954549074173,1
PBPR_RS04830,PBPR_RS04835,1,0.97430819272995,0.9599671959877014,0.946164608001709,0.9767000675201416,0.9523218274116516,0.9472618699073792,0.9680178165435791,0.9580724239349365,0.9616500735282898,0.9215778112411499,0.9566041886806488,1
PBPR_RS04835,PBPR_RS04840,1,0.9536997079849243,0.8049088716506958,0.9343923330307007,0.7784550189971924,0.8801217675209045,0.8893298506736755,0.9255629181861877,0.8894996643066406,0.9328168630599976,0.8609777092933655,0.8849764704704285,1
PBPR_RS04880,PBPR_RS04885,1,0.9767419695854187,0.967536211013794,0.9652209877967834,0.9742005467414856,0.9656720161437988,0.96746826171875,0.9709358811378479,0.9790369272232056,0.9790999293327332,0.9679993391036987,0.9713912069797516,1
PBPR_RS04930,PBPR_RS04935,1,0.9822182059288025,0.9581278562545776,0.970416784286499,0.9709570407867432,0.9613612294197083,0.9631669521331787,0.9838774800300598,0.9662719368934631,0.9699164032936096,0.9607813358306885,0.968709522485733,1
PBPR_RS05275,PBPR_RS05280,1,0.8730290532112122,0.9413756132125854,0.9622240662574768,0.8728357553482056,0.9364335536956787,0.9102225303649902,0.966040849685669,0.8451903462409973,0.954393744468689,0.7471426129341125,0.9008888125419616,1
PBPR_RS05305,PBPR_RS05310,1,0.9876778721809387,0.9768233299255371,0.9590762853622437,0.9725733399391174,0.9687981009483337,0.9701437950134277,0.9913191795349121,0.9793771505355835,0.9691877961158752,0.9741588234901428,0.9749135673046112,1
PBPR_RS05310,PBPR_RS05315,0,0.9831211566925049,0.9649966359138489,0.9657002091407776,0.9759283661842346,0.9458091855049133,0.9599528908729553,0.9756795763969421,0.9715825319290161,0.9645175337791443,0.968531608581543,0.967581969499588,1
PBPR_RS05315,PBPR_RS05320,1,0.7718985080718994,0.4308421313762665,0.7840097546577454,0.3616967499256134,0.4975835680961609,0.6687321066856384,0.7161351442337036,0.578356146812439,0.7138413190841675,0.5602160692214966,0.608331149816513,1
PBPR_RS05320,PBPR_RS05325,0,0.7627242207527161,0.912395179271698,0.3836292624473572,0.6326812505722046,0.8702635169029236,0.7980338335037231,0.8802229762077332,0.501867949962616,0.9410882592201233,0.2114882916212082,0.6894394740462303,1
PBPR_RS05325,PBPR_RS05330,1,0.9754429459571838,0.9661752581596375,0.9547169804573059,0.9677300453186035,0.9348386526107788,0.9500944018363953,0.9630207419395447,0.9304853677749634,0.9759275317192078,0.8785977959632874,0.9497029721736908,1
PBPR_RS05330,PBPR_RS05335,1,0.5184028744697571,0.4949517548084259,0.6599467992782593,0.4779563844203949,0.6648418307304382,0.5719194412231445,0.703949511051178,0.4471457898616791,0.6248111128807068,0.3235052227973938,0.5487430721521378,1
PBPR_RS05335,PBPR_RS05340,1,0.9557530283927917,0.7239062786102295,0.8841482996940613,0.7505250573158264,0.8500615954399109,0.8948373198509216,0.9110497236251831,0.8921590447425842,0.9187952280044556,0.8172288537025452,0.859846442937851,1
PBPR_RS05375,PBPR_RS05380,1,0.9832843542098999,0.9831292033195496,0.9734156727790833,0.9830881953239441,0.9726594686508179,0.9697162508964539,0.9943781495094299,0.9659684300422668,0.9727571606636047,0.9815095663070679,0.9779906451702118,1
PBPR_RS05440,PBPR_RS05445,1,0.5108664035797119,0.6343697905540466,0.7648475170135498,0.7643866539001465,0.7355234622955322,0.48087581992149353,0.8061359524726868,0.5185030698776245,0.2760585844516754,0.5183959603309631,0.600996321439743,1
PBPR_RS05445,PBPR_RS05450,1,0.8787664175033569,0.8349868059158325,0.8607317805290222,0.7522335052490234,0.7758951783180237,0.5882871150970459,0.566557765007019,0.7056280970573425,0.7473620176315308,0.825223445892334,0.7535672128200531,1
PBPR_RS05450,PBPR_RS05455,0,0.5542700290679932,0.5088322758674622,0.5292354822158813,0.5245815515518188,0.6056216955184937,0.6952353715896606,0.5473769307136536,0.5069358348846436,0.49947062134742737,0.6293976902961731,0.5600957483053207,1
PBPR_RS05455,PBPR_RS05460,1,0.5654222965240479,0.6224867105484009,0.6470410227775574,0.761512041091919,0.6553298830986023,0.6422296762466431,0.4788808226585388,0.2935557961463928,0.6964936852455139,0.32053354382514954,0.5683485478162765,1
PBPR_RS05460,PBPR_RS05480,0,0.0017776410095393658,0.001781632425263524,0.005806615576148033,0.008684189058840275,0.007753884885460138,0.019032854586839676,0.00253085745498538,0.003421948989853263,0.008211059495806694,0.0005188686773180962,0.0059519552160054445,0
PBPR_RS05480,PBPR_RS05485,1,0.9142447113990784,0.9058563709259033,0.9506431221961975,0.9572197198867798,0.8615286350250244,0.8686780333518982,0.9548677206039429,0.7719961404800415,0.6938422918319702,0.806602954864502,0.8685479700565338,1
PBPR_RS05645,PBPR_RS05650,1,0.8974083065986633,0.9318086504936218,0.9355659484863281,0.9053310751914978,0.9418178796768188,0.9456339478492737,0.9590136408805847,0.9081529378890991,0.9396249055862427,0.9264205098152161,0.9290777802467346,1
PBPR_RS05660,PBPR_RS05665,1,0.9555798768997192,0.9621787071228027,0.9805713891983032,0.9824297428131104,0.9526953101158142,0.9423046112060547,0.9831578135490417,0.9441113471984863,0.9265329241752625,0.9727758169174194,0.9602337539196014,1
PBPR_RS05675,PBPR_RS05680,1,0.9824369549751282,0.9680312871932983,0.9797518849372864,0.9751374125480652,0.9439396858215332,0.9538605809211731,0.9730415940284729,0.9629262685775757,0.9720203280448914,0.9769602417945862,0.968810623884201,1
PBPR_RS05705,PBPR_RS05710,1,0.9846428632736206,0.9792982935905457,0.98404461145401,0.9401916265487671,0.9736316204071045,0.974111795425415,0.9946938157081604,0.9792893528938293,0.9658119082450867,0.9438462853431702,0.971956217288971,1
PBPR_RS05710,PBPR_RS05715,1,0.9897823929786682,0.9821358919143677,0.9851737022399902,0.9863954782485962,0.984894335269928,0.9782034754753113,0.99306321144104,0.9808228015899658,0.9799869656562805,0.9883261919021606,0.9848784446716309,1
PBPR_RS05735,PBPR_RS05740,1,0.976215124130249,0.97095787525177,0.9748585224151611,0.9786713123321533,0.9516903162002563,0.9537704586982727,0.9802262783050537,0.9657461047172546,0.9664506912231445,0.9553345441818237,0.9673921227455139,1
PBPR_RS05740,PBPR_RS05745,1,0.8108605742454529,0.8745176196098328,0.9098165035247803,0.8023526668548584,0.9113636016845703,0.9228711724281311,0.9557374119758606,0.767468273639679,0.9330434203147888,0.7094042301177979,0.8597435474395752,1
PBPR_RS05745,PBPR_RS05750,1,0.9841499328613281,0.9773285984992981,0.9814186692237854,0.9818158149719238,0.9513391256332397,0.960371732711792,0.9936145544052124,0.9707671999931335,0.9677605032920837,0.9779567122459412,0.9746522843837738,1
PBPR_RS05830,PBPR_RS05835,1,0.9302873611450195,0.9502204060554504,0.9548001885414124,0.97230464220047,0.9478322267532349,0.9509433507919312,0.9649883508682251,0.9238255023956299,0.9642477631568909,0.8423704504966736,0.9401820242404938,1
PBPR_RS05885,PBPR_RS05890,1,0.955221951007843,0.9556499123573303,0.9682027101516724,0.974278450012207,0.9174500703811646,0.9529930353164673,0.9885532855987549,0.9075638651847839,0.959132969379425,0.9015401005744934,0.9480586349964142,1
PBPR_RS06015,PBPR_RS06020,1,0.8166834712028503,0.884121835231781,0.8798161149024963,0.9134407043457031,0.8562841415405273,0.8993940949440002,0.7476768493652344,0.7660142183303833,0.7621224522590637,0.9385244250297546,0.8464078307151794,1
PBPR_RS06020,PBPR_RS06030,0,0.023991037160158157,0.11647814512252808,0.07193762809038162,0.01429249718785286,0.021097352728247643,0.06611893326044083,0.032251253724098206,0.05637524649500847,0.0057055288925766945,0.007093281019479036,0.04153409036807716,0
PBPR_RS06030,PBPR_RS06035,1,0.9498229622840881,0.9252172112464905,0.9401668310165405,0.9844111800193787,0.9235346913337708,0.8557224869728088,0.9589036703109741,0.9156771302223206,0.9455246925354004,0.8496816158294678,0.9248662471771241,1
PBPR_RS06050,PBPR_RS06055,1,0.9546013474464417,0.9776051044464111,0.9645057916641235,0.9722937345504761,0.9667317271232605,0.9574601054191589,0.9888904094696045,0.9349883794784546,0.9497252702713013,0.9158935546875,0.9582695424556732,1
PBPR_RS06070,PBPR_RS06075,1,0.9606886506080627,0.918205976486206,0.9187029600143433,0.795769989490509,0.9231955409049988,0.9374914765357971,0.9547231197357178,0.9281191825866699,0.9470766186714172,0.9055886268615723,0.9189562141895294,1
PBPR_RS06075,PBPR_RS06080,0,0.9742138981819153,0.9635338187217712,0.9399586915969849,0.9696479439735413,0.9289252758026123,0.9496849179267883,0.957265317440033,0.9610638618469238,0.9602053165435791,0.9450616240501404,0.9549560666084289,1
PBPR_RS06080,PBPR_RS06085,1,0.9711926579475403,0.954027533531189,0.9514712691307068,0.9351322650909424,0.9320589303970337,0.9465885162353516,0.9628590941429138,0.9591313600540161,0.9745590090751648,0.9265343546867371,0.9513554990291595,1
PBPR_RS06085,PBPR_RS06090,1,0.9540600776672363,0.9206434488296509,0.9290817975997925,0.8737614750862122,0.9264348745346069,0.9133939146995544,0.9799047112464905,0.9290094971656799,0.9248971939086914,0.8451945185661316,0.9196381509304047,1
PBPR_RS06160,PBPR_RS06165,1,0.9717819094657898,0.9682977199554443,0.9638980031013489,0.9674943685531616,0.9324365258216858,0.9532106518745422,0.9935473799705505,0.9554122090339661,0.9517977833747864,0.9766596555709839,0.963453620672226,1
PBPR_RS06165,PBPR_RS06170,1,0.9851973056793213,0.9796462655067444,0.980644166469574,0.976093053817749,0.9546263813972473,0.9660188555717468,0.9831505417823792,0.9716436862945557,0.9615992903709412,0.9557489156723022,0.9714368462562561,1
PBPR_RS06205,PBPR_RS06210,1,0.8758676648139954,0.9461288452148438,0.9007722735404968,0.9167126417160034,0.8872120976448059,0.9164847731590271,0.934887170791626,0.8196718692779541,0.9120451211929321,0.8184503316879272,0.8928232789039612,1
PBPR_RS06265,PBPR_RS06270,1,0.8311419486999512,0.8664112091064453,0.9361982941627502,0.9101392030715942,0.9306166768074036,0.8910523056983948,0.9679814577102661,0.8646898865699768,0.8566579818725586,0.8600050806999207,0.8914894044399262,1
PBPR_RS06320,PBPR_RS06325,1,0.9309907555580139,0.9193388819694519,0.9562368392944336,0.965060293674469,0.9223893284797668,0.8978543877601624,0.9829084277153015,0.8215152025222778,0.9238983392715454,0.7398421168327332,0.9060034573078155,1
PBPR_RS06390,PBPR_RS06395,1,0.9859513640403748,0.9856627583503723,0.9864243268966675,0.9871683120727539,0.9766230583190918,0.9758596420288086,0.9964804649353027,0.981155514717102,0.9735817909240723,0.9851872324943542,0.98340944647789,1
PBPR_RS06395,PBPR_RS06400,1,0.9815830588340759,0.9782529473304749,0.9780665636062622,0.9867858290672302,0.9727798700332642,0.9603749513626099,0.9906917214393616,0.9803459644317627,0.9614734649658203,0.9711249470710754,0.9761479318141937,1
PBPR_RS06475,PBPR_RS06480,1,0.9728744029998779,0.9761805534362793,0.9713513851165771,0.9791206121444702,0.9404622912406921,0.9564496874809265,0.9862202405929565,0.966041624546051,0.960869312286377,0.920721173286438,0.9630291283130645,1
PBPR_RS06520,PBPR_RS06525,1,0.9845392107963562,0.9769566655158997,0.9774665832519531,0.9637298583984375,0.9481775164604187,0.9498493671417236,0.9637717008590698,0.9391335844993591,0.9619314670562744,0.9568230509757996,0.9622379004955292,1
PBPR_RS06525,PBPR_RS06530,1,0.9678014516830444,0.9536968469619751,0.9030875563621521,0.843056321144104,0.9414756894111633,0.9405593872070312,0.926523745059967,0.9494163990020752,0.9448485374450684,0.9268930554389954,0.9297358989715576,1
PBPR_RS06530,PBPR_RS06535,1,0.9372683167457581,0.945570707321167,0.9384141564369202,0.9454688429832458,0.9207541942596436,0.9601824283599854,0.9906188249588013,0.8831882476806641,0.9566975235939026,0.93601393699646,0.9414177179336548,1
PBPR_RS06535,PBPR_RS06540,1,0.7771807909011841,0.8443451523780823,0.8824608325958252,0.7446251511573792,0.9137889742851257,0.8546988368034363,0.9009745717048645,0.7689160108566284,0.7478665113449097,0.6951291561126709,0.8129985988140106,1
PBPR_RS06955,PBPR_RS06960,1,0.5885866284370422,0.6811978816986084,0.31329306960105896,0.5685027241706848,0.4540024995803833,0.4604061543941498,0.6448606848716736,0.4063889980316162,0.3078679144382477,0.1448705792427063,0.4569977134466171,0
PBPR_RS07330,PBPR_RS07335,1,0.9808894991874695,0.9699777960777283,0.9604840278625488,0.9681893587112427,0.9341987371444702,0.9620345234870911,0.9774202108383179,0.9575487971305847,0.9769384860992432,0.976029098033905,0.9663710534572602,1
PBPR_RS07355,PBPR_RS07360,1,0.9610385298728943,0.9043792486190796,0.9451482892036438,0.9615693688392639,0.9166229367256165,0.9226307272911072,0.957436740398407,0.9308056831359863,0.9250555634498596,0.8818094730377197,0.9306496560573578,1
PBPR_RS07450,PBPR_RS07455,1,0.4691240191459656,0.4692233204841614,0.4109920859336853,0.1781855672597885,0.5188154578208923,0.5312906503677368,0.7013367414474487,0.3939746916294098,0.3956035375595093,0.3121183216571808,0.4380664393305779,0
PBPR_RS07455,PBPR_RS07460,0,0.9821762442588806,0.963459849357605,0.9785299897193909,0.9813041687011719,0.9434689879417419,0.9550940990447998,0.9933463931083679,0.9668396711349487,0.9719710946083069,0.9726971983909607,0.9708887696266174,1
PBPR_RS07460,PBPR_RS07465,1,0.9557385444641113,0.8742383122444153,0.8503373265266418,0.9392873644828796,0.8533798456192017,0.8965447545051575,0.7979541420936584,0.8503182530403137,0.9205238223075867,0.8212816119194031,0.875960397720337,1
PBPR_RS07835,PBPR_RS07840,1,0.9823205471038818,0.9777934551239014,0.9830164909362793,0.9843432903289795,0.9657385349273682,0.9596521258354187,0.9843012690544128,0.9773072600364685,0.965895414352417,0.96858811378479,0.9748956501483917,1
PBPR_RS07840,PBPR_RS07845,1,0.9018881916999817,0.8888818621635437,0.8854077458381653,0.9426008462905884,0.8699540495872498,0.9023818373680115,0.8267870545387268,0.8346536159515381,0.8926511406898499,0.8671313524246216,0.8812337696552277,1
PBPR_RS07905,PBPR_RS07910,1,0.9715614318847656,0.942462682723999,0.9776619672775269,0.9820998907089233,0.9175463318824768,0.9272103905677795,0.9609377384185791,0.9332660436630249,0.9593434929847717,0.9532709717750549,0.9525360941886902,1
PBPR_RS08005,PBPR_RS08010,1,0.9723163843154907,0.9552472233772278,0.9580131769180298,0.9559383392333984,0.9390977621078491,0.9449763894081116,0.9681342840194702,0.9609940648078918,0.9562373757362366,0.9307712912559509,0.9541726291179657,1
PBPR_RS08010,PBPR_RS08015,1,0.9640988111495972,0.9612588882446289,0.9532722234725952,0.9773892164230347,0.9559549689292908,0.9574369788169861,0.9769054055213928,0.951278805732727,0.9717589020729065,0.8807631134986877,0.9550117313861847,1
PBPR_RS08060,PBPR_RS08065,1,0.9724443554878235,0.9574583768844604,0.9716095924377441,0.9757567644119263,0.9278823733329773,0.9420114159584045,0.9917327761650085,0.9435911178588867,0.9629964232444763,0.9565497040748596,0.9602032899856567,1
PBPR_RS08115,PBPR_RS08120,1,0.9741834402084351,0.9631549715995789,0.950174868106842,0.974627673625946,0.9443074464797974,0.9472254514694214,0.9798794388771057,0.9577069282531738,0.9707826972007751,0.9628911018371582,0.9624934017658233,1
PBPR_RS08220,PBPR_RS08225,1,0.5327051877975464,0.5864546298980713,0.481044739484787,0.6741366386413574,0.694725513458252,0.5564777255058289,0.7885988354682922,0.3564874827861786,0.3544709086418152,0.3942471444606781,0.5419348806142807,1
PBPR_RS08690,PBPR_RS08695,1,0.9492471814155579,0.6643086075782776,0.7266767024993896,0.8059539198875427,0.7290000915527344,0.8719847202301025,0.6526399254798889,0.7603201270103455,0.8752447366714478,0.7173435688018799,0.7752719581127167,1
PBPR_RS08790,PBPR_RS08795,1,0.3900343179702759,0.49531877040863037,0.7096360921859741,0.3026265501976013,0.5892171859741211,0.45146042108535767,0.40492960810661316,0.30144691467285156,0.32668641209602356,0.25937384366989136,0.423073011636734,0
PBPR_RS08860,PBPR_RS08865,1,0.959862232208252,0.932869553565979,0.9518863558769226,0.8062996864318848,0.8930004239082336,0.9342402815818787,0.9779785871505737,0.9147060513496399,0.9417611956596375,0.8745737075805664,0.9187178075313568,1
PBPR_RS08990,PBPR_RS08995,1,0.9763977527618408,0.9668552279472351,0.9771823883056641,0.9809402823448181,0.9467644691467285,0.9488933682441711,0.9836486577987671,0.9760949015617371,0.9583229422569275,0.9590704441070557,0.9674170434474945,1
PBPR_RS08995,PBPR_RS09000,1,0.9721245169639587,0.940881609916687,0.9466800689697266,0.9581776261329651,0.910327136516571,0.9362616539001465,0.9220058917999268,0.9468361139297485,0.9493751525878906,0.9344955682754517,0.9417165338993072,1
PBPR_RS09020,PBPR_RS09025,1,0.4291257858276367,0.339970201253891,0.5995010137557983,0.4073869585990906,0.5802772045135498,0.5103579163551331,0.4017059803009033,0.3010353744029999,0.3637655973434448,0.3270964026451111,0.42602224349975587,0
PBPR_RS09305,PBPR_RS09310,1,0.9347858428955078,0.8998144865036011,0.9522692561149597,0.9305089712142944,0.9206738471984863,0.9408385157585144,0.9861578345298767,0.8874496817588806,0.9374599456787109,0.9152615070343018,0.9305219888687134,1
PBPR_RS09310,PBPR_RS09315,1,0.9847785234451294,0.9880380034446716,0.9875493049621582,0.9905158281326294,0.986504852771759,0.9708830714225769,0.9973258972167969,0.9776703715324402,0.9669519662857056,0.9891963601112366,0.9839414179325103,1
PBPR_RS09315,PBPR_RS09320,1,0.9751335978507996,0.978585422039032,0.9671909809112549,0.9757398366928101,0.958463191986084,0.9563486576080322,0.9792846441268921,0.9738746881484985,0.9678691625595093,0.9287115335464478,0.9661201715469361,1
PBPR_RS09415,PBPR_RS09420,1,0.9719474911689758,0.9111478924751282,0.8991044163703918,0.926445722579956,0.9182401299476624,0.9153668880462646,0.9446426630020142,0.9475529193878174,0.9516525268554688,0.8740884065628052,0.9260189056396484,1
PBPR_RS09420,PBPR_RS09425,1,0.9772851467132568,0.9630615711212158,0.9560737013816833,0.9568737149238586,0.949341893196106,0.9406017661094666,0.9839984178543091,0.9635418653488159,0.9565722346305847,0.9378141164779663,0.9585164427757263,1
PBPR_RS09490,PBPR_RS09495,1,0.9815889000892639,0.9813145399093628,0.9669821858406067,0.9520542621612549,0.9494574666023254,0.9627614617347717,0.9893919825553894,0.9665855169296265,0.9664836525917053,0.9686787724494934,0.96852987408638,1
PBPR_RS09495,PBPR_RS09500,0,0.0967327356338501,0.11343025416135788,0.12461679428815842,0.025194460526108742,0.19144147634506226,0.2312958687543869,0.2425566166639328,0.12941612303256989,0.12346017360687256,0.03317771479487419,0.13113222178071737,0
PBPR_RS09500,PBPR_RS09505,1,0.9810219407081604,0.9643028378486633,0.966261625289917,0.9748302698135376,0.9357753396034241,0.9628981351852417,0.9779172539710999,0.9525678753852844,0.9749720692634583,0.9540578722953796,0.9644605219364166,1
PBPR_RS09600,PBPR_RS09605,1,0.9761983752250671,0.9618229866027832,0.9785404205322266,0.9793143272399902,0.9482602477073669,0.9385768175125122,0.9880914688110352,0.9518072009086609,0.940829336643219,0.9307485222816467,0.9594189703464509,1
PBPR_RS09605,PBPR_RS09610,1,0.9819053411483765,0.9650760293006897,0.9679393172264099,0.912188708782196,0.9375827312469482,0.9504730105400085,0.9787554740905762,0.9592422842979431,0.9467576146125793,0.9551217555999756,0.9555042266845704,1
PBPR_RS09610,PBPR_RS09615,1,0.974931001663208,0.931501567363739,0.9203640818595886,0.9385582208633423,0.8778232932090759,0.9258897304534912,0.9604472517967224,0.9102157950401306,0.921643853187561,0.9347758293151855,0.9296150624752044,1
PBPR_RS09765,PBPR_RS09770,1,0.9752719402313232,0.9598506689071655,0.9544544219970703,0.958234429359436,0.9009572863578796,0.9392261505126953,0.9609178900718689,0.9535795450210571,0.9554919004440308,0.9433555603027344,0.9501339793205261,1
PBPR_RS10320,PBPR_RS10325,1,0.9840850830078125,0.9812565445899963,0.9686801433563232,0.9680854082107544,0.9520967602729797,0.9586315155029297,0.9910979866981506,0.9723575115203857,0.9637353420257568,0.9745005369186401,0.9714526832103729,1
PBPR_RS10715,PBPR_RS10720,1,0.9648927450180054,0.9497188329696655,0.9032078981399536,0.9544960856437683,0.8856472373008728,0.9270719885826111,0.9501513242721558,0.9308735728263855,0.9373409152030945,0.9461001753807068,0.934950077533722,1
PBPR_RS10720,PBPR_RS10725,1,0.9801952242851257,0.9675664305686951,0.9649017453193665,0.9703814387321472,0.927326500415802,0.9487498998641968,0.9828269481658936,0.9535747170448303,0.9649502038955688,0.9761978983879089,0.9636671006679535,1
PBPR_RS10860,PBPR_RS10865,1,0.9144529104232788,0.9396424889564514,0.9492939114570618,0.9594388604164124,0.8818475008010864,0.9176450967788696,0.9793763160705566,0.8511759042739868,0.9442498087882996,0.8918877243995667,0.922901052236557,1
PBPR_RS11435,PBPR_RS11440,1,0.9806276559829712,0.980908215045929,0.9806421399116516,0.9773839712142944,0.9590283632278442,0.9622564315795898,0.9968769550323486,0.9798546433448792,0.9584190845489502,0.9752805233001709,0.9751277983188629,1
PBPR_RS11440,PBPR_RS11445,1,0.9310269355773926,0.8815727829933167,0.8315798044204712,0.701849639415741,0.8402894735336304,0.8853105902671814,0.8860223293304443,0.7246553897857666,0.8674008846282959,0.7109119296073914,0.8260619759559631,1
PBPR_RS12165,PBPR_RS12170,1,0.9699496030807495,0.9551534056663513,0.9723350405693054,0.9717621803283691,0.9485753178596497,0.9521777629852295,0.9771538376808167,0.9534524083137512,0.9579893946647644,0.9443750977516174,0.9602924048900604,1
PBPR_RS12170,PBPR_RS12175,1,0.9316220879554749,0.9605550169944763,0.9818487763404846,0.9789035320281982,0.9217469692230225,0.9402971863746643,0.9923012852668762,0.9319205284118652,0.9340724349021912,0.9561824202537537,0.9529450237751007,1
PBPR_RS12415,PBPR_RS12420,1,0.965735912322998,0.9595890045166016,0.9587745070457458,0.9676504731178284,0.9481401443481445,0.9358173608779907,0.9623790383338928,0.9426431059837341,0.9606947302818298,0.8838617205619812,0.9485285997390747,1
PBPR_RS12420,PBPR_RS12425,1,0.9869593381881714,0.9832655191421509,0.9802499413490295,0.9861747622489929,0.962395191192627,0.9616183042526245,0.9920918941497803,0.9760227799415588,0.9683449268341064,0.9789546728134155,0.9776077330112457,1
PBPR_RS12425,PBPR_RS12430,1,0.9826440215110779,0.982833981513977,0.9746888279914856,0.9741475582122803,0.9767786264419556,0.9637171030044556,0.9942705035209656,0.9824121594429016,0.966734766960144,0.9785604476928711,0.9776787996292114,1
PBPR_RS12430,PBPR_RS12435,1,0.9831465482711792,0.9691822528839111,0.963819146156311,0.9658745527267456,0.9502353668212891,0.9566549062728882,0.9417192935943604,0.9588263034820557,0.9715097546577454,0.9674378037452698,0.9628405928611755,1
PBPR_RS12510,PBPR_RS12515,1,0.9799612760543823,0.9798311591148376,0.9839195609092712,0.9862398505210876,0.94002366065979,0.9695218205451965,0.9955644607543945,0.9668408036231995,0.97376948595047,0.9797707796096802,0.9755442857742309,1
PBPR_RS12515,PBPR_RS12520,1,0.9843038320541382,0.9860122203826904,0.9811459183692932,0.9864040613174438,0.9707950949668884,0.9687985777854919,0.9845834374427795,0.9754928946495056,0.9705934524536133,0.9838691353797913,0.9791998624801636,1
PBPR_RS12640,PBPR_RS12645,1,0.9717376232147217,0.9447800517082214,0.9520046710968018,0.9759470224380493,0.9206504821777344,0.9371384978294373,0.9579739570617676,0.9441346526145935,0.9556665420532227,0.9497067928314209,0.950974029302597,1
PBPR_RS12645,PBPR_RS12650,1,0.987476646900177,0.9697674512863159,0.983880877494812,0.9832354784011841,0.954481840133667,0.9589775204658508,0.9921889901161194,0.9680745601654053,0.9552299976348877,0.9760561585426331,0.9729369521141052,1
PBPR_RS12650,PBPR_RS12655,1,0.9783242344856262,0.9659141898155212,0.9699938893318176,0.9764319062232971,0.9611868262290955,0.9555479288101196,0.9961693286895752,0.9689158201217651,0.965991199016571,0.9450269341468811,0.968350225687027,1
PBPR_RS12655,PBPR_RS12660,0,0.9636608958244324,0.9713300466537476,0.9705619812011719,0.9708423018455505,0.9514001607894897,0.9571481943130493,0.991566002368927,0.9613754749298096,0.936217725276947,0.9555130004882812,0.9629615783691406,1
PBPR_RS12660,PBPR_RS12665,1,0.9792540669441223,0.976184070110321,0.9695225358009338,0.9803470373153687,0.9629660844802856,0.9584299325942993,0.9842585325241089,0.9699234366416931,0.9707140922546387,0.9717915058135986,0.972339129447937,1
PBPR_RS12685,PBPR_RS12690,1,0.9387937784194946,0.9099420309066772,0.9148276448249817,0.9527134895324707,0.9210677146911621,0.9166873693466187,0.9303269982337952,0.744361937046051,0.8008154630661011,0.907123327255249,0.8936659753322601,1
PBPR_RS12690,PBPR_RS12695,1,0.9842667579650879,0.9735998511314392,0.9702283143997192,0.9771957993507385,0.956203281879425,0.9598053693771362,0.9805980324745178,0.9708424210548401,0.9680917859077454,0.9803118705749512,0.9721143484115601,1
PBPR_RS12695,PBPR_RS12700,1,0.9840412139892578,0.9701581001281738,0.9703927040100098,0.9335865378379822,0.9375835061073303,0.9546893239021301,0.9916276931762695,0.9595006704330444,0.9627314805984497,0.9641618728637695,0.9628473103046418,1
PBPR_RS12760,PBPR_RS12765,1,0.985031008720398,0.9641014337539673,0.9732031226158142,0.9778616428375244,0.9264771938323975,0.9650365710258484,0.931321918964386,0.9166032671928406,0.9331515431404114,0.938277542591095,0.9511065244674682,1
PBPR_RS13035,PBPR_RS13040,1,0.9806906580924988,0.9751647114753723,0.9786050319671631,0.9730006456375122,0.9463405013084412,0.9541610479354858,0.9913338422775269,0.9630202651023865,0.9477855563163757,0.9751071929931641,0.9685209453105926,1
PBPR_RS13040,PBPR_RS13045,1,0.9801904559135437,0.9727367162704468,0.9743859767913818,0.9777645468711853,0.9451106786727905,0.9540559649467468,0.9940941333770752,0.9647473692893982,0.9654921293258667,0.9618400931358337,0.9690418064594268,1
PBPR_RS13045,PBPR_RS13050,1,0.973421037197113,0.9593119025230408,0.9688969850540161,0.9721781611442566,0.9445527195930481,0.9540667533874512,0.9915828704833984,0.9613337516784668,0.9567334651947021,0.9699763059616089,0.9652053952217102,1
PBPR_RS13050,PBPR_RS13055,1,0.9856430292129517,0.9872710108757019,0.9755505919456482,0.9801954627037048,0.9722051620483398,0.9678398966789246,0.9921995401382446,0.9773121476173401,0.964588463306427,0.983787477016449,0.9786592781543731,1
PBPR_RS13055,PBPR_RS13060,1,0.46440061926841736,0.42052507400512695,0.43919888138771057,0.4525281488895416,0.7168296575546265,0.4915400743484497,0.5483970642089844,0.3829180896282196,0.5919644832611084,0.3255796432495117,0.48338817358016967,0
PBPR_RS13095,PBPR_RS13100,1,0.8697202801704407,0.925922155380249,0.9201037287712097,0.9187563061714172,0.8524537682533264,0.9117779731750488,0.8630285859107971,0.8685992956161499,0.9186511635780334,0.8948403596878052,0.8943853616714478,1
PBPR_RS13160,PBPR_RS13165,1,0.853624165058136,0.9361599087715149,0.9120393991470337,0.9453535079956055,0.9041945934295654,0.8772916197776794,0.9491282105445862,0.8050329685211182,0.9317883253097534,0.7071280479431152,0.8821740746498108,1
PBPR_RS13290,PBPR_RS13295,1,0.6373258233070374,0.7357183694839478,0.8050180077552795,0.706944465637207,0.8396270871162415,0.6403128504753113,0.8011766672134399,0.6013275384902954,0.5655142664909363,0.7911199927330017,0.7124085068702698,1
PBPR_RS13575,PBPR_RS13580,1,0.9746801853179932,0.9618917107582092,0.9777189493179321,0.9860711693763733,0.9415862560272217,0.9642336964607239,0.9807100892066956,0.9235528707504272,0.934456467628479,0.9738122224807739,0.9618713617324829,1
PBPR_RS13590,PBPR_RS13595,1,0.9857105016708374,0.9780455827713013,0.9807646870613098,0.9714813828468323,0.971587598323822,0.9688032865524292,0.9876531362533569,0.9805519580841064,0.9666881561279297,0.9748038053512573,0.9766090095043183,1
PBPR_RS13690,PBPR_RS13695,1,0.9822534322738647,0.9777991771697998,0.9866397976875305,0.9560065865516663,0.9701020121574402,0.9648163914680481,0.9925842881202698,0.9822518229484558,0.9493629336357117,0.9817522764205933,0.974356871843338,1
PBPR_RS13930,PBPR_RS13935,1,0.8557673692703247,0.7673981785774231,0.9140346050262451,0.9262320399284363,0.8781293630599976,0.8456484079360962,0.901595413684845,0.6600053906440735,0.8224033117294312,0.8262165188789368,0.8397430598735809,1
PBPR_RS14100,PBPR_RS14105,1,0.9334813356399536,0.8859124779701233,0.8837767839431763,0.892256498336792,0.8909064531326294,0.8802319169044495,0.8762112855911255,0.8513739705085754,0.9306286573410034,0.7292913198471069,0.8754070699214935,1
PBPR_RS14105,PBPR_RS14130,0,0.0009669805294834077,0.0015387901803478599,0.0007869316032156348,0.0003454599354881793,0.004395700991153717,0.014388413168489933,0.001530610490590334,0.0016492223367094994,0.00485477689653635,0.00039751239819452167,0.0030854398530209435,0
PBPR_RS14130,PBPR_RS14135,1,0.9203327894210815,0.9462978839874268,0.9685665965080261,0.9475396871566772,0.9278268218040466,0.941428005695343,0.9828653931617737,0.916054904460907,0.9338478446006775,0.9024490714073181,0.9387208998203278,1
PBPR_RS14135,PBPR_RS14140,1,0.9688363671302795,0.9460143446922302,0.9511513710021973,0.9690750241279602,0.9015358686447144,0.9488391876220703,0.9916536808013916,0.9339116215705872,0.9536353349685669,0.9530785083770752,0.9517731308937073,1
PBPR_RS14140,PBPR_RS14145,1,0.975204586982727,0.9754050374031067,0.9762911200523376,0.979851484298706,0.9574428796768188,0.9565584659576416,0.9894149899482727,0.9784557819366455,0.9541337490081787,0.9662114977836609,0.9708969593048096,1
PBPR_RS14250,PBPR_RS14255,1,0.9725333452224731,0.978034257888794,0.9823334813117981,0.9836755990982056,0.9709517359733582,0.9661057591438293,0.9698748588562012,0.971458911895752,0.9852616786956787,0.9813766479492188,0.9761606276035308,1
PBPR_RS14500,PBPR_RS14505,1,0.6903637647628784,0.7974476218223572,0.7659666538238525,0.8079243302345276,0.8141505718231201,0.7367950677871704,0.8345817923545837,0.6732872128486633,0.6500536799430847,0.7677759528160095,0.7538346648216248,1
PBPR_RS14645,PBPR_RS14650,1,0.9774803519248962,0.9597389698028564,0.9664691686630249,0.9697648286819458,0.9489456415176392,0.9426079988479614,0.9846743941307068,0.9489620327949524,0.9597180485725403,0.9320394396781921,0.9590400874614715,1
PBPR_RS14650,PBPR_RS14655,0,0.4697265923023224,0.5467034578323364,0.6795571446418762,0.6185047626495361,0.7633804082870483,0.681710422039032,0.7721468210220337,0.49814388155937195,0.6660268306732178,0.44442686438560486,0.614032718539238,1
PBPR_RS14655,PBPR_RS14660,1,0.9853988885879517,0.9659087657928467,0.9798378348350525,0.9809064865112305,0.9436904788017273,0.9602221250534058,0.9874125123023987,0.9694656133651733,0.9683145880699158,0.9784199595451355,0.9719577252864837,1
PBPR_RS14690,PBPR_RS14695,1,0.992067813873291,0.985564649105072,0.9955258965492249,0.9894214868545532,0.9845943450927734,0.9457082748413086,0.9981697797775269,0.978920578956604,0.9367592930793762,0.9888895750045776,0.9795621693134308,1
PBPR_RS14695,PBPR_RS14700,0,0.9788370132446289,0.9356372952461243,0.985005795955658,0.976535975933075,0.9202843308448792,0.9532296657562256,0.9794204235076904,0.9409283399581909,0.9570513367652893,0.9648134708404541,0.9591743648052216,1
PBPR_RS14700,PBPR_RS14705,1,0.9764943718910217,0.9779242873191833,0.9700727462768555,0.9693549275398254,0.95964115858078,0.9622222185134888,0.9373413920402527,0.9659439921379089,0.9865630865097046,0.9779213666915894,0.9683479547500611,1
PBPR_RS14725,PBPR_RS14730,1,0.98326575756073,0.9810123443603516,0.9821626543998718,0.9828792214393616,0.9724413156509399,0.9687165021896362,0.994425892829895,0.9797788262367249,0.9794608354568481,0.9805508255958557,0.9804694175720214,1
PBPR_RS14730,PBPR_RS14745,0,0.0018449646886438131,0.0013950752327218652,0.005924440920352936,0.010821807198226452,0.006668429356068373,0.017633285373449326,0.0017385903047397733,0.0035169420298188925,0.006377673242241144,0.0006218931521289051,0.005654310149839148,0
PBPR_RS14745,PBPR_RS14750,1,0.7417483329772949,0.8541285991668701,0.8598346710205078,0.9011732339859009,0.8806647658348083,0.7842405438423157,0.8747832179069519,0.8249610066413879,0.6784217953681946,0.7581843733787537,0.8158140540122986,1
PBPR_RS14770,PBPR_RS14775,1,0.9880667328834534,0.9854422807693481,0.9809119701385498,0.9780864119529724,0.9713150858879089,0.9898422956466675,0.9655559062957764,0.9846757054328918,0.9920337200164795,0.9883172512054443,0.9824247360229492,1
PBPR_RS14775,PBPR_RS14780,1,0.794055163860321,0.9163812398910522,0.9009882211685181,0.7592177987098694,0.936513364315033,0.8812196850776672,0.9685571193695068,0.8400662541389465,0.5877259373664856,0.9269686937332153,0.8511693477630615,1
PBPR_RS14805,PBPR_RS14810,1,0.9834061861038208,0.9785977005958557,0.9803094863891602,0.9791794419288635,0.9599438309669495,0.9593623876571655,0.9904994368553162,0.9667181372642517,0.9694296717643738,0.9848690032958984,0.9752315282821655,1
PBPR_RS14860,PBPR_RS14865,1,0.992721676826477,0.9804182648658752,0.9789997935295105,0.9815885424613953,0.9673519730567932,0.9884875416755676,0.9835585951805115,0.983923077583313,0.9824724793434143,0.9827449321746826,0.9822266876697541,1
PBPR_RS14865,PBPR_RS14955,0,5.6960576330311596e-05,0.000548953132238239,0.00025442091282457113,0.00011617351265158504,0.0002728643885347992,0.0007022389909252524,0.00012244262325111777,0.0001466904068365693,0.00028534320881590247,2.256383595522493e-05,0.0002528651588363573,0
PBPR_RS14955,PBPR_RS14960,1,0.9832239747047424,0.9848071932792664,0.9613908529281616,0.984404444694519,0.9644501209259033,0.955280601978302,0.9939749240875244,0.9651164412498474,0.9559202194213867,0.971849799156189,0.9720418572425842,1
PBPR_RS14995,PBPR_RS15000,1,0.9873386025428772,0.9896589517593384,0.9898058772087097,0.9911191463470459,0.9808987379074097,0.9727343320846558,0.9970555901527405,0.9847277402877808,0.9654476046562195,0.9911061525344849,0.9849892735481263,1
PBPR_RS15135,PBPR_RS15140,1,0.6561945676803589,0.7381221055984497,0.4891742467880249,0.5455294251441956,0.7512210011482239,0.6634910106658936,0.8137523531913757,0.41754135489463806,0.6726234555244446,0.33831867575645447,0.608596819639206,1
PBPR_RS15180,PBPR_RS15185,1,0.6645621061325073,0.7256075739860535,0.6904377341270447,0.692423403263092,0.600152850151062,0.8162669539451599,0.6273711919784546,0.6043901443481445,0.7823429107666016,0.630190372467041,0.6833745241165161,1
PBPR_RS15185,PBPR_RS15190,0,0.21887457370758057,0.3188977539539337,0.11240242421627045,0.281228244304657,0.6556742787361145,0.5117371678352356,0.3453596234321594,0.17585863173007965,0.8226748704910278,0.15583594143390656,0.3598543509840965,0
PBPR_RS15190,PBPR_RS15195,1,0.5201816558837891,0.7982133030891418,0.6180024743080139,0.561707079410553,0.7782581448554993,0.6970238089561462,0.7874801158905029,0.457927942276001,0.7904531955718994,0.4764806032180786,0.6485728323459625,1
PBPR_RS15195,PBPR_RS15220,0,0.003308407263830304,0.0034881297033280134,0.006219312082976103,0.05743725597858429,0.026072850450873375,0.03531789407134056,0.012861494906246662,0.013945912010967731,0.011457844637334347,0.009584836661815643,0.0179693937767297,0
PBPR_RS15220,PBPR_RS15225,1,0.9827995300292969,0.9770167469978333,0.9817285537719727,0.9857638478279114,0.9590619802474976,0.961641252040863,0.9921579360961914,0.9565944671630859,0.9604946970939636,0.9465328454971313,0.9703791856765747,1
PBPR_RS15770,PBPR_RS15775,1,0.9872015118598938,0.9764747023582458,0.9909707903862,0.9910740852355957,0.979174792766571,0.9638828039169312,0.9981908202171326,0.9585123062133789,0.9627047181129456,0.984351396560669,0.9792537927627564,1
PBPR_RS15905,PBPR_RS15910,1,0.9906466007232666,0.9870866537094116,0.9847665429115295,0.9839903116226196,0.9759976267814636,0.973555326461792,0.9745779633522034,0.9827114939689636,0.9887900948524475,0.9941117167472839,0.9836234331130982,1
PBPR_RS15965,PBPR_RS15970,1,0.9909185767173767,0.9890621900558472,0.9900937676429749,0.9780179262161255,0.9886767268180847,0.9865427613258362,0.991545557975769,0.9858912825584412,0.9855071306228638,0.992957353591919,0.9879213273525238,1
PBPR_RS16015,PBPR_RS16020,1,0.9884631633758545,0.9866212010383606,0.9886396527290344,0.9833669066429138,0.9763087034225464,0.9683225154876709,0.9594653844833374,0.9825801253318787,0.9907238483428955,0.9867326617240906,0.9811224162578582,1
PBPR_RS16130,PBPR_RS16135,1,0.6729298233985901,0.7444007396697998,0.6926900744438171,0.5776113271713257,0.8166733384132385,0.8048170804977417,0.7973387241363525,0.5436346530914307,0.8492087721824646,0.20325441658496857,0.670255894958973,1
PBPR_RS16135,PBPR_RS16140,1,0.9826858043670654,0.9750264286994934,0.9692333340644836,0.9643423557281494,0.9715209007263184,0.9589976668357849,0.952475368976593,0.9606274962425232,0.9834620952606201,0.9795590043067932,0.9697930455207825,1
PBPR_RS16140,PBPR_RS16145,1,0.9620568752288818,0.9407649636268616,0.9322823286056519,0.975320041179657,0.953040599822998,0.9516410827636719,0.9745059013366699,0.9289211630821228,0.9570608735084534,0.9020707607269287,0.9477664589881897,1
PBPR_RS16145,PBPR_RS16150,1,0.9743072986602783,0.9676032066345215,0.9589243531227112,0.972561776638031,0.9425259828567505,0.9541031718254089,0.9861935377120972,0.9705169796943665,0.9660567045211792,0.9154425263404846,0.9608235538005829,1
PBPR_RS16290,PBPR_RS16295,1,0.6040688753128052,0.8863500952720642,0.5120589733123779,0.5624512434005737,0.8380258679389954,0.7397473454475403,0.8295998573303223,0.5789188146591187,0.671014666557312,0.574329674243927,0.6796565413475036,1
PBPR_RS16295,PBPR_RS16300,1,0.8758993744850159,0.8810644149780273,0.8613002896308899,0.9267087578773499,0.9166557192802429,0.8833632469177246,0.981518030166626,0.8236740231513977,0.8418397307395935,0.8483744263648987,0.8840398013591766,1
PBPR_RS16405,PBPR_RS16410,1,0.9844363927841187,0.9647252559661865,0.9793378710746765,0.9693603515625,0.9678956270217896,0.9540425539016724,0.989924967288971,0.9813850522041321,0.9619286060333252,0.9748402833938599,0.9727876961231232,1
PBPR_RS16510,PBPR_RS16515,1,0.9872998595237732,0.984207034111023,0.9761101603507996,0.9772905111312866,0.9844568371772766,0.9769396781921387,0.9934664964675903,0.9807658791542053,0.9805938005447388,0.9852551221847534,0.9826385378837585,1
PBPR_RS16515,PBPR_RS16520,1,0.9854143261909485,0.9617219567298889,0.959520161151886,0.9515413641929626,0.9739995002746582,0.9664703011512756,0.9906834363937378,0.9591363072395325,0.9753902554512024,0.9620717763900757,0.9685949385166168,1
PBPR_RS16520,PBPR_RS16525,1,0.9909406900405884,0.990921676158905,0.9752906560897827,0.9865127801895142,0.9840957522392273,0.9835865497589111,0.9952620267868042,0.9861502647399902,0.9837567806243896,0.9860855340957642,0.9862602710723877,1
PBPR_RS16525,PBPR_RS16530,1,0.9490577578544617,0.9761861562728882,0.9606596827507019,0.968242347240448,0.9272393584251404,0.9545720815658569,0.986071765422821,0.917369544506073,0.9322555065155029,0.916202962398529,0.9487857162952423,1
PBPR_RS16530,PBPR_RS16535,1,0.9034398198127747,0.9367966055870056,0.9673817157745361,0.9508469700813293,0.8716444969177246,0.9149348735809326,0.9641665816307068,0.8410974740982056,0.9222055077552795,0.8748767375946045,0.9147390782833099,1
PBPR_RS16535,PBPR_RS16540,1,0.6183760762214661,0.8241672515869141,0.6784189343452454,0.8640264272689819,0.8342564105987549,0.6635572910308838,0.9427929520606995,0.45497965812683105,0.9055594801902771,0.41721659898757935,0.7203351080417633,1
PBPR_RS16540,PBPR_RS16545,0,0.9814784526824951,0.9604732394218445,0.9864963889122009,0.9859035015106201,0.9254913330078125,0.9330575466156006,0.97715163230896,0.9191159009933472,0.9349671006202698,0.9672204256057739,0.9571355521678925,1
PBPR_RS16545,PBPR_RS16550,1,0.7845711708068848,0.8313553333282471,0.8096393942832947,0.6675130128860474,0.8599269390106201,0.8281868696212769,0.8938488960266113,0.6654717922210693,0.9135372042655945,0.8367151618003845,0.809076577425003,1
PBPR_RS16550,PBPR_RS16555,1,0.9895075559616089,0.9820941686630249,0.977246105670929,0.9781754016876221,0.9686413407325745,0.9816613793373108,0.9822841286659241,0.973802924156189,0.9808534979820251,0.9792686700820923,0.97935351729393,1
PBPR_RS16890,PBPR_RS16895,1,0.8113222718238831,0.7561491131782532,0.9676638245582581,0.8277670741081238,0.8668963313102722,0.7969390153884888,0.8989641666412354,0.7705721259117126,0.6222406029701233,0.8526943325996399,0.817120885848999,1
PBPR_RS17145,PBPR_RS17150,1,0.9766213893890381,0.967613697052002,0.961942732334137,0.9676584005355835,0.9529197812080383,0.9480577111244202,0.9766838550567627,0.9607126116752625,0.9733109474182129,0.9408299922943115,0.9626351118087768,1
PBPR_RS17150,PBPR_RS17155,1,0.9877296090126038,0.9880988597869873,0.988697350025177,0.9906414151191711,0.9779710173606873,0.9754898548126221,0.996944785118103,0.983127236366272,0.9718964695930481,0.9889803528785706,0.9849576950073242,1
PBPR_RS17155,PBPR_RS17160,1,0.9646391868591309,0.9475891590118408,0.9508509635925293,0.9559709429740906,0.9443724155426025,0.9260047674179077,0.9787498712539673,0.8952711224555969,0.896851658821106,0.9378977417945862,0.9398197829723358,1
PBPR_RS17275,PBPR_RS17280,1,0.9497768878936768,0.9733327627182007,0.9514796733856201,0.9705649614334106,0.9487800002098083,0.9535248279571533,0.9831369519233704,0.9514641165733337,0.9275746941566467,0.9680213928222656,0.9577656269073487,1
PBPR_RS17280,PBPR_RS17285,1,0.920157790184021,0.8535739183425903,0.8249366283416748,0.8028124570846558,0.8719837665557861,0.9088432192802429,0.8910824656486511,0.8245128393173218,0.9333521723747253,0.7995219826698303,0.86307772397995,1
PBPR_RS17285,PBPR_RS17290,0,0.18124982714653015,0.29180535674095154,0.3321722149848938,0.061350900679826736,0.08733442425727844,0.17010867595672607,0.1299755722284317,0.10977521538734436,0.05254068970680237,0.08359307795763016,0.14999059550464153,0
PBPR_RS17290,PBPR_RS17295,1,0.9793112874031067,0.9514874815940857,0.9755520820617676,0.9655347466468811,0.9079228639602661,0.9735124707221985,0.9168555736541748,0.9773112535476685,0.9849576354026794,0.972806453704834,0.9605251848697662,1
PBPR_RS17345,PBPR_RS17350,1,0.6807690858840942,0.7972835302352905,0.5941835045814514,0.7321817278862,0.6718296408653259,0.7718658447265625,0.7223361730575562,0.6326701641082764,0.8549563884735107,0.6733307838439941,0.7131406843662262,1
PBPR_RS17380,PBPR_RS17385,1,0.9767290353775024,0.9716131091117859,0.9872737526893616,0.9819424748420715,0.9511504769325256,0.9576104283332825,0.9936028122901917,0.9549122452735901,0.9313230514526367,0.9696850776672363,0.9675842463970185,1
PBPR_RS17490,PBPR_RS17495,1,0.9853879809379578,0.9683597087860107,0.9733423590660095,0.9800847768783569,0.947151243686676,0.9653494954109192,0.970246434211731,0.9673107862472534,0.9735056161880493,0.9825394749641418,0.9713277876377105,1
PBPR_RS17670,PBPR_RS17675,1,0.525012195110321,0.6166954636573792,0.7143523097038269,0.4940246045589447,0.8487786054611206,0.672758936882019,0.8841195106506348,0.5411015748977661,0.5839611887931824,0.487718403339386,0.6368522793054581,1
PBPR_RS17720,PBPR_RS17725,1,0.5419390201568604,0.41787880659103394,0.7674726247787476,0.6990852355957031,0.7189443707466125,0.7245951890945435,0.6380555033683777,0.403117299079895,0.5520176291465759,0.6509839296340942,0.6114089608192443,1
PBPR_RS17725,PBPR_RS17730,1,0.8242825269699097,0.9285315275192261,0.8697569966316223,0.9294538497924805,0.8990656137466431,0.9187701344490051,0.9612305760383606,0.8550336360931396,0.8451310992240906,0.8462540507316589,0.8877510011196137,1
PBPR_RS17900,PBPR_RS17905,1,0.9839237928390503,0.9760145545005798,0.9665566682815552,0.9808054566383362,0.9568820595741272,0.9754230976104736,0.9736327528953552,0.969157874584198,0.9853013753890991,0.9709144234657288,0.9738612055778504,1
PBPR_RS17960,PBPR_RS17965,1,0.9791640043258667,0.966274082660675,0.9776604771614075,0.9817408323287964,0.9484556913375854,0.9492695927619934,0.9953011870384216,0.9691023826599121,0.9569785594940186,0.9637302756309509,0.9687677085399627,1
PBPR_RS18160,PBPR_RS18165,1,0.985178530216217,0.9812336564064026,0.9744451642036438,0.9704222083091736,0.952855110168457,0.9735427498817444,0.9856311678886414,0.9759807586669922,0.9807966947555542,0.9789142608642578,0.9759000301361084,1
PBPR_RS19005,PBPR_RS19010,1,0.991185188293457,0.9895825982093811,0.9922561645507812,0.9891039133071899,0.9824311137199402,0.9771679043769836,0.9980944395065308,0.9901266098022461,0.9790440201759338,0.9852781295776367,0.987427008152008,1
PBPR_RS19030,PBPR_RS19035,1,0.7370589375495911,0.5980970859527588,0.5636818408966064,0.3724620044231415,0.5598639249801636,0.697837233543396,0.40269240736961365,0.3954199552536011,0.7192928791046143,0.33773449063301086,0.5384140759706497,1
PBPR_RS19035,PBPR_RS19040,1,0.9854524731636047,0.9440562725067139,0.984409511089325,0.9887272715568542,0.9334284663200378,0.9495335817337036,0.9942132830619812,0.9582296013832092,0.9635084271430969,0.9689085483551025,0.9670467436313629,1
PBPR_RS19040,PBPR_RS19045,1,0.9757829904556274,0.870661735534668,0.97666335105896,0.9869239330291748,0.8920037150382996,0.9073089361190796,0.9733512997627258,0.9360352754592896,0.9042894840240479,0.9228038191795349,0.9345824539661407,1
PBPR_RS19105,PBPR_RS19110,1,0.9572458863258362,0.85090571641922,0.8357512354850769,0.9562847018241882,0.8169127702713013,0.8881130814552307,0.7387542724609375,0.8686209917068481,0.8957687020301819,0.8656989932060242,0.8674056351184845,1
PBPR_RS19240,PBPR_RS19245,1,0.9857307076454163,0.9522411227226257,0.9764422178268433,0.9661411643028259,0.9220644235610962,0.9573708772659302,0.9787497520446777,0.9562848210334778,0.9570109248161316,0.9762356281280518,0.9628271639347077,1
PBPR_RS19245,PBPR_RS19250,1,0.9845611453056335,0.9767271876335144,0.9688780307769775,0.9770702123641968,0.962805986404419,0.9692543745040894,0.9911141395568848,0.9690603613853455,0.9829118251800537,0.9759288430213928,0.9758312106132507,1
PBPR_RS19250,PBPR_RS19255,1,0.9478444457054138,0.9218534827232361,0.820256769657135,0.962204098701477,0.8786897659301758,0.9140849709510803,0.953781008720398,0.8250003457069397,0.9221403002738953,0.8119805455207825,0.8957835733890533,1
PBPR_RS19800,PBPR_RS19805,1,0.9914026260375977,0.9927866458892822,0.9917625784873962,0.9957996606826782,0.9890540242195129,0.9834409952163696,0.9981970191001892,0.9899385571479797,0.9838153123855591,0.9810882210731506,0.9897285640239716,1
PBPR_RS20390,PBPR_RS20395,1,0.9922539591789246,0.9742533564567566,0.9805045127868652,0.9820194840431213,0.969689130783081,0.9725086688995361,0.9652189016342163,0.9850782155990601,0.989432692527771,0.9917472004890442,0.9802706122398377,1
PBPR_RS20485,PBPR_RS20490,1,0.9776129126548767,0.9573774933815002,0.9743107557296753,0.9462283849716187,0.9429932832717896,0.9531786441802979,0.9836636781692505,0.9699711203575134,0.962030827999115,0.9358206987380981,0.9603187799453735,1
PBPR_RS20890,PBPR_RS20895,1,0.9516937136650085,0.9296839833259583,0.9625470042228699,0.9651433229446411,0.9097542762756348,0.9231566786766052,0.9724327325820923,0.87550950050354,0.9335078597068787,0.9248567223548889,0.9348285794258118,1
PBPR_RS21180,PBPR_RS21185,1,0.9792391061782837,0.9860170483589172,0.9893684387207031,0.9775437116622925,0.9775375723838806,0.9699676632881165,0.9658356308937073,0.981473982334137,0.9882736802101135,0.9831465482711792,0.9798403382301331,1
PBPR_RS21730,PBPR_RS21735,1,0.9888157844543457,0.9854881763458252,0.9819189310073853,0.967622697353363,0.9718809723854065,0.9922448396682739,0.9647759795188904,0.9797913432121277,0.990557849407196,0.9877793192863464,0.981087589263916,1
PBPR_RS22790,PBPR_RS22795,1,0.9600130915641785,0.9057027697563171,0.9140716791152954,0.9713968634605408,0.8900380730628967,0.9167462587356567,0.9102096557617188,0.8864271640777588,0.9303075671195984,0.9044272303581238,0.9189340353012085,1
PBPR_RS22945,PBPR_RS22950,1,0.9503798484802246,0.9263530373573303,0.9176759123802185,0.9415505528450012,0.8917717933654785,0.9300169944763184,0.9582830667495728,0.8421570658683777,0.9347780346870422,0.8731632232666016,0.9166129529476166,1
PBPR_RS22995,PBPR_RS23000,1,0.9716910123825073,0.9882326722145081,0.9757879376411438,0.9820515513420105,0.9748073816299438,0.9640994668006897,0.9893959760665894,0.9654884338378906,0.9570410251617432,0.9766508340835571,0.9745246291160583,1
PBPR_RS24310,PBPR_RS24315,1,0.9343331456184387,0.9401440620422363,0.9372035264968872,0.9663603901863098,0.9222620129585266,0.9276198148727417,0.969470202922821,0.9011421799659729,0.945922315120697,0.9367713928222656,0.9381229043006897,1
PBPR_RS24315,PBPR_RS24320,1,0.9684969782829285,0.9425628781318665,0.9541138410568237,0.9670366048812866,0.9208316802978516,0.9307199120521545,0.9700177311897278,0.9315846562385559,0.9532895684242249,0.9168357849121094,0.9455489635467529,1
PBPR_RS24465,PBPR_RS24470,1,0.9720932245254517,0.9641432762145996,0.9469664096832275,0.9362306594848633,0.9665355086326599,0.9671583771705627,0.974417507648468,0.9732879400253296,0.9672066569328308,0.9320651292800903,0.9600104689598083,1
PBPR_RS24770,PBPR_RS24775,1,0.8722129464149475,0.7039443254470825,0.5049233436584473,0.5156418681144714,0.676741361618042,0.7991281151771545,0.6544672846794128,0.6400172710418701,0.8182988166809082,0.4590797424316406,0.6644455075263977,1
PBPR_RS24775,PBPR_RS24780,1,0.6979288458824158,0.773340106010437,0.7952664494514465,0.8776951432228088,0.720235288143158,0.672459065914154,0.7039216160774231,0.5586204528808594,0.6304677724838257,0.8005604147911072,0.7230495154857636,1
PBPR_RS25555,PBPR_RS25560,1,0.679141640663147,0.6174092292785645,0.825951874256134,0.7523340582847595,0.78003990650177,0.6713429689407349,0.7192026376724243,0.6413252949714661,0.4974585175514221,0.7508001327514648,0.6935006260871888,1
PBPR_RS25950,PBPR_RS25955,1,0.9541826844215393,0.9371459484100342,0.9461919069290161,0.9485975503921509,0.9115170836448669,0.9244979619979858,0.9533786773681641,0.8712680339813232,0.934036135673523,0.9059847593307495,0.9286800742149353,1
PBPR_RS27310,PBPR_RS27315,1,0.9867667555809021,0.9818390607833862,0.9680243730545044,0.9813956022262573,0.9766809344291687,0.9742845296859741,0.9900431036949158,0.9711336493492126,0.9681685566902161,0.9804872274398804,0.9778823792934418,1
PBPR_RS28655,PBPR_RS28650,1,0.9550197124481201,0.9483947157859802,0.9457761645317078,0.9196606874465942,0.9463066458702087,0.9242918491363525,0.9559850692749023,0.9530936479568481,0.9380499720573425,0.9001393914222717,0.9386717855930329,1
PBPR_RS28650,PBPR_RS28645,0,0.5179621577262878,0.6480220556259155,0.5295417904853821,0.4030914306640625,0.7249754071235657,0.5676150321960449,0.691120982170105,0.4379185736179352,0.4456990957260132,0.4339064657688141,0.5399852991104126,1
PBPR_RS28645,PBPR_RS28640,1,0.9826575517654419,0.9676284790039062,0.9674847722053528,0.9840140342712402,0.9540318250656128,0.9625251293182373,0.9675190448760986,0.9568197727203369,0.9670044183731079,0.9654425382614136,0.9675127565860748,1
PBPR_RS28355,PBPR_RS28350,1,0.6658334732055664,0.7050385475158691,0.9114075899124146,0.8032447695732117,0.7590646743774414,0.6787282228469849,0.9082674980163574,0.6600702404975891,0.6363714337348938,0.4330531358718872,0.7161079585552216,1
PBPR_RS28350,PBPR_RS28345,1,0.936647355556488,0.8517341017723083,0.9244610071182251,0.9513641595840454,0.8612269759178162,0.8961035013198853,0.7488734126091003,0.8269030451774597,0.859838604927063,0.8251125812530518,0.8682264745235443,1
PBPR_RS28050,PBPR_RS28045,1,0.791161835193634,0.9178870320320129,0.9294445514678955,0.8500898480415344,0.8783202171325684,0.8948444128036499,0.9197410345077515,0.8059203028678894,0.9200315475463867,0.6730917692184448,0.8580532550811768,1
PBPR_RS27810,PBPR_RS27805,1,0.7889089584350586,0.9036312699317932,0.8901326656341553,0.8683083057403564,0.924170732498169,0.8759027123451233,0.9575872421264648,0.8477939963340759,0.860720694065094,0.8195446133613586,0.873670119047165,1
PBPR_RS27700,PBPR_RS27695,1,0.9522280693054199,0.9561201930046082,0.9673748016357422,0.9539483785629272,0.9237078428268433,0.9460561871528625,0.9855027794837952,0.8964670300483704,0.9038235545158386,0.959740936756134,0.9444969773292542,1
PBPR_RS27445,PBPR_RS27440,1,0.978980541229248,0.9229624271392822,0.9616755247116089,0.9489037990570068,0.9092265367507935,0.9393658638000488,0.9326708912849426,0.9333916902542114,0.9536187648773193,0.9512079954147339,0.9432004034519196,1
PBPR_RS27185,PBPR_RS27180,1,0.9539576768875122,0.966701865196228,0.9758433103561401,0.9692650437355042,0.9365872144699097,0.9384639263153076,0.9819220900535583,0.9276160597801208,0.8939993977546692,0.9414224028587341,0.9485778987407685,1
PBPR_RS27180,PBPR_RS27175,1,0.9812679290771484,0.9688106775283813,0.9888457655906677,0.9923779368400574,0.9491475820541382,0.9658671021461487,0.9906432628631592,0.9485436677932739,0.9460318684577942,0.9711975455284119,0.9702733337879181,1
PBPR_RS27175,PBPR_RS27170,1,0.802510142326355,0.846804678440094,0.8727278709411621,0.8274726867675781,0.9195922613143921,0.8340942859649658,0.6639913320541382,0.8180514574050903,0.7381927967071533,0.9604784250259399,0.8283915936946868,1
PBPR_RS27170,PBPR_RS27165,0,0.31350889801979065,0.3517661690711975,0.494360089302063,0.17324337363243103,0.3973486125469208,0.3633534610271454,0.3342166543006897,0.35378387570381165,0.20641252398490906,0.15726248919963837,0.3145256146788597,0
PBPR_RS27165,PBPR_RS27160,1,0.8602511286735535,0.7672532796859741,0.8297823667526245,0.7874214053153992,0.8239569067955017,0.8586207032203674,0.8234297037124634,0.5333239436149597,0.7893174886703491,0.6113051176071167,0.7684662044048309,1
PBPR_RS27160,PBPR_RS27155,0,0.23248940706253052,0.11780599504709244,0.07102962583303452,0.1559353470802307,0.0728486105799675,0.15957656502723694,0.13750194013118744,0.06412719190120697,0.10046552121639252,0.02867407351732254,0.1140454277396202,0
PBPR_RS27155,PBPR_RS27150,1,0.9032188653945923,0.8937416076660156,0.9533746242523193,0.9183213710784912,0.8323907256126404,0.8648638129234314,0.909307599067688,0.79078608751297,0.788109540939331,0.9476487040519714,0.8801762938499451,1
PBPR_RS26840,PBPR_RS26835,1,0.6221323013305664,0.6795907020568848,0.6965762376785278,0.25221148133277893,0.6232255697250366,0.6164483428001404,0.6263174414634705,0.30587124824523926,0.4454154968261719,0.409138560295105,0.5276927381753922,1
PBPR_RS26800,PBPR_RS26795,1,0.9833945631980896,0.9787676930427551,0.9801750183105469,0.9732133746147156,0.9764472246170044,0.9592027068138123,0.9950934648513794,0.9825068116188049,0.9558625221252441,0.9782301783561707,0.9762893557548523,1
PBPR_RS26245,PBPR_RS26240,1,0.9826412796974182,0.9263191819190979,0.959666907787323,0.9764378070831299,0.9189770817756653,0.9468482136726379,0.9571813941001892,0.9452100396156311,0.9371936917304993,0.9481135606765747,0.9498589158058166,1
PBPR_RS26230,PBPR_RS26225,1,0.980118453502655,0.9758728742599487,0.9642378687858582,0.9764396548271179,0.961736798286438,0.9617630243301392,0.9944503903388977,0.978456974029541,0.9661943316459656,0.9648913741111755,0.9724161744117736,1
PBPR_RS25985,PBPR_RS25980,1,0.9834288954734802,0.8483079671859741,0.9785459041595459,0.9573414325714111,0.7911304235458374,0.7122489213943481,0.9699830412864685,0.9462722539901733,0.762355387210846,0.9354329109191895,0.8885047137737274,1
PBPR_RS25980,PBPR_RS25965,0,0.0008578070555813611,0.001459093065932393,0.001206640270538628,0.002338611287996173,0.012416988611221313,0.012879505753517151,0.002329279901459813,0.00201931013725698,0.003960573114454746,0.0004112913447897881,0.0039879100542748345,0
PBPR_RS25965,PBPR_RS25960,1,0.5220392942428589,0.5627835392951965,0.7399174571037292,0.47514134645462036,0.6664396524429321,0.5040308237075806,0.6253048181533813,0.5565463304519653,0.20084995031356812,0.13269546627998352,0.4985748678445816,0
PBPR_RS25435,PBPR_RS25430,1,0.974096953868866,0.9681386947631836,0.9679470658302307,0.943602979183197,0.9447753429412842,0.9422478675842285,0.9859811663627625,0.970673143863678,0.9451565146446228,0.9509849548339844,0.9593604683876038,1
PBPR_RS25405,PBPR_RS25400,1,0.9526326060295105,0.9570567011833191,0.9635403752326965,0.9364697337150574,0.9418051838874817,0.958736777305603,0.979447603225708,0.9574175477027893,0.9082230925559998,0.9750423431396484,0.9530371963977814,1
PBPR_RS25080,PBPR_RS25075,1,0.35243722796440125,0.4294888377189636,0.5181107521057129,0.47318461537361145,0.4962976276874542,0.48344355821609497,0.6114313006401062,0.22992931306362152,0.2598540186882019,0.3948608338832855,0.42490380853414533,0
PBPR_RS23870,PBPR_RS23865,1,0.9856506586074829,0.9780873656272888,0.9787780046463013,0.9834021925926208,0.9598795771598816,0.957780659198761,0.9858985543251038,0.9787429571151733,0.9693901538848877,0.971244752407074,0.9748854875564575,1
PBPR_RS23555,PBPR_RS23550,1,0.9841762185096741,0.9311171770095825,0.986614465713501,0.9607632160186768,0.7339159846305847,0.9094763994216919,0.9791854023933411,0.9564476609230042,0.8413735032081604,0.9722149968147278,0.9255285024642944,1
PBPR_RS23440,PBPR_RS23435,1,0.7293888926506042,0.6295406222343445,0.8334957957267761,0.28062453866004944,0.612879753112793,0.5680796504020691,0.5056232213973999,0.4551697373390198,0.34515389800071716,0.6022990942001343,0.5562255203723907,1
PBPR_RS21975,PBPR_RS21970,1,0.9608508944511414,0.9520865082740784,0.9453012943267822,0.9606916308403015,0.9203434586524963,0.9265149235725403,0.9556160569190979,0.8854243159294128,0.955960750579834,0.8418808579444885,0.9304670691490173,1
PBPR_RS21840,PBPR_RS21835,1,0.7777949571609497,0.8471201062202454,0.6664819121360779,0.8633338212966919,0.8785402774810791,0.8445132374763489,0.9342923760414124,0.7069571018218994,0.6956655383110046,0.7780394554138184,0.7992738783359528,1
PBPR_RS21340,PBPR_RS21335,1,0.9695180058479309,0.9322934150695801,0.9651825428009033,0.9744225740432739,0.8823752403259277,0.9216240644454956,0.9466040730476379,0.8920487761497498,0.9429275989532471,0.9402912259101868,0.9367287516593933,1
PBPR_RS21335,PBPR_RS21330,1,0.9407709836959839,0.9176668524742126,0.9312012791633606,0.9861594438552856,0.9028003811836243,0.9167839884757996,0.9007279276847839,0.8164004683494568,0.8853667974472046,0.9183688759803772,0.9116246998310089,1
PBPR_RS21330,PBPR_RS21325,1,0.9136792421340942,0.8918333649635315,0.819424033164978,0.8426355123519897,0.9023704528808594,0.8833134174346924,0.7900775074958801,0.8585156798362732,0.8850182890892029,0.8439989686012268,0.8630866467952728,1
PBPR_RS21325,PBPR_RS21320,1,0.9305240511894226,0.9174981713294983,0.937920093536377,0.959963858127594,0.9265870451927185,0.9334481954574585,0.9506910443305969,0.8731634020805359,0.9411861300468445,0.8871561288833618,0.9258138120174408,1
PBPR_RS21320,PBPR_RS21315,1,0.9884633421897888,0.9855774641036987,0.9909800291061401,0.982198178768158,0.9711257815361023,0.9750015735626221,0.953940749168396,0.981219470500946,0.9898931980133057,0.9903712868690491,0.9808771073818207,1
PBPR_RS20865,PBPR_RS20860,1,0.3751804232597351,0.3398056924343109,0.4987322986125946,0.13919280469417572,0.2663773000240326,0.5123448967933655,0.2712787389755249,0.38405025005340576,0.13823862373828888,0.40563514828681946,0.33308361768722533,0
PBPR_RS20355,PBPR_RS20350,1,0.9899896383285522,0.979935348033905,0.9714710116386414,0.9788691401481628,0.9723806977272034,0.979203999042511,0.9790827631950378,0.9812219142913818,0.9874100089073181,0.9897683262825012,0.9809332847595215,1
PBPR_RS20070,PBPR_RS20065,1,0.6185475587844849,0.5781236886978149,0.4866992235183716,0.6573421955108643,0.6674109101295471,0.8123050928115845,0.6059626936912537,0.41460663080215454,0.5831959247589111,0.5217216610908508,0.5945915579795837,1
PBPR_RS19995,PBPR_RS19990,1,0.9892743229866028,0.9801697731018066,0.9602713584899902,0.9730969071388245,0.9729205965995789,0.9824457764625549,0.9590936303138733,0.9752301573753357,0.9875841736793518,0.9891300797462463,0.9769216775894165,1
PBPR_RS18960,PBPR_RS18955,1,0.9826756119728088,0.9718803763389587,0.9786580204963684,0.948233962059021,0.9654796123504639,0.9613988399505615,0.9818883538246155,0.9772529602050781,0.9668213129043579,0.9729894995689392,0.9707278549671173,1
PBPR_RS18955,PBPR_RS18950,0,0.9429786801338196,0.8912463784217834,0.8810502290725708,0.7950542569160461,0.9542391896247864,0.9404616355895996,0.8951098918914795,0.7524941563606262,0.9033297896385193,0.8212718367576599,0.8777236044406891,1
PBPR_RS18950,PBPR_RS18945,1,0.6966930627822876,0.6358556151390076,0.9155216813087463,0.5528071522712708,0.7615460157394409,0.7987273931503296,0.8868085145950317,0.6524837017059326,0.6495087146759033,0.5215669274330139,0.7071518778800965,1
PBPR_RS18945,PBPR_RS18940,1,0.9953282475471497,0.9933299422264099,0.9913187026977539,0.994003415107727,0.9927365779876709,0.9928034543991089,0.9958143830299377,0.9954324960708618,0.9903765916824341,0.9940422773361206,0.9935186088085175,1
PBPR_RS18940,PBPR_RS18935,0,0.9498723745346069,0.9594452977180481,0.9634215235710144,0.9731966257095337,0.9403884410858154,0.9439564347267151,0.9613085389137268,0.9412076473236084,0.8897480368614197,0.9703289270401001,0.9492873847484589,1
PBPR_RS18935,PBPR_RS18930,1,0.9234089851379395,0.9092285633087158,0.9111844301223755,0.8876635432243347,0.8980563282966614,0.9223519563674927,0.9165862202644348,0.7162642478942871,0.8876644372940063,0.8497124910354614,0.882212120294571,1
PBPR_RS18930,PBPR_RS18925,1,0.9798431992530823,0.9736664295196533,0.9677007794380188,0.9795252680778503,0.9724085330963135,0.971168041229248,0.9741449356079102,0.9821911454200745,0.9801412224769592,0.9753825068473816,0.9756172060966491,1
PBPR_RS18925,PBPR_RS18920,0,0.9826873540878296,0.957439661026001,0.9680632948875427,0.9528123140335083,0.9503416419029236,0.9538310170173645,0.9679989814758301,0.963562548160553,0.9763637781143188,0.9761685729026794,0.9649269163608551,1
PBPR_RS18920,PBPR_RS18915,1,0.8658287525177002,0.8218551278114319,0.9529945254325867,0.9883564710617065,0.8813564777374268,0.8190979361534119,0.9787754416465759,0.7959107756614685,0.8169898986816406,0.8175196051597595,0.8738685011863708,1
PBPR_RS18885,PBPR_RS18880,1,0.9722095727920532,0.9591805338859558,0.9263896346092224,0.9506169557571411,0.9614892601966858,0.9643468260765076,0.9480478763580322,0.9719509482383728,0.968166172504425,0.959086000919342,0.9581483781337738,1
PBPR_RS18615,PBPR_RS18610,1,0.9894693493843079,0.9830639362335205,0.9816124439239502,0.9837085604667664,0.9685324430465698,0.9948773980140686,0.9822576642036438,0.9877392649650574,0.9848254919052124,0.9885159134864807,0.9844602465629577,1
PBPR_RS18610,PBPR_RS18605,0,0.9505125880241394,0.9724657535552979,0.9826570153236389,0.9701892137527466,0.951923668384552,0.9657905697822571,0.9511879086494446,0.9536255598068237,0.9696741700172424,0.9931030869483948,0.9661129534244537,1
PBPR_RS18605,PBPR_RS18600,1,0.7815012335777283,0.8936102986335754,0.8909990787506104,0.6378927826881409,0.8213098049163818,0.8910069465637207,0.9366040229797363,0.5250350832939148,0.7874773740768433,0.7762780785560608,0.7941714704036713,1
PBPR_RS18600,PBPR_RS18595,1,0.9511150121688843,0.9209099411964417,0.9350305199623108,0.8160375356674194,0.9494775533676147,0.9220403432846069,0.9572876691818237,0.8765716552734375,0.9041426777839661,0.9417476058006287,0.9174360513687134,1
PBPR_RS18595,PBPR_RS18590,1,0.9960326552391052,0.995439350605011,0.997938871383667,0.998512327671051,0.9926556348800659,0.9935149550437927,0.9988957643508911,0.9948244094848633,0.9908353090286255,0.9926595687866211,0.9951308846473694,1
PBPR_RS18535,PBPR_RS18530,1,0.9423581957817078,0.9460963606834412,0.9498647451400757,0.9749912023544312,0.9242172241210938,0.9397873282432556,0.9824194312095642,0.9204613566398621,0.9410608410835266,0.9148372411727905,0.9436093926429748,1
PBPR_RS18325,PBPR_RS18320,1,0.9760242104530334,0.9725784659385681,0.9750400185585022,0.9867615699768066,0.9540972113609314,0.9563477635383606,0.9926696419715881,0.9690366387367249,0.9522970914840698,0.9663954377174377,0.9701248049736023,1
PBPR_RS18320,PBPR_RS18315,1,0.9817762970924377,0.9711426496505737,0.9833372235298157,0.9866150617599487,0.9633137583732605,0.9598631262779236,0.9948795437812805,0.9746505618095398,0.9497338533401489,0.970497727394104,0.9735809803009033,1
PBPR_RS18315,PBPR_RS18310,1,0.7732191681861877,0.8183162808418274,0.8729333281517029,0.8632335066795349,0.8782719373703003,0.8525429368019104,0.8467803597450256,0.6101489067077637,0.9434066414833069,0.5417107939720154,0.8000563859939576,1
PBPR_RS18310,PBPR_RS18305,0,0.12393473833799362,0.14020195603370667,0.25952109694480896,0.07356106489896774,0.20680490136146545,0.2299620658159256,0.532130241394043,0.15093746781349182,0.11687576025724411,0.1871878057718277,0.20211170986294746,0
PBPR_RS18305,PBPR_RS18300,1,0.9690036177635193,0.9133313894271851,0.9238139390945435,0.9788888096809387,0.901703953742981,0.9268951416015625,0.9594878554344177,0.8287599682807922,0.8552342057228088,0.9613932371139526,0.9218512117862702,1
PBPR_RS18300,PBPR_RS18295,1,0.8835423588752747,0.921190083026886,0.9572478532791138,0.9484829306602478,0.9621812701225281,0.9339209794998169,0.8700568079948425,0.7889515161514282,0.9384644627571106,0.9095682501792908,0.9113606512546539,1
PBPR_RS18295,PBPR_RS18290,1,0.43799665570259094,0.3599824011325836,0.3833106458187103,0.12642855942249298,0.32234835624694824,0.44569098949432373,0.5270670056343079,0.4484595060348511,0.11409803479909897,0.09219136089086533,0.3257573515176773,0
PBPR_RS18290,PBPR_RS18285,1,0.98582923412323,0.9862483143806458,0.9840425252914429,0.9867110252380371,0.9763357043266296,0.9605547785758972,0.9962018728256226,0.9825723171234131,0.9656102657318115,0.9772582054138184,0.9801364243030548,1
PBPR_RS18285,PBPR_RS18280,1,0.9692595601081848,0.9536262154579163,0.9744738340377808,0.9831464290618896,0.9420899152755737,0.941139817237854,0.9919125437736511,0.9579195976257324,0.9579592347145081,0.8996997475624084,0.9571226894855499,1
PBPR_RS18280,PBPR_RS18275,1,0.7049186825752258,0.814136803150177,0.8335404396057129,0.8660706877708435,0.8124617338180542,0.7211500406265259,0.888165295124054,0.6198264360427856,0.8334689736366272,0.5287833213806152,0.7622522413730621,1
PBPR_RS18275,PBPR_RS18270,1,0.7234892845153809,0.8286046981811523,0.7625548839569092,0.6394669413566589,0.8831393718719482,0.8033345937728882,0.9409096240997314,0.5636468529701233,0.9408490657806396,0.35456928610801697,0.7440564602613449,1
PBPR_RS18270,PBPR_RS18265,1,0.8308559656143188,0.8520471453666687,0.8274405002593994,0.7346937656402588,0.900486946105957,0.9168491363525391,0.9023622274398804,0.6123531460762024,0.933499276638031,0.7884498834609985,0.8299037992954255,1
PBPR_RS18255,PBPR_RS18250,1,0.9713978171348572,0.9539909958839417,0.9351357221603394,0.9528194665908813,0.8976404666900635,0.948707640171051,0.9663782715797424,0.9521220326423645,0.970559298992157,0.9609719514846802,0.9509723663330079,1
PBPR_RS18115,PBPR_RS18110,1,0.9801581501960754,0.9777418375015259,0.9633345603942871,0.977138102054596,0.9584015011787415,0.9678916931152344,0.9791306257247925,0.9666706323623657,0.9834380745887756,0.9335508942604065,0.9687456071376801,1
PBPR_RS18110,PBPR_RS18105,1,0.5392904281616211,0.6376375555992126,0.8058608174324036,0.5342515707015991,0.8068158030509949,0.6976057291030884,0.8372712731361389,0.5554908514022827,0.7576376795768738,0.3429134488105774,0.6514775156974792,1
PBPR_RS17920,PBPR_RS17915,1,0.7379611134529114,0.9435940980911255,0.9060075879096985,0.8486147522926331,0.8636873364448547,0.8724324107170105,0.9813581705093384,0.8227484822273254,0.8527870774269104,0.9059212803840637,0.8735112309455871,1
PBPR_RS17915,PBPR_RS17910,1,0.9351984858512878,0.9399820566177368,0.9548041820526123,0.952769935131073,0.9420573711395264,0.9102223515510559,0.9804059863090515,0.8523464798927307,0.903908908367157,0.836383044719696,0.9208078801631927,1
PBPR_RS17870,PBPR_RS17865,1,0.7011150121688843,0.8725010752677917,0.7365145683288574,0.8169551491737366,0.8693123459815979,0.8009012341499329,0.7140204310417175,0.5920793414115906,0.7300805449485779,0.6077646017074585,0.7441244304180146,1
PBPR_RS17865,PBPR_RS17860,0,0.9838228225708008,0.983763575553894,0.9813165068626404,0.967991292476654,0.968058168888092,0.9761343598365784,0.9945866465568542,0.961840808391571,0.9770978093147278,0.9505712389945984,0.9745183229446411,1
PBPR_RS17860,PBPR_RS17855,1,0.9865779280662537,0.9783787727355957,0.9780142903327942,0.9775227308273315,0.9655225276947021,0.9643736481666565,0.9703380465507507,0.9752604365348816,0.9844234585762024,0.9851492643356323,0.9765561103820801,1
PBPR_RS17855,PBPR_RS17850,1,0.5650854110717773,0.5367641448974609,0.5839313268661499,0.7217676043510437,0.5578803420066833,0.6510411500930786,0.7668262124061584,0.5181020498275757,0.609072744846344,0.45550110936164856,0.596597209572792,1
PBPR_RS17750,PBPR_RS17745,1,0.9866002798080444,0.9795867204666138,0.993026614189148,0.9853330254554749,0.9782494306564331,0.9692942500114441,0.9980365037918091,0.9784743189811707,0.9623569250106812,0.9785206913948059,0.9809478759765625,1
PBPR_RS17695,PBPR_RS17690,1,0.9158439040184021,0.954800546169281,0.9679163694381714,0.9501135349273682,0.956544816493988,0.9262263178825378,0.9584124684333801,0.9367778301239014,0.9193119406700134,0.8634023070335388,0.9349350035190582,1
PBPR_RS17690,PBPR_RS17665,0,0.0004466790414880961,0.0008905855938792229,0.0018766185967251658,0.0011545605957508087,0.007346307393163443,0.006232057232409716,0.005818784702569246,0.000985004473477602,0.0017864631954580545,0.00017634753021411598,0.002671340835513547,0
PBPR_RS17665,PBPR_RS17660,1,0.9493836760520935,0.9350053071975708,0.9294186234474182,0.9608665704727173,0.8809967637062073,0.9156390428543091,0.9526057839393616,0.9036093950271606,0.9196639657020569,0.8607747554779053,0.9207963883876801,1
PBPR_RS17660,PBPR_RS17655,1,0.9881789684295654,0.9742370247840881,0.9695786237716675,0.9770165085792542,0.959084153175354,0.9804928302764893,0.9628614783287048,0.9686822295188904,0.9882218241691589,0.9656328558921814,0.9733986496925354,1
PBPR_RS17655,PBPR_RS17650,1,0.9872369170188904,0.983132004737854,0.9769299030303955,0.970087468624115,0.9622873663902283,0.986178994178772,0.9575905799865723,0.9783027172088623,0.9908652305603027,0.9822903275489807,0.9774901509284973,1
PBPR_RS17640,PBPR_RS17635,1,0.9813146591186523,0.981347382068634,0.9724234938621521,0.9622251987457275,0.9604002237319946,0.9749484658241272,0.9366788268089294,0.9694916605949402,0.9875709414482117,0.9808841347694397,0.9707284986972808,1
PBPR_RS17635,PBPR_RS17630,1,0.9904398918151855,0.9830968976020813,0.9847190380096436,0.9873921275138855,0.9648499488830566,0.9912976622581482,0.9783408641815186,0.9877985119819641,0.9869477152824402,0.9861225485801697,0.9841005206108093,1
PBPR_RS17630,PBPR_RS17625,1,0.9908119440078735,0.9820806980133057,0.9831146597862244,0.9875895380973816,0.9614903926849365,0.9901877641677856,0.9734233617782593,0.986728310585022,0.9875468015670776,0.9847468733787537,0.9827720344066619,1
PBPR_RS17625,PBPR_RS17620,1,0.9763266444206238,0.9615601897239685,0.9648476839065552,0.9584503769874573,0.9846662282943726,0.9748784899711609,0.979850709438324,0.978862464427948,0.9817195534706116,0.9805259108543396,0.9741688251495362,1
PBPR_RS17620,PBPR_RS17615,1,0.9898834228515625,0.9803939461708069,0.9717248678207397,0.9650514125823975,0.970427393913269,0.9723870754241943,0.9702271223068237,0.9753038883209229,0.9846640825271606,0.9932029247283936,0.977326613664627,1
PBPR_RS17615,PBPR_RS17610,1,0.9863236546516418,0.9730472564697266,0.9768698811531067,0.9828362464904785,0.9602859020233154,0.9602465033531189,0.9705389142036438,0.9740117788314819,0.9550648331642151,0.9565412402153015,0.969576621055603,1
PBPR_RS17610,PBPR_RS17605,0,0.37812677025794983,0.5237945914268494,0.2730279564857483,0.1449504792690277,0.681063175201416,0.5456250309944153,0.598696768283844,0.3578772246837616,0.37609949707984924,0.1346433460712433,0.40139048397541044,0
PBPR_RS17605,PBPR_RS17600,1,0.9890744090080261,0.9762964844703674,0.9881046414375305,0.9806904196739197,0.9637854695320129,0.9602201581001282,0.9791187644004822,0.9723932147026062,0.9678447246551514,0.9802530407905579,0.9757781326770782,1
PBPR_RS17570,PBPR_RS17565,1,0.4920242130756378,0.3067750632762909,0.44296756386756897,0.481175035238266,0.579491376876831,0.3882502317428589,0.525989830493927,0.3231969475746155,0.4792459011077881,0.41157108545303345,0.4430687248706818,0
PBPR_RS17440,PBPR_RS17435,1,0.9814042448997498,0.9848639369010925,0.9754546880722046,0.983073890209198,0.9546757936477661,0.958252489566803,0.988385796546936,0.9742538332939148,0.9646331667900085,0.9754418134689331,0.9740439653396606,1
PBPR_RS17435,PBPR_RS17430,0,0.14042645692825317,0.18254141509532928,0.614678144454956,0.3502430319786072,0.2655140161514282,0.29579877853393555,0.24346834421157837,0.14913415908813477,0.0958891287446022,0.3067331314086914,0.26444266065955163,0
PBPR_RS17430,PBPR_RS17425,1,0.9848878979682922,0.9749283790588379,0.9824142456054688,0.9897518157958984,0.9627570509910583,0.9577926993370056,0.9904491305351257,0.9710810780525208,0.9640215635299683,0.982249915599823,0.9760333776474,1
PBPR_RS17425,PBPR_RS17420,0,0.08925792574882507,0.0689711794257164,0.09481579065322876,0.062250614166259766,0.13226118683815002,0.12531891465187073,0.07380542159080505,0.04815388843417168,0.1349630504846573,0.020120158791542053,0.08499181307852269,0
PBPR_RS17420,PBPR_RS17415,1,0.27265965938568115,0.1880292147397995,0.10642144083976746,0.4308225214481354,0.4337787330150604,0.3190855085849762,0.4480467736721039,0.23342543840408325,0.7024716734886169,0.1980346441268921,0.3332775607705116,0
PBPR_RS17415,PBPR_RS17410,0,0.5458803176879883,0.6687706112861633,0.5494929552078247,0.7491045594215393,0.615142285823822,0.6769354343414307,0.33709508180618286,0.47158709168434143,0.7115675210952759,0.7660291790962219,0.609160503745079,1
PBPR_RS17410,PBPR_RS17405,1,0.9838021397590637,0.9703805446624756,0.9878543019294739,0.9855151176452637,0.9319368600845337,0.9692104458808899,0.9926342368125916,0.952694833278656,0.9795855283737183,0.9832189679145813,0.9736832976341248,1
PBPR_RS17195,PBPR_RS17190,1,0.8159723281860352,0.9032410383224487,0.8788904547691345,0.8743335604667664,0.9311920404434204,0.9291380643844604,0.9200875759124756,0.8385762572288513,0.9550144672393799,0.5745977163314819,0.8621043503284455,1
PBPR_RS17025,PBPR_RS17020,1,0.967380940914154,0.957951009273529,0.9752535223960876,0.9757232666015625,0.9208686351776123,0.9398407936096191,0.9872202277183533,0.9185799956321716,0.9568570256233215,0.9192509055137634,0.9518926322460175,1
PBPR_RS17020,PBPR_RS17015,0,0.9597441554069519,0.910521388053894,0.942147433757782,0.9579927921295166,0.9000693559646606,0.9190574288368225,0.9240542054176331,0.9291963577270508,0.9176058173179626,0.9065952897071838,0.9266984224319458,1
PBPR_RS17015,PBPR_RS17010,1,0.4744732975959778,0.8152403831481934,0.5513163208961487,0.5297148823738098,0.8523988127708435,0.6844292879104614,0.802378237247467,0.5848817825317383,0.657121479511261,0.3226969242095947,0.6274651408195495,1
PBPR_RS17010,PBPR_RS17005,1,0.9219337105751038,0.9722316265106201,0.9738535284996033,0.9779921174049377,0.9394949078559875,0.9405876398086548,0.9869263768196106,0.9373016357421875,0.9046658873558044,0.9585166573524475,0.9513504087924958,1
PBPR_RS17005,PBPR_RS17000,1,0.9112582206726074,0.9344421029090881,0.9704367518424988,0.9754887223243713,0.8957141637802124,0.9151821732521057,0.9773266315460205,0.9185320138931274,0.8906453251838684,0.9279729127883911,0.9316999018192291,1
PBPR_RS17000,PBPR_RS16995,1,0.9461248517036438,0.9291210174560547,0.9472676515579224,0.9624990820884705,0.935185432434082,0.9145815968513489,0.9741103053092957,0.9148132801055908,0.8376510143280029,0.9011825919151306,0.9262536823749542,1
PBPR_RS16965,PBPR_RS16960,1,0.9784014225006104,0.9633903503417969,0.9687689542770386,0.9708948731422424,0.9410619735717773,0.9549127817153931,0.9705380201339722,0.951387882232666,0.974561333656311,0.9255189299583435,0.9599436521530151,1
PBPR_RS16960,PBPR_RS16955,0,0.09521390497684479,0.17935173213481903,0.15861479938030243,0.030859917402267456,0.16319528222084045,0.1939796358346939,0.14390714466571808,0.08356258273124695,0.11916574090719223,0.022998269647359848,0.11908490099012851,0
PBPR_RS16955,PBPR_RS16950,1,0.9778952598571777,0.9727751612663269,0.9894887208938599,0.98907870054245,0.9758584499359131,0.9744733572006226,0.9933745861053467,0.9778808951377869,0.9700729846954346,0.986797571182251,0.9807695686817169,1
PBPR_RS16950,PBPR_RS16945,1,0.9912393093109131,0.9893155097961426,0.990859866142273,0.9925888180732727,0.9806947708129883,0.9856072068214417,0.9955719113349915,0.9893747568130493,0.9840042591094971,0.9876433610916138,0.9886899769306183,1
PBPR_RS16915,PBPR_RS16910,1,0.9153239130973816,0.9660913944244385,0.9433544874191284,0.9199531078338623,0.9218416810035706,0.9463641047477722,0.9932740330696106,0.9265668988227844,0.9279879331588745,0.9094178676605225,0.9370175421237945,1
PBPR_RS16860,PBPR_RS16855,1,0.9886546730995178,0.9690548181533813,0.9795956611633301,0.9735244512557983,0.9694115519523621,0.9710385203361511,0.9888753294944763,0.9727945923805237,0.9800803661346436,0.9727573990821838,0.9765787363052368,1
PBPR_RS16820,PBPR_RS16815,1,0.9710623025894165,0.9805857539176941,0.9664978981018066,0.9802687168121338,0.9549963474273682,0.9652748107910156,0.9898240566253662,0.9208354353904724,0.9719865322113037,0.9502498507499695,0.9651581704616546,1
PBPR_RS16815,PBPR_RS16810,1,0.9817807674407959,0.9610573053359985,0.9677935242652893,0.9804635047912598,0.9677846431732178,0.9525983929634094,0.9832067489624023,0.9800102114677429,0.972739040851593,0.9645711183547974,0.9712005257606506,1
PBPR_RS16800,PBPR_RS16795,1,0.9271173477172852,0.9341372847557068,0.88904869556427,0.9234691858291626,0.8023911118507385,0.9166304469108582,0.9396309852600098,0.7600184679031372,0.8525867462158203,0.9014812111854553,0.8846511483192444,1
PBPR_RS16690,PBPR_RS16685,1,0.9855665564537048,0.970602810382843,0.9761831164360046,0.9674146771430969,0.9560614228248596,0.9579566121101379,0.9450995922088623,0.9635915160179138,0.9713358283042908,0.9769995212554932,0.9670811653137207,1
PBPR_RS16685,PBPR_RS16680,1,0.9889425039291382,0.9863014221191406,0.9771249294281006,0.9822347164154053,0.9663347005844116,0.9842226505279541,0.9776538014411926,0.9762446880340576,0.9877379536628723,0.9886466264724731,0.9815443992614746,1
PBPR_RS16680,PBPR_RS16675,1,0.9647418260574341,0.9572985172271729,0.931513786315918,0.9421404600143433,0.946793258190155,0.9315062165260315,0.9751102328300476,0.9505205154418945,0.9616574048995972,0.8969952464103699,0.9458277463912964,1
PBPR_RS16675,PBPR_RS16670,1,0.9812256693840027,0.9697439074516296,0.9724780321121216,0.978265643119812,0.9442424178123474,0.9576941132545471,0.9920012354850769,0.9560973048210144,0.9544690847396851,0.9751678705215454,0.9681385278701782,1
PBPR_RS16670,PBPR_RS16665,0,0.9876015782356262,0.968639612197876,0.9877217411994934,0.9793340563774109,0.9582797884941101,0.9643514156341553,0.9918448328971863,0.971912145614624,0.9754457473754883,0.9874845743179321,0.9772615492343902,1
PBPR_RS16665,PBPR_RS16660,1,0.9636351466178894,0.9294950366020203,0.8994271159172058,0.8888411521911621,0.9009315967559814,0.9290081262588501,0.8703157901763916,0.8919836282730103,0.9540256857872009,0.9159767031669617,0.9143639981746674,1
PBPR_RS16635,PBPR_RS16630,1,0.9752921462059021,0.9766693115234375,0.9792588353157043,0.9751372933387756,0.9729194045066833,0.9634115099906921,0.965872049331665,0.9766160249710083,0.9870640635490417,0.9830846786499023,0.9755325317382812,1
PBPR_RS16630,PBPR_RS16625,1,0.981044352054596,0.9829179048538208,0.9831077456474304,0.9766354560852051,0.9705803394317627,0.9617217183113098,0.9501006603240967,0.9762266278266907,0.9881981611251831,0.9857067465782166,0.9756239712238312,1
PBPR_RS16625,PBPR_RS16620,1,0.987804651260376,0.9831697940826416,0.9705702066421509,0.9733006954193115,0.9595071077346802,0.9790154695510864,0.9466212391853333,0.972138524055481,0.9880974888801575,0.9840731620788574,0.9744298338890076,1
PBPR_RS16620,PBPR_RS16615,1,0.9395861625671387,0.9556995630264282,0.9464067220687866,0.9469618797302246,0.9662446975708008,0.9609971642494202,0.910978376865387,0.9726948738098145,0.9831671714782715,0.976310670375824,0.9559047281742096,1
PBPR_RS16605,PBPR_RS16600,1,0.9839993715286255,0.9810413122177124,0.9584387540817261,0.9696232080459595,0.9745019674301147,0.9748935103416443,0.9843207597732544,0.9653039574623108,0.9816951751708984,0.9695942997932434,0.974341231584549,1
PBPR_RS16600,PBPR_RS16595,0,0.7771816253662109,0.8579679131507874,0.8838171362876892,0.9118098020553589,0.8483506441116333,0.8129085302352905,0.9404230713844299,0.6822126507759094,0.6760553121566772,0.6889711022377014,0.8079697787761688,1
PBPR_RS16595,PBPR_RS16590,1,0.9485065937042236,0.9530930519104004,0.948340654373169,0.9696592688560486,0.9244148135185242,0.9471108317375183,0.9875881671905518,0.9014373421669006,0.9606956243515015,0.9154296517372131,0.9456275999546051,1
PBPR_RS16580,PBPR_RS16575,1,0.9787485599517822,0.9634827375411987,0.9686985015869141,0.9783958196640015,0.9465659260749817,0.9540426731109619,0.9922581911087036,0.969791054725647,0.9618785381317139,0.9713311195373535,0.9685193121433258,1
PBPR_RS16500,PBPR_RS16495,1,0.25376734137535095,0.3854800760746002,0.29916077852249146,0.22826601564884186,0.5449742674827576,0.3914073407649994,0.43442535400390625,0.2348172664642334,0.2612764835357666,0.11049427837133408,0.3144069202244282,0
PBPR_RS16495,PBPR_RS16490,1,0.7566315531730652,0.757038950920105,0.7200379371643066,0.8916916251182556,0.9081741571426392,0.7865010499954224,0.9318858981132507,0.5838126540184021,0.7554004788398743,0.5139723420143127,0.7605146646499634,1
PBPR_RS16490,PBPR_RS16485,1,0.9897289276123047,0.9876903295516968,0.9920178651809692,0.9911907315254211,0.9803459644317627,0.9763947129249573,0.997380793094635,0.986635684967041,0.9788251519203186,0.9864593148231506,0.9866669476032257,1
PBPR_RS16485,PBPR_RS16480,1,0.9911217093467712,0.9860244393348694,0.9745298027992249,0.9728748798370361,0.9717825651168823,0.9807374477386475,0.9920900464057922,0.9813368916511536,0.9800816178321838,0.9845156073570251,0.9815095007419586,1
PBPR_RS16480,PBPR_RS16475,1,0.9873034954071045,0.9921804070472717,0.9914072155952454,0.9919090270996094,0.9832383990287781,0.983388364315033,0.9966754913330078,0.9900634288787842,0.9780687093734741,0.9822766780853271,0.9876511216163635,1
PBPR_RS16445,PBPR_RS16440,1,0.9797179698944092,0.9907656311988831,0.9943414926528931,0.9924249053001404,0.9854558706283569,0.9752783179283142,0.9976729154586792,0.9841924905776978,0.9747787714004517,0.9826176166534424,0.9857245981693268,1
PBPR_RS16440,PBPR_RS16435,0,0.12300772219896317,0.1077611893415451,0.18851803243160248,0.04196131229400635,0.04670930281281471,0.12342625856399536,0.1115221455693245,0.13186000287532806,0.03298624977469444,0.06297896802425385,0.0970731183886528,0
PBPR_RS16435,PBPR_RS16430,1,0.9822731614112854,0.9716574549674988,0.9657977223396301,0.971973180770874,0.954605221748352,0.9678665399551392,0.9812759757041931,0.9745851755142212,0.9824751615524292,0.9737560153007507,0.9726265609264374,1
PBPR_RS16430,PBPR_RS16425,1,0.9813180565834045,0.978744626045227,0.9697882533073425,0.9803529977798462,0.9560043215751648,0.9576976895332336,0.9879958033561707,0.9690845012664795,0.9745655059814453,0.973057746887207,0.9728609502315522,1
PBPR_RS16425,PBPR_RS16420,0,0.6532629728317261,0.8659396767616272,0.8191710114479065,0.8800842761993408,0.8477851748466492,0.751660168170929,0.7013713717460632,0.7236598134040833,0.6828293204307556,0.7705302834510803,0.7696294069290162,1
PBPR_RS16420,PBPR_RS16415,1,0.9824633598327637,0.9732000231742859,0.9748793244361877,0.9071434140205383,0.9785600900650024,0.9619181752204895,0.9930295944213867,0.9853063225746155,0.9628973007202148,0.9763830900192261,0.969578069448471,1
PBPR_RS16380,PBPR_RS16375,1,0.9723163843154907,0.9304022789001465,0.9617804884910583,0.9385319352149963,0.9348979592323303,0.9350011944770813,0.9653075337409973,0.9509578347206116,0.948275625705719,0.913732647895813,0.9451203882694245,1
PBPR_RS16375,PBPR_RS16370,1,0.9791733622550964,0.9785863757133484,0.9765874147415161,0.9831706881523132,0.9604271054267883,0.9653288125991821,0.9978943467140198,0.9730971455574036,0.9594612717628479,0.9737948179244995,0.9747521340847015,1
PBPR_RS16370,PBPR_RS16365,1,0.9795027375221252,0.9788827896118164,0.9810978174209595,0.9791586399078369,0.9709665179252625,0.9773944616317749,0.9704013466835022,0.9765627384185791,0.9862727522850037,0.9832738041877747,0.9783513605594635,1
PBPR_RS16365,PBPR_RS16360,1,0.9801920652389526,0.950844943523407,0.9624969959259033,0.9502914547920227,0.9721184968948364,0.9802861213684082,0.9741443395614624,0.9426295757293701,0.9809116125106812,0.965701699256897,0.9659617304801941,1
PBPR_RS16360,PBPR_RS16355,1,0.9873433113098145,0.9854090213775635,0.9842829704284668,0.9815027713775635,0.9761936068534851,0.9721355438232422,0.9677349925041199,0.9805187582969666,0.9874283671379089,0.9924001693725586,0.981494951248169,1
PBPR_RS16355,PBPR_RS16350,1,0.9892792701721191,0.9871755242347717,0.9848653674125671,0.9820476770401001,0.9719472527503967,0.9711719751358032,0.9616811275482178,0.9794912934303284,0.9893286824226379,0.9936567544937134,0.9810644924640656,1
PBPR_RS16350,PBPR_RS16345,1,0.9747920632362366,0.9717609882354736,0.9707584381103516,0.9743690490722656,0.9702332615852356,0.9776405096054077,0.9809937477111816,0.9688265323638916,0.9843999147415161,0.9792968034744263,0.9753071308135987,1
PBPR_RS16345,PBPR_RS16340,1,0.8982983827590942,0.9048106670379639,0.9351770877838135,0.9498959183692932,0.9108643531799316,0.9163051843643188,0.9814333915710449,0.7459787726402283,0.9425659775733948,0.696485698223114,0.8881815433502197,1
PBPR_RS16340,PBPR_RS16335,0,0.523398756980896,0.6061522364616394,0.5248053669929504,0.533647894859314,0.6652525663375854,0.6437481045722961,0.6894975304603577,0.3234836757183075,0.6219993829727173,0.09512408077716827,0.5227109596133233,1
PBPR_RS16335,PBPR_RS16330,1,0.9699522852897644,0.9628477692604065,0.9613563418388367,0.9638289213180542,0.964684009552002,0.9496700763702393,0.9873216152191162,0.9436061978340149,0.9585708379745483,0.9434252381324768,0.9605263292789459,1
PBPR_RS16330,PBPR_RS16325,1,0.9433256983757019,0.9691979289054871,0.945607602596283,0.9469301700592041,0.9404845237731934,0.9567580819129944,0.9690377116203308,0.9149816632270813,0.960153341293335,0.8957564234733582,0.9442233145236969,1
PBPR_RS16325,PBPR_RS16320,1,0.633059561252594,0.4259048104286194,0.7278953790664673,0.8175607323646545,0.82133549451828,0.5204182267189026,0.7605964541435242,0.35301467776298523,0.5995603203773499,0.39229390025138855,0.6051639556884766,1
PBPR_RS16255,PBPR_RS16250,1,0.6581840515136719,0.7103707790374756,0.410736620426178,0.7764085531234741,0.6222165822982788,0.7539077997207642,0.7007266879081726,0.48094069957733154,0.8031141757965088,0.5559202432632446,0.64725261926651,1
PBPR_RS16250,PBPR_RS16245,1,0.9514328241348267,0.9493536949157715,0.9586777091026306,0.976844072341919,0.9157066345214844,0.9313376545906067,0.9869436621665955,0.8540037870407104,0.9582415819168091,0.8533775806427002,0.9335919201374054,1
PBPR_RS16200,PBPR_RS16195,1,0.8154627084732056,0.9566485285758972,0.9318428635597229,0.9414110779762268,0.9394885897636414,0.9071594476699829,0.943334698677063,0.8885875344276428,0.8419902324676514,0.901846706867218,0.9067772388458252,1
PBPR_RS16185,PBPR_RS16180,1,0.9865727424621582,0.9874315857887268,0.9893825054168701,0.9839354157447815,0.9693683385848999,0.9718420505523682,0.9685063362121582,0.9800782203674316,0.9880218505859375,0.9901970624923706,0.9815336108207703,1
PBPR_RS16160,PBPR_RS16155,1,0.9893625378608704,0.9827046990394592,0.9803594350814819,0.9868714809417725,0.972163200378418,0.9850593209266663,0.985357940196991,0.980089008808136,0.9871857166290283,0.9876495003700256,0.9836802840232849,1
PBPR_RS16030,PBPR_RS16025,1,0.6737938523292542,0.6385674476623535,0.8149152994155884,0.6640976071357727,0.8048122525215149,0.7105194330215454,0.7748814821243286,0.5290947556495667,0.7575012445449829,0.3865076005458832,0.675469097495079,1
PBPR_RS16025,PBPR_RS15985,0,0.0008006033604033291,0.0020104425493627787,0.0019148753490298986,0.017032762989401817,0.018253905698657036,0.019256338477134705,0.00989704579114914,0.005044329911470413,0.004127032123506069,0.001264427904970944,0.007960176415508613,0
PBPR_RS15985,PBPR_RS15980,1,0.8169757723808289,0.8824487924575806,0.9195091724395752,0.7207048535346985,0.8451723456382751,0.8920209407806396,0.7953563928604126,0.6808418035507202,0.876407265663147,0.9137353301048279,0.8343172669410706,1
PBPR_RS15870,PBPR_RS15865,1,0.584046483039856,0.7637390494346619,0.7271888256072998,0.8050965070724487,0.9109358191490173,0.597629725933075,0.8610913753509521,0.4930989146232605,0.848858654499054,0.3519018292427063,0.6943587183952331,1
PBPR_RS15865,PBPR_RS15860,1,0.9766734838485718,0.9564546942710876,0.9692333340644836,0.9483850002288818,0.970450222492218,0.9622552394866943,0.961402416229248,0.9662981629371643,0.9841821789741516,0.9620063304901123,0.9657341063022613,1
PBPR_RS15845,PBPR_RS15840,1,0.9809767603874207,0.9794096946716309,0.9703701138496399,0.9837985038757324,0.9759906530380249,0.9651292562484741,0.9879791140556335,0.9774515628814697,0.9637700915336609,0.9777012467384338,0.9762576997280121,1
PBPR_RS15840,PBPR_RS15835,1,0.9879437685012817,0.990687370300293,0.9875565767288208,0.9889864921569824,0.9778512716293335,0.9872078895568848,0.9808052778244019,0.9806557297706604,0.9891067147254944,0.9922580718994141,0.9863059163093567,1
PBPR_RS15745,PBPR_RS15740,1,0.9460301399230957,0.9062207937240601,0.9701870083808899,0.9061118364334106,0.9299831986427307,0.9239059090614319,0.9636451601982117,0.95163893699646,0.9411950707435608,0.948670506477356,0.9387588560581207,1
PBPR_RS15740,PBPR_RS15735,0,0.9909175634384155,0.9781990647315979,0.9852808117866516,0.983189582824707,0.9795401096343994,0.97213214635849,0.9714751243591309,0.986416757106781,0.9884018301963806,0.9927879571914673,0.9828340947628021,1
PBPR_RS15735,PBPR_RS15730,1,0.9896515011787415,0.9895191192626953,0.9873346090316772,0.9835352897644043,0.9791799187660217,0.9841246604919434,0.9893585443496704,0.9815829396247864,0.9858448505401611,0.9898933172225952,0.9860024750232697,1
PBPR_RS15720,PBPR_RS15715,1,0.9767970442771912,0.9673140645027161,0.9748660922050476,0.9842979907989502,0.9560509324073792,0.9534309506416321,0.9876060485839844,0.9678394198417664,0.9546946883201599,0.9588833451271057,0.9681780576705933,1
PBPR_RS15715,PBPR_RS15710,1,0.9858282804489136,0.9754542112350464,0.968357264995575,0.9783232808113098,0.9685956239700317,0.9658408164978027,0.965626060962677,0.9775052666664124,0.9870133399963379,0.9744066596031189,0.9746950805187226,1
PBPR_RS15700,PBPR_RS15695,1,0.975574791431427,0.9417384266853333,0.9622465372085571,0.8617346286773682,0.9627795815467834,0.9684844017028809,0.9716827273368835,0.9446549415588379,0.968450665473938,0.9622606635093689,0.9519607365131378,1
PBPR_RS15695,PBPR_RS15685,0,0.0015014739474281669,0.004272129386663437,0.0047079590149223804,0.0007550500449724495,0.013417456299066544,0.02256813831627369,0.013656875118613243,0.00516990851610899,0.008780432865023613,0.0043280115351080894,0.00791574350441806,0
PBPR_RS15685,PBPR_RS15680,1,0.8201079368591309,0.8801555037498474,0.8455603718757629,0.7277593016624451,0.8642180562019348,0.7988633513450623,0.9442242383956909,0.46957504749298096,0.9386854767799377,0.3188360035419464,0.7607985287904739,1
PBPR_RS15660,PBPR_RS15655,1,0.8470849394798279,0.9702219367027283,0.9660667181015015,0.9391793608665466,0.9568290114402771,0.9400637745857239,0.915551483631134,0.8654127717018127,0.9565671682357788,0.8967555165290833,0.9253732681274414,1
PBPR_RS15655,PBPR_RS15650,1,0.961567223072052,0.9739317893981934,0.9800561666488647,0.9903414249420166,0.9693571329116821,0.9635403752326965,0.9938714504241943,0.9559647440910339,0.9664504528045654,0.9296343326568604,0.9684715092182159,1
PBPR_RS15650,PBPR_RS15645,1,0.9300172328948975,0.9869169592857361,0.9421864151954651,0.934903621673584,0.9699773788452148,0.9591460227966309,0.9931623935699463,0.8794836401939392,0.9701713919639587,0.8849770426750183,0.945094209909439,1
PBPR_RS15645,PBPR_RS15640,1,0.9800994992256165,0.9774254560470581,0.9870296120643616,0.9795669913291931,0.974993884563446,0.9686019420623779,0.9605644941329956,0.9685174226760864,0.9873800277709961,0.9878890514373779,0.9772068381309509,1
PBPR_RS15640,PBPR_RS15635,1,0.9866580963134766,0.9764343500137329,0.9751492738723755,0.9827736616134644,0.9601403474807739,0.9648005962371826,0.9828618764877319,0.9734042286872864,0.9762061834335327,0.9881292581558228,0.9766557872295379,1
PBPR_RS15635,PBPR_RS15630,1,0.9756266474723816,0.9596725106239319,0.9880356192588806,0.9783663153648376,0.9576192498207092,0.9387954473495483,0.990534245967865,0.9696650505065918,0.9572856426239014,0.946101188659668,0.9661701917648315,1
PBPR_RS15630,PBPR_RS15625,1,0.8375921845436096,0.9534611701965332,0.966948926448822,0.8876788020133972,0.9107494354248047,0.9180384278297424,0.9712132811546326,0.9081456661224365,0.9334728121757507,0.9075599908828735,0.9194860696792603,1
PBPR_RS15525,PBPR_RS15520,1,0.8533486723899841,0.8506736755371094,0.9427714943885803,0.9393729567527771,0.8837765455245972,0.8852728009223938,0.9496338367462158,0.82277911901474,0.9232789874076843,0.9165685772895813,0.8967476665973664,1
PBPR_RS15520,PBPR_RS15515,1,0.9644862413406372,0.9520532488822937,0.9688715934753418,0.9781489372253418,0.9280916452407837,0.951010525226593,0.9862284660339355,0.9102219939231873,0.9643645286560059,0.8692789673805237,0.9472756147384643,1
PBPR_RS15470,PBPR_RS15465,1,0.9258997440338135,0.9186860918998718,0.9067553877830505,0.9745815396308899,0.9514114856719971,0.9302828311920166,0.986016571521759,0.9219330549240112,0.8990440964698792,0.9426462054252625,0.9357257008552551,1
PBPR_RS15465,PBPR_RS15460,1,0.9845290184020996,0.9894969463348389,0.9807124137878418,0.977573037147522,0.9776011109352112,0.9748277068138123,0.9934624433517456,0.9784969687461853,0.9730814099311829,0.9859324097633362,0.9815713465213776,1
PBPR_RS15460,PBPR_RS15455,1,0.6581485271453857,0.5231272578239441,0.5613447427749634,0.614124596118927,0.48882362246513367,0.6990728378295898,0.6165516376495361,0.5463684797286987,0.3774709105491638,0.5372224450111389,0.5622255057096481,1
PBPR_RS15400,PBPR_RS15395,1,0.18821430206298828,0.25157901644706726,0.2518683969974518,0.0884796753525734,0.3519265651702881,0.2765009105205536,0.27511662244796753,0.13098350167274475,0.21372327208518982,0.07379766553640366,0.21021899282932283,0
PBPR_RS15395,PBPR_RS15375,0,0.0003558086755219847,0.001188534777611494,0.0010470490669831634,0.0003041710297111422,0.001618166919797659,0.003827613079920411,0.0006420478457584977,0.0010134706972166896,0.0025056644808501005,0.0003019352734554559,0.0012804461846826598,0
PBPR_RS15375,PBPR_RS15370,1,0.9774021506309509,0.9750397801399231,0.9806316494941711,0.9817155599594116,0.9653627872467041,0.9652381539344788,0.9923528432846069,0.9571706652641296,0.951610803604126,0.9747456312179565,0.9721270024776458,1
PBPR_RS15295,PBPR_RS15290,1,0.6425198912620544,0.7263308167457581,0.8458137512207031,0.8941099047660828,0.8044272661209106,0.5764878988265991,0.8692800998687744,0.4447321891784668,0.5009362101554871,0.5688507556915283,0.6873488783836365,1
PBPR_RS15255,PBPR_RS15250,1,0.9918224811553955,0.9828994870185852,0.9853156805038452,0.9847926497459412,0.9696220755577087,0.9889917969703674,0.9791755676269531,0.9817665815353394,0.9893760681152344,0.9822683334350586,0.9836030721664428,1
PBPR_RS15235,PBPR_RS15230,1,0.46023795008659363,0.5133414268493652,0.6297151446342468,0.33601588010787964,0.5935956835746765,0.5839827060699463,0.8586109280586243,0.3536674678325653,0.42532017827033997,0.34425562620162964,0.5098742991685867,1
PBPR_RS15230,PBPR_RS15215,0,0.0003592864377424121,0.0018440025160089135,0.0015105890342965722,0.00015987551887519658,0.0016109033022075891,0.0043403394520282745,0.0012859711423516273,0.0011949200415983796,0.0032465222757309675,0.00018355165957473218,0.0015735961380414665,0
PBPR_RS15215,PBPR_RS15210,1,0.9809116125106812,0.9816662669181824,0.9791514277458191,0.9748178124427795,0.9683773517608643,0.9714416861534119,0.957898736000061,0.9728167653083801,0.9865550994873047,0.9822105765342712,0.9755847334861756,1
PBPR_RS15210,PBPR_RS15205,1,0.757097601890564,0.8062638640403748,0.8022010922431946,0.6243400573730469,0.8754295706748962,0.719163179397583,0.8160292506217957,0.8131328225135803,0.5727930068969727,0.7493040561676025,0.753575450181961,1
PBPR_RS15170,PBPR_RS15165,1,0.9867486953735352,0.9697436690330505,0.9792527556419373,0.9862339496612549,0.970098078250885,0.9602793455123901,0.9909920692443848,0.9789642095565796,0.9701750874519348,0.977624237537384,0.9770112097263336,1
PBPR_RS15165,PBPR_RS15130,0,0.00021325916168279946,0.0006823161384090781,0.0006755311624146998,0.0002651324321050197,0.0027323930989950895,0.008971733041107655,0.0017304702196270227,0.0009378225659020245,0.0019163021352142096,0.00017060012032743543,0.0018295560075785033,0
PBPR_RS15130,PBPR_RS15125,1,0.9796096086502075,0.9209538698196411,0.9706594944000244,0.9360454082489014,0.9576231241226196,0.9390925168991089,0.9705727100372314,0.9678670763969421,0.9527953863143921,0.9560915231704712,0.955131071805954,1
PBPR_RS15075,PBPR_RS15070,1,0.8189302086830139,0.7890604138374329,0.7817818522453308,0.6330260634422302,0.8668256402015686,0.8944345712661743,0.9169091582298279,0.7556092143058777,0.8799570798873901,0.7234289646148682,0.8059963166713715,1
PBPR_RS15070,PBPR_RS15065,1,0.9423590898513794,0.965100109577179,0.9767197370529175,0.9773905873298645,0.9388362169265747,0.9493914842605591,0.9820988774299622,0.864807665348053,0.9623467922210693,0.7496370077133179,0.9308687567710876,1
PBPR_RS15065,PBPR_RS15060,1,0.9351540207862854,0.9397423267364502,0.928520917892456,0.967170238494873,0.8821046948432922,0.923128068447113,0.954219400882721,0.8207725882530212,0.9544850587844849,0.860674262046814,0.9165971577167511,1
PBPR_RS15060,PBPR_RS15055,1,0.9291834831237793,0.8849725127220154,0.944719135761261,0.9616033434867859,0.8953808546066284,0.9194032549858093,0.9874452352523804,0.8353725671768188,0.9134117364883423,0.8992241621017456,0.9170716285705567,1
PBPR_RS15035,PBPR_RS15030,1,0.9868469834327698,0.9826634526252747,0.9874879717826843,0.9823229312896729,0.9665411114692688,0.9700927734375,0.9962141513824463,0.9787281155586243,0.9566764235496521,0.9797002673149109,0.9787274181842804,1
PBPR_RS14875,PBPR_RS14870,1,0.8488187789916992,0.8921964764595032,0.8159292340278625,0.9174730181694031,0.8137640357017517,0.9009946584701538,0.8704395890235901,0.8443094491958618,0.8957315683364868,0.7459185123443604,0.8545575320720673,1
PBPR_RS14840,PBPR_RS14835,1,0.9563721418380737,0.9024263024330139,0.9643086791038513,0.9692184329032898,0.8932263851165771,0.9185393452644348,0.9252347946166992,0.8174368739128113,0.9352805614471436,0.8550999760627747,0.9137143492698669,1
PBPR_RS14820,PBPR_RS14815,1,0.8840089440345764,0.8967156410217285,0.9040178656578064,0.9681602716445923,0.8992437124252319,0.8773097991943359,0.88838130235672,0.8709173202514648,0.7938966751098633,0.9674733281135559,0.8950124859809876,1
PBPR_RS14740,PBPR_RS14735,1,0.7727890014648438,0.542635440826416,0.7945228815078735,0.6723722219467163,0.5159623026847839,0.6773039102554321,0.6694254875183105,0.4202136695384979,0.48418065905570984,0.4605831503868103,0.6009988725185395,1
PBPR_RS14480,PBPR_RS14475,1,0.9483690857887268,0.9477377533912659,0.9416089057922363,0.9361857771873474,0.926815927028656,0.9495052695274353,0.9585949778556824,0.8786243200302124,0.9504450559616089,0.9442201256752014,0.9382107198238373,1
PBPR_RS14475,PBPR_RS14470,0,0.988370954990387,0.9864221811294556,0.9896069169044495,0.9846392869949341,0.975512683391571,0.9702697992324829,0.978864312171936,0.9826352000236511,0.9887617826461792,0.9928465485572815,0.9837929666042328,1
PBPR_RS14470,PBPR_RS14465,1,0.9853026866912842,0.9779859781265259,0.9842919111251831,0.9827439188957214,0.9549660682678223,0.9602863192558289,0.9885810017585754,0.9703430533409119,0.9513107538223267,0.9802737832069397,0.973608547449112,1
PBPR_RS14465,PBPR_RS14460,1,0.9791218638420105,0.9752541184425354,0.9753158688545227,0.9728060960769653,0.9679366946220398,0.963720977306366,0.9872279763221741,0.9762875437736511,0.953502893447876,0.9533588886260986,0.970453292131424,1
PBPR_RS14425,PBPR_RS14420,1,0.9795461893081665,0.9660630226135254,0.9785020351409912,0.984386146068573,0.9514265656471252,0.94734126329422,0.9860917329788208,0.9551745653152466,0.9589301943778992,0.9607224464416504,0.9668184161186218,1
PBPR_RS14305,PBPR_RS14300,1,0.9785026907920837,0.9539079666137695,0.9608403444290161,0.9090992212295532,0.9335452318191528,0.9365625381469727,0.9843165278434753,0.9457818865776062,0.9343225955963135,0.9424724578857422,0.9479351460933685,1
PBPR_RS14300,PBPR_RS14295,1,0.9916852712631226,0.9899207353591919,0.9859379529953003,0.9867703914642334,0.9751468300819397,0.9778990745544434,0.9679028987884521,0.9823436141014099,0.9892003536224365,0.9944151043891907,0.984122222661972,1
PBPR_RS13975,PBPR_RS13970,1,0.9787182211875916,0.965162992477417,0.9538970589637756,0.9405393004417419,0.9617544412612915,0.9705297946929932,0.9752942323684692,0.9601832032203674,0.9830382466316223,0.9734090566635132,0.9662526547908783,1
PBPR_RS13955,PBPR_RS13950,1,0.5448147058486938,0.40139591693878174,0.7319740653038025,0.6762256026268005,0.7101173996925354,0.6928505897521973,0.6968991756439209,0.412980318069458,0.5116447806358337,0.613352358341217,0.5992254912853241,1
PBPR_RS13855,PBPR_RS13850,1,0.9766116142272949,0.9237111210823059,0.9556126594543457,0.9398787617683411,0.8849242329597473,0.9400264620780945,0.9232500195503235,0.9553862810134888,0.979806661605835,0.9236336946487427,0.940284150838852,1
PBPR_RS13800,PBPR_RS13795,1,0.9822239279747009,0.9736343622207642,0.9748474955558777,0.9794365167617798,0.9618287682533264,0.959766685962677,0.98670494556427,0.972596287727356,0.9734625816345215,0.9711005091667175,0.9735602080821991,1
PBPR_RS13795,PBPR_RS13790,1,0.9844270944595337,0.9825150370597839,0.9764968156814575,0.9640763998031616,0.9615448713302612,0.9605211019515991,0.9875770807266235,0.9738278985023499,0.9655213952064514,0.9731118679046631,0.9729619562625885,1
PBPR_RS13790,PBPR_RS13785,1,0.9759203195571899,0.9473037123680115,0.9400213956832886,0.9505846500396729,0.9319201111793518,0.9399717450141907,0.9438498616218567,0.9303420782089233,0.9598751664161682,0.9404916763305664,0.946028071641922,1
PBPR_RS13785,PBPR_RS13780,1,0.9736789464950562,0.9408153891563416,0.9677005410194397,0.9662129282951355,0.8954133987426758,0.9387746453285217,0.9600909948348999,0.9109679460525513,0.9362488389015198,0.9551061391830444,0.9445009768009186,1
PBPR_RS13780,PBPR_RS13775,0,0.9509021639823914,0.9444218277931213,0.9828923344612122,0.9684677720069885,0.8905892372131348,0.9385940432548523,0.9720777869224548,0.8805510997772217,0.8890852332115173,0.9645013213157654,0.938208281993866,1
PBPR_RS13775,PBPR_RS13770,1,0.9573903679847717,0.934009850025177,0.9476302862167358,0.9732987284660339,0.9043757915496826,0.9319812059402466,0.9701457619667053,0.9212850332260132,0.9291073679924011,0.9401687383651733,0.940939313173294,1
PBPR_RS13680,PBPR_RS13675,1,0.287464439868927,0.2899828851222992,0.386370986700058,0.11061271280050278,0.46166062355041504,0.4153589606285095,0.4111908972263336,0.2691032290458679,0.2657003104686737,0.12381844222545624,0.3021263487637043,0
PBPR_RS13675,PBPR_RS13670,0,0.6364164352416992,0.7494789958000183,0.8395240902900696,0.7160245776176453,0.755333662033081,0.7840233445167542,0.8564414978027344,0.6679401397705078,0.8045469522476196,0.8320004940032959,0.7641730189323426,1
PBPR_RS13670,PBPR_RS13665,1,0.7495046854019165,0.898716926574707,0.8570689558982849,0.859011173248291,0.7601085305213928,0.7831534743309021,0.8300875425338745,0.6704056262969971,0.8843065500259399,0.7319648861885071,0.8024328351020813,1
PBPR_RS13665,PBPR_RS13660,0,0.32851481437683105,0.4663184881210327,0.32188838720321655,0.14120624959468842,0.34027186036109924,0.33364251255989075,0.28703680634498596,0.27410033345222473,0.13352300226688385,0.1489991396665573,0.27755015939474104,0
PBPR_RS13660,PBPR_RS13655,1,0.916380763053894,0.8324933052062988,0.9696615934371948,0.9033377766609192,0.7683120369911194,0.8904601335525513,0.889007568359375,0.756023108959198,0.8173415064811707,0.9429402351379395,0.8685958027839661,1
PBPR_RS13655,PBPR_RS13650,1,0.9407702088356018,0.9130624532699585,0.9368229508399963,0.9429521560668945,0.8914541602134705,0.8956766724586487,0.910057544708252,0.8479139804840088,0.8736511468887329,0.8885452747344971,0.9040906548500061,1
PBPR_RS13635,PBPR_RS13630,1,0.9838479161262512,0.9780057668685913,0.9797937870025635,0.9890491962432861,0.964423418045044,0.954764187335968,0.9887137413024902,0.9745722413063049,0.9627848267555237,0.9672836065292358,0.9743238687515259,1
PBPR_RS13630,PBPR_RS13625,1,0.9706330895423889,0.9611997604370117,0.9656469225883484,0.9678590297698975,0.9477360844612122,0.939357340335846,0.9737644195556641,0.9637567400932312,0.9616387486457825,0.9255852103233337,0.9577177345752717,1
PBPR_RS13625,PBPR_RS13620,1,0.9819529056549072,0.9677914381027222,0.9786639213562012,0.9819534420967102,0.9519937038421631,0.9458047747612,0.9694095849990845,0.961334228515625,0.9616475701332092,0.968171238899231,0.9668722808361053,1
PBPR_RS13620,PBPR_RS13615,1,0.9806601405143738,0.9761200547218323,0.9707332849502563,0.9822315573692322,0.9469914436340332,0.9592497944831848,0.989288330078125,0.971697986125946,0.9658039212226868,0.9614148736000061,0.9704191386699677,1
PBPR_RS13615,PBPR_RS13610,1,0.8251311779022217,0.8225339651107788,0.8539057374000549,0.6313815712928772,0.8939691185951233,0.8984112739562988,0.8643766641616821,0.6333913207054138,0.9382553696632385,0.5463774800300598,0.7907733678817749,1
PBPR_RS13610,PBPR_RS13605,1,0.7865803837776184,0.8273078799247742,0.8891950249671936,0.8625325560569763,0.8691508769989014,0.8828503489494324,0.8838449716567993,0.6886892318725586,0.8248773217201233,0.8921976685523987,0.8407226264476776,1
PBPR_RS13520,PBPR_RS13515,1,0.8405711650848389,0.8995115756988525,0.9461129307746887,0.9069089293479919,0.8438793420791626,0.8624165058135986,0.9567061066627502,0.7472955584526062,0.8405001163482666,0.9043981432914734,0.874830037355423,1
PBPR_RS13490,PBPR_RS13485,1,0.6934556365013123,0.7403776049613953,0.8724745512008667,0.7665079832077026,0.7993383407592773,0.6538779735565186,0.6719993352890015,0.57666015625,0.7391823530197144,0.49859023094177246,0.7012464165687561,1
PBPR_RS13485,PBPR_RS13480,0,0.8148946762084961,0.8341197967529297,0.7973238825798035,0.8750507831573486,0.8580496311187744,0.8284921050071716,0.847928524017334,0.7835264801979065,0.7391425967216492,0.8271032571792603,0.8205631732940674,1
PBPR_RS13480,PBPR_RS13475,1,0.6415472030639648,0.9017719030380249,0.8089544773101807,0.8382262587547302,0.765360951423645,0.7726232409477234,0.8691859245300293,0.6382403373718262,0.8516075015068054,0.828982949256897,0.7916500747203827,1
PBPR_RS13420,PBPR_RS13415,1,0.5927026271820068,0.6524277329444885,0.7525185346603394,0.45169517397880554,0.7434998154640198,0.6940710544586182,0.8377411961555481,0.5499696135520935,0.3653642237186432,0.7363595962524414,0.6376349568367005,1
PBPR_RS13355,PBPR_RS13350,1,0.9862316250801086,0.9823412895202637,0.9764434099197388,0.9826344847679138,0.9743965864181519,0.9668183326721191,0.9821872711181641,0.9785219430923462,0.9815495610237122,0.9814955592155457,0.9792620062828064,1
PBPR_RS13350,PBPR_RS13345,1,0.9761673212051392,0.9542791247367859,0.9678387641906738,0.9700584411621094,0.9534987807273865,0.9523795247077942,0.9764642715454102,0.966413140296936,0.9705910086631775,0.9643419981002808,0.9652032375335693,1
PBPR_RS13190,PBPR_RS13185,1,0.9802465438842773,0.9547550082206726,0.9576812386512756,0.9739529490470886,0.9180503487586975,0.9425475597381592,0.9822556972503662,0.9495543837547302,0.9576019644737244,0.9547842741012573,0.957142996788025,1
PBPR_RS13000,PBPR_RS12995,1,0.9828430414199829,0.9753931760787964,0.9707513451576233,0.9672638773918152,0.96715247631073,0.9545877575874329,0.9793625473976135,0.9708594679832458,0.9631455540657043,0.9345622658729553,0.96659215092659,1
PBPR_RS12995,PBPR_RS12990,1,0.9877644777297974,0.977837085723877,0.9824309945106506,0.9880926609039307,0.9612368941307068,0.9620428085327148,0.9878162741661072,0.9696613550186157,0.9505948424339294,0.9794713258743286,0.9746948719024658,1
PBPR_RS12990,PBPR_RS12985,0,0.9395171999931335,0.9262920022010803,0.9755356907844543,0.9722774028778076,0.9038163423538208,0.9121822118759155,0.9492440819740295,0.8734129667282104,0.8050612211227417,0.9489011764526367,0.920624029636383,1
PBPR_RS12985,PBPR_RS12980,1,0.9517322182655334,0.9511091113090515,0.9387235045433044,0.9638317823410034,0.8989902138710022,0.9338691830635071,0.9871170520782471,0.9022349119186401,0.9436621069908142,0.9160262942314148,0.9387296378612519,1
PBPR_RS12935,PBPR_RS12930,1,0.9781628251075745,0.9477086067199707,0.9575648903846741,0.954739511013031,0.894351601600647,0.9449625015258789,0.9751107692718506,0.9445266127586365,0.9441599249839783,0.9693260192871094,0.9510613262653351,1
PBPR_RS12930,PBPR_RS12925,1,0.9780316352844238,0.9734448194503784,0.9724147915840149,0.9830620884895325,0.955461859703064,0.9576913714408875,0.9795851707458496,0.9677528142929077,0.9707252979278564,0.963718831539154,0.9701888680458068,1
PBPR_RS12925,PBPR_RS12920,1,0.9861612319946289,0.9892520308494568,0.9859095811843872,0.9893217086791992,0.9853330254554749,0.9713176488876343,0.9941685795783997,0.9837698936462402,0.973224937915802,0.9774312973022461,0.9835889935493469,1
PBPR_RS12920,PBPR_RS12915,1,0.16688673198223114,0.15084965527057648,0.1711391806602478,0.25984644889831543,0.31132790446281433,0.19081908464431763,0.13813020288944244,0.11698054522275925,0.2781986594200134,0.020917929708957672,0.18050963431596756,0
PBPR_RS12915,PBPR_RS12910,1,0.8411486148834229,0.5763310194015503,0.8480355143547058,0.8419936299324036,0.606552243232727,0.7209436297416687,0.9100959300994873,0.3745660185813904,0.449002206325531,0.41514235734939575,0.6583811163902282,1
PBPR_RS12855,PBPR_RS12850,1,0.9777589440345764,0.9683749079704285,0.9772987961769104,0.9816429615020752,0.9475015997886658,0.9568310379981995,0.9837267398834229,0.9361168146133423,0.9485913515090942,0.9704039096832275,0.9648247063159943,1
PBPR_RS12810,PBPR_RS12805,1,0.8606517910957336,0.7830188870429993,0.8242279887199402,0.8027999997138977,0.6734812259674072,0.8299503326416016,0.753559947013855,0.6175505518913269,0.6452335715293884,0.66180020570755,0.74522745013237,1
PBPR_RS12630,PBPR_RS12625,1,0.9830163717269897,0.9833398461341858,0.9717952013015747,0.9568019509315491,0.9730584025382996,0.9664857387542725,0.9797651767730713,0.9715485572814941,0.9751036763191223,0.9647558927536011,0.972567081451416,1
PBPR_RS12610,PBPR_RS12605,1,0.2800704836845398,0.34827178716659546,0.395910382270813,0.2459690272808075,0.43868011236190796,0.3515493869781494,0.4132583737373352,0.2981802225112915,0.20623600482940674,0.1586904078722,0.3136816188693047,0
PBPR_RS12590,PBPR_RS12585,1,0.9872572422027588,0.9769049286842346,0.9746521711349487,0.9732955098152161,0.9562859535217285,0.9566459059715271,0.9568414092063904,0.9708057641983032,0.974425733089447,0.9802584648132324,0.9707373082637787,1
PBPR_RS12585,PBPR_RS12580,1,0.9820669889450073,0.9719537496566772,0.9607734084129333,0.9464564919471741,0.9663296341896057,0.9636226296424866,0.9827296137809753,0.978196382522583,0.9788960814476013,0.9568378925323486,0.9687862873077393,1
PBPR_RS12555,PBPR_RS12550,1,0.8758026957511902,0.84675532579422,0.8110877275466919,0.8686859011650085,0.8969854712486267,0.8871285319328308,0.9584096074104309,0.7005046606063843,0.9068700671195984,0.5815594792366028,0.8333789467811584,1
PBPR_RS12445,PBPR_RS12440,1,0.5838140845298767,0.6232610940933228,0.8009672164916992,0.6951791644096375,0.6802294850349426,0.6101098656654358,0.733513593673706,0.4358993470668793,0.44051289558410645,0.601848840713501,0.6205335587263108,1
PBPR_RS12400,PBPR_RS12395,1,0.9838651418685913,0.9740468859672546,0.9795534014701843,0.9692224264144897,0.9669826626777649,0.9565950036048889,0.9958528280258179,0.975695013999939,0.9489924907684326,0.9759353995323181,0.9726741254329682,1
PBPR_RS12395,PBPR_RS12390,0,0.07869824767112732,0.0629260241985321,0.07393646985292435,0.02806961163878441,0.100650355219841,0.10323727875947952,0.07011260837316513,0.050516583025455475,0.06579531729221344,0.01738560013473034,0.0651328096166253,0
PBPR_RS12390,PBPR_RS12385,1,0.9804496765136719,0.9638871550559998,0.9754659533500671,0.9588592052459717,0.9640173316001892,0.9630604386329651,0.9730330109596252,0.9783462285995483,0.9690777659416199,0.9672595262527466,0.9693456292152405,1
PBPR_RS12295,PBPR_RS12290,1,0.3401123285293579,0.28363144397735596,0.41105398535728455,0.12810459733009338,0.5103291273117065,0.5699835419654846,0.43227338790893555,0.40481218695640564,0.37119054794311523,0.3272797167301178,0.3778770864009857,0
PBPR_RS12250,PBPR_RS12245,1,0.9773074984550476,0.9610193967819214,0.9626829624176025,0.8564544320106506,0.934639036655426,0.9435621500015259,0.9813626408576965,0.9241617321968079,0.9525888562202454,0.8577188849449158,0.935149759054184,1
PBPR_RS12245,PBPR_RS12240,1,0.9751974940299988,0.950378954410553,0.9546133875846863,0.9525552988052368,0.8903325796127319,0.9484743475914001,0.9518548250198364,0.9475466012954712,0.9736073017120361,0.9476614594459534,0.9492222249507904,1
PBPR_RS12195,PBPR_RS12190,1,0.7103676199913025,0.7666070461273193,0.8921598196029663,0.849188506603241,0.8614594340324402,0.8546013236045837,0.8039615750312805,0.7187929153442383,0.7005724906921387,0.905473530292511,0.8063184261322022,1
PBPR_RS12135,PBPR_RS12130,1,0.9787499904632568,0.9599740505218506,0.9716800451278687,0.9765612483024597,0.9437089562416077,0.9481488466262817,0.9935743808746338,0.9570582509040833,0.9618346095085144,0.9670463800430298,0.9658336758613586,1
PBPR_RS12130,PBPR_RS12125,1,0.98250412940979,0.9663085341453552,0.9825746417045593,0.9847487211227417,0.9530642032623291,0.9493331909179688,0.9665601253509521,0.9652842879295349,0.9509301781654358,0.9544108510017395,0.9655718863010406,1
PBPR_RS12125,PBPR_RS12120,1,0.987926721572876,0.9755376577377319,0.9896501898765564,0.984180212020874,0.9777261018753052,0.9572108387947083,0.9883933663368225,0.9896339178085327,0.9594728350639343,0.9783483743667603,0.9788080215454101,1
PBPR_RS12120,PBPR_RS12105,0,0.0019356525735929608,0.0012520183809101582,0.0037101528141647577,0.002002780558541417,0.005947132129222155,0.015999285504221916,0.002099052770063281,0.002870778786018491,0.005744772497564554,0.0013156771892681718,0.004287730320356786,0
PBPR_RS12105,PBPR_RS12100,1,0.7206453084945679,0.9474894404411316,0.7640529274940491,0.6678040623664856,0.8989585638046265,0.8236598372459412,0.9520208239555359,0.6503155827522278,0.9060612916946411,0.6948935389518738,0.802590137720108,1
PBPR_RS12100,PBPR_RS12095,1,0.9781729578971863,0.967942476272583,0.9735190868377686,0.9806545376777649,0.954413890838623,0.9570608735084534,0.9884528517723083,0.9694480299949646,0.9636033177375793,0.9688851237297058,0.9702153146266937,1
PBPR_RS12095,PBPR_RS12090,1,0.9779385924339294,0.9671018719673157,0.949643611907959,0.9766417145729065,0.9513382315635681,0.9468486309051514,0.9570614695549011,0.962967574596405,0.9776142835617065,0.9680491089820862,0.9635205090045929,1
PBPR_RS11770,PBPR_RS11765,1,0.9897313714027405,0.9849226474761963,0.9819695949554443,0.9833333492279053,0.9684809446334839,0.9713147878646851,0.9917457699775696,0.9793559908866882,0.9826708436012268,0.9879740476608276,0.9821499347686767,1
PBPR_RS11345,PBPR_RS11340,1,0.6388391852378845,0.75067138671875,0.6580027341842651,0.6509316563606262,0.7540424466133118,0.7565881609916687,0.7228665351867676,0.5266960263252258,0.785008430480957,0.6680841445922852,0.6911730706691742,1
PBPR_RS10930,PBPR_RS10925,1,0.867283284664154,0.8974178433418274,0.8958725929260254,0.9285264611244202,0.8318819999694824,0.9074335098266602,0.8758281469345093,0.761008083820343,0.9415757060050964,0.8090912699699402,0.8715918898582459,1
PBPR_RS10910,PBPR_RS10905,1,0.8951576948165894,0.9168803691864014,0.9063125252723694,0.963927149772644,0.8605573177337646,0.880974531173706,0.8566040992736816,0.7465432286262512,0.8296844959259033,0.8786053657531738,0.8735246777534484,1
PBPR_RS10350,PBPR_RS10345,1,0.9684630036354065,0.9300479292869568,0.9537505507469177,0.9112657904624939,0.922234296798706,0.9313190579414368,0.968982458114624,0.8820285797119141,0.9383321404457092,0.883276641368866,0.9289700448513031,1
PBPR_RS10345,PBPR_RS10340,1,0.9823874235153198,0.9726141691207886,0.9738925695419312,0.9648913741111755,0.9722883105278015,0.9611299633979797,0.9821177124977112,0.983086884021759,0.9675629734992981,0.9598814249038696,0.9719852805137634,1
PBPR_RS10085,PBPR_RS10080,1,0.9447411298751831,0.9270605444908142,0.8764340281486511,0.9543156623840332,0.8938210010528564,0.9310970902442932,0.9410910606384277,0.8311335444450378,0.9341751337051392,0.8975263237953186,0.9131395518779755,1
PBPR_RS09985,PBPR_RS09980,1,0.4881453216075897,0.30672281980514526,0.2506283223628998,0.2729131579399109,0.31155964732170105,0.577190637588501,0.19911742210388184,0.2098853588104248,0.16491229832172394,0.17556311190128326,0.29566380977630613,0
PBPR_RS09980,PBPR_RS09975,1,0.6775223612785339,0.5460790395736694,0.8483084440231323,0.5206684470176697,0.7060455083847046,0.6795805096626282,0.7518669962882996,0.464204877614975,0.5983340740203857,0.7023156881332397,0.6494925945997239,1
PBPR_RS09915,PBPR_RS09910,1,0.18456967175006866,0.17368990182876587,0.256786048412323,0.04421301186084747,0.156146839261055,0.33273208141326904,0.1436319202184677,0.180972620844841,0.1185535117983818,0.12608475983142853,0.17173803672194482,0
PBPR_RS09855,PBPR_RS09850,1,0.9051969051361084,0.8949786424636841,0.9268494844436646,0.9317880272865295,0.923507034778595,0.9093132615089417,0.9603623747825623,0.7641712427139282,0.9413502812385559,0.5922037363052368,0.8749720990657807,1
PBPR_RS09805,PBPR_RS09800,1,0.9809826016426086,0.9660061597824097,0.9501714706420898,0.9692960977554321,0.9681981205940247,0.9654099345207214,0.9747927188873291,0.9342995882034302,0.9828737378120422,0.962028443813324,0.9654058873653412,1
PBPR_RS09730,PBPR_RS09725,1,0.8411933183670044,0.8940479755401611,0.9386410117149353,0.9361719489097595,0.9098287224769592,0.8183262944221497,0.9542235136032104,0.675353467464447,0.7052579522132874,0.7400122284889221,0.8413056433200836,1
PBPR_RS09550,PBPR_RS09545,1,0.736531674861908,0.7248614430427551,0.7417090535163879,0.9015399813652039,0.8480934500694275,0.7510011196136475,0.7168577313423157,0.6191166043281555,0.7326951622962952,0.750765323638916,0.7523171544075012,1
PBPR_RS09535,PBPR_RS09530,1,0.48510321974754333,0.521636962890625,0.8066016435623169,0.5774499773979187,0.5300446152687073,0.4633867144584656,0.5475383400917053,0.33560067415237427,0.325208455324173,0.18421630561351776,0.4776786908507347,0
PBPR_RS09485,PBPR_RS09480,1,0.98757004737854,0.9866451621055603,0.9828490018844604,0.9859431982040405,0.9810731410980225,0.9730007648468018,0.9897493124008179,0.9786885380744934,0.9823896884918213,0.9879670739173889,0.9835875928401947,1
PBPR_RS09385,PBPR_RS09380,1,0.9404065012931824,0.9408773183822632,0.9674586057662964,0.9086682200431824,0.9121667146682739,0.8944844603538513,0.978813111782074,0.8230131268501282,0.8915312886238098,0.7844087481498718,0.9041828095912934,1
PBPR_RS09290,PBPR_RS09285,1,0.9760341644287109,0.9436463713645935,0.9611335396766663,0.9346581697463989,0.9270680546760559,0.9432597756385803,0.9825546145439148,0.954710841178894,0.9593862891197205,0.9571794271469116,0.9539631247520447,1
PBPR_RS09260,PBPR_RS09255,1,0.9724875688552856,0.9544824361801147,0.9656912088394165,0.9724031686782837,0.921108603477478,0.9449314475059509,0.9831728339195251,0.937064528465271,0.9488904476165771,0.8890178203582764,0.948925006389618,1
PBPR_RS09170,PBPR_RS09165,1,0.9795183539390564,0.9592793583869934,0.9777418375015259,0.9780101776123047,0.9390268921852112,0.9494311809539795,0.9882828593254089,0.9689602851867676,0.9605016708374023,0.9593315720558167,0.9660084187984467,1
PBPR_RS09145,PBPR_RS09140,1,0.9684830904006958,0.9611212611198425,0.9629753828048706,0.8946558833122253,0.9450304508209229,0.9428128600120544,0.9571016430854797,0.8445049524307251,0.9468582272529602,0.8668846487998962,0.9290428400039673,1
PBPR_RS08210,PBPR_RS08205,1,0.9725194573402405,0.9312619566917419,0.9535824656486511,0.9418405294418335,0.9391145706176758,0.9419832229614258,0.9715337753295898,0.9452956914901733,0.9338928461074829,0.9199197888374329,0.9450944304466248,1
PBPR_RS08205,PBPR_RS08200,1,0.9731537103652954,0.9554059505462646,0.9867377281188965,0.9620311856269836,0.9415581822395325,0.9235841631889343,0.9851592779159546,0.96794593334198,0.8709421157836914,0.9143315553665161,0.9480849802494049,1
PBPR_RS07720,PBPR_RS07715,1,0.9003276228904724,0.8940717577934265,0.7667579650878906,0.8309187293052673,0.9034695625305176,0.9146565794944763,0.9585468173027039,0.8144229054450989,0.8760119676589966,0.7820971012115479,0.8641281008720398,1
PBPR_RS07650,PBPR_RS07645,1,0.8253286480903625,0.8617495894432068,0.8824713230133057,0.7011278867721558,0.8405302166938782,0.8389125466346741,0.9289129972457886,0.7496176362037659,0.6365124583244324,0.8834176659584045,0.8148580968379975,1
PBPR_RS07430,PBPR_RS07425,1,0.9677261114120483,0.9443645477294922,0.9550361037254333,0.9527719616889954,0.8670538663864136,0.9333038926124573,0.9771047830581665,0.9488782286643982,0.9640719294548035,0.9651256203651428,0.9475437045097351,1
PBPR_RS07405,PBPR_RS07400,1,0.8692026138305664,0.8717368841171265,0.9182225465774536,0.9572564959526062,0.8078208565711975,0.8390726447105408,0.9239943027496338,0.6307269334793091,0.9055646657943726,0.7234752178192139,0.844707316160202,1
PBPR_RS07345,PBPR_RS07340,1,0.465508371591568,0.43857327103614807,0.4510802626609802,0.5551823377609253,0.314940869808197,0.584517776966095,0.3465536832809448,0.25567227602005005,0.2743555009365082,0.4201144874095917,0.4106498837471008,0
PBPR_RS07280,PBPR_RS07275,1,0.9452166557312012,0.9531255960464478,0.9787958264350891,0.9820804595947266,0.9349514842033386,0.9431445598602295,0.9893056750297546,0.9223198294639587,0.9493951201438904,0.9051228761672974,0.9503458082675934,1
PBPR_RS07275,PBPR_RS07270,0,0.21965011954307556,0.534442663192749,0.15744628012180328,0.09795908629894257,0.5211548805236816,0.34843432903289795,0.5130040049552917,0.2644568681716919,0.1620875895023346,0.10746781527996063,0.2926103636622429,0
PBPR_RS07270,PBPR_RS07265,1,0.9301280975341797,0.9417396187782288,0.9553406238555908,0.9155687689781189,0.932025671005249,0.9200012683868408,0.964257538318634,0.9350886940956116,0.9174599051475525,0.9246870279312134,0.933629721403122,1
PBPR_RS07110,PBPR_RS07105,1,0.9795576333999634,0.9791374206542969,0.982422947883606,0.9877402186393738,0.9499114155769348,0.9636072516441345,0.996005117893219,0.9764851927757263,0.9656283855438232,0.9721840620040894,0.9752679646015168,1
PBPR_RS07105,PBPR_RS07100,1,0.9111756086349487,0.9177414774894714,0.9371240735054016,0.9344891309738159,0.8606624603271484,0.9091860055923462,0.9714107513427734,0.7772008180618286,0.9032392501831055,0.8897455930709839,0.9011975169181824,1
PBPR_RS06820,PBPR_RS06815,1,0.8362329006195068,0.7881030440330505,0.43380120396614075,0.7294415235519409,0.834674596786499,0.8302212953567505,0.785519003868103,0.730170488357544,0.783958911895752,0.4982966184616089,0.7250419586896897,1
PBPR_RS06745,PBPR_RS06740,1,0.9848600625991821,0.9663324952125549,0.98090660572052,0.9782336950302124,0.9707138538360596,0.9583350419998169,0.9903361201286316,0.9804911017417908,0.9497839212417603,0.9782740473747253,0.9738266944885254,1
PBPR_RS06700,PBPR_RS06695,1,0.8652646541595459,0.9406037926673889,0.9143558740615845,0.9687761068344116,0.9354013204574585,0.8072502017021179,0.9063648581504822,0.7293848991394043,0.823890209197998,0.8933941721916199,0.8784686088562011,1
PBPR_RS05990,PBPR_RS05985,1,0.9813229441642761,0.9704670906066895,0.9740380644798279,0.9690037369728088,0.959566593170166,0.9569785594940186,0.9879892468452454,0.9707494974136353,0.9683881998062134,0.9658747911453247,0.9704378724098206,1
PBPR_RS05865,PBPR_RS05860,1,0.9668614268302917,0.9484469890594482,0.9442575573921204,0.9397326707839966,0.9214586019515991,0.9389780759811401,0.9438626170158386,0.9405401945114136,0.9635345339775085,0.8870777487754822,0.9394750416278839,1
PBPR_RS05860,PBPR_RS05850,0,0.017889851704239845,0.039001353085041046,0.027751484885811806,0.0067794048227369785,0.01874578930437565,0.05241904780268669,0.04437512531876564,0.02559472620487213,0.028038406744599342,0.01290105190128088,0.027349624177441002,0
PBPR_RS05850,PBPR_RS05845,1,0.9827231764793396,0.9576675295829773,0.9812546968460083,0.9850191473960876,0.9401795864105225,0.9568501114845276,0.9914686679840088,0.9615002870559692,0.9639901518821716,0.9701732397079468,0.9690826594829559,1
PBPR_RS05810,PBPR_RS05805,1,0.9755992889404297,0.9818750023841858,0.9688945412635803,0.981803834438324,0.962604284286499,0.960252583026886,0.9901066422462463,0.9771685004234314,0.9658004641532898,0.9403597116470337,0.9704464852809906,1
PBPR_RS05630,PBPR_RS05625,1,0.9305908679962158,0.9072881937026978,0.9408232569694519,0.7668893933296204,0.8351237177848816,0.9057893753051758,0.9413676261901855,0.8712766766548157,0.7485744953155518,0.838653028011322,0.8686376631259918,1
PBPR_RS05625,PBPR_RS05620,0,0.4827483296394348,0.5461610555648804,0.48398536443710327,0.5552539229393005,0.8274449706077576,0.6404671669006348,0.7094588875770569,0.5392855405807495,0.6696746945381165,0.14964832365512848,0.5604128256440163,1
PBPR_RS05620,PBPR_RS05615,1,0.9648177623748779,0.9626890420913696,0.9436528086662292,0.9705344438552856,0.9366849660873413,0.9499716758728027,0.9823563098907471,0.9588295221328735,0.9570310115814209,0.9621748924255371,0.9588742434978486,1
PBPR_RS05615,PBPR_RS05610,1,0.9811539649963379,0.9744169116020203,0.9812621474266052,0.980657696723938,0.9496076107025146,0.9601245522499084,0.9977289438247681,0.9652119874954224,0.9735432267189026,0.978666365146637,0.9742373406887055,1
PBPR_RS05555,PBPR_RS05550,1,0.9429900050163269,0.8284497261047363,0.9476249814033508,0.9605545401573181,0.8768178820610046,0.9354129433631897,0.967676043510437,0.9008128643035889,0.9232150316238403,0.932418167591095,0.9215972185134887,1
PBPR_RS05540,PBPR_RS05535,1,0.9189298748970032,0.7497990131378174,0.8238885402679443,0.7027612924575806,0.616771399974823,0.8650262355804443,0.8271418213844299,0.8026520013809204,0.6995214223861694,0.7169556021690369,0.7723447203636169,1
PBPR_RS05535,PBPR_RS05530,1,0.9742087721824646,0.9709651470184326,0.9701911807060242,0.9764877557754517,0.9619696140289307,0.958764910697937,0.9936777949333191,0.9680184125900269,0.966733455657959,0.956981360912323,0.9697998404502869,1
PBPR_RS05530,PBPR_RS05525,1,0.9544605612754822,0.9479359984397888,0.9686828851699829,0.9801263809204102,0.9283389449119568,0.9389068484306335,0.9779301285743713,0.9094557762145996,0.8993631601333618,0.9631711840629578,0.9468371868133545,1
PBPR_RS05525,PBPR_RS05520,1,0.9787736535072327,0.9813176989555359,0.9769484996795654,0.9649138450622559,0.9739186763763428,0.9650876522064209,0.9917197823524475,0.9741711616516113,0.9739409685134888,0.9723767638206482,0.975316870212555,1
PBPR_RS05520,PBPR_RS05515,0,0.2563971281051636,0.2925013601779938,0.3630533814430237,0.33118173480033875,0.5237838625907898,0.40944015979766846,0.45224231481552124,0.1882038712501526,0.35481545329093933,0.0355820469558239,0.3207201313227415,0
PBPR_RS05515,PBPR_RS05510,1,0.8087311387062073,0.5521851778030396,0.7282994985580444,0.5464616417884827,0.6012700200080872,0.6783037185668945,0.6292809844017029,0.4487196207046509,0.34646958112716675,0.49315711855888367,0.583287850022316,1
PBPR_RS05510,PBPR_RS05505,1,0.9846706390380859,0.9825524091720581,0.9772877097129822,0.9474888443946838,0.9670395851135254,0.9640869498252869,0.9889061450958252,0.9834896922111511,0.9657421112060547,0.9755259156227112,0.9736790001392365,1
PBPR_RS05475,PBPR_RS05470,1,0.8057283759117126,0.7860550284385681,0.7990871071815491,0.865176796913147,0.7714979648590088,0.8464854955673218,0.8703701496124268,0.6234495043754578,0.6264915466308594,0.6543540358543396,0.7648696005344391,1
PBPR_RS05470,PBPR_RS05465,1,0.9746785759925842,0.957934558391571,0.9643091559410095,0.9449757933616638,0.9550004601478577,0.9476203918457031,0.9791283011436462,0.9224328994750977,0.9312468767166138,0.9577296376228333,0.953505665063858,1
PBPR_RS05355,PBPR_RS05350,1,0.9870572686195374,0.9766246676445007,0.9808430671691895,0.9814892411231995,0.9613524079322815,0.9677360653877258,0.9905235171318054,0.9746661186218262,0.9641860127449036,0.9818068742752075,0.9766285240650177,1
PBPR_RS05235,PBPR_RS05230,1,0.9632104635238647,0.8213616609573364,0.90016770362854,0.9300652146339417,0.9072380661964417,0.9119396805763245,0.9240549802780151,0.9212984442710876,0.9439869523048401,0.8525736331939697,0.9075896799564361,1
PBPR_RS05230,PBPR_RS05225,1,0.9793635606765747,0.9707912802696228,0.9683090448379517,0.9788658618927002,0.9473473429679871,0.9503264427185059,0.9858729243278503,0.967198371887207,0.9587678909301758,0.9637885689735413,0.9670631289482117,1
PBPR_RS05190,PBPR_RS05185,1,0.975982666015625,0.9764518141746521,0.9659562110900879,0.9636781215667725,0.964586615562439,0.9573765993118286,0.9877746105194092,0.9706056118011475,0.959302544593811,0.9644193649291992,0.9686134159564972,1
PBPR_RS04875,PBPR_RS04870,1,0.9853492379188538,0.9852671027183533,0.9739479422569275,0.9709119200706482,0.962604284286499,0.9722089767456055,0.9916387796401978,0.972046971321106,0.9765458703041077,0.9612817168235779,0.9751802802085876,1
PBPR_RS04365,PBPR_RS04360,1,0.7252513766288757,0.8251121640205383,0.782911479473114,0.8708188533782959,0.7828156352043152,0.6629709601402283,0.8931588530540466,0.5372136235237122,0.8920198678970337,0.3659473955631256,0.7338220208883286,1
PBPR_RS04295,PBPR_RS04290,1,0.9788163900375366,0.9838221073150635,0.9901451468467712,0.9881194829940796,0.9814022779464722,0.97828608751297,0.9763672351837158,0.9801844954490662,0.9850795269012451,0.9865232110023499,0.982874596118927,1
PBPR_RS04275,PBPR_RS04270,1,0.9731943011283875,0.9838908314704895,0.9587099552154541,0.9779984354972839,0.9677947759628296,0.9609455466270447,0.9877979159355164,0.9758596420288086,0.9620078206062317,0.9673190116882324,0.9715518236160279,1
PBPR_RS04140,PBPR_RS04135,1,0.9900563359260559,0.9890541434288025,0.9942272305488586,0.9885590672492981,0.9789121747016907,0.9783719182014465,0.9674200415611267,0.9851301312446594,0.9913171529769897,0.9954332113265991,0.9858481407165527,1
PBPR_RS04110,PBPR_RS04105,1,0.9817944765090942,0.9829495549201965,0.9908102750778198,0.9828323721885681,0.968838632106781,0.9736875295639038,0.9601880311965942,0.9753953814506531,0.9883115887641907,0.9889529943466187,0.979376083612442,1
PBPR_RS04080,PBPR_RS04075,1,0.9659262895584106,0.9650424718856812,0.9682691097259521,0.9768599271774292,0.954796314239502,0.9591613411903381,0.99212646484375,0.9558935165405273,0.9654582142829895,0.9628745913505554,0.9666408240795136,1
PBPR_RS03650,PBPR_RS03645,1,0.9849898219108582,0.988131046295166,0.9874973893165588,0.9858206510543823,0.9639954566955566,0.9700183272361755,0.9936760067939758,0.9785341024398804,0.9763025045394897,0.9747704863548279,0.9803735792636872,1
PBPR_RS03150,PBPR_RS03145,1,0.9684548377990723,0.968560516834259,0.9736633896827698,0.982314944267273,0.9613159894943237,0.9569201469421387,0.9860731959342957,0.953061580657959,0.9519699811935425,0.9593620300292969,0.966169661283493,1
PBPR_RS02765,PBPR_RS02760,1,0.975845456123352,0.978528618812561,0.9886428713798523,0.9791960120201111,0.9640340805053711,0.9737959504127502,0.953129768371582,0.9710865020751953,0.9853646159172058,0.9892982840538025,0.9758922159671783,1
PBPR_RS02445,PBPR_RS02440,1,0.4598161280155182,0.42368242144584656,0.5114516019821167,0.4141747057437897,0.6839475035667419,0.47041139006614685,0.5782483220100403,0.3060944676399231,0.682593822479248,0.287896066904068,0.4818316429853439,0
PBPR_RS02440,PBPR_RS02435,1,0.7470563650131226,0.8700852394104004,0.8746797442436218,0.7677872776985168,0.9014660716056824,0.9008496403694153,0.9407057166099548,0.8624487519264221,0.9097118973731995,0.7059107422828674,0.8480701446533203,1
PBPR_RS02435,PBPR_RS02430,0,0.2138427048921585,0.13499414920806885,0.3192201554775238,0.04358077794313431,0.07702095061540604,0.16833184659481049,0.21993009746074677,0.08173587918281555,0.04603932425379753,0.0447872132062912,0.1349483098834753,0
PBPR_RS02430,PBPR_RS02425,1,0.9617972373962402,0.9470959901809692,0.951116144657135,0.8863934278488159,0.9446653127670288,0.9466765522956848,0.9748010039329529,0.9051418900489807,0.9359137415885925,0.9050654768943787,0.9358666777610779,1
PBPR_RS02285,PBPR_RS02280,1,0.8436978459358215,0.9088044762611389,0.9183465838432312,0.8782837390899658,0.9181503057479858,0.9284200668334961,0.9165822863578796,0.6909956932067871,0.9737894535064697,0.6553427577018738,0.8632413208484649,1
PBPR_RS02230,PBPR_RS02225,1,0.8528555631637573,0.926407516002655,0.9263206124305725,0.9564465284347534,0.9224119186401367,0.8946893811225891,0.9281829595565796,0.889186680316925,0.7847993969917297,0.9331541657447815,0.901445472240448,1
PBPR_RS02150,PBPR_RS02145,1,0.43139100074768066,0.48740607500076294,0.2541313171386719,0.36187848448753357,0.6188657283782959,0.5782204866409302,0.2901645004749298,0.32404768466949463,0.6253673434257507,0.21041609346866608,0.41818887144327166,0
PBPR_RS02145,PBPR_RS02140,1,0.9344033598899841,0.9598256945610046,0.9458345770835876,0.9821345806121826,0.9127405881881714,0.9252302050590515,0.9826892018318176,0.7569435834884644,0.9325827360153198,0.8161622881889343,0.9148546814918518,1
PBPR_RS02085,PBPR_RS02080,1,0.9369412660598755,0.9402409195899963,0.9544799327850342,0.9530400037765503,0.9096295833587646,0.9559181332588196,0.9813642501831055,0.9033746123313904,0.9422162771224976,0.9252275824546814,0.9402432560920715,1
PBPR_RS02080,PBPR_RS02075,0,0.9682363271713257,0.9602383971214294,0.9527177810668945,0.9560609459877014,0.953801691532135,0.967522382736206,0.9696633219718933,0.9631698131561279,0.9821754693984985,0.9650564789772034,0.9638642609119416,1
PBPR_RS02075,PBPR_RS02070,1,0.9829050302505493,0.9729492664337158,0.9647607207298279,0.9711110591888428,0.9637771248817444,0.9737492203712463,0.9854166507720947,0.9745911955833435,0.9809285998344421,0.9796217083930969,0.9749810576438904,1
PBPR_RS02070,PBPR_RS02065,0,0.2047547847032547,0.322073370218277,0.5467215776443481,0.04876275733113289,0.13704650104045868,0.17270788550376892,0.23298147320747375,0.19537952542304993,0.07061472535133362,0.24406668543815613,0.21751092858612536,0
PBPR_RS02065,PBPR_RS02060,1,0.9876832962036133,0.9708952307701111,0.9851840138435364,0.9847590327262878,0.9474858045578003,0.9646060466766357,0.9924713969230652,0.9783093929290771,0.9382330179214478,0.9797258377075195,0.9729353070259095,1
PBPR_RS01990,PBPR_RS01985,1,0.7012155055999756,0.9245205521583557,0.9304265975952148,0.8692822456359863,0.8768514394760132,0.8885766863822937,0.8977054357528687,0.8032873868942261,0.8808739185333252,0.9133254885673523,0.8686065256595612,1
PBPR_RS01575,PBPR_RS01570,1,0.5558226704597473,0.6390603184700012,0.7367782592773438,0.6828805208206177,0.7288216352462769,0.6856673359870911,0.7636558413505554,0.5598799586296082,0.47012901306152344,0.6589786410331726,0.6481674194335938,1
PBPR_RS01530,PBPR_RS01525,1,0.9850317239761353,0.9591194987297058,0.9904738068580627,0.9702985286712646,0.9504404067993164,0.9647868275642395,0.9918773174285889,0.9669094681739807,0.9682259559631348,0.9824670553207397,0.9729630589485169,1
PBPR_RS01525,PBPR_RS01520,0,0.318022757768631,0.26134932041168213,0.4764498770236969,0.35039302706718445,0.3120410144329071,0.5306068658828735,0.37931087613105774,0.23570013046264648,0.28721022605895996,0.5874844789505005,0.373856857419014,0
PBPR_RS01520,PBPR_RS01515,1,0.2583155035972595,0.37540462613105774,0.33470606803894043,0.17181839048862457,0.6500145792961121,0.5924966335296631,0.44659093022346497,0.4091995656490326,0.34945183992385864,0.3111705780029297,0.38991687148809434,0
PBPR_RS01295,PBPR_RS01290,1,0.9798787236213684,0.977871835231781,0.9701195955276489,0.9831187725067139,0.9725072383880615,0.9675177335739136,0.9901825785636902,0.9770092964172363,0.9744113087654114,0.9358454942703247,0.972846257686615,1
PBPR_RS01220,PBPR_RS01215,1,0.8894256353378296,0.8868367671966553,0.9716008305549622,0.9745420217514038,0.8682857155799866,0.8425793051719666,0.8973443508148193,0.8235406279563904,0.8410111665725708,0.8816160559654236,0.8876782476902008,1
PBPR_RS01130,PBPR_RS01125,1,0.9829334616661072,0.9817854762077332,0.976913571357727,0.9806702136993408,0.9642626047134399,0.9657744765281677,0.9923117756843567,0.9710107445716858,0.9665673971176147,0.9807835221290588,0.9763013243675231,1
PBPR_RS01125,PBPR_RS01120,1,0.9805108308792114,0.9727018475532532,0.9792898893356323,0.9814772605895996,0.9735057353973389,0.9673232436180115,0.9962173104286194,0.9643540978431702,0.9556618928909302,0.9787266850471497,0.9749768793582916,1
PBPR_RS01120,PBPR_RS01115,1,0.9822915196418762,0.9699862599372864,0.9777904152870178,0.9589914679527283,0.9723620414733887,0.9657343626022339,0.9846329689025879,0.9717297554016113,0.9763514399528503,0.9419044256210327,0.9701774656772614,1
PBPR_RS01115,PBPR_RS01110,1,0.8945226669311523,0.7829815745353699,0.7859110236167908,0.6837461590766907,0.7929804921150208,0.861291766166687,0.7143875360488892,0.6765482425689697,0.7709671258926392,0.6966174244880676,0.7659954011440278,1
PBPR_RS01075,PBPR_RS01070,1,0.9192798137664795,0.9548525810241699,0.9893187880516052,0.9555850625038147,0.9113691449165344,0.914646565914154,0.9718902111053467,0.8849048018455505,0.8157688975334167,0.980074405670166,0.9297690272331238,1
PBPR_RS00940,PBPR_RS00935,1,0.8332188725471497,0.859562873840332,0.6344048380851746,0.692110538482666,0.761157214641571,0.8827678561210632,0.7865138053894043,0.7586092948913574,0.8832149505615234,0.7387769222259521,0.7830337166786194,1
PBPR_RS00775,PBPR_RS00770,1,0.9897295236587524,0.9904416799545288,0.9813545346260071,0.9795647263526917,0.9808440208435059,0.9774754643440247,0.994295060634613,0.9847126603126526,0.9753568172454834,0.9791672825813293,0.9832941770553589,1
PBPR_RS00675,PBPR_RS00670,1,0.9524543285369873,0.9391338229179382,0.9634484648704529,0.9668861031532288,0.9195427298545837,0.923568069934845,0.9917741417884827,0.9377214908599854,0.8967257142066956,0.9353225827217102,0.942657744884491,1
PBPR_RS00290,PBPR_RS00285,1,0.9529691934585571,0.9507830142974854,0.9651938080787659,0.9767295122146606,0.907384991645813,0.9474234580993652,0.9739184379577637,0.9145514965057373,0.9222737550735474,0.9646019339561462,0.9475829601287842,1
PBPR_RS00145,PBPR_RS00140,1,0.6137998104095459,0.7563319802284241,0.6544833779335022,0.819380521774292,0.7668916583061218,0.8055137395858765,0.8238198161125183,0.6531954407691956,0.8940359354019165,0.7117564678192139,0.7499208748340607,1
PBPR_RS00140,PBPR_RS00095,0,0.0005256469012238085,0.000573633355088532,0.000532020116224885,0.0011060306569561362,0.002194844651967287,0.007048279512673616,0.0006458956631831825,0.0005147524061612785,0.001689504599198699,0.0002894601202569902,0.0015120067982934415,0
PBPR_RS00095,PBPR_RS00090,1,0.9773374795913696,0.9599690437316895,0.9654591679573059,0.9747401475906372,0.9440869092941284,0.950551450252533,0.9842100143432617,0.9601425528526306,0.9577748775482178,0.965408444404602,0.9639680087566376,1
PBPR_RS00090,PBPR_RS00085,1,0.9883778691291809,0.9834691286087036,0.9810600876808167,0.9834508895874023,0.9664077758789062,0.9947326183319092,0.9802994728088379,0.987302303314209,0.9846643805503845,0.9883246421813965,0.9838089168071746,1
PBPR_RS00035,PBPR_RS00030,1,0.9909398555755615,0.9821444749832153,0.9810855388641357,0.9836332201957703,0.9676777720451355,0.9935791492462158,0.980478823184967,0.9868883490562439,0.9851490259170532,0.9877097606658936,0.9839285969734192,1
