name_1,name_2,true,prob_0,prob_1,prob_2,prob_3,prob_4,prob_5,prob_6,prob_7,prob_8,prob_9,prob,pred
CGTRNA_RS00005,CGTRNA_RS00010,0,0.0735585168004036,0.15858392417430878,0.08457662910223007,0.10546798259019852,0.07146208733320236,0.058567628264427185,0.12830249965190887,0.04052114114165306,0.08540049940347672,0.01965687982738018,0.08260977882891893,0
CGTRNA_RS00010,CGTRNA_RS00015,1,0.9776513576507568,0.9843550324440002,0.9695883393287659,0.9792715907096863,0.975705623626709,0.9502860307693481,0.9356580376625061,0.9734782576560974,0.9694342017173767,0.9736425280570984,0.9689070999622345,1
CGTRNA_RS00015,CGTRNA_RS00020,1,0.9834101796150208,0.9680349826812744,0.9506155848503113,0.9829495549201965,0.9604154229164124,0.9676796197891235,0.9898840188980103,0.9849408268928528,0.9601024389266968,0.9452267289161682,0.9693259358406067,1
CGTRNA_RS00020,CGTRNA_RS00025,1,0.3222389221191406,0.16802851855754852,0.30464470386505127,0.2889961004257202,0.1533263772726059,0.1530378758907318,0.5394338369369507,0.18716157972812653,0.4496523141860962,0.3610600233078003,0.2927580252289772,0
CGTRNA_RS00025,CGTRNA_RS00030,0,0.2606900930404663,0.5359557271003723,0.468677282333374,0.4568693935871124,0.36869844794273376,0.27217960357666016,0.35542893409729004,0.6332024335861206,0.41878175735473633,0.2712632715702057,0.4041746944189072,0
CGTRNA_RS00030,CGTRNA_RS00060,0,0.004699619486927986,0.0028754975646734238,0.012923563830554485,0.006693878211081028,0.0034575972240418196,0.003585167694836855,0.0076338606886565685,0.0039873081259429455,0.004031000193208456,0.007900666445493698,0.005778815946541727,0
CGTRNA_RS00060,CGTRNA_RS00065,1,0.9876975417137146,0.9902907013893127,0.9742485284805298,0.9848511815071106,0.9826814532279968,0.9852884411811829,0.9661712050437927,0.9876738786697388,0.9831100106239319,0.9911676645278931,0.9833180606365204,1
CGTRNA_RS00085,CGTRNA_RS00090,1,0.9796751141548157,0.9682735204696655,0.9403309226036072,0.9598321318626404,0.9575000405311584,0.9517666697502136,0.9674900770187378,0.7380769848823547,0.9178254008293152,0.9768444299697876,0.9357615292072297,1
CGTRNA_RS00090,CGTRNA_RS00105,0,0.01784476265311241,0.0011526468442752957,0.011414001695811749,0.007802145555615425,0.006415832322090864,0.03004814311861992,0.005602048709988594,0.04116853326559067,0.027190987020730972,0.015541034750640392,0.01641801359364763,0
CGTRNA_RS00105,CGTRNA_RS00110,1,0.990845799446106,0.9708046913146973,0.9545493125915527,0.9750125408172607,0.978583574295044,0.9748870730400085,0.9911802411079407,0.9464158415794373,0.9700567126274109,0.9184850454330444,0.9670820832252502,1
CGTRNA_RS00110,CGTRNA_RS00115,0,0.052300773561000824,0.02971235290169716,0.08855413645505905,0.07982674986124039,0.032425738871097565,0.14202412962913513,0.05988025292754173,0.032759372144937515,0.03537268191576004,0.05854061245918274,0.061139680072665216,0
CGTRNA_RS00170,CGTRNA_RS00175,1,0.9887722730636597,0.9743056297302246,0.9734530448913574,0.9841746687889099,0.9796467423439026,0.9806020855903625,0.989883303642273,0.9832844734191895,0.9660738706588745,0.9691071510314941,0.9789303243160248,1
CGTRNA_RS00175,CGTRNA_RS00180,1,0.9695178270339966,0.9867032766342163,0.9872406721115112,0.9874776005744934,0.9817302823066711,0.9834017157554626,0.9803032279014587,0.966600239276886,0.9535751938819885,0.9431482553482056,0.973969829082489,1
CGTRNA_RS00180,CGTRNA_RS00190,0,0.02164078876376152,0.01366900559514761,0.06762691587209702,0.04352658614516258,0.011345844715833664,0.07427158951759338,0.07146664708852768,0.13536041975021362,0.022255999967455864,0.022436000406742096,0.0483599797822535,0
CGTRNA_RS00190,CGTRNA_RS00195,0,0.3481266498565674,0.3814794421195984,0.47441303730010986,0.5799317955970764,0.4525180757045746,0.37359124422073364,0.35435402393341064,0.22947075963020325,0.26986533403396606,0.36268681287765503,0.3826437175273895,0
CGTRNA_RS00195,CGTRNA_RS00205,0,0.024756716564297676,0.01921389438211918,0.0356709286570549,0.05260970816016197,0.03690358251333237,0.026660313829779625,0.02733517251908779,0.02199138142168522,0.03133794292807579,0.03743455559015274,0.03139141965657473,0
CGTRNA_RS00205,CGTRNA_RS00210,0,0.9812226295471191,0.9742235541343689,0.9639542698860168,0.9802654385566711,0.984098494052887,0.9709675908088684,0.9869421720504761,0.9793969988822937,0.955717921257019,0.918192446231842,0.9694981515407562,1
CGTRNA_RS00285,CGTRNA_RS00290,0,0.3013138771057129,0.6032745242118835,0.5334855914115906,0.5261938571929932,0.45792752504348755,0.3132065236568451,0.21846075356006622,0.4919174015522003,0.4262985289096832,0.43921959400177,0.43112981766462327,0
CGTRNA_RS00290,CGTRNA_RS00310,0,0.018359607085585594,0.0033822411205619574,0.006823535542935133,0.015009050257503986,0.0036326146218925714,0.0098227858543396,0.024176282808184624,0.007988017052412033,0.006845142226666212,0.01650538109242916,0.011254465766251087,0
CGTRNA_RS00310,CGTRNA_RS00315,0,0.23717491328716278,0.34478864073753357,0.3718700110912323,0.5522415637969971,0.13914518058300018,0.32909733057022095,0.3181532919406891,0.08218976855278015,0.1559366136789322,0.19914042949676514,0.2729737743735313,0
CGTRNA_RS00315,CGTRNA_RS00320,0,0.6548358798027039,0.3989439606666565,0.4892221987247467,0.5819621682167053,0.2932031750679016,0.6510451436042786,0.46538928151130676,0.8446112871170044,0.7130730152130127,0.40523678064346313,0.549752289056778,1
CGTRNA_RS00320,CGTRNA_RS00325,0,0.984051525592804,0.9888836741447449,0.9600047469139099,0.9774847626686096,0.9708200097084045,0.9820080399513245,0.9805020689964294,0.980036735534668,0.9691354632377625,0.9842572808265686,0.9777184307575226,1
CGTRNA_RS00325,CGTRNA_RS00330,0,0.9905285835266113,0.9880573153495789,0.9830613732337952,0.9790289998054504,0.9915472865104675,0.9839537143707275,0.9573665261268616,0.9929282069206238,0.9809046983718872,0.9844991564750671,0.9831875860691071,1
CGTRNA_RS00330,CGTRNA_RS00345,0,0.012870168313384056,0.008200562559068203,0.022651202976703644,0.023547235876321793,0.018367456272244453,0.020935246720910072,0.02534167841076851,0.18681445717811584,0.03234805539250374,0.03212711587548256,0.03832031795755029,0
CGTRNA_RS00345,CGTRNA_RS00355,0,0.011499879881739616,0.0023423077072948217,0.009828861802816391,0.009580171667039394,0.0011209367075935006,0.006161029916256666,0.01496113371104002,0.009612035006284714,0.020698996260762215,0.009142891503870487,0.009494824416469783,0
CGTRNA_RS00355,CGTRNA_RS00370,0,0.051480792462825775,0.008083526976406574,0.06102774292230606,0.03242671117186546,0.018278708681464195,0.030126938596367836,0.02502499893307686,0.21954306960105896,0.0435970202088356,0.07872621715068817,0.05683157267048955,0
CGTRNA_RS00370,CGTRNA_RS00375,1,0.9888076782226562,0.958327054977417,0.962660551071167,0.9801048636436462,0.9785515069961548,0.9810280799865723,0.9887158274650574,0.9790021181106567,0.9678606390953064,0.918082058429718,0.9703140377998352,1
CGTRNA_RS00375,CGTRNA_RS00385,0,0.015115699730813503,0.0032778787426650524,0.014828248880803585,0.012185417115688324,0.006724912207573652,0.006271807476878166,0.026737434789538383,0.01105944812297821,0.004836246371269226,0.01008165068924427,0.011111874412745238,0
CGTRNA_RS00385,CGTRNA_RS00390,1,0.8845426440238953,0.8524067401885986,0.9213488698005676,0.9028369784355164,0.8573486804962158,0.7814742922782898,0.6883692741394043,0.9251125454902649,0.742057204246521,0.8828741312026978,0.8438371360301972,1
CGTRNA_RS00390,CGTRNA_RS00395,0,0.9364928603172302,0.9795191884040833,0.9481874704360962,0.9902186989784241,0.9659115076065063,0.9579601287841797,0.9566903710365295,0.9625645875930786,0.9566673040390015,0.9640037417411804,0.961821585893631,1
CGTRNA_RS00395,CGTRNA_RS00400,0,0.9833390116691589,0.9557716846466064,0.9591116905212402,0.982857882976532,0.9722700119018555,0.970047652721405,0.9900494813919067,0.9611341953277588,0.9458803534507751,0.9264373183250427,0.9646899282932282,1
CGTRNA_RS00445,CGTRNA_RS00460,0,0.0009143149363808334,0.0006061877938918769,0.002633937867358327,0.001543816877529025,0.00016758928541094065,0.0010748679051175714,0.0016452365089207888,0.004581314045935869,0.0015250099822878838,0.001064728363417089,0.0015757003566250205,0
CGTRNA_RS00460,CGTRNA_RS00470,0,0.020461909472942352,0.02396542578935623,0.024561958387494087,0.0379842147231102,0.026068419218063354,0.026611294597387314,0.04193997383117676,0.0058834669180214405,0.02174951136112213,0.011461345478892326,0.024068751977756618,0
CGTRNA_RS00470,CGTRNA_RS00475,1,0.9757083058357239,0.9925479888916016,0.9570325016975403,0.9758722186088562,0.9848708510398865,0.9721077084541321,0.9746192097663879,0.9008070826530457,0.9751566052436829,0.9866085052490234,0.969533097743988,1
CGTRNA_RS00475,CGTRNA_RS00480,1,0.9821757078170776,0.9750428795814514,0.9464580416679382,0.9661709666252136,0.9747018218040466,0.9640315771102905,0.9899439811706543,0.9314557909965515,0.9713617563247681,0.891508162021637,0.9592850685119629,1
CGTRNA_RS00480,CGTRNA_RS00485,1,0.9752586483955383,0.9825973510742188,0.954265832901001,0.9846879243850708,0.9809096455574036,0.9787975549697876,0.9598424434661865,0.9746052622795105,0.9664726257324219,0.973809540271759,0.9731246829032898,1
CGTRNA_RS00485,CGTRNA_RS00490,1,0.9890958666801453,0.976069450378418,0.9795850515365601,0.9819638729095459,0.98245769739151,0.9857799410820007,0.9914529323577881,0.9798581600189209,0.9684385657310486,0.9819859862327576,0.9816687524318695,1
CGTRNA_RS00490,CGTRNA_RS00495,1,0.9933668971061707,0.9921308159828186,0.9809998273849487,0.9891550540924072,0.9903779029846191,0.9933666586875916,0.9858564734458923,0.9937162399291992,0.9833611845970154,0.9906288981437683,0.9892959952354431,1
CGTRNA_RS00495,CGTRNA_RS00500,1,0.9857596158981323,0.9753566980361938,0.9554315805435181,0.9732629060745239,0.9767680764198303,0.9682141542434692,0.9902414679527283,0.98092120885849,0.9625955820083618,0.9367490410804749,0.9705300331115723,1
CGTRNA_RS00500,CGTRNA_RS00525,0,0.01334206573665142,0.003579739248380065,0.020257148891687393,0.014730758965015411,0.0028814945835620165,0.0038446395192295313,0.0024311381857842207,0.021392321214079857,0.03321746736764908,0.016236448660492897,0.01319132223725319,0
CGTRNA_RS00525,CGTRNA_RS00545,0,0.046349961310625076,0.010342724621295929,0.02833094261586666,0.03240343928337097,0.024352794513106346,0.02166234888136387,0.022952599450945854,0.011519252322614193,0.05373377725481987,0.013178025372326374,0.026482586562633515,0
CGTRNA_RS00545,CGTRNA_RS00550,0,0.36821073293685913,0.31736403703689575,0.2340800017118454,0.30589190125465393,0.2152288258075714,0.42418819665908813,0.5830788016319275,0.7435996532440186,0.38625359535217285,0.3577384352684021,0.39356341809034345,0
CGTRNA_RS00550,CGTRNA_RS00555,0,0.7009001970291138,0.477573037147522,0.4679649770259857,0.5648574233055115,0.19188979268074036,0.6244722008705139,0.8031478524208069,0.258066326379776,0.3212531805038452,0.5597895383834839,0.49699145257472993,0
CGTRNA_RS00555,CGTRNA_RS00560,1,0.9428523182868958,0.9844548106193542,0.9660187363624573,0.9855455160140991,0.9811099767684937,0.9724946022033691,0.961137056350708,0.9681723713874817,0.9825401902198792,0.9770551919937134,0.9721380770206451,1
CGTRNA_RS00560,CGTRNA_RS00565,1,0.8084722757339478,0.7363646030426025,0.5142282843589783,0.7518125176429749,0.7536277174949646,0.7037291526794434,0.9007775783538818,0.7642375826835632,0.7554935216903687,0.7719570398330688,0.7460700273513794,1
CGTRNA_RS00565,CGTRNA_RS00570,1,0.98980712890625,0.9934523701667786,0.9889729022979736,0.9953411817550659,0.9890850186347961,0.9933403730392456,0.9787999391555786,0.9924411177635193,0.9833599925041199,0.9823657870292664,0.9886965811252594,1
CGTRNA_RS00570,CGTRNA_RS00590,0,0.006937436293810606,0.0008340529166162014,0.004749927204102278,0.004485500976443291,0.0012397965183481574,0.0013177419314160943,0.002518832916393876,0.0052232216112315655,0.0020357847679406404,0.0042307497933506966,0.0033573044929653406,0
CGTRNA_RS00590,CGTRNA_RS00610,0,0.005784325301647186,0.006544703617691994,0.005419932305812836,0.009814954362809658,0.007297649513930082,0.0017521607223898172,0.0030943246092647314,0.0055898879654705524,0.008340333588421345,0.0036597438156604767,0.0057298015803098675,0
CGTRNA_RS00610,CGTRNA_RS00615,1,0.9881138205528259,0.9729084968566895,0.9709786772727966,0.97257000207901,0.9754219055175781,0.9696987867355347,0.9732805490493774,0.959031879901886,0.9639775156974792,0.9749030470848083,0.9720884680747985,1
CGTRNA_RS00615,CGTRNA_RS00640,0,0.004512317478656769,0.0008040844113565981,0.0035744693595916033,0.003544503590092063,0.0004431542765814811,0.0026563205756247044,0.0028331035282462835,0.011995336040854454,0.005061602219939232,0.0037888975348323584,0.0039213789015775545,0
CGTRNA_RS00640,CGTRNA_RS00650,0,0.02063758857548237,0.013417362235486507,0.03673722222447395,0.0271763913333416,0.011679930612444878,0.03867480903863907,0.06295698136091232,0.05330422520637512,0.012798492796719074,0.018011393025517464,0.029539439640939236,0
CGTRNA_RS00650,CGTRNA_RS00655,1,0.9781694412231445,0.9636388421058655,0.9405407905578613,0.9665300846099854,0.9698662161827087,0.9671148657798767,0.9852914810180664,0.9250612854957581,0.9646676778793335,0.912263035774231,0.9573143720626831,1
CGTRNA_RS00655,CGTRNA_RS00680,0,0.003188100876286626,0.004227005410939455,0.006408656481653452,0.007505286950618029,0.0005925571895204484,0.010020129382610321,0.006093858741223812,0.001107905525714159,0.005092434585094452,0.0026077083311975002,0.004684364347485826,0
CGTRNA_RS00680,CGTRNA_RS00685,1,0.9543284177780151,0.7390956282615662,0.8199262619018555,0.958750307559967,0.8006531596183777,0.8952661156654358,0.9484977722167969,0.8767421841621399,0.8321422338485718,0.7796187400817871,0.8605020821094513,1
CGTRNA_RS00685,CGTRNA_RS00690,1,0.987738311290741,0.9760696887969971,0.9574480056762695,0.9771345853805542,0.9762977361679077,0.9733014106750488,0.9913079142570496,0.9668083190917969,0.9652242064476013,0.9291501641273499,0.9700480341911316,1
CGTRNA_RS00690,CGTRNA_RS00695,1,0.9875921607017517,0.9904988408088684,0.9783643484115601,0.9884837865829468,0.9887459874153137,0.9830450415611267,0.9702870845794678,0.9897623062133789,0.9723051190376282,0.9828399419784546,0.9831924617290497,1
CGTRNA_RS00695,CGTRNA_RS00700,0,0.889752984046936,0.9452909231185913,0.7890371084213257,0.8971982002258301,0.7806635499000549,0.8258423805236816,0.9032535552978516,0.9451241493225098,0.8409031629562378,0.7788032293319702,0.8595869243144989,1
CGTRNA_RS00700,CGTRNA_RS00705,1,0.9607806205749512,0.942020058631897,0.9165897965431213,0.9625400304794312,0.9058413505554199,0.9598336219787598,0.9631140828132629,0.4870855510234833,0.9296922087669373,0.9676403999328613,0.8995137721300125,1
CGTRNA_RS00705,CGTRNA_RS00715,0,0.047045882791280746,0.01844025030732155,0.04569806158542633,0.03898605704307556,0.037009257823228836,0.044092874974012375,0.02521951124072075,0.04671656712889671,0.0379684679210186,0.1265733242034912,0.04677502550184727,0
CGTRNA_RS00715,CGTRNA_RS00720,1,0.9849905371665955,0.9832395911216736,0.9780013561248779,0.9855690002441406,0.9871839880943298,0.9767860770225525,0.9755713939666748,0.9665882587432861,0.9610951542854309,0.9201743602752686,0.9719199717044831,1
CGTRNA_RS00720,CGTRNA_RS00730,0,0.07085214555263519,0.030329806730151176,0.12016381323337555,0.10102321207523346,0.012588967569172382,0.11335539072751999,0.2323012799024582,0.2054017186164856,0.039798349142074585,0.049888622015714645,0.09757033055648208,0
CGTRNA_RS00730,CGTRNA_RS00745,0,0.020333891734480858,0.021792007610201836,0.04230756685137749,0.03244192898273468,0.0364389605820179,0.028002848848700523,0.033615078777074814,0.02374628186225891,0.04851493611931801,0.021418113261461258,0.030861161462962628,0
CGTRNA_RS00745,CGTRNA_RS00750,1,0.2873024046421051,0.24187859892845154,0.5017845630645752,0.42622309923171997,0.27395695447921753,0.26728203892707825,0.609147846698761,0.19790147244930267,0.48830223083496094,0.3024621903896332,0.35962413996458054,0
CGTRNA_RS00775,CGTRNA_RS00780,1,0.6817947626113892,0.7464698553085327,0.9187989830970764,0.8576906323432922,0.8407157063484192,0.7505776286125183,0.7179025411605835,0.7961782813072205,0.9058691263198853,0.7377548813819885,0.7953752398490905,1
CGTRNA_RS00780,CGTRNA_RS00785,1,0.9907959699630737,0.9751032590866089,0.9705896377563477,0.9750610589981079,0.977817714214325,0.9707122445106506,0.9914172291755676,0.9657258987426758,0.9721378087997437,0.9501399993896484,0.973950082063675,1
CGTRNA_RS00785,CGTRNA_RS00790,1,0.9896381497383118,0.9802649617195129,0.9679528474807739,0.9807872176170349,0.9911471009254456,0.975440263748169,0.9333378076553345,0.9752644896507263,0.9551001191139221,0.9733172059059143,0.9722250163555145,1
CGTRNA_RS00790,CGTRNA_RS00795,1,0.5147606134414673,0.5273758172988892,0.4194003939628601,0.5741577744483948,0.45983174443244934,0.5144320130348206,0.47800418734550476,0.1919565200805664,0.19680342078208923,0.3123900890350342,0.4189112573862076,0
CGTRNA_RS00810,CGTRNA_RS00820,0,0.005079879891127348,0.0013617798686027527,0.004461078438907862,0.00383806717582047,0.0007144592236727476,0.008731246925890446,0.00791405700147152,0.013703384436666965,0.016735903918743134,0.007726806215941906,0.007026666309684515,0
CGTRNA_RS00820,CGTRNA_RS00825,1,0.979594886302948,0.9210343360900879,0.9566618204116821,0.9717457294464111,0.9650854468345642,0.9672905206680298,0.9881924986839294,0.9555404186248779,0.9394865036010742,0.9116065502166748,0.9556238710880279,1
CGTRNA_RS00825,CGTRNA_RS00835,0,0.01822449266910553,0.0376308336853981,0.043457403779029846,0.012831381522119045,0.002309979870915413,0.1519583910703659,0.0122162364423275,0.021549435332417488,0.04175233468413353,0.02351713925600052,0.036544762831181285,0
CGTRNA_RS00835,CGTRNA_RS00840,1,0.9651874899864197,0.7994349598884583,0.882117509841919,0.8832079172134399,0.8678608536720276,0.8598673939704895,0.8810284733772278,0.8045699000358582,0.7117666006088257,0.6704003214836121,0.8325441420078278,1
CGTRNA_RS00840,CGTRNA_RS00845,1,0.992893636226654,0.9858323931694031,0.981678307056427,0.9840312600135803,0.9777295589447021,0.9877285361289978,0.9862937927246094,0.9920907616615295,0.9835970997810364,0.9823615550994873,0.9854236900806427,1
CGTRNA_RS00845,CGTRNA_RS00850,1,0.9817808866500854,0.9855318069458008,0.9664042592048645,0.9792370200157166,0.9829548001289368,0.9767307043075562,0.9678244590759277,0.9766783714294434,0.9721769094467163,0.983829140663147,0.9773148357868194,1
CGTRNA_RS00850,CGTRNA_RS00855,1,0.9886687994003296,0.9808944463729858,0.9700925350189209,0.9791871309280396,0.9775087833404541,0.9793146848678589,0.9852211475372314,0.9494697451591492,0.9661409258842468,0.9736238121986389,0.9750122010707856,1
CGTRNA_RS00855,CGTRNA_RS00860,1,0.9760357141494751,0.9607886672019958,0.935240626335144,0.9720380306243896,0.9482790231704712,0.9641046524047852,0.960500955581665,0.9378609657287598,0.9589289426803589,0.9362064599990845,0.9549984037876129,1
CGTRNA_RS00860,CGTRNA_RS00865,1,0.982059895992279,0.9893450736999512,0.971017599105835,0.9836549162864685,0.9807082414627075,0.9838696122169495,0.9642324447631836,0.9686333537101746,0.9817304015159607,0.9866491556167603,0.979190069437027,1
CGTRNA_RS00865,CGTRNA_RS00870,1,0.9931023716926575,0.9947516918182373,0.9867700338363647,0.9846145510673523,0.9933415055274963,0.991031289100647,0.9880558848381042,0.9935652613639832,0.9882048964500427,0.9920753836631775,0.9905512869358063,1
CGTRNA_RS00870,CGTRNA_RS00875,0,0.9489595890045166,0.9649398326873779,0.9722420573234558,0.9746526479721069,0.9580876231193542,0.9563271999359131,0.898112416267395,0.9590383172035217,0.8950448036193848,0.960068941116333,0.9487473428249359,1
CGTRNA_RS00875,CGTRNA_RS00880,0,0.9856667518615723,0.9615674614906311,0.9565136432647705,0.9855694770812988,0.9705613851547241,0.9609785079956055,0.954021155834198,0.9710901975631714,0.9585380554199219,0.9689458608627319,0.9673452496528625,1
CGTRNA_RS00880,CGTRNA_RS00885,0,0.3206825256347656,0.27263638377189636,0.6583164930343628,0.5472432971000671,0.4208092987537384,0.32699739933013916,0.4339609444141388,0.43666815757751465,0.5617837905883789,0.39779752492904663,0.43768958151340487,0
CGTRNA_RS00885,CGTRNA_RS00890,1,0.994049608707428,0.993584930896759,0.9767767786979675,0.979346752166748,0.983848512172699,0.9880664944648743,0.9860541224479675,0.9947232007980347,0.9813822507858276,0.9870546460151672,0.9864887297153473,1
CGTRNA_RS00890,CGTRNA_RS00900,0,0.017613355070352554,0.00855177454650402,0.020837215706706047,0.025129593908786774,0.012611000798642635,0.014672627672553062,0.015162935480475426,0.011133834719657898,0.019750311970710754,0.016963986679911613,0.01624266365543008,0
CGTRNA_RS00900,CGTRNA_RS00905,0,0.9665103554725647,0.9883427023887634,0.9503863453865051,0.9739049673080444,0.9654755592346191,0.9820747375488281,0.9636644721031189,0.9832409024238586,0.9768562912940979,0.9789288640022278,0.9729385197162628,1
CGTRNA_RS00905,CGTRNA_RS00910,0,0.546722412109375,0.22465258836746216,0.2794284224510193,0.4405107796192169,0.22583873569965363,0.44888627529144287,0.6270865797996521,0.19833560287952423,0.28526294231414795,0.20635312795639038,0.34830774664878844,0
CGTRNA_RS00910,CGTRNA_RS00915,0,0.0013766479678452015,0.0009379445109516382,0.00388654344715178,0.003930425271391869,0.0005645305500365794,0.0011651786044239998,0.0020403130911290646,0.001334092696197331,0.00869123823940754,0.0007422888884320855,0.002466920326696709,0
CGTRNA_RS00945,CGTRNA_RS00955,0,0.003814001102000475,0.0026042724493891,0.002998826326802373,0.00517050176858902,0.0014750628033652902,0.010360253043472767,0.002266540192067623,0.00682929577305913,0.010863798670470715,0.003782640676945448,0.005016519280616194,0
CGTRNA_RS00955,CGTRNA_RS00965,0,0.06289807707071304,0.041278280317783356,0.09233474731445312,0.08174867182970047,0.022962423041462898,0.036944061517715454,0.21614480018615723,0.06450735777616501,0.11856791377067566,0.08515004068613052,0.08225363735109567,0
CGTRNA_RS00965,CGTRNA_RS00970,0,0.9846516251564026,0.9669826626777649,0.9567520618438721,0.9745656251907349,0.9801790714263916,0.973735511302948,0.9843524098396301,0.9865685105323792,0.9679808616638184,0.9488957524299622,0.9724664092063904,1
CGTRNA_RS00970,CGTRNA_RS01005,0,0.0012803606223315,0.00030612689442932606,0.0010016713058575988,0.0019106948748230934,0.00019834282284136862,0.0005387794808484614,0.0008562628063373268,0.002056485740467906,0.002143640536814928,0.0014843372628092766,0.0011776702347560785,0
CGTRNA_RS01005,CGTRNA_RS01010,1,0.9887260794639587,0.976974606513977,0.9727874398231506,0.9812982082366943,0.9805958271026611,0.9732543230056763,0.9903280138969421,0.9867655634880066,0.9619852304458618,0.958293616771698,0.9771008908748626,1
CGTRNA_RS01010,CGTRNA_RS01015,1,0.6959981918334961,0.7809526920318604,0.7764326930046082,0.9126186370849609,0.8478096723556519,0.6690421104431152,0.8989046812057495,0.8688874840736389,0.8252319097518921,0.7066382765769958,0.7982516348361969,1
CGTRNA_RS01015,CGTRNA_RS01020,1,0.8783258199691772,0.8946049213409424,0.8251809477806091,0.9141361713409424,0.9380276203155518,0.8380241394042969,0.8830000162124634,0.8798659443855286,0.9518146514892578,0.8651095628738403,0.886808979511261,1
CGTRNA_RS01020,CGTRNA_RS01025,1,0.9537551999092102,0.9920198917388916,0.975612461566925,0.9922032952308655,0.9883300065994263,0.973399817943573,0.942358672618866,0.9876456260681152,0.9850567579269409,0.9582539200782776,0.9748635649681091,1
CGTRNA_RS01025,CGTRNA_RS01030,1,0.991018533706665,0.9870258569717407,0.9801296591758728,0.9878345131874084,0.9842684268951416,0.9902570247650146,0.9856061339378357,0.9923281073570251,0.9853325486183167,0.9884870648384094,0.987228786945343,1
CGTRNA_RS01030,CGTRNA_RS01055,0,0.0033442238345742226,0.0011916181538254023,0.004336745012551546,0.004766899161040783,0.0007624936988577247,0.0011544740991666913,0.0016217714874073863,0.010753783397376537,0.0033456943929195404,0.0032895724289119244,0.0034567275666631757,0
CGTRNA_RS01075,CGTRNA_RS01090,0,0.0058004469610750675,0.0009744035196490586,0.006443975958973169,0.004948256071656942,0.0006049546645954251,0.0022710273042321205,0.003321543801575899,0.002414714777842164,0.005404410418123007,0.005068082362413406,0.003725181584013626,0
CGTRNA_RS01090,CGTRNA_RS01130,0,0.0018614839063957334,0.000437329028500244,0.0014944374561309814,0.0029239878058433533,0.0003070312668569386,0.0006222245865501463,0.0010173891205340624,0.0006477694842033088,0.0009830001508817077,0.0010500196367502213,0.0011344672442646698,0
CGTRNA_RS01160,CGTRNA_RS01175,0,0.06535008549690247,0.02382078394293785,0.0727294310927391,0.06385583430528641,0.022381838411092758,0.04639501869678497,0.05222959443926811,0.029746398329734802,0.03278270363807678,0.04937830939888954,0.04586699977517128,0
CGTRNA_RS01175,CGTRNA_RS01180,0,0.9905691146850586,0.9837902784347534,0.9544612765312195,0.9740424752235413,0.9836578369140625,0.9739671945571899,0.9910513162612915,0.9678622484207153,0.9823076725006104,0.9252091646194458,0.9726918578147888,1
CGTRNA_RS01180,CGTRNA_RS01185,0,0.567287802696228,0.3294883966445923,0.44756290316581726,0.6088939309120178,0.22816039621829987,0.26875603199005127,0.848207414150238,0.43114057183265686,0.6632068753242493,0.3684946596622467,0.47611989825963974,0
CGTRNA_RS01185,CGTRNA_RS01190,0,0.19185759127140045,0.21343013644218445,0.22011218965053558,0.22962889075279236,0.09809093177318573,0.1898011416196823,0.1853000670671463,0.047831498086452484,0.250575453042984,0.10760939121246338,0.1734237290918827,0
CGTRNA_RS01230,CGTRNA_RS01235,1,0.9343416094779968,0.9854635000228882,0.9518333077430725,0.9867865443229675,0.9563906192779541,0.9610085487365723,0.9731215238571167,0.9637880325317383,0.9654523134231567,0.946656346321106,0.9624842345714569,1
CGTRNA_RS01235,CGTRNA_RS01245,0,0.15417666733264923,0.08954816311597824,0.24000194668769836,0.1995621919631958,0.09695524722337723,0.19823889434337616,0.16754963994026184,0.07059688121080399,0.09353042393922806,0.11911699920892715,0.1429277054965496,0
CGTRNA_RS01280,CGTRNA_RS01285,1,0.9818291068077087,0.9890231490135193,0.9760394096374512,0.9885215759277344,0.9846283793449402,0.9866683483123779,0.9669644236564636,0.9906996488571167,0.9758865237236023,0.9863537549972534,0.9826614320278168,1
CGTRNA_RS01285,CGTRNA_RS01290,1,0.928573489189148,0.9192043542861938,0.9651927947998047,0.9855887293815613,0.9622641205787659,0.9556345343589783,0.8924460411071777,0.9594467878341675,0.9605522751808167,0.9541253447532654,0.9483028471469879,1
CGTRNA_RS01290,CGTRNA_RS01295,1,0.4780212342739105,0.461593359708786,0.5153202414512634,0.5763565897941589,0.38162147998809814,0.3848028779029846,0.5698329210281372,0.5025245547294617,0.4870462119579315,0.42650583386421204,0.4783625304698944,0
CGTRNA_RS01295,CGTRNA_RS01300,0,0.3346914052963257,0.34651321172714233,0.39885684847831726,0.5330849289894104,0.3365958631038666,0.3117097020149231,0.36686208844184875,0.24995560944080353,0.23079320788383484,0.3043068051338196,0.3413369670510292,0
CGTRNA_RS01300,CGTRNA_RS01335,0,0.0018490111688151956,0.0008996464894153178,0.0016725972527638078,0.0034470439422875643,0.0018680142238736153,0.002598852850496769,0.002165471436455846,0.00015607968089170754,0.0006586600211448967,0.000875851430464536,0.0016191228496609256,0
CGTRNA_RS01335,CGTRNA_RS01340,1,0.9440609216690063,0.9297016263008118,0.9653831124305725,0.9740224480628967,0.9259748458862305,0.9476046562194824,0.9299455285072327,0.9786605834960938,0.9718473553657532,0.9420402646064758,0.9509241342544555,1
CGTRNA_RS01340,CGTRNA_RS01345,1,0.8981838226318359,0.8951730728149414,0.9571826457977295,0.9477096199989319,0.8548631072044373,0.929379403591156,0.8671863675117493,0.41656678915023804,0.9470056891441345,0.8435028195381165,0.855675333738327,1
CGTRNA_RS01345,CGTRNA_RS01355,0,0.06170424073934555,0.07333638519048691,0.05551663041114807,0.1326753944158554,0.058413006365299225,0.05857096239924431,0.10851564258337021,0.010333046317100525,0.06390431523323059,0.029536880552768707,0.06525065042078496,0
CGTRNA_RS01355,CGTRNA_RS01370,0,0.18639972805976868,0.17812564969062805,0.4646199345588684,0.23058056831359863,0.19868671894073486,0.27367761731147766,0.23378880321979523,0.2987836003303528,0.3863994777202606,0.3371688425540924,0.27882309406995776,0
CGTRNA_RS01370,CGTRNA_RS01375,0,0.9907575249671936,0.9863659739494324,0.9442447423934937,0.9789283871650696,0.981951117515564,0.9774776697158813,0.9921685457229614,0.9740440845489502,0.9830400347709656,0.9043989777565002,0.9713377058506012,1
CGTRNA_RS01375,CGTRNA_RS01390,0,0.03594067320227623,0.01932702213525772,0.05544125288724899,0.02249193750321865,0.012603460811078548,0.14957289397716522,0.06596597284078598,0.03643777221441269,0.11383888870477676,0.024264678359031677,0.05358845526352525,0
CGTRNA_RS01390,CGTRNA_RS01395,1,0.9881075024604797,0.9826681017875671,0.9476782083511353,0.9734570384025574,0.9753658771514893,0.9721639156341553,0.9902761578559875,0.9589201211929321,0.9748952388763428,0.8913610577583313,0.9654893219470978,1
CGTRNA_RS01395,CGTRNA_RS01430,0,0.010915004648268223,0.012239575386047363,0.018579978495836258,0.0144600048661232,0.002224579220637679,0.03074791096150875,0.009074521251022816,0.005953675601631403,0.005253999028354883,0.0066414023749530315,0.01160906518343836,0
CGTRNA_RS01430,CGTRNA_RS01455,0,0.01598917879164219,0.007876498624682426,0.005521875806152821,0.012662535533308983,0.01953697018325329,0.0204180795699358,0.007479780353605747,0.004611808806657791,0.014132993295788765,0.012505076825618744,0.012073479779064655,0
CGTRNA_RS01455,CGTRNA_RS01470,0,0.01636645384132862,0.005982286296784878,0.017710581421852112,0.024926934391260147,0.006611326243728399,0.01016028318554163,0.04695788398385048,0.009512052871286869,0.006757904309779406,0.014010119251906872,0.015899582579731942,0
CGTRNA_RS01470,CGTRNA_RS01480,0,0.0022070149425417185,0.0006878980784676969,0.0036314325407147408,0.00279604597017169,0.0003949297533836216,0.002270490163937211,0.0021283277310431004,0.0014646232593804598,0.0005720448098145425,0.002026773989200592,0.0018179581238655373,0
CGTRNA_RS01480,CGTRNA_RS01485,1,0.08317774534225464,0.06740083545446396,0.11312218755483627,0.09449023753404617,0.055080581456422806,0.06225253641605377,0.08854752779006958,0.028899753466248512,0.07541973143815994,0.10633330792188644,0.07747244443744421,0
CGTRNA_RS01485,CGTRNA_RS01490,1,0.9909636974334717,0.9919195175170898,0.9669541716575623,0.9787856936454773,0.9803726077079773,0.9816443920135498,0.9898582696914673,0.9787918925285339,0.9798433184623718,0.9865596890449524,0.9825693249702454,1
CGTRNA_RS01490,CGTRNA_RS01510,0,0.006264002528041601,0.011363637633621693,0.00913399737328291,0.0036937969271093607,0.006716866046190262,0.015341538935899734,0.005908256396651268,0.005626771133393049,0.019322551786899567,0.006708716042339802,0.009008013480342924,0
CGTRNA_RS01510,CGTRNA_RS01515,0,0.9930943250656128,0.9937302470207214,0.9820374846458435,0.9846134781837463,0.9901099801063538,0.9873760342597961,0.9730855822563171,0.9948504567146301,0.9754326939582825,0.9864024519920349,0.9860732734203339,1
CGTRNA_RS01515,CGTRNA_RS01520,0,0.9884995222091675,0.972795307636261,0.9404971599578857,0.9678615927696228,0.9745258688926697,0.9640953540802002,0.9886176586151123,0.9398071765899658,0.9769188165664673,0.8968285322189331,0.9610446989536285,1
CGTRNA_RS01520,CGTRNA_RS01525,1,0.9750444293022156,0.9756280183792114,0.9403320550918579,0.9770428538322449,0.9559506177902222,0.9749226570129395,0.9653192758560181,0.8667845129966736,0.9801673889160156,0.9808265566825867,0.9592018365859986,1
CGTRNA_RS01525,CGTRNA_RS01530,0,0.4345031976699829,0.23528367280960083,0.554631233215332,0.6185001134872437,0.39746183156967163,0.4341394603252411,0.745724081993103,0.3845807611942291,0.5929753184318542,0.45377153158187866,0.4851571202278137,0
CGTRNA_RS01530,CGTRNA_RS01545,0,0.0126045485958457,0.007332181558012962,0.02803664281964302,0.019560445100069046,0.003353447187691927,0.009623593650758266,0.008797742426395416,0.05923757329583168,0.03480243310332298,0.01681729592382908,0.020016590366140008,0
CGTRNA_RS01545,CGTRNA_RS01550,1,0.976830005645752,0.9739118218421936,0.9528815746307373,0.9835976958274841,0.9716353416442871,0.9596798419952393,0.9708277583122253,0.9767590761184692,0.9525774121284485,0.9647442698478699,0.9683444797992706,1
CGTRNA_RS01550,CGTRNA_RS01555,1,0.9896056056022644,0.966802179813385,0.9630414247512817,0.9707803130149841,0.9658985137939453,0.9598219394683838,0.9893915057182312,0.9594120979309082,0.9778607487678528,0.888543963432312,0.9631158292293549,1
CGTRNA_RS01555,CGTRNA_RS01560,1,0.7107111215591431,0.6212676763534546,0.7016949653625488,0.6646766662597656,0.3735066056251526,0.7003734111785889,0.7829535603523254,0.6979923248291016,0.6526128053665161,0.5830760598182678,0.6488865196704865,1
CGTRNA_RS01560,CGTRNA_RS01580,0,0.0024430789053440094,0.0006454889662563801,0.001884216908365488,0.005649360828101635,0.0004980114754289389,0.0013420518953353167,0.0025556094478815794,0.0014484573621302843,0.003281889483332634,0.0011239079758524895,0.0020872073248028753,0
CGTRNA_RS01580,CGTRNA_RS01585,0,0.9902113676071167,0.9837982654571533,0.9589424133300781,0.973569929599762,0.9786774516105652,0.9742977619171143,0.9915046095848083,0.9623271822929382,0.9862048029899597,0.8926135301589966,0.9692147314548493,1
CGTRNA_RS01585,CGTRNA_RS01590,0,0.9875584840774536,0.9810036420822144,0.9473143815994263,0.9741342067718506,0.9720116257667542,0.9644384980201721,0.991430938243866,0.9695914387702942,0.9823348522186279,0.856827437877655,0.9626645505428314,1
CGTRNA_RS01590,CGTRNA_RS01595,0,0.9906378388404846,0.9773492217063904,0.9568642377853394,0.9735785126686096,0.973911702632904,0.9743756651878357,0.9907839298248291,0.9866882562637329,0.9833528399467468,0.9472195506095886,0.9754761755466461,1
CGTRNA_RS01595,CGTRNA_RS01600,0,0.9788525700569153,0.9890367984771729,0.9760230183601379,0.9918520450592041,0.9865922331809998,0.9874733686447144,0.9697346091270447,0.9930195212364197,0.9904177188873291,0.984681248664856,0.9847683131694793,1
CGTRNA_RS01600,CGTRNA_RS01605,0,0.9747036695480347,0.9638577699661255,0.9746580123901367,0.9832468628883362,0.976715087890625,0.9798928499221802,0.981320858001709,0.9775334596633911,0.9643844366073608,0.9675553441047668,0.9743868350982666,1
CGTRNA_RS01605,CGTRNA_RS01610,0,0.9735611081123352,0.9821440577507019,0.9516929388046265,0.9605623483657837,0.9700601696968079,0.9628229737281799,0.9617555737495422,0.9928172826766968,0.9604582786560059,0.9429609179496765,0.9658835649490356,1
CGTRNA_RS01610,CGTRNA_RS01620,0,0.0015606812667101622,0.001182136358693242,0.0008476909133605659,0.0026718799490481615,0.0006605799426324666,0.0008229512022808194,0.000670729496050626,0.00015092389367055148,0.001044809934683144,0.00043652934255078435,0.0010048912299680524,0
CGTRNA_RS01620,CGTRNA_RS01625,0,0.1008879691362381,0.22317396104335785,0.1344389170408249,0.13889536261558533,0.10301341116428375,0.08721324801445007,0.06831297278404236,0.24097628891468048,0.22157420217990875,0.19707158207893372,0.15155579149723053,0
CGTRNA_RS01625,CGTRNA_RS01630,1,0.9912096261978149,0.994562566280365,0.9777505397796631,0.9902818202972412,0.9867420792579651,0.9919650554656982,0.9814202785491943,0.9948126673698425,0.9923467040061951,0.9875468015670776,0.9888638138771058,1
CGTRNA_RS01630,CGTRNA_RS01640,0,0.01260084006935358,0.0040412237867712975,0.018642887473106384,0.01420702412724495,0.007176348008215427,0.022642934694886208,0.03313365951180458,0.025400973856449127,0.03270362317562103,0.02681571990251541,0.0197365234605968,0
CGTRNA_RS01680,CGTRNA_RS01685,1,0.977789044380188,0.9557370543479919,0.9405535459518433,0.9734634160995483,0.9630114436149597,0.966636061668396,0.9900230169296265,0.9570103287696838,0.9325422644615173,0.8384262323379517,0.9495192408561707,1
CGTRNA_RS01685,CGTRNA_RS01690,1,0.8912424445152283,0.8605376482009888,0.8217861652374268,0.9253129959106445,0.8746889233589172,0.9187813997268677,0.8616486191749573,0.9573677778244019,0.771986186504364,0.7879260182380676,0.8671278178691864,1
CGTRNA_RS01690,CGTRNA_RS01695,1,0.9144850969314575,0.8996500372886658,0.9182282090187073,0.964364767074585,0.8234752416610718,0.9098058938980103,0.8804470896720886,0.9452319145202637,0.8998353481292725,0.9433671832084656,0.9098890781402588,1
CGTRNA_RS01695,CGTRNA_RS01700,1,0.8111511468887329,0.8874828219413757,0.8881466388702393,0.9233194589614868,0.8974918723106384,0.8407235145568848,0.9300625920295715,0.9296219348907471,0.926780104637146,0.9300714135169983,0.8964851498603821,1
CGTRNA_RS01700,CGTRNA_RS01715,0,0.045746661722660065,0.035500023514032364,0.06315690279006958,0.052319567650556564,0.028049923479557037,0.10910207033157349,0.05293891578912735,0.03228992968797684,0.03251137584447861,0.06103816628456116,0.0512653537094593,0
CGTRNA_RS01715,CGTRNA_RS01720,1,0.8874892592430115,0.9391236305236816,0.9668294787406921,0.9782138466835022,0.9403515458106995,0.946753740310669,0.961225152015686,0.9776266813278198,0.9399160742759705,0.938066303730011,0.9475595712661743,1
CGTRNA_RS01720,CGTRNA_RS01725,1,0.9248307347297668,0.9510352611541748,0.9542227387428284,0.9383195638656616,0.9421380162239075,0.9336488246917725,0.6986972093582153,0.9727275967597961,0.9509170651435852,0.9541701674461365,0.9220707178115845,1
CGTRNA_RS01725,CGTRNA_RS01760,0,0.0026038254145532846,0.0005089032929390669,0.0023746825754642487,0.002814791165292263,0.0002016103098867461,0.0017205765470862389,0.002472433727234602,0.0029117034282535315,0.00367849157191813,0.002341942163184285,0.0021628960195812395,0
CGTRNA_RS01835,CGTRNA_RS01840,1,0.817352831363678,0.8644142746925354,0.7896984219551086,0.8194169998168945,0.8522301912307739,0.7335036993026733,0.7573156356811523,0.6664214134216309,0.7941054105758667,0.7100868821144104,0.7804545760154724,1
CGTRNA_RS01840,CGTRNA_RS01845,1,0.9908890724182129,0.9620397090911865,0.9729920625686646,0.9813764095306396,0.9789720177650452,0.9784205555915833,0.9776993989944458,0.9893006086349487,0.9657127261161804,0.9691346287727356,0.9766537189483643,1
CGTRNA_RS01845,CGTRNA_RS01850,1,0.9880450367927551,0.9689335227012634,0.9572775363922119,0.9784045815467834,0.9769936800003052,0.9678226709365845,0.9688080549240112,0.9809632897377014,0.9528337717056274,0.9374091029167175,0.9677491247653961,1
CGTRNA_RS01875,CGTRNA_RS01895,0,0.00975798349827528,0.0023520421236753464,0.009389924816787243,0.004809759557247162,0.0046883197501301765,0.019249701872467995,0.010035224258899689,0.019351180642843246,0.0222712904214859,0.011129372753202915,0.011303479969501495,0
CGTRNA_RS01895,CGTRNA_RS01900,0,0.06426037847995758,0.08016858249902725,0.1679830700159073,0.10801246762275696,0.04113537073135376,0.2704041302204132,0.2311364710330963,0.36775755882263184,0.1714337170124054,0.07025310397148132,0.15725448504090309,0
CGTRNA_RS01900,CGTRNA_RS01905,0,0.48100143671035767,0.8358851671218872,0.5868592858314514,0.5036513209342957,0.7008101940155029,0.5486721992492676,0.6510730385780334,0.5770179629325867,0.4202588200569153,0.3832193613052368,0.5688448786735535,1
CGTRNA_RS01905,CGTRNA_RS01910,0,0.8756586313247681,0.5456750392913818,0.7743464708328247,0.8529044389724731,0.8895562887191772,0.7704230546951294,0.8363726735115051,0.9297112822532654,0.5698333382606506,0.37264224886894226,0.7417123466730118,1
CGTRNA_RS01950,CGTRNA_RS01955,1,0.9829387664794922,0.9919295907020569,0.987269401550293,0.9881741404533386,0.9911844730377197,0.9898229837417603,0.9828221797943115,0.9886679649353027,0.981941282749176,0.9899324178695679,0.9874683201313019,1
CGTRNA_RS01955,CGTRNA_RS01960,1,0.9902768731117249,0.9830509424209595,0.9593203067779541,0.9789136648178101,0.9933441281318665,0.9772879481315613,0.9719774723052979,0.9749364852905273,0.973922848701477,0.9754855632781982,0.9778516232967377,1
CGTRNA_RS01960,CGTRNA_RS01965,0,0.2985546290874481,0.5555266737937927,0.7580565810203552,0.7827823162078857,0.46876204013824463,0.6956285834312439,0.2747021019458771,0.2147040218114853,0.6154384613037109,0.3952600657939911,0.5059415474534035,1
CGTRNA_RS01965,CGTRNA_RS01970,0,0.9905495047569275,0.9675830602645874,0.940371036529541,0.9638139009475708,0.9753430485725403,0.9616000056266785,0.9892492294311523,0.9368292093276978,0.9751154184341431,0.9273104071617126,0.9627764821052551,1
CGTRNA_RS01970,CGTRNA_RS01975,1,0.9903110861778259,0.9840958714485168,0.949508786201477,0.9712506532669067,0.980302631855011,0.9742846488952637,0.9907531142234802,0.9658860564231873,0.9786217212677002,0.9153652787208557,0.9700379848480225,1
CGTRNA_RS01975,CGTRNA_RS01985,0,0.029532920569181442,0.015784094110131264,0.05607104301452637,0.035705599933862686,0.019172048196196556,0.07205770164728165,0.05163208022713661,0.2893790304660797,0.08072884380817413,0.06926152110099792,0.07193248830735684,0
CGTRNA_RS01985,CGTRNA_RS01990,0,0.5336157083511353,0.1678496152162552,0.3387298285961151,0.3755176365375519,0.2704748511314392,0.2973071038722992,0.19178491830825806,0.42014962434768677,0.3450576961040497,0.41862982511520386,0.33591168075799943,0
CGTRNA_RS01990,CGTRNA_RS02010,0,0.013103073462843895,0.002193675609305501,0.009961152449250221,0.010542361997067928,0.001211828668601811,0.007632412016391754,0.005775874946266413,0.008294517174363136,0.05179363116621971,0.030416373163461685,0.014092490065377206,0
CGTRNA_RS02010,CGTRNA_RS02015,1,0.9875953197479248,0.9918777942657471,0.9835147857666016,0.9866938591003418,0.9912179112434387,0.9836883544921875,0.9212526679039001,0.941635012626648,0.9898658394813538,0.985177218914032,0.9762518763542175,1
CGTRNA_RS02015,CGTRNA_RS02020,1,0.9894301891326904,0.9893554449081421,0.9796380996704102,0.9825349450111389,0.9845210313796997,0.9767923951148987,0.9863075613975525,0.9838458895683289,0.9858159422874451,0.9543270468711853,0.9812568545341491,1
CGTRNA_RS02020,CGTRNA_RS02025,1,0.9839997887611389,0.9610222578048706,0.9464576244354248,0.9640222787857056,0.9646034240722656,0.9562959671020508,0.9861524105072021,0.9828310608863831,0.9786840081214905,0.899742603302002,0.9623811423778534,1
CGTRNA_RS02025,CGTRNA_RS02035,0,0.18438102304935455,0.05489969998598099,0.2036522775888443,0.25993064045906067,0.0879199355840683,0.11584661155939102,0.09005652368068695,0.4900292456150055,0.1264902949333191,0.19092458486557007,0.18041308373212814,0
CGTRNA_RS02035,CGTRNA_RS02055,0,0.005786330439150333,0.0036732612643390894,0.009297947399318218,0.009379095397889614,0.0011421814560890198,0.003710799850523472,0.0033938789274543524,0.01702180504798889,0.013554331846535206,0.005883404985070229,0.0072843036614358425,0
CGTRNA_RS02055,CGTRNA_RS02060,1,0.9822246432304382,0.965532660484314,0.959892213344574,0.9757099151611328,0.9637207388877869,0.9687901735305786,0.9899191856384277,0.9663927555084229,0.9744074940681458,0.9322208762168884,0.9678810656070709,1
CGTRNA_RS02060,CGTRNA_RS02070,0,0.01075025275349617,0.002365953056141734,0.00997820496559143,0.011389154009521008,0.00303753768093884,0.006192486267536879,0.00965665839612484,0.013626916334033012,0.02076653577387333,0.009275340475142002,0.009703903971239925,0
CGTRNA_RS02070,CGTRNA_RS02075,1,0.549984335899353,0.5525898337364197,0.8908260464668274,0.8006197810173035,0.8132631778717041,0.4450269341468811,0.7358359098434448,0.7886992692947388,0.890597939491272,0.6973190903663635,0.7164762318134308,1
CGTRNA_RS02075,CGTRNA_RS02080,1,0.9853610992431641,0.9883636832237244,0.9881396293640137,0.9887763261795044,0.9910634756088257,0.9855974316596985,0.9036758542060852,0.9920916557312012,0.9794510006904602,0.9864306449890137,0.978895080089569,1
CGTRNA_RS02080,CGTRNA_RS02085,1,0.9782208800315857,0.9636791944503784,0.9604881405830383,0.983653724193573,0.970557689666748,0.972913384437561,0.9895800352096558,0.9821242690086365,0.949567437171936,0.9041274785995483,0.9654912233352662,1
CGTRNA_RS02085,CGTRNA_RS02090,0,0.1632114201784134,0.14232265949249268,0.36751508712768555,0.3950141370296478,0.05318785831332207,0.21738092601299286,0.17878973484039307,0.05107314884662628,0.10012868791818619,0.13923363387584686,0.1807857293635607,0
CGTRNA_RS02130,CGTRNA_RS02135,1,0.929949164390564,0.8638478517532349,0.9275995492935181,0.8950350284576416,0.9104939103126526,0.890706479549408,0.8843806385993958,0.7776167988777161,0.8950442671775818,0.9190693497657776,0.8893743038177491,1
CGTRNA_RS02135,CGTRNA_RS02140,1,0.9788407683372498,0.9798338413238525,0.982880175113678,0.9853397011756897,0.9838138818740845,0.9813806414604187,0.9771819114685059,0.9661260843276978,0.968379557132721,0.9763244390487671,0.9780101001262664,1
CGTRNA_RS02140,CGTRNA_RS02145,0,0.087799571454525,0.06069983169436455,0.07563617825508118,0.05305420234799385,0.01868388056755066,0.2714388966560364,0.2528878152370453,0.07914163172245026,0.4220443665981293,0.05587375909090042,0.1377260133624077,0
CGTRNA_RS02145,CGTRNA_RS02155,0,0.04553340747952461,0.031361185014247894,0.06343011558055878,0.10089746862649918,0.06516224890947342,0.021834636107087135,0.031006647273898125,0.01802355796098709,0.07656396925449371,0.03811846300959587,0.04919316992163658,0
CGTRNA_RS02155,CGTRNA_RS02160,0,0.9883639216423035,0.9747377038002014,0.9678469300270081,0.9753427505493164,0.9714362621307373,0.980556070804596,0.9805682301521301,0.9814322590827942,0.9672738909721375,0.9904825091362,0.9778040528297425,1
CGTRNA_RS02160,CGTRNA_RS02165,0,0.7372007369995117,0.8694303631782532,0.7727866172790527,0.9527537822723389,0.817485511302948,0.9110714197158813,0.9526313543319702,0.5599973797798157,0.7924352884292603,0.8707478642463684,0.82365403175354,1
CGTRNA_RS02165,CGTRNA_RS02170,1,0.9908645153045654,0.9918527603149414,0.9899882078170776,0.9884631633758545,0.993455708026886,0.9858609437942505,0.983208179473877,0.9895746111869812,0.9789688587188721,0.9877988696098328,0.9880035817623138,1
CGTRNA_RS02170,CGTRNA_RS02195,0,0.003876863978803158,0.001988351345062256,0.0011543307919055223,0.004490230232477188,0.000456756359199062,0.00187234440818429,0.002144773257896304,0.0023868463467806578,0.0034583844244480133,0.0014010159065946937,0.0023229897051351145,0
CGTRNA_RS02195,CGTRNA_RS02200,1,0.9093429446220398,0.9660792946815491,0.9327274560928345,0.9570537209510803,0.9685695171356201,0.9415343999862671,0.9386448264122009,0.9839754104614258,0.9248045682907104,0.9366254806518555,0.9459357619285583,1
CGTRNA_RS02200,CGTRNA_RS02205,1,0.8992596864700317,0.6930912733078003,0.6314069628715515,0.766147255897522,0.6628034114837646,0.7322753667831421,0.9040387868881226,0.6191474795341492,0.5941038727760315,0.62446528673172,0.7126739382743835,1
CGTRNA_RS02205,CGTRNA_RS02210,1,0.9869328737258911,0.9787916541099548,0.959065854549408,0.9863321185112,0.968861997127533,0.9783486723899841,0.982616126537323,0.9930344223976135,0.9632385969161987,0.9772347807884216,0.9774457097053528,1
CGTRNA_RS02210,CGTRNA_RS02215,1,0.9750822186470032,0.9798315167427063,0.9295900464057922,0.9791381359100342,0.9795778393745422,0.965355396270752,0.9711295962333679,0.9320580959320068,0.9666425585746765,0.9759288430213928,0.9654334247112274,1
CGTRNA_RS02215,CGTRNA_RS02220,1,0.9547923803329468,0.9247314929962158,0.9121103286743164,0.9532650113105774,0.9257882833480835,0.9450798630714417,0.9362658858299255,0.7056651711463928,0.9106537699699402,0.9357896447181702,0.910414183139801,1
CGTRNA_RS02220,CGTRNA_RS02225,1,0.8346279263496399,0.8779191374778748,0.6290337443351746,0.9096896648406982,0.8520350456237793,0.8818700909614563,0.9218824505805969,0.9730345010757446,0.949312686920166,0.8158469796180725,0.8645252227783203,1
CGTRNA_RS02225,CGTRNA_RS02230,1,0.9905775189399719,0.9868773221969604,0.9779568314552307,0.9827585220336914,0.9827064275741577,0.9886017441749573,0.9834535717964172,0.9909237027168274,0.9691073894500732,0.9866679906845093,0.9839631021022797,1
CGTRNA_RS02230,CGTRNA_RS02235,1,0.5731761455535889,0.22338642179965973,0.5777167677879333,0.6606508493423462,0.6038212180137634,0.36159536242485046,0.6489002108573914,0.7575181722640991,0.6244637966156006,0.3422621488571167,0.5373491093516349,1
CGTRNA_RS02235,CGTRNA_RS02240,1,0.9769883155822754,0.9773582220077515,0.9397261738777161,0.9754315614700317,0.9783889651298523,0.9773319959640503,0.9908313155174255,0.9629536867141724,0.9708133935928345,0.8968701958656311,0.964669382572174,1
CGTRNA_RS02240,CGTRNA_RS02245,1,0.9922106862068176,0.9898362755775452,0.9839996099472046,0.9855078458786011,0.9858195781707764,0.9869182705879211,0.9527281522750854,0.9925148487091064,0.9726729393005371,0.9840428829193115,0.9826251089572906,1
CGTRNA_RS02245,CGTRNA_RS02250,1,0.9872357249259949,0.9839516878128052,0.9386730194091797,0.9735805988311768,0.9798693656921387,0.9764324426651001,0.9913765788078308,0.9499731063842773,0.9712477922439575,0.9433844685554504,0.9695724785327912,1
CGTRNA_RS02250,CGTRNA_RS02255,1,0.9907788634300232,0.989588737487793,0.9817947149276733,0.9896136522293091,0.9822092652320862,0.9925540089607239,0.9656078815460205,0.9925113916397095,0.9852809309959412,0.9854894876480103,0.985542893409729,1
CGTRNA_RS02255,CGTRNA_RS02260,1,0.9819060564041138,0.9800229668617249,0.9788692593574524,0.9781651496887207,0.977952241897583,0.9720971584320068,0.9557916522026062,0.9437323212623596,0.9755783677101135,0.9836130142211914,0.9727728188037872,1
CGTRNA_RS02285,CGTRNA_RS02295,0,0.021962516009807587,0.004172747954726219,0.018165752291679382,0.018725348636507988,0.0021421806886792183,0.004364316817373037,0.02003665268421173,0.004809070378541946,0.005228124558925629,0.008763264864683151,0.010836997488513588,0
CGTRNA_RS02295,CGTRNA_RS02365,0,0.01395321823656559,0.0031983363442122936,0.00707167899236083,0.010493244975805283,0.005430599208921194,0.011572932824492455,0.0018409473123028874,0.021879997104406357,0.017090972512960434,0.012371672317385674,0.010490359982941299,0
CGTRNA_RS02365,CGTRNA_RS02370,1,0.9855741858482361,0.9733378291130066,0.9742106199264526,0.982137143611908,0.9582238793373108,0.9771345257759094,0.9802903532981873,0.9792724251747131,0.9735265374183655,0.9869965314865112,0.97707040309906,1
CGTRNA_RS02370,CGTRNA_RS02375,1,0.7241906523704529,0.8129974603652954,0.8275353908538818,0.9092861413955688,0.7173953652381897,0.6611506342887878,0.932441771030426,0.8958987593650818,0.8846336603164673,0.8044649362564087,0.816999477148056,1
CGTRNA_RS02375,CGTRNA_RS02380,1,0.9797787070274353,0.975195050239563,0.9353736639022827,0.9717707633972168,0.9739699959754944,0.9782145619392395,0.9894405603408813,0.9638491272926331,0.9644231796264648,0.9052189588546753,0.9637234568595886,1
CGTRNA_RS02380,CGTRNA_RS02385,1,0.9124867916107178,0.7756974697113037,0.9199597239494324,0.9197081327438354,0.9258941411972046,0.7448149919509888,0.7997446060180664,0.8821801543235779,0.8490021824836731,0.8792562484741211,0.8608744442462921,1
CGTRNA_RS02385,CGTRNA_RS02390,1,0.9239705801010132,0.9584068655967712,0.9007858037948608,0.9706234931945801,0.9485458135604858,0.923244833946228,0.8423987627029419,0.9221255779266357,0.9242391586303711,0.9473255276679993,0.9261666417121888,1
CGTRNA_RS02390,CGTRNA_RS02395,1,0.8489856719970703,0.9776883125305176,0.9298532605171204,0.9777429699897766,0.9562883377075195,0.8380873799324036,0.9492818117141724,0.9754503965377808,0.9504374265670776,0.917603611946106,0.9321419179439545,1
CGTRNA_RS02435,CGTRNA_RS02440,0,0.45336276292800903,0.10283146798610687,0.29342761635780334,0.3749828636646271,0.15903127193450928,0.39240318536758423,0.45408520102500916,0.05884585902094841,0.33071357011795044,0.24539177119731903,0.2865075569599867,0
CGTRNA_RS02440,CGTRNA_RS02445,0,0.0810517743229866,0.03466024622321129,0.05263355001807213,0.045282188802957535,0.012106179259717464,0.0403217189013958,0.16270634531974792,0.11644385010004044,0.08544763177633286,0.033081889152526855,0.06637353738769888,0
CGTRNA_RS02445,CGTRNA_RS02450,1,0.9778485894203186,0.9450390934944153,0.9360285401344299,0.9642014503479004,0.9283169507980347,0.9592166543006897,0.9563001990318298,0.9309921860694885,0.9399723410606384,0.9761675596237183,0.9514083564281464,1
CGTRNA_RS02450,CGTRNA_RS02460,0,0.03761809691786766,0.1866932362318039,0.07418587058782578,0.0656854584813118,0.10198970139026642,0.12270843982696533,0.06360002607107162,0.06457668542861938,0.12321171164512634,0.07105496525764465,0.09113241918385029,0
CGTRNA_RS02460,CGTRNA_RS02465,0,0.9603381156921387,0.9679688811302185,0.9708791375160217,0.9851848483085632,0.9880865216255188,0.9404860734939575,0.8872094750404358,0.9743359088897705,0.960591197013855,0.9778499007225037,0.9612930059432984,1
CGTRNA_RS02465,CGTRNA_RS02470,0,0.9776738882064819,0.9891226291656494,0.9743912220001221,0.9871487021446228,0.9888042211532593,0.9778133034706116,0.8552329540252686,0.984623908996582,0.9753750562667847,0.9740840792655945,0.9684269964694977,1
CGTRNA_RS02470,CGTRNA_RS02475,0,0.46071451902389526,0.4727402925491333,0.4348534941673279,0.5219919681549072,0.6221243739128113,0.309455931186676,0.7601017355918884,0.8554543852806091,0.598570704460144,0.1629127413034439,0.5198920145630836,1
CGTRNA_RS02475,CGTRNA_RS02480,1,0.9459301829338074,0.9801793098449707,0.9618222117424011,0.9761766195297241,0.9745776057243347,0.9697433114051819,0.959376871585846,0.9859943389892578,0.960435152053833,0.9618374705314636,0.9676073074340821,1
CGTRNA_RS02480,CGTRNA_RS02485,1,0.9362272024154663,0.9713289141654968,0.935917317867279,0.9766482710838318,0.9076679944992065,0.9388378858566284,0.9493739008903503,0.9727564454078674,0.9421140551567078,0.8724762201309204,0.9403348207473755,1
CGTRNA_RS02485,CGTRNA_RS02490,0,0.18399037420749664,0.019191596657037735,0.2032657116651535,0.08806505799293518,0.030727596953511238,0.044200751930475235,0.09789667278528214,0.2544749081134796,0.14264638721942902,0.059067241847515106,0.11235262993723154,0
CGTRNA_RS02490,CGTRNA_RS02495,1,0.9661677479743958,0.9531113505363464,0.8847000002861023,0.938167154788971,0.9271775484085083,0.9659944176673889,0.9207295775413513,0.953011155128479,0.9469684362411499,0.9714204668998718,0.9427447855472565,1
CGTRNA_RS02495,CGTRNA_RS02500,0,0.1584862768650055,0.35844606161117554,0.38347679376602173,0.18433064222335815,0.14733846485614777,0.22846215963363647,0.21007151901721954,0.31272536516189575,0.39259073138237,0.2936801314353943,0.2669608145952225,0
CGTRNA_RS02500,CGTRNA_RS02505,0,0.4037712812423706,0.06260834634304047,0.3381815552711487,0.2141856849193573,0.11663757264614105,0.15250487625598907,0.32961761951446533,0.3367803692817688,0.211151584982872,0.12683339416980743,0.22922722846269608,0
CGTRNA_RS02505,CGTRNA_RS02510,1,0.9865627288818359,0.9808076024055481,0.9809931516647339,0.9813885688781738,0.9815883040428162,0.9819934964179993,0.9701508283615112,0.9828217029571533,0.977949321269989,0.9851797819137573,0.9809435486793519,1
CGTRNA_RS02510,CGTRNA_RS02515,0,0.36932650208473206,0.5098350644111633,0.1783403754234314,0.3913058936595917,0.1799372136592865,0.3934658467769623,0.6739503741264343,0.08616713434457779,0.11312221735715866,0.18290498852729797,0.3078355610370636,0
CGTRNA_RS02515,CGTRNA_RS02520,0,0.9814536571502686,0.9672879576683044,0.9621776342391968,0.979350745677948,0.9768340587615967,0.9528351426124573,0.9683413505554199,0.972536563873291,0.9518364667892456,0.9753743410110474,0.9688027918338775,1
CGTRNA_RS02520,CGTRNA_RS02530,0,0.007512255106121302,0.00270960689522326,0.006024457979947329,0.01922099106013775,0.0038594750221818686,0.005970813799649477,0.008219433017075062,0.0021604206413030624,0.011391687206923962,0.0031735082156956196,0.007024264894425869,0
CGTRNA_RS02530,CGTRNA_RS02535,1,0.994432270526886,0.9930908679962158,0.9836724400520325,0.9871024489402771,0.9913248419761658,0.9917508959770203,0.985474705696106,0.9948769211769104,0.9762380719184875,0.9922204613685608,0.9890183925628662,1
CGTRNA_RS02535,CGTRNA_RS02540,1,0.5037662386894226,0.5239870548248291,0.3393125832080841,0.28692618012428284,0.2774576246738434,0.48721811175346375,0.7111991047859192,0.46865105628967285,0.41094356775283813,0.2987416386604309,0.4308203160762787,0
CGTRNA_RS02540,CGTRNA_RS02545,0,0.47319844365119934,0.1502215415239334,0.2795957326889038,0.37698206305503845,0.21271835267543793,0.3548169732093811,0.5796470642089844,0.12999550998210907,0.14043039083480835,0.1561378389596939,0.28537439107894896,0
CGTRNA_RS02545,CGTRNA_RS02550,0,0.20333772897720337,0.39126211404800415,0.48074081540107727,0.2612557113170624,0.2380765676498413,0.31587809324264526,0.2972899377346039,0.4088103771209717,0.30745673179626465,0.3413790464401245,0.3245487123727798,0
CGTRNA_RS02550,CGTRNA_RS02575,0,0.0004259124107193202,0.0007075732573866844,0.0007273746305145323,0.0010178029770031571,0.0001912919251481071,0.0008761557401157916,0.0007856970769353211,0.00024617367307655513,0.002488125581294298,0.0001291943626711145,0.0007595301634864881,0
CGTRNA_RS02575,CGTRNA_RS02580,1,0.9857676029205322,0.9902356863021851,0.9675745368003845,0.9796122908592224,0.9792723059654236,0.9731401801109314,0.974672794342041,0.9823555946350098,0.9484755992889404,0.9854013919830322,0.9766507983207703,1
CGTRNA_RS02580,CGTRNA_RS02585,1,0.977555513381958,0.9569851756095886,0.9385316967964172,0.9782071113586426,0.9744340777397156,0.9747741222381592,0.9893549680709839,0.9500479698181152,0.9610469937324524,0.9438493251800537,0.9644786953926087,1
CGTRNA_RS02585,CGTRNA_RS02590,1,0.9910043478012085,0.9862149357795715,0.9395001530647278,0.9784672260284424,0.9828193187713623,0.9776678085327148,0.9924686551094055,0.9751570820808411,0.9700195789337158,0.9211199283599854,0.9714439034461975,1
CGTRNA_RS02590,CGTRNA_RS02595,1,0.9876185059547424,0.969968318939209,0.9565644264221191,0.976838231086731,0.9669515490531921,0.9764601588249207,0.9821658134460449,0.9906728267669678,0.9735066890716553,0.9761091470718384,0.9756855666637421,1
CGTRNA_RS02595,CGTRNA_RS02600,1,0.9921365976333618,0.9886690378189087,0.973863959312439,0.986754298210144,0.983245313167572,0.9899333715438843,0.9820517897605896,0.9919190406799316,0.981672465801239,0.986375629901886,0.9856621503829956,1
CGTRNA_RS02600,CGTRNA_RS02605,1,0.9947176575660706,0.992446780204773,0.9855037331581116,0.9885396361351013,0.9887394309043884,0.9905114769935608,0.9860271215438843,0.9909458756446838,0.9948241710662842,0.9918726086616516,0.990412849187851,1
CGTRNA_RS02605,CGTRNA_RS02610,1,0.9869435429573059,0.9793627858161926,0.9624691009521484,0.974203884601593,0.982161283493042,0.9658052921295166,0.9922851920127869,0.9683703184127808,0.9702776670455933,0.9340682029724121,0.9715947270393371,1
CGTRNA_RS02610,CGTRNA_RS02615,1,0.9916002750396729,0.9940294623374939,0.9800674915313721,0.9815773367881775,0.9893550872802734,0.989672064781189,0.9666374921798706,0.9923722743988037,0.9829925298690796,0.9886257648468018,0.9856929779052734,1
CGTRNA_RS02615,CGTRNA_RS02620,1,0.9876194596290588,0.9813933968544006,0.9529527425765991,0.9782030582427979,0.9860983490943909,0.9766566157341003,0.9926065802574158,0.9699892997741699,0.9663198590278625,0.9291455149650574,0.9720984876155854,1
CGTRNA_RS02620,CGTRNA_RS02625,1,0.9820941686630249,0.9777824878692627,0.9554034471511841,0.9847519993782043,0.9845321774482727,0.9862546920776367,0.9887561798095703,0.9671587944030762,0.9810373783111572,0.9848937392234802,0.9792665064334869,1
CGTRNA_RS02625,CGTRNA_RS02640,0,0.0028497104067355394,0.0007528128917329013,0.00271000899374485,0.00301993265748024,0.0004400711040943861,0.004926758818328381,0.002693377435207367,0.00030734227038919926,0.0050499327480793,0.0006849135388620198,0.0023434860864654183,0
CGTRNA_RS02640,CGTRNA_RS02645,1,0.981383204460144,0.974330723285675,0.9518088698387146,0.9816697835922241,0.9771947264671326,0.9699662327766418,0.979092001914978,0.9539589285850525,0.9650891423225403,0.972923994064331,0.9707417607307434,1
CGTRNA_RS02645,CGTRNA_RS02650,1,0.9903097152709961,0.9852532148361206,0.9647871851921082,0.9781198501586914,0.9866990447044373,0.9749945998191833,0.9932135343551636,0.9764048457145691,0.9677789807319641,0.9587016105651855,0.9776262581348419,1
CGTRNA_RS02650,CGTRNA_RS02655,0,0.5605663657188416,0.6304295063018799,0.8086177706718445,0.860050618648529,0.41210588812828064,0.6753895282745361,0.6840399503707886,0.4558486044406891,0.7192696928977966,0.5034597516059875,0.6309777677059174,1
CGTRNA_RS02655,CGTRNA_RS02685,0,0.011257185600697994,0.001082387869246304,0.0019100522622466087,0.008333823643624783,0.0012199821649119258,0.0019526323303580284,0.002860681153833866,0.0019291634671390057,0.004219915717840195,0.0031989947892725468,0.0037964818999171256,0
CGTRNA_RS02685,CGTRNA_RS02720,0,0.0008303737849928439,0.0005515802185982466,0.0005639164010062814,0.0018807228188961744,0.0003890858788508922,0.000640367332380265,0.0007161258836276829,3.9324877434410155e-05,0.0005066110170446336,0.00032182777067646384,0.0006439935983507894,0
CGTRNA_RS02720,CGTRNA_RS02725,1,0.9899579882621765,0.9658326506614685,0.9577004313468933,0.9756450057029724,0.9665331840515137,0.9648066163063049,0.9696391820907593,0.9838228225708008,0.9169657826423645,0.9746071100234985,0.9665510773658752,1
CGTRNA_RS02725,CGTRNA_RS02730,1,0.992154598236084,0.9931014180183411,0.9813698530197144,0.9898785948753357,0.9889548420906067,0.9912914037704468,0.9876828193664551,0.9922083020210266,0.9778091907501221,0.9876229763031006,0.9882073998451233,1
CGTRNA_RS02730,CGTRNA_RS02735,1,0.9820374846458435,0.9826971888542175,0.9524195194244385,0.9794904589653015,0.9805105924606323,0.9820408821105957,0.9785236120223999,0.983524739742279,0.9826884865760803,0.967223048210144,0.9771156013011932,1
CGTRNA_RS02735,CGTRNA_RS02740,1,0.9919981956481934,0.9905812740325928,0.971760094165802,0.9863759875297546,0.9897456765174866,0.9873698949813843,0.9809108972549438,0.9910598993301392,0.9810314774513245,0.9874730110168457,0.9858306407928467,1
CGTRNA_RS02740,CGTRNA_RS02745,1,0.993125319480896,0.9930791854858398,0.9570015668869019,0.9815582633018494,0.9804273843765259,0.9829179048538208,0.9916008710861206,0.984694242477417,0.9811166524887085,0.9911933541297913,0.9836714744567872,1
CGTRNA_RS02745,CGTRNA_RS02805,0,0.0019293423974886537,0.0018980634631589055,0.002134777372702956,0.001671962789259851,0.0006931300740689039,0.004753810353577137,0.0018886108882725239,0.0008070777985267341,0.00838729552924633,0.000948321248870343,0.0025112391915172337,0
CGTRNA_RS02805,CGTRNA_RS02810,1,0.9787973761558533,0.9625017046928406,0.9388433694839478,0.975984513759613,0.9789425134658813,0.9756536483764648,0.9901244640350342,0.9438281655311584,0.9518369436264038,0.924005925655365,0.9620518624782562,1
CGTRNA_RS02810,CGTRNA_RS02815,0,0.3271012008190155,0.29050543904304504,0.444440096616745,0.4284670948982239,0.16895939409732819,0.6129859089851379,0.4341413378715515,0.16716569662094116,0.193451389670372,0.2091342806816101,0.32763518393039703,0
CGTRNA_RS02815,CGTRNA_RS02820,1,0.27144572138786316,0.1773396134376526,0.4243336319923401,0.36766666173934937,0.21794219315052032,0.23398414254188538,0.5698972940444946,0.27890482544898987,0.4418240189552307,0.2974555790424347,0.32807936817407607,0
CGTRNA_RS02820,CGTRNA_RS02825,1,0.059356458485126495,0.00592653825879097,0.036466728895902634,0.0782151073217392,0.009683924727141857,0.027263585478067398,0.10198739171028137,0.007518782280385494,0.010253813117742538,0.009141199290752411,0.03458135295659304,0
CGTRNA_RS02825,CGTRNA_RS02830,1,0.9147722721099854,0.8141782283782959,0.8882431983947754,0.9039985537528992,0.7285675406455994,0.8354772925376892,0.7718163728713989,0.8894136548042297,0.7897133827209473,0.882401168346405,0.8418581664562226,1
CGTRNA_RS02830,CGTRNA_RS02835,1,0.9927403330802917,0.9922708868980408,0.9810895323753357,0.9872463345527649,0.9892513155937195,0.988560140132904,0.9831293225288391,0.9892787933349609,0.9848419427871704,0.9886519312858582,0.9877060532569886,1
CGTRNA_RS02835,CGTRNA_RS02840,1,0.9791945815086365,0.9891912937164307,0.9788713455200195,0.9695730805397034,0.9789389967918396,0.9747693538665771,0.926996648311615,0.9917769432067871,0.9880873560905457,0.9822505116462708,0.9759650111198426,1
CGTRNA_RS02840,CGTRNA_RS02845,1,0.9434570670127869,0.9321931600570679,0.8974073529243469,0.9437271356582642,0.9077895283699036,0.9277685284614563,0.9455512166023254,0.7152631282806396,0.9098922610282898,0.9518646001815796,0.907491397857666,1
CGTRNA_RS02845,CGTRNA_RS02850,1,0.8735722303390503,0.774664580821991,0.7881865501403809,0.8702285885810852,0.9319245219230652,0.838563859462738,0.8721563220024109,0.614839494228363,0.7448910474777222,0.7883278131484985,0.8097355008125305,1
CGTRNA_RS02875,CGTRNA_RS02880,0,0.6992768049240112,0.8708526492118835,0.8879330158233643,0.925626814365387,0.7999135851860046,0.6673498153686523,0.8864977359771729,0.9400771260261536,0.9202955961227417,0.808205246925354,0.8406028389930725,1
CGTRNA_RS02880,CGTRNA_RS02885,1,0.9095096588134766,0.9507646560668945,0.9272816777229309,0.9182565808296204,0.9537299275398254,0.9297474026679993,0.9227874279022217,0.820763885974884,0.9077507853507996,0.9471209645271301,0.9187712967395782,1
CGTRNA_RS02885,CGTRNA_RS02890,1,0.7019574046134949,0.3815222978591919,0.34566375613212585,0.46559107303619385,0.6350311040878296,0.3812890350818634,0.5378869771957397,0.5114253163337708,0.6126481294631958,0.2502744197845459,0.48232895135879517,0
CGTRNA_RS02890,CGTRNA_RS02905,0,0.008999690413475037,0.012773779220879078,0.020916040986776352,0.0174697358161211,0.011240807361900806,0.006682499311864376,0.0088272076100111,0.01734662428498268,0.03912070021033287,0.010491947643458843,0.015386903285980224,0
CGTRNA_RS02905,CGTRNA_RS02910,1,0.9745679497718811,0.9826069474220276,0.9276546239852905,0.979062020778656,0.9739444255828857,0.9730191230773926,0.9901286959648132,0.935163676738739,0.9620923399925232,0.7591059803962708,0.945734578371048,1
CGTRNA_RS02910,CGTRNA_RS02915,0,0.48417913913726807,0.5450524091720581,0.5867791771888733,0.5411105751991272,0.476849228143692,0.5463507771492004,0.3565700650215149,0.6523754596710205,0.6135349273681641,0.5105409622192383,0.5313342720270157,1
CGTRNA_RS02915,CGTRNA_RS02920,1,0.8899104595184326,0.680203378200531,0.920120358467102,0.9297096729278564,0.851153552532196,0.9098063111305237,0.9354857802391052,0.8839139938354492,0.9290100336074829,0.8616808652877808,0.879099440574646,1
CGTRNA_RS02920,CGTRNA_RS02925,0,0.020602820441126823,0.00812524650245905,0.051554713398218155,0.04197243973612785,0.0089564835652709,0.02051987685263157,0.026232587173581123,0.007132313679903746,0.033998798578977585,0.008774789050221443,0.022787006897851826,0
CGTRNA_RS02925,CGTRNA_RS02930,1,0.9909517765045166,0.9844818115234375,0.9534052610397339,0.9752482175827026,0.9840328097343445,0.9735706448554993,0.992715060710907,0.9718679785728455,0.9663777947425842,0.9271305799484253,0.9719781935214996,1
CGTRNA_RS02930,CGTRNA_RS02935,0,0.5318450927734375,0.7115747332572937,0.6658830642700195,0.7299360632896423,0.456978440284729,0.4908095896244049,0.6693111658096313,0.423103928565979,0.5341800451278687,0.3858129382133484,0.5599435061216355,1
CGTRNA_RS02935,CGTRNA_RS02940,0,0.23096245527267456,0.3636828362941742,0.3674122393131256,0.48361891508102417,0.29530662298202515,0.21466872096061707,0.27865877747535706,0.35107114911079407,0.2813892662525177,0.15731151401996613,0.3024082496762276,0
CGTRNA_RS02940,CGTRNA_RS02945,0,0.9886749386787415,0.9862369298934937,0.931518018245697,0.973748505115509,0.9778706431388855,0.967140257358551,0.9909712672233582,0.948637068271637,0.9799383878707886,0.9204257130622864,0.9665161728858948,1
CGTRNA_RS02945,CGTRNA_RS02950,0,0.9011396169662476,0.9290398359298706,0.8403965830802917,0.9436401128768921,0.9493770003318787,0.9023187160491943,0.7979731559753418,0.8378695249557495,0.8155508041381836,0.9267649054527283,0.8844070255756378,1
CGTRNA_RS02950,CGTRNA_RS02960,0,0.006962479557842016,0.001683694077655673,0.011296842247247696,0.007230306044220924,0.004360821098089218,0.008832924999296665,0.01416800171136856,0.021056972444057465,0.015349182300269604,0.010750136338174343,0.010169136081822216,0
CGTRNA_RS02960,CGTRNA_RS02965,1,0.9843728542327881,0.9902283549308777,0.9721127152442932,0.9795053005218506,0.9697616696357727,0.986291229724884,0.9586396813392639,0.9902289509773254,0.9796149730682373,0.9855766296386719,0.9796332359313965,1
CGTRNA_RS02965,CGTRNA_RS02970,1,0.9183148145675659,0.8412647843360901,0.8632668256759644,0.8789594769477844,0.8766589164733887,0.6793519258499146,0.7312399744987488,0.3693985939025879,0.901160478591919,0.8894001841545105,0.7949015974998475,1
CGTRNA_RS02970,CGTRNA_RS02975,1,0.9199426174163818,0.9691934585571289,0.935322105884552,0.9765651822090149,0.9774291515350342,0.9231957793235779,0.9561335444450378,0.9667350053787231,0.9140248894691467,0.9622406959533691,0.9500782430171967,1
CGTRNA_RS02975,CGTRNA_RS02980,1,0.9788330793380737,0.9872512817382812,0.9584282040596008,0.9815893769264221,0.9613068103790283,0.9823302626609802,0.9801886677742004,0.9855309724807739,0.9766889810562134,0.9495348334312439,0.9741682469844818,1
CGTRNA_RS02980,CGTRNA_RS02985,1,0.9922726154327393,0.9882866144180298,0.9366911053657532,0.9758073687553406,0.9821967482566833,0.9762462973594666,0.9925215840339661,0.966007649898529,0.9716432094573975,0.8373056650161743,0.9618978857994079,1
CGTRNA_RS02985,CGTRNA_RS02990,1,0.9889557957649231,0.9934817552566528,0.9656277894973755,0.985112190246582,0.9914488196372986,0.9863230586051941,0.9845740795135498,0.9884805679321289,0.978083610534668,0.990580677986145,0.9852668344974518,1
CGTRNA_RS02990,CGTRNA_RS02995,1,0.9812978506088257,0.991328239440918,0.9789212942123413,0.9790652990341187,0.9865360260009766,0.9883573055267334,0.9813223481178284,0.9719104170799255,0.9862600564956665,0.9861507415771484,0.9831149578094482,1
CGTRNA_RS02995,CGTRNA_RS03000,1,0.9476856589317322,0.968147337436676,0.9524818062782288,0.9645310640335083,0.9774419665336609,0.950068473815918,0.9276675581932068,0.9909305572509766,0.9368447661399841,0.9259752631187439,0.9541774451732635,1
CGTRNA_RS03000,CGTRNA_RS03005,0,0.10592300444841385,0.027684703469276428,0.10516778379678726,0.1349768489599228,0.028135277330875397,0.05056075379252434,0.08343453705310822,0.027989335358142853,0.14547370374202728,0.02976243384182453,0.0739108381792903,0
CGTRNA_RS03005,CGTRNA_RS03015,1,0.558282196521759,0.3889636695384979,0.6814913153648376,0.5836672186851501,0.460772842168808,0.4500132203102112,0.19242550432682037,0.5261386036872864,0.5732702612876892,0.706272542476654,0.5121297374367714,1
CGTRNA_RS03015,CGTRNA_RS03030,0,0.006030671298503876,0.0008286861702799797,0.009813005104660988,0.0032142149284482002,0.0014392785960808396,0.0051431963220238686,0.004757425747811794,0.060275111347436905,0.012953560799360275,0.052960120141506195,0.01574152704561129,0
CGTRNA_RS03030,CGTRNA_RS03035,1,0.9881758689880371,0.9498817324638367,0.9573572874069214,0.97611403465271,0.976764440536499,0.9650629162788391,0.9839073419570923,0.9818861484527588,0.9568385481834412,0.9377799034118652,0.9673768222332001,1
CGTRNA_RS03035,CGTRNA_RS03045,0,0.15888379514217377,0.032154228538274765,0.10071780532598495,0.11344227194786072,0.06987220048904419,0.09369649738073349,0.12442681193351746,0.07255615293979645,0.07567533105611801,0.042645879089832306,0.08840709738433361,0
CGTRNA_RS03045,CGTRNA_RS03050,0,0.5391827821731567,0.6713228821754456,0.2727738618850708,0.49886584281921387,0.3884773552417755,0.3745826184749603,0.7538959980010986,0.6283569931983948,0.29126596450805664,0.3471966087818146,0.47659209072589875,0
CGTRNA_RS03065,CGTRNA_RS03070,1,0.34933915734291077,0.6475694179534912,0.34499502182006836,0.4291784465312958,0.47828444838523865,0.36081287264823914,0.6468262672424316,0.45597293972969055,0.23741036653518677,0.22345399856567383,0.4173842936754227,0
CGTRNA_RS03070,CGTRNA_RS03080,0,0.016570549458265305,0.001962646609172225,0.01842583529651165,0.019211946055293083,0.0019992550369352102,0.023400330916047096,0.011949359439313412,0.011611920781433582,0.02851482480764389,0.018141621723771095,0.015178829012438656,0
CGTRNA_RS03080,CGTRNA_RS03085,1,0.641358494758606,0.6508578062057495,0.8528059124946594,0.7997648119926453,0.7707855701446533,0.5438473224639893,0.7251783609390259,0.9364996552467346,0.8580927848815918,0.5784668922424316,0.7357657611370086,1
CGTRNA_RS03085,CGTRNA_RS03090,1,0.9836266040802002,0.9840140342712402,0.9427581429481506,0.9773761630058289,0.985148012638092,0.9817034006118774,0.992127537727356,0.9797139167785645,0.9741684794425964,0.9150117039680481,0.9715647995471954,1
CGTRNA_RS03090,CGTRNA_RS03105,0,0.023343268781900406,0.002772538224235177,0.019066812470555305,0.024178581312298775,0.01006356906145811,0.04958489164710045,0.009125974029302597,0.008672459982335567,0.06845597177743912,0.016225682571530342,0.023148974985815585,0
CGTRNA_RS03105,CGTRNA_RS03110,1,0.9599352478981018,0.9681864380836487,0.9583112001419067,0.976355254650116,0.9893221855163574,0.975157618522644,0.8774554133415222,0.9640605449676514,0.9491499662399292,0.9566249251365662,0.9574558794498443,1
CGTRNA_RS03110,CGTRNA_RS03120,0,0.026361888274550438,0.004188424441963434,0.059789758175611496,0.020111754536628723,0.0064621977508068085,0.015179036185145378,0.08516106754541397,0.09000520408153534,0.03795672208070755,0.031982358545064926,0.037719841161742804,0
CGTRNA_RS03120,CGTRNA_RS03160,0,0.0017779089976102114,0.0009183533256873488,0.001401617773808539,0.003010764252394438,0.00081760244211182,0.0008659001323394477,0.0008716267766430974,0.00044874768354929984,0.0009683984681032598,0.0017824253300204873,0.001286334518226795,0
CGTRNA_RS03160,CGTRNA_RS03170,0,0.03540753945708275,0.007345017045736313,0.03723955899477005,0.012515274807810783,0.004939166363328695,0.033603522926568985,0.11593371629714966,0.18307916820049286,0.05624121427536011,0.0353083610534668,0.0521612539421767,0
CGTRNA_RS03170,CGTRNA_RS03180,0,0.09579137712717056,0.04018576070666313,0.10239826142787933,0.15010398626327515,0.03068144991993904,0.05973602831363678,0.08751346170902252,0.02021905779838562,0.09018058329820633,0.059236228466033936,0.07360461950302125,0
CGTRNA_RS03180,CGTRNA_RS03210,0,0.002578439423814416,0.001037666224874556,0.0035163904540240765,0.005430326331406832,0.001439488958567381,0.0015570520190522075,0.002340216189622879,0.00924896914511919,0.007134630344808102,0.004295205697417259,0.0038578384788706898,0
CGTRNA_RS03210,CGTRNA_RS03215,0,0.2865838408470154,0.6967014670372009,0.6446982026100159,0.8410758376121521,0.22271792590618134,0.2873263657093048,0.8424915075302124,0.5004963278770447,0.6402851939201355,0.5593505501747131,0.5521727219223976,1
CGTRNA_RS03215,CGTRNA_RS03220,1,0.987514078617096,0.9819663166999817,0.941142201423645,0.9710426926612854,0.9800470471382141,0.9616510272026062,0.9912980198860168,0.9560173153877258,0.9787458777427673,0.9026718735694885,0.9652096450328826,1
CGTRNA_RS03220,CGTRNA_RS03225,1,0.9335489273071289,0.9889088869094849,0.9089888334274292,0.9694054126739502,0.9553680419921875,0.9427865743637085,0.972385585308075,0.9761989712715149,0.9524684548377991,0.9434417486190796,0.9543501436710358,1
CGTRNA_RS03225,CGTRNA_RS03235,0,0.036269545555114746,0.040314771234989166,0.052563827484846115,0.04547896608710289,0.020166480913758278,0.05570216104388237,0.05497881770133972,0.03710528463125229,0.022539867088198662,0.03674912080168724,0.040186884254217146,0
CGTRNA_RS03235,CGTRNA_RS03240,1,0.9919931888580322,0.9888714551925659,0.9764211773872375,0.9811484813690186,0.9830914735794067,0.9818885922431946,0.9886372089385986,0.9889553189277649,0.9821034073829651,0.9848456978797913,0.9847956001758575,1
CGTRNA_RS03240,CGTRNA_RS03245,1,0.9435727000236511,0.9547900557518005,0.9460681676864624,0.9484543204307556,0.9480534195899963,0.9179653525352478,0.8674760460853577,0.894941508769989,0.8945188522338867,0.9182167053222656,0.9234057128429413,1
CGTRNA_RS03245,CGTRNA_RS03255,0,0.08014357835054398,0.113067127764225,0.15287567675113678,0.15630558133125305,0.1186448484659195,0.08415745943784714,0.0926576554775238,0.09058155864477158,0.2693616449832916,0.10827383399009705,0.12660689651966095,0
CGTRNA_RS03255,CGTRNA_RS03260,1,0.9922556281089783,0.9891403317451477,0.9723512530326843,0.9838354587554932,0.9766036868095398,0.9855589270591736,0.9904404878616333,0.9886966347694397,0.9785276651382446,0.9912926554679871,0.9848702728748322,1
CGTRNA_RS03260,CGTRNA_RS03285,0,0.006273382809013128,0.00233973516151309,0.005850791931152344,0.005162487737834454,0.001822129124775529,0.005160078406333923,0.002961716614663601,0.0024544342886656523,0.007454879116266966,0.004284778144210577,0.004376441333442926,0
CGTRNA_RS03285,CGTRNA_RS03290,1,0.9821977019309998,0.9839318990707397,0.9548515677452087,0.9848466515541077,0.9798414707183838,0.9849716424942017,0.9789510369300842,0.9942653179168701,0.9679427146911621,0.9713950157165527,0.978319501876831,1
CGTRNA_RS03290,CGTRNA_RS03295,0,0.07755100727081299,0.03773454576730728,0.08270610123872757,0.0656825453042984,0.05656327307224274,0.06308767199516296,0.08203671872615814,0.00823209434747696,0.1570815145969391,0.037515684962272644,0.06681911572813988,0
CGTRNA_RS03295,CGTRNA_RS03300,1,0.9928787350654602,0.9844619631767273,0.9627793431282043,0.9809651970863342,0.9842613935470581,0.9831017851829529,0.9928427338600159,0.9816589951515198,0.9780648350715637,0.9602354168891907,0.9801250398159027,1
CGTRNA_RS03300,CGTRNA_RS03305,1,0.9894536733627319,0.9933237433433533,0.9732987284660339,0.9811050891876221,0.9901590347290039,0.9842590093612671,0.9809204936027527,0.9866260290145874,0.9774793982505798,0.9904265403747559,0.9847051739692688,1
CGTRNA_RS03305,CGTRNA_RS03355,0,0.00041870048153214157,0.00015010269999038428,0.000735216133762151,0.0009873233502730727,7.937315967865288e-05,0.00040622110827825963,0.0006165344966575503,0.0005340518546290696,0.0003282464749645442,0.00024581715115346014,0.0004501586910919286,0
CGTRNA_RS03355,CGTRNA_RS03360,1,0.7382078170776367,0.7168799638748169,0.8087484836578369,0.8499478101730347,0.7947268486022949,0.7216344475746155,0.9103686213493347,0.9044883847236633,0.9064719676971436,0.8759317398071289,0.8227406084537506,1
CGTRNA_RS03360,CGTRNA_RS03365,1,0.9903057813644409,0.9930092096328735,0.9737941026687622,0.9878593683242798,0.9860019683837891,0.9906153082847595,0.9844314455986023,0.995093822479248,0.9828201532363892,0.9901000261306763,0.9874031186103821,1
CGTRNA_RS03365,CGTRNA_RS03370,1,0.1824839562177658,0.17156867682933807,0.31116512417793274,0.26736798882484436,0.12611064314842224,0.14508259296417236,0.20604343712329865,0.044060345739126205,0.2429109662771225,0.08534547686576843,0.17821392081677914,0
CGTRNA_RS03370,CGTRNA_RS03390,0,0.005336883943527937,0.0024592445697635412,0.0038587271701544523,0.00617979746311903,0.002221151953563094,0.0019987700507044792,0.002356005134060979,0.0005853496841154993,0.0028306797612458467,0.0030577131547033787,0.003088432288495824,0
CGTRNA_RS03390,CGTRNA_RS03395,1,0.5164961218833923,0.3376161754131317,0.3414059281349182,0.4019761383533478,0.3546285629272461,0.3169262409210205,0.5203555226325989,0.7820859551429749,0.41679057478904724,0.2825726568698883,0.4270853877067566,0
CGTRNA_RS03395,CGTRNA_RS03400,1,0.8255746960639954,0.7721572518348694,0.8687072396278381,0.8672264814376831,0.773683488368988,0.8130425214767456,0.9240124225616455,0.8101330399513245,0.7496832609176636,0.6719059348106384,0.8076126337051391,1
CGTRNA_RS03400,CGTRNA_RS03425,0,0.010702988132834435,0.006131062284111977,0.007270669098943472,0.01029203087091446,0.0038797890301793814,0.02239239402115345,0.00842409860342741,0.0075180851854383945,0.0025243593845516443,0.004948331043124199,0.008408380765467882,0
CGTRNA_RS03425,CGTRNA_RS03430,1,0.6148030161857605,0.3334483206272125,0.40079331398010254,0.5889508724212646,0.33346396684646606,0.6059045791625977,0.8572102785110474,0.668170154094696,0.3778592646121979,0.43039602041244507,0.521099978685379,1
CGTRNA_RS03430,CGTRNA_RS03440,0,0.039934441447257996,0.014223442412912846,0.030626565217971802,0.02793904021382332,0.004841814748942852,0.08116468042135239,0.017408587038517,0.059502504765987396,0.02569698356091976,0.03158988803625107,0.033292794786393645,0
CGTRNA_RS03440,CGTRNA_RS03445,1,0.968304455280304,0.9237098097801208,0.9071707725524902,0.9574774503707886,0.9302393198013306,0.9359139800071716,0.9344868063926697,0.8261837959289551,0.9025186896324158,0.9421836137771606,0.9228188693523407,1
CGTRNA_RS03445,CGTRNA_RS03450,0,0.37376782298088074,0.11158853024244308,0.2756462097167969,0.24035406112670898,0.26444438099861145,0.1840744912624359,0.3974282443523407,0.36691826581954956,0.346843421459198,0.1238144040107727,0.2684879831969738,0
CGTRNA_RS03450,CGTRNA_RS03455,0,0.543824315071106,0.8768250942230225,0.7088026404380798,0.8319764137268066,0.7849366068840027,0.5691666007041931,0.6440591812133789,0.9066418409347534,0.6518508791923523,0.8093713521957397,0.7327454924583435,1
CGTRNA_RS03455,CGTRNA_RS03460,0,0.28246554732322693,0.05027322843670845,0.27412569522857666,0.3965646028518677,0.17124994099140167,0.2098211646080017,0.38636669516563416,0.045291732996702194,0.15750466287136078,0.2005695402622223,0.21742328107357026,0
CGTRNA_RS03460,CGTRNA_RS03470,0,0.012529795989394188,0.0066282846964895725,0.024118343368172646,0.014096785336732864,0.005770034156739712,0.005962408613413572,0.007103857584297657,0.009919038973748684,0.016494354233145714,0.00787744764238596,0.011050035059452058,0
CGTRNA_RS03470,CGTRNA_RS03475,0,0.757369875907898,0.6741519570350647,0.7651246190071106,0.8377867341041565,0.48410850763320923,0.6606454849243164,0.905005156993866,0.592201292514801,0.7563770413398743,0.7660143375396729,0.7198785006999969,1
CGTRNA_RS03475,CGTRNA_RS03480,1,0.9938384890556335,0.9871500730514526,0.9471357464790344,0.9751625061035156,0.9830036759376526,0.9786964654922485,0.9921891093254089,0.977830171585083,0.97670578956604,0.9071944355964661,0.9718906462192536,1
CGTRNA_RS03480,CGTRNA_RS03485,1,0.9849947690963745,0.9734870791435242,0.938565194606781,0.9723029136657715,0.9851988554000854,0.9719232320785522,0.9914106130599976,0.9758870601654053,0.9727853536605835,0.8956612944602966,0.9662216365337372,1
CGTRNA_RS03485,CGTRNA_RS03500,0,0.023801809176802635,0.002554686041548848,0.0175046194344759,0.015551019459962845,0.012315871194005013,0.02664642594754696,0.0193011574447155,0.03832728788256645,0.02245892584323883,0.01929325796663761,0.01977550603915006,0
CGTRNA_RS03500,CGTRNA_RS03515,0,0.002407185500487685,0.0008924186695367098,0.00217093201354146,0.003814519615843892,0.0010478771291673183,0.0012006943579763174,0.001711899763904512,0.005751388613134623,0.006410892587155104,0.0010900212218984962,0.0026497829472646116,0
CGTRNA_RS03515,CGTRNA_RS03525,0,0.1851288229227066,0.4287145733833313,0.3245798945426941,0.5750442147254944,0.5509930849075317,0.2989167273044586,0.3399103879928589,0.28115350008010864,0.418289452791214,0.23681481182575226,0.36395454704761504,0
CGTRNA_RS03525,CGTRNA_RS03550,0,0.00306695606559515,0.0016945655224844813,0.004900268744677305,0.008570599369704723,0.003882077056914568,0.006976340431720018,0.0033941289875656366,0.06948418915271759,0.04146843031048775,0.010683858767151833,0.015412141440901906,0
CGTRNA_RS03550,CGTRNA_RS03555,1,0.9916923642158508,0.9785037636756897,0.9714345932006836,0.9808144569396973,0.9829455614089966,0.9791130423545837,0.9855482578277588,0.9872803092002869,0.971976637840271,0.9775643348693848,0.9806873321533203,1
CGTRNA_RS03555,CGTRNA_RS03560,1,0.7222214341163635,0.17082522809505463,0.41193780303001404,0.6113524436950684,0.11738612502813339,0.4480624496936798,0.9143677949905396,0.5578793883323669,0.4006654620170593,0.28870102763175964,0.4643399156630039,0
CGTRNA_RS03560,CGTRNA_RS03565,1,0.9772773385047913,0.9865321516990662,0.9660243988037109,0.9883064031600952,0.9754777550697327,0.9783087968826294,0.9649758338928223,0.9777992963790894,0.9763246178627014,0.9824853539466858,0.9773511946201324,1
CGTRNA_RS03565,CGTRNA_RS03570,1,0.7680168151855469,0.8489019274711609,0.7000961303710938,0.8155750632286072,0.7805481553077698,0.661584734916687,0.7328876256942749,0.9262601733207703,0.8003880381584167,0.8431051969528198,0.7877363860607147,1
CGTRNA_RS03570,CGTRNA_RS03575,1,0.8263452053070068,0.823939323425293,0.5730499029159546,0.7463988065719604,0.5532674789428711,0.6552712917327881,0.8998695015907288,0.3515755534172058,0.5519487857818604,0.5377292633056641,0.6519395112991333,1
CGTRNA_RS03575,CGTRNA_RS03580,1,0.9846822619438171,0.983450174331665,0.9338322281837463,0.9751244783401489,0.9817809462547302,0.9735708832740784,0.9923462271690369,0.9609858393669128,0.9694243669509888,0.8678282499313354,0.962302565574646,1
CGTRNA_RS03580,CGTRNA_RS03585,1,0.9277205467224121,0.9713188409805298,0.9624658823013306,0.944061815738678,0.9650505185127258,0.9398823380470276,0.8140470385551453,0.9610982537269592,0.9123963713645935,0.9281086921691895,0.9326150298118592,1
CGTRNA_RS03585,CGTRNA_RS03605,0,0.0017135761445388198,0.0005752937286160886,0.0022105625830590725,0.0018365923315286636,0.00041118034278042614,0.0006099376478232443,0.0022370396181941032,0.0018071401864290237,0.002087515080347657,0.0009792117634788156,0.0014468049426795914,0
CGTRNA_RS03605,CGTRNA_RS03615,0,0.10341979563236237,0.02014295570552349,0.10991790145635605,0.20477336645126343,0.01507592760026455,0.12272131443023682,0.054757628589868546,0.08399935066699982,0.052645791321992874,0.0755804181098938,0.08430344499647617,0
CGTRNA_RS03700,CGTRNA_RS03705,1,0.7428320050239563,0.8183785080909729,0.8548198938369751,0.9210324883460999,0.7693531513214111,0.8745654821395874,0.8570342063903809,0.7788907289505005,0.8588840365409851,0.8092410564422607,0.828503155708313,1
CGTRNA_RS03705,CGTRNA_RS03710,0,0.13199619948863983,0.11463066190481186,0.10061889886856079,0.07894457131624222,0.06036106124520302,0.06074409559369087,0.04672152176499367,0.20184317231178284,0.23919126391410828,0.09030845761299133,0.11253599040210246,0
CGTRNA_RS03710,CGTRNA_RS03720,0,0.06527262181043625,0.0040627531707286835,0.04621110111474991,0.040135424584150314,0.003893792163580656,0.0313875675201416,0.04320504143834114,0.01717507466673851,0.011686893180012703,0.0171916875988245,0.028022195724770427,0
CGTRNA_RS03720,CGTRNA_RS03725,1,0.8025558590888977,0.41804125905036926,0.564350962638855,0.6702606678009033,0.5032472610473633,0.5623160600662231,0.9303958415985107,0.5093767642974854,0.5746791958808899,0.5169761180877686,0.6052199989557266,1
CGTRNA_RS03725,CGTRNA_RS03730,1,0.637519896030426,0.7041748762130737,0.8186684846878052,0.9595180749893188,0.788463830947876,0.8300637602806091,0.9563056826591492,0.793001115322113,0.635628879070282,0.6619607210159302,0.7785305321216583,1
CGTRNA_RS03730,CGTRNA_RS03735,1,0.9779573678970337,0.9768942594528198,0.9375993609428406,0.9712018370628357,0.9799740314483643,0.9757823944091797,0.990149974822998,0.9632214903831482,0.9742235541343689,0.9454224109649658,0.9692426681518554,1
CGTRNA_RS03735,CGTRNA_RS03745,0,0.04716145992279053,0.022407447919249535,0.10399414598941803,0.06828325986862183,0.023119881749153137,0.03039603680372238,0.014490758068859577,0.17166781425476074,0.14973178505897522,0.05432296171784401,0.0685575551353395,0
CGTRNA_RS03745,CGTRNA_RS03750,1,0.8628882169723511,0.6501020789146423,0.7672188878059387,0.6610625982284546,0.8092357516288757,0.7251386046409607,0.7741882801055908,0.5923662781715393,0.7660312056541443,0.7301986813545227,0.733843058347702,1
CGTRNA_RS03750,CGTRNA_RS03755,1,0.984229326248169,0.9820892810821533,0.9388766288757324,0.9783576726913452,0.9797883033752441,0.9775902032852173,0.9916365742683411,0.9657222032546997,0.9652516841888428,0.9372256398200989,0.9700767517089843,1
CGTRNA_RS03755,CGTRNA_RS03760,1,0.7124932408332825,0.7721055150032043,0.6744858622550964,0.6593505144119263,0.3570796549320221,0.5748849511146545,0.8845208287239075,0.8048737645149231,0.7143254280090332,0.46116524934768677,0.6615285009145737,1
CGTRNA_RS03760,CGTRNA_RS03765,1,0.9748667478561401,0.9753144979476929,0.9760913252830505,0.9633411169052124,0.9691401720046997,0.9518972039222717,0.8540453314781189,0.9682995676994324,0.9293428659439087,0.9751318097114563,0.9537470638751984,1
CGTRNA_RS03765,CGTRNA_RS03770,1,0.9864151477813721,0.9837307333946228,0.939789891242981,0.9738237261772156,0.984013557434082,0.9772352576255798,0.9920417666435242,0.966204047203064,0.9749074578285217,0.9036775827407837,0.9681839168071746,1
CGTRNA_RS03770,CGTRNA_RS03775,1,0.7440169453620911,0.6153520941734314,0.5681803822517395,0.5621647238731384,0.9221418499946594,0.6473959684371948,0.33907660841941833,0.899143636226654,0.748959481716156,0.8555055260658264,0.690193721652031,1
CGTRNA_RS03775,CGTRNA_RS03780,1,0.7651306390762329,0.5993635654449463,0.7855797410011292,0.7362567782402039,0.6957820057868958,0.5776243805885315,0.6947880387306213,0.3567838966846466,0.7767225503921509,0.5735262632369995,0.6561557859182358,1
CGTRNA_RS03780,CGTRNA_RS03785,1,0.7358459234237671,0.8775176405906677,0.8443185687065125,0.8672122359275818,0.7150753736495972,0.6513335704803467,0.608776330947876,0.9239609837532043,0.6026409268379211,0.8250340819358826,0.7651715636253357,1
CGTRNA_RS03785,CGTRNA_RS03795,0,0.15958574414253235,0.09499571472406387,0.16469280421733856,0.2006053626537323,0.21252000331878662,0.1334756314754486,0.2983492612838745,0.08976806700229645,0.12765002250671387,0.050200920552015305,0.15318435318768026,0
CGTRNA_RS03795,CGTRNA_RS03800,1,0.9895462989807129,0.987189769744873,0.979945957660675,0.9815708994865417,0.9837062358856201,0.9869928956031799,0.9868625402450562,0.9787598848342896,0.9850331544876099,0.991168737411499,0.9850776374340058,1
CGTRNA_RS03800,CGTRNA_RS03815,0,0.08368854969739914,0.009852316230535507,0.12987671792507172,0.11418081074953079,0.04852335900068283,0.14637184143066406,0.024780897423624992,0.19291922450065613,0.29556429386138916,0.09940571337938309,0.11451637241989374,0
CGTRNA_RS03815,CGTRNA_RS03825,0,0.012398909777402878,0.024434540420770645,0.03114013373851776,0.012858989648520947,0.014023939147591591,0.03673607483506203,0.01692400500178337,0.00944443978369236,0.04692480340600014,0.02255028486251831,0.022743612062186003,0
CGTRNA_RS03825,CGTRNA_RS03830,1,0.9846340417861938,0.9795762896537781,0.9718238115310669,0.9846609234809875,0.9761172533035278,0.9779987931251526,0.9770565629005432,0.983493447303772,0.9652254581451416,0.9722160696983337,0.9772802650928497,1
CGTRNA_RS03830,CGTRNA_RS03840,0,0.0014138361439108849,0.0005165376351214945,0.0036460214760154486,0.0021408398170024157,0.0002851666940841824,0.001719001680612564,0.0025802231393754482,0.009208736009895802,0.002300458261743188,0.002214711392298341,0.002602553225005977,0
CGTRNA_RS03840,CGTRNA_RS03855,0,0.00251801242120564,0.0011728806421160698,0.0010078498162329197,0.0038819534238427877,0.002047664253041148,0.0017650333466008306,0.0021502955351024866,0.000736962363589555,0.0007934338063932955,0.0013564624823629856,0.001743054809048772,0
CGTRNA_RS03855,CGTRNA_RS03860,1,0.97661954164505,0.9724394679069519,0.9661439061164856,0.9887949228286743,0.9743924140930176,0.9603408575057983,0.9708554148674011,0.8916624188423157,0.9742662906646729,0.984868049621582,0.9660383284091949,1
CGTRNA_RS03860,CGTRNA_RS03865,1,0.9611147046089172,0.9835731387138367,0.9729815125465393,0.9892298579216003,0.9795717597007751,0.9679325222969055,0.9168402552604675,0.9780114889144897,0.9028599262237549,0.9182633757591248,0.9570378541946412,1
CGTRNA_RS03865,CGTRNA_RS03870,1,0.9937860369682312,0.986100435256958,0.9883158802986145,0.9922747611999512,0.9927538633346558,0.985808789730072,0.9802829623222351,0.9907817244529724,0.977438747882843,0.9875560998916626,0.9875099301338196,1
CGTRNA_RS03870,CGTRNA_RS03875,1,0.9873837828636169,0.9829232692718506,0.9350532293319702,0.975229799747467,0.9791923761367798,0.9735130667686462,0.991886556148529,0.9578640460968018,0.9724888205528259,0.8632352352142334,0.9618770182132721,1
CGTRNA_RS03875,CGTRNA_RS03880,1,0.9678223729133606,0.9937055706977844,0.9401611089706421,0.9817559123039246,0.9841090440750122,0.9757474660873413,0.9554451704025269,0.9737375974655151,0.9745916724205017,0.9869493246078491,0.9734025239944458,1
CGTRNA_RS03880,CGTRNA_RS03885,1,0.992071807384491,0.9870890378952026,0.9445366263389587,0.9768037796020508,0.9840877056121826,0.9770076870918274,0.9926252365112305,0.9657649993896484,0.9751766920089722,0.9234278798103333,0.9718591451644898,1
CGTRNA_RS03885,CGTRNA_RS03890,1,0.9900298714637756,0.991335928440094,0.9793443083763123,0.9842292070388794,0.9912381172180176,0.9865772128105164,0.9852614402770996,0.9867745041847229,0.9791558384895325,0.9932806491851807,0.9867227077484131,1
CGTRNA_RS03890,CGTRNA_RS03900,0,0.25069659948349,0.12972474098205566,0.18043449521064758,0.25299152731895447,0.10952282696962357,0.1585981249809265,0.17361995577812195,0.3783216178417206,0.10472527891397476,0.15052835643291473,0.188916352391243,0
CGTRNA_RS03900,CGTRNA_RS03910,0,0.01310264877974987,0.0021597454324364662,0.018598085269331932,0.019322387874126434,0.004362901672720909,0.012339487671852112,0.022883977741003036,0.08782355487346649,0.024577546864748,0.021839993074536324,0.022701032925397158,0
CGTRNA_RS03910,CGTRNA_RS03925,0,0.0664689913392067,0.01252106111496687,0.07758472114801407,0.09177343547344208,0.03607112169265747,0.04322244971990585,0.06783417612314224,0.013749315403401852,0.06000709906220436,0.03379897400736809,0.050303134508430956,0
CGTRNA_RS03955,CGTRNA_RS03960,0,0.15654833614826202,0.4290213882923126,0.2708635926246643,0.35019686818122864,0.2955414056777954,0.18819738924503326,0.26548904180526733,0.6675536632537842,0.23538188636302948,0.20568135380744934,0.3064474925398827,0
CGTRNA_RS03960,CGTRNA_RS03965,0,0.9934524893760681,0.990491509437561,0.9561423063278198,0.9775955677032471,0.9866366982460022,0.9784702658653259,0.9932344555854797,0.9831807613372803,0.979228138923645,0.9182930588722229,0.9756725251674652,1
CGTRNA_RS04100,CGTRNA_RS04120,0,0.000723439734429121,0.0006195698515512049,0.0009483248577453196,0.001561759039759636,0.0008183834725059569,0.0020964962895959616,0.002407476305961609,7.457897299900651e-05,0.0006810084450989962,0.0003283992118667811,0.0010259436181513592,0
CGTRNA_RS04120,CGTRNA_RS04130,0,0.001733580487780273,0.0008271490223705769,0.0034396692644804716,0.002472180873155594,0.0005582979065366089,0.001052550389431417,0.001921023242175579,0.006801987532526255,0.0020708523225039244,0.0019386183703318238,0.0022815909411292522,0
CGTRNA_RS04130,CGTRNA_RS04150,0,0.03793315216898918,0.006889148615300655,0.047286760061979294,0.026395149528980255,0.008621780201792717,0.077895887196064,0.010665353387594223,0.184038445353508,0.07745737582445145,0.03394652530550957,0.05111295776441693,0
CGTRNA_RS04150,CGTRNA_RS04155,1,0.9784589409828186,0.9777018427848816,0.960375189781189,0.9789441227912903,0.9798551201820374,0.9473049640655518,0.989089846611023,0.9858793020248413,0.9700260758399963,0.911138653755188,0.9678774058818818,1
CGTRNA_RS04155,CGTRNA_RS04175,0,0.004789942875504494,0.0053491136059165,0.01314856018871069,0.01237793080508709,0.004014996346086264,0.01223230641335249,0.009238304570317268,0.0024499669671058655,0.008422919549047947,0.0055886926129460335,0.007761273393407464,0
CGTRNA_RS04175,CGTRNA_RS04180,1,0.4604034125804901,0.5666515827178955,0.22050899267196655,0.46484774351119995,0.487973690032959,0.3768171966075897,0.588515043258667,0.2546805739402771,0.11113446950912476,0.15547457337379456,0.3687007278203964,0
CGTRNA_RS04180,CGTRNA_RS04190,0,0.0015586646040901542,0.0019984161481261253,0.000928856898099184,0.002458477159962058,0.00043290501344017684,0.0010625923750922084,0.0015741970855742693,0.0005441935500130057,0.002876169979572296,0.0005341363721527159,0.0013968609186122195,0
CGTRNA_RS04190,CGTRNA_RS04195,1,0.9892531037330627,0.9868961572647095,0.9769500494003296,0.9774035215377808,0.9873710870742798,0.9827742576599121,0.9879940748214722,0.9934396147727966,0.970859706401825,0.9870692491531372,0.9840010821819305,1
CGTRNA_RS04195,CGTRNA_RS04200,0,0.660868763923645,0.8035253882408142,0.7061569094657898,0.8646491765975952,0.6979988217353821,0.7372789978981018,0.7788957357406616,0.31095269322395325,0.5485873222351074,0.4393998980522156,0.6548313707113266,1
CGTRNA_RS04200,CGTRNA_RS04210,0,0.0762331560254097,0.04208053648471832,0.18120862543582916,0.0763983204960823,0.030836742371320724,0.05427075922489166,0.7002636790275574,0.051787275820970535,0.08050721138715744,0.09644568711519241,0.13900319933891297,0
CGTRNA_RS04210,CGTRNA_RS04215,0,0.7542020678520203,0.8114581108093262,0.818816602230072,0.964972972869873,0.813897430896759,0.8974761962890625,0.9763064980506897,0.8774645924568176,0.7219914197921753,0.7143186926841736,0.8350904583930969,1
CGTRNA_RS04215,CGTRNA_RS04240,0,0.003306965809315443,0.005349280778318644,0.00497181573882699,0.003984363749623299,0.003768001217395067,0.012630989775061607,0.0035396935418248177,0.008740552701056004,0.0011524898000061512,0.003326444188132882,0.0050770597299560905,0
CGTRNA_RS04240,CGTRNA_RS04265,0,0.08871222287416458,0.07286860048770905,0.10151556134223938,0.10040455311536789,0.05301525443792343,0.029881466180086136,0.030114388093352318,0.12139780819416046,0.13209690153598785,0.072553850710392,0.08025606069713831,0
CGTRNA_RS04265,CGTRNA_RS04270,1,0.9563826322555542,0.9927124381065369,0.9588901996612549,0.9809192419052124,0.9836914539337158,0.9818974137306213,0.9770451784133911,0.9821057915687561,0.9720675945281982,0.9343562126159668,0.9720068156719208,1
CGTRNA_RS04270,CGTRNA_RS04275,0,0.9473283886909485,0.9670993089675903,0.9760056734085083,0.9838469624519348,0.9847041368484497,0.9470025300979614,0.9457228779792786,0.9760422110557556,0.9612306952476501,0.964630663394928,0.9653613448143006,1
CGTRNA_RS04275,CGTRNA_RS04305,0,0.0033721160143613815,0.0013256713282316923,0.004825623240321875,0.0039221919141709805,0.00026813644217327237,0.001783849555067718,0.0017893430776894093,0.006493567954748869,0.004337976220995188,0.0022682391572743654,0.0030386714905034752,0
CGTRNA_RS04305,CGTRNA_RS04330,0,0.002061959356069565,0.0022684584837406874,0.006350609939545393,0.0036346707493066788,0.0010334887774661183,0.0018544112099334598,0.0026640351861715317,0.002705131657421589,0.00697550131008029,0.0013903069775551558,0.0030938573647290466,0
CGTRNA_RS04330,CGTRNA_RS04335,1,0.9711028337478638,0.9748941659927368,0.961758017539978,0.9821469783782959,0.9721546173095703,0.9032914638519287,0.9656800627708435,0.9137883186340332,0.9771446585655212,0.9675413966178894,0.9589502513408661,1
CGTRNA_RS04335,CGTRNA_RS04340,1,0.9906628727912903,0.988390326499939,0.9861836433410645,0.9780197739601135,0.9784138202667236,0.9871090054512024,0.9883501529693604,0.9863953590393066,0.981949508190155,0.9913099408149719,0.9856784403324127,1
CGTRNA_RS04340,CGTRNA_RS04345,0,0.9205495715141296,0.911519467830658,0.8355871438980103,0.9523554444313049,0.9311791658401489,0.9046364426612854,0.9442391395568848,0.9784160256385803,0.9053698182106018,0.9264534711837769,0.9210305690765381,1
CGTRNA_RS04345,CGTRNA_RS04390,0,0.0005042936536483467,0.0005505156004801393,0.0004547106509562582,0.0012955828569829464,0.00024616732844151556,0.0004183353448752314,0.000582395528908819,0.00016113289166241884,0.0008058579405769706,0.00018680395442061126,0.0005205795750953257,0
CGTRNA_RS04390,CGTRNA_RS04395,1,0.9857779145240784,0.9898166060447693,0.9591272473335266,0.9819027781486511,0.9731045961380005,0.9799112677574158,0.9846208691596985,0.9836409091949463,0.9735819697380066,0.9827049970626831,0.9794189155101776,1
CGTRNA_RS04435,CGTRNA_RS04440,1,0.9846630096435547,0.9878653883934021,0.9794511198997498,0.9847899079322815,0.985368013381958,0.9821673631668091,0.9635694622993469,0.9912576079368591,0.9842770099639893,0.9891538023948669,0.9832562685012818,1
CGTRNA_RS04440,CGTRNA_RS04445,1,0.9810043573379517,0.9917212128639221,0.9730367064476013,0.9902327060699463,0.9832393527030945,0.9899129271507263,0.9861928224563599,0.9917804002761841,0.9861189126968384,0.9880537986755371,0.9861293196678161,1
CGTRNA_RS04445,CGTRNA_RS04450,1,0.518245279788971,0.3811330795288086,0.3960340619087219,0.5083178281784058,0.40395188331604004,0.38372179865837097,0.6153197884559631,0.19865284860134125,0.630886435508728,0.3768731355667114,0.4413136139512062,0
CGTRNA_RS04450,CGTRNA_RS04455,1,0.9828841686248779,0.9794083833694458,0.9798365831375122,0.9860948920249939,0.9831594824790955,0.9776384234428406,0.94677734375,0.9839583039283752,0.9757093191146851,0.9688339233398438,0.976430082321167,1
CGTRNA_RS04455,CGTRNA_RS04460,1,0.7424281239509583,0.6723551154136658,0.6007190346717834,0.6905965209007263,0.6493511199951172,0.667517364025116,0.6982985734939575,0.7865772247314453,0.7184253931045532,0.6754623055458069,0.690173077583313,1
CGTRNA_RS04460,CGTRNA_RS04465,1,0.9925944805145264,0.9886913299560547,0.9800236821174622,0.9848224520683289,0.9938947558403015,0.9608135223388672,0.9924037456512451,0.9789136648178101,0.9782539010047913,0.9406404495239258,0.9791051983833313,1
CGTRNA_RS04465,CGTRNA_RS04470,1,0.9215545058250427,0.9176101684570312,0.9425134062767029,0.9768853783607483,0.9610985517501831,0.9223475456237793,0.9671323299407959,0.9008247256278992,0.9415808916091919,0.9166262745857239,0.9368173778057098,1
CGTRNA_RS04470,CGTRNA_RS04480,0,0.06675073504447937,0.05015270411968231,0.10157439857721329,0.1262996941804886,0.027810445055365562,0.09428908675909042,0.06534533202648163,0.08576508611440659,0.03473499417304993,0.054937463253736496,0.07076599393039942,0
CGTRNA_RS04480,CGTRNA_RS04485,1,0.3009824752807617,0.27872076630592346,0.09053727239370346,0.2944816052913666,0.05393270030617714,0.23776370286941528,0.539526104927063,0.505914032459259,0.21008622646331787,0.13539479672908783,0.26473396830260754,0
CGTRNA_RS04485,CGTRNA_RS04490,1,0.9346883893013,0.9778937101364136,0.7543227076530457,0.9558310508728027,0.895371675491333,0.9165881872177124,0.9519007205963135,0.9612442255020142,0.9208875298500061,0.8584266304969788,0.912715482711792,1
CGTRNA_RS04490,CGTRNA_RS04495,1,0.8880022168159485,0.8353065252304077,0.8903471231460571,0.9553747773170471,0.6854590773582458,0.9266498684883118,0.8998910784721375,0.2464446872472763,0.7786567211151123,0.47137516736984253,0.7577507242560386,1
CGTRNA_RS04550,CGTRNA_RS04555,1,0.9881490468978882,0.9679018259048462,0.9670694470405579,0.9767563939094543,0.9569352865219116,0.9532910585403442,0.9917874932289124,0.9660722613334656,0.9755761623382568,0.9232569336891174,0.9666795909404755,1
CGTRNA_RS04595,CGTRNA_RS04600,1,0.781952977180481,0.6888009905815125,0.7643274068832397,0.6574602127075195,0.7571418285369873,0.7547121047973633,0.5885756611824036,0.9006256461143494,0.7200287580490112,0.642745852470398,0.7256371438503265,1
CGTRNA_RS04600,CGTRNA_RS04605,1,0.7509448528289795,0.630102813243866,0.7790130972862244,0.8787167072296143,0.5171172022819519,0.8016551733016968,0.6381621956825256,0.7176308631896973,0.7185550928115845,0.6791083216667175,0.7111006319522858,1
CGTRNA_RS04605,CGTRNA_RS04615,0,0.05954447016119957,0.08536438643932343,0.06837229430675507,0.11402275413274765,0.01896500773727894,0.0594402439892292,0.09687933325767517,0.05153579264879227,0.0267865601927042,0.04603107273578644,0.06269419156014919,0
CGTRNA_RS04615,CGTRNA_RS04620,0,0.8049832582473755,0.5944647192955017,0.5352938771247864,0.7766920328140259,0.49679499864578247,0.6926712393760681,0.9308469295501709,0.7804945707321167,0.6950806379318237,0.5598034858703613,0.6867125749588012,1
CGTRNA_RS04620,CGTRNA_RS04630,0,0.042554471641778946,0.01710551604628563,0.026231560856103897,0.035332705825567245,0.015633899718523026,0.046492788940668106,0.07808177173137665,0.01981613039970398,0.018509572371840477,0.02522638998925686,0.03249848075211048,0
CGTRNA_RS04630,CGTRNA_RS04645,0,0.019998712465167046,0.010606024414300919,0.01727740466594696,0.008725585415959358,0.016938716173171997,0.02620980143547058,0.010416317731142044,0.009077583439648151,0.019813325256109238,0.009615661576390266,0.014867913257330657,0
CGTRNA_RS04645,CGTRNA_RS04650,1,0.9469953179359436,0.5276644825935364,0.8079790472984314,0.8995802998542786,0.83941251039505,0.8639742136001587,0.9335244297981262,0.7610642910003662,0.8475204706192017,0.9338717460632324,0.8361586809158326,1
CGTRNA_RS04650,CGTRNA_RS04660,0,0.11447666585445404,0.1275203973054886,0.1873408555984497,0.2569330930709839,0.13148443400859833,0.05046440660953522,0.048055339604616165,0.03954734653234482,0.12102144211530685,0.13860197365283966,0.12154459543526172,0
CGTRNA_RS04675,CGTRNA_RS04680,0,0.9914727807044983,0.977006733417511,0.9518609642982483,0.9769822955131531,0.9816683530807495,0.973523736000061,0.9910152554512024,0.9893380403518677,0.9814721345901489,0.9428650140762329,0.9757205307483673,1
CGTRNA_RS04720,CGTRNA_RS04745,0,0.0007608939777128398,0.0002866818103939295,0.0023415558971464634,0.0015091613167896867,0.00011263410851825029,0.001377446693368256,0.0016346914926543832,0.003493472933769226,0.0006478105206042528,0.0014054839266464114,0.0013569832677603698,0
CGTRNA_RS04745,CGTRNA_RS04750,1,0.9807928800582886,0.9903290271759033,0.9438655376434326,0.9797871708869934,0.9774264693260193,0.9757371544837952,0.9451427459716797,0.9900546669960022,0.9589351415634155,0.9601045250892639,0.9702175319194793,1
CGTRNA_RS04750,CGTRNA_RS04755,1,0.9844571948051453,0.979028046131134,0.9476698637008667,0.9782005548477173,0.9747347235679626,0.9786006212234497,0.9841564893722534,0.9808021187782288,0.9785603284835815,0.9784884452819824,0.9764698386192322,1
CGTRNA_RS04755,CGTRNA_RS04760,1,0.9875398874282837,0.9936338663101196,0.9749065041542053,0.98234623670578,0.9915708303451538,0.9848036766052246,0.9824743270874023,0.9897072315216064,0.9848015308380127,0.9851318001747131,0.9856915891170501,1
CGTRNA_RS04760,CGTRNA_RS04765,1,0.950180172920227,0.9401505589485168,0.9617535471916199,0.9458323121070862,0.9518216848373413,0.9395006895065308,0.9269179701805115,0.9017669558525085,0.8897094130516052,0.9148306250572205,0.9322463929653168,1
CGTRNA_RS04765,CGTRNA_RS04770,0,0.08380994945764542,0.024525174871087074,0.18410047888755798,0.09263063222169876,0.019269391894340515,0.042300883680582047,0.09859263151884079,0.14246682822704315,0.061596132814884186,0.07754061371088028,0.08268327172845602,0
CGTRNA_RS04810,CGTRNA_RS04825,0,0.021490082144737244,0.040003955364227295,0.06347763538360596,0.03919145092368126,0.011950215324759483,0.03259563073515892,0.013518279418349266,0.013939354568719864,0.023373864591121674,0.02415974996984005,0.0283700218424201,0
CGTRNA_RS04825,CGTRNA_RS04830,1,0.9811922311782837,0.9793248176574707,0.9827802181243896,0.9770036935806274,0.9886239171028137,0.9700279831886292,0.9796685576438904,0.9649195671081543,0.974304735660553,0.9814453125,0.9779291033744812,1
CGTRNA_RS04830,CGTRNA_RS04860,0,0.0009703378891572356,0.0011422265088185668,0.0006434795213863254,0.0017247473588213325,0.00040382109000347555,0.0007819794700480998,0.0024810421746224165,0.00025328772608190775,0.0009275989141315222,0.00030379657982848585,0.0009632317232899368,0
CGTRNA_RS04860,CGTRNA_RS04865,1,0.9808342456817627,0.9819587469100952,0.9825394749641418,0.9915676116943359,0.9798866510391235,0.978443443775177,0.9520967602729797,0.9730505347251892,0.9800754189491272,0.9853945970535278,0.978584748506546,1
CGTRNA_RS04865,CGTRNA_RS04880,0,0.007314706686884165,0.002550706034526229,0.009954195469617844,0.007576212286949158,0.0014261133037507534,0.00495788874104619,0.005911902990192175,0.02863062359392643,0.013201412744820118,0.007817301899194717,0.008934106375090779,0
CGTRNA_RS04915,CGTRNA_RS04920,0,0.962938666343689,0.9791221022605896,0.9689186215400696,0.9927791953086853,0.9698642492294312,0.9822883605957031,0.9727489352226257,0.9697712659835815,0.9757782220840454,0.973131000995636,0.9747340619564057,1
CGTRNA_RS04920,CGTRNA_RS04925,0,0.07047361880540848,0.066194549202919,0.20868971943855286,0.17064137756824493,0.08529883623123169,0.08141811192035675,0.15152810513973236,0.07077356427907944,0.08436699956655502,0.14362367987632751,0.1133008562028408,0
CGTRNA_RS04925,CGTRNA_RS04930,0,0.20085392892360687,0.08828015625476837,0.1552463322877884,0.11850114911794662,0.22645577788352966,0.2923084497451782,0.248863086104393,0.035556573420763016,0.19277958571910858,0.10742028802633286,0.16662653274834155,0
CGTRNA_RS04930,CGTRNA_RS04935,1,0.500195324420929,0.20944760739803314,0.37091901898384094,0.5093052983283997,0.3944418132305145,0.26176950335502625,0.601932168006897,0.21791882812976837,0.6567977666854858,0.21313802897930145,0.3935865357518196,0
CGTRNA_RS04970,CGTRNA_RS04975,1,0.9795681238174438,0.9930987358093262,0.9820237755775452,0.985839307308197,0.9866898655891418,0.9837242960929871,0.9413807988166809,0.9922482371330261,0.9750220775604248,0.9809836745262146,0.9800578892230988,1
CGTRNA_RS04975,CGTRNA_RS04985,0,0.006783631630241871,0.006776795256882906,0.006932578515261412,0.016230683773756027,0.0044312127865850925,0.009147679433226585,0.015762366354465485,0.0011484890710562468,0.010135396383702755,0.00486180791631341,0.008221064112149179,0
CGTRNA_RS04985,CGTRNA_RS04990,0,0.4604390263557434,0.7202532887458801,0.8560655117034912,0.7818325161933899,0.3031904101371765,0.2841186821460724,0.5833256840705872,0.28243932127952576,0.7572943568229675,0.5788662433624268,0.560782504081726,1
CGTRNA_RS04990,CGTRNA_RS04995,1,0.9890081882476807,0.9810409545898438,0.9577733874320984,0.978233814239502,0.9762840270996094,0.9783594608306885,0.9917919635772705,0.9741524457931519,0.9795191884040833,0.9104723930358887,0.9716635823249817,1
CGTRNA_RS04995,CGTRNA_RS05005,0,0.027379553765058517,0.007214643061161041,0.03786313533782959,0.03025900200009346,0.0174726489931345,0.021156737580895424,0.10516655445098877,0.07368327677249908,0.058365050703287125,0.03678019344806671,0.04153407961130142,0
CGTRNA_RS05005,CGTRNA_RS05010,1,0.6475788950920105,0.26205357909202576,0.4763585031032562,0.5626128911972046,0.6613091826438904,0.515535831451416,0.7899471521377563,0.39678409695625305,0.5086930394172668,0.31955525279045105,0.5140428423881531,1
CGTRNA_RS05010,CGTRNA_RS05035,0,0.00963141955435276,0.01108789723366499,0.013381259515881538,0.01241228822618723,0.012724829837679863,0.09828709065914154,0.005691776052117348,0.04247963801026344,0.04361778125166893,0.010639532469213009,0.025995351281017064,0
CGTRNA_RS05035,CGTRNA_RS05040,1,0.9150269627571106,0.7995423674583435,0.7920780181884766,0.8522971868515015,0.7957651615142822,0.7727258205413818,0.9035576581954956,0.587227463722229,0.8274966478347778,0.6581253409385681,0.7903842628002167,1
CGTRNA_RS05040,CGTRNA_RS05050,0,0.0037550856359302998,0.0009383180295117199,0.008811653591692448,0.0031218582298606634,0.001844295533373952,0.004657757934182882,0.005257923621684313,0.05112658813595772,0.015115402638912201,0.01250067725777626,0.010712956060888245,0
CGTRNA_RS05050,CGTRNA_RS05070,0,0.021451571956276894,0.01194929238408804,0.01683533750474453,0.02140628919005394,0.0034827308263629675,0.018795683979988098,0.017122721299529076,0.007655677851289511,0.030403876677155495,0.021526388823986053,0.01706295704934746,0
CGTRNA_RS05070,CGTRNA_RS05075,0,0.9910567402839661,0.9779083132743835,0.9594095945358276,0.973467230796814,0.9806109666824341,0.9724279642105103,0.9896910190582275,0.9935513138771057,0.9792724847793579,0.9194198250770569,0.9736815452575683,1
CGTRNA_RS05075,CGTRNA_RS05080,0,0.9929530620574951,0.9732407331466675,0.9476471543312073,0.9683016538619995,0.9732869267463684,0.971126914024353,0.9900934100151062,0.9896236658096313,0.9807154536247253,0.9061968326568604,0.9693185806274414,1
CGTRNA_RS05080,CGTRNA_RS05085,0,0.6322402954101562,0.8170473575592041,0.6627381443977356,0.7295154333114624,0.8004416823387146,0.6011383533477783,0.8460808396339417,0.4741731882095337,0.7191901206970215,0.6891375780105591,0.6971702992916107,1
CGTRNA_RS05085,CGTRNA_RS05095,0,0.010538469068706036,0.0022742159198969603,0.011238434351980686,0.008316580206155777,0.003446009010076523,0.008321002125740051,0.013393511064350605,0.014523959718644619,0.028391003608703613,0.014603931456804276,0.011504711653105914,0
CGTRNA_RS05095,CGTRNA_RS05120,0,0.013009244576096535,0.009831540286540985,0.005543914623558521,0.008736894465982914,0.002783989068120718,0.016179364174604416,0.007955324836075306,0.00196350971236825,0.006567409262061119,0.006865978240966797,0.007943716924637556,0
CGTRNA_RS05120,CGTRNA_RS05150,0,0.004508292302489281,0.003953014500439167,0.004782103002071381,0.004310492426156998,0.0011884194100275636,0.006593568716198206,0.0021021903958171606,0.002000193577259779,0.007162981666624546,0.0033965366892516613,0.003999779268633574,0
CGTRNA_RS05150,CGTRNA_RS05155,1,0.909216582775116,0.6632899045944214,0.717005729675293,0.8573728203773499,0.6404746174812317,0.7837449312210083,0.933534562587738,0.7166959047317505,0.7651967406272888,0.7509762048721313,0.7737507998943329,1
CGTRNA_RS05155,CGTRNA_RS05160,1,0.9931110143661499,0.9959524273872375,0.986356794834137,0.991823673248291,0.9916902184486389,0.9915884733200073,0.988293468952179,0.9915767312049866,0.9888193607330322,0.992935299873352,0.9912147462368012,1
CGTRNA_RS05160,CGTRNA_RS05165,1,0.9859296083450317,0.9894391894340515,0.9776037931442261,0.9864934682846069,0.9885765314102173,0.9779080748558044,0.9918894171714783,0.9803267121315002,0.972006618976593,0.975074291229248,0.9825247704982758,1
CGTRNA_RS05230,CGTRNA_RS05235,1,0.9712985157966614,0.9811794757843018,0.9721095561981201,0.9797223210334778,0.954391598701477,0.960693359375,0.9247722625732422,0.9246563911437988,0.9674129486083984,0.9744412899017334,0.9610677719116211,1
CGTRNA_RS05235,CGTRNA_RS05240,0,0.9743590354919434,0.9857515096664429,0.974396824836731,0.9889525175094604,0.9846617579460144,0.9779571294784546,0.9179635047912598,0.961104154586792,0.9706200957298279,0.9859955310821533,0.9721762061119079,1
CGTRNA_RS05240,CGTRNA_RS05250,0,0.02830333448946476,0.02707146294414997,0.04417634382843971,0.046115804463624954,0.032175302505493164,0.026238085702061653,0.06843084841966629,0.004091596696525812,0.03100946918129921,0.019720908254384995,0.03273331564851105,0
CGTRNA_RS05250,CGTRNA_RS05255,0,0.7675375938415527,0.8088530898094177,0.8039529919624329,0.8041869401931763,0.7277982831001282,0.5614043474197388,0.5919906497001648,0.9263516068458557,0.6462514996528625,0.7021695375442505,0.734049654006958,1
CGTRNA_RS05255,CGTRNA_RS05260,0,0.765555739402771,0.4884462356567383,0.7781657576560974,0.8091296553611755,0.8117769956588745,0.600500226020813,0.4104492664337158,0.7573075890541077,0.558935821056366,0.656341552734375,0.6636608839035034,1
CGTRNA_RS05260,CGTRNA_RS05265,1,0.9924934506416321,0.9799507856369019,0.9613070487976074,0.9748067855834961,0.9766640663146973,0.9762768149375916,0.9915972948074341,0.969952404499054,0.9802364706993103,0.9139528870582581,0.9717238008975982,1
CGTRNA_RS05315,CGTRNA_RS05325,0,0.07754193991422653,0.021984757855534554,0.09380519390106201,0.06976422667503357,0.010372673161327839,0.12082115560770035,0.03854524344205856,0.030003786087036133,0.066868357360363,0.07105390727519989,0.060076124127954246,0
CGTRNA_RS05355,CGTRNA_RS05380,0,0.00726607209071517,0.001789035857655108,0.003343933029100299,0.00625618314370513,0.0033871985506266356,0.003102558199316263,0.0057213883846998215,0.0019251636695116758,0.002438609953969717,0.0034482760820537806,0.00386784189613536,0
CGTRNA_RS05380,CGTRNA_RS05395,0,0.0035462859086692333,0.0007636568043380976,0.00228235125541687,0.0048067523166537285,0.0005702404887415469,0.002564069116488099,0.0031507068779319525,0.0007699424168094993,0.0019582207314670086,0.0017567797331139445,0.002216900564962998,0
CGTRNA_RS05395,CGTRNA_RS05400,1,0.984854519367218,0.9772888422012329,0.9355471134185791,0.9737648367881775,0.9779704213142395,0.9632253646850586,0.9913579225540161,0.9475707411766052,0.9572543501853943,0.9263178110122681,0.9635151922702789,1
CGTRNA_RS05400,CGTRNA_RS05405,1,0.9857356548309326,0.9814352989196777,0.9448086619377136,0.9760100841522217,0.9763607382774353,0.9698202013969421,0.9905568957328796,0.9532086253166199,0.968099057674408,0.9261821508407593,0.967221736907959,1
CGTRNA_RS05405,CGTRNA_RS05410,1,0.9836987257003784,0.9766658544540405,0.9448279142379761,0.9757614731788635,0.9775377511978149,0.97443687915802,0.9906303286552429,0.963506281375885,0.9598876237869263,0.9340074062347412,0.9680960237979889,1
CGTRNA_RS05410,CGTRNA_RS05415,1,0.9828618764877319,0.9839041829109192,0.9759082794189453,0.9887468218803406,0.9823755025863647,0.9839015007019043,0.9732187986373901,0.9668914079666138,0.9733081459999084,0.983485221862793,0.9794601738452912,1
CGTRNA_RS05415,CGTRNA_RS05420,1,0.9583902955055237,0.969733476638794,0.961177408695221,0.9738546013832092,0.9846334457397461,0.9458647966384888,0.8130684494972229,0.9573231339454651,0.9147244691848755,0.9733170866966248,0.9452087163925171,1
CGTRNA_RS05420,CGTRNA_RS05435,0,0.002297758823260665,0.003340172115713358,0.002288209507241845,0.003873388282954693,0.005484686698764563,0.010762075893580914,0.005848136264830828,0.00032082488178275526,0.00610980112105608,0.0011239293962717056,0.00414489829854574,0
CGTRNA_RS05480,CGTRNA_RS05495,0,0.015054162591695786,0.008294959552586079,0.030362829566001892,0.011384505778551102,0.006174047011882067,0.03216508775949478,0.04713989049196243,0.024500973522663116,0.03626655042171478,0.016358669847249985,0.022770167654380204,0
CGTRNA_RS05495,CGTRNA_RS05500,0,0.8658871054649353,0.9048294425010681,0.8469834327697754,0.9192166924476624,0.8245932459831238,0.829176664352417,0.7949549555778503,0.9263942241668701,0.8439300656318665,0.8411054015159607,0.8597071230411529,1
CGTRNA_RS05500,CGTRNA_RS05505,1,0.9807729721069336,0.9716336131095886,0.9427735209465027,0.9747507572174072,0.9704800248146057,0.9669788479804993,0.9900345802307129,0.9635979533195496,0.9660264253616333,0.8869754076004028,0.9614024102687836,1
CGTRNA_RS05505,CGTRNA_RS05510,1,0.9912787675857544,0.9945089817047119,0.9753189086914062,0.9848214983940125,0.9910526275634766,0.9896458387374878,0.987110435962677,0.9889547228813171,0.9909398555755615,0.9898876547813416,0.9883519291877747,1
CGTRNA_RS05510,CGTRNA_RS05515,1,0.6644609570503235,0.2890538275241852,0.4189453423023224,0.6317857503890991,0.4842277467250824,0.4334624409675598,0.7298581004142761,0.15347740054130554,0.6812847852706909,0.25153467059135437,0.47380910217761996,0
CGTRNA_RS05515,CGTRNA_RS05520,1,0.9906882643699646,0.9851266145706177,0.9858484864234924,0.9889624118804932,0.9823184609413147,0.9859587550163269,0.9780091643333435,0.980556070804596,0.9727863669395447,0.9855267405509949,0.9835781335830689,1
CGTRNA_RS05520,CGTRNA_RS05525,1,0.7504770159721375,0.829142689704895,0.7822981476783752,0.7977871894836426,0.8081443905830383,0.7338358759880066,0.6918140053749084,0.7365806102752686,0.6990995407104492,0.6719449758529663,0.7501124441623688,1
CGTRNA_RS05525,CGTRNA_RS05530,0,0.5565884113311768,0.6714840531349182,0.7101119756698608,0.6779093146324158,0.6015956401824951,0.4984823763370514,0.4081290364265442,0.46151894330978394,0.5119829177856445,0.5227555632591248,0.5620558232069015,1
CGTRNA_RS05530,CGTRNA_RS05550,0,0.018017582595348358,0.006597961764782667,0.02715817280113697,0.016899941489100456,0.004066345281898975,0.007115854416042566,0.006509426515549421,0.02292230725288391,0.02723565511405468,0.019650867208838463,0.015617411443963647,0
CGTRNA_RS05550,CGTRNA_RS05555,1,0.45622682571411133,0.5261549949645996,0.5622807741165161,0.8708798289299011,0.298979789018631,0.6030942797660828,0.8772330284118652,0.5886508822441101,0.36840900778770447,0.4282468855381012,0.5580156296491623,1
CGTRNA_RS05555,CGTRNA_RS05560,1,0.9475100040435791,0.9548872113227844,0.9673234820365906,0.9885432720184326,0.9635888934135437,0.9661322832107544,0.9783638715744019,0.959707498550415,0.9666481614112854,0.9745503067970276,0.9667254984378815,1
CGTRNA_RS05560,CGTRNA_RS05565,1,0.9565950036048889,0.9870870113372803,0.9721434116363525,0.9921188950538635,0.9880205392837524,0.9588714241981506,0.9726344347000122,0.9657511711120605,0.9599101543426514,0.9747421145439148,0.9727874159812927,1
CGTRNA_RS05565,CGTRNA_RS05570,1,0.7057422995567322,0.784123957157135,0.8248392343521118,0.8669304251670837,0.8520964980125427,0.7990477085113525,0.8744186162948608,0.9081867337226868,0.8620409369468689,0.8300023078918457,0.830742871761322,1
CGTRNA_RS05570,CGTRNA_RS05575,1,0.9231600761413574,0.8954405784606934,0.6410226225852966,0.767446756362915,0.8287850022315979,0.7609957456588745,0.9019715189933777,0.41176512837409973,0.48650258779525757,0.6755380630493164,0.7292628079652786,1
CGTRNA_RS05575,CGTRNA_RS05580,1,0.9805982708930969,0.9581748843193054,0.9564988613128662,0.9815980195999146,0.9654011130332947,0.9525636434555054,0.9670388102531433,0.9115123152732849,0.965406596660614,0.968185544013977,0.9606978058815002,1
CGTRNA_RS05580,CGTRNA_RS05595,0,0.01352240052074194,0.0015378425596281886,0.01594112068414688,0.006970311049371958,0.002459801733493805,0.006623564288020134,0.026857485994696617,0.005214853677898645,0.015260354615747929,0.017037425190210342,0.011142516031395645,0
CGTRNA_RS05595,CGTRNA_RS05605,0,0.09594991058111191,0.029492082074284554,0.09921030700206757,0.05977008119225502,0.12845109403133392,0.11639562994241714,0.12125630676746368,0.04260384291410446,0.10314091295003891,0.03552387282252312,0.08317940402776003,0
CGTRNA_RS05605,CGTRNA_RS05610,1,0.8740746378898621,0.8229934573173523,0.7399258613586426,0.8528273105621338,0.8506283164024353,0.797745943069458,0.7789978981018066,0.3856964111328125,0.7826966643333435,0.7066063284873962,0.7592192828655243,1
CGTRNA_RS05610,CGTRNA_RS05615,1,0.9371298551559448,0.9770216345787048,0.96197509765625,0.9623027443885803,0.9701713919639587,0.9490426778793335,0.8036293983459473,0.9599080681800842,0.9012256860733032,0.9256572127342224,0.9348063766956329,1
CGTRNA_RS05615,CGTRNA_RS05635,0,0.003054322674870491,0.0009093861444853246,0.004420004319399595,0.002506804186850786,0.00018864794401451945,0.008415468037128448,0.0025416333228349686,0.03384151682257652,0.0024669840931892395,0.0021264823153615,0.00604712498607114,0
CGTRNA_RS05635,CGTRNA_RS05640,1,0.9904974102973938,0.9901301264762878,0.975526750087738,0.9921846389770508,0.9852976202964783,0.9926732778549194,0.9905401468276978,0.9873239994049072,0.9872655868530273,0.9906169772148132,0.9882056534290313,1
CGTRNA_RS05640,CGTRNA_RS05670,0,0.000704118749126792,0.0005193915567360818,0.0010814082343131304,0.0013649369357153773,5.600907024927437e-05,0.0005783223896287382,0.0006194046582095325,0.0018700743094086647,0.0008852884056977928,0.0006089293747209013,0.0008287883683806285,0
CGTRNA_RS05670,CGTRNA_RS05675,1,0.9719588160514832,0.9705074429512024,0.957133948802948,0.9817696213722229,0.9639052152633667,0.9611880779266357,0.9865403771400452,0.9652244448661804,0.9396609663963318,0.9550864696502686,0.9652975380420685,1
CGTRNA_RS05675,CGTRNA_RS05680,1,0.6936782598495483,0.6160114407539368,0.5804809927940369,0.5785377025604248,0.7149311900138855,0.4734419584274292,0.709422767162323,0.4973367750644684,0.7995933294296265,0.5834091305732727,0.6246843546628952,1
CGTRNA_RS05680,CGTRNA_RS05690,0,0.10093178600072861,0.1868961751461029,0.31758084893226624,0.12016244977712631,0.1738683432340622,0.17440146207809448,0.11022572964429855,0.16986258327960968,0.2584214210510254,0.17179347574710846,0.1784144274890423,0
CGTRNA_RS05690,CGTRNA_RS05695,1,0.9542011022567749,0.9356473088264465,0.9441395998001099,0.9366183280944824,0.9806274175643921,0.9372345805168152,0.9044509530067444,0.9072137475013733,0.9223851561546326,0.946382462978363,0.9368900656700134,1
CGTRNA_RS05715,CGTRNA_RS05720,1,0.8362607359886169,0.7753157615661621,0.7322424650192261,0.8262816071510315,0.7657665014266968,0.8002764582633972,0.8710832595825195,0.9543554186820984,0.681330680847168,0.7153040766716003,0.7958216965198517,1
CGTRNA_RS05720,CGTRNA_RS05725,1,0.8696036338806152,0.8523678183555603,0.8839433193206787,0.9834213852882385,0.8755069971084595,0.8642370104789734,0.7792037129402161,0.9532425403594971,0.8229827880859375,0.8435012102127075,0.8728010416030884,1
CGTRNA_RS05725,CGTRNA_RS05735,0,0.257600337266922,0.03678952157497406,0.23323506116867065,0.20970851182937622,0.06784891337156296,0.044658344238996506,0.07175446301698685,0.2369273602962494,0.14410002529621124,0.18584637343883514,0.1488468911498785,0
CGTRNA_RS05735,CGTRNA_RS05770,0,0.007363354787230492,0.0034444306511431932,0.013630397617816925,0.007232723291963339,0.001708309049718082,0.010082543827593327,0.0022027683444321156,0.04979049786925316,0.029913973063230515,0.018127335235476494,0.014349633373785763,0
CGTRNA_RS05770,CGTRNA_RS05780,0,0.020769694820046425,0.04473469778895378,0.02243061363697052,0.02441522851586342,0.04577231779694557,0.04483808949589729,0.03235353156924248,0.010560205206274986,0.03124060109257698,0.016393156722187996,0.029350813664495944,0
CGTRNA_RS05780,CGTRNA_RS05790,0,0.054239965975284576,0.1403518170118332,0.1355479210615158,0.09633238613605499,0.1903703808784485,0.08348649740219116,0.04748496413230896,0.1583712100982666,0.23570404946804047,0.12483295798301697,0.1266722150146961,0
CGTRNA_RS05790,CGTRNA_RS05795,1,0.9892604947090149,0.9748585224151611,0.9762883186340332,0.9822865128517151,0.9835380911827087,0.9765903353691101,0.9494130611419678,0.9853103160858154,0.9645006060600281,0.9787766933441162,0.9760822951793671,1
CGTRNA_RS05795,CGTRNA_RS05800,1,0.9899161458015442,0.989662230014801,0.9814282655715942,0.9783788919448853,0.9862253069877625,0.9849898219108582,0.9796833992004395,0.9878173470497131,0.9806810021400452,0.9897629022598267,0.9848545312881469,1
CGTRNA_RS05800,CGTRNA_RS05820,0,0.010064946487545967,0.005967154633253813,0.011887902393937111,0.012137161567807198,0.0054244790226221085,0.008805795572698116,0.013502256944775581,0.07798703014850616,0.026280568912625313,0.014801030978560448,0.018685832666233183,0
CGTRNA_RS05820,CGTRNA_RS05825,1,0.9725958108901978,0.9732805490493774,0.9388546943664551,0.9826253652572632,0.956989049911499,0.9755920767784119,0.9900943636894226,0.9669802188873291,0.9370477795600891,0.9440609216690063,0.9638120830059052,1
CGTRNA_RS05825,CGTRNA_RS05830,1,0.9901620149612427,0.9913192987442017,0.9823532700538635,0.9923606514930725,0.9883328080177307,0.9888021349906921,0.9839490056037903,0.9813732504844666,0.9839404821395874,0.9867174029350281,0.9869310319423675,1
CGTRNA_RS05830,CGTRNA_RS05835,1,0.976000189781189,0.9854815006256104,0.9780285358428955,0.9888861775398254,0.9840827584266663,0.9760452508926392,0.967522382736206,0.9718225598335266,0.9777557849884033,0.9770030379295349,0.9782628178596496,1
CGTRNA_RS05835,CGTRNA_RS05855,0,0.005299825686961412,0.0009334072819910944,0.003948207478970289,0.0036140689626336098,0.0009346321457996964,0.0033187572844326496,0.008734780363738537,0.004337184131145477,0.006943495478481054,0.0019572684541344643,0.004002162726828828,0
CGTRNA_RS05855,CGTRNA_RS05860,1,0.9558194279670715,0.9283505082130432,0.8682565093040466,0.9144387245178223,0.9056383967399597,0.9323670268058777,0.8536403179168701,0.474852055311203,0.8183907270431519,0.9244475960731506,0.8576201289892197,1
CGTRNA_RS05860,CGTRNA_RS05870,0,0.010439665988087654,0.006195832509547472,0.022098418325185776,0.009757215157151222,0.0019308847840875387,0.028665095567703247,0.006616370286792517,0.027618953958153725,0.032142363488674164,0.0075005353428423405,0.015296533540822565,0
CGTRNA_RS05870,CGTRNA_RS05875,1,0.7986821532249451,0.8065547347068787,0.7340583801269531,0.6900270581245422,0.8590255975723267,0.722699761390686,0.4523259699344635,0.731826901435852,0.7139256000518799,0.7006307244300842,0.7209756880998611,1
CGTRNA_RS05875,CGTRNA_RS05880,0,0.7634974718093872,0.662507951259613,0.6107591986656189,0.8203503489494324,0.7558647394180298,0.6993808150291443,0.4726361632347107,0.29773518443107605,0.6376616358757019,0.685916543006897,0.6406310051679611,1
CGTRNA_RS05880,CGTRNA_RS05885,0,0.5750586986541748,0.6259535551071167,0.545885443687439,0.6769166588783264,0.3481118977069855,0.5007337331771851,0.8999691605567932,0.3809219002723694,0.5815615653991699,0.5798105001449585,0.5714923113584518,1
CGTRNA_RS05885,CGTRNA_RS05900,0,0.0052125100046396255,0.002022904111072421,0.011028491891920567,0.006132907699793577,0.0016942661022767425,0.0032266683410853148,0.002853888086974621,0.012517590075731277,0.012802107259631157,0.006648823618888855,0.006414015719201416,0
CGTRNA_RS05900,CGTRNA_RS05905,1,0.9911606907844543,0.9899956583976746,0.973250687122345,0.9783750772476196,0.9868456721305847,0.9845503568649292,0.9867715835571289,0.9871858358383179,0.9764149785041809,0.9875504970550537,0.9842101037502289,1
CGTRNA_RS05905,CGTRNA_RS05920,0,0.05540154501795769,0.019997503608465195,0.04138076677918434,0.04260462149977684,0.01373757142573595,0.08058331906795502,0.07955166697502136,0.007866927422583103,0.03306933492422104,0.030045395717024803,0.04042386524379253,0
CGTRNA_RS05920,CGTRNA_RS05925,1,0.9804103374481201,0.9825586080551147,0.9525982141494751,0.9816634654998779,0.9685845375061035,0.9823563098907471,0.9812475442886353,0.9589900970458984,0.9548212885856628,0.9724559187889099,0.9715686321258545,1
CGTRNA_RS05925,CGTRNA_RS05960,0,0.003647750476375222,0.0013359033036977053,0.0024145941715687513,0.0038184840232133865,0.0006953511037863791,0.0024419925175607204,0.0011019858065992594,0.002117831725627184,0.011981266550719738,0.004141096491366625,0.003369625617051497,0
CGTRNA_RS05960,CGTRNA_RS06000,0,0.0012066230410709977,0.0005636675632558763,0.0015121159376576543,0.00331707950681448,0.0002881791442632675,0.0013064215891063213,0.0012003439478576183,0.00032591738272458315,0.001233650022186339,0.001350363134406507,0.0012304361269343644,0
CGTRNA_RS06000,CGTRNA_RS06005,1,0.9882816672325134,0.9795526266098022,0.9600850939750671,0.9760770201683044,0.979426383972168,0.975808322429657,0.9910913705825806,0.9695218205451965,0.963668704032898,0.9499435424804688,0.9733456552028656,1
CGTRNA_RS06005,CGTRNA_RS06010,1,0.9942975640296936,0.9950515627861023,0.9881545901298523,0.9943358302116394,0.991322934627533,0.9943630695343018,0.9924833178520203,0.9922348856925964,0.9859135150909424,0.9868156909942627,0.9914972960948945,1
CGTRNA_RS06010,CGTRNA_RS06015,1,0.9741324782371521,0.9813635349273682,0.952704131603241,0.9754449129104614,0.9674963355064392,0.9622832536697388,0.9601294994354248,0.8205817937850952,0.9632596969604492,0.9620429873466492,0.951943862438202,1
CGTRNA_RS06015,CGTRNA_RS06020,1,0.9937651753425598,0.9869853258132935,0.9868417978286743,0.9907005429267883,0.9943754076957703,0.992294430732727,0.9890601634979248,0.9902501702308655,0.9783597588539124,0.9914841651916504,0.9894116938114166,1
CGTRNA_RS06020,CGTRNA_RS06025,1,0.6121182441711426,0.5974953770637512,0.5825477838516235,0.6885699033737183,0.5624483227729797,0.5892823934555054,0.7049716711044312,0.8129210472106934,0.5416086316108704,0.6106792092323303,0.6302642583847046,1
CGTRNA_RS06025,CGTRNA_RS06035,0,0.013128953985869884,0.007855234667658806,0.0316268615424633,0.030676353722810745,0.005069366656243801,0.013452508486807346,0.018230075016617775,0.0061587980017066,0.027207855135202408,0.006110568530857563,0.015951657574623822,0
CGTRNA_RS06035,CGTRNA_RS06040,1,0.7542498111724854,0.953482985496521,0.8678632974624634,0.8899524807929993,0.7466375231742859,0.7733142375946045,0.5905123353004456,0.884380042552948,0.8947819471359253,0.8675001263618469,0.8222674787044525,1
CGTRNA_RS06040,CGTRNA_RS06045,1,0.9903947114944458,0.9796605110168457,0.9695990681648254,0.9863930344581604,0.9815968871116638,0.9864515662193298,0.9777663946151733,0.9702487587928772,0.9728290438652039,0.9814853668212891,0.9796425342559815,1
CGTRNA_RS06045,CGTRNA_RS06050,1,0.9962961077690125,0.9957410097122192,0.9884535670280457,0.9908687472343445,0.9956897497177124,0.9941681027412415,0.987841010093689,0.9945588707923889,0.9882350564002991,0.9950888156890869,0.992694103717804,1
CGTRNA_RS06050,CGTRNA_RS06055,1,0.9874612092971802,0.9742381572723389,0.963147759437561,0.972249448299408,0.9725626707077026,0.9799727201461792,0.973479151725769,0.987116813659668,0.9642544388771057,0.9795035719871521,0.9753985941410065,1
CGTRNA_RS06055,CGTRNA_RS06060,1,0.9475993514060974,0.8973613381385803,0.871267557144165,0.9570475220680237,0.9308842420578003,0.9119752645492554,0.9805346727371216,0.8915526866912842,0.8289766311645508,0.9522294402122498,0.9169428706169128,1
CGTRNA_RS06060,CGTRNA_RS06065,1,0.9908568263053894,0.9927058219909668,0.976444661617279,0.9795509576797485,0.9877302050590515,0.9829152822494507,0.9825037717819214,0.9903327226638794,0.9776448607444763,0.9818331003189087,0.9842518210411072,1
CGTRNA_RS06065,CGTRNA_RS06070,1,0.9856886267662048,0.9889394044876099,0.9669332504272461,0.9854863286018372,0.9802135825157166,0.986916184425354,0.9765049815177917,0.9917808771133423,0.970329761505127,0.9834101796150208,0.981620317697525,1
CGTRNA_RS06070,CGTRNA_RS06075,0,0.2550159990787506,0.15428726375102997,0.2506308853626251,0.18683184683322906,0.34790855646133423,0.25298386812210083,0.21074405312538147,0.21007917821407318,0.15837371349334717,0.13970395922660828,0.216655932366848,0
CGTRNA_RS06075,CGTRNA_RS06080,1,0.9608350992202759,0.9694435596466064,0.9690144658088684,0.9810787439346313,0.9709116816520691,0.9553974270820618,0.914097249507904,0.9801731109619141,0.9459492564201355,0.9476721286773682,0.9594572722911835,1
CGTRNA_RS06095,CGTRNA_RS06100,1,0.9430457949638367,0.6302595734596252,0.8330814242362976,0.8425611257553101,0.913577675819397,0.7624256610870361,0.919750988483429,0.3784799873828888,0.8068768978118896,0.8732404708862305,0.790329959988594,1
CGTRNA_RS06100,CGTRNA_RS06105,0,0.61513751745224,0.5481035709381104,0.7715569734573364,0.7788407802581787,0.5752569437026978,0.7608950734138489,0.44543179869651794,0.5713019967079163,0.5519021153450012,0.5365250110626221,0.615495178103447,1
CGTRNA_RS06105,CGTRNA_RS06110,0,0.9554917812347412,0.9770819544792175,0.9453410506248474,0.9882023930549622,0.9578137993812561,0.9486770629882812,0.970810055732727,0.9834735989570618,0.9712427854537964,0.9468877911567688,0.9645022273063659,1
CGTRNA_RS06120,CGTRNA_RS06135,0,0.012838896363973618,0.0020297765731811523,0.027517175301909447,0.026360822841525078,0.009189038537442684,0.013073872774839401,0.005600755102932453,0.08710287511348724,0.1042025089263916,0.03900254890322685,0.03269182704389095,0
CGTRNA_RS06135,CGTRNA_RS06140,0,0.17421504855155945,0.17322783172130585,0.193169504404068,0.2309017777442932,0.05512988567352295,0.22110329568386078,0.11981185525655746,0.3556717038154602,0.1361069530248642,0.09596654027700424,0.17553043961524964,0
CGTRNA_RS06140,CGTRNA_RS06145,1,0.971347987651825,0.8648626804351807,0.9692704677581787,0.9723227620124817,0.9746485948562622,0.9310266971588135,0.9645363688468933,0.9794421195983887,0.9373075366020203,0.9172773361206055,0.9482042551040649,1
CGTRNA_RS06145,CGTRNA_RS06150,1,0.6499647498130798,0.24975988268852234,0.4785292446613312,0.5354579091072083,0.4409126937389374,0.44202300906181335,0.6732761263847351,0.24688675999641418,0.37274840474128723,0.2217589169740677,0.43113176971673967,0
CGTRNA_RS06150,CGTRNA_RS06155,1,0.9545964598655701,0.9266045093536377,0.9501398801803589,0.9745943546295166,0.9225146174430847,0.9498538970947266,0.9213719367980957,0.9869225025177002,0.928631603717804,0.9316497445106506,0.9446879506111145,1
CGTRNA_RS06155,CGTRNA_RS06160,1,0.9851792454719543,0.9782252907752991,0.9613111615180969,0.9780360460281372,0.9775558710098267,0.9777895212173462,0.9762064218521118,0.9859511256217957,0.9529802203178406,0.973946750164032,0.974718165397644,1
CGTRNA_RS06160,CGTRNA_RS06180,0,0.005785479675978422,0.003191534895449877,0.007318987511098385,0.007020598743110895,0.004847323521971703,0.004578514955937862,0.005634828936308622,0.005254550836980343,0.008051469922065735,0.00823503453284502,0.005991832353174686,0
CGTRNA_RS06180,CGTRNA_RS06195,0,0.008098658174276352,0.0016726625617593527,0.009116414934396744,0.005971191916614771,0.0013948200503364205,0.011593584902584553,0.004125451203435659,0.01761103793978691,0.015012462623417377,0.011242895387113094,0.008583917969372124,0
CGTRNA_RS06195,CGTRNA_RS06200,0,0.4388441741466522,0.3456040024757385,0.4218919575214386,0.43628326058387756,0.2915200889110565,0.27943575382232666,0.5270280241966248,0.2596452534198761,0.5382876396179199,0.30616527795791626,0.3844705432653427,0
CGTRNA_RS06200,CGTRNA_RS06205,1,0.9806615710258484,0.9895983338356018,0.9728854298591614,0.9845852255821228,0.9848708510398865,0.984229326248169,0.9830223321914673,0.9888357520103455,0.9723387360572815,0.9817008972167969,0.982272845506668,1
CGTRNA_RS06205,CGTRNA_RS06220,0,0.023857811465859413,0.024253129959106445,0.05230363830924034,0.038012225180864334,0.004794108681380749,0.0783579871058464,0.04003247991204262,0.15877334773540497,0.018148595467209816,0.02786443755030632,0.04663977613672614,0
CGTRNA_RS06220,CGTRNA_RS06230,0,0.040730759501457214,0.010163037106394768,0.03529428318142891,0.02324969694018364,0.008400313556194305,0.023217538371682167,0.13780032098293304,0.06406223028898239,0.02481372468173504,0.03420013561844826,0.040193204022943976,0
CGTRNA_RS06230,CGTRNA_RS06235,1,0.9928976893424988,0.9870297312736511,0.9766498804092407,0.9803450703620911,0.9822003841400146,0.9854138493537903,0.9846287369728088,0.9890407919883728,0.9815363883972168,0.9884020686149597,0.9848144590854645,1
CGTRNA_RS06235,CGTRNA_RS06240,0,0.18694649636745453,0.5380508303642273,0.434053510427475,0.6419097781181335,0.26185542345046997,0.4756897985935211,0.677606999874115,0.08658301085233688,0.10448988527059555,0.14244677126407623,0.3549632504582405,0
CGTRNA_RS06240,CGTRNA_RS06250,0,0.04188684746623039,0.01096373237669468,0.14239881932735443,0.09104426950216293,0.014438098296523094,0.08981039375066757,0.1240328997373581,0.17375218868255615,0.015090136788785458,0.04932820051908493,0.07527455864474178,0
CGTRNA_RS06280,CGTRNA_RS06285,0,0.22732426226139069,0.16455654799938202,0.28244447708129883,0.3282536268234253,0.347599059343338,0.114361472427845,0.1345224678516388,0.1760779321193695,0.1514844000339508,0.2847048044204712,0.22113290503621102,0
CGTRNA_RS06285,CGTRNA_RS06290,1,0.9762089848518372,0.9770503044128418,0.9268076419830322,0.9594258666038513,0.9739189147949219,0.9700105786323547,0.9153303503990173,0.8929129242897034,0.9280873537063599,0.9714823365211487,0.9491235256195069,1
CGTRNA_RS06290,CGTRNA_RS06295,0,0.23274224996566772,0.14982415735721588,0.44300898909568787,0.36913174390792847,0.2617484927177429,0.22941632568836212,0.5275317430496216,0.20952220261096954,0.3818727433681488,0.2597709894180298,0.30645696371793746,0
CGTRNA_RS06295,CGTRNA_RS06300,0,0.3301456868648529,0.41871076822280884,0.5182760953903198,0.6888570785522461,0.6798726320266724,0.4153313636779785,0.39385515451431274,0.5271092653274536,0.5270286202430725,0.27870580554008484,0.47778924703598025,0
CGTRNA_RS06300,CGTRNA_RS06305,0,0.6137279272079468,0.391708642244339,0.7087939381599426,0.6596294641494751,0.6485816836357117,0.6225271821022034,0.6349442601203918,0.4031883180141449,0.6533755660057068,0.4190078377723694,0.5755484819412231,1
CGTRNA_RS06305,CGTRNA_RS06315,0,0.14458228647708893,0.08697362244129181,0.19589149951934814,0.2657371163368225,0.06109689176082611,0.13747639954090118,0.17810289561748505,0.03662387654185295,0.05967896804213524,0.10578938573598862,0.12719529420137404,0
CGTRNA_RS06315,CGTRNA_RS06325,0,0.01572553440928459,0.009514554403722286,0.035297494381666183,0.010056374594569206,0.008266236633062363,0.0527675487101078,0.0331876315176487,0.15679699182510376,0.0407363697886467,0.026477089151740074,0.03888258254155517,0
CGTRNA_RS06325,CGTRNA_RS06330,0,0.4515126645565033,0.2897607684135437,0.49909958243370056,0.6168962121009827,0.4101673662662506,0.2978837192058563,0.811088502407074,0.5663508772850037,0.5524314641952515,0.37232014536857605,0.4867511302232742,0
CGTRNA_RS06355,CGTRNA_RS06360,1,0.6275995373725891,0.2355618178844452,0.41718390583992004,0.5374776124954224,0.616538405418396,0.46126776933670044,0.6082491278648376,0.14521776139736176,0.5005123615264893,0.22884222865104675,0.4378450527787209,0
CGTRNA_RS06385,CGTRNA_RS06390,0,0.9764480590820312,0.991304874420166,0.9766251444816589,0.995634913444519,0.9813275337219238,0.9702706336975098,0.9927011132240295,0.9905356764793396,0.9817686676979065,0.9344032406806946,0.9791019856929779,1
CGTRNA_RS06390,CGTRNA_RS06395,1,0.3757759630680084,0.45717400312423706,0.6744166016578674,0.6798629760742188,0.41003650426864624,0.49547481536865234,0.528917133808136,0.4067532420158386,0.5709108114242554,0.4651232659816742,0.5064445316791535,1
CGTRNA_RS06395,CGTRNA_RS06400,1,0.4531296491622925,0.19417370855808258,0.33462923765182495,0.4839805066585541,0.2805199921131134,0.2342294603586197,0.7337679862976074,0.5272469520568848,0.38871246576309204,0.1885731816291809,0.38189631402492524,0
CGTRNA_RS06400,CGTRNA_RS06405,1,0.977897584438324,0.9815434217453003,0.9664615392684937,0.9751081466674805,0.9752487540245056,0.9763076305389404,0.9629075527191162,0.982062578201294,0.9724234938621521,0.9671666622161865,0.9737127363681793,1
CGTRNA_RS06405,CGTRNA_RS06410,1,0.983769416809082,0.9877974390983582,0.9703022241592407,0.986933708190918,0.9837444424629211,0.9780257344245911,0.873090386390686,0.981329619884491,0.9731609225273132,0.9771876335144043,0.9695341527462006,1
CGTRNA_RS06410,CGTRNA_RS06415,0,0.07139061391353607,0.0747254490852356,0.1131795197725296,0.13549312949180603,0.08694954961538315,0.0875842422246933,0.09107528626918793,0.0415990985929966,0.11949458718299866,0.11030945926904678,0.09318009354174137,0
CGTRNA_RS06415,CGTRNA_RS06420,0,0.6677360534667969,0.739638090133667,0.6901541948318481,0.8595468401908875,0.645142674446106,0.7089916467666626,0.7667718529701233,0.3826918601989746,0.5823562741279602,0.3618541359901428,0.6404883623123169,1
CGTRNA_RS06420,CGTRNA_RS06425,1,0.8694322109222412,0.9218870997428894,0.9006040692329407,0.9365094900131226,0.8135077357292175,0.8396157622337341,0.9312115907669067,0.760417103767395,0.9389063119888306,0.9076012372970581,0.8819692611694336,1
CGTRNA_RS06425,CGTRNA_RS06435,0,0.05092104151844978,0.007833135314285755,0.08052871376276016,0.04549622908234596,0.014264719560742378,0.06249072775244713,0.1691470742225647,0.047532081604003906,0.03307272493839264,0.053475696593523026,0.056476214434951544,0
CGTRNA_RS06435,CGTRNA_RS06440,1,0.9707014560699463,0.9877533912658691,0.9628898501396179,0.9876712560653687,0.9775628447532654,0.9606484770774841,0.986346960067749,0.9870843291282654,0.9820115566253662,0.9480435848236084,0.975071370601654,1
CGTRNA_RS06440,CGTRNA_RS06445,1,0.6443418860435486,0.7506996393203735,0.6213042736053467,0.6327304840087891,0.4605448842048645,0.3985597491264343,0.8584380149841309,0.6081704497337341,0.604742169380188,0.4056360423564911,0.59851675927639,1
CGTRNA_RS06445,CGTRNA_RS06450,1,0.9877450466156006,0.9893185496330261,0.9802862405776978,0.9937927722930908,0.9857078790664673,0.9888249039649963,0.9859834313392639,0.9896678924560547,0.9899179935455322,0.9821036458015442,0.9873348355293274,1
CGTRNA_RS06450,CGTRNA_RS06460,0,0.05019715055823326,0.07879078388214111,0.033084116876125336,0.040707752108573914,0.04294954985380173,0.11049246788024902,0.052035849541425705,0.0771695151925087,0.05969622731208801,0.02654268965125084,0.05716661028563976,0
CGTRNA_RS06520,CGTRNA_RS06525,1,0.9882291555404663,0.986630380153656,0.9667490720748901,0.9854153394699097,0.9866037964820862,0.9738151431083679,0.9762410521507263,0.9843695759773254,0.965879499912262,0.9578968286514282,0.9771829843521118,1
CGTRNA_RS06565,CGTRNA_RS06575,0,0.07198159396648407,0.05246926471590996,0.10884688049554825,0.09002925455570221,0.03315504267811775,0.06071273609995842,0.18476051092147827,0.03153147175908089,0.041538067162036896,0.03343410789966583,0.07084589302539826,0
CGTRNA_RS06575,CGTRNA_RS06580,1,0.9793831706047058,0.985291063785553,0.9609380960464478,0.9832262396812439,0.971086859703064,0.987230658531189,0.9844824075698853,0.9841881394386292,0.980333149433136,0.9899910688400269,0.980615085363388,1
CGTRNA_RS06580,CGTRNA_RS06595,0,0.018412794917821884,0.006575353909283876,0.02825222723186016,0.028617490082979202,0.002900135237723589,0.01763184927403927,0.02907482720911503,0.013851708732545376,0.011306863278150558,0.024311622604727745,0.01809348724782467,0
CGTRNA_RS06595,CGTRNA_RS06600,1,0.9674991965293884,0.9561560750007629,0.9225791096687317,0.9856789708137512,0.9318550229072571,0.9486840963363647,0.9785031676292419,0.9769471287727356,0.9367949366569519,0.9342793226242065,0.9538977026939393,1
CGTRNA_RS06600,CGTRNA_RS06610,0,0.044638585299253464,0.010102939791977406,0.061824966222047806,0.04610099643468857,0.013419779017567635,0.019535765051841736,0.10466385632753372,0.021187007427215576,0.02835605852305889,0.041609689593315125,0.039143964368849996,0
CGTRNA_RS06610,CGTRNA_RS06615,1,0.980758011341095,0.9761926531791687,0.9752559661865234,0.9910484552383423,0.9633511900901794,0.9657078981399536,0.9864786267280579,0.978300154209137,0.9645971655845642,0.9524188041687012,0.9734108924865723,1
CGTRNA_RS06615,CGTRNA_RS06620,1,0.9000726342201233,0.9722816944122314,0.9239276051521301,0.9812101125717163,0.9208534359931946,0.9020256400108337,0.9418789148330688,0.9792203307151794,0.9600809216499329,0.8967352509498596,0.937828654050827,1
CGTRNA_RS06620,CGTRNA_RS06625,1,0.9722558259963989,0.9866473078727722,0.9773252010345459,0.9847052693367004,0.9837530255317688,0.980178952217102,0.9523959755897522,0.9856545329093933,0.9842286705970764,0.9827800989151001,0.9789924860000611,1
CGTRNA_RS06625,CGTRNA_RS06630,1,0.8827670216560364,0.9884928464889526,0.8892839550971985,0.9511516094207764,0.9647278189659119,0.9334450960159302,0.9043062925338745,0.9579668641090393,0.9587706327438354,0.8106104731559753,0.924152261018753,1
CGTRNA_RS06630,CGTRNA_RS06635,1,0.9903661012649536,0.9747496843338013,0.9736990332603455,0.9908130168914795,0.9697429537773132,0.9544137120246887,0.990238606929779,0.9723610877990723,0.9650338292121887,0.9528532028198242,0.9734271228313446,1
CGTRNA_RS06635,CGTRNA_RS06640,1,0.9855527877807617,0.9809088110923767,0.9691198468208313,0.9819099307060242,0.9782693982124329,0.9844860434532166,0.9857268333435059,0.9895895719528198,0.9797303676605225,0.9792673587799072,0.9814560949802399,1
CGTRNA_RS06660,CGTRNA_RS06680,0,0.0017667514039203525,0.0010326022747904062,0.002741334494203329,0.0021193004213273525,0.00032871431903913617,0.0031267357990145683,0.0017131851054728031,0.0141994534060359,0.003776620142161846,0.0020043079275637865,0.003280900529352948,0
CGTRNA_RS06680,CGTRNA_RS06685,1,0.919280469417572,0.9589161276817322,0.9411315321922302,0.8799967765808105,0.9641172885894775,0.8868902325630188,0.8507130146026611,0.44952404499053955,0.8880961537361145,0.9258608222007751,0.8664526462554931,1
CGTRNA_RS06685,CGTRNA_RS06690,0,0.3965856730937958,0.1645747572183609,0.20402878522872925,0.2707946002483368,0.04450646787881851,0.6836346387863159,0.46579962968826294,0.22830672562122345,0.16068114340305328,0.25259852409362793,0.2871510945260525,0
CGTRNA_RS06690,CGTRNA_RS06695,1,0.9915897250175476,0.975808322429657,0.9584110975265503,0.983086884021759,0.9714500308036804,0.9800696969032288,0.9863899946212769,0.9861584901809692,0.9746412634849548,0.9873821139335632,0.9794987618923188,1
CGTRNA_RS06695,CGTRNA_RS06750,0,0.0012381161795929074,0.00011654021363938227,0.00027314943145029247,0.0022334165405482054,0.00014753920549992472,0.00021703021775465459,0.0009356135851703584,5.7641093007987365e-05,0.0010985491098836064,0.0004203858261462301,0.0006737981402693549,0
CGTRNA_RS06750,CGTRNA_RS06765,0,0.03556754067540169,0.006493491120636463,0.054590363055467606,0.05301431193947792,0.00871625728905201,0.026256924495100975,0.062498949468135834,0.03145773708820343,0.02969522960484028,0.020466918125748634,0.03287577228620649,0
CGTRNA_RS06765,CGTRNA_RS06775,0,0.04675015062093735,0.07482003420591354,0.14074060320854187,0.10637015104293823,0.06172600015997887,0.027891121804714203,0.05080246925354004,0.08546338975429535,0.05386735871434212,0.06433019042015076,0.07127614691853523,0
CGTRNA_RS06775,CGTRNA_RS06780,1,0.9874176979064941,0.9933487772941589,0.9659575819969177,0.9760507345199585,0.9802724719047546,0.981095016002655,0.9861768484115601,0.9693613052368164,0.9806743264198303,0.9740968346595764,0.9794451594352722,1
CGTRNA_RS06780,CGTRNA_RS06795,0,0.011523846536874771,0.009417818859219551,0.013690694235265255,0.02611548826098442,0.013436633162200451,0.013009819202125072,0.01886405423283577,0.002871651202440262,0.03667934611439705,0.006058145314455032,0.015166749712079763,0
CGTRNA_RS06795,CGTRNA_RS06800,0,0.17619948089122772,0.08342306315898895,0.3167014718055725,0.22396951913833618,0.23285411298274994,0.1217905730009079,0.18819497525691986,0.377509206533432,0.043817516416311264,0.1358998864889145,0.1900359805673361,0
CGTRNA_RS06800,CGTRNA_RS06805,1,0.9892616868019104,0.9929059743881226,0.978504478931427,0.9911642670631409,0.9895403981208801,0.9916691780090332,0.9833476543426514,0.9951151609420776,0.977753221988678,0.9904813766479492,0.9879743397235871,1
CGTRNA_RS06805,CGTRNA_RS06810,0,0.13287702202796936,0.21962372958660126,0.19366022944450378,0.2326706349849701,0.2648215889930725,0.1560279279947281,0.10932998359203339,0.08323241770267487,0.11473798751831055,0.13515044748783112,0.1642131969332695,0
CGTRNA_RS06810,CGTRNA_RS06845,0,0.003914347384124994,0.005283879581838846,0.0022379413712769747,0.0035995461512356997,0.0002277265302836895,0.0031385361216962337,0.0031169650610536337,0.008361255750060081,0.006790144369006157,0.0030898533295840025,0.003976019565016031,0
CGTRNA_RS06845,CGTRNA_RS06850,1,0.960612416267395,0.9684499502182007,0.9508137702941895,0.9788350462913513,0.93263840675354,0.9597380757331848,0.9471344947814941,0.9879489541053772,0.9796773195266724,0.9656928181648254,0.9631541252136231,1
CGTRNA_RS06850,CGTRNA_RS06855,0,0.251679927110672,0.07358983159065247,0.2986481785774231,0.27397751808166504,0.19064961373806,0.12847353518009186,0.4356953799724579,0.4504360854625702,0.15582098066806793,0.1195051297545433,0.23784761801362037,0
CGTRNA_RS06855,CGTRNA_RS06860,1,0.5451851487159729,0.4591940641403198,0.4844547510147095,0.649156391620636,0.4093858301639557,0.3627592623233795,0.6789649724960327,0.23257896304130554,0.5311116576194763,0.31874629855155945,0.4671537339687347,0
CGTRNA_RS06860,CGTRNA_RS06870,0,0.10147897154092789,0.23519814014434814,0.18024179339408875,0.20744827389717102,0.2170589119195938,0.12697172164916992,0.13615384697914124,0.09108036011457443,0.14753396809101105,0.15092916786670685,0.1594095155596733,0
CGTRNA_RS06870,CGTRNA_RS06890,0,0.014931143261492252,0.004281447269022465,0.008594718761742115,0.016580918803811073,0.004400210455060005,0.005684702191501856,0.0080863730981946,0.047515012323856354,0.016134364530444145,0.009217802435159683,0.013542669313028454,0
CGTRNA_RS06890,CGTRNA_RS06900,0,0.01037380937486887,0.005054026376456022,0.0038404252845793962,0.017315218225121498,0.005832433234900236,0.00611933134496212,0.007652748376131058,0.0027727701235562563,0.007011575624346733,0.004227639175951481,0.007019997714087367,0
CGTRNA_RS06900,CGTRNA_RS06905,1,0.8533238768577576,0.9748368859291077,0.958402156829834,0.9619495868682861,0.9475569725036621,0.9377110004425049,0.8440919518470764,0.9902369976043701,0.9150469303131104,0.832007646560669,0.9215164005756378,1
CGTRNA_RS06905,CGTRNA_RS06910,1,0.9871082901954651,0.9664384126663208,0.9431959390640259,0.9692098498344421,0.9739136695861816,0.9835332036018372,0.9528875946998596,0.9800348877906799,0.9646403193473816,0.9705873131752014,0.9691549479961395,1
CGTRNA_RS06910,CGTRNA_RS06920,0,0.01081068441271782,0.027853302657604218,0.017705760896205902,0.016583887860178947,0.01960810087621212,0.041096627712249756,0.02161668986082077,0.011482514441013336,0.02098405919969082,0.009657876566052437,0.01973995044827461,0
CGTRNA_RS06920,CGTRNA_RS06925,0,0.9031710028648376,0.5379165410995483,0.8199324011802673,0.881637692451477,0.7816904187202454,0.7309502363204956,0.8157320022583008,0.636821985244751,0.8281932473182678,0.6935045719146729,0.7629550099372864,1
CGTRNA_RS06925,CGTRNA_RS06930,0,0.9372625946998596,0.9897650480270386,0.986352801322937,0.9945933818817139,0.9911675453186035,0.9814425110816956,0.9795218706130981,0.9663978219032288,0.9529269337654114,0.9456546902656555,0.9725085198879242,1
CGTRNA_RS06930,CGTRNA_RS06935,0,0.9684599041938782,0.9416602849960327,0.9346154928207397,0.9172927737236023,0.947052538394928,0.9141814112663269,0.8333236575126648,0.9605284333229065,0.9427714943885803,0.8348543643951416,0.9194740355014801,1
CGTRNA_RS06935,CGTRNA_RS06940,0,0.9853469729423523,0.9923902153968811,0.9856736063957214,0.9878745675086975,0.9860442280769348,0.9831709265708923,0.9672865867614746,0.9861328601837158,0.9893656373023987,0.9882193803787231,0.9851504981517791,1
CGTRNA_RS06940,CGTRNA_RS06950,0,0.04068487882614136,0.04982895404100418,0.09944655746221542,0.09892109781503677,0.055597949773073196,0.056322332471609116,0.05614982917904854,0.0270161684602499,0.10588957369327545,0.039747875183820724,0.06296052169054747,0
CGTRNA_RS06950,CGTRNA_RS06955,1,0.9533543586730957,0.8272906541824341,0.826676070690155,0.9332141280174255,0.8820776343345642,0.894844114780426,0.9827609062194824,0.6116117835044861,0.784273624420166,0.853254497051239,0.8549357771873474,1
CGTRNA_RS06955,CGTRNA_RS06960,1,0.991884171962738,0.9876987934112549,0.9785692095756531,0.9776543974876404,0.9884055852890015,0.9852619171142578,0.9872298240661621,0.9923290610313416,0.9764879941940308,0.9842423796653748,0.9849763333797454,1
CGTRNA_RS06960,CGTRNA_RS06965,0,0.16882145404815674,0.30416640639305115,0.20838309824466705,0.24745313823223114,0.16625666618347168,0.2839735448360443,0.2246650755405426,0.3380568325519562,0.4278273284435272,0.1463073194026947,0.2515910863876343,0
CGTRNA_RS06965,CGTRNA_RS06970,1,0.98984694480896,0.9838119149208069,0.9841611981391907,0.9885078072547913,0.9877881407737732,0.985937237739563,0.9543286561965942,0.9883142113685608,0.9682177305221558,0.9878511428833008,0.9818764984607696,1
CGTRNA_RS06970,CGTRNA_RS06975,1,0.9415100812911987,0.9708995223045349,0.9742395877838135,0.9825194478034973,0.976081907749176,0.9437397718429565,0.9174045920372009,0.9658876657485962,0.9653142094612122,0.9762450456619263,0.9613841831684112,1
CGTRNA_RS06975,CGTRNA_RS06980,0,0.5011929273605347,0.4194754660129547,0.31102415919303894,0.6014862656593323,0.2976272404193878,0.23322512209415436,0.5224618911743164,0.17368771135807037,0.40975138545036316,0.17040960490703583,0.3640341773629189,0
CGTRNA_RS06980,CGTRNA_RS06985,1,0.9579722881317139,0.9697986841201782,0.914577305316925,0.9664012789726257,0.9593813419342041,0.9694808125495911,0.9391876459121704,0.8741788864135742,0.9637490510940552,0.9596754908561707,0.9474402785301208,1
CGTRNA_RS06985,CGTRNA_RS06990,1,0.9767629504203796,0.9766137003898621,0.9442013502120972,0.9709618091583252,0.9635967016220093,0.9692506790161133,0.9575396776199341,0.9895144104957581,0.9558659195899963,0.9763867855072021,0.9680693984031677,1
CGTRNA_RS06990,CGTRNA_RS06995,1,0.9929521083831787,0.9838917851448059,0.9764968156814575,0.9801268577575684,0.9849122166633606,0.9839385747909546,0.9915335774421692,0.9857069849967957,0.9808309674263,0.9773275256156921,0.9837717413902283,1
CGTRNA_RS06995,CGTRNA_RS07000,1,0.9923974275588989,0.9914400577545166,0.9820989966392517,0.9879418611526489,0.9875096082687378,0.9906170964241028,0.9805874824523926,0.9924119114875793,0.9832698106765747,0.991161048412323,0.9879435300827026,1
CGTRNA_RS07000,CGTRNA_RS07005,1,0.9745295643806458,0.9838760495185852,0.9640660285949707,0.9874089956283569,0.9737650752067566,0.979989230632782,0.9808354377746582,0.9882256388664246,0.9705560803413391,0.9819288849830627,0.9785180985927582,1
CGTRNA_RS07005,CGTRNA_RS07010,1,0.8151780366897583,0.3638608157634735,0.6360780596733093,0.6167045831680298,0.7661635279655457,0.7346602082252502,0.751093864440918,0.17327095568180084,0.7297845482826233,0.44621533155441284,0.6033009931445121,1
CGTRNA_RS07010,CGTRNA_RS07015,1,0.9878168702125549,0.9911100268363953,0.9757406115531921,0.9864071607589722,0.9806642532348633,0.984931230545044,0.9748996496200562,0.9883711934089661,0.9704172015190125,0.988168478012085,0.9828526675701141,1
CGTRNA_RS07015,CGTRNA_RS07020,0,0.9548719525337219,0.9808633327484131,0.9460214376449585,0.9729502201080322,0.9826690554618835,0.9653869271278381,0.894595205783844,0.991252064704895,0.9665641784667969,0.9059814214706421,0.9561155796051025,1
CGTRNA_RS07020,CGTRNA_RS07025,1,0.9890944957733154,0.9857343435287476,0.9812840819358826,0.9932901263237,0.9827497601509094,0.9787738919258118,0.9838995933532715,0.9892762303352356,0.9873230457305908,0.9685162305831909,0.9839941799640656,1
CGTRNA_RS07025,CGTRNA_RS07030,1,0.9835743308067322,0.9836724400520325,0.9724898338317871,0.9840033054351807,0.989463210105896,0.9753493666648865,0.9862908720970154,0.9366954565048218,0.9664710164070129,0.9655894637107849,0.974359929561615,1
CGTRNA_RS07030,CGTRNA_RS07035,1,0.7063491344451904,0.7956146597862244,0.788641095161438,0.822115957736969,0.9265649318695068,0.6942886710166931,0.5480644106864929,0.8841113448143005,0.7483656406402588,0.701112687587738,0.7615228533744812,1
CGTRNA_RS07035,CGTRNA_RS07040,1,0.9873883724212646,0.9740193486213684,0.9531255960464478,0.9721338748931885,0.9686787724494934,0.9716665744781494,0.98388671875,0.99318927526474,0.9743903279304504,0.9858603477478027,0.9764339208602906,1
CGTRNA_RS07085,CGTRNA_RS07090,1,0.9903987050056458,0.988217830657959,0.9789371490478516,0.9857626557350159,0.992095947265625,0.9799885153770447,0.9917941093444824,0.9743791818618774,0.9783269762992859,0.9781535863876343,0.9838054656982422,1
CGTRNA_RS07090,CGTRNA_RS07095,1,0.9496820569038391,0.9277714490890503,0.9266790151596069,0.9596484899520874,0.8951650857925415,0.9214261770248413,0.9454544186592102,0.8833850622177124,0.8792482614517212,0.8956398963928223,0.9184099912643433,1
CGTRNA_RS07095,CGTRNA_RS07100,1,0.6364325881004333,0.8611682653427124,0.7872527241706848,0.8986419439315796,0.7476915121078491,0.6443721652030945,0.9378331303596497,0.8735967874526978,0.7952002286911011,0.749070405960083,0.7931259751319886,1
CGTRNA_RS07100,CGTRNA_RS07105,1,0.9911595582962036,0.9913083910942078,0.973294198513031,0.9793340563774109,0.9790660738945007,0.9860325455665588,0.9901091456413269,0.9869175553321838,0.978178083896637,0.9901707768440247,0.9845570385456085,1
CGTRNA_RS07105,CGTRNA_RS07110,0,0.33087050914764404,0.17045962810516357,0.22248505055904388,0.35895171761512756,0.18727265298366547,0.33670446276664734,0.46022504568099976,0.08496630191802979,0.08898325264453888,0.111519455909729,0.23524380773305892,0
CGTRNA_RS07110,CGTRNA_RS07115,1,0.8234159350395203,0.9590159058570862,0.8957216143608093,0.959162712097168,0.9210994839668274,0.8622631430625916,0.951775074005127,0.9596512317657471,0.9241204261779785,0.9291781783103943,0.9185403704643249,1
CGTRNA_RS07115,CGTRNA_RS07120,1,0.9720000624656677,0.9959356784820557,0.988850474357605,0.9970730543136597,0.9889817237854004,0.9893909096717834,0.9891384243965149,0.9897896647453308,0.9852169156074524,0.9719950556755066,0.9868371963500977,1
CGTRNA_RS07120,CGTRNA_RS07130,0,0.009324267506599426,0.0064812093041837215,0.006068259943276644,0.012753976508975029,0.0030647250823676586,0.012569824233651161,0.011860690079629421,0.0023931493051350117,0.011445838958024979,0.0027975488919764757,0.007875948981381952,0
CGTRNA_RS07130,CGTRNA_RS07135,1,0.9835658669471741,0.9894945025444031,0.970320463180542,0.9900264739990234,0.9814984798431396,0.9754336476325989,0.976287305355072,0.9809675216674805,0.972495436668396,0.9845471978187561,0.9804636895656585,1
CGTRNA_RS07135,CGTRNA_RS07145,0,0.015248657204210758,0.018228597939014435,0.06694594025611877,0.022092511877417564,0.010787028819322586,0.09185223281383514,0.03753356635570526,0.18596123158931732,0.019229069352149963,0.017714273184537888,0.04855931093916297,0
CGTRNA_RS07145,CGTRNA_RS07150,1,0.9810678958892822,0.9885337352752686,0.9741309881210327,0.9889991879463196,0.9822666049003601,0.9826314449310303,0.9538799524307251,0.9680459499359131,0.9599255323410034,0.9717651605606079,0.9751246452331543,1
CGTRNA_RS07150,CGTRNA_RS07155,1,0.4407198131084442,0.19876666367053986,0.2913936972618103,0.4850313067436218,0.14241400361061096,0.2907547354698181,0.550017237663269,0.39354047179222107,0.34032776951789856,0.21895116567611694,0.3351916864514351,0
CGTRNA_RS07155,CGTRNA_RS07160,1,0.9733097553253174,0.9883021712303162,0.9791631102561951,0.9931097030639648,0.9855095744132996,0.9821091890335083,0.983038604259491,0.9799894690513611,0.9571600556373596,0.9834656119346619,0.9805157244205475,1
CGTRNA_RS07160,CGTRNA_RS07165,1,0.9915342926979065,0.9927800297737122,0.9650890231132507,0.974821925163269,0.9785995483398438,0.982895016670227,0.9882670640945435,0.9888094067573547,0.979744017124176,0.989298403263092,0.9831838726997375,1
CGTRNA_RS07195,CGTRNA_RS07225,0,0.02070513553917408,0.005195920355618,0.017949257045984268,0.01578373834490776,0.005029559135437012,0.027070138603448868,0.01866956800222397,0.02210664376616478,0.012680313549935818,0.014387386851012707,0.015957766119390725,0
CGTRNA_RS07225,CGTRNA_RS07230,1,0.552924394607544,0.6056286692619324,0.5755242705345154,0.7009001970291138,0.4543791115283966,0.4096885621547699,0.6650344133377075,0.6189416646957397,0.4961206316947937,0.4147854745388031,0.5493927389383316,1
CGTRNA_RS07230,CGTRNA_RS07235,1,0.9378480911254883,0.9428072571754456,0.9413735866546631,0.9688355326652527,0.9233731031417847,0.8461863398551941,0.8831096291542053,0.9411627054214478,0.8073561191558838,0.9289998412132263,0.9121052205562592,1
CGTRNA_RS07235,CGTRNA_RS07240,1,0.990035891532898,0.993683397769928,0.9846125245094299,0.995118260383606,0.9870063066482544,0.9916402101516724,0.9838924407958984,0.9933306574821472,0.9880099892616272,0.9876410961151123,0.9894970774650573,1
CGTRNA_RS07240,CGTRNA_RS07245,1,0.26459744572639465,0.10273974388837814,0.2618713974952698,0.2453492283821106,0.17718738317489624,0.2726718485355377,0.3709782660007477,0.10207504779100418,0.19455668330192566,0.07728886604309082,0.20693159103393555,0
CGTRNA_RS07290,CGTRNA_RS07295,1,0.9037750959396362,0.9235069155693054,0.9434859156608582,0.9814860820770264,0.8417530655860901,0.9300844073295593,0.9825891852378845,0.9824704527854919,0.9732814431190491,0.9195990562438965,0.9382031619548797,1
CGTRNA_RS07295,CGTRNA_RS07300,1,0.9400696158409119,0.7867547869682312,0.9141637682914734,0.9727482199668884,0.8364812135696411,0.9341421723365784,0.968116283416748,0.8224664330482483,0.8946443796157837,0.8577679395675659,0.892735481262207,1
CGTRNA_RS07300,CGTRNA_RS07305,1,0.9828243851661682,0.9909017086029053,0.9848897457122803,0.9976511597633362,0.9793146848678589,0.9861128926277161,0.9932258129119873,0.9908455014228821,0.9806972146034241,0.9651002883911133,0.9851563394069671,1
CGTRNA_RS07305,CGTRNA_RS07355,0,0.00044611204066313803,0.0005503875436261296,0.0014152128715068102,0.0008731416892260313,8.4576167864725e-05,0.00047173077473416924,0.000563303183298558,0.0008954099612310529,0.0019883248023688793,0.00032809970434755087,0.0007616298738867044,0
CGTRNA_RS07355,CGTRNA_RS07370,0,0.006773002445697784,0.0011078105308115482,0.0019279198022559285,0.005435263272374868,0.0006127937231212854,0.0029363518115133047,0.003994148224592209,0.0046064360067248344,0.007884640246629715,0.0024100453592836857,0.003768841142300516,0
CGTRNA_RS07370,CGTRNA_RS07375,1,0.9780104160308838,0.9857521057128906,0.9771863222122192,0.9899299144744873,0.9800768494606018,0.9824279546737671,0.9716800451278687,0.9918127655982971,0.9759166240692139,0.9798750877380371,0.9812668085098266,1
CGTRNA_RS07375,CGTRNA_RS07380,1,0.6115432977676392,0.3352627456188202,0.4038636386394501,0.632481038570404,0.39463749527931213,0.40809932351112366,0.7824401259422302,0.28889980912208557,0.6625900864601135,0.3046920597553253,0.4824509620666504,0
CGTRNA_RS07380,CGTRNA_RS07385,0,0.07019340991973877,0.12074202299118042,0.11851945519447327,0.1443040370941162,0.16884693503379822,0.06315365433692932,0.08964984863996506,0.12890514731407166,0.05253254994750023,0.06852826476097107,0.10253753252327442,0
CGTRNA_RS07385,CGTRNA_RS07390,0,0.9789406657218933,0.9739766120910645,0.9297330975532532,0.9610829949378967,0.953398585319519,0.9721968173980713,0.8485025763511658,0.9472919702529907,0.953007161617279,0.9553499221801758,0.9473480403423309,1
CGTRNA_RS07390,CGTRNA_RS07415,0,0.0032018444035202265,0.0036235442385077477,0.007008529268205166,0.00680988235399127,0.0016795826377347112,0.0021156116854399443,0.0027341661043465137,0.005149656441062689,0.008377505466341972,0.00511317141354084,0.004581349401269108,0
CGTRNA_RS07415,CGTRNA_RS07440,0,0.002413334557786584,0.006909738760441542,0.0052901641465723515,0.002034592442214489,0.0007600390817970037,0.00481050182133913,0.002762583550065756,0.0015691868029534817,0.01238181535154581,0.002964043291285634,0.004189599980600178,0
CGTRNA_RS07460,CGTRNA_RS07520,0,0.000976711860857904,0.00036289021954871714,0.0013906500535085797,0.0019477283349260688,0.00019401177996769547,0.0005766499671153724,0.0006132059497758746,0.00029657594859600067,0.0005004049744457006,0.0006618258194066584,0.0007520654908148572,0
CGTRNA_RS07520,CGTRNA_RS07525,1,0.6284139156341553,0.14925433695316315,0.16405554115772247,0.35723134875297546,0.3187037706375122,0.42861661314964294,0.5042310357093811,0.07362992316484451,0.27098211646080017,0.19076965749263763,0.3085888259112835,0
CGTRNA_RS07525,CGTRNA_RS07560,0,0.00044126115972176194,0.00033649374381639063,0.001410166616551578,0.0010630215983837843,0.0001507109118392691,0.0002374656469328329,0.00048507540486752987,0.0016971867298707366,0.000551382836420089,0.0006121694459579885,0.0006984934094361961,0
CGTRNA_RS07560,CGTRNA_RS07570,0,0.1021459549665451,0.01858356036245823,0.06425661593675613,0.057228341698646545,0.04216001182794571,0.19024759531021118,0.1226237565279007,0.03230840340256691,0.059993308037519455,0.11972672492265701,0.0809274272993207,0
CGTRNA_RS07570,CGTRNA_RS07575,1,0.9901225566864014,0.9929969906806946,0.9688419103622437,0.9846498966217041,0.9849414229393005,0.9893104434013367,0.9843661785125732,0.9876382946968079,0.9761689305305481,0.9865323901176453,0.9845569014549256,1
CGTRNA_RS07575,CGTRNA_RS07580,0,0.9686269164085388,0.8171982765197754,0.944955050945282,0.9549971222877502,0.9520538449287415,0.91776442527771,0.9350842237472534,0.9405565857887268,0.944762647151947,0.9142233729362488,0.9290222465991974,1
CGTRNA_RS07580,CGTRNA_RS07600,0,0.008258086629211903,0.0033970095682889223,0.004361063241958618,0.010911591351032257,0.0014081052504479885,0.0026487454306334257,0.005479176063090563,0.004109978210180998,0.009427940472960472,0.003914202097803354,0.00539158983156085,0
CGTRNA_RS07600,CGTRNA_RS07605,1,0.7546097040176392,0.9228218793869019,0.6898336410522461,0.8484736084938049,0.7601215243339539,0.6002401113510132,0.9382458925247192,0.9651327133178711,0.8575319647789001,0.8206827044487,0.815769374370575,1
CGTRNA_RS07605,CGTRNA_RS07610,1,0.9901677966117859,0.98618084192276,0.9802491068840027,0.9838788509368896,0.9754664301872253,0.9784336090087891,0.9649677872657776,0.9908034205436707,0.9771718978881836,0.9616125822067261,0.978893232345581,1
CGTRNA_RS07610,CGTRNA_RS07620,0,0.050845444202423096,0.038430407643318176,0.106121726334095,0.04793810099363327,0.02030416764318943,0.10909484326839447,0.034348879009485245,0.10227704048156738,0.062449537217617035,0.07444339245557785,0.0646253539249301,0
CGTRNA_RS07620,CGTRNA_RS07625,1,0.9907557368278503,0.9862122535705566,0.9745889902114868,0.9805124402046204,0.9771925210952759,0.9833844900131226,0.9678011536598206,0.9851770997047424,0.9739717245101929,0.9870476126670837,0.9806644022464752,1
CGTRNA_RS07660,CGTRNA_RS07680,0,0.00814064871519804,0.002405798062682152,0.020832322537899017,0.015684211626648903,0.006084525026381016,0.004380412865430117,0.0033097299747169018,0.0436299592256546,0.0264209546148777,0.01465714629739523,0.014554570894688368,0
CGTRNA_RS07680,CGTRNA_RS07685,1,0.8865363597869873,0.6385086178779602,0.6543906927108765,0.8055440783500671,0.8827332258224487,0.6505837440490723,0.8449270129203796,0.3668293356895447,0.7892580032348633,0.4788469076156616,0.6998157978057862,1
CGTRNA_RS07685,CGTRNA_RS07705,0,0.0010421108454465866,0.00043640765943564475,0.0008408620487898588,0.0015816009836271405,0.00023413359303958714,0.0012409171322360635,0.0011594064999371767,0.002026863396167755,0.0016857142327353358,0.0006308849551714957,0.0010878901346586644,0
CGTRNA_RS07705,CGTRNA_RS07725,0,0.009784883819520473,0.008059375919401646,0.009072593413293362,0.024884561076760292,0.008552955463528633,0.017229432240128517,0.020592013373970985,0.0006475396221503615,0.00827624648809433,0.004338794853538275,0.011143839627038687,0
CGTRNA_RS07725,CGTRNA_RS07730,0,0.48881882429122925,0.6755839586257935,0.4997900426387787,0.7296699285507202,0.8451099395751953,0.5879685878753662,0.6798288822174072,0.5002129077911377,0.2614377737045288,0.36624863743782043,0.5634669482707977,1
CGTRNA_RS07730,CGTRNA_RS07735,1,0.8719525933265686,0.7099166512489319,0.8634561896324158,0.826334536075592,0.8739133477210999,0.8063646554946899,0.7118883728981018,0.8569684028625488,0.8046941161155701,0.7332957983016968,0.8058784663677215,1
CGTRNA_RS07735,CGTRNA_RS07750,0,0.0336887463927269,0.0060003045946359634,0.020909911021590233,0.021092982962727547,0.009881265461444855,0.1044449582695961,0.02750120498239994,0.5478373169898987,0.039013344794511795,0.021371860057115555,0.08317418955266476,0
CGTRNA_RS07750,CGTRNA_RS07755,1,0.9909385442733765,0.9917263984680176,0.9801960587501526,0.9740795493125916,0.9773226380348206,0.9830963015556335,0.9893242120742798,0.9850071668624878,0.9803623557090759,0.9908297657966614,0.9842882990837097,1
CGTRNA_RS07755,CGTRNA_RS07760,0,0.9506347179412842,0.9280384182929993,0.9421993494033813,0.9690999984741211,0.9644060730934143,0.8668166399002075,0.8727095723152161,0.8504748344421387,0.8333181142807007,0.9663934707641602,0.9144091188907624,1
CGTRNA_RS07760,CGTRNA_RS07770,0,0.28414186835289,0.12427597492933273,0.314874529838562,0.3155480623245239,0.2524578273296356,0.10874202102422714,0.2244727909564972,0.1157207265496254,0.3713535666465759,0.37755170464515686,0.2489139072597027,0
CGTRNA_RS07810,CGTRNA_RS07850,0,0.0044641438871622086,0.001296180416829884,0.0028801248408854008,0.004604040179401636,0.002747350139543414,0.003679578425362706,0.0035163487773388624,0.01261106040328741,0.014833230525255203,0.0107117323204875,0.006134378991555422,0
CGTRNA_RS07850,CGTRNA_RS07855,1,0.8465894460678101,0.9329525232315063,0.8811940550804138,0.9430103898048401,0.9055961966514587,0.9094862341880798,0.9152340888977051,0.947638988494873,0.9062805771827698,0.797760009765625,0.8985742509365082,1
CGTRNA_RS07855,CGTRNA_RS07860,1,0.9835018515586853,0.984534502029419,0.9756175875663757,0.9885209798812866,0.9860514402389526,0.9853425025939941,0.9697226285934448,0.9806050062179565,0.9731894731521606,0.9714576601982117,0.9798543632030488,1
CGTRNA_RS07860,CGTRNA_RS07865,1,0.3535560667514801,0.30101484060287476,0.4912380874156952,0.5489487648010254,0.39703160524368286,0.3191913962364197,0.5206542611122131,0.40105530619621277,0.54052734375,0.2321300059556961,0.41053476780653,0
CGTRNA_RS07865,CGTRNA_RS07870,0,0.8508347272872925,0.8858723640441895,0.9179463982582092,0.8911639451980591,0.963446855545044,0.8649174571037292,0.7681276798248291,0.953360378742218,0.9426511526107788,0.8723608255386353,0.8910681784152985,1
CGTRNA_RS07870,CGTRNA_RS07875,0,0.1614016741514206,0.2400767058134079,0.36469146609306335,0.3096964657306671,0.17763860523700714,0.13734671473503113,0.22467759251594543,0.14709146320819855,0.3076017200946808,0.16169656813144684,0.22319189757108687,0
CGTRNA_RS07875,CGTRNA_RS07885,0,0.04754611477255821,0.011353908106684685,0.035927850753068924,0.043980441987514496,0.009189351461827755,0.03324618190526962,0.05304817855358124,0.011730639263987541,0.026442810893058777,0.01707330159842968,0.028953877929598092,0
CGTRNA_RS07885,CGTRNA_RS07890,1,0.6876649260520935,0.6900912523269653,0.669841468334198,0.7433949112892151,0.8378146886825562,0.6396812200546265,0.6370497941970825,0.7830551266670227,0.6172980070114136,0.5873896479606628,0.6893281042575836,1
CGTRNA_RS07890,CGTRNA_RS07895,1,0.9822416305541992,0.9760205745697021,0.9590070247650146,0.990045964717865,0.9712082147598267,0.9548851251602173,0.9774993062019348,0.9692320227622986,0.9571416974067688,0.9567855596542358,0.9694067120552063,1
CGTRNA_RS07895,CGTRNA_RS07900,1,0.9884997606277466,0.9769204258918762,0.9680651426315308,0.9815484285354614,0.9737457036972046,0.9840248227119446,0.9815691113471985,0.987657368183136,0.9612835645675659,0.9762552976608276,0.9779569625854492,1
CGTRNA_RS07900,CGTRNA_RS07905,1,0.9792832732200623,0.9691449403762817,0.9569301605224609,0.9822700023651123,0.9747049808502197,0.9853283166885376,0.9739778637886047,0.9843329787254333,0.9627816677093506,0.9731848239898682,0.9741939008235931,1
CGTRNA_RS07905,CGTRNA_RS07915,0,0.11749446392059326,0.11661651730537415,0.16706931591033936,0.09594551473855972,0.13637663424015045,0.08040732890367508,0.09540486335754395,0.13758936524391174,0.02587885409593582,0.23493845760822296,0.12077213153243065,0
CGTRNA_RS07915,CGTRNA_RS08085,0,0.0023448565043509007,0.001051262253895402,0.002058301819488406,0.003016243688762188,0.00032078695949167013,0.0007348767248913646,0.0007897053728811443,0.0009701799135655165,0.0012596390442922711,0.0014217171119526029,0.0013967569393571466,0
CGTRNA_RS08085,CGTRNA_RS08090,1,0.6745426654815674,0.6548340916633606,0.5908149480819702,0.7451416850090027,0.5066418647766113,0.5178665518760681,0.8120750188827515,0.6038054823875427,0.6853575706481934,0.6261777877807617,0.641725766658783,1
CGTRNA_RS08090,CGTRNA_RS08095,1,0.9859474301338196,0.9840072989463806,0.9388433694839478,0.9749555587768555,0.9790546894073486,0.965190052986145,0.9917362332344055,0.9604551792144775,0.962134063243866,0.9343708157539368,0.9676694691181182,1
CGTRNA_RS08095,CGTRNA_RS08100,1,0.9873414039611816,0.9943290948867798,0.9659776091575623,0.9826321601867676,0.9865345358848572,0.9801908731460571,0.9790669083595276,0.9936535358428955,0.98586106300354,0.978263795375824,0.9833850979804992,1
CGTRNA_RS08100,CGTRNA_RS08145,0,0.0010623200796544552,0.00037747074384242296,0.0010004043579101562,0.0015223497757688165,0.0001407571544405073,0.0007082063821144402,0.0008909759926609695,0.0022277580574154854,0.0011513448553159833,0.0006955035496503115,0.0009777090948773549,0
CGTRNA_RS08145,CGTRNA_RS08150,1,0.9888145327568054,0.9909299612045288,0.9820465445518494,0.9834031462669373,0.9860467314720154,0.9732608199119568,0.9492468237876892,0.9903861880302429,0.987170934677124,0.9724841713905334,0.9803789854049683,1
CGTRNA_RS08195,CGTRNA_RS08215,0,0.00410132622346282,0.0071914661675691605,0.009786112233996391,0.005403577815741301,0.0012293297331780195,0.004683609586209059,0.0028889214154332876,0.008145539090037346,0.0061182305216789246,0.0022789903450757265,0.005182710313238204,0
CGTRNA_RS08215,CGTRNA_RS08220,1,0.9391294717788696,0.9490377902984619,0.9455893039703369,0.9717968702316284,0.9353653788566589,0.9089117050170898,0.9784805178642273,0.8921968936920166,0.917336642742157,0.8403657674789429,0.927821034193039,1
CGTRNA_RS08220,CGTRNA_RS08225,0,0.8784363269805908,0.9331681132316589,0.9221922755241394,0.9282333850860596,0.9592150449752808,0.8960371017456055,0.8780547976493835,0.927094578742981,0.8614732027053833,0.9032819867134094,0.9087186813354492,1
CGTRNA_RS08225,CGTRNA_RS08240,0,0.024940315634012222,0.018862619996070862,0.02683011069893837,0.029961634427309036,0.03768083080649376,0.018297581002116203,0.01925782859325409,0.003927260637283325,0.06100299581885338,0.012655306607484818,0.025341648422181607,0
CGTRNA_RS08240,CGTRNA_RS08260,0,0.010856740176677704,0.0043611107394099236,0.014738403260707855,0.007433046121150255,0.003849341766908765,0.014804967679083347,0.012956232763826847,0.016370998695492744,0.0288192518055439,0.015252837911248207,0.012944293092004955,0
CGTRNA_RS08260,CGTRNA_RS08265,0,0.04514303803443909,0.05599204823374748,0.07532492280006409,0.062112729996442795,0.06840387731790543,0.05100871995091438,0.07505784183740616,0.057212281972169876,0.15718479454517365,0.020573724061250687,0.06680139787495136,0
CGTRNA_RS08265,CGTRNA_RS08270,1,0.08871777355670929,0.21411673724651337,0.13218697905540466,0.19805817306041718,0.2249709665775299,0.11974276602268219,0.18156574666500092,0.1166996955871582,0.0701231062412262,0.0862734243273735,0.14324553683400154,0
CGTRNA_RS08270,CGTRNA_RS08330,0,0.0008680289029143751,0.00020966709416825324,0.0009649162529967725,0.0015826382441446185,0.00012828141916543245,0.0003181257052347064,0.0004968573921360075,0.0003465260670054704,0.00039686777745373547,0.0004964881809428334,0.0005808397036162205,0
CGTRNA_RS08435,CGTRNA_RS08455,0,0.002119488315656781,0.00297579076141119,0.009089911356568336,0.00207122671417892,0.0007884905207902193,0.0769834965467453,0.0014432596508413553,0.00891847349703312,0.016159627586603165,0.0028379301074892282,0.012338769505731761,0
CGTRNA_RS08505,CGTRNA_RS08515,0,0.011683447286486626,0.0008152735535986722,0.00937587395310402,0.01775832660496235,0.0031045235227793455,0.007733873091638088,0.0077048721723258495,0.021999267861247063,0.11306361854076385,0.009024142287671566,0.020226321887457745,0
CGTRNA_RS08530,CGTRNA_RS08540,0,0.03937062248587608,0.005245257169008255,0.06797914952039719,0.03367920592427254,0.008964239619672298,0.07710869610309601,0.09148144721984863,0.060125093907117844,0.09350030869245529,0.05244152620434761,0.052989554684609176,0
CGTRNA_RS08585,CGTRNA_RS08590,0,0.027353988960385323,0.003896724432706833,0.034841034561395645,0.03272269293665886,0.018180707469582558,0.10147031396627426,0.01806185021996498,0.057870104908943176,0.13355529308319092,0.044834546744823456,0.047278725728392604,0
CGTRNA_RS08590,CGTRNA_RS08595,0,0.8665798902511597,0.3545966148376465,0.6893066763877869,0.7687921524047852,0.6382328271865845,0.5656780004501343,0.8706120252609253,0.23093046247959137,0.8228070735931396,0.8327606916427612,0.6640296414494514,1
CGTRNA_RS08595,CGTRNA_RS08600,1,0.9229140281677246,0.650148868560791,0.6755419373512268,0.9080809354782104,0.8818051218986511,0.7913416624069214,0.9564158320426941,0.9138332009315491,0.617419958114624,0.7644205093383789,0.8081922054290771,1
CGTRNA_RS08600,CGTRNA_RS08605,0,0.10778730362653732,0.13726836442947388,0.12445148825645447,0.11648999154567719,0.20221151411533356,0.38843250274658203,0.18769481778144836,0.11613666266202927,0.21010276675224304,0.11784915626049042,0.17084245681762694,0
CGTRNA_RS08605,CGTRNA_RS08610,0,0.3861525356769562,0.13656148314476013,0.17731153964996338,0.29664286971092224,0.19379588961601257,0.35627132654190063,0.43347594141960144,0.1316009908914566,0.22248059511184692,0.11203473806381226,0.24463279098272322,0
CGTRNA_RS08610,CGTRNA_RS08615,0,0.47597143054008484,0.11207389831542969,0.15084856748580933,0.42949947714805603,0.38029295206069946,0.25348547101020813,0.5202987790107727,0.309196799993515,0.4393310248851776,0.24594932794570923,0.3316947728395462,0
CGTRNA_RS08615,CGTRNA_RS08620,0,0.09370262175798416,0.12955398857593536,0.08252445608377457,0.09357354789972305,0.021278604865074158,0.16586846113204956,0.12513889372348785,0.054761193692684174,0.08708145469427109,0.07128893584012985,0.09247721582651139,0
CGTRNA_RS08620,CGTRNA_RS08625,1,0.915745198726654,0.6259366273880005,0.833336591720581,0.9326101541519165,0.6935152411460876,0.7330708503723145,0.9338120818138123,0.8225024342536926,0.6518809795379639,0.5727041959762573,0.771511435508728,1
CGTRNA_RS08635,CGTRNA_RS08640,0,0.9549873471260071,0.980139970779419,0.9045326113700867,0.979315459728241,0.9803312420845032,0.9735332727432251,0.9920912384986877,0.9276861548423767,0.956659197807312,0.837101936340332,0.948637843132019,1
CGTRNA_RS08660,CGTRNA_RS08665,1,0.9042549729347229,0.8975072503089905,0.8712244629859924,0.9401113390922546,0.9334967136383057,0.9051660299301147,0.9529600739479065,0.6657217144966125,0.7957115769386292,0.9327890872955322,0.8798943221569061,1
CGTRNA_RS08665,CGTRNA_RS08690,0,0.0005820897058583796,0.0031896575819700956,0.0014395768521353602,0.001587864593602717,0.0005842410027980804,0.0006052557728253305,0.0008549620397388935,0.0005613265093415976,0.0012310041347518563,0.00030840456020087004,0.001094438275322318,0
CGTRNA_RS08690,CGTRNA_RS08695,0,0.4443082809448242,0.41866210103034973,0.14688487350940704,0.4653221368789673,0.04857981577515602,0.2317320853471756,0.7289393544197083,0.17133361101150513,0.47869372367858887,0.6836392879486084,0.38180952705442905,0
CGTRNA_RS08695,CGTRNA_RS08705,0,0.0036273987498134375,0.0018437575781717896,0.008927046321332455,0.003099966561421752,0.0002986241888720542,0.005630908999592066,0.010809164494276047,0.011820553801953793,0.002166018821299076,0.003951860126107931,0.00521752996428404,0
CGTRNA_RS08705,CGTRNA_RS08710,0,0.8217871189117432,0.5521094799041748,0.6963633298873901,0.9527208805084229,0.3586341440677643,0.811919093132019,0.842790424823761,0.3019711673259735,0.7397406101226807,0.7945485711097717,0.6872584819793701,1
CGTRNA_RS08710,CGTRNA_RS08715,0,0.6546858549118042,0.7744917869567871,0.4315269887447357,0.6664958596229553,0.5247118473052979,0.7335570454597473,0.46281999349594116,0.30314990878105164,0.5635705590248108,0.5678039789199829,0.5682813823223114,1
CGTRNA_RS08755,CGTRNA_RS08760,0,0.9842287302017212,0.9697883725166321,0.9296896457672119,0.967609703540802,0.9757847189903259,0.969664454460144,0.9901877641677856,0.9586830735206604,0.972102165222168,0.9193850159645081,0.9637123644351959,1
CGTRNA_RS08760,CGTRNA_RS08765,0,0.9713256359100342,0.9445038437843323,0.9108078479766846,0.964525580406189,0.9707329869270325,0.9739558100700378,0.9869771003723145,0.9706419706344604,0.9202332496643066,0.9043911099433899,0.9518095135688782,1
CGTRNA_RS08800,CGTRNA_RS08805,0,0.7812064290046692,0.38512226939201355,0.49042263627052307,0.7377461194992065,0.43653905391693115,0.41519081592559814,0.7980166673660278,0.7441486120223999,0.5962458252906799,0.6048435568809509,0.5989481985569001,1
CGTRNA_RS08805,CGTRNA_RS08810,0,0.8857313990592957,0.9115833640098572,0.8371732831001282,0.7530525922775269,0.6361872553825378,0.9048523306846619,0.7347552180290222,0.9532177448272705,0.8214970827102661,0.8400424718856812,0.8278092741966248,1
CGTRNA_RS08810,CGTRNA_RS08815,0,0.9722345471382141,0.9638450145721436,0.9342252016067505,0.972972571849823,0.9770345687866211,0.9715511202812195,0.9401656985282898,0.9761475324630737,0.9513764381408691,0.9547882676124573,0.9614340960979462,1
CGTRNA_RS08835,CGTRNA_RS08840,0,0.26658642292022705,0.35923057794570923,0.15354351699352264,0.3536860942840576,0.10455106943845749,0.47462812066078186,0.5158205628395081,0.423668771982193,0.49530938267707825,0.34336918592453003,0.3490393705666065,0
CGTRNA_RS08840,CGTRNA_RS08845,0,0.8255577683448792,0.9101786017417908,0.869773805141449,0.7749031782150269,0.7026797533035278,0.8260379433631897,0.6603052616119385,0.9174985289573669,0.9424367547035217,0.6798521280288696,0.810922372341156,1
CGTRNA_RS08855,CGTRNA_RS08880,0,0.00021960175945423543,0.0002958961413241923,0.0022822930477559566,0.00018493208335712552,0.00031678317463956773,0.004042789805680513,0.0008278401219286025,0.004733530804514885,0.0009540260070934892,7.003506470937282e-05,0.001392772801045794,0
CGTRNA_RS08880,CGTRNA_RS08885,1,0.9876295924186707,0.9903233647346497,0.9516871571540833,0.9677163362503052,0.9684394598007202,0.9748749136924744,0.9785780906677246,0.9893167614936829,0.9706311225891113,0.9788687825202942,0.9758065581321717,1
CGTRNA_RS08885,CGTRNA_RS08890,1,0.9702242612838745,0.9762734174728394,0.93010014295578,0.9560624361038208,0.9294635653495789,0.9559841156005859,0.8989495635032654,0.9606125950813293,0.9260079264640808,0.9387240409851074,0.9442402064800263,1
CGTRNA_RS08890,CGTRNA_RS08905,0,0.020596863701939583,0.01185679156333208,0.020031247287988663,0.01248860638588667,0.0012739574303850532,0.02698599174618721,0.023316964507102966,0.025302836671471596,0.023372158408164978,0.023768585175275803,0.01889940028777346,0
CGTRNA_RS08905,CGTRNA_RS08910,0,0.33541417121887207,0.09776520729064941,0.2333732694387436,0.40837720036506653,0.03877630829811096,0.20862378180027008,0.34272319078445435,0.15049304068088531,0.2976272702217102,0.22951827943325043,0.2342691719532013,0
CGTRNA_RS08910,CGTRNA_RS09020,0,4.2182437027804554e-05,5.503198553924449e-05,0.00047261136933229864,0.00026185106253251433,2.4242468498414382e-05,0.000455319182947278,0.0003222248051315546,3.9632388507016e-05,4.67890604340937e-05,5.41928930033464e-05,0.00017740776529535652,0
CGTRNA_RS09020,CGTRNA_RS09025,1,0.3368509113788605,0.08908437937498093,0.23280662298202515,0.30102092027664185,0.04242939502000809,0.2533241808414459,0.34062647819519043,0.4277035892009735,0.3963340222835541,0.11087072640657425,0.25310512259602547,0
CGTRNA_RS09025,CGTRNA_RS09065,0,0.00041758522274903953,0.00022044547949917614,0.0010435528820380569,0.0013518937630578876,5.6155611673602834e-05,0.0008222472970373929,0.00034471298567950726,0.002488992176949978,0.0012971264077350497,0.0010876184096559882,0.0009130330236075679,0
CGTRNA_RS09065,CGTRNA_RS09110,0,0.004529861733317375,0.0002696554292924702,0.004017834551632404,0.004520718939602375,0.0015179312322288752,0.0039954157546162605,0.001302320510149002,0.013717126101255417,0.017390014603734016,0.008335706777870655,0.005959658563369885,0
CGTRNA_RS09140,CGTRNA_RS09150,0,0.028418859466910362,0.0010277305264025927,0.020428359508514404,0.02156647853553295,0.005991624668240547,0.021635135635733604,0.018861135467886925,0.01131912600249052,0.08294197916984558,0.026147637516260147,0.023833806649781762,0
CGTRNA_RS09255,CGTRNA_RS09265,0,0.1114892065525055,0.05121520161628723,0.13631124794483185,0.11040867120027542,0.0855923444032669,0.07513105869293213,0.06617867201566696,0.19242750108242035,0.12303535640239716,0.2178685963153839,0.11696578562259674,0
CGTRNA_RS09265,CGTRNA_RS09270,0,0.9256511330604553,0.8742980360984802,0.8810849189758301,0.8424911499023438,0.9077684879302979,0.893359899520874,0.6713155508041382,0.979886531829834,0.9307680726051331,0.936469316482544,0.8843093097209931,1
CGTRNA_RS09270,CGTRNA_RS09275,1,0.8634403347969055,0.7840368747711182,0.936508059501648,0.9204084277153015,0.9119515419006348,0.871277928352356,0.9408231377601624,0.9224265217781067,0.9290528893470764,0.7690175175666809,0.884894323348999,1
CGTRNA_RS09275,CGTRNA_RS09280,1,0.90943843126297,0.8718529939651489,0.8711398243904114,0.9399910569190979,0.9150927066802979,0.8554410934448242,0.8030852675437927,0.9312045574188232,0.8481023907661438,0.9339580535888672,0.8879306375980377,1
CGTRNA_RS09280,CGTRNA_RS09285,1,0.9840530753135681,0.9901553988456726,0.9796273112297058,0.9828450083732605,0.9861200451850891,0.9781956672668457,0.9852060079574585,0.9788019061088562,0.9661776423454285,0.9064320921897888,0.9737614154815674,1
CGTRNA_RS09285,CGTRNA_RS09295,0,0.008133451454341412,0.006767714861780405,0.010639975778758526,0.006900510285049677,0.0012382246786728501,0.01631624810397625,0.005646219477057457,0.07015971094369888,0.010944020003080368,0.0028879905585199594,0.013963406614493579,0
CGTRNA_RS09295,CGTRNA_RS09300,1,0.9799830317497253,0.9875914454460144,0.9837968945503235,0.9917067885398865,0.9855474233627319,0.9888045787811279,0.9879616498947144,0.9843279123306274,0.9815391898155212,0.9852701425552368,0.9856529057025909,1
CGTRNA_RS09300,CGTRNA_RS09325,0,0.015308568254113197,0.007406230550259352,0.017647597938776016,0.013836770318448544,0.0024057512637227774,0.028068551793694496,0.0042062783613801,0.0597858689725399,0.045980304479599,0.013379931449890137,0.020802585338242353,0
CGTRNA_RS09325,CGTRNA_RS09345,0,0.007187190931290388,0.0034390741493552923,0.01561775617301464,0.012876518070697784,0.0026011618319898844,0.006831576116383076,0.006436248309910297,0.003458121558651328,0.009231124073266983,0.006317252293229103,0.007399602350778878,0
CGTRNA_RS09345,CGTRNA_RS09350,1,0.8423086404800415,0.39011871814727783,0.6255131363868713,0.7927299737930298,0.8642643094062805,0.5636026263237,0.5004875063896179,0.4120865762233734,0.5374936461448669,0.6759197115898132,0.6204524844884872,1
CGTRNA_RS09350,CGTRNA_RS09375,0,0.006447782274335623,0.006527169607579708,0.007326241582632065,0.007738265208899975,0.004087116569280624,0.005486356560140848,0.002833432285115123,0.0048401011154055595,0.028683466836810112,0.0063804746605455875,0.008035040670074522,0
CGTRNA_RS09375,CGTRNA_RS09380,1,0.9879933595657349,0.9810371398925781,0.9847052693367004,0.9848151803016663,0.9810376763343811,0.9765815734863281,0.9870911240577698,0.9882025122642517,0.9782021045684814,0.9795284271240234,0.9829194366931915,1
CGTRNA_RS09380,CGTRNA_RS09385,1,0.9857476353645325,0.9894052743911743,0.9763111472129822,0.9892680644989014,0.9855991005897522,0.9904705882072449,0.9739835858345032,0.9921432733535767,0.980289876461029,0.9881919026374817,0.9851410448551178,1
CGTRNA_RS09385,CGTRNA_RS09390,1,0.2558746039867401,0.15997162461280823,0.2648199200630188,0.31651002168655396,0.09551376849412918,0.1253182291984558,0.40599656105041504,0.11414418369531631,0.31150203943252563,0.1580134779214859,0.2207664430141449,0
CGTRNA_RS09390,CGTRNA_RS09395,0,0.10174483060836792,0.18939247727394104,0.26830151677131653,0.2088916003704071,0.1480187326669693,0.09298960119485855,0.159216046333313,0.4070846736431122,0.06603895872831345,0.07853855192661285,0.1720216989517212,0
CGTRNA_RS09395,CGTRNA_RS09400,1,0.9941720366477966,0.9916507601737976,0.9841794967651367,0.9890738129615784,0.9847862720489502,0.9895679950714111,0.9878315925598145,0.9919785261154175,0.9828585982322693,0.9888567328453064,0.9884955823421478,1
CGTRNA_RS09400,CGTRNA_RS09410,0,0.05222207307815552,0.029315080493688583,0.06741179525852203,0.03625081479549408,0.04563428461551666,0.1245976984500885,0.0698917955160141,0.015600210055708885,0.08314833045005798,0.03363942354917526,0.05577115062624216,0
CGTRNA_RS09410,CGTRNA_RS09415,0,0.8020258545875549,0.6411303281784058,0.7602755427360535,0.8971665501594543,0.8708620667457581,0.760175883769989,0.9457323551177979,0.5891052484512329,0.823211669921875,0.7657188177108765,0.7855404317378998,1
CGTRNA_RS09415,CGTRNA_RS09420,1,0.6577808260917664,0.2999219000339508,0.4355897605419159,0.7319946885108948,0.4585345387458801,0.47959253191947937,0.8123354911804199,0.4931374490261078,0.4591563940048218,0.2625880241394043,0.5090631604194641,1
CGTRNA_RS09420,CGTRNA_RS09430,0,0.11203118413686752,0.0635509192943573,0.15834219753742218,0.11087177693843842,0.03510391339659691,0.3283875584602356,0.3115234971046448,0.09834855794906616,0.19598473608493805,0.09583843499422073,0.15099827758967876,0
CGTRNA_RS09430,CGTRNA_RS09445,0,0.03880631923675537,0.007348278537392616,0.013783399946987629,0.052995555102825165,0.006480122450739145,0.043553609400987625,0.06932755559682846,0.0092161251232028,0.02744772844016552,0.015096177347004414,0.028405487118288875,0
CGTRNA_RS09445,CGTRNA_RS09450,0,0.17357802391052246,0.1716332733631134,0.15750066936016083,0.2232198417186737,0.14661835134029388,0.10575039684772491,0.2779945433139801,0.10414932668209076,0.12368116527795792,0.07382047921419144,0.15579460710287094,0
CGTRNA_RS09450,CGTRNA_RS09455,1,0.9615354537963867,0.9551724195480347,0.9345589876174927,0.9728390574455261,0.9035672545433044,0.905824601650238,0.9904286861419678,0.9285234212875366,0.9306758046150208,0.8306330442428589,0.9313758730888366,1
CGTRNA_RS09455,CGTRNA_RS09465,0,0.04226189851760864,0.009712357074022293,0.04560626670718193,0.03334375470876694,0.008480213582515717,0.04668184369802475,0.014735500328242779,0.08854636549949646,0.1908900886774063,0.04143587127327919,0.0521694160066545,0
CGTRNA_RS09465,CGTRNA_RS09470,1,0.9861328601837158,0.9730523824691772,0.9498331546783447,0.9774830341339111,0.9724277853965759,0.9658623337745667,0.990230143070221,0.9639106392860413,0.960696816444397,0.9335088729858398,0.967313802242279,1
CGTRNA_RS09470,CGTRNA_RS09475,1,0.9620262980461121,0.9659754037857056,0.9193745255470276,0.9652354717254639,0.9692570567131042,0.9517976641654968,0.988713264465332,0.8997796177864075,0.9606907367706299,0.7545556426048279,0.9337405681610107,1
CGTRNA_RS09475,CGTRNA_RS09480,1,0.8141798377037048,0.49990296363830566,0.6183951497077942,0.8215184211730957,0.7865932583808899,0.633359432220459,0.6438206434249878,0.6208480596542358,0.7142863273620605,0.6520516276359558,0.6804955720901489,1
CGTRNA_RS09480,CGTRNA_RS09500,0,0.0023234619293361902,0.004472703207284212,0.002092298585921526,0.002884523943066597,0.0015489176148548722,0.0035793872084468603,0.0027453890070319176,0.0012301988899707794,0.00972696952521801,0.002654236974194646,0.0033258086885325612,0
CGTRNA_RS09500,CGTRNA_RS09505,0,0.4374820590019226,0.4569692313671112,0.46518242359161377,0.4218897223472595,0.46341973543167114,0.2716900110244751,0.352235347032547,0.5175484418869019,0.1300925463438034,0.37522175908088684,0.38917312771081924,0
CGTRNA_RS09505,CGTRNA_RS09525,0,0.016267376020550728,0.019704146310687065,0.01537333894520998,0.02291189320385456,0.009126332588493824,0.028196211904287338,0.019104067236185074,0.003567456966266036,0.007029450032860041,0.0074359397403895855,0.014871621294878424,0
CGTRNA_RS09525,CGTRNA_RS09530,1,0.9932618141174316,0.9931336641311646,0.9889786839485168,0.9950443506240845,0.9909917116165161,0.9945797324180603,0.9898933172225952,0.991728663444519,0.9849907755851746,0.990218460559845,0.9912821173667907,1
CGTRNA_RS09530,CGTRNA_RS09545,0,0.0031685081776231527,0.0062699029222130775,0.003150980919599533,0.007029938977211714,0.009446599520742893,0.010390098206698895,0.007583418861031532,0.0001639983238419518,0.014440059661865234,0.0019253507489338517,0.006356885631976184,0
CGTRNA_RS09545,CGTRNA_RS09550,1,0.9285452365875244,0.9106210470199585,0.8973385691642761,0.8267638683319092,0.8948569297790527,0.7977195978164673,0.7194840312004089,0.9154489636421204,0.9093755483627319,0.8421986103057861,0.8642352402210236,1
CGTRNA_RS09550,CGTRNA_RS09555,1,0.807978093624115,0.8922970294952393,0.8766275644302368,0.9389520883560181,0.899928092956543,0.8790324926376343,0.7717486619949341,0.908337414264679,0.7417083382606506,0.7641587853431702,0.848076856136322,1
CGTRNA_RS09555,CGTRNA_RS09560,1,0.945231020450592,0.5976245999336243,0.8662282824516296,0.9258461594581604,0.9051689505577087,0.8728497624397278,0.9597482681274414,0.7241180539131165,0.8347507119178772,0.9520078897476196,0.8583573698997498,1
CGTRNA_RS09560,CGTRNA_RS09585,0,0.003658281872048974,0.0035020920913666487,0.0036130528897047043,0.0047165825963020325,0.0032678795978426933,0.0028783122543245554,0.005233061965554953,0.001146565773524344,0.0046404581516981125,0.0024850554764270782,0.0035141342668794096,0
CGTRNA_RS09585,CGTRNA_RS09590,1,0.9844276905059814,0.9710065722465515,0.9715911746025085,0.9815355539321899,0.9663912653923035,0.9658705592155457,0.9337950944900513,0.9746132493019104,0.9621762633323669,0.9814140796661377,0.9692821502685547,1
CGTRNA_RS09590,CGTRNA_RS09595,0,0.9880954623222351,0.9686654806137085,0.9652717113494873,0.9792063236236572,0.9792038798332214,0.9800037145614624,0.9909598231315613,0.9669819474220276,0.9508581757545471,0.9563088417053223,0.9725555360317231,1
CGTRNA_RS09665,CGTRNA_RS09690,0,0.000443448981968686,0.00037960437475703657,0.0007450326229445636,0.0010252314386889338,8.358446211786941e-05,0.00048644826165400445,0.0007962360978126526,0.0009409536723978817,0.0009668027050793171,0.0002947285829577595,0.0006162071200378705,0
CGTRNA_RS09690,CGTRNA_RS09740,0,0.00036729726707562804,0.00020658690482378006,0.0012580347247421741,0.0011242046020925045,9.110917744692415e-05,0.00027826536097563803,0.00046960392501205206,0.000522166839800775,0.0006500763120129704,0.0005149904754944146,0.0005482335589476861,0
CGTRNA_RS09740,CGTRNA_RS09745,0,0.17523156106472015,0.14717689156532288,0.15724286437034607,0.23884379863739014,0.05282681807875633,0.12889578938484192,0.27044084668159485,0.04376421868801117,0.16066713631153107,0.15572774410247803,0.15308176688849925,0
CGTRNA_RS09770,CGTRNA_RS09790,0,0.08890979737043381,0.005712252575904131,0.0713857039809227,0.08652747422456741,0.03407368063926697,0.11211419105529785,0.03269685059785843,0.019262664020061493,0.08612152934074402,0.07491359859704971,0.061171774240210655,0
CGTRNA_RS09790,CGTRNA_RS09805,0,0.002826007781550288,0.0005419284570962191,0.0026996354572474957,0.0036154035478830338,0.0008696772274561226,0.0016736637335270643,0.004695496987551451,0.002537334570661187,0.005390855949372053,0.002315439283847809,0.0027165442996192725,0
CGTRNA_RS09805,CGTRNA_RS09810,0,0.9751206636428833,0.7998918294906616,0.8698700666427612,0.9398269653320312,0.9087897539138794,0.9182561635971069,0.9347625374794006,0.7134244441986084,0.9050599932670593,0.9088793396949768,0.8873881757259369,1
CGTRNA_RS09810,CGTRNA_RS09815,0,0.10787562280893326,0.032165732234716415,0.07613062858581543,0.16241499781608582,0.03130357339978218,0.03612109646201134,0.07777784764766693,0.02250821702182293,0.08449225127696991,0.02722456119954586,0.065801452845335,0
CGTRNA_RS09815,CGTRNA_RS09820,1,0.9816817045211792,0.9838714599609375,0.9456050992012024,0.9697563648223877,0.9600579142570496,0.9686024188995361,0.9708231091499329,0.9480234980583191,0.9574748277664185,0.9797359704971313,0.9665632367134094,1
CGTRNA_RS09820,CGTRNA_RS09825,1,0.26948919892311096,0.26338255405426025,0.43738898634910583,0.42782583832740784,0.33241355419158936,0.30303704738616943,0.3446739614009857,0.041020769625902176,0.22265014052391052,0.30148303508758545,0.2943365085870028,0
CGTRNA_RS09825,CGTRNA_RS09850,0,0.003191164694726467,0.0024970092345029116,0.008940177038311958,0.008466840721666813,0.0014290022663772106,0.004182795993983746,0.0019138776697218418,0.003868302796036005,0.006067771464586258,0.0033728659618645906,0.00439298078417778,0
CGTRNA_RS09965,CGTRNA_RS09975,0,0.0037197398487478495,0.0042270212434232235,0.008331089280545712,0.0056016105227172375,0.0026955415960401297,0.0026567259337753057,0.005478094797581434,0.03386729210615158,0.014243721961975098,0.0049863229505717754,0.008580716024152935,0
CGTRNA_RS09975,CGTRNA_RS09980,1,0.9768973588943481,0.9641016721725464,0.9337754845619202,0.9688577055931091,0.9734287858009338,0.9648075103759766,0.9897834658622742,0.916826605796814,0.9494938254356384,0.8782996535301208,0.9516272068023681,1
CGTRNA_RS09980,CGTRNA_RS09985,1,0.9766359925270081,0.9811461567878723,0.9609881043434143,0.9872316122055054,0.9847058653831482,0.9843484163284302,0.9651689529418945,0.9867291450500488,0.9518148899078369,0.9771992564201355,0.9755968391895294,1
CGTRNA_RS09985,CGTRNA_RS09990,1,0.9899407625198364,0.9845064878463745,0.9865990877151489,0.9843649864196777,0.9798648357391357,0.9762589931488037,0.9769005179405212,0.9726981520652771,0.9808515310287476,0.9823312163352966,0.981431657075882,1
CGTRNA_RS09990,CGTRNA_RS09995,1,0.9883387088775635,0.9907894730567932,0.971765398979187,0.9872459769248962,0.9837684631347656,0.982530951499939,0.9770948886871338,0.9844527244567871,0.9687578678131104,0.986386775970459,0.9821131229400635,1
CGTRNA_RS09995,CGTRNA_RS10035,0,0.0006167540559545159,0.0012972850818186998,0.002400847850367427,0.001475334633141756,8.4820254414808e-05,0.0008268672972917557,0.0006252903258427978,0.001396211446262896,0.0016197884688153863,0.000898903701454401,0.0011242103115364443,0
CGTRNA_RS10035,CGTRNA_RS10045,0,0.05993782728910446,0.02283170260488987,0.07709521800279617,0.043386396020650864,0.01794118992984295,0.03062714822590351,0.04067652300000191,0.038081880658864975,0.0449087955057621,0.045363109558820724,0.042084979079663756,0
CGTRNA_RS10045,CGTRNA_RS10055,0,0.0022839526645839214,0.0011143734445795417,0.009601721540093422,0.004236569628119469,0.0016359275905415416,0.0037664102856069803,0.0058652544394135475,0.02832101657986641,0.027091288939118385,0.014925076626241207,0.009884159173816442,0
CGTRNA_RS10055,CGTRNA_RS10120,0,0.00025450001703575253,9.064882760867476e-05,0.00038435604074038565,0.0006433047237806022,4.674856609199196e-05,0.00031139981001615524,0.0003580845077522099,0.0003114951541647315,0.00031955496524460614,0.00019011873519048095,0.0002910211347625591,0
CGTRNA_RS10120,CGTRNA_RS10155,0,0.0015059177530929446,0.0014733269345015287,0.0038031768053770065,0.0037680885288864374,0.0009894759859889746,0.000904788903426379,0.0016432367265224457,0.004229629412293434,0.0066103278659284115,0.002072987612336874,0.0027000956528354437,0
CGTRNA_RS10170,CGTRNA_RS10180,0,0.1261020004749298,0.04470892623066902,0.16471827030181885,0.12008330225944519,0.07166524231433868,0.08051953464746475,0.294145792722702,0.1892797201871872,0.09863362461328506,0.1057380884885788,0.12955945022404194,0
CGTRNA_RS10180,CGTRNA_RS10185,1,0.7505578994750977,0.7889975905418396,0.6525193452835083,0.9110548496246338,0.7230076193809509,0.6351968050003052,0.9296357035636902,0.9200212359428406,0.8715361952781677,0.5303288102149963,0.771285605430603,1
CGTRNA_RS10185,CGTRNA_RS10280,0,0.0007730161887593567,0.0003444385656621307,0.0011846128618344665,0.001751055009663105,0.0002252816193504259,0.0005843096296302974,0.0006216021720319986,0.0005332882283255458,0.001210730173625052,0.0006455151597037911,0.000787384960858617,0
CGTRNA_RS10280,CGTRNA_RS10295,0,0.0024904876481741667,0.0019056557212024927,0.006931596901267767,0.005209736526012421,0.0018144517671316862,0.0018492602976039052,0.0034935027360916138,0.016529159620404243,0.011076024733483791,0.004404119215905666,0.005570399516727775,0
CGTRNA_RS10295,CGTRNA_RS10300,1,0.852558970451355,0.9361304640769958,0.9349609613418579,0.9717028737068176,0.9142540693283081,0.8450935482978821,0.9774028658866882,0.8912424445152283,0.9209491610527039,0.9178922772407532,0.916218763589859,1
CGTRNA_RS10300,CGTRNA_RS10305,1,0.9395526647567749,0.9444811940193176,0.9437316656112671,0.9493029713630676,0.9411367177963257,0.9472518563270569,0.8635339140892029,0.9844352006912231,0.8804149627685547,0.8996766805648804,0.9293517827987671,1
CGTRNA_RS10305,CGTRNA_RS10320,0,0.018027380108833313,0.0034715565852820873,0.0120876245200634,0.019630620256066322,0.014462864026427269,0.004123257473111153,0.012031652964651585,0.002301831031218171,0.009801909327507019,0.010386515408754349,0.010632521170191468,0
CGTRNA_RS10320,CGTRNA_RS10345,0,0.003590523498132825,0.0020679584704339504,0.0038007621187716722,0.005037176888436079,0.0018791408510878682,0.0014386955881491303,0.00140215246938169,0.002403856720775366,0.007127891760319471,0.0025260576512664557,0.003127421601675451,0
CGTRNA_RS10345,CGTRNA_RS10350,1,0.9444448351860046,0.9825292825698853,0.941676676273346,0.9866548180580139,0.9684686660766602,0.9488428235054016,0.9678012132644653,0.9810211062431335,0.971750795841217,0.980630099773407,0.9673820316791535,1
CGTRNA_RS10350,CGTRNA_RS10355,0,0.49469637870788574,0.5568405389785767,0.4599539041519165,0.5089089274406433,0.16383208334445953,0.3059552311897278,0.8253306150436401,0.7122907042503357,0.7009650468826294,0.33944982290267944,0.5068223252892494,1
CGTRNA_RS10355,CGTRNA_RS10360,1,0.9797161221504211,0.9929376840591431,0.9755821228027344,0.9901208281517029,0.9861646294593811,0.9845151305198669,0.964651346206665,0.9878678321838379,0.9867035150527954,0.984612762928009,0.9832871973514556,1
CGTRNA_RS10360,CGTRNA_RS10375,0,0.0027917311526834965,0.0028809632640331984,0.004441483877599239,0.004618376027792692,0.0007673905347473919,0.002280371729284525,0.003493824740871787,0.012836419977247715,0.00735327135771513,0.001801836653612554,0.004326566931558773,0
CGTRNA_RS10375,CGTRNA_RS10395,0,0.029268208891153336,0.0027996485587209463,0.06915432214736938,0.03312051668763161,0.0074796006083488464,0.00832037627696991,0.015325584448873997,0.019847674295306206,0.027151914313435555,0.02543264999985695,0.023790049622766672,0
CGTRNA_RS10395,CGTRNA_RS10405,0,0.16246847808361053,0.05335511267185211,0.10640975087881088,0.09279952198266983,0.050651002675294876,0.1091303601861,0.09724515676498413,0.18616558611392975,0.07096337527036667,0.07828593254089355,0.10074742771685123,0
CGTRNA_RS10405,CGTRNA_RS10420,0,0.006469014100730419,0.0016820478485897183,0.010886117815971375,0.008513242937624454,0.0014544229488819838,0.029885834082961082,0.0034663511905819178,0.02919110655784607,0.017009489238262177,0.00869889184832573,0.011725651856977493,0
CGTRNA_RS10420,CGTRNA_RS10425,0,0.626317024230957,0.4352063536643982,0.7020595669746399,0.5561821460723877,0.22885674238204956,0.5126926302909851,0.362653911113739,0.6057603359222412,0.6523870825767517,0.5608898401260376,0.5243005633354187,1
CGTRNA_RS10425,CGTRNA_RS10430,1,0.9810805916786194,0.9626249074935913,0.9626320600509644,0.9711529612541199,0.970356822013855,0.9676136374473572,0.9871244430541992,0.9046164155006409,0.9159008860588074,0.921271026134491,0.9544373750686646,1
CGTRNA_RS10480,CGTRNA_RS10625,0,0.002404207829385996,0.0009572305134497583,0.0020337793976068497,0.0033270481508225203,0.0004434931615833193,0.0007231030613183975,0.0006296446081250906,0.0006666606641374528,0.0008676113793626428,0.0014428301947191358,0.0013495608960511162,0
CGTRNA_RS10625,CGTRNA_RS10635,0,0.12464910000562668,0.012390363961458206,0.05312987044453621,0.04254646599292755,0.036941833794116974,0.06944466382265091,0.10701315104961395,0.01574857160449028,0.16561442613601685,0.06278049945831299,0.06902589462697506,0
CGTRNA_RS10635,CGTRNA_RS10640,1,0.9930094480514526,0.9934799671173096,0.9870865345001221,0.9922432899475098,0.9858429431915283,0.989345908164978,0.9742234349250793,0.9918239116668701,0.9939844012260437,0.9874793887138367,0.9888519227504731,1
CGTRNA_RS10640,CGTRNA_RS10650,0,0.12935733795166016,0.016368800774216652,0.24589408934116364,0.08289464563131332,0.037100180983543396,0.12260337918996811,0.3276148736476898,0.2728923261165619,0.07092844694852829,0.1383015215396881,0.14439556021243333,0
CGTRNA_RS10650,CGTRNA_RS10655,1,0.9828868508338928,0.9722435474395752,0.9497008323669434,0.981171727180481,0.9722426533699036,0.9801297783851624,0.9892928600311279,0.9716918468475342,0.962907075881958,0.9492170810699463,0.9711484253406525,1
CGTRNA_RS10655,CGTRNA_RS10660,0,0.7002384066581726,0.7084438800811768,0.5632615685462952,0.7337543368339539,0.53508061170578,0.6564444303512573,0.8567076325416565,0.6262146234512329,0.5534124970436096,0.4977780878543854,0.643133607506752,1
CGTRNA_RS10660,CGTRNA_RS10675,0,0.0156085891649127,0.013718223199248314,0.0356832891702652,0.022414477542042732,0.02161857858300209,0.015215141698718071,0.016205571591854095,0.10199134051799774,0.051124200224876404,0.028178518638014793,0.03217579303309322,0
CGTRNA_RS10675,CGTRNA_RS10680,1,0.7625938057899475,0.6865015029907227,0.6247967481613159,0.7626937031745911,0.7474861145019531,0.6530473828315735,0.7767355442047119,0.6326444745063782,0.7498739957809448,0.8241243958473206,0.722049766778946,1
CGTRNA_RS10680,CGTRNA_RS10755,0,0.0009161985362879932,0.000282859691651538,0.000594652839936316,0.0016749014612287283,0.0003016918490175158,0.00044471368892118335,0.0005454242345876992,0.0006992785492911935,0.0012014929670840502,0.0005750502459704876,0.0007236264063976705,0
CGTRNA_RS10755,CGTRNA_RS10765,0,0.02790437825024128,0.015493656508624554,0.04847574234008789,0.03267873823642731,0.021643131971359253,0.02880246937274933,0.07703179121017456,0.13706094026565552,0.04345657676458359,0.026149597018957138,0.045869702193886044,0
CGTRNA_RS10765,CGTRNA_RS10770,1,0.993128776550293,0.9931592345237732,0.9829502105712891,0.9920032620429993,0.9893923401832581,0.9927121996879578,0.991051197052002,0.9954533576965332,0.9808398485183716,0.9886384010314941,0.9899328827857972,1
CGTRNA_RS10770,CGTRNA_RS10775,1,0.853503942489624,0.8758629560470581,0.9231135249137878,0.969792902469635,0.86855149269104,0.8564112782478333,0.9558514356613159,0.945647120475769,0.9178383946418762,0.8906639218330383,0.9057236969470978,1
CGTRNA_RS10775,CGTRNA_RS10780,1,0.9899232983589172,0.9847878217697144,0.9865166544914246,0.9929305911064148,0.9862693548202515,0.9885151982307434,0.9816298484802246,0.9818758368492126,0.9899854063987732,0.9917913675308228,0.9874225378036499,1
CGTRNA_RS10780,CGTRNA_RS10795,0,0.011290607042610645,0.002227090299129486,0.008744320832192898,0.008281458169221878,0.0028292154893279076,0.0096448278054595,0.011693255975842476,0.013300757855176926,0.02080375701189041,0.012145624496042728,0.010096091497689485,0
CGTRNA_RS10795,CGTRNA_RS10805,0,0.1332615464925766,0.09963958710432053,0.2737935781478882,0.22020559012889862,0.11242217570543289,0.10036000609397888,0.1983698308467865,0.0894700288772583,0.13649044930934906,0.12370681017637253,0.1487719602882862,0
CGTRNA_RS10805,CGTRNA_RS10810,0,0.7968449592590332,0.7614718079566956,0.8937682509422302,0.9441822171211243,0.6669751405715942,0.8884261846542358,0.8162829875946045,0.7939355373382568,0.8249801993370056,0.6267476677894592,0.801361495256424,1
CGTRNA_RS10810,CGTRNA_RS10815,1,0.8497679233551025,0.6300374865531921,0.6449572443962097,0.7596898078918457,0.8533129692077637,0.7221402525901794,0.8459061980247498,0.4657817780971527,0.663763165473938,0.37207984924316406,0.6807436674833298,1
CGTRNA_RS10815,CGTRNA_RS10820,1,0.42359182238578796,0.4855448305606842,0.24605317413806915,0.22098731994628906,0.3002350330352783,0.27845585346221924,0.5863673090934753,0.700128972530365,0.2014426589012146,0.2352893352508545,0.36780963093042374,0
CGTRNA_RS10820,CGTRNA_RS10825,0,0.5985897183418274,0.7957176566123962,0.7162864208221436,0.7354140877723694,0.7426168918609619,0.6710206866264343,0.6366435885429382,0.7672029733657837,0.5724036693572998,0.58540278673172,0.6821298480033875,1
CGTRNA_RS10825,CGTRNA_RS10840,0,0.006537907756865025,0.005386602599173784,0.01976054534316063,0.020736224949359894,0.002902367152273655,0.013543521985411644,0.016396278515458107,0.0018122403416782618,0.016747066751122475,0.0074806055054068565,0.011130336089991033,0
CGTRNA_RS10840,CGTRNA_RS10860,0,0.023283272981643677,0.06522206217050552,0.06999245285987854,0.06916224211454391,0.059941526502370834,0.06129767745733261,0.04625798761844635,0.022648749873042107,0.05892093852162361,0.029505206272006035,0.05062321163713932,0
CGTRNA_RS10860,CGTRNA_RS10865,1,0.985461413860321,0.9879440069198608,0.9893460273742676,0.9875825047492981,0.9956998229026794,0.9732591509819031,0.9476500749588013,0.9853188991546631,0.9776091575622559,0.9867796897888184,0.9816650748252869,1
CGTRNA_RS10915,CGTRNA_RS10920,0,0.6876646280288696,0.3131089508533478,0.6427879333496094,0.6295061111450195,0.6108231544494629,0.5750689506530762,0.7148607969284058,0.191534623503685,0.7072098851203918,0.39246827363967896,0.5465033307671547,1
CGTRNA_RS10920,CGTRNA_RS10930,0,0.21423162519931793,0.10220901668071747,0.18440549075603485,0.16972726583480835,0.15894107520580292,0.14185604453086853,0.30557912588119507,0.24964964389801025,0.14654576778411865,0.18962834775447845,0.18627734035253524,0
CGTRNA_RS10930,CGTRNA_RS10960,0,0.0006756155635230243,0.00034861292806454003,0.0021437315735965967,0.0012537211878225207,0.00017035726341418922,0.0013201575493440032,0.001594122382812202,0.0010040977504104376,0.0010577565990388393,0.00035639459383673966,0.0009924567391863092,0
CGTRNA_RS10960,CGTRNA_RS10965,1,0.9875133633613586,0.9710797071456909,0.955838143825531,0.9745445847511292,0.9837231040000916,0.977753221988678,0.991298258304596,0.9665451645851135,0.9679701328277588,0.8965681791305542,0.9672833859920502,1
CGTRNA_RS10965,CGTRNA_RS10970,1,0.9270009398460388,0.6455538272857666,0.8035717606544495,0.8702050447463989,0.7585276961326599,0.7857836484909058,0.9589618444442749,0.773528516292572,0.7492186427116394,0.8901312947273254,0.8162483215332031,1
CGTRNA_RS11045,CGTRNA_RS11050,1,0.8374007940292358,0.7157855033874512,0.8028943538665771,0.8105092644691467,0.7062259912490845,0.7501531839370728,0.9674865007400513,0.7257406711578369,0.6915898323059082,0.7499752044677734,0.7757761299610137,1
CGTRNA_RS11050,CGTRNA_RS11055,1,0.9804794788360596,0.992737889289856,0.9879783987998962,0.9965000748634338,0.9880306720733643,0.9928788542747498,0.9886724352836609,0.9851318001747131,0.9911600351333618,0.9892954230308533,0.9892865061759949,1
CGTRNA_RS11055,CGTRNA_RS11080,0,0.0006874711252748966,0.000509715813677758,0.0022432063706219196,0.0012189563130959868,0.00022027971863280982,0.0012581928167492151,0.0019092559814453125,0.0016549982829019427,0.0012661719229072332,0.0003024769830517471,0.0011270725328358822,0
CGTRNA_RS11080,CGTRNA_RS11085,1,0.9700945019721985,0.8905289173126221,0.8834373950958252,0.9611614942550659,0.8918030858039856,0.9215989708900452,0.9184455275535583,0.5238355398178101,0.8318684101104736,0.8996457457542419,0.8692419588565826,1
CGTRNA_RS11085,CGTRNA_RS11095,0,0.02960568480193615,0.010267652571201324,0.01911979727447033,0.028190499171614647,0.004508704878389835,0.032469864934682846,0.03126383200287819,0.005433783400803804,0.010378175415098667,0.014403250999748707,0.01856412454508245,0
CGTRNA_RS11095,CGTRNA_RS11105,0,0.7255163788795471,0.5787282586097717,0.7151350975036621,0.8304030299186707,0.4958421289920807,0.5403946042060852,0.46766000986099243,0.9401618838310242,0.675422191619873,0.7082079648971558,0.6677471548318863,1
CGTRNA_RS11120,CGTRNA_RS11125,1,0.8335569500923157,0.8683256506919861,0.7751918435096741,0.9366655945777893,0.8721408247947693,0.9158082604408264,0.9589353203773499,0.7954917550086975,0.8626173138618469,0.872756838798523,0.8691490352153778,1
CGTRNA_RS11125,CGTRNA_RS11135,0,0.011886031366884708,0.002272654790431261,0.012976229190826416,0.009359652176499367,0.0033811372704803944,0.01735999993979931,0.014126191847026348,0.014129101298749447,0.006641853135079145,0.008484465070068836,0.010061731608584524,0
CGTRNA_RS11135,CGTRNA_RS11140,1,0.9740191102027893,0.9778326153755188,0.93519526720047,0.9773905873298645,0.9755427837371826,0.9701399803161621,0.991401195526123,0.9548304677009583,0.9488852620124817,0.9375979900360107,0.9642835259437561,1
CGTRNA_RS11140,CGTRNA_RS11165,0,0.0013254869263619184,0.000983559526503086,0.002700062934309244,0.0025418216828256845,0.0003862699377350509,0.0009848838672041893,0.0012878526467829943,0.013987017795443535,0.002187022240832448,0.002316180383786559,0.002870015794178471,0
CGTRNA_RS11165,CGTRNA_RS11185,0,0.004477319307625294,0.001830398105084896,0.003438064595684409,0.003245463827624917,0.0009825450833886862,0.0028051810804754496,0.0033651504199951887,0.011885294690728188,0.007870425470173359,0.008369472809135914,0.00482693153899163,0
CGTRNA_RS11185,CGTRNA_RS11190,1,0.8743759989738464,0.8201435804367065,0.6645810008049011,0.8066126108169556,0.7564153075218201,0.8158699870109558,0.8601520657539368,0.5515373349189758,0.8034660220146179,0.4749716818332672,0.7428125590085983,1
CGTRNA_RS11190,CGTRNA_RS11195,1,0.7075523734092712,0.6390742659568787,0.8335380554199219,0.8298044800758362,0.8602463006973267,0.7273200750350952,0.5331874489784241,0.7487301826477051,0.4401637613773346,0.8473673462867737,0.7166984289884567,1
CGTRNA_RS11195,CGTRNA_RS11255,0,0.0006557488231919706,0.0003501966129988432,0.0011339454213157296,0.0012925114715471864,0.00015470552898477763,0.0005544724990613759,0.0008604848990216851,0.0007755749975331128,0.0010660265106707811,0.001142702647484839,0.0007986369411810302,0
CGTRNA_RS11255,CGTRNA_RS11275,0,0.006258857436478138,0.007893848232924938,0.005598172079771757,0.009688444435596466,0.00891530979424715,0.01201530173420906,0.01598719134926796,0.0012261378578841686,0.007771831471472979,0.003741168649867177,0.007909626304171979,0
CGTRNA_RS11275,CGTRNA_RS11280,1,0.9758419394493103,0.9715529680252075,0.9729974269866943,0.9827133417129517,0.9731793403625488,0.9790072441101074,0.9259461164474487,0.9688118696212769,0.9675740599632263,0.9716034531593323,0.9689227759838104,1
CGTRNA_RS11280,CGTRNA_RS11295,0,0.025118166580796242,0.03438232094049454,0.029410837218165398,0.024726243689656258,0.0176750048995018,0.00872818473726511,0.0105229327455163,0.08674464374780655,0.04389876872301102,0.024152839556336403,0.03053599428385496,0
CGTRNA_RS11295,CGTRNA_RS11300,1,0.7912120223045349,0.8324041366577148,0.9153314232826233,0.9762431979179382,0.9294951558113098,0.8354231119155884,0.9281108975410461,0.9223506450653076,0.9125305414199829,0.8002529144287109,0.8843354046344757,1
CGTRNA_RS11300,CGTRNA_RS11305,1,0.9895433187484741,0.9771677255630493,0.9693827629089355,0.9812356233596802,0.9764727354049683,0.9806572198867798,0.9904749989509583,0.9898162484169006,0.9793571829795837,0.9581778645515442,0.9792285680770874,1
CGTRNA_RS11305,CGTRNA_RS11330,0,0.006053174380213022,0.005099297966808081,0.013793367892503738,0.006073312368243933,0.0013018803438171744,0.008863229304552078,0.008228544145822525,0.005093937739729881,0.00898298341780901,0.003491888986900449,0.006698161654639989,0
CGTRNA_RS11330,CGTRNA_RS11335,1,0.9901247024536133,0.9887313842773438,0.9819168448448181,0.9886755347251892,0.9833390116691589,0.9881764650344849,0.9866969585418701,0.9908372163772583,0.9874303936958313,0.9852304458618164,0.9871158957481384,1
CGTRNA_RS11335,CGTRNA_RS11340,1,0.7331656813621521,0.5637459754943848,0.6885574460029602,0.6244546175003052,0.4056415557861328,0.590914249420166,0.8338161706924438,0.850823700428009,0.7512000203132629,0.4913317561149597,0.6533651173114776,1
CGTRNA_RS11340,CGTRNA_RS11365,0,0.0009076998685486615,0.0003467458300292492,0.002392140682786703,0.0012342703994363546,0.0001625924778636545,0.001089691650122404,0.0009028143249452114,0.001955247251316905,0.0008723621140234172,0.0007569334120489657,0.0010620498011121525,0
CGTRNA_RS11365,CGTRNA_RS11385,0,0.01410189364105463,0.0227020513266325,0.012787233106791973,0.01514402125030756,0.008142215199768543,0.017049917951226234,0.013909028843045235,0.010364394634962082,0.012853965163230896,0.010586493648588657,0.013764121476560831,0
CGTRNA_RS11385,CGTRNA_RS11390,1,0.9808990955352783,0.9795283079147339,0.9387783408164978,0.9754006266593933,0.9768098592758179,0.9755284786224365,0.9905285835266113,0.9617686867713928,0.9639208316802979,0.9385159611701965,0.9681678771972656,1
CGTRNA_RS11390,CGTRNA_RS11395,1,0.992851734161377,0.9867658019065857,0.9553420543670654,0.9783245325088501,0.9842633605003357,0.9820743799209595,0.9926478266716003,0.9764309525489807,0.979590654373169,0.9589089155197144,0.9787200212478637,1
CGTRNA_RS11395,CGTRNA_RS11400,1,0.9867810010910034,0.9732987284660339,0.9572932720184326,0.9740818738937378,0.9758698344230652,0.9668651223182678,0.9914754033088684,0.9787701368331909,0.9530396461486816,0.9135503768920898,0.9671025395393371,1
CGTRNA_RS11400,CGTRNA_RS11410,0,0.05828969180583954,0.014203712344169617,0.062022071331739426,0.03209314122796059,0.02791527844965458,0.055116236209869385,0.13350282609462738,0.0492045059800148,0.05694803595542908,0.06940821558237076,0.055870371498167516,0
CGTRNA_RS11410,CGTRNA_RS11415,0,0.29905062913894653,0.29508504271507263,0.4246636927127838,0.366779088973999,0.21724967658519745,0.276753693819046,0.44794201850891113,0.0677461251616478,0.39127135276794434,0.35637179017066956,0.31429131105542185,0
CGTRNA_RS11415,CGTRNA_RS11425,0,0.019643418490886688,0.010043798945844173,0.03412548452615738,0.04230225831270218,0.01691535674035549,0.025502605363726616,0.0189471747726202,0.004209931008517742,0.029789399355649948,0.01970187947154045,0.022118130698800087,0
CGTRNA_RS11425,CGTRNA_RS11435,0,0.010504346340894699,0.0015835071681067348,0.01133852917701006,0.0048646279610693455,0.0011766848620027304,0.011183112859725952,0.010644905269145966,0.008809876628220081,0.02938920445740223,0.007831539027392864,0.009732633375097065,0
CGTRNA_RS11435,CGTRNA_RS11440,0,0.13521909713745117,0.044917989522218704,0.16464661061763763,0.23864653706550598,0.110960453748703,0.09871484339237213,0.3322003185749054,0.040637724101543427,0.065806545317173,0.02541927434504032,0.1257169393822551,0
CGTRNA_RS11440,CGTRNA_RS11450,0,0.38234081864356995,0.0972304716706276,0.19182251393795013,0.33850643038749695,0.2422507405281067,0.18926352262496948,0.14067032933235168,0.08808235824108124,0.08560570329427719,0.18506836891174316,0.1940841257572174,0
CGTRNA_RS11450,CGTRNA_RS11460,0,0.007950411178171635,0.0013885472435504198,0.009639518335461617,0.01049603708088398,0.002125832950696349,0.005503675434738398,0.020924923941493034,0.00537144998088479,0.009633457288146019,0.0037177735939621925,0.0076751627027988436,0
CGTRNA_RS11460,CGTRNA_RS11465,1,0.9389358758926392,0.9128402471542358,0.9449809789657593,0.9553750157356262,0.8558200001716614,0.9171500205993652,0.9095310568809509,0.9516829252243042,0.9281988739967346,0.9412727355957031,0.925578773021698,1
CGTRNA_RS11465,CGTRNA_RS11470,0,0.40909039974212646,0.36298322677612305,0.3884972035884857,0.65134197473526,0.4222656488418579,0.4499216675758362,0.540574312210083,0.26679080724716187,0.30374252796173096,0.2363514006137848,0.403155916929245,0
CGTRNA_RS11470,CGTRNA_RS11495,0,0.001585876103490591,0.0007156180799938738,0.0019598333165049553,0.001897248555906117,0.0004455058369785547,0.0007182413246482611,0.0015857659745961428,0.0015559603925794363,0.0017849726136773825,0.0007379610324278474,0.0012986983230803162,0
CGTRNA_RS11495,CGTRNA_RS11500,1,0.26095345616340637,0.16536450386047363,0.12225769460201263,0.19108298420906067,0.08215972036123276,0.1377517133951187,0.27552318572998047,0.055577702820301056,0.19840863347053528,0.04765351861715317,0.15367331132292747,0
CGTRNA_RS11500,CGTRNA_RS11575,0,0.0005278198514133692,0.0007272370276041329,0.001696059131063521,0.0012189141707494855,0.00011443305993452668,0.00080936832819134,0.0009429263300262392,0.0007284283055923879,0.0009171749697998166,0.0005450963508337736,0.0008227457525208593,0
CGTRNA_RS11610,CGTRNA_RS11630,0,0.008786042220890522,0.005558208096772432,0.014935506507754326,0.007348448969423771,0.0019641434773802757,0.0030219806358218193,0.0038155000656843185,0.04655059799551964,0.016937630251049995,0.013434996828436852,0.012235305504873395,0
CGTRNA_RS11630,CGTRNA_RS11645,0,0.0026608759071677923,0.0019294105004519224,0.006182797718793154,0.003109568729996681,0.0006570825353264809,0.0019920524209737778,0.004141977522522211,0.012648784555494785,0.005932317115366459,0.0027309420984238386,0.00419858091045171,0
CGTRNA_RS11645,CGTRNA_RS11675,0,0.0018648551777005196,0.0008537449757568538,0.00299338111653924,0.002255978062748909,0.0003647003322839737,0.003911150153726339,0.0015426237368956208,0.009427505545318127,0.003727981587871909,0.0022443814668804407,0.002918630215572193,0
CGTRNA_RS11675,CGTRNA_RS11690,0,0.011092298664152622,0.00651027774438262,0.018919633701443672,0.006314639467746019,0.0036090363282710314,0.01781848818063736,0.019559044390916824,0.07174655795097351,0.027442555874586105,0.017145898193120956,0.02001584304962307,0
CGTRNA_RS11690,CGTRNA_RS11700,0,0.055453963577747345,0.05605301260948181,0.1291637122631073,0.10599308460950851,0.03240262344479561,0.06868854910135269,0.0629425048828125,0.03417450934648514,0.08299922198057175,0.10926317423582077,0.07371343560516834,0
CGTRNA_RS11700,CGTRNA_RS11705,0,0.9712211489677429,0.8787750005722046,0.9619700908660889,0.9764614701271057,0.9743592739105225,0.9073454737663269,0.8333821296691895,0.9676761627197266,0.9563925862312317,0.9523120522499084,0.9379895389080047,1
CGTRNA_RS11705,CGTRNA_RS11710,1,0.9916268587112427,0.9874716997146606,0.9829824566841125,0.9857537150382996,0.9842455387115479,0.9892363548278809,0.9841485023498535,0.9922056794166565,0.9783975481987,0.9896111488342285,0.9865679502487182,1
CGTRNA_RS11710,CGTRNA_RS11725,0,0.021732812747359276,0.014639442786574364,0.03603096306324005,0.026263495907187462,0.01529613882303238,0.007939140312373638,0.006076390855014324,0.14801320433616638,0.054694291204214096,0.035415828227996826,0.03661017082631588,0
CGTRNA_RS11725,CGTRNA_RS11740,0,0.011612276546657085,0.00236590881831944,0.012686355039477348,0.014167776331305504,0.005086413584649563,0.009480651468038559,0.026210486888885498,0.03536468371748924,0.020720109343528748,0.017500896006822586,0.015519555774517357,0
CGTRNA_RS11740,CGTRNA_RS11745,1,0.9911792874336243,0.9883113503456116,0.9845861196517944,0.9892279505729675,0.9833105206489563,0.9874209761619568,0.9552743434906006,0.981924295425415,0.9850741028785706,0.9850452542304993,0.9831354200839997,1
CGTRNA_RS11745,CGTRNA_RS11750,1,0.9922680258750916,0.988459587097168,0.9858208894729614,0.9849414229393005,0.9870225191116333,0.9891221523284912,0.9800429344177246,0.9856321215629578,0.9853340983390808,0.9906212091445923,0.9869264960289001,1
CGTRNA_RS11750,CGTRNA_RS11755,0,0.9925174713134766,0.9884046912193298,0.990845799446106,0.9857891201972961,0.9880415201187134,0.9893398880958557,0.9706875681877136,0.9895848631858826,0.9793570637702942,0.9877161979675293,0.9862284183502197,1
CGTRNA_RS11815,CGTRNA_RS11820,0,0.9021599292755127,0.8153495788574219,0.8787509202957153,0.9567503333091736,0.9239429235458374,0.8474703431129456,0.936945378780365,0.9291308522224426,0.9163283705711365,0.9443687796592712,0.9051197409629822,1
CGTRNA_RS11820,CGTRNA_RS11825,0,0.8670725226402283,0.9366897344589233,0.9201045036315918,0.9583834409713745,0.9307116866111755,0.8575226664543152,0.9091417193412781,0.9184166789054871,0.9408285617828369,0.9096577763557434,0.9148529291152954,1
CGTRNA_RS11825,CGTRNA_RS11830,0,0.6972395181655884,0.7672587633132935,0.7913930416107178,0.8692246675491333,0.7868666648864746,0.5839338302612305,0.5310176610946655,0.8852202296257019,0.7163265347480774,0.4639838933944702,0.7092464804649353,1
CGTRNA_RS11830,CGTRNA_RS11855,0,0.0026062217075377703,0.0021955391857773066,0.0037830343935638666,0.0035160111729055643,0.0025101082865148783,0.002382631180807948,0.0028946504462510347,0.02569672092795372,0.013852817937731743,0.007047049701213837,0.006648478494025767,0
CGTRNA_RS11855,CGTRNA_RS11860,0,0.9905800819396973,0.9838588237762451,0.9600315093994141,0.9761412143707275,0.9878352284431458,0.9766998291015625,0.99284428358078,0.9800063967704773,0.9705021381378174,0.9306001663208008,0.9749099671840668,1
CGTRNA_RS11860,CGTRNA_RS11865,0,0.9904558658599854,0.9830597043037415,0.9464144706726074,0.9785007238388062,0.9867404699325562,0.9816179275512695,0.992511510848999,0.9789444804191589,0.9662033319473267,0.9197955131530762,0.9724243998527526,1
CGTRNA_RS11865,CGTRNA_RS11875,0,0.026744846254587173,0.020917803049087524,0.06329894065856934,0.06069935858249664,0.07533304393291473,0.0813857838511467,0.05523812770843506,0.0046703265979886055,0.08914422243833542,0.031156927347183228,0.05085893804207444,0
CGTRNA_RS11875,CGTRNA_RS11895,0,0.0270109660923481,0.009192530065774918,0.015551441349089146,0.013746386393904686,0.02506513148546219,0.03685770556330681,0.03047756664454937,0.013364160433411598,0.013747762888669968,0.014220668002963066,0.019923431891947986,0
CGTRNA_RS11895,CGTRNA_RS11915,0,0.0039295293390750885,0.001756839221343398,0.014925912022590637,0.005434052087366581,0.0005957403336651623,0.0074534364975988865,0.006509232800453901,0.005681396462023258,0.007335111033171415,0.00376262073405087,0.00573838705313392,0
CGTRNA_RS11915,CGTRNA_RS11920,0,0.37043043971061707,0.25144094228744507,0.48759302496910095,0.5372607707977295,0.48601895570755005,0.271071195602417,0.3410404920578003,0.41588959097862244,0.3198200464248657,0.2792906165122986,0.37598560750484467,0
CGTRNA_RS11920,CGTRNA_RS11930,0,0.017315374687314034,0.003969243261963129,0.02084529958665371,0.013340233825147152,0.007246602326631546,0.011613677255809307,0.033915553241968155,0.08327267318964005,0.03382883220911026,0.025976700708270073,0.02513241902925074,0
CGTRNA_RS11985,CGTRNA_RS11990,1,0.8231000900268555,0.9861441850662231,0.8224024176597595,0.9624389410018921,0.940664529800415,0.8463809490203857,0.9484407901763916,0.7970501780509949,0.9468268752098083,0.9109705686569214,0.8984419524669647,1
CGTRNA_RS11990,CGTRNA_RS11995,0,0.5051602125167847,0.4641278088092804,0.5854234099388123,0.5405455231666565,0.39188095927238464,0.44255974888801575,0.414683997631073,0.27056095004081726,0.40967968106269836,0.6727033257484436,0.46973256170749667,0
CGTRNA_RS11995,CGTRNA_RS12000,0,0.31358110904693604,0.13080936670303345,0.4371034801006317,0.39594778418540955,0.3570975661277771,0.304776132106781,0.399364709854126,0.3361779749393463,0.38126257061958313,0.1441991776227951,0.32003198713064196,0
CGTRNA_RS12000,CGTRNA_RS12010,0,0.1074148491024971,0.039656948298215866,0.06259125471115112,0.10979042947292328,0.05564868822693825,0.10930712521076202,0.11138524860143661,0.10257191956043243,0.0428520143032074,0.0660766065120697,0.08072950839996337,0
CGTRNA_RS12010,CGTRNA_RS12025,0,0.009905188344419003,0.001936222892254591,0.023932699114084244,0.012342782691121101,0.003234505420550704,0.009388195350766182,0.0056871152482926846,0.00316468789242208,0.015344565734267235,0.009032564237713814,0.009396852692589164,0
CGTRNA_RS12025,CGTRNA_RS12030,1,0.9733995795249939,0.9822671413421631,0.9529427289962769,0.9669054746627808,0.9746823906898499,0.9699117541313171,0.9793981313705444,0.9520673155784607,0.970936119556427,0.9773101806640625,0.9699820816516876,1
CGTRNA_RS12125,CGTRNA_RS12145,0,0.011826376430690289,0.0033336530905216932,0.008360370993614197,0.009107313118875027,0.00271043018437922,0.00413598632439971,0.0043064565397799015,0.011920670978724957,0.004218169022351503,0.0071456702426075935,0.006706509692594409,0
CGTRNA_RS12145,CGTRNA_RS12155,0,0.01251038908958435,0.004673737101256847,0.02255583181977272,0.014187158085405827,0.004443242680281401,0.010000424459576607,0.04320078343153,0.019335048273205757,0.011673721484839916,0.009075842797756195,0.015165617922320962,0
CGTRNA_RS12155,CGTRNA_RS12160,1,0.6140883564949036,0.5926862955093384,0.49087750911712646,0.5357891917228699,0.4697290062904358,0.5074710845947266,0.7292444109916687,0.4337531626224518,0.7027281522750854,0.5427054762840271,0.5619072645902634,1
CGTRNA_RS12160,CGTRNA_RS12165,1,0.9924926161766052,0.9911627173423767,0.9729147553443909,0.9820442795753479,0.9905391931533813,0.9890761971473694,0.9859511256217957,0.9917609095573425,0.9771854281425476,0.98829585313797,0.9861423075199127,1
CGTRNA_RS12190,CGTRNA_RS12205,0,0.007531389128416777,0.001734557910822332,0.005238963291049004,0.008026710711419582,0.0013112194137647748,0.01647070236504078,0.005351374391466379,0.017608068883419037,0.012233315967023373,0.007442326284945011,0.008294862834736705,0
CGTRNA_RS12225,CGTRNA_RS12230,0,0.5429220199584961,0.5684541463851929,0.656217634677887,0.7396741509437561,0.5573890209197998,0.47991272807121277,0.5824049115180969,0.587671160697937,0.5709888935089111,0.5282074213027954,0.5813842087984085,1
CGTRNA_RS12230,CGTRNA_RS12235,0,0.5736640691757202,0.4294637441635132,0.552250862121582,0.5422950983047485,0.619480311870575,0.423162043094635,0.6633363366127014,0.37602901458740234,0.43255412578582764,0.23739753663539886,0.48496331423521044,0
CGTRNA_RS12235,CGTRNA_RS12240,0,0.8717063665390015,0.9006267786026001,0.8243202567100525,0.8699716925621033,0.7924995422363281,0.9092493057250977,0.71661776304245,0.8411872982978821,0.8326836824417114,0.9198761582374573,0.8478738844394684,1
CGTRNA_RS12240,CGTRNA_RS12245,0,0.4580274522304535,0.2039823681116104,0.41521674394607544,0.5381649136543274,0.29161372780799866,0.3855345845222473,0.605046272277832,0.17204348742961884,0.6056971549987793,0.3545949161052704,0.4029921621084213,0
CGTRNA_RS12260,CGTRNA_RS12275,0,0.009567655622959137,0.0032327750232070684,0.011275697499513626,0.005767257884144783,0.0011143962619826198,0.006688128691166639,0.005109165795147419,0.008941681124269962,0.010552827268838882,0.013014356605708599,0.007526394177693874,0
CGTRNA_RS12275,CGTRNA_RS12300,0,0.0008773554000072181,0.00014065422874409705,0.000995769165456295,0.0013009777758270502,0.00010623286652844399,0.0003396905376575887,0.0005029452731832862,0.0017910507740452886,0.0009237261838279665,0.0007805098430253565,0.0007758912048302591,0
CGTRNA_RS12300,CGTRNA_RS12310,0,0.20261242985725403,0.12331709265708923,0.13171283900737762,0.14908559620380402,0.15197758376598358,0.16811342537403107,0.22233863174915314,0.17633184790611267,0.25763845443725586,0.051742881536483765,0.1634870782494545,0
CGTRNA_RS12310,CGTRNA_RS12315,1,0.9702363014221191,0.9755008220672607,0.9231126308441162,0.9625855684280396,0.9670839905738831,0.972683846950531,0.954353392124176,0.9613513946533203,0.8818829655647278,0.9753533005714417,0.9544144213199616,1
CGTRNA_RS12315,CGTRNA_RS12370,0,0.0005404361872933805,0.00034854491241276264,0.0009183926740661263,0.0010703925509005785,7.660566916456446e-05,0.0006162631325423717,0.00045225146459415555,0.0011007535504177213,0.0008738987380638719,0.0006445689359679818,0.0006642107815423515,0
CGTRNA_RS12410,CGTRNA_RS12440,0,0.0013253682991489768,0.002572223311290145,0.0017268371302634478,0.0030413265340030193,0.0013041102793067694,0.0045836567878723145,0.0026591087225824594,0.0005087999161332846,0.0007456516032107174,0.0005761871580034494,0.0019043269741814584,0
CGTRNA_RS12440,CGTRNA_RS12445,0,0.1777474731206894,0.34761878848075867,0.34264880418777466,0.3513367474079132,0.3875543177127838,0.2041054517030716,0.21624788641929626,0.1913137584924698,0.14358316361904144,0.15611255168914795,0.2518268942832947,0
CGTRNA_RS12445,CGTRNA_RS12480,0,0.0019522077636793256,0.001094173756428063,0.0011220626765862107,0.002670425223186612,0.0003643709933385253,0.0009349746978841722,0.0010942770168185234,0.0017032113391906023,0.0018849866464734077,0.0010027379030361772,0.001382342801662162,0
CGTRNA_RS12480,CGTRNA_RS12500,0,0.016898412257432938,0.0033025352749973536,0.016942718997597694,0.01734134741127491,0.002304582390934229,0.024594394490122795,0.00955787394195795,0.015091164037585258,0.04454958811402321,0.017268143594264984,0.016785076051019133,0
CGTRNA_RS12500,CGTRNA_RS12505,1,0.9894364476203918,0.986029863357544,0.9709511399269104,0.9772902727127075,0.981626033782959,0.9820076823234558,0.9778156280517578,0.9818771481513977,0.9747941493988037,0.981182873249054,0.9803011238574981,1
CGTRNA_RS12505,CGTRNA_RS12525,0,0.0012986070942133665,0.0006254725158214569,0.002268911572173238,0.0029835852328687906,0.0010118152713403106,0.001126271323300898,0.0013759047724306583,0.002737600589171052,0.004508771933615208,0.001052424660883844,0.0018989364965818823,0
CGTRNA_RS12525,CGTRNA_RS12530,1,0.9942060112953186,0.9908191561698914,0.966585636138916,0.9821842312812805,0.9907999038696289,0.9815513491630554,0.9939489960670471,0.9914761185646057,0.980230987071991,0.9682822823524475,0.9840084671974182,1
CGTRNA_RS12530,CGTRNA_RS12535,0,0.9121308326721191,0.9396654367446899,0.9509646892547607,0.9808293581008911,0.9623478651046753,0.9059885144233704,0.9577237367630005,0.9637641906738281,0.9318985342979431,0.9382896423339844,0.9443602800369263,1
CGTRNA_RS12535,CGTRNA_RS12540,1,0.9605934619903564,0.9529538750648499,0.9646319150924683,0.9724617004394531,0.9634910821914673,0.9216859936714172,0.926583468914032,0.9873623847961426,0.9549906849861145,0.9713419675827026,0.9576096534729004,1
CGTRNA_RS12540,CGTRNA_RS12545,0,0.19597969949245453,0.1120743378996849,0.2736296057701111,0.31244957447052,0.09672798961400986,0.17672044038772583,0.3559325635433197,0.08753157407045364,0.24943199753761292,0.1554899662733078,0.20159677490592004,0
CGTRNA_RS12615,CGTRNA_RS12645,0,0.0003540425677783787,0.00017878078506328166,0.0006905040354467928,0.001113462494686246,9.360600961372256e-05,0.0005355060566216707,0.0005934552755206823,0.00013999950897414237,0.00047451021964661777,0.00023322390916291624,0.0004407090862514451,0
CGTRNA_RS12645,CGTRNA_RS12655,0,0.010819632560014725,0.0016333044040948153,0.01030699536204338,0.008426676504313946,0.0021470726933330297,0.009215319529175758,0.0111419428139925,0.0028076316229999065,0.010653404518961906,0.009117163717746735,0.00762691437266767,0
CGTRNA_RS12655,CGTRNA_RS12660,0,0.3035808205604553,0.4271261394023895,0.29291731119155884,0.3887462019920349,0.376792848110199,0.2454071342945099,0.44470101594924927,0.19472821056842804,0.21862059831619263,0.1280316710472107,0.30206519514322283,0
CGTRNA_RS12660,CGTRNA_RS12720,0,0.00041549591696821153,0.00015913361858110875,0.0007148965378291905,0.001085414900444448,6.809635669924319e-05,0.0003576972521841526,0.00051878608064726,0.00035277128336019814,0.0008288405369967222,0.0002610125520732254,0.000476214503578376,0
CGTRNA_RS12720,CGTRNA_RS12725,1,0.4216424822807312,0.3914358913898468,0.5049940943717957,0.36425939202308655,0.4891170263290405,0.4924856424331665,0.7151311039924622,0.683478057384491,0.44705867767333984,0.6218660473823547,0.5131468415260315,1
CGTRNA_RS12725,CGTRNA_RS12755,0,0.004685103893280029,0.0051670861430466175,0.005333887413144112,0.006822146009653807,0.0018804166465997696,0.002723399782553315,0.0012311354512348771,0.006340267602354288,0.008170124143362045,0.0022778951097279787,0.004463146219495684,0
CGTRNA_RS12755,CGTRNA_RS12765,0,0.00801078137010336,0.0013847281225025654,0.027936499565839767,0.00867612473666668,0.004123093094676733,0.017280617728829384,0.017351021990180016,0.03591508790850639,0.028330598026514053,0.015860019251704216,0.016486857179552318,0
CGTRNA_RS12765,CGTRNA_RS12775,0,0.02467997372150421,0.024294191971421242,0.017709245905280113,0.02393770031630993,0.020390233024954796,0.03445596620440483,0.0438644215464592,0.00824684277176857,0.015719249844551086,0.01427534967660904,0.022757317498326303,0
CGTRNA_RS12775,CGTRNA_RS12780,0,0.10101065784692764,0.06201401352882385,0.08447075635194778,0.1333339810371399,0.029108230024576187,0.08510129153728485,0.11370158195495605,0.025701818987727165,0.06898558139801025,0.03340793773531914,0.07368358504027128,0
CGTRNA_RS12780,CGTRNA_RS12805,0,0.0012808656319975853,0.0013706791214644909,0.0016984409885481,0.002675782423466444,0.0004399184253998101,0.0006942502805031836,0.0011739860055968165,0.0005113081424497068,0.0014867669669911265,0.0010200270917266607,0.0012352025078143924,0
CGTRNA_RS12805,CGTRNA_RS12835,0,0.005161087494343519,0.00420047203078866,0.0078093018382787704,0.008910116739571095,0.0009117837180383503,0.008532446809113026,0.006453028880059719,0.005503978580236435,0.01256562303751707,0.011730236932635307,0.007177807606058195,0
CGTRNA_RS12835,CGTRNA_RS12880,0,0.0029705623164772987,0.0008703446364961565,0.0013389603700488806,0.00355937029235065,0.00034910961403511465,0.0010715735843405128,0.0016044611111283302,0.0008543842704966664,0.0020932150073349476,0.0013710969360545278,0.0016083078138763086,0
CGTRNA_RS12880,CGTRNA_RS12895,0,0.009216325357556343,0.02077028900384903,0.015753287822008133,0.009366498328745365,0.009512646123766899,0.026971032842993736,0.011564246378839016,0.009811703115701675,0.031559720635414124,0.02162926085293293,0.016615501046180724,0
CGTRNA_RS12895,CGTRNA_RS12900,0,0.9433252215385437,0.9609344005584717,0.9630005359649658,0.9619980454444885,0.9593352675437927,0.9282146096229553,0.6714162230491638,0.9746581315994263,0.9462556838989258,0.9611832499504089,0.9270321369171143,1
CGTRNA_RS12900,CGTRNA_RS12930,0,0.0017980345292016864,0.0005654988344758749,0.0024839823599904776,0.0030215971637517214,0.0001839776086853817,0.001692083547823131,0.0019153355387970805,0.01713188923895359,0.0029305859934538603,0.0026321331970393658,0.003435511801217217,0
CGTRNA_RS12930,CGTRNA_RS12935,1,0.9867324233055115,0.9867995977401733,0.9422090649604797,0.9766672253608704,0.9798586368560791,0.9707122445106506,0.9920040965080261,0.9352877736091614,0.9598833918571472,0.8547540307044983,0.9584908485412598,1
CGTRNA_RS12935,CGTRNA_RS12940,0,0.7596096992492676,0.9188337922096252,0.8700043559074402,0.9468434453010559,0.7561744451522827,0.7345932126045227,0.9533193707466125,0.9757528305053711,0.9260313510894775,0.8735328316688538,0.8714695334434509,1
CGTRNA_RS12940,CGTRNA_RS12965,0,0.005246689543128014,0.0051094950176775455,0.006655800621956587,0.006934820674359798,0.0015914684627205133,0.0009706199634820223,0.0014075220096856356,0.004618790000677109,0.0023601872380822897,0.0024742125533521175,0.003736960608512163,0
CGTRNA_RS12965,CGTRNA_RS12980,0,0.007460664492100477,0.0029180715791881084,0.01179884560406208,0.010060342960059643,0.002296027960255742,0.0023705200292170048,0.004250889644026756,0.025723958387970924,0.011271769180893898,0.007134577259421349,0.008528566709719599,0
CGTRNA_RS12980,CGTRNA_RS12990,0,0.08666610717773438,0.03924403712153435,0.06445231288671494,0.10271664708852768,0.06533870100975037,0.14344240725040436,0.27469733357429504,0.02779712714254856,0.10349421948194504,0.04904397949576378,0.09568928722292185,0
CGTRNA_RS12990,CGTRNA_RS12995,1,0.38401612639427185,0.3918461203575134,0.46945223212242126,0.5293704271316528,0.27737748622894287,0.2594074308872223,0.5504505634307861,0.44455140829086304,0.5716614723205566,0.34509655833244324,0.4223229825496674,0
CGTRNA_RS12995,CGTRNA_RS13000,1,0.9858729243278503,0.9855162501335144,0.9863511919975281,0.9881669282913208,0.9854289889335632,0.9788239598274231,0.9272944927215576,0.9812232255935669,0.9767791032791138,0.984858512878418,0.9780315577983856,1
CGTRNA_RS13000,CGTRNA_RS13005,1,0.9517722129821777,0.9619774222373962,0.9094476699829102,0.9763095378875732,0.9603365063667297,0.9700337052345276,0.9848560690879822,0.9184836149215698,0.9387616515159607,0.8482120633125305,0.9420190453529358,1
CGTRNA_RS13005,CGTRNA_RS13010,1,0.3573148846626282,0.22839173674583435,0.41478633880615234,0.5002399682998657,0.33869969844818115,0.29372867941856384,0.7442777752876282,0.27818065881729126,0.43920183181762695,0.27360397577285767,0.38684255480766294,0
CGTRNA_RS13010,CGTRNA_RS13020,0,0.06485361605882645,0.021633684635162354,0.14265176653862,0.0961434543132782,0.024291418492794037,0.07899867743253708,0.03802274912595749,0.04931415617465973,0.11577783524990082,0.08250916004180908,0.07141965180635453,0
CGTRNA_RS13105,CGTRNA_RS13110,0,0.9872057437896729,0.9838686585426331,0.9820811748504639,0.9827879667282104,0.9803308844566345,0.9770323634147644,0.9674142003059387,0.9689372181892395,0.9736309051513672,0.9853763580322266,0.9788665473461151,1
CGTRNA_RS13110,CGTRNA_RS13115,0,0.942729115486145,0.9751123189926147,0.9312180280685425,0.9771925210952759,0.969086229801178,0.9595027565956116,0.9255375266075134,0.9773018956184387,0.8200082778930664,0.8972339034080505,0.9374922573566437,1
CGTRNA_RS13115,CGTRNA_RS13130,0,0.055618464946746826,0.007369460072368383,0.08671451359987259,0.05068620666861534,0.009205732494592667,0.04049070551991463,0.018863920122385025,0.009978147223591805,0.05801331624388695,0.04344289377331734,0.038038336066529156,0
CGTRNA_RS13130,CGTRNA_RS13135,0,0.7623555660247803,0.7557386159896851,0.7500244975090027,0.7108713984489441,0.7145740389823914,0.6773752570152283,0.7302711009979248,0.8167659640312195,0.5805647373199463,0.5041598677635193,0.7002701044082642,1
CGTRNA_RS13135,CGTRNA_RS13140,1,0.9922688603401184,0.9907158017158508,0.9453926682472229,0.9769890308380127,0.9873010516166687,0.9744409322738647,0.9933673739433289,0.9797002673149109,0.9729181528091431,0.9502411484718323,0.9763335287570953,1
CGTRNA_RS13140,CGTRNA_RS13145,1,0.9898927807807922,0.9907060265541077,0.940048098564148,0.9805912375450134,0.983582079410553,0.9756711721420288,0.9931923747062683,0.9658399224281311,0.9702338576316833,0.9352868795394897,0.9725044429302215,1
CGTRNA_RS13145,CGTRNA_RS13155,0,0.10963203012943268,0.02003965899348259,0.09904330968856812,0.07733216136693954,0.018379785120487213,0.04861681908369064,0.06524757295846939,0.056249283254146576,0.047060348093509674,0.05520246922969818,0.05968034379184246,0
CGTRNA_RS13155,CGTRNA_RS13180,0,0.005644753109663725,0.0034600645303726196,0.0072093503549695015,0.006551493890583515,0.003371997270733118,0.005392774473875761,0.003940447699278593,0.03759651258587837,0.01234712079167366,0.009678312577307224,0.009519282728433609,0
CGTRNA_RS13180,CGTRNA_RS13185,1,0.9913862943649292,0.9899603724479675,0.9390929341316223,0.9770482182502747,0.9841841459274292,0.974658727645874,0.993158757686615,0.9550390839576721,0.9762815833091736,0.9087913632392883,0.9689601480960846,1
CGTRNA_RS13185,CGTRNA_RS13190,0,0.21004630625247955,0.17126493155956268,0.30646952986717224,0.34298813343048096,0.19047458469867706,0.10804427415132523,0.3122953474521637,0.10277042537927628,0.3555932343006134,0.12980352342128754,0.22297502905130387,0
CGTRNA_RS13190,CGTRNA_RS13195,0,0.5219845771789551,0.6411103010177612,0.6749278903007507,0.7212772965431213,0.4539104104042053,0.5742635726928711,0.6458531618118286,0.2472846955060959,0.48451706767082214,0.3631556034088135,0.5328284576535225,1
CGTRNA_RS13195,CGTRNA_RS13200,1,0.9528840780258179,0.988701343536377,0.9802529811859131,0.9819732308387756,0.9844254851341248,0.9531678557395935,0.9435372352600098,0.9722660779953003,0.9767772555351257,0.9742035865783691,0.9708189129829407,1
CGTRNA_RS13200,CGTRNA_RS13220,0,0.0008128742920234799,0.0009527525980956852,0.001896165544167161,0.002137602772563696,9.161263733403757e-05,0.0012261716183274984,0.0022274290677160025,0.010310688987374306,0.004571756348013878,0.0012174636358395219,0.0025444517501455265,0
CGTRNA_RS13220,CGTRNA_RS13225,0,0.8842707872390747,0.8959830403327942,0.9195525050163269,0.9547790288925171,0.8946106433868408,0.8986345529556274,0.8811037540435791,0.8303117752075195,0.8635191917419434,0.8057173490524292,0.8828482627868652,1
CGTRNA_RS13225,CGTRNA_RS13230,0,0.07488725334405899,0.032142676413059235,0.20132377743721008,0.15998081862926483,0.01988406293094158,0.14573530852794647,0.16524188220500946,0.04455958679318428,0.1051139086484909,0.07191149145364761,0.10207807663828135,0
CGTRNA_RS13230,CGTRNA_RS13235,0,0.07546421885490417,0.17634014785289764,0.1818193644285202,0.1074785366654396,0.12602275609970093,0.1818588227033615,0.09671688079833984,0.3234938681125641,0.14548105001449585,0.11051623523235321,0.1525191880762577,0
CGTRNA_RS13235,CGTRNA_RS13250,0,0.0020268072839826345,0.0009593058493919671,0.0024296410847455263,0.002169743413105607,0.0008007300784811378,0.002396893920376897,0.0016350432997569442,0.004015900194644928,0.008238021284341812,0.0021581407636404037,0.0026830227172467856,0
CGTRNA_RS13250,CGTRNA_RS13255,0,0.589301347732544,0.6077360510826111,0.4470618665218353,0.47924867272377014,0.44434812664985657,0.4953423738479614,0.6022388935089111,0.18511158227920532,0.1603466123342514,0.33960843086242676,0.43503439575433733,0
CGTRNA_RS13255,CGTRNA_RS13260,1,0.9645307064056396,0.959524393081665,0.9453315734863281,0.9762543439865112,0.9184579849243164,0.9116904735565186,0.9197598695755005,0.9478387832641602,0.9385313987731934,0.9621698260307312,0.9444089353084564,1
CGTRNA_RS13260,CGTRNA_RS13265,0,0.34789642691612244,0.11952410638332367,0.23955655097961426,0.2557148337364197,0.22246316075325012,0.1779303103685379,0.6988123655319214,0.17390257120132446,0.28809890151023865,0.08901409804821014,0.26129133254289627,0
CGTRNA_RS13265,CGTRNA_RS13270,1,0.7628126740455627,0.819794237613678,0.7669829726219177,0.911820113658905,0.7594454288482666,0.7592961192131042,0.8881741762161255,0.9598180651664734,0.85976642370224,0.7975555062294006,0.8285465717315674,1
CGTRNA_RS13270,CGTRNA_RS13275,1,0.8013086915016174,0.8227713704109192,0.5967158675193787,0.7455087900161743,0.6295218467712402,0.7425904273986816,0.9505105018615723,0.9230655431747437,0.7746699452400208,0.7264920473098755,0.7713155031204224,1
CGTRNA_RS13275,CGTRNA_RS13355,0,0.00047578857629559934,0.00012777879601344466,0.0005729746189899743,0.0009338315576314926,0.0001899018679978326,0.00020864681573584676,0.0007014845032244921,0.0004934152239002287,0.000311752111883834,0.00032003974774852395,0.0004335613819421269,0
CGTRNA_RS13355,CGTRNA_RS13400,0,0.001070942496880889,0.0011631986126303673,0.0007147875730879605,0.0016904845833778381,0.0002121799043379724,0.0006128688110038638,0.001194239011965692,0.00023820057685952634,0.001189734903164208,0.00044867946417070925,0.0008535315937479027,0
CGTRNA_RS13400,CGTRNA_RS13405,0,0.11424284428358078,0.13197003304958344,0.16212047636508942,0.1627514660358429,0.13170845806598663,0.09151363372802734,0.0861583948135376,0.2616070806980133,0.12786424160003662,0.09493567794561386,0.1364872306585312,0
CGTRNA_RS13405,CGTRNA_RS13410,1,0.9894428253173828,0.9874459505081177,0.9893292784690857,0.9923287034034729,0.9857640862464905,0.9855704307556152,0.9740625619888306,0.99092036485672,0.9735980033874512,0.9879269599914551,0.9856389164924622,1
CGTRNA_RS13410,CGTRNA_RS13480,0,0.003977034240961075,0.0030288472771644592,0.0018939557485282421,0.0046780346892774105,0.0012241092044860125,0.0012643833179026842,0.0016210651956498623,0.001538434298709035,0.0021088116336613894,0.0014620090369135141,0.0022796684643253684,0
CGTRNA_RS13480,CGTRNA_RS13485,0,0.04496898129582405,0.013297172263264656,0.02720671519637108,0.037325240671634674,0.03939593955874443,0.016399933025240898,0.0930708572268486,0.09301213920116425,0.030472204089164734,0.012013302184641361,0.04071624847128987,0
CGTRNA_RS13485,CGTRNA_RS13490,0,0.48534584045410156,0.4347575604915619,0.6446605324745178,0.2801702916622162,0.2582976222038269,0.47011953592300415,0.32629016041755676,0.4102875292301178,0.4346933662891388,0.3699462413787842,0.4114568680524826,0
CGTRNA_RS13490,CGTRNA_RS13495,1,0.9878873825073242,0.9912234544754028,0.9588639140129089,0.978699266910553,0.9853330254554749,0.9839732050895691,0.9697198271751404,0.9921582937240601,0.9737961888313293,0.9810275435447693,0.9802682101726532,1
CGTRNA_RS13495,CGTRNA_RS13500,1,0.9839923977851868,0.9878101348876953,0.9222085475921631,0.9709938764572144,0.98211270570755,0.9645619988441467,0.991966962814331,0.9478470683097839,0.9706652760505676,0.8719289302825928,0.9594087898731232,1
CGTRNA_RS13500,CGTRNA_RS13505,1,0.9885650873184204,0.9885465502738953,0.9359692335128784,0.9781407713890076,0.9815940856933594,0.9756457209587097,0.992300808429718,0.9668930172920227,0.9628924131393433,0.9003362059593201,0.9670883893966675,1
CGTRNA_RS13505,CGTRNA_RS13510,1,0.9893460273742676,0.9903492331504822,0.9709175825119019,0.9794212579727173,0.9731999039649963,0.9809298515319824,0.9843416213989258,0.9897323250770569,0.9837152361869812,0.986412763595581,0.9828365802764892,1
CGTRNA_RS13510,CGTRNA_RS13515,1,0.9903539419174194,0.9887933135032654,0.9591464400291443,0.9798240661621094,0.9877311587333679,0.974950909614563,0.9936761260032654,0.979560911655426,0.9768468737602234,0.9513546824455261,0.978223842382431,1
CGTRNA_RS13515,CGTRNA_RS13540,0,0.004190346226096153,0.002185201970860362,0.006842711940407753,0.0034488984383642673,0.0008299616165459156,0.003684980794787407,0.0020034725312143564,0.018979547545313835,0.00702949333935976,0.00585795845836401,0.005505257286131382,0
CGTRNA_RS13540,CGTRNA_RS13545,1,0.989919900894165,0.9777305126190186,0.9369682669639587,0.9807588458061218,0.979556679725647,0.9678444862365723,0.9926455020904541,0.9527181386947632,0.9728764891624451,0.912397027015686,0.9663415849208832,1
CGTRNA_RS13545,CGTRNA_RS13550,1,0.7447861433029175,0.5257706642150879,0.8184689283370972,0.8808698058128357,0.781276524066925,0.6256347894668579,0.8485439419746399,0.8325889706611633,0.8821396827697754,0.7786571979522705,0.771873664855957,1
CGTRNA_RS13550,CGTRNA_RS13555,1,0.9852977395057678,0.9893374443054199,0.9876108765602112,0.9932012557983398,0.987847626209259,0.9870372414588928,0.9565889835357666,0.9857925176620483,0.9874011874198914,0.9910197257995605,0.9851134598255158,1
CGTRNA_RS13555,CGTRNA_RS13565,0,0.049658697098493576,0.04921194165945053,0.07575073838233948,0.053774479776620865,0.020704079419374466,0.0516815260052681,0.03619901463389397,0.04649215564131737,0.037071891129016876,0.051169734448194504,0.04717142581939697,0
CGTRNA_RS13565,CGTRNA_RS13590,0,0.012889991514384747,0.005311316344887018,0.019004594534635544,0.011053875088691711,0.0037435367703437805,0.01086161658167839,0.02469569258391857,0.02131294459104538,0.010104900225996971,0.015099274925887585,0.01340777431614697,0
CGTRNA_RS13590,CGTRNA_RS13595,1,0.9854081869125366,0.9699214696884155,0.9677547216415405,0.9791327714920044,0.9698755741119385,0.9744052886962891,0.989734947681427,0.9780068397521973,0.952221691608429,0.9574412703514099,0.9723902761936187,1
CGTRNA_RS13595,CGTRNA_RS13600,1,0.9825801253318787,0.9797338843345642,0.9370207786560059,0.9733124375343323,0.9751948118209839,0.9614677429199219,0.99078369140625,0.9560145735740662,0.9585398435592651,0.9453146457672119,0.965996253490448,1
CGTRNA_RS13600,CGTRNA_RS13615,0,0.004737522453069687,0.0026361169293522835,0.005153214558959007,0.0037948794197291136,0.003189751412719488,0.00787766557186842,0.009009357541799545,0.02290351502597332,0.02582036703824997,0.014608682133257389,0.009973107208497822,0
CGTRNA_RS13615,CGTRNA_RS13620,1,0.5276286602020264,0.38473039865493774,0.5191611051559448,0.4136897921562195,0.4421111047267914,0.4002757966518402,0.596487283706665,0.8347245454788208,0.4928051233291626,0.338895708322525,0.49505095183849335,0
CGTRNA_RS13620,CGTRNA_RS13680,0,0.0012200536439195275,0.0003786928136833012,0.0009204657981172204,0.0018931925296783447,0.00010152957838727161,0.0008836383349262178,0.0007078993949107826,0.0027462556026875973,0.0009066612110473216,0.0007049284758977592,0.0010463317383255343,0
CGTRNA_RS13680,CGTRNA_RS13685,1,0.9886956810951233,0.9923216104507446,0.9746026992797852,0.9873056411743164,0.9916664958000183,0.9853098392486572,0.9818223714828491,0.9911456108093262,0.9754090905189514,0.9850435853004456,0.9853322625160217,1
CGTRNA_RS13685,CGTRNA_RS13730,0,0.0009280670201405883,0.0016602948307991028,0.0012204638915136456,0.002109199995175004,0.0004971486050635576,0.000536854553502053,0.000812467304058373,0.00048534967936575413,0.0008071074844338,0.00032013561576604843,0.0009377088979817926,0
CGTRNA_RS13730,CGTRNA_RS13750,0,0.0014099745312705636,0.00022123890812508762,0.0014668507501482964,0.0015096961287781596,0.0003479998267721385,0.0013619873207062483,0.0010213591158390045,0.004936792887747288,0.0009967093355953693,0.0011125432793051004,0.0014385152084287257,0
CGTRNA_RS13750,CGTRNA_RS13755,1,0.9869813323020935,0.9888287782669067,0.9323287606239319,0.9747800827026367,0.9797322750091553,0.9557435512542725,0.9926929473876953,0.9636353850364685,0.9672584533691406,0.9392713904380798,0.968125295639038,1
CGTRNA_RS13755,CGTRNA_RS13760,0,0.9887084364891052,0.9922676682472229,0.9834731221199036,0.9898101091384888,0.9876903295516968,0.989375114440918,0.9785327911376953,0.988946259021759,0.9646856188774109,0.9897668957710266,0.9853256344795227,1
CGTRNA_RS13760,CGTRNA_RS13765,0,0.7861931920051575,0.7952691316604614,0.8065775632858276,0.9172006845474243,0.8657482266426086,0.8361834287643433,0.9077209234237671,0.8559877276420593,0.900783896446228,0.867283821105957,0.8538948595523834,1
CGTRNA_RS13765,CGTRNA_RS13790,0,0.014967869035899639,0.006280072033405304,0.014456452801823616,0.018050173297524452,0.013019680976867676,0.02303212136030197,0.013482969254255295,0.0065977429039776325,0.013562316074967384,0.010895106010138988,0.013434450374916196,0
CGTRNA_RS13790,CGTRNA_RS13795,1,0.9910488128662109,0.9903705716133118,0.9603546857833862,0.9795017838478088,0.9856120347976685,0.9747523665428162,0.9930711388587952,0.9795952439308167,0.9718593955039978,0.9357131123542786,0.9761879146099091,1
CGTRNA_RS13795,CGTRNA_RS13800,0,0.37166908383369446,0.15731211006641388,0.19010120630264282,0.2945013642311096,0.23988857865333557,0.20976130664348602,0.260999470949173,0.32697156071662903,0.11448952555656433,0.1362229436635971,0.23019171506166458,0
CGTRNA_RS13815,CGTRNA_RS13845,0,0.003197532147169113,0.0014769567642360926,0.002194065833464265,0.0037099590990692377,0.0008980634738691151,0.00181636493653059,0.002395426854491234,0.006942933425307274,0.005491861142218113,0.003755062585696578,0.0031878226262051614,0
CGTRNA_RS13845,CGTRNA_RS13925,0,0.001799902063794434,0.0008072555647231638,0.0019517126493155956,0.0026767789386212826,0.0007440283079631627,0.0005340668722055852,0.000760411552619189,0.000780223635956645,0.0013780923327431083,0.0010569365695118904,0.0012489408487454056,0
CGTRNA_RS13925,CGTRNA_RS13930,0,0.478521466255188,0.5199623703956604,0.24860362708568573,0.510139524936676,0.11605244874954224,0.29887819290161133,0.6622239947319031,0.8049431443214417,0.8259282112121582,0.659241259098053,0.512449423968792,1
CGTRNA_RS14015,CGTRNA_RS14020,1,0.9862518310546875,0.9947547912597656,0.9771596789360046,0.9929887056350708,0.9900640845298767,0.9901928305625916,0.986367404460907,0.9904929399490356,0.9921804070472717,0.9805524349212646,0.9881005108356475,1
CGTRNA_RS14020,CGTRNA_RS14025,1,0.9918919801712036,0.9885367751121521,0.9303549528121948,0.9748489856719971,0.980724573135376,0.96573805809021,0.9917099475860596,0.9455375671386719,0.9759687781333923,0.9005117416381836,0.964582335948944,1
CGTRNA_RS14025,CGTRNA_RS14035,0,0.017109857872128487,0.006101678591221571,0.009787572547793388,0.02212708070874214,0.012448744848370552,0.028013363480567932,0.02738117426633835,0.002391970017924905,0.005583855323493481,0.013343644328415394,0.01442889419849962,0
CGTRNA_RS14035,CGTRNA_RS14040,1,0.9145857095718384,0.6042968034744263,0.6571300029754639,0.8760737776756287,0.8692333698272705,0.7629188895225525,0.8485660552978516,0.26044347882270813,0.8170127272605896,0.9422754049301147,0.7552536219358444,1
CGTRNA_RS14095,CGTRNA_RS14110,0,0.0020152893848717213,0.0006294831400737166,0.0034120443742722273,0.0033532525412738323,0.0012064516777172685,0.0025163108948618174,0.002103731269016862,0.0005119015113450587,0.0008103178697638214,0.0016608963487669826,0.0018219679011963307,0
CGTRNA_RS14110,CGTRNA_RS14115,1,0.8459678888320923,0.6405832767486572,0.8978609442710876,0.9324065446853638,0.7039929032325745,0.9194664359092712,0.9403948187828064,0.9226934313774109,0.9491701126098633,0.7999150156974792,0.8552451372146607,1
CGTRNA_RS14115,CGTRNA_RS14120,0,0.9867739677429199,0.9665830731391907,0.9632915258407593,0.9874428510665894,0.974885106086731,0.9732858538627625,0.9799730777740479,0.962456464767456,0.9529541730880737,0.9383856058120728,0.9686031699180603,1
CGTRNA_RS14120,CGTRNA_RS14135,0,0.10296181589365005,0.12276063114404678,0.15663103759288788,0.0831160917878151,0.05169759318232536,0.06788071244955063,0.054192472249269485,0.5023124814033508,0.13476043939590454,0.11062732338905334,0.1386940598487854,0
CGTRNA_RS14135,CGTRNA_RS14140,1,0.9884316921234131,0.9905149936676025,0.9829868078231812,0.9894242882728577,0.9853222966194153,0.9862049221992493,0.9817438721656799,0.9829474091529846,0.980343759059906,0.9901791214942932,0.9858099162578583,1
CGTRNA_RS14140,CGTRNA_RS14150,0,0.07955107092857361,0.024726854637265205,0.07133528590202332,0.10154165327548981,0.018138371407985687,0.0356718935072422,0.044591233134269714,0.09268153458833694,0.07539381831884384,0.05671748146414757,0.06003491971641779,0
CGTRNA_RS14150,CGTRNA_RS14155,1,0.9916951060295105,0.9878489971160889,0.9373617172241211,0.9741783738136292,0.9814584255218506,0.9692526459693909,0.9925222992897034,0.9604146480560303,0.9746311902999878,0.9120229482650757,0.9681386351585388,1
CGTRNA_RS14155,CGTRNA_RS14165,0,0.0016508641419932246,0.0005687938537448645,0.004475708119571209,0.002094189403578639,0.0004079976351931691,0.0014846643898636103,0.0019338901620358229,0.028213024139404297,0.004749119747430086,0.003098401939496398,0.004867665353231132,0
CGTRNA_RS14165,CGTRNA_RS14170,1,0.7369916439056396,0.5974644422531128,0.8029305338859558,0.8962094783782959,0.7282105684280396,0.7019451260566711,0.9238035082817078,0.6684210300445557,0.7787413597106934,0.6522266268730164,0.7486944317817688,1
CGTRNA_RS14170,CGTRNA_RS14175,1,0.9832680821418762,0.9712599515914917,0.9433137774467468,0.9721270799636841,0.9767529368400574,0.9743996858596802,0.9898231029510498,0.9479507207870483,0.9546271562576294,0.919287919998169,0.9632810413837433,1
CGTRNA_RS14175,CGTRNA_RS14180,1,0.989315390586853,0.9822288155555725,0.9674038887023926,0.9761267900466919,0.9798609614372253,0.9805234670639038,0.9786514639854431,0.986659049987793,0.9693586230278015,0.9790256023406982,0.9789154052734375,1
CGTRNA_RS14180,CGTRNA_RS14185,1,0.9908334016799927,0.9929345846176147,0.9845628142356873,0.9935527443885803,0.9913146495819092,0.9937471747398376,0.9844948649406433,0.9945051670074463,0.9763590693473816,0.9934764504432678,0.9895780920982361,1
CGTRNA_RS14185,CGTRNA_RS14190,1,0.9660700559616089,0.9675179719924927,0.9300327301025391,0.9775327444076538,0.9716999530792236,0.9646152257919312,0.9897631406784058,0.8117377758026123,0.9315555691719055,0.8657088279724121,0.9376233994960785,1
CGTRNA_RS14255,CGTRNA_RS14270,0,0.04177773743867874,0.01619710400700569,0.032281991094350815,0.09074483066797256,0.09238866716623306,0.044128648936748505,0.0961567610502243,0.004645583685487509,0.06597216427326202,0.018076859414577484,0.05023703477345407,0
CGTRNA_RS14270,CGTRNA_RS14280,0,0.034221552312374115,0.004181346390396357,0.02009139582514763,0.026709672063589096,0.015428240410983562,0.006018884479999542,0.05109129846096039,0.0017665866762399673,0.013912750408053398,0.022548062726855278,0.019596978975459933,0
CGTRNA_RS14280,CGTRNA_RS14305,0,0.014525937847793102,0.0039520529098808765,0.015911975875496864,0.017109062522649765,0.005806648638099432,0.007227424532175064,0.007143813651055098,0.002896182704716921,0.01109716109931469,0.009449451230466366,0.009511971101164817,0
CGTRNA_RS14305,CGTRNA_RS14310,1,0.7089189291000366,0.8873506784439087,0.7415590286254883,0.8130187392234802,0.7389895915985107,0.6324201226234436,0.9444706439971924,0.9430376887321472,0.74383145570755,0.8422285318374634,0.7995825409889221,1
CGTRNA_RS14310,CGTRNA_RS14315,1,0.9835764169692993,0.9842526912689209,0.9376725554466248,0.9806724190711975,0.979874849319458,0.9770210385322571,0.9922155141830444,0.9644955396652222,0.9644967913627625,0.9474442601203918,0.9711722075939179,1
CGTRNA_RS14315,CGTRNA_RS14335,0,0.043376319110393524,0.017884014174342155,0.04203542321920395,0.06973860412836075,0.03961056098341942,0.043050412088632584,0.019909590482711792,0.023391038179397583,0.033783044666051865,0.028559928759932518,0.03613389357924461,0
CGTRNA_RS14335,CGTRNA_RS14340,1,0.968048632144928,0.9516855478286743,0.9320283532142639,0.9866390824317932,0.9710164070129395,0.9706182479858398,0.9902595281600952,0.9654450416564941,0.950486958026886,0.8792684078216553,0.9565496206283569,1
CGTRNA_RS14360,CGTRNA_RS14365,0,0.2794146239757538,0.15614603459835052,0.23732370138168335,0.4132855534553528,0.27371376752853394,0.12145557254552841,0.2862386107444763,0.09409037977457047,0.059851739555597305,0.16464869678020477,0.20861686803400517,0
CGTRNA_RS14365,CGTRNA_RS14380,0,0.0030088883358985186,0.0009385559242218733,0.008586703799664974,0.004011950455605984,0.0004539856454357505,0.00429803691804409,0.004971936345100403,0.017418555915355682,0.004411639645695686,0.006802007555961609,0.0054902260540984574,0
CGTRNA_RS14380,CGTRNA_RS14395,0,0.004841247107833624,0.003292129607871175,0.005494616460055113,0.007327032741159201,0.0016395749989897013,0.002369530266150832,0.0034257862716913223,0.005327718332409859,0.009813033044338226,0.0034591439180076122,0.004698981274850666,0
CGTRNA_RS14395,CGTRNA_RS14400,0,0.9404224157333374,0.9681068062782288,0.9363478422164917,0.9787413477897644,0.9660167694091797,0.9394614100456238,0.9622179865837097,0.951130747795105,0.9067807793617249,0.8687896132469177,0.9418015718460083,1
CGTRNA_RS14400,CGTRNA_RS14405,1,0.6418651342391968,0.5752492547035217,0.47776153683662415,0.688922107219696,0.3583400249481201,0.42142632603645325,0.8978124856948853,0.32817062735557556,0.725957453250885,0.5122720003128052,0.5627776950597763,1
CGTRNA_RS14405,CGTRNA_RS14410,1,0.9793911576271057,0.9773351550102234,0.9795307517051697,0.9891254901885986,0.98430997133255,0.9806481003761292,0.9761870503425598,0.9881411790847778,0.9597556591033936,0.9843847751617432,0.9798809289932251,1
CGTRNA_RS14410,CGTRNA_RS14415,1,0.9658671021461487,0.9748043417930603,0.9173915386199951,0.9821425676345825,0.9747710824012756,0.9576356410980225,0.9928535223007202,0.9375686049461365,0.9295103549957275,0.9391009211540222,0.9571645677089691,1
CGTRNA_RS14415,CGTRNA_RS14420,0,0.3885963261127472,0.055474407970905304,0.22193822264671326,0.33856698870658875,0.1615452617406845,0.23575010895729065,0.29095491766929626,0.17167794704437256,0.2550104260444641,0.14994773268699646,0.2269462339580059,0
CGTRNA_RS14420,CGTRNA_RS14425,1,0.9238652586936951,0.9797078371047974,0.954125702381134,0.9518570899963379,0.9529045224189758,0.9578136801719666,0.9175556302070618,0.9022086262702942,0.9797006845474243,0.9857069849967957,0.9505446016788482,1
CGTRNA_RS14475,CGTRNA_RS14490,0,0.014066417701542377,0.05433144047856331,0.026872310787439346,0.03520998731255531,0.036354608833789825,0.019016848877072334,0.023619262501597404,0.021729566156864166,0.021214524284005165,0.02008635923266411,0.027250132616609336,0
CGTRNA_RS14490,CGTRNA_RS14495,0,0.8021591901779175,0.5915840864181519,0.6025955677032471,0.6574000120162964,0.7992346286773682,0.631351888179779,0.7551906704902649,0.6238310933113098,0.619606077671051,0.6511407494544983,0.6734093964099884,1
CGTRNA_RS14495,CGTRNA_RS14505,0,0.013871981762349606,0.005167556460946798,0.010075845755636692,0.025886740535497665,0.008281199261546135,0.010778001509606838,0.02054976485669613,0.0017772134160622954,0.020034339278936386,0.012070303782820702,0.012849294662009925,0
CGTRNA_RS14505,CGTRNA_RS14515,0,0.02422512322664261,0.015402356162667274,0.03884638100862503,0.04091029614210129,0.019045205786824226,0.006523510441184044,0.006967043504118919,0.03307275474071503,0.017865080386400223,0.016170857474207878,0.021902860887348653,0
CGTRNA_RS14515,CGTRNA_RS14530,0,0.019582871347665787,0.007009538356214762,0.04745253548026085,0.026263214647769928,0.031649649143218994,0.02131080999970436,0.0056398785673081875,0.18919159471988678,0.050435397773981094,0.03102421760559082,0.042955970764160155,0
CGTRNA_RS14530,CGTRNA_RS14545,0,0.2960890829563141,0.07700919359922409,0.5091249346733093,0.36104080080986023,0.04198814556002617,0.24306540191173553,0.11215552687644958,0.2239416390657425,0.5332587361335754,0.29669517278671265,0.26943686343729495,0
CGTRNA_RS14545,CGTRNA_RS14575,0,0.004809978883713484,0.002495025284588337,0.008223336189985275,0.007641884498298168,0.0022366871125996113,0.001930314232595265,0.0029913708567619324,0.014455773867666721,0.005463234148919582,0.002350650727748871,0.005259825580287725,0
CGTRNA_RS14575,CGTRNA_RS14605,0,0.0009317558724433184,0.0002461734402459115,0.0018778329249471426,0.0020068075973540545,0.00014128885231912136,0.0008623895701020956,0.001219009282067418,0.0014200650621205568,0.0020782265346497297,0.0012840915005654097,0.0012067640636814758,0
CGTRNA_RS14710,CGTRNA_RS14715,1,0.940101146697998,0.9698792695999146,0.946319043636322,0.9682808518409729,0.9658471345901489,0.8994418978691101,0.7815857529640198,0.951728105545044,0.9678177237510681,0.9726116061210632,0.9363612532615662,1
CGTRNA_RS14715,CGTRNA_RS14730,0,0.045241717249155045,0.012274675071239471,0.03233816847205162,0.05313970521092415,0.012542852200567722,0.008460409007966518,0.009810198098421097,0.010989870876073837,0.024036813527345657,0.021385997533798218,0.023022040724754333,0
CGTRNA_RS14730,CGTRNA_RS14735,0,0.42505890130996704,0.1957555115222931,0.49670204520225525,0.4488174319267273,0.33921343088150024,0.21925973892211914,0.2942858338356018,0.10125092417001724,0.48823195695877075,0.34331777691841125,0.33518935516476633,0
CGTRNA_RS14735,CGTRNA_RS14740,0,0.3567773699760437,0.1265641301870346,0.24381335079669952,0.24592137336730957,0.286245197057724,0.16628548502922058,0.10365165770053864,0.310024619102478,0.24516592919826508,0.32839229702949524,0.2412841409444809,0
CGTRNA_RS14740,CGTRNA_RS14745,0,0.2172059267759323,0.09613381326198578,0.17405904829502106,0.19259198009967804,0.07759430259466171,0.06790716201066971,0.08933839946985245,0.06500007957220078,0.10667198151350021,0.16038914024829865,0.12468918338418007,0
CGTRNA_RS14745,CGTRNA_RS14765,0,0.002880313666537404,0.00283831893466413,0.01132524199783802,0.005613904446363449,0.002068040892481804,0.002367317210882902,0.0037458655424416065,0.007756800390779972,0.01600344479084015,0.0024675498716533184,0.0057066797744482756,0
CGTRNA_RS14765,CGTRNA_RS14770,0,0.6399056911468506,0.2853602468967438,0.632286012172699,0.5529059767723083,0.3614969849586487,0.5733078122138977,0.3760269582271576,0.28475862741470337,0.4474032521247864,0.4185200035572052,0.45719715654850007,0
CGTRNA_RS14770,CGTRNA_RS14825,0,0.0008661534520797431,0.000629329530056566,0.0010057463077828288,0.0016653371276333928,0.0003152935241814703,0.00042485480662435293,0.0006351878400892019,0.0001603790296940133,0.0011254464043304324,0.00038082513492554426,0.0007208553157397546,0
CGTRNA_RS14825,CGTRNA_RS14830,1,0.9920793771743774,0.9892154932022095,0.9771018624305725,0.992621123790741,0.9853906035423279,0.9910126328468323,0.9862989783287048,0.961220383644104,0.9797083139419556,0.9928141236305237,0.9847462892532348,1
CGTRNA_RS14830,CGTRNA_RS14835,1,0.8882930874824524,0.8413426876068115,0.8338590860366821,0.9648517966270447,0.9490194320678711,0.9246193766593933,0.9099826216697693,0.9115586876869202,0.8798513412475586,0.8461393713951111,0.8949517488479615,1
CGTRNA_RS14835,CGTRNA_RS14865,0,0.0012827255995944142,0.0002985348110087216,0.0006698194774799049,0.0021826934535056353,0.00015596035518683493,0.00040228807483799756,0.0007792948745191097,0.00011591182556003332,0.0005958643741905689,0.00043248385190963745,0.0006915576697792858,0
CGTRNA_RS14865,CGTRNA_RS14885,0,0.0015950424131006002,0.0007568915607407689,0.0036846378352493048,0.0025468026287853718,0.0008079762337729335,0.0019171562744304538,0.0019762783776968718,0.00115015113260597,0.007340904790908098,0.0016909691039472818,0.0023466810351237656,0
CGTRNA_RS14885,CGTRNA_RS14890,0,0.41758495569229126,0.38469168543815613,0.35809797048568726,0.45842188596725464,0.14017397165298462,0.3116209805011749,0.5501939654350281,0.2587094306945801,0.42077067494392395,0.3817656338214874,0.36820311546325685,0
CGTRNA_RS14890,CGTRNA_RS14895,0,0.9255686402320862,0.8067117929458618,0.9057807326316833,0.9600856304168701,0.9217163324356079,0.9688636064529419,0.9320558905601501,0.9301772117614746,0.8534156084060669,0.879448413848877,0.908382385969162,1
CGTRNA_RS14895,CGTRNA_RS14910,0,0.004482517018914223,0.0011692451080307364,0.011288324370980263,0.009719769470393658,0.0017733435379341245,0.009476220235228539,0.0034964457154273987,0.007823632098734379,0.025440638884902,0.008830753155052662,0.008350088959559798,0
CGTRNA_RS14910,CGTRNA_RS14915,0,0.297238826751709,0.267816424369812,0.38584500551223755,0.3400661051273346,0.21169455349445343,0.2791384160518646,0.40451520681381226,0.35881805419921875,0.45642828941345215,0.23474551737308502,0.32363063991069796,0
CGTRNA_RS14915,CGTRNA_RS14935,0,0.040925923734903336,0.01814410090446472,0.017950769513845444,0.02592470496892929,0.00873897597193718,0.014077775180339813,0.010301074013113976,0.022147808223962784,0.0357731357216835,0.028636204078793526,0.022262047231197356,0
CGTRNA_RS14935,CGTRNA_RS14960,0,0.0015506749041378498,0.003299781819805503,0.0018887186888605356,0.0035021540243178606,0.00146010285243392,0.0019250729819759727,0.00152793456800282,0.000377738761017099,0.004110137466341257,0.0005589398206211627,0.002020125588751398,0
CGTRNA_RS14960,CGTRNA_RS14965,0,0.5755696296691895,0.3370567262172699,0.2974103093147278,0.4951876997947693,0.4281136691570282,0.31278881430625916,0.38967418670654297,0.12997089326381683,0.4160005450248718,0.3875153064727783,0.3769287779927254,0
CGTRNA_RS14965,CGTRNA_RS14975,0,0.0050217024981975555,0.0013788884971290827,0.005415800493210554,0.006770308595150709,0.004397892858833075,0.011310840956866741,0.006839030887931585,0.024155260995030403,0.029064755886793137,0.011961209587752819,0.010631569125689567,0
CGTRNA_RS14975,CGTRNA_RS15005,0,0.0015339144738391042,0.00039096744148992,0.0016194108175113797,0.0023418129421770573,0.0004012440040241927,0.0013028954854235053,0.0010838067391887307,0.0014751306734979153,0.0023017018102109432,0.0007118858047761023,0.001316277019213885,0
CGTRNA_RS15050,CGTRNA_RS15055,1,0.9920337200164795,0.9800739288330078,0.9685168266296387,0.9750171303749084,0.9787163138389587,0.9799301028251648,0.99072265625,0.9865338206291199,0.9780565500259399,0.9365899562835693,0.9766191005706787,1
CGTRNA_RS15090,CGTRNA_RS15095,0,0.34049084782600403,0.1181502714753151,0.32746613025665283,0.25847551226615906,0.3031279146671295,0.24857257306575775,0.4135763645172119,0.13542406260967255,0.06955469399690628,0.09028074145317078,0.23051191121339798,0
CGTRNA_RS15095,CGTRNA_RS15105,0,0.1086476668715477,0.029352370649576187,0.16430234909057617,0.11927808821201324,0.07945430278778076,0.08114577829837799,0.2944650650024414,0.07758485525846481,0.10213404893875122,0.19208602607250214,0.12484505511820317,0
CGTRNA_RS15105,CGTRNA_RS15110,1,0.9351988434791565,0.9837850332260132,0.9666438102722168,0.9830959439277649,0.9800716042518616,0.9746178984642029,0.9479724168777466,0.9770056009292603,0.9401621222496033,0.9737339615821838,0.966228723526001,1
CGTRNA_RS15110,CGTRNA_RS15130,0,0.0028126530814915895,0.002075138268992305,0.002557887462899089,0.004158401396125555,0.001411571865901351,0.0035792223643511534,0.003816045355051756,0.002114389091730118,0.008799939416348934,0.0020545022562146187,0.0033379750559106467,0
CGTRNA_RS15130,CGTRNA_RS15135,1,0.2650268077850342,0.12023021280765533,0.23890452086925507,0.39630526304244995,0.06111990287899971,0.1400989592075348,0.3716692626476288,0.0965338796377182,0.240187406539917,0.08930456638336182,0.2019380781799555,0
CGTRNA_RS15135,CGTRNA_RS15165,0,0.009499854408204556,0.0010086019756272435,0.006923625245690346,0.010887419804930687,0.001358998124487698,0.004767985548824072,0.0028873037081211805,0.007611796259880066,0.009537586010992527,0.012985821813344955,0.006746899290010333,0
CGTRNA_RS15165,CGTRNA_RS15170,1,0.8919270634651184,0.5276220440864563,0.5186580419540405,0.8680925369262695,0.7914861440658569,0.8211212754249573,0.9249873757362366,0.69473797082901,0.7307056784629822,0.4904828369617462,0.7259820967912674,1
CGTRNA_RS15170,CGTRNA_RS15175,1,0.9861552119255066,0.9960039258003235,0.9658522009849548,0.987264096736908,0.9881399869918823,0.9864579439163208,0.9751470685005188,0.9906020760536194,0.9814785718917847,0.9881209135055542,0.9845221996307373,1
CGTRNA_RS15175,CGTRNA_RS15180,0,0.9926600456237793,0.9890860915184021,0.9701403975486755,0.978217363357544,0.9842931628227234,0.9822145700454712,0.9847736358642578,0.9899557828903198,0.9772593975067139,0.9826621413230896,0.9831262588500976,1
CGTRNA_RS15180,CGTRNA_RS15185,0,0.9812135100364685,0.9876481890678406,0.9773375988006592,0.9805076718330383,0.987536609172821,0.9775071144104004,0.9384340643882751,0.980913519859314,0.9741436243057251,0.9592633247375488,0.9744505226612091,1
CGTRNA_RS15185,CGTRNA_RS15190,0,0.8787171840667725,0.8557155132293701,0.8631466031074524,0.8653486967086792,0.8976877927780151,0.8401821255683899,0.38201379776000977,0.9157256484031677,0.796867311000824,0.9219239950180054,0.8217328667640686,1
CGTRNA_RS15190,CGTRNA_RS15195,0,0.40653887391090393,0.31233927607536316,0.27849704027175903,0.5551075339317322,0.6031062006950378,0.39654111862182617,0.3395072817802429,0.41120755672454834,0.27294132113456726,0.4321351945400238,0.40079213976860045,0
CGTRNA_RS15230,CGTRNA_RS15245,0,0.003379161236807704,0.005015552509576082,0.005185896065086126,0.004566098563373089,0.0016382976900786161,0.001525990548543632,0.003926832694560289,0.004154205322265625,0.0021517931018024683,0.002714592730626464,0.00342584204627201,0
CGTRNA_RS15245,CGTRNA_RS15250,1,0.9764474630355835,0.9791749715805054,0.9421848058700562,0.9780759215354919,0.9659181833267212,0.9679824113845825,0.9699249267578125,0.9100467562675476,0.9526914358139038,0.9675785303115845,0.9610025405883789,1
CGTRNA_RS15250,CGTRNA_RS15265,0,0.0034458062145859003,0.00044915894977748394,0.0022951611317694187,0.001909704995341599,0.00039125679177232087,0.004146224353462458,0.005195017904043198,0.005440291482955217,0.005006838124245405,0.003052273066714406,0.003133173301466741,0
CGTRNA_RS15265,CGTRNA_RS15270,1,0.8000742793083191,0.2525172531604767,0.5605567097663879,0.6569024324417114,0.75252765417099,0.47024643421173096,0.5171582698822021,0.2638123333454132,0.42709705233573914,0.43969419598579407,0.5140586614608764,1
CGTRNA_RS15305,CGTRNA_RS15310,0,0.7000094652175903,0.9361015558242798,0.8695309162139893,0.8698493838310242,0.9446830153465271,0.8339502811431885,0.5512936115264893,0.9374454021453857,0.8593235611915588,0.7293259501457214,0.8231513142585755,1
CGTRNA_RS15310,CGTRNA_RS15315,0,0.40928226709365845,0.1432594209909439,0.3485957980155945,0.465153306722641,0.20953454077243805,0.22018283605575562,0.5882372856140137,0.21391940116882324,0.6488253474235535,0.2614647448062897,0.3508454948663712,0
CGTRNA_RS15315,CGTRNA_RS15320,1,0.9533966183662415,0.972615659236908,0.9074788689613342,0.9648420214653015,0.9530437588691711,0.8786661028862,0.9249751567840576,0.8447783589363098,0.9368745684623718,0.9648107290267944,0.930148184299469,1
CGTRNA_RS15320,CGTRNA_RS15325,1,0.9653504490852356,0.9471636414527893,0.9556490778923035,0.9508101344108582,0.9409725069999695,0.9552689790725708,0.9130380749702454,0.8456106781959534,0.9271159768104553,0.9723376631736755,0.9373317182064056,1
CGTRNA_RS15325,CGTRNA_RS00005,0,0.004725033417344093,0.002677738666534424,0.0032877796329557896,0.0035784675274044275,0.0004280878638383001,0.0026925108395516872,0.002713157795369625,0.003829788416624069,0.008350430987775326,0.003281791228801012,0.0035564786376198754,0
CGTRNA_RS15350,CGTRNA_RS15345,0,0.20394763350486755,0.4395013749599457,0.2062056064605713,0.23629418015480042,0.23643481731414795,0.18349991738796234,0.4100109040737152,0.21489040553569794,0.531276285648346,0.16027706861495972,0.2822338193655014,0
CGTRNA_RS15345,CGTRNA_RS15340,1,0.935978353023529,0.8249270915985107,0.7731496691703796,0.8665117025375366,0.8817088007926941,0.8371346592903137,0.8929617404937744,0.4351930618286133,0.8084585666656494,0.7589163780212402,0.8014940023422241,1
CGTRNA_RS15340,CGTRNA_RS15335,1,0.9569821953773499,0.9723426699638367,0.9404303431510925,0.9333310127258301,0.964447021484375,0.9365267753601074,0.9159497618675232,0.7443849444389343,0.9005219340324402,0.9653775095939636,0.9230294167995453,1
CGTRNA_RS15335,CGTRNA_RS15330,1,0.9949753284454346,0.994169294834137,0.9819647073745728,0.9892019033432007,0.9926251173019409,0.9932214617729187,0.9850050806999207,0.9933237433433533,0.9863718748092651,0.9916906952857971,0.990254920721054,1
CGTRNA_RS15330,CGTRNA_RS15290,0,0.0003007267077919096,0.00041521110688336194,0.000907031528186053,0.0008960433187894523,0.00013650023902300745,0.0002613113319966942,0.0004578236839734018,0.000691126799210906,0.0007712839869782329,0.00028987854602746665,0.0005126937248860486,0
CGTRNA_RS15290,CGTRNA_RS15285,1,0.9831613302230835,0.9641338586807251,0.9545345306396484,0.9762535095214844,0.9761903285980225,0.9750910401344299,0.9856845140457153,0.9628838896751404,0.9586450457572937,0.9334343671798706,0.9670012414455413,1
CGTRNA_RS15285,CGTRNA_RS15280,1,0.9885616898536682,0.9714758396148682,0.9749060273170471,0.9891080260276794,0.9824457764625549,0.9811590909957886,0.9909365773200989,0.9910865426063538,0.9442517161369324,0.9369021654129028,0.9750833451747895,1
CGTRNA_RS15280,CGTRNA_RS15275,1,0.9774093627929688,0.9642829298973083,0.9600500464439392,0.9869396686553955,0.9778584241867065,0.9847403764724731,0.99284428358078,0.97409987449646,0.9538434147834778,0.9697641134262085,0.9741832494735718,1
CGTRNA_RS15275,CGTRNA_RS15260,0,0.008141610771417618,0.001970284152776003,0.006519712042063475,0.008649813942611217,0.0028805029578506947,0.005204480141401291,0.007259415462613106,0.008202234283089638,0.023137712851166725,0.003159091342240572,0.007512485794723034,0
CGTRNA_RS15240,CGTRNA_RS15235,0,0.29648518562316895,0.10337546467781067,0.20691581070423126,0.15760964155197144,0.0813973918557167,0.12608623504638672,0.3937043249607086,0.5178096890449524,0.2338191270828247,0.17285607755184174,0.2290058948099613,0
CGTRNA_RS15220,CGTRNA_RS15215,1,0.9667529463768005,0.9857690334320068,0.9647673964500427,0.9683936238288879,0.9676953554153442,0.9362266659736633,0.9547218680381775,0.9488672614097595,0.9789985418319702,0.9769170880317688,0.9649109780788422,1
CGTRNA_RS15215,CGTRNA_RS15210,1,0.9791838526725769,0.9918851256370544,0.971953809261322,0.9894310235977173,0.9865328669548035,0.9830760955810547,0.9639976620674133,0.9845330715179443,0.9890537858009338,0.9633715152740479,0.9803018808364868,1
CGTRNA_RS15210,CGTRNA_RS15205,0,0.03592401742935181,0.004843062721192837,0.01550538744777441,0.027937648817896843,0.011611943133175373,0.016864201053977013,0.05609751120209694,0.013587383553385735,0.032358936965465546,0.008577080443501472,0.0223307172767818,0
CGTRNA_RS15205,CGTRNA_RS15200,0,0.19111666083335876,0.0349775068461895,0.08201347291469574,0.051782071590423584,0.05652806535363197,0.1180628091096878,0.3310772180557251,0.10404224693775177,0.07576379925012589,0.07577517628669739,0.11211390271782876,0
CGTRNA_RS15200,CGTRNA_RS15160,0,0.0013402360491454601,0.0013294207165017724,0.0017808378906920552,0.0017586437752470374,0.0002761555078905076,0.0029092722106724977,0.0007362815085798502,0.002645862055942416,0.004335629288107157,0.0010216004448011518,0.0018133939447579905,0
CGTRNA_RS15160,CGTRNA_RS15155,0,0.9710716605186462,0.9720163941383362,0.9465668201446533,0.9725853800773621,0.957276463508606,0.9575273394584656,0.9267454147338867,0.9660149216651917,0.9453173279762268,0.9657682180404663,0.9580889940261841,1
CGTRNA_RS15155,CGTRNA_RS15150,0,0.98431795835495,0.9850623607635498,0.968022882938385,0.9783127903938293,0.9797160029411316,0.987582266330719,0.9831351637840271,0.9880542159080505,0.9825899004936218,0.9895228147506714,0.9826316356658935,1
CGTRNA_RS15150,CGTRNA_RS15145,0,0.21492567658424377,0.1018669456243515,0.06886286288499832,0.16654270887374878,0.01528896577656269,0.11818661540746689,0.36163440346717834,0.20084241032600403,0.1166619062423706,0.05338621884584427,0.14181987140327693,0
CGTRNA_RS15145,CGTRNA_RS15140,0,0.19265617430210114,0.040303077548742294,0.20603995025157928,0.2877388596534729,0.06110502406954765,0.09582684189081192,0.22733794152736664,0.15548788011074066,0.1082988902926445,0.11614346504211426,0.14909381046891212,0
CGTRNA_RS15100,CGTRNA_RS15085,0,0.014677303843200207,0.005426557268947363,0.01288434024900198,0.014244604855775833,0.0036217367742210627,0.006201366428285837,0.007355975918471813,0.025462521240115166,0.01751546375453472,0.011737268418073654,0.011912713875062764,0
CGTRNA_RS15085,CGTRNA_RS15065,0,0.004428711719810963,0.0025566499680280685,0.0028621775563806295,0.008164643310010433,0.004704287275671959,0.003969876561313868,0.008558140136301517,0.0009427790646441281,0.002380319172516465,0.0022648393642157316,0.004083242412889376,0
CGTRNA_RS15065,CGTRNA_RS15060,1,0.9931419491767883,0.9876734018325806,0.9782886505126953,0.9798406362533569,0.9787631630897522,0.9826563000679016,0.9863141179084778,0.9752815961837769,0.9751572608947754,0.9873985052108765,0.9824515581130981,1
CGTRNA_RS15060,CGTRNA_RS15015,0,0.024352503940463066,0.004737009759992361,0.006120564416050911,0.014773971401154995,0.0027930045034736395,0.009412980638444424,0.003940142225474119,0.0035160512197762728,0.007041002158075571,0.008969409391283989,0.008565663965418935,0
CGTRNA_RS15015,CGTRNA_RS15000,0,0.015078993514180183,0.03612029179930687,0.027580872178077698,0.018004201352596283,0.0241534486413002,0.05380402132868767,0.023684008046984673,0.023250877857208252,0.025395145639777184,0.020656423643231392,0.02677282840013504,0
CGTRNA_RS15000,CGTRNA_RS14995,0,0.4999597370624542,0.3941008448600769,0.4116661846637726,0.4575839638710022,0.6469392776489258,0.4306374192237854,0.1250901073217392,0.8651295900344849,0.534700334072113,0.6866335272789001,0.5052440986037254,1
CGTRNA_RS14995,CGTRNA_RS14990,1,0.9838067293167114,0.9689316749572754,0.9705161452293396,0.9827783107757568,0.9760711789131165,0.9617677330970764,0.9478010535240173,0.9349290728569031,0.9730079770088196,0.9800393581390381,0.9679649233818054,1
CGTRNA_RS14990,CGTRNA_RS14985,1,0.9905824661254883,0.9788078665733337,0.9509919881820679,0.9791306257247925,0.9778574705123901,0.9797769784927368,0.9911593198776245,0.9654410481452942,0.9760304689407349,0.9569416046142578,0.9746719837188721,1
CGTRNA_RS14985,CGTRNA_RS14980,0,0.020200766623020172,0.048238467425107956,0.030985144898295403,0.04488362371921539,0.033584628254175186,0.04486067593097687,0.0587383508682251,0.014678413048386574,0.020872758701443672,0.005194826051592827,0.03222376555204391,0
CGTRNA_RS14980,CGTRNA_RS14970,0,0.13600778579711914,0.1335599422454834,0.20347872376441956,0.2328869253396988,0.0670660138130188,0.16361591219902039,0.4925076365470886,0.26122134923934937,0.1807425171136856,0.13936907052993774,0.20104558765888214,0
CGTRNA_RS14970,CGTRNA_RS14955,0,0.010124637745320797,0.01693899556994438,0.007277968339622021,0.012714763171970844,0.016633812338113785,0.02175312116742134,0.01675972156226635,0.0015709537547081709,0.01591835357248783,0.005424346774816513,0.012511667399667203,0
CGTRNA_RS14955,CGTRNA_RS14950,0,0.03356233611702919,0.10297189652919769,0.06957106292247772,0.06618919223546982,0.0838523879647255,0.0840916559100151,0.066311314702034,0.054258398711681366,0.029965810477733612,0.03247509151697159,0.06232491470873356,0
CGTRNA_RS14950,CGTRNA_RS14945,1,0.8478508591651917,0.8671296834945679,0.9182550311088562,0.9312100410461426,0.9079254269599915,0.8778325319290161,0.9099370837211609,0.873778760433197,0.8648911118507385,0.8797193765640259,0.8878529906272888,1
CGTRNA_RS14945,CGTRNA_RS14940,0,0.819258987903595,0.7319223880767822,0.7436676025390625,0.7865462899208069,0.7512742280960083,0.6982347965240479,0.8106589913368225,0.6080881357192993,0.6895745396614075,0.6287079453468323,0.7267933905124664,1
CGTRNA_RS14940,CGTRNA_RS14930,0,0.03325973078608513,0.008145247586071491,0.039950426667928696,0.03971828147768974,0.00851846020668745,0.016547642648220062,0.05312912538647652,0.024700826033949852,0.01365542970597744,0.02733278088271618,0.026495795138180255,0
CGTRNA_RS14930,CGTRNA_RS14925,0,0.7059715986251831,0.6830273866653442,0.8396508097648621,0.8361678719520569,0.788999080657959,0.7989770770072937,0.6130953431129456,0.8332104086875916,0.7122725248336792,0.5345919132232666,0.7345964014530182,1
CGTRNA_RS14925,CGTRNA_RS14920,0,0.8461941480636597,0.7729330658912659,0.8837053179740906,0.7582374811172485,0.7516942620277405,0.7587025761604309,0.7953382134437561,0.8912811279296875,0.7743582725524902,0.771852970123291,0.800429743528366,1
CGTRNA_RS14920,CGTRNA_RS14905,0,0.004738152027130127,0.0009977177251130342,0.009109070524573326,0.0056687816977500916,0.0023718085139989853,0.0033327704295516014,0.008022772148251534,0.0034099032636731863,0.0034472309052944183,0.004532175604254007,0.004563038283959031,0
CGTRNA_RS14905,CGTRNA_RS14900,1,0.9854227900505066,0.9862071871757507,0.9641528129577637,0.979397177696228,0.9699217081069946,0.9755938649177551,0.9787063002586365,0.9824993014335632,0.9746378064155579,0.977058470249176,0.9773597419261932,1
CGTRNA_RS14875,CGTRNA_RS14870,1,0.6790907382965088,0.6866995692253113,0.6586418747901917,0.7105135917663574,0.7926146984100342,0.646808385848999,0.7043851613998413,0.7730460166931152,0.609761118888855,0.6766298413276672,0.6938190996646881,1
CGTRNA_RS14870,CGTRNA_RS14860,0,0.01589185930788517,0.003011849010363221,0.013520677573978901,0.009366326965391636,0.002733460161834955,0.007588451728224754,0.013160216622054577,0.033652469515800476,0.007532447576522827,0.010430360212922096,0.011688811867497862,0
CGTRNA_RS14860,CGTRNA_RS14855,1,0.989861249923706,0.9890270233154297,0.9721884727478027,0.982732892036438,0.9787569642066956,0.985499918460846,0.9815828204154968,0.9857205748558044,0.9858865737915039,0.9872835278511047,0.9838540017604828,1
CGTRNA_RS14855,CGTRNA_RS14850,1,0.9859967231750488,0.9758182168006897,0.9681788682937622,0.9739491939544678,0.9827258586883545,0.9788175225257874,0.9916815757751465,0.9747461080551147,0.9609186053276062,0.9363738298416138,0.9729206502437592,1
CGTRNA_RS14850,CGTRNA_RS14845,1,0.624187707901001,0.8475480079650879,0.7898604869842529,0.8998739719390869,0.7854247093200684,0.5709862112998962,0.9280698299407959,0.8755853176116943,0.8207423686981201,0.6962805986404419,0.7838559210300445,1
CGTRNA_RS14845,CGTRNA_RS14840,1,0.6806250214576721,0.6501265168190002,0.7957140207290649,0.7790358066558838,0.6954214572906494,0.7289871573448181,0.870561957359314,0.7916739583015442,0.794572114944458,0.660926342010498,0.7447644352912903,1
CGTRNA_RS14800,CGTRNA_RS14795,1,0.9619684815406799,0.9075857400894165,0.9597201943397522,0.9421912431716919,0.9554851651191711,0.92678302526474,0.8243134021759033,0.9919589161872864,0.9071304202079773,0.9349712133407593,0.9312107801437378,1
CGTRNA_RS14795,CGTRNA_RS14790,1,0.9468228220939636,0.9813451766967773,0.9414452910423279,0.9311970472335815,0.9665956497192383,0.9693715572357178,0.8909308910369873,0.9845417737960815,0.9664827585220337,0.9649171829223633,0.9543650150299072,1
CGTRNA_RS14790,CGTRNA_RS14785,0,0.06784772872924805,0.08986558020114899,0.15099972486495972,0.0954875499010086,0.06162656471133232,0.06503649055957794,0.06562421470880508,0.08854275196790695,0.04886697605252266,0.0721646398305893,0.08060622215270996,0
CGTRNA_RS14725,CGTRNA_RS14705,0,0.006880179047584534,0.002716938266530633,0.0067904950119555,0.010179444216191769,0.001915290136821568,0.0034619891084730625,0.004519792273640633,0.04721972346305847,0.00938728079199791,0.008472844958305359,0.010154397727455943,0
CGTRNA_RS14705,CGTRNA_RS14700,0,0.9827053546905518,0.9817580580711365,0.9783624410629272,0.9770504236221313,0.9842958450317383,0.975788414478302,0.9877683520317078,0.9847625494003296,0.9563130736351013,0.9524540305137634,0.976125854253769,1
CGTRNA_RS14660,CGTRNA_RS14650,0,0.1360824555158615,0.04201193153858185,0.08428986370563507,0.1873646229505539,0.03281644731760025,0.04682557284832001,0.10855453461408615,0.03788072615861893,0.048267967998981476,0.10845848172903061,0.08325526043772698,0
CGTRNA_RS14650,CGTRNA_RS14635,0,0.02088550105690956,0.00754137197509408,0.012732126750051975,0.010765344835817814,0.0031896180007606745,0.015629248693585396,0.008662458509206772,0.046124767512083054,0.01519304420799017,0.019812336191534996,0.01605358177330345,0
CGTRNA_RS14625,CGTRNA_RS14620,1,0.8779129385948181,0.9499813914299011,0.9368091225624084,0.9249755144119263,0.9608124494552612,0.8953437805175781,0.49873489141464233,0.9588915705680847,0.9306074976921082,0.911323606967926,0.8845392763614655,1
CGTRNA_RS14620,CGTRNA_RS14610,0,0.0803670808672905,0.06978319585323334,0.15191343426704407,0.17625662684440613,0.05694236233830452,0.05837995186448097,0.1012762263417244,0.024399522691965103,0.19820572435855865,0.046824220567941666,0.09643483459949494,0
CGTRNA_RS14610,CGTRNA_RS14600,0,0.016313370317220688,0.0037873948458582163,0.024518664926290512,0.01778552122414112,0.0024132276885211468,0.015954382717609406,0.023477138951420784,0.014888345263898373,0.014079062268137932,0.013363235630095005,0.014658034383319318,0
CGTRNA_RS14565,CGTRNA_RS14560,1,0.4956364333629608,0.4150768518447876,0.4352133572101593,0.4844735562801361,0.34126266837120056,0.37850797176361084,0.6001725196838379,0.3933697044849396,0.5479018688201904,0.38233307003974915,0.44739480018615724,0
CGTRNA_RS14560,CGTRNA_RS14555,0,0.11642550677061081,0.07284949719905853,0.03996416553854942,0.05034712702035904,0.02107270248234272,0.07463520765304565,0.1276746541261673,0.0874360129237175,0.04379388317465782,0.04258766397833824,0.0676786420866847,0
CGTRNA_RS14555,CGTRNA_RS14550,0,0.2226734310388565,0.38182270526885986,0.43169543147087097,0.35785284638404846,0.28876906633377075,0.25597232580184937,0.257982462644577,0.375468909740448,0.20052853226661682,0.22867436707019806,0.30014400780200956,0
CGTRNA_RS14550,CGTRNA_RS14540,0,0.23746006190776825,0.019761038944125175,0.11497507989406586,0.1006736308336258,0.0917607769370079,0.05854513868689537,0.032030511647462845,0.152394101023674,0.11533298343420029,0.09766190499067307,0.10205952282994986,0
CGTRNA_RS14525,CGTRNA_RS14520,1,0.9235481023788452,0.8986507058143616,0.891026496887207,0.885654091835022,0.939079761505127,0.9098364114761353,0.8844144940376282,0.8158544301986694,0.9282317161560059,0.8828540444374084,0.895915025472641,1
CGTRNA_RS14520,CGTRNA_RS14510,0,0.7412083745002747,0.750193178653717,0.7186945080757141,0.6971035003662109,0.5585684180259705,0.8249372243881226,0.40496599674224854,0.8127610087394714,0.6270431280136108,0.7754412889480591,0.6910916626453399,1
CGTRNA_RS14510,CGTRNA_RS14500,0,0.11994336545467377,0.028614165261387825,0.10570921748876572,0.08157841116189957,0.05548799782991409,0.06424162536859512,0.11390814930200577,0.18770082294940948,0.08352974057197571,0.13892553746700287,0.097963903285563,0
CGTRNA_RS14500,CGTRNA_RS14485,0,0.01923983544111252,0.008623503148555756,0.014556845650076866,0.01933613233268261,0.0038112325128167868,0.017384648323059082,0.023642249405384064,0.014686055481433868,0.011710804887115955,0.01899748481810093,0.015198879200033844,0
CGTRNA_RS14485,CGTRNA_RS14470,0,0.002217709319666028,0.0024075645487755537,0.004195960704237223,0.0027579187881201506,0.000889922259375453,0.0012747840955853462,0.004272434860467911,0.006771110463887453,0.007046015001833439,0.0023068739101290703,0.0034140293952077626,0
CGTRNA_RS14470,CGTRNA_RS14455,0,0.14019834995269775,0.09233160316944122,0.36066916584968567,0.375936359167099,0.12594074010849,0.15854743123054504,0.1261271983385086,0.27095967531204224,0.17452578246593475,0.19792653620243073,0.2023162841796875,0
CGTRNA_RS14455,CGTRNA_RS14450,0,0.7099519371986389,0.693551778793335,0.7365540266036987,0.8470026254653931,0.7777993679046631,0.7343245148658752,0.5937540531158447,0.7939134836196899,0.7299684882164001,0.770704448223114,0.7387524724006653,1
CGTRNA_RS14450,CGTRNA_RS14390,0,0.001282804529182613,0.0004260313289705664,0.0019566649571061134,0.003354887943714857,0.00040072068804875016,0.0008560784626752138,0.0011936032678931952,0.0004688191693276167,0.0017749530961737037,0.0012198329204693437,0.0012934396363561973,0
CGTRNA_RS14390,CGTRNA_RS14385,1,0.9217679500579834,0.9043694734573364,0.891089916229248,0.8798045516014099,0.8539869785308838,0.8682560324668884,0.841097354888916,0.9246327877044678,0.834328293800354,0.8508175015449524,0.877015084028244,1
CGTRNA_RS14385,CGTRNA_RS14375,0,0.012714625336229801,0.002473272383213043,0.01617480255663395,0.006742121186107397,0.0028139641508460045,0.024625109508633614,0.012079723179340363,0.03169865161180496,0.019679589197039604,0.008151178248226643,0.013715303735807538,0
CGTRNA_RS14375,CGTRNA_RS14370,1,0.9048568606376648,0.8501840829849243,0.902079164981842,0.9761096835136414,0.9248306155204773,0.9262065291404724,0.9832370281219482,0.7851877212524414,0.9175800681114197,0.8718805909156799,0.9042152345180512,1
CGTRNA_RS14370,CGTRNA_RS14330,0,0.0025144757237285376,0.0011731856502592564,0.0026824919041246176,0.0026467053685337305,0.0010953586315736175,0.001874918700195849,0.0018666498363018036,0.0011732388520613313,0.0035359130706638098,0.0019848402589559555,0.0020547777996398507,0
CGTRNA_RS14330,CGTRNA_RS14325,1,0.9885088801383972,0.9912898540496826,0.9850800037384033,0.9855827689170837,0.9907954335212708,0.9853947758674622,0.9852425456047058,0.9781894087791443,0.9822730422019958,0.9917226433753967,0.9864079356193542,1
CGTRNA_RS14325,CGTRNA_RS14300,0,0.007478849962353706,0.003014629939571023,0.009911988861858845,0.011226396076381207,0.0027769834268838167,0.004967472516000271,0.00804535299539566,0.005577105097472668,0.007249725051224232,0.008773641660809517,0.006902214558795095,0
CGTRNA_RS14300,CGTRNA_RS14295,1,0.9735471606254578,0.9897414445877075,0.9782430529594421,0.9883486032485962,0.9781827330589294,0.9844334721565247,0.9606900215148926,0.9914781451225281,0.9834583401679993,0.9845619797706604,0.9812684953212738,1
CGTRNA_RS14295,CGTRNA_RS14290,1,0.9783816933631897,0.9636839032173157,0.943942129611969,0.9864052534103394,0.9744366407394409,0.9721215963363647,0.9917195439338684,0.9538747072219849,0.9453968405723572,0.9470570683479309,0.9657019376754761,1
CGTRNA_RS14290,CGTRNA_RS14285,1,0.5897878408432007,0.7223231196403503,0.7750077247619629,0.7684270143508911,0.6924784183502197,0.6323390007019043,0.8641248345375061,0.9026586413383484,0.7762791514396667,0.7984686493873596,0.752189439535141,1
CGTRNA_RS14285,CGTRNA_RS14275,0,0.013517534360289574,0.005326359067112207,0.017580242827534676,0.011024003848433495,0.011205480434000492,0.026896918192505836,0.019773030653595924,0.17017610371112823,0.054387569427490234,0.023785768076777458,0.035367301059886815,0
CGTRNA_RS14275,CGTRNA_RS14265,0,0.004610508214682341,0.005217289086431265,0.013253023847937584,0.006956192199140787,0.008635861799120903,0.07195238023996353,0.006266601849347353,0.09595401585102081,0.08386429399251938,0.019742341712117195,0.031645250879228114,0
CGTRNA_RS14265,CGTRNA_RS14260,1,0.9910353422164917,0.9829902052879333,0.9757028222084045,0.9835147857666016,0.9899017214775085,0.9844111800193787,0.9759400486946106,0.9775280952453613,0.9673836827278137,0.9762489795684814,0.9804656863212585,1
CGTRNA_RS14260,CGTRNA_RS14250,0,0.02602524869143963,0.027659643441438675,0.0438736192882061,0.021356185898184776,0.006562067661434412,0.0691426619887352,0.0650271400809288,0.07185683399438858,0.032733067870140076,0.01701638661324978,0.0381252855528146,0
CGTRNA_RS14250,CGTRNA_RS14245,1,0.9753707647323608,0.9819281697273254,0.9368496537208557,0.9803819060325623,0.9785608053207397,0.9816619157791138,0.9909719824790955,0.9661059975624084,0.9646774530410767,0.9279428124427795,0.9684451460838318,1
CGTRNA_RS14245,CGTRNA_RS14240,1,0.9908008575439453,0.9849830269813538,0.9467216730117798,0.9753448367118835,0.9807746410369873,0.9638065099716187,0.9920000433921814,0.9612759351730347,0.9736019372940063,0.9303858876228333,0.9699695348739624,1
CGTRNA_RS14240,CGTRNA_RS14235,1,0.7510330080986023,0.7222563624382019,0.6515116691589355,0.7836183905601501,0.5777670741081238,0.7126531004905701,0.9427802562713623,0.6011031866073608,0.5882560014724731,0.5169188380241394,0.6847897887229919,1
CGTRNA_RS14235,CGTRNA_RS14230,1,0.6567979454994202,0.5329649448394775,0.5790794491767883,0.6568590998649597,0.6839748024940491,0.4607030749320984,0.6667883992195129,0.3715530335903168,0.7617782354354858,0.493985116481781,0.586448410153389,1
CGTRNA_RS14230,CGTRNA_RS14220,0,0.05049172043800354,0.09785822033882141,0.059659358114004135,0.049972452223300934,0.045019056648015976,0.10438866168260574,0.07209070026874542,0.02929123118519783,0.07564420998096466,0.037230007350444794,0.062164561823010445,0
CGTRNA_RS14220,CGTRNA_RS14215,1,0.9864439368247986,0.9894163012504578,0.9687098264694214,0.9885952472686768,0.9917919635772705,0.9884299039840698,0.9729343056678772,0.9891504645347595,0.9611535668373108,0.9876648783683777,0.982429039478302,1
CGTRNA_RS14215,CGTRNA_RS14210,1,0.9947400689125061,0.9933813214302063,0.9852447509765625,0.9888678789138794,0.993742048740387,0.9930348992347717,0.989550769329071,0.9898783564567566,0.9911529421806335,0.9953142404556274,0.9914907276630401,1
CGTRNA_RS14210,CGTRNA_RS14205,1,0.40563979744911194,0.18483906984329224,0.28208643198013306,0.2930426597595215,0.27638640999794006,0.2696148753166199,0.5696470737457275,0.5317683815956116,0.2883225083351135,0.14931736886501312,0.32506645768880843,0
CGTRNA_RS14205,CGTRNA_RS14200,0,0.673571765422821,0.7097788453102112,0.5531411170959473,0.5405840277671814,0.5302101373672485,0.4695265591144562,0.5618364810943604,0.6088795065879822,0.3699459433555603,0.5078938603401184,0.5525368243455887,1
CGTRNA_RS14200,CGTRNA_RS14195,1,0.9639165997505188,0.926559329032898,0.9319639801979065,0.9605705738067627,0.9304932355880737,0.9193503856658936,0.9141876101493835,0.9784510135650635,0.9389011263847351,0.9164934158325195,0.9380887269973754,1
CGTRNA_RS14195,CGTRNA_RS14160,0,0.008290727622807026,0.007654189597815275,0.007730983197689056,0.0068133557215332985,0.002601487096399069,0.01569330506026745,0.009818343445658684,0.0038764167111366987,0.001581363147124648,0.003109412034973502,0.006716958363540471,0
CGTRNA_RS14160,CGTRNA_RS14145,0,0.05390148609876633,0.23420824110507965,0.10911966860294342,0.1548250913619995,0.1363430619239807,0.08292160928249359,0.07661445438861847,0.14374816417694092,0.13734343647956848,0.09935639053583145,0.12283816039562226,0
CGTRNA_RS14145,CGTRNA_RS14130,0,0.04572639241814613,0.0666380450129509,0.06175509840250015,0.04006397724151611,0.029232457280158997,0.024617543444037437,0.012776280753314495,0.18589240312576294,0.15897971391677856,0.027731461450457573,0.06534133730456233,0
CGTRNA_RS14130,CGTRNA_RS14105,0,0.0010702534345909953,0.0011558264959603548,0.0035247092600911856,0.002081934129819274,0.00033770440495572984,0.000950307585299015,0.0015159378526732326,0.0017468243604525924,0.004856532905250788,0.0005588459898717701,0.0017798876418964938,0
CGTRNA_RS14105,CGTRNA_RS14100,1,0.4786994755268097,0.6058316230773926,0.5702199339866638,0.7448395490646362,0.4138640761375427,0.4126605987548828,0.8446228504180908,0.8149370551109314,0.6912680864334106,0.5710555911064148,0.6147998839616775,1
CGTRNA_RS14100,CGTRNA_RS14085,0,0.05063087120652199,0.047774847596883774,0.03252119943499565,0.032448600977659225,0.09497079253196716,0.11269309371709824,0.052353717386722565,0.03946395218372345,0.03803294897079468,0.031942371279001236,0.053283239528536794,0
CGTRNA_RS14085,CGTRNA_RS14080,1,0.9771705865859985,0.9807168841362,0.9756225943565369,0.9758388996124268,0.9653769135475159,0.9699759483337402,0.945050835609436,0.9639602303504944,0.9659168124198914,0.9758538007736206,0.969548350572586,1
CGTRNA_RS14045,CGTRNA_RS14030,0,0.002392848487943411,0.001351286773569882,0.008883526548743248,0.005583903286606073,0.0029983557760715485,0.013349010609090328,0.006961653009057045,0.01683092676103115,0.019116586074233055,0.006762281525880098,0.008423037885222584,0
CGTRNA_RS14030,CGTRNA_RS14010,0,0.012456320226192474,0.011667925864458084,0.03099183551967144,0.021855715662240982,0.004082941450178623,0.03391970694065094,0.009413772262632847,0.12144681811332703,0.020587308332324028,0.01175584178417921,0.027817818615585566,0
CGTRNA_RS14010,CGTRNA_RS14005,1,0.6694580316543579,0.4361884593963623,0.5132297277450562,0.6570760011672974,0.4773995876312256,0.44267070293426514,0.9160987138748169,0.6140991449356079,0.4734920561313629,0.4934033751487732,0.5693115800619125,1
CGTRNA_RS14005,CGTRNA_RS14000,0,0.7399905920028687,0.8520605564117432,0.5449466705322266,0.640836238861084,0.733346164226532,0.8384698629379272,0.7260581851005554,0.565650224685669,0.799937903881073,0.5598531365394592,0.7001149535179139,1
CGTRNA_RS14000,CGTRNA_RS13995,1,0.9938220381736755,0.9951914548873901,0.9859336018562317,0.9915990829467773,0.9899640083312988,0.9898215532302856,0.9830136299133301,0.992160975933075,0.9914917349815369,0.989052951335907,0.9902051031589508,1
CGTRNA_RS13995,CGTRNA_RS13990,1,0.9852631092071533,0.9799665212631226,0.9546684622764587,0.9768182039260864,0.9812114238739014,0.9745762348175049,0.9924357533454895,0.9638835191726685,0.9712898135185242,0.938625156879425,0.9718738198280334,1
CGTRNA_RS13990,CGTRNA_RS13980,0,0.04015884920954704,0.005480465013533831,0.054014965891838074,0.031478770077228546,0.006545314099639654,0.025957835838198662,0.03175066411495209,0.0268021859228611,0.027800198644399643,0.0300404392182827,0.028002968803048135,0
CGTRNA_RS13980,CGTRNA_RS13970,0,0.0655660331249237,0.0210434440523386,0.09029312431812286,0.1759609580039978,0.03212256357073784,0.05724073946475983,0.09178417176008224,0.04817889258265495,0.03640752285718918,0.05588617920875549,0.06744836289435625,0
CGTRNA_RS13970,CGTRNA_RS13965,1,0.9850001335144043,0.9845958948135376,0.9293215870857239,0.9733155369758606,0.9804596304893494,0.9671834111213684,0.9922307729721069,0.9441055655479431,0.9655433893203735,0.8637895584106445,0.9585545480251312,1
CGTRNA_RS13965,CGTRNA_RS13960,0,0.7570253610610962,0.48991480469703674,0.709621787071228,0.6296184062957764,0.5706716179847717,0.6883877515792847,0.6185411810874939,0.6038455963134766,0.805923581123352,0.7950578331947327,0.6668607920408249,1
CGTRNA_RS13960,CGTRNA_RS13955,1,0.9899857640266418,0.9887152314186096,0.9389514327049255,0.9807054996490479,0.9807332158088684,0.9651967287063599,0.9932090640068054,0.9620320200920105,0.9695209264755249,0.939178466796875,0.9708228349685669,1
CGTRNA_RS13955,CGTRNA_RS13950,1,0.9881131052970886,0.9831716418266296,0.9580070972442627,0.9706102013587952,0.9801990985870361,0.9671834111213684,0.9920890927314758,0.9670931100845337,0.9703917503356934,0.9361594319343567,0.971301794052124,1
CGTRNA_RS13950,CGTRNA_RS13940,0,0.12355480343103409,0.08609212189912796,0.09270426630973816,0.09379369020462036,0.03973100706934929,0.13027718663215637,0.15564586222171783,0.1734578162431717,0.07845307886600494,0.0882568284869194,0.10619666613638401,0
CGTRNA_RS13940,CGTRNA_RS13935,1,0.8589814305305481,0.8673861622810364,0.8202181458473206,0.9005060195922852,0.7688586115837097,0.713502049446106,0.8391405344009399,0.895846962928772,0.793645977973938,0.7297810316085815,0.8187866926193237,1
CGTRNA_RS13875,CGTRNA_RS13870,0,0.19950713217258453,0.05615738779306412,0.4313529431819916,0.40155941247940063,0.1135639175772667,0.3755078911781311,0.3101397454738617,0.22480301558971405,0.44324126839637756,0.29825258255004883,0.28540852963924407,0
CGTRNA_RS13870,CGTRNA_RS13865,1,0.9868987798690796,0.9857596158981323,0.9442642331123352,0.9791874885559082,0.981959342956543,0.9730014801025391,0.9922959208488464,0.9700531959533691,0.955832302570343,0.9340150952339172,0.9703267455101013,1
CGTRNA_RS13865,CGTRNA_RS13860,1,0.9878002405166626,0.9854618906974792,0.9430963397026062,0.9709806442260742,0.9846001267433167,0.9698079228401184,0.9922596216201782,0.9675325155258179,0.9673573970794678,0.9564977884292603,0.9725394487380982,1
CGTRNA_RS13860,CGTRNA_RS13855,0,0.9871578812599182,0.9929920434951782,0.9675913453102112,0.9819202423095703,0.9802589416503906,0.9885661602020264,0.9807559251785278,0.9821378588676453,0.9768077731132507,0.9915448427200317,0.9829733014106751,1
CGTRNA_RS13855,CGTRNA_RS13850,1,0.7368485331535339,0.8317223787307739,0.7914734482765198,0.8350130915641785,0.8406277894973755,0.721382737159729,0.7575467228889465,0.9394835829734802,0.8980534076690674,0.4968009293079376,0.7848952621221542,1
CGTRNA_RS13850,CGTRNA_RS13840,0,0.011145043186843395,0.014770480804145336,0.031457528471946716,0.021962331607937813,0.0025606127455830574,0.06695432215929031,0.03530532494187355,0.00860668160021305,0.024787472561001778,0.010320063680410385,0.02278698617592454,0
CGTRNA_RS13840,CGTRNA_RS13835,1,0.9876154661178589,0.980336606502533,0.9493246674537659,0.9777749180793762,0.9797053933143616,0.9813261032104492,0.990050196647644,0.9677565693855286,0.9679688811302185,0.956413984298706,0.9738272786140442,1
CGTRNA_RS13835,CGTRNA_RS13830,1,0.7408768534660339,0.6156091094017029,0.4911209046840668,0.6134984493255615,0.7413053512573242,0.6198042035102844,0.5951645374298096,0.4140622317790985,0.20742489397525787,0.6477553248405457,0.5686621859669685,1
CGTRNA_RS13830,CGTRNA_RS13825,1,0.9784857630729675,0.9782346487045288,0.9293310046195984,0.9806336164474487,0.9730108380317688,0.9821767210960388,0.9859737753868103,0.8830462694168091,0.9624379277229309,0.975820779800415,0.9629151344299316,1
CGTRNA_RS13825,CGTRNA_RS13820,0,0.10809947550296783,0.1729520559310913,0.23567529022693634,0.15937252342700958,0.197759211063385,0.13090880215168,0.21959947049617767,0.04935240373015404,0.2615821659564972,0.0542156919836998,0.15895170904695988,0
CGTRNA_RS13820,CGTRNA_RS13805,0,0.012714722193777561,0.01888313516974449,0.03654254600405693,0.025957016274333,0.024285180494189262,0.0224391408264637,0.033266399055719376,0.006765209604054689,0.02378586120903492,0.010856520384550095,0.021549573121592402,0
CGTRNA_RS13805,CGTRNA_RS13775,0,0.02662048675119877,0.004540261346846819,0.02667335979640484,0.022729532793164253,0.009593936614692211,0.043768689036369324,0.005513680167496204,0.03538752719759941,0.10274767875671387,0.022112637758255005,0.02996877902187407,0
CGTRNA_RS13775,CGTRNA_RS13770,0,0.9901540875434875,0.9813733696937561,0.9825390577316284,0.9875943660736084,0.989809513092041,0.9722200036048889,0.9745507836341858,0.9859379529953003,0.9780303835868835,0.968631386756897,0.9810840904712677,1
CGTRNA_RS13770,CGTRNA_RS13745,0,0.003443547058850527,0.002290507545694709,0.00514140585437417,0.0037009776569902897,0.0005930453189648688,0.0032577032689005136,0.002325196750462055,0.027071764692664146,0.010836425237357616,0.006818810943514109,0.006547938432777301,0
CGTRNA_RS13725,CGTRNA_RS13720,1,0.8659726977348328,0.2642003893852234,0.7636076211929321,0.7778444886207581,0.7935211062431335,0.762243926525116,0.9052735567092896,0.8215808272361755,0.7248104214668274,0.8471236228942871,0.7526178658008575,1
CGTRNA_RS13720,CGTRNA_RS13715,1,0.7037456035614014,0.8734844923019409,0.8430780172348022,0.9159539937973022,0.6586299538612366,0.6722309589385986,0.9308268427848816,0.9470420479774475,0.8752111792564392,0.746183454990387,0.8166386544704437,1
CGTRNA_RS13715,CGTRNA_RS13710,1,0.7992764711380005,0.5580320954322815,0.6897911429405212,0.6817070841789246,0.8133353590965271,0.6988400220870972,0.6626697778701782,0.6510100364685059,0.7328261137008667,0.5641743540763855,0.6851662456989288,1
CGTRNA_RS13710,CGTRNA_RS13705,1,0.9874439239501953,0.9857119917869568,0.9450381994247437,0.9768493175506592,0.9819197654724121,0.9719749093055725,0.9922659993171692,0.9694486260414124,0.963883638381958,0.9513862729072571,0.9725922644138336,1
CGTRNA_RS13705,CGTRNA_RS13700,1,0.7001019716262817,0.6767591238021851,0.768865168094635,0.7232335805892944,0.49049457907676697,0.5417661070823669,0.8095378875732422,0.7071154713630676,0.6951139569282532,0.614897608757019,0.6727885454893112,1
CGTRNA_RS13700,CGTRNA_RS13695,1,0.42910316586494446,0.16584207117557526,0.22160540521144867,0.3048974275588989,0.1299889236688614,0.193869948387146,0.49074307084083557,0.1392187923192978,0.2473348081111908,0.11558803915977478,0.24381916522979735,0
CGTRNA_RS13695,CGTRNA_RS13690,0,0.7492182850837708,0.920091450214386,0.8188504576683044,0.87616366147995,0.8496893644332886,0.7454876899719238,0.7827973365783691,0.5699827075004578,0.8531951904296875,0.8181954622268677,0.7983671605587006,1
CGTRNA_RS13690,CGTRNA_RS13675,0,0.04914066568017006,0.007353362161666155,0.019393738359212875,0.04513351619243622,0.013562098145484924,0.018492048606276512,0.03489462658762932,0.003378159599378705,0.01868576928973198,0.01506238803267479,0.022509637265466155,0
CGTRNA_RS13610,CGTRNA_RS13605,1,0.9886679649353027,0.9863471984863281,0.9573636651039124,0.976709246635437,0.9840393662452698,0.9783127903938293,0.9924136400222778,0.9776403903961182,0.9697219133377075,0.9452766180038452,0.9756492793560028,1
CGTRNA_RS13560,CGTRNA_RS13535,0,0.0014897527871653438,0.000634503026958555,0.0026355767622590065,0.0027974580880254507,0.0004191071493551135,0.0006663852836936712,0.0008976232493296266,0.0016893342835828662,0.004344101995229721,0.0014662923058494925,0.0017040134931448846,0
CGTRNA_RS13535,CGTRNA_RS13530,1,0.7867521643638611,0.7528319358825684,0.839636504650116,0.9595614671707153,0.8382393717765808,0.7975646257400513,0.9716160893440247,0.9035024046897888,0.8928764462471008,0.820524275302887,0.8563105285167694,1
CGTRNA_RS13530,CGTRNA_RS13525,1,0.9217587113380432,0.8829505443572998,0.8822183609008789,0.9293330311775208,0.8980244994163513,0.8836768865585327,0.893886387348175,0.9216845631599426,0.7670474052429199,0.8407154679298401,0.8821295857429504,1
CGTRNA_RS13525,CGTRNA_RS13520,1,0.9900867938995361,0.9917023181915283,0.976208508014679,0.986160397529602,0.9817588329315186,0.9885682463645935,0.9847621321678162,0.9911823272705078,0.9732979536056519,0.9888861775398254,0.9852613687515259,1
CGTRNA_RS13520,CGTRNA_RS13475,0,0.00042001664405688643,0.0006702010286971927,0.0008501479751430452,0.0015727258287370205,0.00040977244498208165,0.0005676756845787168,0.0006360657280310988,5.2297131333034486e-05,0.0010781838791444898,0.00019834906561300159,0.0006455435410316568,0
CGTRNA_RS13475,CGTRNA_RS13470,1,0.9837120771408081,0.9742283225059509,0.9389829635620117,0.9645513296127319,0.9748067855834961,0.9640947580337524,0.9903442859649658,0.9249635934829712,0.9708881974220276,0.8820841908454895,0.9568656504154205,1
CGTRNA_RS13470,CGTRNA_RS13465,1,0.8411352038383484,0.9746084809303284,0.9044449329376221,0.9497373700141907,0.8575810790061951,0.9123631119728088,0.945044994354248,0.9279369115829468,0.8080331087112427,0.8559378385543823,0.8976823031902313,1
CGTRNA_RS13465,CGTRNA_RS13460,1,0.9796772003173828,0.9848518967628479,0.9348462224006653,0.9763889908790588,0.9818974137306213,0.9754231572151184,0.991648256778717,0.9653798937797546,0.9688255190849304,0.9152816534042358,0.9674220204353332,1
CGTRNA_RS13460,CGTRNA_RS13455,1,0.9747558236122131,0.9843406677246094,0.9233407378196716,0.9746515154838562,0.9795268177986145,0.9612162709236145,0.9915924668312073,0.9437822699546814,0.957405686378479,0.8962436318397522,0.9586855888366699,1
CGTRNA_RS13455,CGTRNA_RS13450,1,0.9810358285903931,0.9008221626281738,0.9485385417938232,0.9777607321739197,0.9743719696998596,0.9619901180267334,0.973016083240509,0.8565497398376465,0.9320787787437439,0.8387595415115356,0.9344923496246338,1
CGTRNA_RS13450,CGTRNA_RS13445,1,0.9787980318069458,0.9807029366493225,0.939227283000946,0.9748667478561401,0.9809434413909912,0.9759548306465149,0.9904383420944214,0.9639390110969543,0.9648844599723816,0.8910870552062988,0.9640842139720917,1
CGTRNA_RS13445,CGTRNA_RS13440,1,0.9842996001243591,0.9835978746414185,0.9424017071723938,0.9710086584091187,0.9792505502700806,0.966361403465271,0.990898072719574,0.9417345523834229,0.9628495573997498,0.9271860718727112,0.96495880484581,1
CGTRNA_RS13440,CGTRNA_RS13435,1,0.9549525380134583,0.9805991649627686,0.9134125113487244,0.9766455888748169,0.9746155738830566,0.9759040474891663,0.9900093674659729,0.9562413692474365,0.9504283666610718,0.8698485493659973,0.954265707731247,1
CGTRNA_RS13435,CGTRNA_RS13430,1,0.4223560392856598,0.14704658091068268,0.19758586585521698,0.3260113596916199,0.13754013180732727,0.2494553178548813,0.6921444535255432,0.10838713496923447,0.4666878879070282,0.15287548303604126,0.2900090254843235,0
CGTRNA_RS13420,CGTRNA_RS13415,0,0.251110315322876,0.42659056186676025,0.39642298221588135,0.42775025963783264,0.3823743462562561,0.224424809217453,0.21965087950229645,0.3587244153022766,0.4770069718360901,0.3809165954589844,0.3544972136616707,0
CGTRNA_RS13415,CGTRNA_RS13395,0,0.005122586619108915,0.0010483479127287865,0.0027800933457911015,0.005662050563842058,0.0010130858281627297,0.002130581997334957,0.004514703992754221,0.003101870883256197,0.005446600262075663,0.004255685955286026,0.0035075607360340656,0
CGTRNA_RS13380,CGTRNA_RS13375,1,0.9825365543365479,0.9917877316474915,0.9823875427246094,0.9860971570014954,0.9857224822044373,0.9862392544746399,0.9526156783103943,0.9936791062355042,0.9892849326133728,0.9757736325263977,0.982612407207489,1
CGTRNA_RS13375,CGTRNA_RS13370,1,0.9903643131256104,0.9888572692871094,0.9572290778160095,0.9784485697746277,0.9853633046150208,0.9697719812393188,0.9931671619415283,0.9717808365821838,0.9587852358818054,0.9377329349517822,0.9731500685214997,1
CGTRNA_RS13370,CGTRNA_RS13365,1,0.9935412406921387,0.9909182190895081,0.9832165837287903,0.9913473129272461,0.9884402751922607,0.9903391599655151,0.9821720719337463,0.9945338368415833,0.975623607635498,0.9916054606437683,0.9881737768650055,1
CGTRNA_RS13365,CGTRNA_RS13360,1,0.9867619276046753,0.9858289957046509,0.9367727041244507,0.9698131680488586,0.9781589508056641,0.9602922797203064,0.9912334084510803,0.9366243481636047,0.970353364944458,0.9283331036567688,0.9644172251224518,1
CGTRNA_RS13360,CGTRNA_RS13350,0,0.013113499619066715,0.004872806835919619,0.011605684645473957,0.011346042156219482,0.004650772083550692,0.007276569493114948,0.013882704079151154,0.013705724850296974,0.01566837728023529,0.006359290797263384,0.010248147184029222,0
CGTRNA_RS13350,CGTRNA_RS13345,1,0.9909896850585938,0.9924535155296326,0.9716494679450989,0.9897782206535339,0.9835729002952576,0.9905486702919006,0.9868425130844116,0.9915772080421448,0.974666953086853,0.9844962358474731,0.98565753698349,1
CGTRNA_RS13345,CGTRNA_RS13340,1,0.7294739484786987,0.48137006163597107,0.8707433938980103,0.7715964317321777,0.7714828848838806,0.6610247492790222,0.65635085105896,0.4827800393104553,0.8807690739631653,0.6689724922180176,0.6974563926458359,1
CGTRNA_RS13340,CGTRNA_RS13335,1,0.9659000039100647,0.9149621725082397,0.8973313570022583,0.9133905172348022,0.9483271837234497,0.9108368754386902,0.9039474725723267,0.8420686721801758,0.9455609917640686,0.9451548457145691,0.9187480092048645,1
CGTRNA_RS13335,CGTRNA_RS13330,1,0.9828907251358032,0.9764336347579956,0.9482364058494568,0.978206992149353,0.973951518535614,0.9818475246429443,0.9881526827812195,0.9691109657287598,0.9685837030410767,0.9523829221725464,0.9719797074794769,1
CGTRNA_RS13330,CGTRNA_RS13325,1,0.982619047164917,0.9748969674110413,0.9265955090522766,0.9730125069618225,0.9608469009399414,0.9322598576545715,0.991127610206604,0.9412250518798828,0.959267795085907,0.887750506401062,0.9529601752758026,1
CGTRNA_RS13325,CGTRNA_RS13320,1,0.9864018559455872,0.9862057566642761,0.937018632888794,0.9787479639053345,0.9813898801803589,0.9790595769882202,0.992172122001648,0.9716309309005737,0.9709771871566772,0.9149444699287415,0.9698548376560211,1
CGTRNA_RS13320,CGTRNA_RS13315,1,0.9930634498596191,0.9891918897628784,0.9604397416114807,0.979242742061615,0.9863925576210022,0.9817209243774414,0.9934256076812744,0.9813880920410156,0.9793524742126465,0.9451796412467957,0.9789397120475769,1
CGTRNA_RS13315,CGTRNA_RS13310,1,0.9907970428466797,0.9861206412315369,0.980909526348114,0.9884092807769775,0.9906416535377502,0.9847582578659058,0.9723038673400879,0.9914862513542175,0.9730018377304077,0.987104058265686,0.9845532417297364,1
CGTRNA_RS13310,CGTRNA_RS13305,1,0.8823684453964233,0.9069193005561829,0.9377963542938232,0.9691712856292725,0.9760813117027283,0.9099956154823303,0.8993611931800842,0.92777019739151,0.9383071660995483,0.8999082446098328,0.9247679114341736,1
CGTRNA_RS13305,CGTRNA_RS13300,1,0.9708110690116882,0.9739274978637695,0.9295660853385925,0.9799964427947998,0.9739782214164734,0.9687517285346985,0.9907128810882568,0.9556987881660461,0.9586071968078613,0.936386227607727,0.9638436138629913,1
CGTRNA_RS13300,CGTRNA_RS13295,1,0.9811279773712158,0.9830383658409119,0.9319918155670166,0.9735424518585205,0.9765869379043579,0.9660478234291077,0.9915035367012024,0.9300971627235413,0.9705702066421509,0.8303300738334656,0.9534836351871491,1
CGTRNA_RS13295,CGTRNA_RS13290,1,0.6640591025352478,0.6099604964256287,0.7289716005325317,0.8019706010818481,0.6749203205108643,0.47094979882240295,0.7994174361228943,0.8657035827636719,0.8142815828323364,0.5879017114639282,0.7018136233091354,1
CGTRNA_RS13290,CGTRNA_RS13285,0,0.2931399941444397,0.49181804060935974,0.5070170164108276,0.4528791308403015,0.17824770510196686,0.279646635055542,0.3822093605995178,0.23947735130786896,0.41913866996765137,0.3383645713329315,0.3581938475370407,0
CGTRNA_RS13285,CGTRNA_RS13280,0,0.9650280475616455,0.9274875521659851,0.9220708012580872,0.8894317746162415,0.9541314840316772,0.9186723232269287,0.8745504021644592,0.457768052816391,0.9467946290969849,0.9495711326599121,0.8805506199598312,1
CGTRNA_RS13280,CGTRNA_RS13245,0,0.0022224527783691883,0.002880001673474908,0.003449649317190051,0.005088300909847021,0.0033225324004888535,0.008107094094157219,0.004414379596710205,0.0006754416390322149,0.0034480334725230932,0.0011373027227818966,0.003474518860457465,0
CGTRNA_RS13245,CGTRNA_RS13240,0,0.14793165028095245,0.3692907392978668,0.29010501503944397,0.32211756706237793,0.31930968165397644,0.1851724535226822,0.39916422963142395,0.27584758400917053,0.29073581099510193,0.14351145923137665,0.27431861907243726,0
CGTRNA_RS13215,CGTRNA_RS13210,0,0.22800403833389282,0.21355600655078888,0.23201793432235718,0.32713472843170166,0.11053459346294403,0.22972334921360016,0.2822762131690979,0.12122391164302826,0.11831028759479523,0.13010825216770172,0.1992889314889908,0
CGTRNA_RS13210,CGTRNA_RS13205,1,0.5188542604446411,0.35053759813308716,0.2812685966491699,0.5798950791358948,0.2868202030658722,0.41284605860710144,0.7001808881759644,0.6168614625930786,0.2803491950035095,0.2058849334716797,0.4233498275279999,0
CGTRNA_RS13205,CGTRNA_RS13175,0,0.0010463572107255459,0.0018659498309716582,0.0007386421202681959,0.0011452531907707453,0.00019492651335895061,0.0013624298153445125,0.0009518280858173966,0.0002825308474712074,0.0012589367106556892,0.0002532323997002095,0.0009100086725084111,0
CGTRNA_RS13175,CGTRNA_RS13170,1,0.9868184328079224,0.9917774200439453,0.9810342192649841,0.989830493927002,0.9884323477745056,0.9838793277740479,0.9826382398605347,0.9823096990585327,0.983120322227478,0.9892197251319885,0.9859060227870942,1
CGTRNA_RS13170,CGTRNA_RS13165,1,0.9692308902740479,0.9754744172096252,0.9356316924095154,0.9809821248054504,0.9782577157020569,0.973879873752594,0.992317259311676,0.9581670165061951,0.9511420130729675,0.9094547033309937,0.9624537706375123,1
CGTRNA_RS13165,CGTRNA_RS13160,1,0.5932316184043884,0.8652960062026978,0.6546273231506348,0.8396549224853516,0.5409793853759766,0.6421409249305725,0.8149879574775696,0.6325473189353943,0.5372901558876038,0.6086858510971069,0.6729441463947297,1
CGTRNA_RS13160,CGTRNA_RS13150,0,0.09160565584897995,0.0644349679350853,0.16132842004299164,0.14793388545513153,0.04657508432865143,0.0943622961640358,0.08641692250967026,0.031188448891043663,0.06510943919420242,0.07942234724760056,0.08683774676173925,0
CGTRNA_RS13150,CGTRNA_RS13125,0,0.01984071172773838,0.0020775164011865854,0.01389183197170496,0.016329722478985786,0.0033793572802096605,0.0050110165029764175,0.0033782459795475006,0.008711433038115501,0.009516927413642406,0.02149604819715023,0.010363281099125743,0
CGTRNA_RS13125,CGTRNA_RS13120,1,0.9797236919403076,0.9860697388648987,0.9109075665473938,0.9730108380317688,0.9708710312843323,0.9307486414909363,0.9923744797706604,0.9343770742416382,0.9611485004425049,0.8575519919395447,0.9496783554553986,1
CGTRNA_RS13120,CGTRNA_RS13100,0,0.009185058064758778,0.0038676545955240726,0.009069070219993591,0.009144464507699013,0.004413236398249865,0.007877642288804054,0.006394483614712954,0.006253000348806381,0.007613853085786104,0.008802101947367191,0.0072620565071702,0
CGTRNA_RS13100,CGTRNA_RS13095,1,0.8303598761558533,0.7866637110710144,0.8435947299003601,0.885000467300415,0.8411049246788025,0.8635194301605225,0.9330320358276367,0.9520037770271301,0.8854424357414246,0.8765745759010315,0.8697295963764191,1
CGTRNA_RS13095,CGTRNA_RS13090,1,0.8195173740386963,0.679064929485321,0.7823284268379211,0.9707688093185425,0.7473904490470886,0.7975476384162903,0.9797496795654297,0.7724767923355103,0.7904945611953735,0.6540752053260803,0.7993413865566253,1
CGTRNA_RS13090,CGTRNA_RS13085,1,0.5799421072006226,0.5690916180610657,0.4076727330684662,0.4766366481781006,0.17286960780620575,0.45535942912101746,0.8576456308364868,0.3851906657218933,0.5603272914886475,0.43637436628341675,0.4901110097765923,0
CGTRNA_RS13085,CGTRNA_RS13080,1,0.9627091884613037,0.9809969067573547,0.9505415558815002,0.9825627207756042,0.967362105846405,0.9781554341316223,0.9772627949714661,0.9904943108558655,0.9778173565864563,0.9631213545799255,0.9731023728847503,1
CGTRNA_RS13080,CGTRNA_RS13075,1,0.9801041483879089,0.9942420721054077,0.980553388595581,0.989845871925354,0.9863026142120361,0.9861197471618652,0.9049373269081116,0.9837700128555298,0.976475179195404,0.9877771735191345,0.9770127534866333,1
CGTRNA_RS13075,CGTRNA_RS13070,1,0.6525708436965942,0.6411339640617371,0.6377318501472473,0.7285604476928711,0.5451880097389221,0.6793737411499023,0.7422347664833069,0.8065258860588074,0.6981491446495056,0.7047820687294006,0.6836250722408295,1
CGTRNA_RS12975,CGTRNA_RS12970,1,0.405293345451355,0.22033166885375977,0.6437219381332397,0.6196399331092834,0.4629732072353363,0.40198686718940735,0.7080737352371216,0.6130489706993103,0.6322803497314453,0.5227656364440918,0.5230115652084351,1
CGTRNA_RS12970,CGTRNA_RS12960,0,0.05821722000837326,0.027131138369441032,0.06853745877742767,0.08873751759529114,0.09186597913503647,0.027936769649386406,0.06801005452871323,0.04969121143221855,0.06955529004335403,0.03660966455936432,0.05862923040986061,0
CGTRNA_RS12960,CGTRNA_RS12955,0,0.13962310552597046,0.30786579847335815,0.33337149024009705,0.2708320915699005,0.25846800208091736,0.238230898976326,0.11400385200977325,0.19843676686286926,0.20494653284549713,0.24455462396144867,0.2310333162546158,0
CGTRNA_RS12955,CGTRNA_RS12950,1,0.9817927479743958,0.9503971934318542,0.9761598706245422,0.9867084622383118,0.9755033850669861,0.9772281646728516,0.923588216304779,0.9729483127593994,0.8915008902549744,0.9678038954734802,0.9603631138801575,1
CGTRNA_RS12950,CGTRNA_RS12945,0,0.4275376796722412,0.20103029906749725,0.30822306871414185,0.5028476715087891,0.17361681163311005,0.380397230386734,0.5691860914230347,0.09698961675167084,0.2924441397190094,0.216641366481781,0.3168913975358009,0
CGTRNA_RS12945,CGTRNA_RS12925,0,0.005098461639136076,0.005301892291754484,0.006784756667912006,0.0072931027971208096,0.006997228600084782,0.0045743677765131,0.01256061252206564,0.0013129026629030704,0.002908251713961363,0.0023437836207449436,0.0055175360292196276,0
CGTRNA_RS12925,CGTRNA_RS12920,1,0.9743024110794067,0.960159957408905,0.9472401142120361,0.9781239628791809,0.9585239887237549,0.9492698907852173,0.9880634546279907,0.9623786807060242,0.9408050775527954,0.9283401966094971,0.9587207734584808,1
CGTRNA_RS12920,CGTRNA_RS12915,1,0.9749137163162231,0.9890426993370056,0.977566659450531,0.9836883544921875,0.9808031320571899,0.9807708859443665,0.9590287208557129,0.9538591504096985,0.9341352581977844,0.977405846118927,0.9711214423179626,1
CGTRNA_RS12915,CGTRNA_RS12910,1,0.29635247588157654,0.19128510355949402,0.30909499526023865,0.3907093107700348,0.13078919053077698,0.1650400310754776,0.45684295892715454,0.16980072855949402,0.5068287253379822,0.22276851534843445,0.28395120352506636,0
CGTRNA_RS12910,CGTRNA_RS12905,1,0.9863810539245605,0.9790382981300354,0.963600218296051,0.9855482578277588,0.9799560308456421,0.9746845960617065,0.9738323092460632,0.9764500260353088,0.9680572748184204,0.9656273126602173,0.9753175377845764,1
CGTRNA_RS12905,CGTRNA_RS12890,0,0.02116404101252556,0.061490241438150406,0.046438686549663544,0.04744656756520271,0.057918086647987366,0.04188118502497673,0.030278760939836502,0.040887169539928436,0.04455913230776787,0.026508968323469162,0.04185728393495083,0
CGTRNA_RS12890,CGTRNA_RS12885,0,0.5672537684440613,0.6590240597724915,0.47374171018600464,0.5799776315689087,0.5228748917579651,0.4083003103733063,0.7262505888938904,0.5688263177871704,0.6110672354698181,0.3387419283390045,0.5456058442592621,1
CGTRNA_RS12885,CGTRNA_RS12875,0,0.018913231790065765,0.007294358219951391,0.07157948613166809,0.03250374644994736,0.005777427460998297,0.02381955459713936,0.057778775691986084,0.11255896836519241,0.03286002576351166,0.010335699655115604,0.0373421274125576,0
CGTRNA_RS12875,CGTRNA_RS12870,1,0.8418241739273071,0.5688673257827759,0.5406786799430847,0.8304936289787292,0.47218483686447144,0.6459368467330933,0.9454808831214905,0.8058109879493713,0.568557620048523,0.6010128855705261,0.6820847868919373,1
CGTRNA_RS12870,CGTRNA_RS12865,1,0.948287844657898,0.9319742321968079,0.8545030951499939,0.9811232089996338,0.9158775210380554,0.9365211129188538,0.9641246795654297,0.8772928714752197,0.8486132025718689,0.8608444333076477,0.9119162201881409,1
CGTRNA_RS12865,CGTRNA_RS12860,0,0.009638220071792603,0.004703081678599119,0.010318695567548275,0.014615187421441078,0.0033319848589599133,0.005471033044159412,0.015823768451809883,0.006333968602120876,0.012248328886926174,0.0049033439718186855,0.008738761255517601,0
CGTRNA_RS12860,CGTRNA_RS12855,0,0.6254206299781799,0.7000094056129456,0.3067074120044708,0.5420033931732178,0.4872801899909973,0.42931607365608215,0.8647241592407227,0.6426680684089661,0.6055716276168823,0.47163456678390503,0.567533552646637,1
CGTRNA_RS12855,CGTRNA_RS12850,0,0.6589476466178894,0.7018709778785706,0.6426586508750916,0.6605091691017151,0.7246649265289307,0.5861421823501587,0.517731785774231,0.45774605870246887,0.27804139256477356,0.48557835817337036,0.57138911485672,1
CGTRNA_RS12850,CGTRNA_RS12845,0,0.8306001424789429,0.7670409083366394,0.8382296562194824,0.9218078255653381,0.9678946733474731,0.8387959003448486,0.918883740901947,0.8694067597389221,0.6106841564178467,0.7393425107002258,0.8302686274051666,1
CGTRNA_RS12845,CGTRNA_RS12830,0,0.004317811224609613,0.007404310628771782,0.004928984679281712,0.007486534304916859,0.006390037480741739,0.025283992290496826,0.0088148582726717,0.0014805427053943276,0.010989357717335224,0.0015061056474223733,0.007860253495164216,0
CGTRNA_RS12830,CGTRNA_RS12825,1,0.963031530380249,0.9665610790252686,0.8752927184104919,0.916402280330658,0.9659299254417419,0.9302692413330078,0.9029418230056763,0.7571406960487366,0.8800172209739685,0.9257654547691345,0.9083351969718934,1
CGTRNA_RS12825,CGTRNA_RS12820,1,0.9884494543075562,0.9706043004989624,0.9641000628471375,0.9702213406562805,0.9750245213508606,0.9720470905303955,0.9905214905738831,0.9628676176071167,0.9714313745498657,0.9374623894691467,0.9702729642391205,1
CGTRNA_RS12820,CGTRNA_RS12815,1,0.9893516898155212,0.987195611000061,0.9754770994186401,0.9846193790435791,0.9876487851142883,0.9860262274742126,0.9833859205245972,0.9929596781730652,0.9774812459945679,0.9903221726417542,0.9854467809200287,1
CGTRNA_RS12815,CGTRNA_RS12810,1,0.6161341667175293,0.3878547251224518,0.23757487535476685,0.410382479429245,0.2062602937221527,0.461867094039917,0.7915343642234802,0.6713113188743591,0.5112047791481018,0.4126085340976715,0.47067326307296753,0
CGTRNA_RS12810,CGTRNA_RS12800,0,0.014775200746953487,0.01006899494677782,0.018636001273989677,0.018660608679056168,0.009484938345849514,0.03606797382235527,0.020111002027988434,0.023284539580345154,0.05619610473513603,0.02317681349813938,0.023046217765659092,0
CGTRNA_RS12800,CGTRNA_RS12795,1,0.6226186752319336,0.17021802067756653,0.4183608293533325,0.5283809900283813,0.45445069670677185,0.32124069333076477,0.7286595702171326,0.4419751763343811,0.39861273765563965,0.27642524242401123,0.43609426319599154,0
CGTRNA_RS12795,CGTRNA_RS12790,1,0.9589059948921204,0.9724036455154419,0.9311938285827637,0.9442645907402039,0.9540989398956299,0.953472912311554,0.9236283302307129,0.8310352563858032,0.9228005409240723,0.9638959169387817,0.9355699956417084,1
CGTRNA_RS12770,CGTRNA_RS12760,0,0.04084054380655289,0.022969914600253105,0.06374524533748627,0.03537611663341522,0.02258489467203617,0.04987417533993721,0.07063596695661545,0.17734655737876892,0.0267169326543808,0.020818492397665977,0.0530908839777112,0
CGTRNA_RS12760,CGTRNA_RS12750,0,0.10988800972700119,0.0329744890332222,0.09339403361082077,0.14356082677841187,0.0353005975484848,0.06965988129377365,0.16079430282115936,0.019873151555657387,0.047812215983867645,0.09655321389436722,0.08098107222467661,0
CGTRNA_RS12750,CGTRNA_RS12745,0,0.8824630379676819,0.8622162938117981,0.791697084903717,0.8876325488090515,0.8479331731796265,0.7992250323295593,0.8049638867378235,0.5319069027900696,0.7669400572776794,0.8203750848770142,0.7995353102684021,1
CGTRNA_RS12705,CGTRNA_RS12700,1,0.6248789429664612,0.1774170994758606,0.3318406343460083,0.49298974871635437,0.18866205215454102,0.4159403145313263,0.8614512085914612,0.1663210541009903,0.43964165449142456,0.18617773056030273,0.3885320439934731,0
CGTRNA_RS12685,CGTRNA_RS12680,1,0.9930218458175659,0.9870925545692444,0.9764960408210754,0.9778095483779907,0.9823314547538757,0.985279381275177,0.9855161309242249,0.9925526976585388,0.9777686595916748,0.9744646549224854,0.9832332968711853,1
CGTRNA_RS12665,CGTRNA_RS12650,0,0.002794674364849925,0.0003943486954085529,0.0021437557879835367,0.0024038786068558693,0.0003826378961093724,0.001306987600401044,0.0019940414931625128,0.0016392705729231238,0.0021293458994477987,0.0009924801997840405,0.0016181421116925776,0
CGTRNA_RS12650,CGTRNA_RS12640,0,0.04830343648791313,0.017545931041240692,0.12472907453775406,0.04276984930038452,0.027543025091290474,0.07512399554252625,0.142031729221344,0.1654621809720993,0.05942310020327568,0.06945735216140747,0.07723896745592355,0
CGTRNA_RS12570,CGTRNA_RS12565,0,0.42466890811920166,0.20974873006343842,0.15565863251686096,0.35743778944015503,0.19480952620506287,0.269454687833786,0.6231234669685364,0.6939535737037659,0.18610715866088867,0.193569153547287,0.33085316270589826,0
CGTRNA_RS12520,CGTRNA_RS12515,1,0.5158963799476624,0.2131279557943344,0.4007815718650818,0.5196566581726074,0.44199392199516296,0.3571053445339203,0.4893474280834198,0.16588439047336578,0.39567670226097107,0.11876256763935089,0.3618232920765877,0
CGTRNA_RS12495,CGTRNA_RS12490,1,0.931340217590332,0.8168933987617493,0.9029777646064758,0.8783237338066101,0.9045997858047485,0.8478821516036987,0.8922268152236938,0.8350061178207397,0.8892770409584045,0.8410563468933105,0.8739583373069764,1
CGTRNA_RS12490,CGTRNA_RS12485,1,0.988236665725708,0.9863288402557373,0.9857650995254517,0.9926756620407104,0.9816661477088928,0.9884964823722839,0.9706893563270569,0.9850153923034668,0.9724657535552979,0.9904349446296692,0.9841774344444275,1
CGTRNA_RS12485,CGTRNA_RS12475,0,0.003234288888052106,0.0016487662214785814,0.002789796330034733,0.005878599360585213,0.001000608317553997,0.003565116785466671,0.004315691534429789,0.0019807270728051662,0.00460486626252532,0.00211195251904428,0.0031130413291975854,0
CGTRNA_RS12475,CGTRNA_RS12470,0,0.02795036882162094,0.03742868825793266,0.10924829542636871,0.016851626336574554,0.04331640899181366,0.07209505885839462,0.02967129275202751,0.014981364831328392,0.0800909474492073,0.01364385336637497,0.04452779050916433,0
CGTRNA_RS12470,CGTRNA_RS12465,1,0.5008003115653992,0.5169773697853088,0.7444925308227539,0.8090214729309082,0.40518245100975037,0.4432210922241211,0.3148859143257141,0.7593962550163269,0.6405848264694214,0.6506304740905762,0.578519269824028,1
CGTRNA_RS12465,CGTRNA_RS12460,1,0.9713931679725647,0.8883652687072754,0.9453843235969543,0.9416710734367371,0.9311445355415344,0.9401698708534241,0.9466094970703125,0.9429861903190613,0.9126166105270386,0.9476432800292969,0.93679838180542,1
CGTRNA_RS12460,CGTRNA_RS12450,0,0.17590418457984924,0.16528558731079102,0.2997957766056061,0.35977861285209656,0.2571667730808258,0.23296953737735748,0.3889826238155365,0.31876954436302185,0.2302975356578827,0.09272836893796921,0.25216785445809364,0
CGTRNA_RS12450,CGTRNA_RS12435,0,0.0011567511828616261,0.00067072146339342,0.0021385520230978727,0.002153424546122551,0.00039016848313622177,0.0011288223322480917,0.002152480185031891,0.0015478426357731223,0.003306593280285597,0.0006051187519915402,0.0015250474883941934,0
CGTRNA_RS12435,CGTRNA_RS12430,0,0.16698966920375824,0.06320052593946457,0.17816977202892303,0.22029553353786469,0.13638997077941895,0.10864664614200592,0.3151256740093231,0.05153564736247063,0.11687898635864258,0.04200410470366478,0.13992365300655366,0
CGTRNA_RS12430,CGTRNA_RS12425,0,0.3276052474975586,0.34476926922798157,0.2698305547237396,0.37286925315856934,0.2749330699443817,0.297771692276001,0.5036823153495789,0.325905978679657,0.13815584778785706,0.14388792216777802,0.29994111508131027,0
CGTRNA_RS12425,CGTRNA_RS12420,1,0.9799589514732361,0.9748361706733704,0.9697363972663879,0.985359787940979,0.9719958901405334,0.9749865531921387,0.9859181642532349,0.9913906455039978,0.9400328397750854,0.9612693190574646,0.9735484719276428,1
CGTRNA_RS12420,CGTRNA_RS12415,0,0.7158017158508301,0.38742366433143616,0.31672537326812744,0.6544171571731567,0.18740922212600708,0.46651944518089294,0.8991400003433228,0.6066739559173584,0.4728846848011017,0.26852548122406006,0.4975520700216293,0
CGTRNA_RS12415,CGTRNA_RS12395,0,0.0022424592170864344,0.0010327881900593638,0.0010199452517554164,0.001862992299720645,0.000222882314119488,0.001011486048810184,0.0010960991494357586,0.002850252203643322,0.0023799091577529907,0.0022744929883629084,0.001599330682074651,0
CGTRNA_RS12395,CGTRNA_RS12390,1,0.9607262015342712,0.9708347916603088,0.9701936841011047,0.9808337688446045,0.9735994338989258,0.9612480998039246,0.9183439612388611,0.9710232615470886,0.9849165678024292,0.9719284772872925,0.9663648247718811,1
CGTRNA_RS12390,CGTRNA_RS12385,1,0.9694849848747253,0.974192202091217,0.9327568411827087,0.9774003028869629,0.9782876968383789,0.9702581167221069,0.9912350177764893,0.9521194100379944,0.9610410332679749,0.9213375449180603,0.9628113150596619,1
CGTRNA_RS12385,CGTRNA_RS12380,1,0.9839357733726501,0.9768774509429932,0.9522160291671753,0.9767929911613464,0.9824632406234741,0.9799004197120667,0.9916648268699646,0.9761099219322205,0.959775447845459,0.9105269908905029,0.9690263092517852,1
CGTRNA_RS12380,CGTRNA_RS12375,1,0.9734673500061035,0.8917955160140991,0.9280802607536316,0.9759498238563538,0.9383905529975891,0.8972311019897461,0.9712536931037903,0.9086213111877441,0.9025602340698242,0.8899816274642944,0.9277331471443176,1
CGTRNA_RS12375,CGTRNA_RS12365,0,0.149187833070755,0.09590350091457367,0.10209852457046509,0.14292778074741364,0.04623899236321449,0.09150738269090652,0.07408221065998077,0.07179771363735199,0.10037246346473694,0.07576637715101242,0.09498827792704105,0
CGTRNA_RS12365,CGTRNA_RS12360,1,0.5996811985969543,0.5050623416900635,0.40706825256347656,0.5659923553466797,0.47345682978630066,0.6184049844741821,0.6452472805976868,0.7987237572669983,0.5460414886474609,0.535730242729187,0.569540873169899,1
CGTRNA_RS12360,CGTRNA_RS12355,0,0.4512306749820709,0.7309451103210449,0.6931052207946777,0.7080861330032349,0.5359367728233337,0.7209148406982422,0.7246394157409668,0.7287992238998413,0.3479682207107544,0.500423014163971,0.6142048627138138,1
CGTRNA_RS12355,CGTRNA_RS12345,0,0.04293357580900192,0.03351881727576256,0.10722841322422028,0.08535373955965042,0.012555361725389957,0.14780712127685547,0.16906839609146118,0.20747222006320953,0.036891549825668335,0.03337085619568825,0.08762000510469078,0
CGTRNA_RS12345,CGTRNA_RS12335,1,0.17864912748336792,0.16048508882522583,0.3813397288322449,0.3205872178077698,0.044243380427360535,0.24194103479385376,0.09803419560194016,0.10099919885396957,0.1837691068649292,0.12681415677070618,0.1836862236261368,0
CGTRNA_RS12325,CGTRNA_RS12320,1,0.9899367690086365,0.9831793904304504,0.9648918509483337,0.9778854250907898,0.9691747426986694,0.9790679812431335,0.9841028451919556,0.9908509254455566,0.9745892286300659,0.9881550669670105,0.9801834225654602,1
CGTRNA_RS12295,CGTRNA_RS12290,0,0.5389041304588318,0.19873344898223877,0.39008691906929016,0.4976404905319214,0.4382440149784088,0.5743727087974548,0.4443301856517792,0.5217134952545166,0.3439657390117645,0.20808014273643494,0.4156071275472641,0
CGTRNA_RS12290,CGTRNA_RS12285,1,0.8759664297103882,0.5524846315383911,0.8387973308563232,0.7608136534690857,0.8933513760566711,0.8103474378585815,0.8918468952178955,0.4947037696838379,0.7837656140327454,0.8034926652908325,0.7705569803714752,1
CGTRNA_RS12285,CGTRNA_RS12280,0,0.2825467884540558,0.15006771683692932,0.4275866746902466,0.5058704614639282,0.3775845170021057,0.28908011317253113,0.29779762029647827,0.5535091757774353,0.26188287138938904,0.15319401025772095,0.329911994934082,0
CGTRNA_RS12280,CGTRNA_RS12270,0,0.08496113121509552,0.011299249716103077,0.07948363572359085,0.041248589754104614,0.005537000019103289,0.0526357963681221,0.07581768929958344,0.019127972424030304,0.02753029763698578,0.027739815413951874,0.04253811775706708,0
CGTRNA_RS12270,CGTRNA_RS12265,0,0.9570690989494324,0.943806529045105,0.9250009655952454,0.9682066440582275,0.962702214717865,0.9577835202217102,0.8804814219474792,0.9593659043312073,0.9352746605873108,0.9598448276519775,0.9449535787105561,1
CGTRNA_RS12265,CGTRNA_RS12250,0,0.004133402835577726,0.001902543706819415,0.006274857092648745,0.005287617444992065,0.0006713472539559007,0.0023757638409733772,0.005611893720924854,0.004665808752179146,0.005959441885352135,0.003232670249417424,0.004011534678284079,0
CGTRNA_RS12250,CGTRNA_RS12215,0,0.0024838901590555906,0.0036203814670443535,0.0026157270185649395,0.0053245374001562595,0.0023092192132025957,0.0012097854632884264,0.0014875917695462704,0.0006104669882915914,0.0029850180726498365,0.0011651914101094007,0.0023811808961909263,0
CGTRNA_RS12215,CGTRNA_RS12210,1,0.9441325068473816,0.9506832361221313,0.9405567049980164,0.9182959794998169,0.9532259702682495,0.900416374206543,0.9103449583053589,0.7694796323776245,0.9336544275283813,0.9447260499000549,0.9165515840053559,1
CGTRNA_RS12175,CGTRNA_RS12170,1,0.8375208377838135,0.9126631021499634,0.721659243106842,0.8380975723266602,0.8675611615180969,0.7857000231742859,0.7244762778282166,0.9242680072784424,0.6935659050941467,0.6234919428825378,0.7929004073143006,1
CGTRNA_RS12170,CGTRNA_RS12150,0,0.014200868085026741,0.004562260117381811,0.016287541016936302,0.023045571520924568,0.0032346283551305532,0.02999248541891575,0.017932821065187454,0.0790015235543251,0.04005405306816101,0.016228826716542244,0.024454057891853155,0
CGTRNA_RS12110,CGTRNA_RS12105,0,0.3772783577442169,0.09554117918014526,0.23451900482177734,0.35593271255493164,0.19350965321063995,0.25396379828453064,0.513451874256134,0.08135036379098892,0.21066658198833466,0.07487987726926804,0.23910934031009673,0
CGTRNA_RS12105,CGTRNA_RS12100,1,0.3359614908695221,0.48145776987075806,0.15747037529945374,0.3323075771331787,0.1405593454837799,0.23163188993930817,0.5027245879173279,0.10067152231931686,0.05644577369093895,0.11538184434175491,0.24546121768653392,0
CGTRNA_RS12100,CGTRNA_RS12095,1,0.9869232177734375,0.9923403263092041,0.9867454767227173,0.9918231964111328,0.985710859298706,0.986041784286499,0.9833936095237732,0.9905347228050232,0.9875544905662537,0.9802337884902954,0.9871301472187042,1
CGTRNA_RS12095,CGTRNA_RS12090,1,0.9852120876312256,0.9942828416824341,0.9727736115455627,0.9924197196960449,0.9906521439552307,0.9899294376373291,0.9838468432426453,0.9917439222335815,0.9853750467300415,0.9918295741081238,0.987806522846222,1
CGTRNA_RS12090,CGTRNA_RS12065,0,0.007272227667272091,0.009332147426903248,0.013247084803879261,0.01127658411860466,0.004145628772675991,0.008710330352187157,0.007182293571531773,0.0048193554393947124,0.017432011663913727,0.008679480291903019,0.009209714410826565,0
CGTRNA_RS12065,CGTRNA_RS12060,0,0.7868875861167908,0.9254206418991089,0.6886166930198669,0.7706013917922974,0.7977553606033325,0.7207304239273071,0.6932283043861389,0.39679527282714844,0.5579017400741577,0.5125305652618408,0.6850467979907989,1
CGTRNA_RS12060,CGTRNA_RS12055,0,0.2671552896499634,0.17235364019870758,0.3521502614021301,0.33431243896484375,0.2593505084514618,0.1893860548734665,0.5309014320373535,0.2248527854681015,0.3884184658527374,0.30315834283828735,0.30220392197370527,0
CGTRNA_RS12055,CGTRNA_RS12040,0,0.1017337441444397,0.10334686189889908,0.21701973676681519,0.14621774852275848,0.143703892827034,0.20183253288269043,0.20567555725574493,0.13668951392173767,0.16106969118118286,0.0531252883374691,0.14704145677387714,0
CGTRNA_RS12040,CGTRNA_RS12035,1,0.9906996488571167,0.9686855673789978,0.9753525853157043,0.9804689884185791,0.9801807403564453,0.9780189394950867,0.9916779398918152,0.9917420148849487,0.9735091328620911,0.9492117166519165,0.9779547274112701,1
CGTRNA_RS12035,CGTRNA_RS12020,0,0.08526380360126495,0.01106193009763956,0.06947074830532074,0.06553258746862411,0.022497324272990227,0.07924899458885193,0.037237733602523804,0.024339010939002037,0.03641974553465843,0.06878942996263504,0.04998613083735108,0
CGTRNA_RS12020,CGTRNA_RS12015,1,0.6263644099235535,0.29021772742271423,0.3837689161300659,0.5775880217552185,0.22230303287506104,0.4248010516166687,0.9022009372711182,0.2307201325893402,0.6372199654579163,0.24183200299739838,0.4537016198039055,0
CGTRNA_RS12015,CGTRNA_RS12005,0,0.05732235684990883,0.022400373592972755,0.057411473244428635,0.05997417867183685,0.042295899242162704,0.09751950949430466,0.07162746042013168,0.06231825798749924,0.12741510570049286,0.0579887293279171,0.06562733445316553,0
CGTRNA_RS11960,CGTRNA_RS11955,1,0.8568716049194336,0.7934649586677551,0.8671330213546753,0.9321078062057495,0.7878966331481934,0.8922944664955139,0.8506725430488586,0.1723213493824005,0.6887176036834717,0.5256686806678772,0.7367148667573928,1
CGTRNA_RS11925,CGTRNA_RS11910,0,0.002292234217748046,0.0039044981822371483,0.007647071033716202,0.005371990147978067,0.001430467120371759,0.0023820127826184034,0.0020131280180066824,0.007271605543792248,0.0054927850142121315,0.004003093112260103,0.004180888517294079,0
CGTRNA_RS11910,CGTRNA_RS11905,0,0.1502506136894226,0.4356812834739685,0.42158636450767517,0.30405470728874207,0.33498653769493103,0.24954938888549805,0.15997418761253357,0.532759428024292,0.3818553686141968,0.2940375506877899,0.326473543047905,0
CGTRNA_RS11905,CGTRNA_RS11900,0,0.18463340401649475,0.12639272212982178,0.4126993417739868,0.3036453425884247,0.23671185970306396,0.20490168035030365,0.47457656264305115,0.24023282527923584,0.5348190665245056,0.2562820017337799,0.29748948067426684,0
CGTRNA_RS11845,CGTRNA_RS11840,0,0.28312039375305176,0.062034931033849716,0.17541782557964325,0.18952146172523499,0.17863626778125763,0.2557643949985504,0.37440648674964905,0.26558008790016174,0.21445943415164948,0.06351471692323685,0.2062456000596285,0
CGTRNA_RS11840,CGTRNA_RS11835,1,0.9637693166732788,0.9672606587409973,0.9535098075866699,0.9696058630943298,0.9569733142852783,0.9718778133392334,0.9779677391052246,0.9723209738731384,0.9606120586395264,0.9671483039855957,0.9661045849323273,1
CGTRNA_RS11835,CGTRNA_RS11795,0,0.0008652468677610159,0.0022714261431246996,0.002629948314279318,0.001183940563350916,0.0003294622292742133,0.002794921398162842,0.0009417214896529913,0.00022112105216365308,0.0009433936211280525,0.0007573604816570878,0.001293854216055479,0
CGTRNA_RS11795,CGTRNA_RS11790,0,0.9230701923370361,0.965691089630127,0.9678516387939453,0.960181474685669,0.9458185434341431,0.9587178230285645,0.8551275730133057,0.9774594902992249,0.9274765849113464,0.9460409879684448,0.9427435398101807,1
CGTRNA_RS11790,CGTRNA_RS11785,1,0.9910733699798584,0.9876126646995544,0.9737094044685364,0.9841369390487671,0.9861573576927185,0.9881176948547363,0.981789231300354,0.9843148589134216,0.9827049970626831,0.9889132380485535,0.9848529756069183,1
CGTRNA_RS11785,CGTRNA_RS11780,0,0.3881138265132904,0.41314005851745605,0.6587249040603638,0.5681201815605164,0.4424857497215271,0.38080814480781555,0.2748110592365265,0.5552226305007935,0.3412992060184479,0.49108031392097473,0.4513806074857712,0
CGTRNA_RS11780,CGTRNA_RS11775,0,0.21468129754066467,0.20799975097179413,0.29602864384651184,0.3728969097137451,0.11710336804389954,0.13772788643836975,0.4094710648059845,0.16082288324832916,0.36223000288009644,0.17586100101470947,0.24548228085041046,0
CGTRNA_RS11775,CGTRNA_RS11770,1,0.9841406941413879,0.9738134741783142,0.9553585052490234,0.9773014187812805,0.9887131452560425,0.970589280128479,0.9476782083511353,0.9564134478569031,0.9495198726654053,0.9600536823272705,0.9663581728935242,1
CGTRNA_RS11770,CGTRNA_RS11765,1,0.986997127532959,0.9856173992156982,0.9768316149711609,0.9870029091835022,0.9809741973876953,0.9853649735450745,0.9777185320854187,0.965093195438385,0.9605024456977844,0.9881381988525391,0.9794240593910217,1
CGTRNA_RS11765,CGTRNA_RS11760,1,0.9657561182975769,0.9631222486495972,0.9312289953231812,0.9740618467330933,0.9718528985977173,0.9744811654090881,0.9863975048065186,0.9593691229820251,0.9460841417312622,0.8917315006256104,0.956408554315567,1
CGTRNA_RS11760,CGTRNA_RS11735,0,0.006738182157278061,0.001594560337252915,0.005200854502618313,0.009141129441559315,0.0011326461099088192,0.0022330833598971367,0.00257624639198184,0.0020464856643229723,0.004908772651106119,0.003753459081053734,0.003932541969697922,0
CGTRNA_RS11735,CGTRNA_RS11730,1,0.9937516450881958,0.9875916838645935,0.9602572917938232,0.9782072305679321,0.9868919253349304,0.9814124703407288,0.9928202629089355,0.9843285083770752,0.9798609614372253,0.9431377649307251,0.9788259744644165,1
CGTRNA_RS11730,CGTRNA_RS11720,0,0.010684983804821968,0.01033837255090475,0.04037240520119667,0.023598458617925644,0.0049618990160524845,0.019415823742747307,0.019006891176104546,0.011999467387795448,0.01794915646314621,0.01045260950922966,0.01687800674699247,0
CGTRNA_RS11720,CGTRNA_RS11715,1,0.9938040375709534,0.9926660656929016,0.9850346446037292,0.9933484196662903,0.9883590936660767,0.9946443438529968,0.9920388460159302,0.9933457970619202,0.9864529967308044,0.9867641925811768,0.990645843744278,1
CGTRNA_RS11715,CGTRNA_RS11695,0,0.0035855646710842848,0.0009415388340130448,0.00408310629427433,0.002982117235660553,0.0003146593226119876,0.0016586579149588943,0.00306516932323575,0.0013847294030711055,0.002462597331032157,0.002472934778779745,0.002295107510872185,0
CGTRNA_RS11695,CGTRNA_RS11685,0,0.01138040516525507,0.005550546105951071,0.025171248242259026,0.01531244907528162,0.0037397544365376234,0.02118811570107937,0.030266989022493362,0.018005575984716415,0.009760759770870209,0.008808018639683723,0.014918386214412748,0
CGTRNA_RS11685,CGTRNA_RS11680,1,0.9807993769645691,0.9931967258453369,0.9695010185241699,0.9880709648132324,0.9892180562019348,0.986137330532074,0.9601107239723206,0.981419026851654,0.9700579643249512,0.9866101145744324,0.9805121302604676,1
CGTRNA_RS11680,CGTRNA_RS11670,0,0.03675837069749832,0.004404094070196152,0.03341720625758171,0.023655137047171593,0.005490623414516449,0.016116805374622345,0.03908609226346016,0.04547170549631119,0.02926909737288952,0.0402388833463192,0.027390801534056663,0
CGTRNA_RS11670,CGTRNA_RS11665,0,0.5121176838874817,0.5123113393783569,0.6224365234375,0.6168282628059387,0.5231291055679321,0.457140177488327,0.9004814624786377,0.637531042098999,0.6846598386764526,0.35064905881881714,0.5817284494638443,1
CGTRNA_RS11665,CGTRNA_RS11660,1,0.9785729646682739,0.9574557542800903,0.9376953840255737,0.9768297672271729,0.9661545157432556,0.9746176600456238,0.9854868054389954,0.9318231344223022,0.9554373025894165,0.9515777826309204,0.9615651071071625,1
CGTRNA_RS11660,CGTRNA_RS11655,1,0.9785290956497192,0.9595550298690796,0.9524586796760559,0.9716228246688843,0.9754672646522522,0.9735174775123596,0.9838984608650208,0.9356681704521179,0.9524050951004028,0.9186225533485413,0.9601744651794434,1
CGTRNA_RS11655,CGTRNA_RS11650,0,0.5050277709960938,0.14668291807174683,0.5598869323730469,0.5785572528839111,0.5230613946914673,0.39459022879600525,0.4510529041290283,0.39289307594299316,0.3068293035030365,0.20034059882164001,0.4058922380208969,0
CGTRNA_RS11650,CGTRNA_RS11640,0,0.06548351049423218,0.005661406088620424,0.07241176068782806,0.01901450753211975,0.006389603950083256,0.03177729249000549,0.035356853157281876,0.054759521037340164,0.04234989732503891,0.046118225902318954,0.03793225786648691,0
CGTRNA_RS11640,CGTRNA_RS11635,1,0.3606429398059845,0.47155338525772095,0.6698188781738281,0.6294773817062378,0.5566225647926331,0.5035045742988586,0.599164605140686,0.08286942541599274,0.6543471813201904,0.4675650894641876,0.499556602537632,0
CGTRNA_RS11635,CGTRNA_RS11620,0,0.031166205182671547,0.06448914855718613,0.06447122991085052,0.0630490705370903,0.06781837344169617,0.051083266735076904,0.03300453722476959,0.051587965339422226,0.11462563276290894,0.07476138323545456,0.06160568129271269,0
CGTRNA_RS11620,CGTRNA_RS11605,0,0.09294155985116959,0.04341137781739235,0.05061270669102669,0.048453621566295624,0.013440662994980812,0.16658122837543488,0.07117350399494171,0.02275047078728676,0.07619541138410568,0.06001654267311096,0.0645577086135745,0
CGTRNA_RS11605,CGTRNA_RS11600,1,0.42563822865486145,0.08865929394960403,0.170376718044281,0.3498713970184326,0.24375000596046448,0.11831214278936386,0.3430461287498474,0.17370575666427612,0.320991188287735,0.15873971581459045,0.23930905759334564,0
CGTRNA_RS11600,CGTRNA_RS11595,1,0.9739536046981812,0.983782947063446,0.9593676328659058,0.9855577349662781,0.9755619764328003,0.9715200662612915,0.9653981924057007,0.9512588381767273,0.9626824855804443,0.975217878818512,0.9704301357269287,1
CGTRNA_RS11595,CGTRNA_RS11580,0,0.007188341114670038,0.012722618877887726,0.007854246534407139,0.00965881161391735,0.008349541574716568,0.010741636157035828,0.00825205072760582,0.008585956878960133,0.014107165858149529,0.008551353588700294,0.009601172292605042,0
CGTRNA_RS11540,CGTRNA_RS11535,1,0.9929295182228088,0.9925389885902405,0.9769167304039001,0.9892500042915344,0.9928593039512634,0.9891321063041687,0.9881505966186523,0.9884455800056458,0.9866364598274231,0.9923146367073059,0.9889173924922943,1
CGTRNA_RS11535,CGTRNA_RS11530,1,0.9866098761558533,0.9868232011795044,0.9772146344184875,0.9892909526824951,0.9763729572296143,0.9866269826889038,0.9815638661384583,0.9806507229804993,0.9764066338539124,0.9802479147911072,0.9821807742118835,1
CGTRNA_RS11530,CGTRNA_RS11525,1,0.7540746927261353,0.8505758047103882,0.8988751769065857,0.864675760269165,0.9255770444869995,0.8241592049598694,0.544062077999115,0.9253047108650208,0.7907794713973999,0.8878397345542908,0.8265923678874969,1
CGTRNA_RS11525,CGTRNA_RS11520,0,0.9807702898979187,0.9781812429428101,0.9392338991165161,0.9677923321723938,0.9767483472824097,0.969041645526886,0.9902195930480957,0.9616703987121582,0.9721068739891052,0.8882551789283752,0.9624019801616669,1
CGTRNA_RS11520,CGTRNA_RS11515,0,0.5850582718849182,0.8763819932937622,0.8768776655197144,0.9115356802940369,0.7965978384017944,0.6249474287033081,0.8938522934913635,0.8395454287528992,0.8886626362800598,0.7721844911575317,0.8065643727779388,1
CGTRNA_RS11515,CGTRNA_RS11510,1,0.5837719440460205,0.5868398547172546,0.7552472352981567,0.7720656991004944,0.75483638048172,0.5382420420646667,0.8413700461387634,0.8757889866828918,0.8414234519004822,0.732843279838562,0.7282428920269013,1
CGTRNA_RS11510,CGTRNA_RS11505,1,0.9912211894989014,0.9950932264328003,0.9882758259773254,0.9928737878799438,0.989857017993927,0.9912782907485962,0.9738765358924866,0.9906139969825745,0.985934317111969,0.9914032816886902,0.9890427470207215,1
CGTRNA_RS11505,CGTRNA_RS11490,0,0.00859860610216856,0.0044206189922988415,0.02578856237232685,0.017155678942799568,0.002259262604638934,0.012347526848316193,0.013989885337650776,0.08065389096736908,0.0160756167024374,0.01452680490911007,0.019581645377911627,0
CGTRNA_RS11480,CGTRNA_RS11475,1,0.9775416254997253,0.9615066647529602,0.9701820015907288,0.9800273180007935,0.9835425615310669,0.9287228584289551,0.9410954117774963,0.9482869505882263,0.9350947141647339,0.9653275609016418,0.9591327667236328,1
CGTRNA_RS11475,CGTRNA_RS11455,0,0.0010055447928607464,0.0009587690583430231,0.0012715266784653068,0.003013735869899392,0.0014756618766114116,0.002198538277298212,0.0016985121183097363,0.00027455881354399025,0.0012283868854865432,0.0015633627772331238,0.0014688597148051485,0
CGTRNA_RS11455,CGTRNA_RS11445,0,0.010606735944747925,0.036549534648656845,0.012749653309583664,0.008297682739794254,0.013611145317554474,0.03344951942563057,0.011379268951714039,0.02065437100827694,0.026864267885684967,0.014938482083380222,0.01891006613150239,0
CGTRNA_RS11445,CGTRNA_RS11430,0,0.008607291616499424,0.002101702382788062,0.01195646170526743,0.007862073369324207,0.0013646789593622088,0.016025718301534653,0.016209881752729416,0.013373280875384808,0.014677604660391808,0.006415558513253927,0.009859425213653595,0
CGTRNA_RS11430,CGTRNA_RS11420,0,0.157892644405365,0.11978916078805923,0.1508038341999054,0.1814558357000351,0.08860024809837341,0.07431779056787491,0.23676921427249908,0.05839455500245094,0.06132150813937187,0.14249275624752045,0.12718375474214555,0
CGTRNA_RS11420,CGTRNA_RS11405,0,0.015332515351474285,0.0029285592027008533,0.008179488591849804,0.015165414661169052,0.0038155687507241964,0.007058863528072834,0.013768778182566166,0.00831158459186554,0.007726503070443869,0.009726060554385185,0.009201333648525179,0
CGTRNA_RS11375,CGTRNA_RS11370,0,0.9858362674713135,0.9869343042373657,0.9531327486038208,0.9795569181442261,0.9574567675590515,0.9788093566894531,0.9695340991020203,0.9795560836791992,0.971748948097229,0.9760338664054871,0.9738599359989166,1
CGTRNA_RS11370,CGTRNA_RS11360,0,0.24972660839557648,0.22270295023918152,0.192756786942482,0.2508530616760254,0.21558447182178497,0.1850154995918274,0.19222135841846466,0.2791050672531128,0.10111720860004425,0.33084791898727417,0.22199309319257737,0
CGTRNA_RS11360,CGTRNA_RS11355,0,0.8752778172492981,0.9673688411712646,0.920843243598938,0.9803007245063782,0.9433736801147461,0.9161369800567627,0.9403950572013855,0.9709326028823853,0.9133048057556152,0.8641084432601929,0.9292042195796967,1
CGTRNA_RS11355,CGTRNA_RS11350,1,0.9620181322097778,0.9369968771934509,0.9474129676818848,0.9830248951911926,0.9348853826522827,0.9667452573776245,0.9453088045120239,0.9668274521827698,0.8898601531982422,0.911847710609436,0.9444927632808685,1
CGTRNA_RS11350,CGTRNA_RS11345,1,0.5672042369842529,0.23179398477077484,0.4363318383693695,0.5424221754074097,0.5974956154823303,0.28576838970184326,0.720169186592102,0.28256136178970337,0.6518014073371887,0.5100460052490234,0.4825594201683998,0
CGTRNA_RS11345,CGTRNA_RS11325,0,0.03250614181160927,0.006636162754148245,0.026166917756199837,0.01605130173265934,0.0048112026415765285,0.044667862355709076,0.007523687556385994,0.05390821769833565,0.06786724925041199,0.04353465512394905,0.030367339868098496,0
CGTRNA_RS11325,CGTRNA_RS11320,1,0.4837476313114166,0.4737916588783264,0.5075859427452087,0.6032139658927917,0.36262422800064087,0.5176564455032349,0.36844509840011597,0.3851955235004425,0.297435998916626,0.3879079520702362,0.438760444521904,0
CGTRNA_RS11320,CGTRNA_RS11315,1,0.9886707067489624,0.9747604727745056,0.9424203634262085,0.9779828190803528,0.9727446436882019,0.9720648527145386,0.9917763471603394,0.9513118863105774,0.9711619019508362,0.9388870596885681,0.968178105354309,1
CGTRNA_RS11315,CGTRNA_RS11310,0,0.6548229455947876,0.8256688117980957,0.9154655933380127,0.8861573338508606,0.8299953937530518,0.6971629858016968,0.7559922337532043,0.84134840965271,0.8914468288421631,0.6537281274795532,0.7951788663864136,1
CGTRNA_RS11270,CGTRNA_RS11265,1,0.9831043481826782,0.9817642569541931,0.9425477981567383,0.9810824990272522,0.9768049716949463,0.9784277677536011,0.9910239577293396,0.9585688710212708,0.9632354974746704,0.946270227432251,0.9702830195426941,1
CGTRNA_RS11265,CGTRNA_RS11260,1,0.039497021585702896,0.025750795379281044,0.06178279593586922,0.060938119888305664,0.012447450309991837,0.033422257751226425,0.052804671227931976,0.07107775658369064,0.09298784285783768,0.021985404193401337,0.047269411571323874,0
CGTRNA_RS11260,CGTRNA_RS11250,0,0.045283243060112,0.021027827635407448,0.10605800896883011,0.05385378748178482,0.031968485563993454,0.08156094700098038,0.0977661982178688,0.029902292415499687,0.06803165376186371,0.05043790489435196,0.05858903490006924,0
CGTRNA_RS11250,CGTRNA_RS11245,1,0.8726774454116821,0.9545449018478394,0.9475162029266357,0.9724748134613037,0.9523587226867676,0.8754238486289978,0.9477342963218689,0.9485992789268494,0.9314695000648499,0.8806582689285278,0.9283457279205323,1
CGTRNA_RS11245,CGTRNA_RS11240,1,0.9692783355712891,0.9003109931945801,0.930361270904541,0.9507045745849609,0.9608577489852905,0.9365399479866028,0.9381274580955505,0.9209036827087402,0.9540228843688965,0.916903018951416,0.9378009915351868,1
CGTRNA_RS11240,CGTRNA_RS11235,1,0.9921808838844299,0.976106584072113,0.9661012887954712,0.9775850772857666,0.9775200486183167,0.9777687788009644,0.9907628297805786,0.9787765741348267,0.9754757881164551,0.9460594654083252,0.9758337318897248,1
CGTRNA_RS11235,CGTRNA_RS11230,1,0.9827316999435425,0.975807249546051,0.9344320893287659,0.964643657207489,0.9651209115982056,0.9635122418403625,0.9402987360954285,0.9355023503303528,0.9617718458175659,0.9671253561973572,0.9590946137905121,1
CGTRNA_RS11230,CGTRNA_RS11225,1,0.9897303581237793,0.9816543459892273,0.9640958309173584,0.9761186838150024,0.9793726801872253,0.9771353006362915,0.9911308288574219,0.9709173440933228,0.9729525446891785,0.9478465914726257,0.9750954508781433,1
CGTRNA_RS11225,CGTRNA_RS11220,1,0.9817265272140503,0.9828343391418457,0.9307387471199036,0.971925675868988,0.9748645424842834,0.9694578647613525,0.9913730621337891,0.9427909255027771,0.9716721773147583,0.9135514497756958,0.9630935311317443,1
CGTRNA_RS11220,CGTRNA_RS11215,1,0.785115122795105,0.1772642731666565,0.3808062970638275,0.6884620189666748,0.5180817246437073,0.4198487401008606,0.7928116917610168,0.33217331767082214,0.43786129355430603,0.2545396685600281,0.4786964148283005,0
CGTRNA_RS11215,CGTRNA_RS11210,1,0.9728935360908508,0.9875629544258118,0.9755345582962036,0.9913710355758667,0.9874981045722961,0.983156144618988,0.9411559700965881,0.9860912561416626,0.9733493328094482,0.9852628707885742,0.978387576341629,1
CGTRNA_RS11210,CGTRNA_RS11205,0,0.36332234740257263,0.23700487613677979,0.5790035128593445,0.5278037190437317,0.5075116753578186,0.5862360000610352,0.35464704036712646,0.2750107944011688,0.5522093772888184,0.30950382351875305,0.4292253166437149,0
CGTRNA_RS11205,CGTRNA_RS11200,1,0.9903032183647156,0.9712819457054138,0.9720540642738342,0.980333685874939,0.9771876335144043,0.9793294668197632,0.9892667531967163,0.9876734018325806,0.9750405550003052,0.9609890580177307,0.9783459782600403,1
CGTRNA_RS11200,CGTRNA_RS11180,0,0.007827619090676308,0.013066553510725498,0.01331376750022173,0.01757681742310524,0.0055868844501674175,0.012051996774971485,0.013057178817689419,0.014158622361719608,0.011959272436797619,0.00358208199031651,0.011218079435639083,0
CGTRNA_RS11180,CGTRNA_RS11175,1,0.6935873627662659,0.8172913193702698,0.4924336075782776,0.5652979016304016,0.6816954016685486,0.650378942489624,0.8751287460327148,0.897144079208374,0.4885757267475128,0.3863113820552826,0.6547844469547272,1
CGTRNA_RS11175,CGTRNA_RS11170,1,0.9868142008781433,0.9908807873725891,0.984156608581543,0.9911417961120605,0.9863017797470093,0.9907854795455933,0.9758709073066711,0.9917741417884827,0.9853052496910095,0.9889799952507019,0.9872010946273804,1
CGTRNA_RS11170,CGTRNA_RS11160,0,0.03635464981198311,0.0024104055482894182,0.016131002455949783,0.024054085835814476,0.00347817107103765,0.019819313660264015,0.007185483817011118,0.008373568765819073,0.03550075367093086,0.015666192397475243,0.016897362703457475,0
CGTRNA_RS11160,CGTRNA_RS11155,1,0.9834412336349487,0.9703189730644226,0.9425414204597473,0.9739875197410583,0.9715898036956787,0.9610229730606079,0.9909729361534119,0.9426511526107788,0.9554290771484375,0.9293314814567566,0.9621286571025849,1
CGTRNA_RS11155,CGTRNA_RS11145,0,0.08408922702074051,0.06086651235818863,0.15413931012153625,0.08037906885147095,0.13856332004070282,0.08860433846712112,0.10619296133518219,0.13445539772510529,0.1369657814502716,0.06000882759690285,0.10442647449672222,0
CGTRNA_RS11145,CGTRNA_RS11130,0,0.3976195156574249,0.3662428557872772,0.5417765974998474,0.5279266834259033,0.3882887661457062,0.3384800851345062,0.27119410037994385,0.4015267789363861,0.47745048999786377,0.4274536073207855,0.41379594802856445,0
CGTRNA_RS11090,CGTRNA_RS11075,0,0.012075011618435383,0.008981451392173767,0.022265871986746788,0.016816839575767517,0.007869383320212364,0.005134118255227804,0.006774481385946274,0.04844560846686363,0.04761148989200592,0.018820393830537796,0.019479464972391725,0
CGTRNA_RS11075,CGTRNA_RS11070,1,0.8422762155532837,0.8339810967445374,0.7284228801727295,0.8031967878341675,0.7687960863113403,0.83527010679245,0.8664389848709106,0.5932928323745728,0.8309581875801086,0.6659283638000488,0.7768561542034149,1
CGTRNA_RS11070,CGTRNA_RS11065,0,0.271965891122818,0.08342383056879044,0.391125351190567,0.39149361848831177,0.22492608428001404,0.19284877181053162,0.47240301966667175,0.4471449553966522,0.2739742696285248,0.1224423423409462,0.2871748134493828,0
CGTRNA_RS11065,CGTRNA_RS11060,0,0.057942815124988556,0.03200441226363182,0.13418827950954437,0.11767303198575974,0.027419285848736763,0.049387529492378235,0.05071442946791649,0.05530786141753197,0.1345491260290146,0.03364614397287369,0.06928329151123762,0
CGTRNA_RS11060,CGTRNA_RS11040,0,0.0037890146486461163,0.0030813696794211864,0.0033217144664376974,0.0042617241851985455,0.0018976604333147407,0.0024692784063518047,0.002891222946345806,0.0011241366155445576,0.003657503752037883,0.005528787150979042,0.003202241228427738,0
CGTRNA_RS11025,CGTRNA_RS11020,1,0.9880790710449219,0.977077066898346,0.9621009230613708,0.9800969362258911,0.9663856029510498,0.9503567814826965,0.9920907616615295,0.9707108736038208,0.9570487141609192,0.9304183721542358,0.9674365103244782,1
CGTRNA_RS11020,CGTRNA_RS11015,1,0.9940887093544006,0.992560625076294,0.9875702261924744,0.9886139631271362,0.9922692179679871,0.9912799596786499,0.9830228090286255,0.9916155338287354,0.9880643486976624,0.9913401007652283,0.9900425493717193,1
CGTRNA_RS10935,CGTRNA_RS10925,0,0.00735499057918787,0.005227616056799889,0.0027821867261081934,0.007234551012516022,0.0031071766279637814,0.014725057408213615,0.008210509084165096,0.001391212921589613,0.009503928013145924,0.0031592233572155237,0.006269645178690553,0
CGTRNA_RS10925,CGTRNA_RS10910,0,0.004233270883560181,0.01007118634879589,0.010739133693277836,0.004688468761742115,0.002025002846494317,0.0034648559521883726,0.004137658514082432,0.005730996839702129,0.011242271400988102,0.00741295050829649,0.006374579574912787,0
CGTRNA_RS10910,CGTRNA_RS10905,1,0.9793483018875122,0.9835110306739807,0.9605389833450317,0.9802043437957764,0.9713050723075867,0.9846207499504089,0.9799207448959351,0.9746716022491455,0.978325605392456,0.9817140102386475,0.977416044473648,1
CGTRNA_RS10905,CGTRNA_RS10900,1,0.800198495388031,0.4835296869277954,0.5837385654449463,0.8925981521606445,0.9251078367233276,0.7313895225524902,0.8462422490119934,0.5969414114952087,0.4186919927597046,0.5193473696708679,0.6797785282135009,1
CGTRNA_RS10900,CGTRNA_RS10895,1,0.9013963937759399,0.6589283347129822,0.6990534067153931,0.8177242279052734,0.7998769879341125,0.7679206132888794,0.7459661960601807,0.423343688249588,0.7217618227005005,0.5834903120994568,0.7119461983442307,1
CGTRNA_RS10895,CGTRNA_RS10870,0,0.013782140798866749,0.0025567037519067526,0.007536923047155142,0.014611604623496532,0.0018412013305351138,0.007055301684886217,0.006158375181257725,0.008989379741251469,0.005490708630532026,0.005581526085734367,0.007360386487562209,0
CGTRNA_RS10870,CGTRNA_RS10855,0,0.043958790600299835,0.01751779392361641,0.025749072432518005,0.06735523790121078,0.02821270003914833,0.022270938381552696,0.027181435376405716,0.011679286137223244,0.014526878483593464,0.02179604023694992,0.02802481735125184,0
CGTRNA_RS10855,CGTRNA_RS10850,1,0.9872111678123474,0.9809088110923767,0.9562841057777405,0.9755592942237854,0.9835342168807983,0.9725015759468079,0.9921063780784607,0.9664589166641235,0.9677313566207886,0.9069051146507263,0.9689200937747955,1
CGTRNA_RS10800,CGTRNA_RS10790,0,0.013424503616988659,0.0023005709517747164,0.019899487495422363,0.009859808720648289,0.002217867411673069,0.008526192046701908,0.027934012934565544,0.013388465158641338,0.01056449394673109,0.014236693270504475,0.012235209555365145,0
CGTRNA_RS10790,CGTRNA_RS10785,0,0.6494676470756531,0.5415656566619873,0.6849243640899658,0.5019950270652771,0.7344011068344116,0.36442163586616516,0.6024618744850159,0.8583598136901855,0.425497442483902,0.1901361495256424,0.5553230717778206,1
CGTRNA_RS10785,CGTRNA_RS10760,0,0.0014953085919842124,0.002911926247179508,0.0014912303304299712,0.0031997126061469316,0.0011007729917764664,0.0015187207609415054,0.0012572441482916474,0.0004297386622056365,0.0010111439041793346,0.0011986980680376291,0.0015614496311172842,0
CGTRNA_RS10760,CGTRNA_RS10750,0,0.007433387916535139,0.016024334356188774,0.005762183107435703,0.007801089435815811,0.005064571276307106,0.01913355477154255,0.007453048136085272,0.000624766165856272,0.010088581591844559,0.0032314045820385218,0.00826169213396497,0
CGTRNA_RS10750,CGTRNA_RS10745,1,0.98260897397995,0.990296483039856,0.9598056674003601,0.9832302331924438,0.9751618504524231,0.9815928936004639,0.9796075820922852,0.9905344843864441,0.9716450572013855,0.9853945970535278,0.9799877822399139,1
CGTRNA_RS10745,CGTRNA_RS10735,0,0.10003987699747086,0.03329930081963539,0.06900234520435333,0.05496208742260933,0.07376252859830856,0.12575586140155792,0.11247727274894714,0.0717812180519104,0.08973009139299393,0.02616962417960167,0.07569802068173885,0
CGTRNA_RS10735,CGTRNA_RS10730,1,0.9729517102241516,0.9661387205123901,0.9125298857688904,0.9680757522583008,0.9468578100204468,0.9574247598648071,0.9760965704917908,0.7916075587272644,0.9572745561599731,0.9702604413032532,0.9419217765331268,1
CGTRNA_RS10730,CGTRNA_RS10725,1,0.9896060824394226,0.9795109033584595,0.9518907070159912,0.9733824133872986,0.9796380996704102,0.9709103107452393,0.9913020133972168,0.9646323919296265,0.9636240005493164,0.9338895678520203,0.9698386490345001,1
CGTRNA_RS10725,CGTRNA_RS10720,1,0.9636546969413757,0.9526925683021545,0.9351947903633118,0.9704620838165283,0.955724835395813,0.950031578540802,0.9884917736053467,0.9044142961502075,0.9223943948745728,0.9025070071220398,0.9445568025112152,1
CGTRNA_RS10720,CGTRNA_RS10715,0,0.02680225856602192,0.09558597952127457,0.06932251900434494,0.05769265070557594,0.03431149199604988,0.06629104167222977,0.0644264817237854,0.03847799822688103,0.059378087520599365,0.02518063224852085,0.05374691411852837,0
CGTRNA_RS10715,CGTRNA_RS10710,1,0.6152231693267822,0.6949771046638489,0.5413370728492737,0.6318275332450867,0.6994311809539795,0.45644429326057434,0.594689667224884,0.6618394255638123,0.379837304353714,0.46845439076423645,0.5744061142206192,1
CGTRNA_RS10710,CGTRNA_RS10705,1,0.9894494414329529,0.9869688749313354,0.9748093485832214,0.9843341112136841,0.9854000806808472,0.9812610149383545,0.9819268584251404,0.9879953861236572,0.9713265895843506,0.9770903587341309,0.9820562064647674,1
CGTRNA_RS10705,CGTRNA_RS10700,1,0.6805444359779358,0.598486602306366,0.5517591834068298,0.7657538056373596,0.6713668704032898,0.6917469501495361,0.8617911338806152,0.5830584168434143,0.4536755681037903,0.35748958587646484,0.6215672552585602,1
CGTRNA_RS10700,CGTRNA_RS10695,1,0.376415878534317,0.4023439586162567,0.3301510512828827,0.4174500107765198,0.1529988795518875,0.31484174728393555,0.5141553282737732,0.23732082545757294,0.3576938807964325,0.14162759482860565,0.32449991554021834,0
CGTRNA_RS10695,CGTRNA_RS10690,1,0.9383427500724792,0.7992467284202576,0.8697257041931152,0.9475424289703369,0.9075614213943481,0.899782657623291,0.9193869829177856,0.7642237544059753,0.890769898891449,0.9558449387550354,0.8892427265644074,1
CGTRNA_RS10690,CGTRNA_RS10685,1,0.6287016868591309,0.71742844581604,0.782862663269043,0.814022958278656,0.7293316721916199,0.7038499712944031,0.5908863544464111,0.6955158114433289,0.7683573365211487,0.6081315279006958,0.7039088428020477,1
CGTRNA_RS10685,CGTRNA_RS10670,0,0.00465425755828619,0.0009272497845813632,0.0031414092518389225,0.004167039413005114,0.0009631146676838398,0.0012221065117046237,0.003146846778690815,0.0017159644048660994,0.002943203551694751,0.005066207610070705,0.002794739953242242,0
CGTRNA_RS10670,CGTRNA_RS10665,1,0.4560757875442505,0.3788687288761139,0.4827716052532196,0.4690971076488495,0.4329647719860077,0.42960330843925476,0.778535008430481,0.6695901155471802,0.5193063616752625,0.5282285213470459,0.5145041316747665,1
CGTRNA_RS10665,CGTRNA_RS10645,0,0.0033285946119576693,0.0009375764057040215,0.0019893613643944263,0.004210672341287136,0.0016566331032663584,0.0024997650180011988,0.005037457216531038,0.00028977933106943965,0.0030318466015160084,0.0016698908293619752,0.002465157682308927,0
CGTRNA_RS10645,CGTRNA_RS10630,0,0.010102596133947372,0.0014132087817415595,0.008449767716228962,0.0066575282253324986,0.0015496622072532773,0.006624285597354174,0.0037608016282320023,0.01612771861255169,0.010901838541030884,0.008167673833668232,0.007375508127734065,0
CGTRNA_RS10630,CGTRNA_RS10620,0,0.03433743119239807,0.013139388523995876,0.05542794242501259,0.034969791769981384,0.008718791417777538,0.0463084951043129,0.040513671934604645,0.021089211106300354,0.04150869697332382,0.02099110186100006,0.03170045223087072,0
CGTRNA_RS10620,CGTRNA_RS10615,0,0.03914026543498039,0.04252331703901291,0.10126888751983643,0.06239003688097,0.04514215514063835,0.028041154146194458,0.0561634860932827,0.032704565674066544,0.14702108502388,0.023123115301132202,0.0577518068253994,0
CGTRNA_RS10615,CGTRNA_RS10610,0,0.10186491906642914,0.20186197757720947,0.14243574440479279,0.06371808052062988,0.11351657658815384,0.202839195728302,0.12201965600252151,0.06790774315595627,0.15127290785312653,0.03635246679186821,0.12037892676889897,0
CGTRNA_RS10610,CGTRNA_RS10605,0,0.29486173391342163,0.1658906638622284,0.4060029983520508,0.47044482827186584,0.4410926103591919,0.20293787121772766,0.34071773290634155,0.07627485692501068,0.063779316842556,0.36735039949417114,0.28293530121445654,0
CGTRNA_RS10605,CGTRNA_RS10600,1,0.9928303360939026,0.9840828776359558,0.9539159536361694,0.9792587161064148,0.9860807061195374,0.9817591905593872,0.9924116730690002,0.9824523329734802,0.9724324941635132,0.9488490223884583,0.9774073302745819,1
CGTRNA_RS10600,CGTRNA_RS10595,1,0.9059526920318604,0.9799183011054993,0.9679958820343018,0.9794042110443115,0.955311119556427,0.9130198955535889,0.885702908039093,0.979309618473053,0.9502508640289307,0.9634832739830017,0.9480348765850067,1
CGTRNA_RS10595,CGTRNA_RS10590,1,0.9823996424674988,0.9222459197044373,0.8696709275245667,0.9619901180267334,0.9655271172523499,0.9468998908996582,0.9614949822425842,0.8141389489173889,0.9088222980499268,0.9633071422576904,0.9296496987342835,1
CGTRNA_RS10590,CGTRNA_RS10585,1,0.9877152442932129,0.9861534833908081,0.9714063405990601,0.9801284670829773,0.9782951474189758,0.9852898716926575,0.9765244126319885,0.9852221012115479,0.978293776512146,0.9913475513458252,0.9820376396179199,1
CGTRNA_RS10585,CGTRNA_RS10580,1,0.9888789653778076,0.9918631315231323,0.9812144637107849,0.9851400852203369,0.9852520227432251,0.9869658350944519,0.9660018086433411,0.9905576109886169,0.9842775464057922,0.9873997569084167,0.9847551226615906,1
CGTRNA_RS10580,CGTRNA_RS10575,1,0.990721583366394,0.9951816201210022,0.984695315361023,0.9867216348648071,0.9882331490516663,0.98464435338974,0.9517661333084106,0.9882785081863403,0.9860115051269531,0.992671549320221,0.9848925352096558,1
CGTRNA_RS10575,CGTRNA_RS10570,1,0.9820291996002197,0.9815524220466614,0.9761133193969727,0.9824250340461731,0.989022433757782,0.9786623120307922,0.9258235096931458,0.9701979756355286,0.9711123108863831,0.9784844517707825,0.9735422968864441,1
CGTRNA_RS10570,CGTRNA_RS10565,1,0.9841794967651367,0.9732045531272888,0.9742591977119446,0.9828673601150513,0.9626438021659851,0.9743565917015076,0.9465938210487366,0.9786099195480347,0.9651644825935364,0.9607296586036682,0.970260888338089,1
CGTRNA_RS10565,CGTRNA_RS10560,1,0.8125226497650146,0.4647771418094635,0.6065754890441895,0.7286698222160339,0.6542953848838806,0.7336547374725342,0.9471897482872009,0.6653826236724854,0.5581421852111816,0.6529508233070374,0.6824160605669022,1
CGTRNA_RS10560,CGTRNA_RS10555,1,0.985482931137085,0.9833564758300781,0.9562283754348755,0.984045684337616,0.9703823924064636,0.9839735627174377,0.981440544128418,0.989356279373169,0.963685929775238,0.9785042405128479,0.9776456415653229,1
CGTRNA_RS10555,CGTRNA_RS10550,1,0.7723701000213623,0.4387529492378235,0.5521838665008545,0.6984645128250122,0.6400911211967468,0.6071865558624268,0.7354505062103271,0.3427797257900238,0.6728075742721558,0.4369094967842102,0.5896996408700943,1
CGTRNA_RS10550,CGTRNA_RS10545,1,0.988084614276886,0.9928562641143799,0.9818570017814636,0.9902470111846924,0.9863815307617188,0.9900486469268799,0.9602100849151611,0.9931100606918335,0.9889773726463318,0.9866513013839722,0.9858423888683319,1
CGTRNA_RS10545,CGTRNA_RS10540,1,0.9703676700592041,0.9808138012886047,0.9561875462532043,0.9830757975578308,0.9829295873641968,0.9685736298561096,0.8586304783821106,0.9819761514663696,0.9515105485916138,0.9710440039634705,0.9605109214782714,1
CGTRNA_RS10540,CGTRNA_RS10535,1,0.9430723190307617,0.9043554663658142,0.9007265567779541,0.9619957804679871,0.9360268712043762,0.8414785861968994,0.9096652865409851,0.5651324391365051,0.8991042375564575,0.8907855153083801,0.8752343058586121,1
CGTRNA_RS10535,CGTRNA_RS10530,0,0.09028615057468414,0.2145523577928543,0.17544052004814148,0.15478304028511047,0.03609596565365791,0.08901579678058624,0.20892342925071716,0.07211361080408096,0.053711678832769394,0.08312027156352997,0.1178042821586132,0
CGTRNA_RS10515,CGTRNA_RS10510,0,0.7773320078849792,0.9455015063285828,0.9057807326316833,0.9160417914390564,0.9232935905456543,0.8442263007164001,0.7842758297920227,0.9705988764762878,0.7885788083076477,0.6738772988319397,0.8529506742954254,1
CGTRNA_RS10510,CGTRNA_RS10505,1,0.9726409316062927,0.9603678584098816,0.9408185482025146,0.9705122113227844,0.9780279397964478,0.9675669074058533,0.9906842708587646,0.9635014533996582,0.9491979479789734,0.8715814352035522,0.9564899504184723,1
CGTRNA_RS10505,CGTRNA_RS10500,1,0.985260009765625,0.9954791069030762,0.9864214658737183,0.9938675165176392,0.9942195415496826,0.9897132515907288,0.976584255695343,0.9871773719787598,0.9895013570785522,0.9906514286994934,0.9888875305652618,1
CGTRNA_RS10500,CGTRNA_RS10495,0,0.6082895398139954,0.3482377231121063,0.508673369884491,0.6711606979370117,0.6376304030418396,0.4768085777759552,0.6693903207778931,0.547248363494873,0.34558597207069397,0.4067816138267517,0.5219806581735611,1
CGTRNA_RS10460,CGTRNA_RS10455,1,0.9929782748222351,0.9783187508583069,0.9779492020606995,0.9791728854179382,0.9809540510177612,0.9800498485565186,0.991942822933197,0.9824994206428528,0.9799201488494873,0.9613377451896667,0.9805123150348664,1
CGTRNA_RS10455,CGTRNA_RS10450,1,0.9817098379135132,0.9739118218421936,0.9421682953834534,0.9772789478302002,0.9755246639251709,0.97637540102005,0.9905564188957214,0.9670971632003784,0.9664509296417236,0.9338772296905518,0.9684950709342957,1
CGTRNA_RS10450,CGTRNA_RS10445,1,0.7363530993461609,0.7944101095199585,0.8591580986976624,0.840668797492981,0.8574740886688232,0.8122448921203613,0.7829878330230713,0.9501499533653259,0.8381639122962952,0.711073637008667,0.8182684421539307,1
CGTRNA_RS10445,CGTRNA_RS10440,1,0.9777612686157227,0.9596223831176758,0.949094295501709,0.9696807861328125,0.9789833426475525,0.9672523736953735,0.9909148216247559,0.9408472776412964,0.9465984106063843,0.886266827583313,0.9567021787166595,1
CGTRNA_RS10440,CGTRNA_RS10435,1,0.18158173561096191,0.25922080874443054,0.3765360116958618,0.3339434862136841,0.06812518835067749,0.16728255152702332,0.5384029150009155,0.1767759770154953,0.3919128477573395,0.35282331705093384,0.2846604838967323,0
CGTRNA_RS10435,CGTRNA_RS10415,0,0.033519644290208817,0.010324360802769661,0.05112706497311592,0.05714791640639305,0.01951921358704567,0.013310084119439125,0.034826334565877914,0.014561598189175129,0.028488527983427048,0.03854191675782204,0.030136666167527436,0
CGTRNA_RS10415,CGTRNA_RS10410,1,0.6143351793289185,0.5725696682929993,0.32344090938568115,0.4921482503414154,0.2947838604450226,0.4387208819389343,0.8035687208175659,0.6041284203529358,0.4877166152000427,0.32015886902809143,0.4951571375131607,0
CGTRNA_RS10410,CGTRNA_RS10400,0,0.0763629749417305,0.014748710207641125,0.07494820654392242,0.046026527881622314,0.016105057671666145,0.11072061210870743,0.1622346043586731,0.13654227554798126,0.05471719801425934,0.03655090183019638,0.07289570691064,0
CGTRNA_RS10400,CGTRNA_RS10390,0,0.037697840481996536,0.024618463590741158,0.03913283348083496,0.08143224567174911,0.02297052927315235,0.06146489456295967,0.039455346763134,0.030169719830155373,0.04120423272252083,0.026217656210064888,0.04043637625873089,0
CGTRNA_RS10390,CGTRNA_RS10385,1,0.6047269105911255,0.3384622633457184,0.7058513164520264,0.8157872557640076,0.6603952646255493,0.49993905425071716,0.7230125665664673,0.5721228718757629,0.5453951954841614,0.4484114646911621,0.5914104163646698,1
CGTRNA_RS10385,CGTRNA_RS10380,1,0.9791794419288635,0.9783574342727661,0.9709136486053467,0.9807537198066711,0.9740904569625854,0.9757017493247986,0.9791843295097351,0.9882341027259827,0.9726359844207764,0.9757749438285828,0.9774825811386109,1
CGTRNA_RS10380,CGTRNA_RS10370,0,0.05067877098917961,0.014148973859846592,0.08155777305364609,0.06974881142377853,0.013809890486299992,0.04228108748793602,0.030400540679693222,0.014996585436165333,0.034756407141685486,0.04879468306899071,0.04011735236272216,0
CGTRNA_RS10370,CGTRNA_RS10365,0,0.4421693682670593,0.3837131857872009,0.5932244062423706,0.49584513902664185,0.6244677901268005,0.35356998443603516,0.26592475175857544,0.606674075126648,0.6635006666183472,0.466357558965683,0.4895446926355362,0
CGTRNA_RS10290,CGTRNA_RS10285,1,0.9409084916114807,0.9020431637763977,0.9200658798217773,0.944649875164032,0.9285727143287659,0.9283717274665833,0.8896123766899109,0.8504928350448608,0.8801981210708618,0.9213832020759583,0.9106298387050629,1
CGTRNA_RS10285,CGTRNA_RS10275,0,0.03778373450040817,0.01088433526456356,0.025311768054962158,0.024763254448771477,0.01078619435429573,0.04122219979763031,0.022652966901659966,0.034045297652482986,0.04950205609202385,0.021146323531866074,0.027809813059866427,0
CGTRNA_RS10275,CGTRNA_RS10270,1,0.9897230267524719,0.9890554547309875,0.9777764678001404,0.9829084873199463,0.985359787940979,0.9858078360557556,0.9813590049743652,0.989998996257782,0.9715710282325745,0.9800547361373901,0.9833614826202393,1
CGTRNA_RS10270,CGTRNA_RS10265,1,0.9864681363105774,0.9846311211585999,0.9617838859558105,0.9794940948486328,0.9836465716362,0.9839391708374023,0.9829317331314087,0.9870444536209106,0.962093710899353,0.9791409373283386,0.9791173815727234,1
CGTRNA_RS10265,CGTRNA_RS10260,1,0.9921257495880127,0.9918241500854492,0.9740007519721985,0.9882741570472717,0.9907036423683167,0.9889408349990845,0.9677950143814087,0.9918974041938782,0.9806141257286072,0.9925432205200195,0.9858719050884247,1
CGTRNA_RS10260,CGTRNA_RS10255,1,0.9859660267829895,0.9766629338264465,0.9642778635025024,0.9752283096313477,0.9627826809883118,0.9602029323577881,0.9746865034103394,0.8727166652679443,0.9479870796203613,0.9713699817657471,0.9591880977153778,1
CGTRNA_RS10220,CGTRNA_RS10215,1,0.5095880031585693,0.4048977196216583,0.3967742621898651,0.37469765543937683,0.22462698817253113,0.5153151750564575,0.5179343819618225,0.5623117089271545,0.5691865086555481,0.4852323830127716,0.4560564786195755,0
CGTRNA_RS10215,CGTRNA_RS10210,0,0.3196851313114166,0.23423899710178375,0.5516552329063416,0.47499293088912964,0.33340469002723694,0.37503570318222046,0.7305609583854675,0.7688814997673035,0.7477259039878845,0.40844297409057617,0.4944624021649361,0
CGTRNA_RS10210,CGTRNA_RS10205,0,0.5849412083625793,0.7239629626274109,0.8063884377479553,0.8205615282058716,0.6144461035728455,0.6578543782234192,0.513532817363739,0.3960377871990204,0.8164709806442261,0.7111096382141113,0.6645305842161179,1
CGTRNA_RS10205,CGTRNA_RS10200,1,0.9819062948226929,0.9827525615692139,0.9819773435592651,0.9900967478752136,0.9818035960197449,0.9624918103218079,0.9561208486557007,0.9899147152900696,0.9782437086105347,0.9859234690666199,0.9791231095790863,1
CGTRNA_RS10200,CGTRNA_RS10195,0,0.6993171572685242,0.814881443977356,0.6010249257087708,0.7308700084686279,0.6416013240814209,0.5891226530075073,0.7900252938270569,0.7084718346595764,0.7781985998153687,0.482789009809494,0.6836302250623703,1
CGTRNA_RS10175,CGTRNA_RS10165,0,0.007158936467021704,0.010553579777479172,0.013838299550116062,0.011817864142358303,0.0051049841567873955,0.009344499558210373,0.007053612265735865,0.001965669449418783,0.011966628022491932,0.004025991074740887,0.008283006446436047,0
CGTRNA_RS10165,CGTRNA_RS10150,0,0.015111654065549374,0.032153528183698654,0.012704932130873203,0.030485117807984352,0.049099475145339966,0.039054371416568756,0.029272692278027534,0.005482427775859833,0.023737069219350815,0.01691514253616333,0.02540164105594158,0
CGTRNA_RS10150,CGTRNA_RS10145,1,0.9467843174934387,0.9487494826316833,0.9110504984855652,0.9369682669639587,0.9122156500816345,0.9382135272026062,0.9490010738372803,0.8547559976577759,0.9118706583976746,0.9469107389450073,0.9256520211696625,1
CGTRNA_RS10145,CGTRNA_RS10140,1,0.9706932902336121,0.9751769304275513,0.9254468679428101,0.9786771535873413,0.9754517674446106,0.9647120833396912,0.9919409155845642,0.9489574432373047,0.9567093849182129,0.8908211588859558,0.9578586995601654,1
CGTRNA_RS10140,CGTRNA_RS10135,1,0.9894455075263977,0.9836140871047974,0.9748350381851196,0.9881324172019958,0.983268678188324,0.9818530082702637,0.9926643967628479,0.9909223914146423,0.9608942866325378,0.9643239974975586,0.9809953808784485,1
CGTRNA_RS10135,CGTRNA_RS10130,1,0.9805538654327393,0.989687979221344,0.9873394966125488,0.9936924576759338,0.9892758727073669,0.9797611236572266,0.9351263642311096,0.986797571182251,0.9725338220596313,0.9913941025733948,0.9806162655353546,1
CGTRNA_RS10130,CGTRNA_RS10125,1,0.9892846941947937,0.9877543449401855,0.9677671790122986,0.9844345450401306,0.984199047088623,0.9880983829498291,0.9691662788391113,0.9887058138847351,0.9747642278671265,0.9853107929229736,0.9819485306739807,1
CGTRNA_RS10125,CGTRNA_RS10115,0,0.01949714496731758,0.03685811534523964,0.021692784503102303,0.03321820870041847,0.05223112180829048,0.021039476618170738,0.02650093473494053,0.00375764979980886,0.040376968681812286,0.01229772251099348,0.026747012767009436,0
CGTRNA_RS10115,CGTRNA_RS10110,1,0.8501762747764587,0.8521727919578552,0.6962327361106873,0.7876642942428589,0.6425305604934692,0.8407180905342102,0.8304912447929382,0.6320064663887024,0.5756446123123169,0.6002858877182007,0.7307922959327697,1
CGTRNA_RS10110,CGTRNA_RS10105,1,0.989323616027832,0.9917960166931152,0.9772889614105225,0.9844727516174316,0.9814716577529907,0.9889063835144043,0.9752315878868103,0.9903591275215149,0.9757874011993408,0.9892284274101257,0.9843865931034088,1
CGTRNA_RS10105,CGTRNA_RS10100,1,0.9065585732460022,0.9610893130302429,0.9688017964363098,0.9755575656890869,0.9639133810997009,0.9027581810951233,0.9703385233879089,0.9718031883239746,0.9566333293914795,0.9396783113479614,0.951713216304779,1
CGTRNA_RS10100,CGTRNA_RS10095,1,0.29023393988609314,0.6053323149681091,0.3837704360485077,0.4576879143714905,0.09999430179595947,0.2874366044998169,0.8237681984901428,0.3588930368423462,0.4867815375328064,0.30913081765174866,0.4103029102087021,0
CGTRNA_RS10095,CGTRNA_RS10090,0,0.3517743945121765,0.22266601026058197,0.1750165820121765,0.270535945892334,0.17610959708690643,0.3143843114376068,0.3672655522823334,0.3892201781272888,0.2799510657787323,0.0987563282251358,0.26456799656152724,0
CGTRNA_RS10090,CGTRNA_RS10085,0,0.5454213619232178,0.29406487941741943,0.3240947723388672,0.36775901913642883,0.3167320489883423,0.35983967781066895,0.49919185042381287,0.13409024477005005,0.1249370276927948,0.17225347459316254,0.31383843570947645,0
CGTRNA_RS10085,CGTRNA_RS10080,1,0.9535756707191467,0.9795442819595337,0.9305817484855652,0.9778724908828735,0.9521795511245728,0.96208256483078,0.9338396191596985,0.8897762298583984,0.9760038256645203,0.9813551306724548,0.9536811113357544,1
CGTRNA_RS10080,CGTRNA_RS10075,1,0.9887762069702148,0.9898681044578552,0.9878737330436707,0.9894929528236389,0.9896361827850342,0.9855531454086304,0.9539774656295776,0.9863100051879883,0.9722598791122437,0.9903576374053955,0.983410531282425,1
CGTRNA_RS10075,CGTRNA_RS10070,1,0.5555532574653625,0.4911773204803467,0.7275429368019104,0.666731059551239,0.5469853281974792,0.5251895189285278,0.7284086346626282,0.6067168116569519,0.7409119606018066,0.786220133304596,0.6375436961650849,1
CGTRNA_RS10070,CGTRNA_RS10065,1,0.8792109489440918,0.9643429517745972,0.8590077757835388,0.9045045971870422,0.9360642433166504,0.8370891213417053,0.8277639150619507,0.9354811906814575,0.6285719871520996,0.8217398524284363,0.859377658367157,1
CGTRNA_RS10065,CGTRNA_RS10060,1,0.9861350059509277,0.9591460227966309,0.94270259141922,0.9730861186981201,0.9744789600372314,0.9711582064628601,0.9882760643959045,0.9348668456077576,0.9503075480461121,0.9101710319519043,0.9590328395366668,1
CGTRNA_RS10060,CGTRNA_RS10050,0,0.021393802016973495,0.006665772758424282,0.01803378202021122,0.042885370552539825,0.010168803855776787,0.01821674033999443,0.03365516662597656,0.0054284390062093735,0.017981307581067085,0.005654194392263889,0.018008337914943696,0
CGTRNA_RS10050,CGTRNA_RS10040,0,0.052390944212675095,0.13329549133777618,0.11990079283714294,0.1259000450372696,0.20876729488372803,0.10209007561206818,0.1113254651427269,0.09709545224905014,0.0667194128036499,0.06489506363868713,0.1082380037754774,0
CGTRNA_RS10040,CGTRNA_RS10030,0,0.08581216633319855,0.008180192671716213,0.09323297441005707,0.06212989613413811,0.018319515511393547,0.060555584728717804,0.272627055644989,0.1524050235748291,0.05769328400492668,0.08751869946718216,0.08984743924811482,0
CGTRNA_RS10030,CGTRNA_RS10025,1,0.9817299246788025,0.9488457441329956,0.9630476236343384,0.970276415348053,0.9677135348320007,0.9607272744178772,0.9809213280677795,0.9836585521697998,0.9466783404350281,0.8998834490776062,0.9603482186794281,1
CGTRNA_RS10025,CGTRNA_RS10020,1,0.9542046189308167,0.9842548966407776,0.9561253190040588,0.9843275547027588,0.9708039164543152,0.9525817036628723,0.9538083076477051,0.9213319420814514,0.9805977940559387,0.9343869686126709,0.9592423021793366,1
CGTRNA_RS10020,CGTRNA_RS10015,0,0.13259342312812805,0.25368398427963257,0.438449501991272,0.28896814584732056,0.08825340867042542,0.29198506474494934,0.13295991718769073,0.10285289585590363,0.20164191722869873,0.33888161182403564,0.22702698707580565,0
CGTRNA_RS10015,CGTRNA_RS10010,0,0.7172901034355164,0.892524778842926,0.7688530683517456,0.7314789891242981,0.8694519996643066,0.6470792293548584,0.5903187990188599,0.7773033380508423,0.8454172611236572,0.8080142140388489,0.764773178100586,1
CGTRNA_RS10010,CGTRNA_RS10005,1,0.9848488569259644,0.9828211069107056,0.977959394454956,0.9867891073226929,0.9800941348075867,0.9816815853118896,0.9569361209869385,0.9754160046577454,0.9831269979476929,0.984489917755127,0.9794163227081298,1
CGTRNA_RS10005,CGTRNA_RS10000,0,0.6172701716423035,0.7800102233886719,0.8659061193466187,0.88539719581604,0.8254866003990173,0.5640972852706909,0.9233531355857849,0.9317030310630798,0.912054717540741,0.825731635093689,0.8131010115146637,1
CGTRNA_RS10000,CGTRNA_RS09970,0,0.00336019997484982,0.0020006713457405567,0.0013163809198886156,0.006647095549851656,0.0009927833452820778,0.0013920605415478349,0.00327417254447937,0.00079176458530128,0.0014445390552282333,0.001641415641643107,0.002286108350381255,0
CGTRNA_RS09970,CGTRNA_RS09960,0,0.01987786591053009,0.04477355256676674,0.02641790546476841,0.014766616746783257,0.03246934711933136,0.0543731153011322,0.025390349328517914,0.05847353860735893,0.026932016015052795,0.020083783194422722,0.03235580902546644,0
CGTRNA_RS09960,CGTRNA_RS09955,1,0.9889777302742004,0.990905225276947,0.97895747423172,0.9902347326278687,0.9887264370918274,0.9911790490150452,0.9518358707427979,0.9915494322776794,0.9783087968826294,0.9921267032623291,0.9842801451683044,1
CGTRNA_RS09955,CGTRNA_RS09950,1,0.9842231273651123,0.9931380152702332,0.972570538520813,0.9812115430831909,0.9870944619178772,0.9853678941726685,0.9881055951118469,0.9924359917640686,0.9745679497718811,0.8379299640655518,0.9696645081043244,1
CGTRNA_RS09950,CGTRNA_RS09945,0,0.11611630767583847,0.09537383168935776,0.22120003402233124,0.212808296084404,0.10076713562011719,0.0769864171743393,0.09158535301685333,0.13808490335941315,0.0986243262887001,0.10522355884313583,0.12567701637744905,0
CGTRNA_RS09945,CGTRNA_RS09940,0,0.9869880676269531,0.9727007746696472,0.9692725539207458,0.9675348401069641,0.9813850522041321,0.9736031293869019,0.9904400110244751,0.9726195931434631,0.9553012251853943,0.9390500783920288,0.9708895325660706,1
CGTRNA_RS09940,CGTRNA_RS09935,0,0.9788825511932373,0.9635190963745117,0.9530504941940308,0.9729031920433044,0.9765070676803589,0.9685128927230835,0.9902999997138977,0.9466480016708374,0.9385875463485718,0.9544853568077087,0.9643396198749542,1
CGTRNA_RS09935,CGTRNA_RS09930,0,0.24055221676826477,0.04277276247739792,0.10363174229860306,0.15074358880519867,0.10550970584154129,0.08225440979003906,0.29874199628829956,0.08454614132642746,0.14779873192310333,0.055570170283317566,0.13121214658021926,0
CGTRNA_RS09930,CGTRNA_RS09920,0,0.020016510039567947,0.011793619953095913,0.03256918489933014,0.04861830919981003,0.013447648845613003,0.01779322139918804,0.023924950510263443,0.0049196030013263226,0.05300815403461456,0.0067872535437345505,0.023287845542654395,0
CGTRNA_RS09920,CGTRNA_RS09915,0,0.32663288712501526,0.2903423607349396,0.1884186714887619,0.19014695286750793,0.15089762210845947,0.37622255086898804,0.7020949721336365,0.15855257213115692,0.17430058121681213,0.22880737483501434,0.2786416545510292,0
CGTRNA_RS09915,CGTRNA_RS09910,0,0.11422023922204971,0.10704213380813599,0.19998060166835785,0.2640760838985443,0.0921834260225296,0.12528610229492188,0.2259322851896286,0.42336177825927734,0.052397966384887695,0.06438834220170975,0.16688689589500427,0
CGTRNA_RS09910,CGTRNA_RS09905,1,0.9567026495933533,0.909435510635376,0.9176159501075745,0.9419374465942383,0.8863289952278137,0.9137408137321472,0.881710946559906,0.8185136318206787,0.8911721110343933,0.9185752868652344,0.9035733342170715,1
CGTRNA_RS09905,CGTRNA_RS09900,1,0.921451985836029,0.9619058966636658,0.9487999081611633,0.9704541563987732,0.9311660528182983,0.9049392938613892,0.868775486946106,0.9694921374320984,0.8972558379173279,0.9321457743644714,0.9306386530399322,1
CGTRNA_RS09900,CGTRNA_RS09890,0,0.3759508430957794,0.043664395809173584,0.14933878183364868,0.20921748876571655,0.03594804182648659,0.2636830508708954,0.27943792939186096,0.2765864431858063,0.21528233587741852,0.09285326302051544,0.19419625736773014,0
CGTRNA_RS09870,CGTRNA_RS09865,1,0.9884456992149353,0.9615262746810913,0.97102290391922,0.9748741984367371,0.9707987904548645,0.9780207276344299,0.9823456406593323,0.980720579624176,0.9756139516830444,0.9711019396781921,0.9754470705986023,1
CGTRNA_RS09865,CGTRNA_RS09860,1,0.6359841227531433,0.24381984770298004,0.3940636217594147,0.6371681690216064,0.5478784441947937,0.3948700428009033,0.8016344904899597,0.15339739620685577,0.5663471221923828,0.128249391913414,0.45034126490354537,0
CGTRNA_RS09860,CGTRNA_RS09845,0,0.023229002952575684,0.002875903621315956,0.007453379686921835,0.01730690523982048,0.016964368522167206,0.005128592252731323,0.029683226719498634,0.01429856475442648,0.006428477820008993,0.01306197326630354,0.013643039483577013,0
CGTRNA_RS09845,CGTRNA_RS09840,1,0.97282475233078,0.9753550291061401,0.9443507790565491,0.9763085842132568,0.9761726260185242,0.9723098874092102,0.9879216551780701,0.9673522114753723,0.9440524578094482,0.9367894530296326,0.9653437435626984,1
CGTRNA_RS09840,CGTRNA_RS09835,1,0.6231649518013,0.7610710859298706,0.6041238903999329,0.6689998507499695,0.42187178134918213,0.5217146277427673,0.9415817856788635,0.8987123370170593,0.7128928899765015,0.5218386650085449,0.6675971865653991,1
CGTRNA_RS09835,CGTRNA_RS09830,1,0.7677426338195801,0.7996405959129333,0.7834136486053467,0.8405469059944153,0.8357603549957275,0.7302315831184387,0.8557924628257751,0.9248678684234619,0.8808069825172424,0.7625436186790466,0.8181346654891968,1
CGTRNA_RS09830,CGTRNA_RS09800,0,0.000911571376491338,0.0012274086475372314,0.00218726578168571,0.0015720296651124954,0.0003946384822484106,0.00118479214143008,0.0016475439770147204,0.0018837102688848972,0.002412986708804965,0.0004880566557403654,0.0013910003704950213,0
CGTRNA_RS09800,CGTRNA_RS09795,0,0.35685494542121887,0.4330494999885559,0.2306448370218277,0.4590315818786621,0.28742220997810364,0.2794908583164215,0.6137548685073853,0.20050062239170074,0.2242714762687683,0.15932559967041016,0.32443464994430543,0
CGTRNA_RS09795,CGTRNA_RS09785,0,0.03421550989151001,0.0034109288826584816,0.03508980572223663,0.037747498601675034,0.00880208145827055,0.01703506149351597,0.03959853574633598,0.008028545416891575,0.025719646364450455,0.031923044472932816,0.02415706580504775,0
CGTRNA_RS09785,CGTRNA_RS09780,1,0.95151287317276,0.9368484020233154,0.9136317372322083,0.9438919425010681,0.9224792122840881,0.9086080193519592,0.9280835390090942,0.7592443227767944,0.8612805008888245,0.9144560694694519,0.9040036618709564,1
CGTRNA_RS09780,CGTRNA_RS09775,1,0.877955436706543,0.890214204788208,0.9699501991271973,0.9858613014221191,0.9813265800476074,0.9669110774993896,0.9157911539077759,0.9808728098869324,0.9683525562286377,0.9717722535133362,0.9509007573127747,1
CGTRNA_RS09775,CGTRNA_RS09765,0,0.05546492338180542,0.015930265188217163,0.13688884675502777,0.1000494658946991,0.03395484387874603,0.04721394181251526,0.18327145278453827,0.10791619122028351,0.04920399561524391,0.07856246829032898,0.08084563948214055,0
CGTRNA_RS09765,CGTRNA_RS09735,0,0.005047631449997425,0.0020516160875558853,0.004590650554746389,0.0031403673347085714,0.0012115619610995054,0.0033698021434247494,0.0022038447204977274,0.015591578558087349,0.006963238585740328,0.007522664964199066,0.0051692956360056995,0
CGTRNA_RS09735,CGTRNA_RS09730,1,0.9770543575286865,0.9746986627578735,0.949230968952179,0.9715592265129089,0.9700778722763062,0.9512748122215271,0.9775378704071045,0.9444946050643921,0.950937807559967,0.964776337146759,0.9631642520427703,1
CGTRNA_RS09730,CGTRNA_RS09725,1,0.33366626501083374,0.09900450706481934,0.17811816930770874,0.33888164162635803,0.11264913529157639,0.19728541374206543,0.2551548480987549,0.05389248579740524,0.17358994483947754,0.08395394682884216,0.18261963576078416,0
CGTRNA_RS09725,CGTRNA_RS09720,1,0.9732515215873718,0.9776490330696106,0.9570690989494324,0.9789755344390869,0.9745112061500549,0.9683286547660828,0.9722384810447693,0.9398683309555054,0.9630498886108398,0.9748120307922363,0.967975378036499,1
CGTRNA_RS09720,CGTRNA_RS09715,0,0.4701482951641083,0.5328685641288757,0.27748772501945496,0.28411421179771423,0.5081429481506348,0.3836262822151184,0.5308313369750977,0.7780556678771973,0.3487198054790497,0.4642163813114166,0.45782112181186674,0
CGTRNA_RS09715,CGTRNA_RS09710,1,0.9926518797874451,0.9863471984863281,0.9580246806144714,0.9792560338973999,0.9776008725166321,0.9815132021903992,0.985258162021637,0.9831773638725281,0.9792919158935547,0.9867060780525208,0.9809827387332917,1
CGTRNA_RS09710,CGTRNA_RS09705,1,0.9781482219696045,0.9664405584335327,0.9555605053901672,0.9906690120697021,0.9815757870674133,0.9799543619155884,0.992380678653717,0.9769065976142883,0.9353175759315491,0.9605650901794434,0.9717518389225006,1
CGTRNA_RS09705,CGTRNA_RS09700,1,0.5256577134132385,0.30866560339927673,0.33625680208206177,0.4511142373085022,0.16142991185188293,0.29550042748451233,0.779953122138977,0.4533414840698242,0.534591019153595,0.2998100519180298,0.41463203728199005,0
CGTRNA_RS09700,CGTRNA_RS09695,1,0.9763641953468323,0.9620505571365356,0.9575899839401245,0.9787175059318542,0.966181218624115,0.9698951244354248,0.9905825853347778,0.9668278694152832,0.9473272562026978,0.9485238790512085,0.9664060175418854,1
CGTRNA_RS09695,CGTRNA_RS09685,0,0.06699691712856293,0.008206754922866821,0.052953023463487625,0.06865861266851425,0.00795205868780613,0.05973292887210846,0.12246258556842804,0.04034215584397316,0.018840191885828972,0.03214253857731819,0.04782877676188946,0
CGTRNA_RS09685,CGTRNA_RS09680,1,0.9385861754417419,0.8265313506126404,0.6694422364234924,0.8730379343032837,0.789991021156311,0.8657989501953125,0.9714897274971008,0.8225218057632446,0.6696322560310364,0.8141549229621887,0.8241186380386353,1
CGTRNA_RS09680,CGTRNA_RS09675,1,0.41373389959335327,0.14817562699317932,0.23684389889240265,0.38479575514793396,0.17544111609458923,0.1568291336297989,0.34899142384529114,0.104616180062294,0.29507410526275635,0.06824585795402527,0.2332746997475624,0
CGTRNA_RS09675,CGTRNA_RS09670,0,0.2663353979587555,0.14540928602218628,0.26040390133857727,0.44966933131217957,0.2122075855731964,0.20594491064548492,0.39387983083724976,0.12319184094667435,0.04547647014260292,0.25089818239212036,0.23534167371690273,0
CGTRNA_RS09670,CGTRNA_RS09660,0,0.07191696017980576,0.06423687934875488,0.10402113199234009,0.10664663463830948,0.03396090492606163,0.12588733434677124,0.09067182242870331,0.046727631241083145,0.06496666371822357,0.08601794391870499,0.07950539067387581,0
CGTRNA_RS09660,CGTRNA_RS09655,1,0.9795680046081543,0.9820883274078369,0.9621995091438293,0.985575258731842,0.9832057356834412,0.9707836508750916,0.9661514163017273,0.9902588129043579,0.962935209274292,0.9850246906280518,0.9767790615558625,1
CGTRNA_RS09655,CGTRNA_RS09650,1,0.37871643900871277,0.2785230278968811,0.4727012515068054,0.6178129315376282,0.3182000517845154,0.41551128029823303,0.6558723449707031,0.3944934606552124,0.39022156596183777,0.21457341313362122,0.41366257667541506,0
CGTRNA_RS09650,CGTRNA_RS09645,1,0.9899349808692932,0.9810899496078491,0.9848854541778564,0.9846156239509583,0.9726306200027466,0.9840428829193115,0.9815842509269714,0.9881932139396667,0.9757314324378967,0.967092752456665,0.9809801161289216,1
CGTRNA_RS09645,CGTRNA_RS09640,1,0.8968585133552551,0.8373900055885315,0.783108115196228,0.941852331161499,0.8766851425170898,0.9204208850860596,0.9517163038253784,0.3547731041908264,0.761904776096344,0.6814701557159424,0.8006179332733154,1
CGTRNA_RS09640,CGTRNA_RS09635,1,0.9220550656318665,0.6801550388336182,0.7050005197525024,0.8529437184333801,0.8420431017875671,0.7743088006973267,0.8039432764053345,0.5698353052139282,0.9042586088180542,0.5449551343917847,0.7599498569965363,1
CGTRNA_RS09635,CGTRNA_RS09630,0,0.1349766105413437,0.042452357709407806,0.049289293587207794,0.0737464651465416,0.04175177961587906,0.03472891077399254,0.23173174262046814,0.19707605242729187,0.104645274579525,0.04945966973900795,0.09598581567406654,0
CGTRNA_RS09630,CGTRNA_RS09615,0,0.04948945716023445,0.06478255987167358,0.0659329816699028,0.04752034321427345,0.017178134992718697,0.10349303483963013,0.05488201975822449,0.050502050668001175,0.037948548793792725,0.03811640664935112,0.05298455376178026,0
CGTRNA_RS09615,CGTRNA_RS09610,1,0.9774563312530518,0.9802836775779724,0.9720349311828613,0.9868214726448059,0.9898393750190735,0.9653076529502869,0.8911996483802795,0.9667947888374329,0.9454796314239502,0.9661496877670288,0.9641367197036743,1
CGTRNA_RS09610,CGTRNA_RS09605,1,0.9603469967842102,0.8714589476585388,0.9389986395835876,0.9735903739929199,0.9292020797729492,0.9190267324447632,0.9038271307945251,0.8050175905227661,0.9472435116767883,0.9187374711036682,0.9167449474334717,1
CGTRNA_RS09605,CGTRNA_RS09600,1,0.12713812291622162,0.031909968703985214,0.17477233707904816,0.15037086606025696,0.07228600233793259,0.19139929115772247,0.19816642999649048,0.14058557152748108,0.10492552816867828,0.09064195305109024,0.12821960709989072,0
CGTRNA_RS09600,CGTRNA_RS09580,0,0.020846383646130562,0.046255551278591156,0.024569327011704445,0.04489496722817421,0.0687962993979454,0.017948264256119728,0.02167688123881817,0.02728264033794403,0.032107364386320114,0.023276448249816895,0.03276541270315647,0
CGTRNA_RS09580,CGTRNA_RS09575,1,0.7161720991134644,0.679002046585083,0.6415870189666748,0.7807164192199707,0.8024424910545349,0.6978607773780823,0.6576582193374634,0.8594077825546265,0.6800282597541809,0.4895365238189697,0.700441163778305,1
CGTRNA_RS09575,CGTRNA_RS09570,1,0.8229595422744751,0.6368433833122253,0.7889294028282166,0.6705701947212219,0.7083817720413208,0.4899651110172272,0.5272672176361084,0.25303521752357483,0.536321222782135,0.7094613909721375,0.6143734455108643,1
CGTRNA_RS09570,CGTRNA_RS09565,1,0.9353079795837402,0.9654450416564941,0.9567564725875854,0.9705166220664978,0.977613627910614,0.9617793560028076,0.8765172958374023,0.9786221981048584,0.9093760251998901,0.8934347629547119,0.9425369381904602,1
CGTRNA_RS09565,CGTRNA_RS09540,0,0.0027601660694926977,0.001984023256227374,0.00499533349648118,0.004568895325064659,0.0009862356819212437,0.002226882614195347,0.0036930146161466837,0.010271292179822922,0.008859572932124138,0.005865441169589758,0.004621085734106601,0
CGTRNA_RS09540,CGTRNA_RS09535,1,0.950093150138855,0.8345907330513,0.82024747133255,0.9588927030563354,0.9219965934753418,0.9220423102378845,0.9461259245872498,0.7706069350242615,0.9041252136230469,0.8902139663696289,0.8918935000896454,1
CGTRNA_RS09535,CGTRNA_RS09520,0,0.0060804360546171665,0.004000603221356869,0.0029817442409694195,0.005243674386292696,0.0016846433281898499,0.0034687959123402834,0.00191706873010844,0.011790725402534008,0.011133204214274883,0.004191315267235041,0.005249221075791866,0
CGTRNA_RS09520,CGTRNA_RS09515,1,0.9923112988471985,0.98941570520401,0.9799321889877319,0.9761810302734375,0.9727142453193665,0.9715780019760132,0.9790716767311096,0.9874941110610962,0.9823302626609802,0.9840513467788696,0.9815079867839813,1
CGTRNA_RS09515,CGTRNA_RS09510,1,0.9634513854980469,0.9675651788711548,0.9331533908843994,0.9774523377418518,0.9254012703895569,0.941925048828125,0.9731717109680176,0.982085645198822,0.9487562775611877,0.8398035764694214,0.9452765822410584,1
CGTRNA_RS09510,CGTRNA_RS09495,0,0.021541519090533257,0.01264096051454544,0.04339125379920006,0.013590259477496147,0.004644598346203566,0.03900141641497612,0.06975948810577393,0.06970789283514023,0.020297300070524216,0.023548541590571404,0.031812323024496436,0
CGTRNA_RS09495,CGTRNA_RS09490,1,0.9758731126785278,0.9822866320610046,0.9739033579826355,0.9890767931938171,0.9893997311592102,0.9806393384933472,0.9762187600135803,0.9772772192955017,0.9639372825622559,0.9870277047157288,0.9795639932155609,1
CGTRNA_RS09490,CGTRNA_RS09485,1,0.937923014163971,0.859412670135498,0.7492706775665283,0.8828715085983276,0.8718175292015076,0.866008460521698,0.9346792101860046,0.6271802186965942,0.9050402045249939,0.7241559028625488,0.8358359396457672,1
CGTRNA_RS09485,CGTRNA_RS09460,0,0.0021715557668358088,0.0003778613463509828,0.001678577740676701,0.0030493754893541336,0.0006913488614372909,0.0009446379845030606,0.003562590107321739,0.0007507598493248224,0.0028701319824904203,0.0012864128220826387,0.0017383251950377598,0
CGTRNA_RS09435,CGTRNA_RS09425,0,0.015662752091884613,0.008765500038862228,0.015371229499578476,0.01677691377699375,0.0062836227007210255,0.023959128186106682,0.016502562910318375,0.01743689365684986,0.005363570060580969,0.008736902847886086,0.013485907576978207,0
CGTRNA_RS09425,CGTRNA_RS09405,0,0.007221159525215626,0.005219674669206142,0.0023566519375890493,0.007545044180005789,0.0010484633967280388,0.001825853600166738,0.004182140342891216,0.0017704378115013242,0.01478731818497181,0.002544926945120096,0.004850167059339583,0
CGTRNA_RS09405,CGTRNA_RS09370,0,0.0013568094000220299,0.0008782544755376875,0.0012123673222959042,0.002518113935366273,0.0005462290719151497,0.000678844575304538,0.0007102914969436824,0.0009143035858869553,0.0019281932618469,0.0007343537290580571,0.0011477760854177177,0
CGTRNA_RS09370,CGTRNA_RS09365,1,0.9866185784339905,0.9892359972000122,0.9849065542221069,0.993904709815979,0.9905557632446289,0.9798686504364014,0.9907941222190857,0.9772503972053528,0.9735226035118103,0.9849274754524231,0.985158485174179,1
CGTRNA_RS09365,CGTRNA_RS09360,0,0.4568568170070648,0.2419813722372055,0.265875905752182,0.42955082654953003,0.13317209482192993,0.29059073328971863,0.6106985807418823,0.28003934025764465,0.2908880412578583,0.1533297449350357,0.3152983456850052,0
CGTRNA_RS09360,CGTRNA_RS09355,1,0.977781355381012,0.9731175899505615,0.9666258096694946,0.9841662049293518,0.96802818775177,0.9610008597373962,0.9328951239585876,0.9747163653373718,0.9722716212272644,0.978033721446991,0.9688636839389801,1
CGTRNA_RS09355,CGTRNA_RS09340,0,0.003839182900264859,0.0012610579142346978,0.004007833544164896,0.00492956954985857,0.0020232321694493294,0.00392611138522625,0.002125923987478018,0.02371898479759693,0.007263781502842903,0.0024100395385175943,0.005550571728963405,0
CGTRNA_RS09340,CGTRNA_RS09335,1,0.4300636947154999,0.17519797384738922,0.24588912725448608,0.34068506956100464,0.2663184702396393,0.2535402178764343,0.33546122908592224,0.07303506135940552,0.2742237150669098,0.08411917090415955,0.24785337299108506,0
CGTRNA_RS09335,CGTRNA_RS09330,0,0.060375362634658813,0.2512625455856323,0.168402761220932,0.1685566008090973,0.14706847071647644,0.05566200613975525,0.06027021259069443,0.2817016839981079,0.17524690926074982,0.10801208764314651,0.1476558640599251,0
CGTRNA_RS09330,CGTRNA_RS09320,0,0.020608190447092056,0.003468242473900318,0.032168298959732056,0.021202825009822845,0.001146493712440133,0.0123984906822443,0.0152751374989748,0.0061630927957594395,0.009078321978449821,0.014982287771999836,0.01364913813304156,0
CGTRNA_RS09320,CGTRNA_RS09315,1,0.9666169285774231,0.9627259969711304,0.8960304856300354,0.917686402797699,0.9557313323020935,0.9086025357246399,0.9449030160903931,0.6895847916603088,0.9161936640739441,0.9595293998718262,0.9117604553699493,1
CGTRNA_RS09315,CGTRNA_RS09310,1,0.9815699458122253,0.9685382843017578,0.9435946345329285,0.9754664301872253,0.9632408618927002,0.974708080291748,0.972772479057312,0.9391370415687561,0.9547389149665833,0.9792380928993225,0.9653004765510559,1
CGTRNA_RS09310,CGTRNA_RS09305,1,0.9361585378646851,0.8644582033157349,0.8765639066696167,0.9425303936004639,0.9656568169593811,0.8768490552902222,0.878433108329773,0.7477068901062012,0.9256970286369324,0.9249891638755798,0.893904310464859,1
CGTRNA_RS09305,CGTRNA_RS09290,0,0.020749501883983612,0.004128985106945038,0.017776574939489365,0.017221715301275253,0.008377783000469208,0.02072099782526493,0.049629826098680496,0.008304845541715622,0.02477244846522808,0.013128900900483131,0.018481157906353473,0
CGTRNA_RS09290,CGTRNA_RS09245,0,0.0019101339858025312,0.0003718431980814785,0.003404622431844473,0.003170448588207364,0.0004731583467219025,0.002286632312461734,0.0022629632148891687,0.0007879703771322966,0.0021713513415306807,0.0005774328601546586,0.0017416556656826288,0
CGTRNA_RS09230,CGTRNA_RS09225,1,0.6798614263534546,0.3399016857147217,0.38088172674179077,0.49572494626045227,0.16478846967220306,0.7111575603485107,0.82304447889328,0.36456745862960815,0.42392194271087646,0.5211496949195862,0.4904999390244484,0
CGTRNA_RS09225,CGTRNA_RS09220,0,0.665176510810852,0.3214375972747803,0.5472633838653564,0.7055283784866333,0.4526187777519226,0.6626792550086975,0.6796780228614807,0.5621206760406494,0.5452076196670532,0.5421895980834961,0.5683899819850922,1
CGTRNA_RS09220,CGTRNA_RS09215,0,0.4727723300457001,0.7220857739448547,0.6215850114822388,0.4273360073566437,0.7147806882858276,0.5402190685272217,0.6336991786956787,0.5697469115257263,0.5732296705245972,0.6363178491592407,0.591177248954773,1
CGTRNA_RS09215,CGTRNA_RS09210,0,0.26039570569992065,0.17364783585071564,0.3142228126525879,0.39524027705192566,0.134146586060524,0.3268470764160156,0.32318127155303955,0.23078377544879913,0.14767558872699738,0.32643866539001465,0.26325795948505404,0
CGTRNA_RS09210,CGTRNA_RS09205,0,0.9708439707756042,0.9799315929412842,0.9477003812789917,0.9768154621124268,0.8025671243667603,0.9684078097343445,0.9314592480659485,0.8239781260490417,0.9732359647750854,0.9739104509353638,0.9348850131034852,1
CGTRNA_RS09205,CGTRNA_RS09200,0,0.9314800500869751,0.8197372555732727,0.8781115412712097,0.7883040308952332,0.8465433120727539,0.8228367567062378,0.9660613536834717,0.7582992315292358,0.7990029454231262,0.9345846176147461,0.8544961094856263,1
CGTRNA_RS09145,CGTRNA_RS09125,0,0.014984875917434692,0.016928112134337425,0.12352468818426132,0.021711764857172966,0.0077951643615961075,0.24461983144283295,0.011566290631890297,0.0350990816950798,0.09672887623310089,0.04183236137032509,0.061479104682803154,0
CGTRNA_RS09090,CGTRNA_RS09085,1,0.8720136284828186,0.5412931442260742,0.7027162313461304,0.8774946331977844,0.686578631401062,0.8754594922065735,0.9380450248718262,0.6159907579421997,0.7606154680252075,0.8142443895339966,0.7684451401233673,1
CGTRNA_RS09085,CGTRNA_RS09075,1,0.24246208369731903,0.06854752451181412,0.2036813497543335,0.21568264067173004,0.08887220919132233,0.28296753764152527,0.1980419009923935,0.2536579966545105,0.4349381923675537,0.132862389087677,0.2121713824570179,0
CGTRNA_RS09075,CGTRNA_RS09060,0,0.25358834862709045,0.018394725397229195,0.16591039299964905,0.22213445603847504,0.06182969734072685,0.34025779366493225,0.40729060769081116,0.02582417242228985,0.1284114420413971,0.17047831416130066,0.17941199503839017,0
CGTRNA_RS09060,CGTRNA_RS09055,0,0.38825735449790955,0.19365306198596954,0.24734638631343842,0.4035099446773529,0.3378750681877136,0.6868426203727722,0.48132145404815674,0.23683904111385345,0.5172094106674194,0.3335600793361664,0.3826414421200752,0
CGTRNA_RS09055,CGTRNA_RS09050,0,0.8538747429847717,0.44935619831085205,0.29172971844673157,0.7078534364700317,0.581051766872406,0.4044516384601593,0.9297081232070923,0.0771186351776123,0.43093597888946533,0.43691322207450867,0.5162993460893631,1
CGTRNA_RS09015,CGTRNA_RS09010,0,0.047374483197927475,0.09669867157936096,0.09186426550149918,0.03306886553764343,0.013555285520851612,0.12845668196678162,0.1727885901927948,0.2761217951774597,0.10829570889472961,0.026714447885751724,0.09949387954548002,0
CGTRNA_RS09010,CGTRNA_RS09005,0,0.3648885488510132,0.5194490551948547,0.20953872799873352,0.3663109540939331,0.07279777526855469,0.28832435607910156,0.3356887698173523,0.2555849254131317,0.4233744442462921,0.18179742991924286,0.30177549868822096,0
CGTRNA_RS09005,CGTRNA_RS09000,0,0.9599565267562866,0.7244115471839905,0.9069780111312866,0.9644243121147156,0.949161171913147,0.9275414943695068,0.9226794242858887,0.9310657978057861,0.8291211128234863,0.8941603302955627,0.9009499728679657,1
CGTRNA_RS09000,CGTRNA_RS08995,0,0.37047672271728516,0.6569608449935913,0.13838917016983032,0.4452001750469208,0.059305258095264435,0.4296030104160309,0.5475228428840637,0.10944516956806183,0.2997657358646393,0.13115495443344116,0.3187823884189129,0
CGTRNA_RS08995,CGTRNA_RS08990,1,0.9639276266098022,0.9070229530334473,0.8821019530296326,0.9652881622314453,0.9776510000228882,0.9584751725196838,0.9866620898246765,0.9596523642539978,0.5990090370178223,0.8639482259750366,0.9063738584518433,1
CGTRNA_RS08990,CGTRNA_RS08985,0,0.15698765218257904,0.2871192991733551,0.1288285255432129,0.14905934035778046,0.03530678525567055,0.18519802391529083,0.19558146595954895,0.3356989920139313,0.26821887493133545,0.15699824690818787,0.18989972062408925,0
CGTRNA_RS08985,CGTRNA_RS08980,1,0.9620411992073059,0.9266554117202759,0.908944308757782,0.938740611076355,0.804171621799469,0.9382401704788208,0.8978894948959351,0.9318252205848694,0.8934318423271179,0.8988780975341797,0.9100817978382111,1
CGTRNA_RS08980,CGTRNA_RS08975,0,0.8512938022613525,0.9575595259666443,0.9008278250694275,0.9025179743766785,0.8460074067115784,0.9152419567108154,0.9148238301277161,0.911401629447937,0.9480444192886353,0.8715642690658569,0.9019282639026642,1
CGTRNA_RS08975,CGTRNA_RS08970,1,0.7307952046394348,0.25488993525505066,0.3208982050418854,0.8406100273132324,0.15331599116325378,0.41982248425483704,0.9128308892250061,0.2303977608680725,0.28698262572288513,0.417988657951355,0.4568531781435013,0
CGTRNA_RS08970,CGTRNA_RS08965,0,0.25878793001174927,0.2839158773422241,0.10810879617929459,0.25526148080825806,0.020154491066932678,0.223933145403862,0.7062885761260986,0.07680965960025787,0.03256852552294731,0.2802630662918091,0.22460915483534336,0
CGTRNA_RS08965,CGTRNA_RS08960,1,0.7647535800933838,0.7203988432884216,0.5118036270141602,0.6415516138076782,0.27625319361686707,0.6697040796279907,0.655754029750824,0.5805330872535706,0.5760951638221741,0.5294764041900635,0.5926323622465134,1
CGTRNA_RS08960,CGTRNA_RS08955,0,0.45632073283195496,0.14154624938964844,0.1633336991071701,0.37689417600631714,0.04837903007864952,0.43162479996681213,0.47465780377388,0.19945263862609863,0.26168376207351685,0.1866370290517807,0.27405299209058287,0
CGTRNA_RS08955,CGTRNA_RS08950,0,0.9655299186706543,0.939879834651947,0.9049620032310486,0.9686807990074158,0.9752131700515747,0.9725647568702698,0.9852527379989624,0.9680776000022888,0.935434877872467,0.8907434344291687,0.9506339132785797,1
CGTRNA_RS08950,CGTRNA_RS08945,0,0.4431998133659363,0.15852892398834229,0.14326660335063934,0.5549749135971069,0.029271721839904785,0.22536279261112213,0.7787730097770691,0.3244895339012146,0.1741018295288086,0.20446306467056274,0.3036432206630707,0
CGTRNA_RS08945,CGTRNA_RS08940,0,0.3141387403011322,0.5198401808738708,0.17732445895671844,0.4136553704738617,0.05817655846476555,0.2701588273048401,0.45049068331718445,0.10411951690912247,0.37201324105262756,0.2101033627986908,0.28900209404528143,0
CGTRNA_RS08940,CGTRNA_RS08935,1,0.9062041640281677,0.8306418657302856,0.5282678008079529,0.9170575141906738,0.4176601469516754,0.8648601174354553,0.827788770198822,0.5328647494316101,0.6105385422706604,0.6591466069221497,0.7095030277967453,1
CGTRNA_RS08935,CGTRNA_RS08930,0,0.431888610124588,0.33753564953804016,0.6879681348800659,0.30128031969070435,0.15721093118190765,0.22559325397014618,0.2163374274969101,0.5957981944084167,0.5471141934394836,0.47933506965637207,0.3980061784386635,0
CGTRNA_RS08930,CGTRNA_RS08925,1,0.9220093488693237,0.7188053727149963,0.5706924796104431,0.879250168800354,0.352771133184433,0.7039703726768494,0.8841990232467651,0.6491872668266296,0.7522175312042236,0.7826698422431946,0.7215772539377212,1
CGTRNA_RS08900,CGTRNA_RS08895,0,0.33440127968788147,0.06720392405986786,0.09179576486349106,0.2721053957939148,0.04599212482571602,0.18439288437366486,0.4306742250919342,0.3008710741996765,0.19809554517269135,0.10999319702386856,0.20355254150927066,0
CGTRNA_RS08895,CGTRNA_RS08875,0,0.03363683819770813,0.017234748229384422,0.08948690444231033,0.03017354942858219,0.010354303754866123,0.08207295089960098,0.056353382766246796,0.06892746686935425,0.08517532795667648,0.15521274507045746,0.06286282176151872,0
CGTRNA_RS08875,CGTRNA_RS08870,1,0.929440975189209,0.792191207408905,0.8535963892936707,0.9699512124061584,0.5664270520210266,0.9629955887794495,0.9512434005737305,0.766572892665863,0.578546941280365,0.7249885201454163,0.8095954179763794,1
CGTRNA_RS08870,CGTRNA_RS08865,1,0.6504715085029602,0.4727500081062317,0.4713665544986725,0.6393930315971375,0.14167311787605286,0.425711989402771,0.6415646076202393,0.34255728125572205,0.539458692073822,0.6442655324935913,0.49692123234272,0
CGTRNA_RS08865,CGTRNA_RS08860,1,0.9669082164764404,0.9451856017112732,0.7904390692710876,0.9693772196769714,0.9415934681892395,0.962431788444519,0.9735314249992371,0.9926098585128784,0.12718415260314941,0.7416667938232422,0.8410927593708039,1
CGTRNA_RS08860,CGTRNA_RS08775,0,5.5176809837576e-05,0.0003198585764039308,0.0015978682786226273,0.00015291337331291288,1.887352846097201e-05,0.0034395859111100435,0.0004969445872120559,0.005439099855720997,0.0004567049618344754,0.00010038225445896387,0.0012077408136974555,0
CGTRNA_RS08775,CGTRNA_RS08740,0,0.0002593994722701609,0.0001841527846409008,0.0009395060478709638,0.0008278858149424195,0.00012286986748222262,0.0015783229609951377,0.0008748210384510458,0.00039843961712904274,0.0005434730555862188,0.00030798380612395704,0.000603685446549207,0
CGTRNA_RS08740,CGTRNA_RS08700,0,0.0030104194302111864,0.0009749170858412981,0.0032960292883217335,0.004011283162981272,0.00010615347127895802,0.008248762227594852,0.001199287478812039,0.014637806452810764,0.0068000308237969875,0.004471371881663799,0.004675606130331289,0
CGTRNA_RS08700,CGTRNA_RS08675,0,0.0003000425349455327,0.000470551400212571,0.0011938728857785463,0.0005768113769590855,3.478101280052215e-05,0.000678134267218411,0.0008043117122724652,0.007263458799570799,0.0004245383897796273,0.0005121304420754313,0.001225863282161299,0
CGTRNA_RS08675,CGTRNA_RS08670,1,0.38224899768829346,0.25550442934036255,0.4858193099498749,0.7602784633636475,0.5650688409805298,0.3089585602283478,0.47012463212013245,0.460943341255188,0.47939103841781616,0.5277284979820251,0.46960661113262175,0
CGTRNA_RS08670,CGTRNA_RS08655,0,0.018673472106456757,0.011476222425699234,0.010739630088210106,0.018544455990195274,0.012882993556559086,0.0071496604941785336,0.006289675831794739,0.009224859066307545,0.04449445754289627,0.013899966143071651,0.015337539324536919,0
CGTRNA_RS08655,CGTRNA_RS08650,1,0.46520712971687317,0.5063092708587646,0.23972779512405396,0.48391756415367126,0.25174108147621155,0.5878273844718933,0.5881257653236389,0.12852676212787628,0.42228659987449646,0.22337393462657928,0.3897043287754059,0
CGTRNA_RS08650,CGTRNA_RS08535,0,0.000600024068262428,0.00014882457617204636,0.0010781068122014403,0.0014886849094182253,0.0001236393436556682,0.0023452602326869965,0.0008168583735823631,0.005620782729238272,0.005081217736005783,0.0008376576588489115,0.0018141056440072133,0
CGTRNA_RS08450,CGTRNA_RS08445,0,0.8394181132316589,0.48900261521339417,0.4910077154636383,0.7381575703620911,0.3062945008277893,0.6754710674285889,0.6756598949432373,0.4354141652584076,0.4943433403968811,0.2514755427837372,0.5396244525909424,1
CGTRNA_RS08445,CGTRNA_RS08440,0,0.7943322658538818,0.18597516417503357,0.21525506675243378,0.6869155168533325,0.15161362290382385,0.3146929442882538,0.7548949718475342,0.08851427584886551,0.8009927272796631,0.3140130341053009,0.4307199589908123,0
CGTRNA_RS08440,CGTRNA_RS08430,0,0.20164617896080017,0.012769438326358795,0.09725039452314377,0.17390938103199005,0.0864005982875824,0.18330270051956177,0.23548129200935364,0.13227702677249908,0.3551250100135803,0.10367053002119064,0.15818325504660607,0
CGTRNA_RS08420,CGTRNA_RS08415,1,0.9611830115318298,0.6743104457855225,0.7568159699440002,0.9174286127090454,0.7660647034645081,0.6596960425376892,0.933146059513092,0.2869430184364319,0.704214334487915,0.9007341861724854,0.7560536384582519,1
CGTRNA_RS08375,CGTRNA_RS08370,1,0.9933187961578369,0.9854795336723328,0.9857767820358276,0.9912170767784119,0.9929521083831787,0.985741376876831,0.9709455966949463,0.9929178953170776,0.9792625904083252,0.9709953665733337,0.9848607122898102,1
CGTRNA_RS08370,CGTRNA_RS08365,1,0.9815177917480469,0.9831035733222961,0.9525864720344543,0.9836460947990417,0.9750741720199585,0.980535626411438,0.9815599918365479,0.993148922920227,0.9644055962562561,0.9867618083953857,0.9782340049743652,1
CGTRNA_RS08365,CGTRNA_RS08360,0,0.7791687846183777,0.454420268535614,0.7356740236282349,0.8495607376098633,0.5285566449165344,0.5701088905334473,0.7090309858322144,0.7063694596290588,0.8393054008483887,0.6739140152931213,0.6846109211444855,1
CGTRNA_RS08360,CGTRNA_RS08355,1,0.9831770062446594,0.9926427602767944,0.9757343530654907,0.9867097735404968,0.9918608069419861,0.9817665815353394,0.9745422601699829,0.9928293824195862,0.9772151112556458,0.9848242998123169,0.9841302335262299,1
CGTRNA_RS08355,CGTRNA_RS08350,1,0.9888445734977722,0.9759827852249146,0.9546092748641968,0.9811407327651978,0.9754790663719177,0.9784446954727173,0.9910916090011597,0.9599218368530273,0.9723640084266663,0.9576942324638367,0.9735572814941407,1
CGTRNA_RS08350,CGTRNA_RS08345,1,0.9907805323600769,0.9931459426879883,0.984619140625,0.9896571636199951,0.9847894310951233,0.9882753491401672,0.9846151471138,0.9903231263160706,0.9796275496482849,0.9873394966125488,0.9873172879219055,1
CGTRNA_RS08345,CGTRNA_RS08340,1,0.9848488569259644,0.9794676899909973,0.9735238552093506,0.9853481650352478,0.9819267988204956,0.978935718536377,0.9884699583053589,0.9842622876167297,0.9550690054893494,0.9609192609786987,0.9772771596908569,1
CGTRNA_RS08340,CGTRNA_RS08335,1,0.9778640270233154,0.9757192134857178,0.9384386539459229,0.9794528484344482,0.9724904298782349,0.9695166349411011,0.9911835193634033,0.9661138653755188,0.9702818393707275,0.9275118708610535,0.9668572902679443,1
CGTRNA_RS08335,CGTRNA_RS08325,0,0.12324144691228867,0.00771188922226429,0.10129424184560776,0.08602338284254074,0.027928847819566727,0.03383845463395119,0.07838357985019684,0.17942103743553162,0.07019677013158798,0.032166000455617905,0.07402056511491537,0
CGTRNA_RS08325,CGTRNA_RS08320,1,0.5106099843978882,0.158089280128479,0.4238906502723694,0.250619500875473,0.36378371715545654,0.30521419644355774,0.3167116343975067,0.3057235777378082,0.5483227372169495,0.18038587272167206,0.33633511513471603,0
CGTRNA_RS08320,CGTRNA_RS08315,1,0.7551680207252502,0.7767703533172607,0.7745761275291443,0.815155029296875,0.8427741527557373,0.7517968416213989,0.3904215097427368,0.7772336602210999,0.5976365208625793,0.6210522651672363,0.7102584481239319,1
CGTRNA_RS08315,CGTRNA_RS08310,1,0.8058753609657288,0.6736780405044556,0.8223326206207275,0.810239851474762,0.932242214679718,0.7425548434257507,0.6965914964675903,0.8398495316505432,0.7808650135993958,0.7316701412200928,0.7835899114608764,1
CGTRNA_RS08310,CGTRNA_RS08305,1,0.9930469989776611,0.991145133972168,0.9805821180343628,0.982958197593689,0.9870836138725281,0.9886695146560669,0.9851675033569336,0.9918348789215088,0.9788331985473633,0.9861195087432861,0.9865440666675568,1
CGTRNA_RS08305,CGTRNA_RS08300,1,0.5880287289619446,0.5871739983558655,0.585110604763031,0.7594614624977112,0.7118920087814331,0.4913221299648285,0.8255348801612854,0.6787281036376953,0.6112869381904602,0.44294607639312744,0.6281484931707382,1
CGTRNA_RS08300,CGTRNA_RS08295,0,0.3531028926372528,0.3661200702190399,0.28542038798332214,0.25189706683158875,0.19120089709758759,0.30689582228660583,0.39401674270629883,0.07519907504320145,0.1101200059056282,0.21044130623340607,0.2544414266943932,0
CGTRNA_RS08295,CGTRNA_RS08290,1,0.9896541237831116,0.9824354648590088,0.9778246879577637,0.9839269518852234,0.9698343873023987,0.9722534418106079,0.962901771068573,0.9904640913009644,0.978701651096344,0.9747593402862549,0.978275591135025,1
CGTRNA_RS08290,CGTRNA_RS08285,0,0.15915928781032562,0.1777828335762024,0.13969425857067108,0.1330229938030243,0.10152336955070496,0.10135956108570099,0.16609863936901093,0.06656209379434586,0.2993648052215576,0.0744677186012268,0.14190355613827704,0
CGTRNA_RS08285,CGTRNA_RS08280,1,0.9822124242782593,0.9534302949905396,0.9586708545684814,0.9742631316184998,0.9775601625442505,0.9739486575126648,0.9369041919708252,0.9464378356933594,0.9486261010169983,0.9739277362823486,0.9625981390476227,1
CGTRNA_RS08280,CGTRNA_RS08275,1,0.9867558479309082,0.9786791205406189,0.9777923226356506,0.9749821424484253,0.9842509627342224,0.9774211049079895,0.9813966751098633,0.9883043169975281,0.9851778149604797,0.9876272082328796,0.9822387516498565,1
CGTRNA_RS08275,CGTRNA_RS08255,0,0.0017397329211235046,0.00191018870100379,0.002263448666781187,0.0030585159547626972,0.0007162211695685983,0.0017180854920297861,0.003118722466751933,0.003390692174434662,0.004675636533647776,0.0009696748456917703,0.0023560918925795704,0
CGTRNA_RS08255,CGTRNA_RS08250,1,0.7756797075271606,0.6101595163345337,0.673187255859375,0.6983565092086792,0.513388454914093,0.5779663324356079,0.9562209844589233,0.8453370928764343,0.6579998731613159,0.6410353183746338,0.6949331045150757,1
CGTRNA_RS08250,CGTRNA_RS08245,0,0.9502814412117004,0.985708475112915,0.9189241528511047,0.9720100164413452,0.9541159868240356,0.9548200368881226,0.9849997758865356,0.9422334432601929,0.9611884951591492,0.9387919902801514,0.9563073813915253,1
CGTRNA_RS08245,CGTRNA_RS08210,0,0.006551176775246859,0.0034144059754908085,0.003485791850835085,0.006139610894024372,0.0010326264891773462,0.0036712689325213432,0.003137308871373534,0.0007884661317802966,0.003692439291626215,0.003363161813467741,0.00352762570255436,0
CGTRNA_RS08210,CGTRNA_RS08205,1,0.9927790760993958,0.9828399419784546,0.9753389954566956,0.9790643453598022,0.9884176254272461,0.9838759303092957,0.9898045659065247,0.9847010374069214,0.9762606024742126,0.976642906665802,0.9829725027084351,1
CGTRNA_RS08205,CGTRNA_RS08200,1,0.9919638633728027,0.9903152585029602,0.9840750098228455,0.9905615448951721,0.9855459928512573,0.9891579151153564,0.974006712436676,0.9882113933563232,0.9730588793754578,0.9849399328231812,0.9851836502552033,1
CGTRNA_RS08200,CGTRNA_RS08190,0,0.1692565381526947,0.0711824893951416,0.12737193703651428,0.1703754961490631,0.09929915517568588,0.19338540732860565,0.4125928580760956,0.0682801604270935,0.15128415822982788,0.06738563627004623,0.15304138362407685,0
CGTRNA_RS08190,CGTRNA_RS08185,1,0.9016196727752686,0.9384055137634277,0.8340086340904236,0.8427833914756775,0.9194228053092957,0.8610561490058899,0.8236614465713501,0.7324491739273071,0.8034184575080872,0.7668729424476624,0.842369818687439,1
CGTRNA_RS08185,CGTRNA_RS08180,1,0.9676200747489929,0.9799628257751465,0.962539553642273,0.9904106259346008,0.9792293310165405,0.9715589880943298,0.9801245331764221,0.9602302312850952,0.9776996374130249,0.9770612120628357,0.9746437013149262,1
CGTRNA_RS08180,CGTRNA_RS08175,1,0.631350576877594,0.4349669814109802,0.6051343083381653,0.6706950664520264,0.3784230053424835,0.45074984431266785,0.8596453070640564,0.400317519903183,0.6392773389816284,0.46088171005249023,0.5531441658735275,1
CGTRNA_RS08175,CGTRNA_RS08170,0,0.5236080884933472,0.822789192199707,0.428070992231369,0.4726127088069916,0.5364623665809631,0.5336620807647705,0.552213191986084,0.6533662676811218,0.41712671518325806,0.5185300707817078,0.545844167470932,1
CGTRNA_RS08170,CGTRNA_RS08165,1,0.9880735278129578,0.9766420722007751,0.9545132517814636,0.9744515419006348,0.9799618721008301,0.9683982729911804,0.9915082454681396,0.9769477844238281,0.9630865454673767,0.9393067359924316,0.9712889850139618,1
CGTRNA_RS08165,CGTRNA_RS08160,1,0.9929997324943542,0.9948975443840027,0.9852609634399414,0.9916658997535706,0.990884006023407,0.9920070171356201,0.9833462834358215,0.9944995045661926,0.9850773811340332,0.9924229979515076,0.9903061330318451,1
CGTRNA_RS08160,CGTRNA_RS08140,0,0.015561402775347233,0.0061850715428590775,0.011099414899945259,0.008927506394684315,0.0052627939730882645,0.00584713788703084,0.004552714992314577,0.003391575301066041,0.007617982570081949,0.010585959069430828,0.007903155940584838,0
CGTRNA_RS08140,CGTRNA_RS08135,0,0.9041870832443237,0.9501772522926331,0.9265075922012329,0.9415492415428162,0.8714503049850464,0.8756725788116455,0.8955668807029724,0.9290327429771423,0.9437430500984192,0.8791475892066956,0.9117034316062927,1
CGTRNA_RS08135,CGTRNA_RS08130,0,0.37424513697624207,0.2858996093273163,0.4653792381286621,0.503187358379364,0.29269087314605713,0.3844248652458191,0.8665192127227783,0.4969768822193146,0.5491399765014648,0.3647625148296356,0.4583225667476654,0
CGTRNA_RS08130,CGTRNA_RS08125,1,0.9863876104354858,0.9748565554618835,0.9610206484794617,0.9862351417541504,0.9788761138916016,0.9814998507499695,0.9914406538009644,0.9909420013427734,0.9524744749069214,0.9570431113243103,0.9760776162147522,1
CGTRNA_RS08125,CGTRNA_RS08120,1,0.9727034568786621,0.7884901762008667,0.9072014093399048,0.8659031987190247,0.895454466342926,0.9188802242279053,0.8831329345703125,0.7893001437187195,0.9059070944786072,0.8966378569602966,0.8823610961437225,1
CGTRNA_RS08120,CGTRNA_RS08115,1,0.6060882210731506,0.5811206102371216,0.7098742127418518,0.6372577548027039,0.3987835645675659,0.4993933141231537,0.7646265625953674,0.8621143698692322,0.7083464860916138,0.6342163681983948,0.6401821464300156,1
CGTRNA_RS08115,CGTRNA_RS08110,1,0.8618780374526978,0.709228515625,0.7327391505241394,0.8014345765113831,0.8552007675170898,0.709159255027771,0.8783174753189087,0.7768056392669678,0.6748861074447632,0.5356622934341431,0.7535311818122864,1
CGTRNA_RS08110,CGTRNA_RS08105,1,0.9671290516853333,0.9484301209449768,0.9295322895050049,0.9731261730194092,0.943552553653717,0.9309083819389343,0.941211462020874,0.9196307063102722,0.9647340178489685,0.9391503930091858,0.9457405149936676,1
CGTRNA_RS08105,CGTRNA_RS08080,0,0.004606208764016628,0.0031302806455641985,0.005261508747935295,0.006121289916336536,0.004001800436526537,0.004225438926368952,0.0030450571794062853,0.0032663545571267605,0.009020168334245682,0.004417302552610636,0.004709541006013751,0
CGTRNA_RS08080,CGTRNA_RS08075,1,0.9904230237007141,0.9858047962188721,0.9782789349555969,0.9897221922874451,0.9841684699058533,0.9867392778396606,0.9902747273445129,0.9830402731895447,0.9630150198936462,0.9646844267845154,0.9816151142120362,1
CGTRNA_RS08075,CGTRNA_RS08070,1,0.9877870678901672,0.9858641028404236,0.949391782283783,0.9752011299133301,0.9755566120147705,0.9777452945709229,0.9863029718399048,0.980675220489502,0.9799543619155884,0.9849605560302734,0.9783439099788666,1
CGTRNA_RS08070,CGTRNA_RS08065,1,0.9465038776397705,0.9324411153793335,0.8769515156745911,0.920798122882843,0.905046284198761,0.8922408223152161,0.8984973430633545,0.7869201898574829,0.85099858045578,0.8866904973983765,0.889708834886551,1
CGTRNA_RS08065,CGTRNA_RS08060,1,0.9873355031013489,0.9902558326721191,0.9852306842803955,0.9855208396911621,0.9832618832588196,0.9867731332778931,0.979133665561676,0.9819726347923279,0.9846721887588501,0.9913517832756042,0.9855508148670197,1
CGTRNA_RS08060,CGTRNA_RS08055,1,0.9707858562469482,0.9925665855407715,0.9575405716896057,0.9883436560630798,0.9764736890792847,0.972177267074585,0.9677835702896118,0.9817301630973816,0.9284619092941284,0.9710413217544556,0.9706904590129852,1
CGTRNA_RS08055,CGTRNA_RS08050,1,0.19620174169540405,0.02715977653861046,0.11384861916303635,0.23076651990413666,0.04624074697494507,0.0743117555975914,0.17967437207698822,0.036635469645261765,0.1178150400519371,0.028659822419285774,0.10513138640671968,0
CGTRNA_RS08050,CGTRNA_RS08045,1,0.9946668744087219,0.9892507195472717,0.9801896214485168,0.988770067691803,0.983718991279602,0.9906238317489624,0.9913617968559265,0.9917322993278503,0.9808284044265747,0.9893147945404053,0.9880457401275635,1
CGTRNA_RS08045,CGTRNA_RS08040,1,0.9456225633621216,0.9659815430641174,0.9294273853302002,0.971498429775238,0.9546684622764587,0.891808271408081,0.9265681505203247,0.9760249853134155,0.9302684664726257,0.8978200554847717,0.9389688313007355,1
CGTRNA_RS08040,CGTRNA_RS08035,0,0.24508684873580933,0.19041843712329865,0.40089526772499084,0.33331385254859924,0.25161170959472656,0.2669944763183594,0.2397700697183609,0.16099345684051514,0.1299310028553009,0.24277149140834808,0.2461786612868309,0
CGTRNA_RS08035,CGTRNA_RS08030,1,0.38835927844047546,0.18421737849712372,0.2885292172431946,0.3317294716835022,0.17427265644073486,0.26862993836402893,0.6312662363052368,0.2720825672149658,0.3654729425907135,0.14489887654781342,0.30494585633277893,0
CGTRNA_RS08030,CGTRNA_RS08025,1,0.9611020088195801,0.942854106426239,0.9444777369499207,0.9821184277534485,0.9794438481330872,0.9739109873771667,0.9183222651481628,0.9747344851493835,0.9138430953025818,0.9378879070281982,0.9528694868087768,1
CGTRNA_RS08025,CGTRNA_RS08020,1,0.5923874378204346,0.47850582003593445,0.4075457453727722,0.5778452157974243,0.3540536165237427,0.3849426805973053,0.7926403880119324,0.3540748059749603,0.5456670522689819,0.30727052688598633,0.47949332892894747,0
CGTRNA_RS08020,CGTRNA_RS08015,1,0.983850359916687,0.9859776496887207,0.9833214282989502,0.9805688261985779,0.9803662896156311,0.982704222202301,0.791394054889679,0.9904726147651672,0.9857984781265259,0.958066463470459,0.9622520387172699,1
CGTRNA_RS08015,CGTRNA_RS08010,1,0.9834851026535034,0.981357216835022,0.9445129632949829,0.9728579521179199,0.9804739952087402,0.9659773707389832,0.9911196231842041,0.9518232941627502,0.9654418230056763,0.9445751309394836,0.9681624472141266,1
CGTRNA_RS08010,CGTRNA_RS08005,1,0.7754508852958679,0.9164395332336426,0.8210030794143677,0.9326467514038086,0.9067565202713013,0.7993239164352417,0.9192389249801636,0.9431714415550232,0.9055971503257751,0.8398754000663757,0.8759503602981568,1
CGTRNA_RS08005,CGTRNA_RS08000,1,0.9889615774154663,0.994269073009491,0.9846258163452148,0.9933802485466003,0.9921514987945557,0.9900745153427124,0.9932661056518555,0.9907838106155396,0.973509669303894,0.9819979667663574,0.9883020281791687,1
CGTRNA_RS08000,CGTRNA_RS07995,1,0.983385443687439,0.9903861880302429,0.9634812474250793,0.9743361473083496,0.9846287369728088,0.9819554686546326,0.9895446300506592,0.9873801469802856,0.9560762047767639,0.9192244410514832,0.9730398654937744,1
CGTRNA_RS07995,CGTRNA_RS07990,1,0.9905023574829102,0.9908176064491272,0.9721963405609131,0.9837921857833862,0.9841852188110352,0.9866583347320557,0.9868234395980835,0.9896718263626099,0.9729360342025757,0.9895142912864685,0.9847097635269165,1
CGTRNA_RS07990,CGTRNA_RS07985,1,0.9928277134895325,0.9938772320747375,0.9706255793571472,0.9849428534507751,0.9853628277778625,0.9890750050544739,0.9760040640830994,0.9935268759727478,0.9771039485931396,0.9870781898498535,0.9850424289703369,1
CGTRNA_RS07985,CGTRNA_RS07980,1,0.8985764980316162,0.4428703486919403,0.6238654255867004,0.8635568022727966,0.791621744632721,0.7666563987731934,0.8175167441368103,0.6756683588027954,0.7085610032081604,0.511644721031189,0.7100538045167923,1
CGTRNA_RS07980,CGTRNA_RS07975,1,0.9870156049728394,0.989264190196991,0.9868077039718628,0.9886255264282227,0.9865902662277222,0.985451340675354,0.9271026253700256,0.985251247882843,0.9844475388526917,0.98980712890625,0.9810363173484802,1
CGTRNA_RS07975,CGTRNA_RS07970,1,0.7399694323539734,0.9066051244735718,0.9264805912971497,0.9118947982788086,0.8913539052009583,0.7806652188301086,0.7720602750778198,0.9031329154968262,0.9121928215026855,0.8321113586425781,0.857646644115448,1
CGTRNA_RS07970,CGTRNA_RS07965,1,0.9913641810417175,0.9831334352493286,0.9772501587867737,0.97635817527771,0.968173623085022,0.9790432453155518,0.9838024973869324,0.9869799017906189,0.9760292172431946,0.9853091239929199,0.980744355916977,1
CGTRNA_RS07965,CGTRNA_RS07960,1,0.9947315454483032,0.9925221800804138,0.9825624823570251,0.9903526306152344,0.9957424402236938,0.9924355745315552,0.9779439568519592,0.9916055798530579,0.9894888401031494,0.9953683614730835,0.9902753591537475,1
CGTRNA_RS07960,CGTRNA_RS07955,0,0.0665118619799614,0.029744155704975128,0.11893218755722046,0.13008728623390198,0.03938395157456398,0.061089593917131424,0.09103946387767792,0.02318408153951168,0.08450359106063843,0.02089456282556057,0.0665370736271143,0
CGTRNA_RS07955,CGTRNA_RS07950,1,0.38701769709587097,0.3549567759037018,0.5988314151763916,0.6413860321044922,0.43003472685813904,0.3825989067554474,0.38000503182411194,0.3033393919467926,0.37104880809783936,0.3456919491291046,0.4194910734891891,0
CGTRNA_RS07950,CGTRNA_RS07945,1,0.9756045341491699,0.9553261399269104,0.8982086777687073,0.9543225169181824,0.959136962890625,0.9358032941818237,0.9746381640434265,0.5581305027008057,0.8781045079231262,0.9439136981964111,0.9033188998699189,1
CGTRNA_RS07945,CGTRNA_RS07940,1,0.97296541929245,0.9758848547935486,0.9806140065193176,0.9867366552352905,0.9668084979057312,0.9574045538902283,0.9499391317367554,0.988021731376648,0.9623177647590637,0.9764658808708191,0.9717158496379852,1
CGTRNA_RS07940,CGTRNA_RS07935,1,0.8375446200370789,0.44217637181282043,0.7372663617134094,0.8096781373023987,0.8035848140716553,0.8153036236763,0.6964231133460999,0.7261775135993958,0.6839825510978699,0.8207793235778809,0.7372916430234909,1
CGTRNA_RS07935,CGTRNA_RS07930,0,0.08164617419242859,0.1359490156173706,0.11568222939968109,0.12992671132087708,0.18928615748882294,0.09233841300010681,0.06632091104984283,0.07787253707647324,0.10738849639892578,0.11109980940818787,0.11075104549527168,0
CGTRNA_RS07930,CGTRNA_RS07925,0,0.9848570227622986,0.9824496507644653,0.9750235080718994,0.9780914187431335,0.9846347570419312,0.9796012043952942,0.9883298873901367,0.9934638738632202,0.9701546430587769,0.9576776623725891,0.9794283628463745,1
CGTRNA_RS07925,CGTRNA_RS07920,0,0.9867793321609497,0.9933161735534668,0.980130136013031,0.9856928586959839,0.9898108243942261,0.987053632736206,0.983556866645813,0.9902369976043701,0.9894480109214783,0.9932704567909241,0.9879295289516449,1
CGTRNA_RS07820,CGTRNA_RS07815,1,0.9884921312332153,0.9911784529685974,0.9686272144317627,0.9823529124259949,0.9793652296066284,0.9886544346809387,0.9825112819671631,0.9876685738563538,0.977798581123352,0.9871549010276794,0.9833803713321686,1
CGTRNA_RS07765,CGTRNA_RS07745,0,0.0024433485232293606,0.0007002205238677561,0.0014724518405273557,0.003285745857283473,0.000461408169940114,0.0009095377172343433,0.000658121076412499,0.0006998866447247565,0.0020222081802785397,0.001772496965713799,0.0014425425499211997,0
CGTRNA_RS07745,CGTRNA_RS07740,1,0.9582095146179199,0.9023414850234985,0.9450856447219849,0.9695220589637756,0.9538211226463318,0.9105159640312195,0.9735373258590698,0.8263325691223145,0.8896600008010864,0.9475053548812866,0.9276531040668488,1
CGTRNA_RS07740,CGTRNA_RS07720,0,0.0006179823540151119,0.00023040611995384097,0.001077850814908743,0.0009828672045841813,0.00017490689060650766,0.0004806008655577898,0.0006289068842306733,0.0017303357599303126,0.001488570123910904,0.0006563340430147946,0.0008068761060712859,0
CGTRNA_RS07720,CGTRNA_RS07715,0,0.03755868598818779,0.01051193755120039,0.09157749265432358,0.046127885580062866,0.01113126240670681,0.02159150503575802,0.03456178680062294,0.09431733936071396,0.050727080553770065,0.02023199573159218,0.04183369716629386,0
CGTRNA_RS07715,CGTRNA_RS07710,1,0.8360186219215393,0.9070296883583069,0.8203465342521667,0.9042699337005615,0.8581911325454712,0.8144655227661133,0.7984424233436584,0.9769394397735596,0.8790318965911865,0.851109504699707,0.8645844697952271,1
CGTRNA_RS07710,CGTRNA_RS07700,0,0.10174822062253952,0.13301415741443634,0.13942649960517883,0.21176430583000183,0.037479788064956665,0.10036377608776093,0.13880658149719238,0.05672798305749893,0.056153278797864914,0.0949179157614708,0.10704025067389011,0
CGTRNA_RS07700,CGTRNA_RS07695,1,0.37281373143196106,0.26935839653015137,0.46722912788391113,0.5533967018127441,0.3807714581489563,0.32757121324539185,0.5109350085258484,0.32679638266563416,0.4286859929561615,0.2488938868045807,0.38864519000053405,0
CGTRNA_RS07695,CGTRNA_RS07690,1,0.9850922226905823,0.9836134910583496,0.9569399952888489,0.9686797857284546,0.9750433564186096,0.9771167635917664,0.9682155251502991,0.884635329246521,0.9541293382644653,0.9796497821807861,0.9633115589618683,1
CGTRNA_RS07690,CGTRNA_RS07675,0,0.016217069700360298,0.012249286286532879,0.015255252830684185,0.0238338652998209,0.00798081699758768,0.0277688130736351,0.01923304982483387,0.006937702186405659,0.025319069623947144,0.012148652225732803,0.01669435780495405,0
CGTRNA_RS07675,CGTRNA_RS07670,1,0.9575333595275879,0.9857047200202942,0.9704428911209106,0.9777414798736572,0.974262535572052,0.963538646697998,0.9188436269760132,0.9884107708930969,0.9693967700004578,0.9435847401618958,0.9649459540843963,1
CGTRNA_RS07670,CGTRNA_RS07665,1,0.9871964454650879,0.971710741519928,0.9593082666397095,0.9858819842338562,0.9720476865768433,0.972087562084198,0.989313006401062,0.96962970495224,0.967792809009552,0.9754127264022827,0.9750380933284759,1
CGTRNA_RS07635,CGTRNA_RS07630,1,0.9606104493141174,0.7741615176200867,0.9164347648620605,0.9723508954048157,0.8924692273139954,0.9078333377838135,0.9512391090393066,0.9322269558906555,0.8596639633178711,0.8260931968688965,0.8993083417415619,1
CGTRNA_RS07595,CGTRNA_RS07590,0,0.5203741192817688,0.38110852241516113,0.37617382407188416,0.37011030316352844,0.22145307064056396,0.40526705980300903,0.6537891030311584,0.48535847663879395,0.3344022333621979,0.13726669549942017,0.3885303407907486,0
CGTRNA_RS07590,CGTRNA_RS07585,1,0.9283350110054016,0.9412222504615784,0.9597426652908325,0.9895750880241394,0.9277152419090271,0.9642617702484131,0.959168553352356,0.9858459234237671,0.9468145966529846,0.8882166147232056,0.9490897715091705,1
CGTRNA_RS07555,CGTRNA_RS07550,1,0.8696814179420471,0.9756643176078796,0.9231476783752441,0.9776179194450378,0.9494808316230774,0.9602982401847839,0.9452916383743286,0.9712249636650085,0.9393059611320496,0.924272358417511,0.9435985326766968,1
CGTRNA_RS07550,CGTRNA_RS07545,1,0.5268543362617493,0.448616623878479,0.8445624113082886,0.8392155170440674,0.7878513336181641,0.6814706325531006,0.5356396436691284,0.7424061298370361,0.47659313678741455,0.6103002429008484,0.6493510007858276,1
CGTRNA_RS07545,CGTRNA_RS07540,1,0.9817554354667664,0.9792516231536865,0.9727533459663391,0.9929049015045166,0.9800823330879211,0.9799034595489502,0.9822824001312256,0.9840271472930908,0.9815016388893127,0.9815557599067688,0.9816018044948578,1
CGTRNA_RS07540,CGTRNA_RS07535,1,0.5891716480255127,0.6006455421447754,0.3432883620262146,0.5170680284500122,0.21252597868442535,0.5100458860397339,0.7590111494064331,0.5532457232475281,0.5973445177078247,0.5178852677345276,0.5200232103466987,1
CGTRNA_RS07535,CGTRNA_RS07530,0,0.17710250616073608,0.28975003957748413,0.48854294419288635,0.3258504569530487,0.31754377484321594,0.27794915437698364,0.21228569746017456,0.687282383441925,0.29650193452835083,0.29974040389060974,0.3372549295425415,0
CGTRNA_RS07530,CGTRNA_RS07515,0,0.02166622504591942,0.007482457440346479,0.0750323235988617,0.03826286643743515,0.003480214625597,0.02860744297504425,0.028021004050970078,0.10900285840034485,0.08525074273347855,0.03191397711634636,0.04287201124243438,0
CGTRNA_RS07515,CGTRNA_RS07510,1,0.9823580384254456,0.9721161723136902,0.9410676956176758,0.9700264930725098,0.9753497242927551,0.975743293762207,0.9848772287368774,0.8777979016304016,0.9654257297515869,0.9809531569480896,0.9625715434551239,1
CGTRNA_RS07510,CGTRNA_RS07505,1,0.9615234136581421,0.9756657481193542,0.9168856143951416,0.991651713848114,0.9760337471961975,0.9814029932022095,0.969205915927887,0.9286786317825317,0.9606790542602539,0.9234021306037903,0.9585128962993622,1
CGTRNA_RS07505,CGTRNA_RS07500,1,0.9728347659111023,0.989843487739563,0.978218674659729,0.9948074221611023,0.9849277138710022,0.9746993780136108,0.9873802661895752,0.9906393885612488,0.9793360233306885,0.9558027982711792,0.9808489918708801,1
CGTRNA_RS07500,CGTRNA_RS07495,1,0.3262261152267456,0.198691725730896,0.23380079865455627,0.2055818736553192,0.4355149269104004,0.16504640877246857,0.20583465695381165,0.26715752482414246,0.4112057685852051,0.18848258256912231,0.26375423818826677,0
CGTRNA_RS07495,CGTRNA_RS07490,1,0.9874470829963684,0.9722368121147156,0.9736867547035217,0.9781479835510254,0.9864102005958557,0.9834898114204407,0.976004421710968,0.9674379229545593,0.969679594039917,0.9761666059494019,0.9770707190036774,1
CGTRNA_RS07490,CGTRNA_RS07485,1,0.9907611608505249,0.9928426146507263,0.9825572967529297,0.9912444949150085,0.9841988682746887,0.9932714104652405,0.9816784262657166,0.9851545691490173,0.9822324514389038,0.9884787797927856,0.9872420072555542,1
CGTRNA_RS07485,CGTRNA_RS07480,1,0.9895343780517578,0.9890883564949036,0.9817551374435425,0.990821123123169,0.9856063723564148,0.9814646244049072,0.9790276885032654,0.991217315196991,0.9895228147506714,0.9827150106430054,0.9860752820968628,1
CGTRNA_RS07480,CGTRNA_RS07475,1,0.5318524837493896,0.41735365986824036,0.6910424828529358,0.5191124677658081,0.4824693500995636,0.44808104634284973,0.43275192379951477,0.41424816846847534,0.7161107659339905,0.3260563611984253,0.49790787100791933,0
CGTRNA_RS07475,CGTRNA_RS07470,1,0.6380982398986816,0.6752014756202698,0.7470996379852295,0.8273378610610962,0.4749760329723358,0.6570788621902466,0.661323606967926,0.7366828322410583,0.7009158134460449,0.5678805708885193,0.6686594933271408,1
CGTRNA_RS07470,CGTRNA_RS07465,1,0.9772423505783081,0.9826986789703369,0.9724780321121216,0.9895535707473755,0.982430100440979,0.9727960228919983,0.9289923906326294,0.9679234027862549,0.9606342911720276,0.9810616970062256,0.9715810537338256,1
CGTRNA_RS07465,CGTRNA_RS07455,0,0.508895218372345,0.5484158992767334,0.5000180602073669,0.6411270499229431,0.368488609790802,0.6709067821502686,0.5152143239974976,0.7028546333312988,0.48314833641052246,0.4053090810775757,0.5344377994537354,1
CGTRNA_RS07455,CGTRNA_RS07450,1,0.9893381595611572,0.985518753528595,0.9725549221038818,0.9914074540138245,0.9838017821311951,0.966141402721405,0.9874785542488098,0.9810318350791931,0.9783948659896851,0.9551550149917603,0.9790822744369507,1
CGTRNA_RS07450,CGTRNA_RS07445,0,0.1384713500738144,0.07167794555425644,0.11654417216777802,0.1118924543261528,0.02074303664267063,0.2646237015724182,0.3207584619522095,0.2167738974094391,0.0671066865324974,0.09663081914186478,0.14252225253731013,0
CGTRNA_RS07445,CGTRNA_RS07435,0,0.1619662046432495,0.21651490032672882,0.3975403904914856,0.391444593667984,0.20601576566696167,0.14315608143806458,0.16849106550216675,0.13794587552547455,0.19214047491550446,0.2110735923051834,0.22262889444828032,0
CGTRNA_RS07435,CGTRNA_RS07430,0,0.14705848693847656,0.1372823417186737,0.2598032057285309,0.22320640087127686,0.18894806504249573,0.14790230989456177,0.2689265012741089,0.2540956735610962,0.2886391878128052,0.140353724360466,0.2056215897202492,0
CGTRNA_RS07430,CGTRNA_RS07425,1,0.9957464933395386,0.9971700310707092,0.993711531162262,0.9980531930923462,0.9950751662254333,0.9978520274162292,0.9899647235870361,0.9924253821372986,0.9914590716362,0.993880569934845,0.9945338189601898,1
CGTRNA_RS07425,CGTRNA_RS07420,1,0.9654558897018433,0.944899320602417,0.9555095434188843,0.979099452495575,0.9650440812110901,0.947739839553833,0.9194111227989197,0.8381538987159729,0.9499095678329468,0.9586600065231323,0.9423882722854614,1
CGTRNA_RS07395,CGTRNA_RS07365,0,0.0030225932132452726,0.0011020246893167496,0.0013888777466490865,0.002711705630645156,0.00037910506944172084,0.0019223667914047837,0.001210864051245153,0.0010738023556768894,0.001384916715323925,0.0015614883741363883,0.0015757744637085124,0
CGTRNA_RS07365,CGTRNA_RS07360,0,0.28201010823249817,0.3722511827945709,0.41340941190719604,0.38092684745788574,0.35240092873573303,0.31071949005126953,0.28845861554145813,0.19650374352931976,0.37690189480781555,0.228044331073761,0.3201626554131508,0
CGTRNA_RS07360,CGTRNA_RS07350,0,0.012181183323264122,0.01018853485584259,0.01646098680794239,0.03132176026701927,0.01664203405380249,0.011585944332182407,0.02197953127324581,0.004536155611276627,0.032109472900629044,0.0038073325995355844,0.016081293602474032,0
CGTRNA_RS07350,CGTRNA_RS07345,0,0.2423231154680252,0.2605847120285034,0.30727025866508484,0.42247042059898376,0.43874990940093994,0.27810806035995483,0.46009790897369385,0.36342963576316833,0.07439649850130081,0.24275168776512146,0.30901822075247765,0
CGTRNA_RS07345,CGTRNA_RS07340,1,0.985754668712616,0.9809044599533081,0.9828200340270996,0.9866499900817871,0.9796286225318909,0.9839029312133789,0.968590497970581,0.9887334108352661,0.9816091656684875,0.9793967604637146,0.981799054145813,1
CGTRNA_RS07340,CGTRNA_RS07335,0,0.4514722526073456,0.5709118247032166,0.5603460073471069,0.7958283424377441,0.49895763397216797,0.5053120851516724,0.6167023181915283,0.5651757121086121,0.5944429039955139,0.4082438349723816,0.5567392915487289,1
CGTRNA_RS07335,CGTRNA_RS07330,0,0.9478886127471924,0.8685895800590515,0.9346771240234375,0.9162468910217285,0.9353824853897095,0.8963866829872131,0.9151400327682495,0.6566553711891174,0.9360922574996948,0.9593743681907654,0.896643340587616,1
CGTRNA_RS07330,CGTRNA_RS07325,0,0.9884059429168701,0.9777003526687622,0.9580011367797852,0.9757655262947083,0.981135368347168,0.9749292731285095,0.9752834439277649,0.991520881652832,0.9779633283615112,0.9807406067848206,0.9781445860862732,1
CGTRNA_RS07325,CGTRNA_RS07320,0,0.986957311630249,0.9892896413803101,0.9789096117019653,0.9902862906455994,0.9649240374565125,0.9716405272483826,0.9892174601554871,0.9856007099151611,0.9787712097167969,0.9533907175064087,0.9788987517356873,1
CGTRNA_RS07320,CGTRNA_RS07315,0,0.9850055575370789,0.9928189516067505,0.9830020666122437,0.9934834241867065,0.9914524555206299,0.9807509779930115,0.9846749901771545,0.9803259968757629,0.9751096367835999,0.967025637626648,0.9833649694919586,1
CGTRNA_RS07315,CGTRNA_RS07310,1,0.9890097975730896,0.9901921153068542,0.9828304648399353,0.990568995475769,0.9937108159065247,0.9810150265693665,0.9895868897438049,0.9885544776916504,0.9617828726768494,0.9677309989929199,0.9834982454776764,1
CGTRNA_RS07310,CGTRNA_RS07285,0,0.0061835357919335365,0.004312857054173946,0.00952143408358097,0.01190599799156189,0.00869799591600895,0.012172086164355278,0.015560593456029892,0.0007389343227259815,0.010034817270934582,0.005004072096198797,0.008413232414750383,0
CGTRNA_RS07285,CGTRNA_RS07275,0,0.06973716616630554,0.1726931631565094,0.14015361666679382,0.1380506455898285,0.17240118980407715,0.06335905194282532,0.09006195515394211,0.11341387778520584,0.06215953081846237,0.06298214942216873,0.10850123465061187,0
CGTRNA_RS07275,CGTRNA_RS07270,1,0.9801441431045532,0.9790741801261902,0.9740137457847595,0.9837889075279236,0.9782419800758362,0.974220871925354,0.9662556052207947,0.9776986837387085,0.9550504684448242,0.9811359643936157,0.9749624550342559,1
CGTRNA_RS07270,CGTRNA_RS07265,1,0.9422268271446228,0.9895468950271606,0.9807763695716858,0.994150698184967,0.9881060719490051,0.9784653782844543,0.9780445694923401,0.984931230545044,0.9476255774497986,0.9495105743408203,0.9733384191989899,1
CGTRNA_RS07265,CGTRNA_RS07260,1,0.9676714539527893,0.98143470287323,0.9539150595664978,0.9857739210128784,0.9796926379203796,0.9738503098487854,0.9789317846298218,0.9464006423950195,0.9726861715316772,0.9595089554786682,0.9699865639209747,1
CGTRNA_RS07260,CGTRNA_RS07255,1,0.8632264137268066,0.7464863061904907,0.7945188879966736,0.8670022487640381,0.6913571357727051,0.7516758441925049,0.8933294415473938,0.7084110379219055,0.8616517186164856,0.5505048036575317,0.7728163838386536,1
CGTRNA_RS07255,CGTRNA_RS07250,0,0.5227572917938232,0.6979082822799683,0.2973215878009796,0.26429200172424316,0.5766805410385132,0.4215494394302368,0.793737530708313,0.779107928276062,0.6221736073493958,0.4646414816379547,0.5440169692039489,1
CGTRNA_RS07250,CGTRNA_RS07220,0,0.0011557649122551084,0.0009219122584909201,0.00332343066111207,0.002695225179195404,0.0004004712973255664,0.000682170270010829,0.0010301688453182578,0.006339723244309425,0.0019779361318796873,0.0011714649153873324,0.00196982677152846,0
CGTRNA_RS07220,CGTRNA_RS07215,1,0.9834325313568115,0.9864175915718079,0.9625632166862488,0.9784522652626038,0.9820782542228699,0.9597737789154053,0.9274590611457825,0.9910175800323486,0.9518015384674072,0.9782983064651489,0.9701294124126434,1
CGTRNA_RS07200,CGTRNA_RS07180,0,0.01133017148822546,0.0017827836563810706,0.007062886375933886,0.016063960269093513,0.0027676301542669535,0.003597343573346734,0.007495986297726631,0.0018492935923859477,0.004768141079694033,0.009128759615123272,0.00658469561021775,0
CGTRNA_RS07180,CGTRNA_RS07175,1,0.7261683344841003,0.8501517176628113,0.8754475116729736,0.8612946271896362,0.7060707807540894,0.5952063202857971,0.9129281640052795,0.9500067830085754,0.8988068103790283,0.8819015622138977,0.8257982611656189,1
CGTRNA_RS07175,CGTRNA_RS07170,1,0.9117280840873718,0.9160941243171692,0.8968952298164368,0.923998236656189,0.9139146208763123,0.9053329825401306,0.8699102997779846,0.5675584673881531,0.8083272576332092,0.826510488986969,0.8540269792079925,1
CGTRNA_RS07170,CGTRNA_RS07140,0,0.002330997958779335,0.0017871946329250932,0.002125997794792056,0.0037065078504383564,0.0003223535022698343,0.0023095642682164907,0.002297345781698823,0.030014168471097946,0.0031039805617183447,0.0026368729304522276,0.005063498375238851,0
CGTRNA_RS07045,CGTRNA_RS06945,0,0.007795533165335655,0.0036957580596208572,0.007719052489846945,0.004957449156790972,0.0014126517344266176,0.0032807542011141777,0.0011855486081913114,0.0066716475412249565,0.010702918283641338,0.0076823970302939415,0.0055103710270486776,0
CGTRNA_RS06945,CGTRNA_RS06915,0,0.0014207345666363835,0.0008006644202396274,0.0012547222431749105,0.002673555165529251,0.0004986373824067414,0.0009248926071450114,0.0010050912387669086,0.000312729156576097,0.002601429121568799,0.0013760831207036972,0.0012868539022747427,0
CGTRNA_RS06915,CGTRNA_RS06895,0,0.016887672245502472,0.00947156548500061,0.043178535997867584,0.025690285488963127,0.027028191834688187,0.017244353890419006,0.028142917901277542,0.12398776412010193,0.05570149049162865,0.04139268398284912,0.038872546143829824,0
CGTRNA_RS06895,CGTRNA_RS06885,0,0.026779260486364365,0.014629824087023735,0.069380022585392,0.033123940229415894,0.016605835407972336,0.03855667635798454,0.02081468142569065,0.08652991056442261,0.04436773434281349,0.05406835302710533,0.0404856238514185,0
CGTRNA_RS06885,CGTRNA_RS06880,1,0.5220156908035278,0.2820653021335602,0.4294050335884094,0.48215728998184204,0.32759544253349304,0.3654802739620209,0.4090573191642761,0.14526508748531342,0.45107245445251465,0.2410253882408142,0.3655139282345772,0
CGTRNA_RS06880,CGTRNA_RS06875,1,0.6291471719741821,0.11406860500574112,0.5929898619651794,0.8596477508544922,0.7263969779014587,0.7388800382614136,0.6769754886627197,0.023109104484319687,0.027968376874923706,0.42797040939331055,0.4817153785377741,0
CGTRNA_RS06875,CGTRNA_RS06865,0,0.09674100577831268,0.065100759267807,0.12484828382730484,0.0819302573800087,0.046052996069192886,0.18028254806995392,0.08918529003858566,0.09198931604623795,0.08885890990495682,0.13876156508922577,0.10037509314715862,0
CGTRNA_RS06865,CGTRNA_RS06840,0,0.0016338907880708575,0.0019321120344102383,0.0018078965367749333,0.0032195968087762594,0.0009239409700967371,0.0017332143615931273,0.0014596037799492478,0.0017144415760412812,0.0035300159361213446,0.0006411380018107593,0.0018595850793644785,0
CGTRNA_RS06840,CGTRNA_RS06835,1,0.9898236989974976,0.9761263728141785,0.9667155742645264,0.9840007424354553,0.9789478778839111,0.9763298630714417,0.9922227263450623,0.9818799495697021,0.9611959457397461,0.9686971306800842,0.9775939881801605,1
CGTRNA_RS06835,CGTRNA_RS06830,1,0.9893218278884888,0.9905325770378113,0.9628780484199524,0.9688728451728821,0.9788581728935242,0.9834527373313904,0.9753564596176147,0.9801373481750488,0.9725273251533508,0.9924679398536682,0.9794405281543732,1
CGTRNA_RS06830,CGTRNA_RS06825,1,0.9714401960372925,0.9802207946777344,0.9484727382659912,0.9767476916313171,0.9689812064170837,0.9578978419303894,0.9688409566879272,0.632287859916687,0.962005615234375,0.9811375737190247,0.9348032474517822,1
CGTRNA_RS06825,CGTRNA_RS06820,0,0.3821887671947479,0.3185581862926483,0.4684268534183502,0.5424151420593262,0.6892955303192139,0.3139742910861969,0.2520730793476105,0.5570410490036011,0.14613384008407593,0.4148879945278168,0.4084994733333588,0
CGTRNA_RS06820,CGTRNA_RS06815,0,0.9921973943710327,0.9833369851112366,0.9680216312408447,0.9802160263061523,0.9862225651741028,0.9736166596412659,0.9926892518997192,0.9802266359329224,0.9695972204208374,0.9733112454414368,0.9799435615539551,1
CGTRNA_RS06815,CGTRNA_RS06785,0,0.0012630574638023973,0.00167979602701962,0.002150783548131585,0.0027913646772503853,0.0005965803866274655,0.000784417730756104,0.000738486647605896,0.0025449597742408514,0.0031807597260922194,0.0009850261267274618,0.0016715232108253987,0
CGTRNA_RS06755,CGTRNA_RS06745,0,0.2551228404045105,0.021171657368540764,0.14939351379871368,0.17057915031909943,0.17097128927707672,0.15527379512786865,0.04264959692955017,0.2394542694091797,0.3329494893550873,0.26822906732559204,0.18057946693152188,0
CGTRNA_RS06745,CGTRNA_RS06740,1,0.9887167811393738,0.9941384792327881,0.9850476980209351,0.9839504361152649,0.9871466755867004,0.9914427995681763,0.9859818816184998,0.9874840974807739,0.9921160340309143,0.9883066415786743,0.9884331524372101,1
CGTRNA_RS06740,CGTRNA_RS06735,0,0.7928150296211243,0.7326707243919373,0.7821651697158813,0.8021906018257141,0.8851592540740967,0.8637546300888062,0.7904550433158875,0.8827905654907227,0.7082423567771912,0.8378400802612305,0.8078083455562591,1
CGTRNA_RS06735,CGTRNA_RS06730,0,0.7192724347114563,0.43436726927757263,0.44621121883392334,0.46621301770210266,0.38808122277259827,0.3185576796531677,0.41375330090522766,0.4148479700088501,0.2712736129760742,0.3968559205532074,0.426943364739418,0
CGTRNA_RS06670,CGTRNA_RS06665,0,0.03719622641801834,0.03136876970529556,0.05878378078341484,0.05967140197753906,0.04421919956803322,0.031449273228645325,0.061119332909584045,0.014128783717751503,0.06531183421611786,0.02246355637907982,0.04257121589034796,0
CGTRNA_RS06665,CGTRNA_RS06655,0,0.08754609525203705,0.041468795388936996,0.10165347903966904,0.08345618844032288,0.030380722135305405,0.23491781949996948,0.11501382291316986,0.18737219274044037,0.061091288924217224,0.09114465862512589,0.10340450629591942,0
CGTRNA_RS06655,CGTRNA_RS06650,1,0.9883530735969543,0.989408016204834,0.974089503288269,0.9815457463264465,0.9755618572235107,0.9840294718742371,0.9859522581100464,0.9889281988143921,0.9825142025947571,0.9892285466194153,0.9839610874652862,1
CGTRNA_RS06650,CGTRNA_RS06645,1,0.9930644631385803,0.9956263303756714,0.9833891987800598,0.9887330532073975,0.9918174147605896,0.9914679527282715,0.9515188932418823,0.9934514760971069,0.9823232889175415,0.9931265115737915,0.9864518582820893,1
CGTRNA_RS06645,CGTRNA_RS06605,0,0.0022409840021282434,0.0020183336455374956,0.0012970003299415112,0.00305142137221992,0.0007296247058548033,0.0007869981927797198,0.0011651215609163046,0.0029387297108769417,0.0024179609026759863,0.0010291807120665908,0.0017675355134997516,0
CGTRNA_RS06605,CGTRNA_RS06585,0,0.029501261189579964,0.02461949549615383,0.022007055580615997,0.01370008010417223,0.008222118951380253,0.06372813135385513,0.03618840128183365,0.022569827735424042,0.030618388205766678,0.014432264491915703,0.02655870243906975,0
CGTRNA_RS06585,CGTRNA_RS06570,0,0.00786326453089714,0.004683009348809719,0.007746805436909199,0.010129760950803757,0.008780494332313538,0.023826420307159424,0.007445376832038164,0.04482794553041458,0.04786211997270584,0.017800886183977127,0.01809660834260285,0
CGTRNA_RS06570,CGTRNA_RS06560,0,0.28478536009788513,0.12570929527282715,0.09395385533571243,0.11785531044006348,0.15526148676872253,0.4097062945365906,0.12681856751441956,0.06516100466251373,0.13681519031524658,0.12093297392129898,0.163699933886528,0
CGTRNA_RS06560,CGTRNA_RS06555,0,0.9619945883750916,0.9526644945144653,0.9319210052490234,0.948158860206604,0.9387478828430176,0.9032973647117615,0.9302660226821899,0.5639271140098572,0.7811228632926941,0.9336552619934082,0.8845755457878113,1
CGTRNA_RS06555,CGTRNA_RS06550,0,0.5222002863883972,0.5369027853012085,0.26120448112487793,0.3864589333534241,0.12631604075431824,0.4037667512893677,0.7306683659553528,0.5711989998817444,0.7077817320823669,0.4234103858470917,0.46699087619781493,0
CGTRNA_RS06550,CGTRNA_RS06540,0,0.24915343523025513,0.17736023664474487,0.39245957136154175,0.35828760266304016,0.20439711213111877,0.24366414546966553,0.6388222575187683,0.3698926866054535,0.5305083990097046,0.24438676238059998,0.34089322090148927,0
CGTRNA_RS06475,CGTRNA_RS06470,0,0.26695024967193604,0.5381854772567749,0.4098833501338959,0.4933418333530426,0.4721987843513489,0.2620052695274353,0.44484609365463257,0.37565234303474426,0.40566423535346985,0.3416301906108856,0.4010357826948166,0
CGTRNA_RS06470,CGTRNA_RS06465,1,0.991550624370575,0.9827464818954468,0.9623384475708008,0.9843183755874634,0.9747242331504822,0.9764094352722168,0.9925628900527954,0.9679124355316162,0.9703829288482666,0.9746060967445374,0.97775519490242,1
CGTRNA_RS06465,CGTRNA_RS06455,0,0.006291965488344431,0.002621394582092762,0.0068861194886267185,0.007920783944427967,0.015601718798279762,0.00655878521502018,0.008757475763559341,0.026517020538449287,0.03385888412594795,0.01948085054755211,0.013449499849230051,0
CGTRNA_RS06455,CGTRNA_RS06430,0,0.003684681374579668,0.0014841294614598155,0.005805233959108591,0.005724210292100906,0.001305106794461608,0.0028982784133404493,0.0034180977381765842,0.004908264614641666,0.006745031103491783,0.006231858395040035,0.00422048921464011,0
CGTRNA_RS06345,CGTRNA_RS06340,1,0.6966934204101562,0.6753203272819519,0.689822793006897,0.8853468894958496,0.5531541109085083,0.612269937992096,0.7962617874145508,0.7323583364486694,0.6788980960845947,0.5912821888923645,0.6911407887935639,1
CGTRNA_RS06340,CGTRNA_RS06335,1,0.9761726260185242,0.9821714758872986,0.9685790538787842,0.984742283821106,0.9798400402069092,0.9790622591972351,0.960750162601471,0.9742669463157654,0.9727113246917725,0.9777818322181702,0.9756078004837037,1
CGTRNA_RS06335,CGTRNA_RS06320,0,0.01670685037970543,0.020890234038233757,0.030874740332365036,0.02290567196905613,0.008743256330490112,0.024728789925575256,0.011740859597921371,0.01653904840350151,0.016786938533186913,0.00763530982658267,0.01775516993366182,0
CGTRNA_RS06320,CGTRNA_RS06310,0,0.04542112722992897,0.03809268772602081,0.06951896846294403,0.054171379655599594,0.015201692469418049,0.06782633066177368,0.030691809952259064,0.0356547012925148,0.08713949471712112,0.10017432272434235,0.05438925148919225,0
CGTRNA_RS06310,CGTRNA_RS06245,0,0.0009904135949909687,0.0002470177423674613,0.0006961693288758397,0.0014021045062690973,0.00014690875832457095,0.0004716848488897085,0.0005274462164379656,0.0003358489484526217,0.0009743288392201066,0.0007160156965255737,0.0006507938480353915,0
CGTRNA_RS06245,CGTRNA_RS06225,0,0.004796799272298813,0.000591826275922358,0.0034018312580883503,0.0019179683877155185,0.0009982469491660595,0.0027871415950357914,0.007253686431795359,0.0032541940454393625,0.005463089793920517,0.004489629063755274,0.00349544130731374,0
CGTRNA_RS06225,CGTRNA_RS06215,0,0.014757080934941769,0.021132592111825943,0.017899446189403534,0.018871929496526718,0.008243478834629059,0.010562406852841377,0.011507254093885422,0.00271000899374485,0.020288197323679924,0.020093757659196854,0.014606615249067544,0
CGTRNA_RS06215,CGTRNA_RS06210,1,0.929764986038208,0.7857561111450195,0.9137570261955261,0.9435883164405823,0.9077198505401611,0.8649908304214478,0.9752151966094971,0.7354196906089783,0.8196356892585754,0.9021072387695312,0.8777954936027527,1
CGTRNA_RS06210,CGTRNA_RS06190,0,0.0033287578262388706,0.0012063357280567288,0.006884896196424961,0.00383676216006279,0.0007418115856125951,0.007754894904792309,0.004461544565856457,0.029124107211828232,0.015434809029102325,0.006795432884246111,0.007956935209222138,0
CGTRNA_RS06190,CGTRNA_RS06185,1,0.9791242480278015,0.9688931703567505,0.9518829584121704,0.9774304628372192,0.9721713066101074,0.9745877981185913,0.9683955907821655,0.9807390570640564,0.9571326971054077,0.9824495315551758,0.9712806820869446,1
CGTRNA_RS06185,CGTRNA_RS06175,0,0.044765863567590714,0.017255831509828568,0.03917847201228142,0.04002648591995239,0.0037786306347697973,0.06463464349508286,0.040792565792798996,0.1624547243118286,0.030374113470315933,0.02590341307222843,0.04691647437866777,0
CGTRNA_RS06175,CGTRNA_RS06170,1,0.9903622269630432,0.9948854446411133,0.9919578433036804,0.9976113438606262,0.9912809133529663,0.9902111291885376,0.9915929436683655,0.9910322427749634,0.9895435571670532,0.9743116497993469,0.9902789294719696,1
CGTRNA_RS06130,CGTRNA_RS06125,1,0.9831752777099609,0.9826806783676147,0.9745196104049683,0.9775943756103516,0.9649810194969177,0.9730232954025269,0.9754595756530762,0.9823009967803955,0.9804567098617554,0.9799714684486389,0.9774163007736206,1
CGTRNA_RS06125,CGTRNA_RS06090,0,0.022460302338004112,0.002724330872297287,0.006719057448208332,0.01323867216706276,0.0030186495278030634,0.03543360158801079,0.0155735332518816,0.005832676775753498,0.01070320699363947,0.014319468289613724,0.013002349925227464,0
CGTRNA_RS06090,CGTRNA_RS05995,0,0.0004287139163352549,0.0003070991369895637,0.0011100326664745808,0.001130887190811336,7.266220927704126e-05,0.0005306609091348946,0.0004178959352429956,0.002125909784808755,0.0005087460158392787,0.0004837437008973211,0.0007116351465811021,0
CGTRNA_RS05995,CGTRNA_RS05990,1,0.5993698835372925,0.4784512519836426,0.5743703246116638,0.817871630191803,0.5218159556388855,0.4513196349143982,0.7804967761039734,0.4973994195461273,0.5974252820014954,0.47516128420829773,0.5793681442737579,1
CGTRNA_RS05990,CGTRNA_RS05985,0,0.20400090515613556,0.30703774094581604,0.1261739283800125,0.2861918807029724,0.10545003414154053,0.34005388617515564,0.30865931510925293,0.6896636486053467,0.21175000071525574,0.12467483431100845,0.27036561742424964,0
CGTRNA_RS05985,CGTRNA_RS05980,1,0.9708091020584106,0.9911232590675354,0.9705682396888733,0.9941429495811462,0.9820811748504639,0.965734601020813,0.9913467168807983,0.990618109703064,0.9753106236457825,0.9534909725189209,0.9785225749015808,1
CGTRNA_RS05980,CGTRNA_RS05975,0,0.6657822728157043,0.3116089403629303,0.3827234208583832,0.6075512766838074,0.6422115564346313,0.36914724111557007,0.5442878007888794,0.5447717905044556,0.5868520140647888,0.3245934545993805,0.4979529768228531,0
CGTRNA_RS05975,CGTRNA_RS05970,1,0.9837589859962463,0.9892941117286682,0.9826428294181824,0.9923105835914612,0.9830203652381897,0.9860535264015198,0.9327441453933716,0.9872845411300659,0.97614985704422,0.9814624190330505,0.9794721364974975,1
CGTRNA_RS05970,CGTRNA_RS05965,0,0.8533380031585693,0.841227650642395,0.8128237724304199,0.7889666557312012,0.8486807942390442,0.8070416450500488,0.5546211004257202,0.9419010281562805,0.6917018294334412,0.8711673021316528,0.8011469781398773,1
CGTRNA_RS05965,CGTRNA_RS05955,0,0.1266445517539978,0.12990979850292206,0.11665698885917664,0.16563257575035095,0.034770313650369644,0.15871329605579376,0.29792532324790955,0.2191850244998932,0.17149612307548523,0.05189924314618111,0.147283323854208,0
CGTRNA_RS05955,CGTRNA_RS05950,1,0.9920926094055176,0.9829629063606262,0.9780077338218689,0.9847007989883423,0.9811146855354309,0.9900797009468079,0.9853406548500061,0.9840505123138428,0.9818772673606873,0.9861702919006348,0.9846397161483764,1
CGTRNA_RS05950,CGTRNA_RS05945,1,0.9741187691688538,0.9767903089523315,0.9453972578048706,0.9812424182891846,0.9791567921638489,0.9831054210662842,0.9898567795753479,0.9838818907737732,0.971059262752533,0.9509959816932678,0.9735604882240295,1
CGTRNA_RS05945,CGTRNA_RS05940,1,0.9925477504730225,0.9926815629005432,0.9875991940498352,0.992356538772583,0.9926429986953735,0.9916960000991821,0.9796341061592102,0.9925022721290588,0.98216313123703,0.9871127009391785,0.9890936255455017,1
CGTRNA_RS05940,CGTRNA_RS05935,1,0.993739128112793,0.994804322719574,0.9859240651130676,0.9832821488380432,0.9916908144950867,0.9911255240440369,0.9888806343078613,0.9924459457397461,0.9894015192985535,0.9942944645881653,0.9905588567256928,1
CGTRNA_RS05935,CGTRNA_RS05930,0,0.21421383321285248,0.049135126173496246,0.3347007930278778,0.18959996104240417,0.14325599372386932,0.07706143707036972,0.21797442436218262,0.03797642141580582,0.06474873423576355,0.06590563803911209,0.13945723623037337,0
CGTRNA_RS05930,CGTRNA_RS05910,0,0.0022640530951321125,0.000682483019772917,0.002798453439027071,0.0020614699460566044,0.001012922846712172,0.004218679387122393,0.0023758779279887676,0.011216005310416222,0.012878821231424809,0.005041368305683136,0.00445501345093362,0
CGTRNA_RS05865,CGTRNA_RS05850,0,0.011868638917803764,0.008591970428824425,0.022800445556640625,0.018294377252459526,0.0020882445387542248,0.018073974177241325,0.01999112404882908,0.0026608773041516542,0.007861670106649399,0.015562711283564568,0.012779403361491859,0
CGTRNA_RS05850,CGTRNA_RS05815,0,0.0030988582875579596,0.009525233879685402,0.001824450446292758,0.0051921214908361435,0.010092944838106632,0.008259200491011143,0.004631718620657921,0.00038000804488547146,0.004316880367696285,0.0014191942755132914,0.004874061074224301,0
CGTRNA_RS05815,CGTRNA_RS05810,1,0.8273365497589111,0.7724303603172302,0.9304813742637634,0.9434047341346741,0.9008764028549194,0.862555205821991,0.8810931444168091,0.2315223067998886,0.5142096877098083,0.7561061978340149,0.762001596391201,1
CGTRNA_RS05810,CGTRNA_RS05805,0,0.8056628108024597,0.5661916732788086,0.6184284090995789,0.7112997174263,0.8010732531547546,0.6335530877113342,0.8053151369094849,0.37384679913520813,0.6659584045410156,0.45092010498046875,0.6432249397039413,1
CGTRNA_RS05805,CGTRNA_RS05785,0,0.004041711799800396,0.009209943003952503,0.0053597623482346535,0.00524091674014926,0.0037014561239629984,0.012009771540760994,0.006795027758926153,0.0028124472592025995,0.009210537187755108,0.004067436326295137,0.006244901008903981,0
CGTRNA_RS05785,CGTRNA_RS05775,0,0.004877849481999874,0.002090648515149951,0.006538650952279568,0.00538736954331398,0.0006865181494504213,0.0024545195046812296,0.004069535061717033,0.010397269390523434,0.00473050819709897,0.004284622147679329,0.004551749094389379,0
CGTRNA_RS05775,CGTRNA_RS05765,0,0.022910872474312782,0.01657252572476864,0.04117778688669205,0.019397767260670662,0.004931780509650707,0.04898332059383392,0.0803181529045105,0.05187102407217026,0.01817917637526989,0.015426630154252052,0.031976903695613144,0
CGTRNA_RS05765,CGTRNA_RS05760,1,0.9849245548248291,0.9806481003761292,0.9728231430053711,0.9877601265907288,0.9806281328201294,0.9709236025810242,0.9866693019866943,0.9743140935897827,0.9370707869529724,0.9537330269813538,0.9729494869709014,1
CGTRNA_RS05700,CGTRNA_RS05685,0,0.012371398508548737,0.031184183433651924,0.02747310698032379,0.016098855063319206,0.02071867324411869,0.03846617415547371,0.021401459351181984,0.02501302771270275,0.025897059589624405,0.008720166981220245,0.022734410502016543,0
CGTRNA_RS05685,CGTRNA_RS05665,0,0.0016653086058795452,0.001849295338615775,0.004076285287737846,0.003932498395442963,0.0012678499333560467,0.006172246299684048,0.0018544129561632872,0.0013689849292859435,0.0028465413488447666,0.0016707892064005136,0.0026704212301410734,0
CGTRNA_RS05665,CGTRNA_RS05660,1,0.9886004328727722,0.9877651929855347,0.9609668254852295,0.9866284728050232,0.9735504388809204,0.9809811115264893,0.9869703054428101,0.9719198942184448,0.9758811593055725,0.9770593643188477,0.9790323197841644,1
CGTRNA_RS05660,CGTRNA_RS05655,1,0.9765666723251343,0.966701090335846,0.968794047832489,0.9885841608047485,0.9805110692977905,0.9490648508071899,0.9373582601547241,0.9615805149078369,0.9369646906852722,0.983117938041687,0.9649243295192719,1
CGTRNA_RS05655,CGTRNA_RS05650,1,0.5721008777618408,0.2806542217731476,0.7716633081436157,0.6109510064125061,0.69393390417099,0.4705866277217865,0.5871080160140991,0.462321937084198,0.8674741983413696,0.7581357955932617,0.6074929893016815,1
CGTRNA_RS05650,CGTRNA_RS05645,1,0.7560681700706482,0.8538706302642822,0.6603233218193054,0.9289202094078064,0.684314489364624,0.8397563695907593,0.8886888027191162,0.2945973575115204,0.6150622367858887,0.4839787483215332,0.7005580335855484,1
CGTRNA_RS05645,CGTRNA_RS05630,0,0.04254329949617386,0.011724847368896008,0.051897455006837845,0.030111083760857582,0.01444452628493309,0.05950981751084328,0.058063164353370667,0.031736113131046295,0.09120456874370575,0.04104037210345268,0.0432275247760117,0
CGTRNA_RS05630,CGTRNA_RS05625,1,0.9880046844482422,0.9802886843681335,0.9480149149894714,0.9768294095993042,0.974636971950531,0.9689335823059082,0.9910441637039185,0.9675491452217102,0.9704843163490295,0.9334341883659363,0.9699220061302185,1
CGTRNA_RS05625,CGTRNA_RS05620,1,0.6301048398017883,0.6123436689376831,0.6086112856864929,0.789386510848999,0.5502688884735107,0.5634580254554749,0.9241495728492737,0.7200720906257629,0.5914146304130554,0.5089159607887268,0.6498725473880768,1
CGTRNA_RS05620,CGTRNA_RS05600,0,0.002931763418018818,0.0023935907520353794,0.005434961523860693,0.004629924893379211,0.0012077763676643372,0.004975298885256052,0.005747619085013866,0.017330531030893326,0.012868931517004967,0.005686370190232992,0.006320676766335964,0
CGTRNA_RS05600,CGTRNA_RS05590,0,0.010056241415441036,0.0011489733587950468,0.028087692335247993,0.006434607785195112,0.0033883790019899607,0.007534576579928398,0.0244925357401371,0.020284602418541908,0.017340902239084244,0.021858181804418564,0.014062669267877937,0
CGTRNA_RS05590,CGTRNA_RS05585,1,0.9773263931274414,0.9417863488197327,0.922150194644928,0.9463523626327515,0.923711359500885,0.9335939884185791,0.956095278263092,0.849541187286377,0.8827164769172668,0.9661036133766174,0.9299377202987671,1
CGTRNA_RS05585,CGTRNA_RS05545,0,0.003500851336866617,0.0009636218310333788,0.0035979149397462606,0.003281238954514265,0.0007228198228403926,0.0018808069871738553,0.002172171836718917,0.005209464114159346,0.004158746916800737,0.0027543078176677227,0.002824194455752149,0
CGTRNA_RS05545,CGTRNA_RS05540,1,0.9332918524742126,0.8278436660766602,0.8968844413757324,0.9727516770362854,0.875299870967865,0.8853442668914795,0.9610998034477234,0.7520096302032471,0.8487114906311035,0.8305500745773315,0.8783786773681641,1
CGTRNA_RS05540,CGTRNA_RS05535,1,0.9678057432174683,0.9883419871330261,0.9458591341972351,0.9822446703910828,0.9529512524604797,0.976040244102478,0.9614169597625732,0.9840332269668579,0.9900324940681458,0.9400131106376648,0.9688738822937012,1
CGTRNA_RS05535,CGTRNA_RS05490,0,0.00095652713207528,0.0006667989073321223,0.0026114985812455416,0.0024927479680627584,0.00020913519256282598,0.0008917591185308993,0.0007471843855455518,0.00115032191388309,0.0015281965024769306,0.0019365408224985003,0.00131907105242135,0
CGTRNA_RS05490,CGTRNA_RS05485,1,0.9868980646133423,0.9932295083999634,0.9730788469314575,0.988616943359375,0.9797314405441284,0.9845484495162964,0.9732065200805664,0.9838303327560425,0.9786064028739929,0.9856824278831482,0.9827428936958313,1
CGTRNA_RS05485,CGTRNA_RS05475,0,0.014966504648327827,0.0028067464008927345,0.026897072792053223,0.03280946612358093,0.004711173474788666,0.023930033668875694,0.027152959257364273,0.010126205161213875,0.012216368690133095,0.012153061106801033,0.016776959132403135,0
CGTRNA_RS05475,CGTRNA_RS05470,1,0.7553667426109314,0.6229937076568604,0.5543883442878723,0.7344340085983276,0.6621498465538025,0.6240715384483337,0.930027425289154,0.6459420323371887,0.5680635571479797,0.4864472448825836,0.6583884447813034,1
CGTRNA_RS05470,CGTRNA_RS05465,1,0.9870463013648987,0.9930549263954163,0.9720520973205566,0.9874970316886902,0.9874017834663391,0.9894777536392212,0.9532749056816101,0.9881794452667236,0.9741963744163513,0.9808142781257629,0.981299489736557,1
CGTRNA_RS05465,CGTRNA_RS05445,0,0.013010885566473007,0.013425450772047043,0.012897158972918987,0.011047032661736012,0.004097085911780596,0.008375576697289944,0.007053164299577475,0.0023235357366502285,0.006757535971701145,0.006098243873566389,0.008508567046374083,0
CGTRNA_RS05445,CGTRNA_RS05440,1,0.3726227581501007,0.32885241508483887,0.45453354716300964,0.5548058748245239,0.33643391728401184,0.3810805380344391,0.694364607334137,0.3023422062397003,0.25750917196273804,0.4009582996368408,0.408350333571434,0
CGTRNA_RS05440,CGTRNA_RS05430,0,0.07925005257129669,0.03451564908027649,0.17380402982234955,0.104346364736557,0.11611533164978027,0.058897506445646286,0.20436015725135803,0.17226192355155945,0.09172581136226654,0.1524306833744049,0.11877075098454952,0
CGTRNA_RS05430,CGTRNA_RS05425,1,0.9732446670532227,0.9781101942062378,0.952820360660553,0.9800991415977478,0.969550371170044,0.9606717228889465,0.9730286002159119,0.9829708933830261,0.9762550592422485,0.9670441150665283,0.9713795125484467,1
CGTRNA_RS05425,CGTRNA_RS05390,0,0.0025234301574528217,0.0007049264386296272,0.0018145502544939518,0.0032569821923971176,0.0008834245381876826,0.0008893479243852198,0.0010689806658774614,0.004270711448043585,0.0034195464104413986,0.0026883191894739866,0.0021520219219382853,0
CGTRNA_RS05390,CGTRNA_RS05385,0,0.9849542379379272,0.987079381942749,0.9919511079788208,0.9923365116119385,0.9897436499595642,0.992946445941925,0.9800946116447449,0.9939389228820801,0.9816110134124756,0.9903752207756042,0.9885031104087829,1
CGTRNA_RS05385,CGTRNA_RS05370,0,0.06955834478139877,0.13125896453857422,0.18281933665275574,0.13300541043281555,0.03534623980522156,0.16949217021465302,0.0824742540717125,0.02920427732169628,0.08394849300384521,0.09291055798530579,0.10100180488079787,0
CGTRNA_RS05370,CGTRNA_RS05365,1,0.9859426617622375,0.9888075590133667,0.9566489458084106,0.9806815385818481,0.9799358248710632,0.9766156077384949,0.9877960085868835,0.9900985956192017,0.9748095870018005,0.9832736849784851,0.9804610013961792,1
CGTRNA_RS05365,CGTRNA_RS05360,1,0.8343730568885803,0.8358492851257324,0.8662599921226501,0.8698372840881348,0.9400049448013306,0.7481994032859802,0.8535947799682617,0.8467814922332764,0.8498690128326416,0.806063711643219,0.8450832962989807,1
CGTRNA_RS05360,CGTRNA_RS05350,0,0.008692874573171139,0.011446939781308174,0.018153421580791473,0.009915855713188648,0.008938668295741081,0.028729043900966644,0.012031699530780315,0.0031749519985169172,0.032133590430021286,0.012449471279978752,0.014566651708446444,0
CGTRNA_RS05350,CGTRNA_RS05345,1,0.9854435324668884,0.9877172708511353,0.9770110249519348,0.9776023030281067,0.9823979735374451,0.979310929775238,0.9843043088912964,0.9497113227844238,0.9746675491333008,0.9796950817108154,0.9777861297130584,1
CGTRNA_RS05345,CGTRNA_RS05340,1,0.9801926612854004,0.9921560287475586,0.9736875295639038,0.989744246006012,0.9842203259468079,0.9891648888587952,0.9855378866195679,0.9896566867828369,0.9807119369506836,0.9838557839393616,0.9848927974700927,1
CGTRNA_RS05340,CGTRNA_RS05335,1,0.9849557876586914,0.9811102151870728,0.932032585144043,0.9731131792068481,0.9779762625694275,0.9685245752334595,0.9908765554428101,0.9448289275169373,0.9689650535583496,0.899889349937439,0.9622272491455078,1
CGTRNA_RS05335,CGTRNA_RS05320,0,0.007102482486516237,0.011723379604518414,0.03516395017504692,0.015313228592276573,0.0034745996817946434,0.056647010147571564,0.005392697639763355,0.028157398104667664,0.011842295527458191,0.006534532643854618,0.01813515746034682,0
CGTRNA_RS05320,CGTRNA_RS05310,0,0.033047888427972794,0.003277693409472704,0.021051758900284767,0.029888682067394257,0.0021705147810280323,0.01879979856312275,0.017621789127588272,0.019526708871126175,0.030639907345175743,0.019181983545422554,0.019520672503858805,0
CGTRNA_RS05310,CGTRNA_RS05285,0,0.003877467941492796,0.0005307515384629369,0.005378021392971277,0.005459955893456936,0.0013798652216792107,0.0021931221708655357,0.0025344952009618282,0.0009046975173987448,0.0035393673460930586,0.002673036651685834,0.002847078087506816,0
CGTRNA_RS05285,CGTRNA_RS05280,1,0.9869285225868225,0.9894330501556396,0.9824827909469604,0.989977240562439,0.9820395112037659,0.9880613088607788,0.982809841632843,0.9861738085746765,0.9692566990852356,0.991370439529419,0.984853321313858,1
CGTRNA_RS05245,CGTRNA_RS05225,0,0.004169795196503401,0.0008393535390496254,0.0036276625469326973,0.006596086546778679,0.0010269744088873267,0.0019143987447023392,0.0028009642846882343,0.0025313415098935366,0.0043604071252048016,0.0030594102572649717,0.0030926394159905613,0
CGTRNA_RS05170,CGTRNA_RS05145,0,0.0035910625010728836,0.001691949088126421,0.004074806347489357,0.0043089864775538445,0.0008198532741516829,0.002343618543818593,0.0033954293467104435,0.006560099311172962,0.008173965848982334,0.004328180104494095,0.003928795084357261,0
CGTRNA_RS05145,CGTRNA_RS05140,0,0.41721850633621216,0.16150148212909698,0.27458447217941284,0.35656195878982544,0.18406005203723907,0.30206099152565,0.4758588373661041,0.17266051471233368,0.21282948553562164,0.1725841760635376,0.27299204766750335,0
CGTRNA_RS05140,CGTRNA_RS05135,1,0.9832136631011963,0.9949858784675598,0.9710326194763184,0.9904271364212036,0.9886336922645569,0.9873736500740051,0.9523287415504456,0.9900604486465454,0.9769068360328674,0.968832790851593,0.9803795456886292,1
CGTRNA_RS05135,CGTRNA_RS05130,0,0.44549503922462463,0.3838004767894745,0.23812827467918396,0.34415459632873535,0.08219634741544724,0.3120396137237549,0.5133563876152039,0.5754711031913757,0.32747599482536316,0.40562453866004944,0.36277423724532126,0
CGTRNA_RS05130,CGTRNA_RS05125,1,0.710071861743927,0.555884599685669,0.5772121548652649,0.8012241721153259,0.6967278122901917,0.8022199273109436,0.8086099624633789,0.48601698875427246,0.551727294921875,0.6683449745178223,0.665803974866867,1
CGTRNA_RS05125,CGTRNA_RS05115,0,0.03568112850189209,0.004510988015681505,0.025632219389081,0.01835383102297783,0.010516470298171043,0.030052825808525085,0.05945662036538124,0.02583497390151024,0.037918366491794586,0.028951246291399002,0.027690867008641363,0
CGTRNA_RS05115,CGTRNA_RS05110,1,0.961887776851654,0.9874576926231384,0.967236340045929,0.9882621169090271,0.9710853695869446,0.9681474566459656,0.9425967931747437,0.9798946380615234,0.9899674654006958,0.9853929281234741,0.9741928577423096,1
CGTRNA_RS05110,CGTRNA_RS05105,1,0.9183135032653809,0.9315431118011475,0.9285163879394531,0.9611961841583252,0.9185290336608887,0.8254915475845337,0.878171443939209,0.9539536833763123,0.9332056045532227,0.9209330081939697,0.9169853508472443,1
CGTRNA_RS05105,CGTRNA_RS05100,0,0.4737366735935211,0.6162769198417664,0.5445658564567566,0.7088954448699951,0.32043731212615967,0.4912111461162567,0.7516388297080994,0.34256333112716675,0.445679634809494,0.3600189983844757,0.5055024147033691,1
CGTRNA_RS05100,CGTRNA_RS05090,0,0.12293838709592819,0.034652989357709885,0.06168466433882713,0.1590641885995865,0.030798785388469696,0.13968662917613983,0.2610235810279846,0.04259252920746803,0.07242826372385025,0.034728359431028366,0.09595983773469925,0
CGTRNA_RS05090,CGTRNA_RS05065,0,0.006441568490117788,0.008710067719221115,0.007659681607037783,0.00692015141248703,0.01430064719170332,0.023346446454524994,0.013137198984622955,0.005452671553939581,0.022513655945658684,0.006864853203296661,0.011534694256260991,0
CGTRNA_RS05045,CGTRNA_RS05030,0,0.01995871216058731,0.02636685036122799,0.03742966055870056,0.04181681573390961,0.04542456567287445,0.017749488353729248,0.03354595601558685,0.01898907870054245,0.03033149428665638,0.028278831392526627,0.02998914532363415,0
CGTRNA_RS05030,CGTRNA_RS05025,1,0.9885308742523193,0.9914739727973938,0.9738839864730835,0.9880933165550232,0.9822009801864624,0.9866710305213928,0.9809666872024536,0.9921973943710327,0.9805685877799988,0.9658872485160828,0.9830474078655242,1
CGTRNA_RS05025,CGTRNA_RS05020,1,0.9919740557670593,0.9867806434631348,0.9624747037887573,0.9759626388549805,0.9824389815330505,0.9753198027610779,0.9925651550292969,0.9729395508766174,0.98182213306427,0.912765622138977,0.9735043287277222,1
CGTRNA_RS05020,CGTRNA_RS05015,1,0.9804829955101013,0.9783608317375183,0.9341824650764465,0.9696366190910339,0.9790756702423096,0.9683326482772827,0.9902305006980896,0.9447597861289978,0.9686543941497803,0.8652426600456238,0.9578958570957183,1
CGTRNA_RS05015,CGTRNA_RS05000,0,0.027089666575193405,0.01741284504532814,0.02436177060008049,0.026104150339961052,0.01182082761079073,0.04966673627495766,0.0359065942466259,0.0842168852686882,0.008235771209001541,0.013651415705680847,0.029846666287630795,0
CGTRNA_RS05000,CGTRNA_RS04980,0,0.0006163048092275858,0.001110540353693068,0.001610070699825883,0.0012802333803847432,0.0002868710143957287,0.0006630701245740056,0.0008366386173292994,0.000957968644797802,0.003314882516860962,0.0003368054167367518,0.001101338557782583,0
CGTRNA_RS04945,CGTRNA_RS04940,1,0.9782772064208984,0.9812726974487305,0.9660567045211792,0.9569460153579712,0.9603607654571533,0.9738722443580627,0.948692262172699,0.9881131052970886,0.9823030233383179,0.9526453018188477,0.9688539326190948,1
CGTRNA_RS04875,CGTRNA_RS04870,1,0.20655450224876404,0.21245884895324707,0.34422194957733154,0.40969276428222656,0.2610207200050354,0.24858304858207703,0.3027876019477844,0.3068997263908386,0.12330887466669083,0.15244805812835693,0.25679760947823527,0
CGTRNA_RS04870,CGTRNA_RS04855,0,0.031102117151021957,0.009557323530316353,0.02257828414440155,0.027636682614684105,0.01924457587301731,0.017288409173488617,0.014670007862150669,0.007271484471857548,0.05707686394453049,0.02028723433613777,0.022671298310160636,0
CGTRNA_RS04855,CGTRNA_RS04850,0,0.5002297759056091,0.6176794767379761,0.5685526728630066,0.48500683903694153,0.28916090726852417,0.47131314873695374,0.7465562224388123,0.738116979598999,0.6858949065208435,0.4061734080314636,0.5508684337139129,1
CGTRNA_RS04850,CGTRNA_RS04845,1,0.985079288482666,0.9926270246505737,0.9870577454566956,0.993984043598175,0.9843500852584839,0.9856154322624207,0.9596995115280151,0.9924291372299194,0.9774591326713562,0.9829307794570923,0.9841232180595398,1
CGTRNA_RS04845,CGTRNA_RS04840,0,0.8497917056083679,0.8848574161529541,0.8613786697387695,0.913785994052887,0.9272609353065491,0.8554486632347107,0.8084093332290649,0.7789443135261536,0.8413490056991577,0.8414434790611267,0.8562669515609741,1
CGTRNA_RS04840,CGTRNA_RS04835,1,0.9768986701965332,0.9596396684646606,0.9580130577087402,0.9774119257926941,0.9682246446609497,0.960308313369751,0.9860320687294006,0.980635404586792,0.9453794360160828,0.8883424997329712,0.9600885689258576,1
CGTRNA_RS04835,CGTRNA_RS04815,0,0.013649964705109596,0.004804218653589487,0.013107557781040668,0.013040833175182343,0.002838634653016925,0.0038773277774453163,0.005103666801005602,0.006274596322327852,0.007417804561555386,0.008041669614613056,0.007815627404488623,0
CGTRNA_RS04815,CGTRNA_RS04805,0,0.007657412905246019,0.0028179248329252005,0.007195599377155304,0.011085931211709976,0.0020423370879143476,0.005787767935544252,0.006855594925582409,0.008115135133266449,0.016150424256920815,0.008503982797265053,0.007621211046352982,0
CGTRNA_RS04805,CGTRNA_RS04800,0,0.17049501836299896,0.24538224935531616,0.42936116456985474,0.3694078326225281,0.18053947389125824,0.09716932475566864,0.12564197182655334,0.14010834693908691,0.1567155420780182,0.15467087924480438,0.20694918036460877,0
CGTRNA_RS04800,CGTRNA_RS04790,0,0.047319117933511734,0.009647597558796406,0.07849504798650742,0.03151976689696312,0.00731244683265686,0.050369299948215485,0.13558132946491241,0.22117772698402405,0.08041507750749588,0.08531504124403,0.07471524523571134,0
CGTRNA_RS04790,CGTRNA_RS04740,0,0.0010094786994159222,0.00032106079743243754,0.0006493834080174565,0.0013226628070697188,0.0001541806705063209,0.0007453371654264629,0.001076576067134738,0.00024248380213975906,0.0016283659497275949,0.0003280502569396049,0.0007477579623810015,0
CGTRNA_RS04740,CGTRNA_RS04735,1,0.3263872563838959,0.14377108216285706,0.38047704100608826,0.280073344707489,0.19973546266555786,0.23515282571315765,0.4141162931919098,0.18203026056289673,0.5616243481636047,0.3772015869617462,0.3100569501519203,0
CGTRNA_RS04735,CGTRNA_RS04730,1,0.9870313405990601,0.971943736076355,0.9719017148017883,0.9751592874526978,0.9731842279434204,0.9714664816856384,0.9683409929275513,0.9446192383766174,0.9673948884010315,0.9662197232246399,0.96972616314888,1
CGTRNA_RS04730,CGTRNA_RS04725,1,0.9918399453163147,0.994581401348114,0.9853790402412415,0.9929093718528748,0.9886666536331177,0.9932388663291931,0.9859790802001953,0.993351936340332,0.9802819490432739,0.9899551868438721,0.9896183431148529,1
CGTRNA_RS04725,CGTRNA_RS04715,0,0.03336937353014946,0.010195981711149216,0.039077095687389374,0.04503164440393448,0.008919641375541687,0.03542090579867363,0.04314436390995979,0.01113707385957241,0.02930343896150589,0.012043466791510582,0.026764298602938653,0
CGTRNA_RS04715,CGTRNA_RS04710,0,0.4370262622833252,0.3961719572544098,0.7034317255020142,0.6824510097503662,0.5293008089065552,0.6419783234596252,0.48910826444625854,0.47613367438316345,0.4436526298522949,0.41165947914123535,0.5210914134979248,1
CGTRNA_RS04710,CGTRNA_RS04695,0,0.00363952131010592,0.0013267789036035538,0.008432228118181229,0.01629122719168663,0.002331719035282731,0.00676540145650506,0.004900794941931963,0.03413647413253784,0.012508722022175789,0.0069662719033658504,0.009729913901537657,0
CGTRNA_RS04695,CGTRNA_RS04665,0,0.007032735738903284,0.0031299327965825796,0.006143135484308004,0.010488726198673248,0.003395164618268609,0.01054548192769289,0.008642952889204025,0.0033786860294640064,0.002572320867329836,0.0031477713491767645,0.005847690789960325,0
CGTRNA_RS04640,CGTRNA_RS04635,1,0.9831505417823792,0.9734410047531128,0.9477819800376892,0.9731431007385254,0.9791591167449951,0.9754824042320251,0.9862980246543884,0.9468963742256165,0.9703526496887207,0.8625344038009644,0.9598239600658417,1
CGTRNA_RS04635,CGTRNA_RS04625,0,0.013806955888867378,0.004709096625447273,0.019077487289905548,0.01242923829704523,0.007040109485387802,0.04604252055287361,0.029882967472076416,0.1660478711128235,0.0363379642367363,0.02506978064775467,0.03604439916089177,0
CGTRNA_RS04625,CGTRNA_RS04610,0,0.009186182171106339,0.005776882171630859,0.02667858451604843,0.007507298141717911,0.003564263228327036,0.02474181167781353,0.022003278136253357,0.03333951160311699,0.02468784898519516,0.016517655923962593,0.017400331655517222,0
CGTRNA_RS04610,CGTRNA_RS04590,0,0.006373733747750521,0.005984787829220295,0.005412223283201456,0.009520052932202816,0.004462891723960638,0.0052209533751010895,0.003925341181457043,0.017886191606521606,0.020784512162208557,0.010405627079308033,0.008997631492093205,0
CGTRNA_RS04500,CGTRNA_RS04475,0,0.0020426269620656967,0.0006559553439728916,0.0022563599050045013,0.0027708273846656084,0.00047431481652893126,0.001114039565436542,0.0011467270087450743,0.0012837726389989257,0.003199891885742545,0.0017449561273679137,0.001668947163852863,0
CGTRNA_RS04475,CGTRNA_RS04430,0,0.0011577422264963388,0.0005763040971942246,0.002878322033211589,0.002534245839342475,0.0001048020931193605,0.001643743715249002,0.00094010861357674,0.01109827496111393,0.0036723867524415255,0.002396833850070834,0.002700276418181602,0
CGTRNA_RS04430,CGTRNA_RS04425,1,0.9134982228279114,0.7359275221824646,0.7388361692428589,0.7768590450286865,0.7043091654777527,0.8283393979072571,0.6860011219978333,0.9287880659103394,0.863348126411438,0.8974868059158325,0.8073393642902374,1
CGTRNA_RS04425,CGTRNA_RS04420,1,0.8440201878547668,0.8512864112854004,0.828184187412262,0.7741883993148804,0.9013656973838806,0.8270776271820068,0.767591655254364,0.610466480255127,0.8514494895935059,0.7408162951469421,0.7996446430683136,1
CGTRNA_RS04420,CGTRNA_RS04385,0,0.0004136458155699074,0.00029432334122247994,0.0008658259175717831,0.000775004387833178,5.386947304941714e-05,0.0005020461394451559,0.000489481317345053,0.00043911737157031894,0.0005420836969278753,0.000271807104581967,0.0004647204565117136,0
CGTRNA_RS04385,CGTRNA_RS04380,0,0.9913493990898132,0.9902210235595703,0.9837662577629089,0.9797366857528687,0.9918889403343201,0.9701665043830872,0.9904917478561401,0.975540816783905,0.9833390116691589,0.9485856294631958,0.9805086016654968,1
CGTRNA_RS04380,CGTRNA_RS04375,1,0.24527226388454437,0.07030011713504791,0.1271609365940094,0.24264585971832275,0.09295349568128586,0.11349349468946457,0.2753908932209015,0.05155472829937935,0.19500435888767242,0.07092519104480743,0.14847013391554356,0
CGTRNA_RS04375,CGTRNA_RS04370,1,0.9903108477592468,0.989222526550293,0.9745485782623291,0.9812317490577698,0.9840002655982971,0.9877514243125916,0.9909583926200867,0.9862620830535889,0.9804653525352478,0.9847151637077332,0.9849466383457184,1
CGTRNA_RS04370,CGTRNA_RS04365,1,0.9936541318893433,0.9914389848709106,0.979863166809082,0.9905935525894165,0.9901872873306274,0.9888520836830139,0.9811344146728516,0.9888764023780823,0.9784455299377441,0.9912183880805969,0.9874263942241669,1
CGTRNA_RS04365,CGTRNA_RS04360,1,0.9911998510360718,0.992628812789917,0.9694564938545227,0.9863047003746033,0.9967555999755859,0.9812083840370178,0.877016007900238,0.9686344265937805,0.974021315574646,0.9807210564613342,0.9717946648597717,1
CGTRNA_RS04360,CGTRNA_RS04355,0,0.5964080095291138,0.3910485804080963,0.6993438005447388,0.6205201745033264,0.4254634976387024,0.5233745574951172,0.4612761437892914,0.36630430817604065,0.3129487633705139,0.40171512961387634,0.4798402965068817,0
CGTRNA_RS04355,CGTRNA_RS04350,1,0.981170117855072,0.9627261161804199,0.8084748387336731,0.940369725227356,0.9445992112159729,0.8774327039718628,0.9776101112365723,0.5087669491767883,0.764224112033844,0.9282014966011047,0.8693575382232666,1
CGTRNA_RS04350,CGTRNA_RS04325,0,0.0012814757646992803,0.003538130084052682,0.0022259231191128492,0.002593414159491658,0.0009566798689775169,0.002424314385280013,0.0016018060268834233,0.00038625943125225604,0.0011728599201887846,0.0009155867737717927,0.0017096449533710255,0
CGTRNA_RS04325,CGTRNA_RS04320,1,0.4161073863506317,0.6587556004524231,0.5963113307952881,0.7585227489471436,0.5773642063140869,0.4836627244949341,0.64955735206604,0.41024965047836304,0.6496423482894897,0.7002273201942444,0.5900400668382645,1
CGTRNA_RS04320,CGTRNA_RS04315,0,0.9911392331123352,0.9852350354194641,0.9778097867965698,0.983871579170227,0.9821814298629761,0.9555017948150635,0.991588830947876,0.981042742729187,0.9769389629364014,0.9293414354324341,0.9754650831222534,1
CGTRNA_RS04315,CGTRNA_RS04310,0,0.9822236895561218,0.9776913523674011,0.9757270216941833,0.9776613712310791,0.9723482131958008,0.9322122931480408,0.9849790334701538,0.94847172498703,0.984569251537323,0.9013408422470093,0.9637224793434143,1
CGTRNA_RS04310,CGTRNA_RS04300,0,0.005107992794364691,0.003311602398753166,0.007392733823508024,0.010287591256201267,0.004051432013511658,0.003020785516127944,0.021577782928943634,0.003316389163956046,0.003068953286856413,0.0072060213424265385,0.006834128452464938,0
CGTRNA_RS04300,CGTRNA_RS04295,1,0.3832824230194092,0.415359765291214,0.5329076647758484,0.5896139740943909,0.5421905517578125,0.38897231221199036,0.3180210292339325,0.25882643461227417,0.262034147977829,0.41418012976646423,0.4105388432741165,0
CGTRNA_RS04295,CGTRNA_RS04290,0,0.2574118673801422,0.22229653596878052,0.37380948662757874,0.30783072113990784,0.21229831874370575,0.18699119985103607,0.5283493399620056,0.2303849160671234,0.41563960909843445,0.29412564635276794,0.3029137641191483,0
CGTRNA_RS04290,CGTRNA_RS04285,1,0.9875349402427673,0.9903197288513184,0.9762968420982361,0.9898385405540466,0.9812255501747131,0.9876788854598999,0.9765167236328125,0.9807996153831482,0.968491792678833,0.9865061640739441,0.9825208783149719,1
CGTRNA_RS04280,CGTRNA_RS04260,0,0.006495374254882336,0.0018653336446732283,0.0020306138321757317,0.006035012658685446,0.0042226919904351234,0.006623263470828533,0.003323059296235442,0.000945998472161591,0.002257491694763303,0.0030743232928216457,0.003687316260766238,0
CGTRNA_RS04260,CGTRNA_RS04255,1,0.9480647444725037,0.9629002809524536,0.9367139935493469,0.9779978394508362,0.9419618844985962,0.9293250441551208,0.988609254360199,0.9905382394790649,0.9615950584411621,0.9469967484474182,0.9584703087806702,1
CGTRNA_RS04255,CGTRNA_RS04250,1,0.987790048122406,0.9795619249343872,0.9683794379234314,0.9834727644920349,0.985518753528595,0.969713568687439,0.9920600056648254,0.9819368124008179,0.9714289307594299,0.9543382525444031,0.977420049905777,1
CGTRNA_RS04250,CGTRNA_RS04245,1,0.9897367358207703,0.9912277460098267,0.9811471700668335,0.9831570982933044,0.9878033399581909,0.9905844926834106,0.9840879440307617,0.9840875864028931,0.9816136360168457,0.9826314449310303,0.9856077194213867,1
CGTRNA_RS04230,CGTRNA_RS04225,1,0.42870691418647766,0.3619788587093353,0.5220789313316345,0.423578143119812,0.19119492173194885,0.2772468328475952,0.7079546451568604,0.6476059556007385,0.6015751361846924,0.5113838911056519,0.4673304229974747,0
CGTRNA_RS04225,CGTRNA_RS04205,0,0.008393829688429832,0.0010263266740366817,0.010067697614431381,0.010015717707574368,0.003574325004592538,0.008989717811346054,0.00305412826128304,0.015013056807219982,0.02352391555905342,0.011361815966665745,0.009502053109463305,0
CGTRNA_RS04205,CGTRNA_RS04185,0,0.002585211070254445,0.0014183579478412867,0.005989827681332827,0.0036748650018125772,0.0011180391302332282,0.0017917259829118848,0.0021337810903787613,0.004435216076672077,0.005400523543357849,0.0030434641521424055,0.003159101167693734,0
CGTRNA_RS04185,CGTRNA_RS04170,0,0.0025654153432697058,0.0009580430923961103,0.004362870939075947,0.0034918924793601036,0.0017249361844733357,0.004811668302863836,0.006284706294536591,0.006126348860561848,0.015017603524029255,0.005029723513871431,0.005037320853443816,0
CGTRNA_RS04170,CGTRNA_RS04165,0,0.4454227685928345,0.4328359365463257,0.21704278886318207,0.16914355754852295,0.19849321246147156,0.27954280376434326,0.7663238048553467,0.7820661664009094,0.4635675847530365,0.29594671726226807,0.40503853410482404,0
CGTRNA_RS04165,CGTRNA_RS04160,1,0.9867038726806641,0.9892831444740295,0.9755545258522034,0.9887744188308716,0.9819843769073486,0.9833539128303528,0.9840736985206604,0.9886792898178101,0.9836186766624451,0.980794370174408,0.9842820286750793,1
CGTRNA_RS04160,CGTRNA_RS04145,0,0.01589011959731579,0.0024466433096677065,0.008420088328421116,0.012552578933537006,0.006220466922968626,0.018210750073194504,0.010371503420174122,0.024127647280693054,0.016438627615571022,0.013877867721021175,0.012855629320256412,0
CGTRNA_RS04145,CGTRNA_RS04140,1,0.9847944974899292,0.9697870016098022,0.9555542469024658,0.9744402766227722,0.965731143951416,0.9596241116523743,0.9922295808792114,0.9633159637451172,0.9740698337554932,0.9262338876724243,0.9665780544281006,1
CGTRNA_RS04140,CGTRNA_RS04135,1,0.8092401027679443,0.6639800071716309,0.6673387289047241,0.9353812336921692,0.701074481010437,0.8214850425720215,0.8939750790596008,0.7618291974067688,0.6821025013923645,0.5775727033615112,0.7513979077339172,1
CGTRNA_RS04135,CGTRNA_RS04125,0,0.007017617579549551,0.0017164562596008182,0.010456221178174019,0.00835417490452528,0.001437764149159193,0.0032833919394761324,0.005366936791688204,0.015865465626120567,0.011003141291439533,0.0031426697969436646,0.006764383951667697,0
CGTRNA_RS04125,CGTRNA_RS04115,0,0.23130524158477783,0.08333189785480499,0.23949380218982697,0.18341493606567383,0.09842325747013092,0.10476865619421005,0.12524168193340302,0.11415091902017593,0.08894626051187515,0.1303931474685669,0.13994698002934455,0
CGTRNA_RS04115,CGTRNA_RS04110,1,0.4902973771095276,0.5788260102272034,0.5922489762306213,0.7876737117767334,0.5478075742721558,0.402925580739975,0.8883606195449829,0.7239776849746704,0.6548383831977844,0.5261797308921814,0.6193135648965835,1
CGTRNA_RS04110,CGTRNA_RS04105,1,0.989666759967804,0.9928647875785828,0.9647815227508545,0.9846092462539673,0.9860659837722778,0.9832855463027954,0.9680360555648804,0.9875521063804626,0.9790475368499756,0.9502090811729431,0.9786118626594543,1
CGTRNA_RS04105,CGTRNA_RS04060,0,0.0006107102381065488,0.0002110941131832078,0.0006647034897468984,0.001604535267688334,0.0002508954785298556,0.0005225391942076385,0.000605505018029362,9.430960926692933e-05,0.0005392798921093345,0.0003218171186745167,0.0005425389419542626,0
CGTRNA_RS04060,CGTRNA_RS04055,0,0.30214664340019226,0.4344058334827423,0.3875789940357208,0.5193190574645996,0.32932254672050476,0.3079437017440796,0.3375690281391144,0.2707992196083069,0.584775447845459,0.26708588004112244,0.3740946352481842,0
CGTRNA_RS04055,CGTRNA_RS04050,1,0.9935753345489502,0.9903916120529175,0.9657374024391174,0.9829024076461792,0.9868528842926025,0.9786640405654907,0.9939799308776855,0.9874259233474731,0.9849293231964111,0.9702261090278625,0.983468496799469,1
CGTRNA_RS04050,CGTRNA_RS04010,0,0.0020344413351267576,0.0021485218312591314,0.0035230466164648533,0.0022353213280439377,0.0016662204870954156,0.002525123069062829,0.003825995372608304,0.0006965741631574929,0.0036735699977725744,0.0005849453154951334,0.002291375951608643,0
CGTRNA_RS04010,CGTRNA_RS04005,1,0.9868553280830383,0.9897214770317078,0.9764718413352966,0.9808429479598999,0.9806408882141113,0.9838114380836487,0.9884465336799622,0.9778741598129272,0.985447883605957,0.982410192489624,0.9832522690296173,1
CGTRNA_RS03950,CGTRNA_RS03930,0,0.003802324179559946,0.002104192040860653,0.007634741719812155,0.006607848685234785,0.005653943866491318,0.0035059615038335323,0.006670675240457058,0.015234638005495071,0.022532841190695763,0.01584317535161972,0.008959034178406,0
CGTRNA_RS03905,CGTRNA_RS03895,0,0.08899898082017899,0.22686810791492462,0.2450849711894989,0.18865668773651123,0.20629209280014038,0.11925691366195679,0.0877026692032814,0.17525510489940643,0.1762107014656067,0.10275385528802872,0.16170800849795341,0
CGTRNA_RS03895,CGTRNA_RS03850,0,0.0007833526469767094,0.0009674623725004494,0.0015435096574947238,0.001958966488018632,0.000424016936449334,0.0006633065640926361,0.0006343010463751853,0.0006141452468000352,0.0013177638174965978,0.00047627888852730393,0.0009383103664731607,0
CGTRNA_RS03850,CGTRNA_RS03845,1,0.9908483028411865,0.9934963583946228,0.985491931438446,0.9908431172370911,0.9876046180725098,0.9893524050712585,0.9717676639556885,0.9852896332740784,0.9837852716445923,0.9930378794670105,0.9871517181396484,1
CGTRNA_RS03820,CGTRNA_RS03810,0,0.06237376853823662,0.06726203113794327,0.1928832232952118,0.19947412610054016,0.04363434761762619,0.1750859171152115,0.359661728143692,0.0803924947977066,0.12115956097841263,0.06085265800356865,0.13627798557281495,0
CGTRNA_RS03810,CGTRNA_RS03805,1,0.9855231046676636,0.982893168926239,0.9410885572433472,0.9750797748565674,0.9851654767990112,0.975191593170166,0.9920855164527893,0.9705691337585449,0.9698089957237244,0.8801441788673401,0.9657549500465393,1
CGTRNA_RS03805,CGTRNA_RS03790,0,0.04877939447760582,0.007401865441352129,0.03416600823402405,0.021158676594495773,0.025713752955198288,0.031238656491041183,0.04564867913722992,0.07051050662994385,0.025982074439525604,0.05533294752240181,0.03659325619228184,0
CGTRNA_RS03790,CGTRNA_RS03740,0,0.00149065675213933,0.0005342077929526567,0.0013235834194347262,0.0020440486259758472,0.00016373925609514117,0.0004980713711120188,0.0005499622784554958,0.0008336464525200427,0.0007141955429688096,0.0010566393611952662,0.0009208750852849334,0
CGTRNA_RS03740,CGTRNA_RS03715,0,0.008477170951664448,0.004883637186139822,0.00430579436942935,0.006659730337560177,0.0011279365280643106,0.004970323294401169,0.0022293522488325834,0.005121128633618355,0.008005454204976559,0.004326265305280685,0.005010679305996746,0
CGTRNA_RS03715,CGTRNA_RS03695,0,0.012695974670350552,0.003178119659423828,0.008536409586668015,0.012011074461042881,0.0036013044882565737,0.00929964892566204,0.007002060301601887,0.016821611672639847,0.015137550421059132,0.007571702357381582,0.009585545654408634,0
CGTRNA_RS03695,CGTRNA_RS03690,0,0.7887003421783447,0.9284668564796448,0.7001962661743164,0.8562337160110474,0.82904452085495,0.7774657011032104,0.9629850387573242,0.8943862318992615,0.866950511932373,0.7590842247009277,0.83635134100914,1
CGTRNA_RS03690,CGTRNA_RS03685,1,0.9713753461837769,0.9873659014701843,0.9889645576477051,0.9824777245521545,0.9821600914001465,0.9830024242401123,0.9653597474098206,0.9826622605323792,0.979239821434021,0.9752487540245056,0.9797856628894805,1
CGTRNA_RS03685,CGTRNA_RS03680,1,0.9832143783569336,0.984632134437561,0.9815042018890381,0.985374391078949,0.9846936464309692,0.9827322959899902,0.9615805149078369,0.9872466921806335,0.9681403040885925,0.9893506169319153,0.9808469176292419,1
CGTRNA_RS03680,CGTRNA_RS03675,1,0.9922447204589844,0.9954496026039124,0.9690357446670532,0.9825535416603088,0.9880012273788452,0.9892951846122742,0.9836921095848083,0.9882299900054932,0.9856374263763428,0.9887624979019165,0.9862902045249939,1
CGTRNA_RS03675,CGTRNA_RS03670,1,0.6039186120033264,0.6316869258880615,0.5616743564605713,0.7847466468811035,0.4352883994579315,0.6417259573936462,0.9115689396858215,0.6692630648612976,0.7061632871627808,0.43227434158325195,0.6378310531377792,1
CGTRNA_RS03670,CGTRNA_RS03665,1,0.9459748864173889,0.9318738579750061,0.9250795841217041,0.9554533958435059,0.9635953903198242,0.9653947949409485,0.9346422553062439,0.9552658796310425,0.9411678910255432,0.9203236699104309,0.9438771605491638,1
CGTRNA_RS03665,CGTRNA_RS03660,1,0.7115368247032166,0.37014463543891907,0.5565659403800964,0.7410845160484314,0.43552249670028687,0.5456079244613647,0.9017578959465027,0.49555525183677673,0.48040276765823364,0.5324175953865051,0.5770595848560334,1
CGTRNA_RS03660,CGTRNA_RS03655,1,0.9830533862113953,0.9628360271453857,0.9720037579536438,0.972568929195404,0.9565697908401489,0.977692723274231,0.9780296683311462,0.974969744682312,0.9799982309341431,0.9737446904182434,0.9731466948986054,1
CGTRNA_RS03655,CGTRNA_RS03645,0,0.34462952613830566,0.08252104371786118,0.2725103497505188,0.49282482266426086,0.30949482321739197,0.19765377044677734,0.25176340341567993,0.24534831941127777,0.24714018404483795,0.29699745774269104,0.27408837005496023,0
CGTRNA_RS03645,CGTRNA_RS03640,1,0.3342015743255615,0.37929651141166687,0.3999243378639221,0.4128694236278534,0.2478509247303009,0.2740952968597412,0.6092396974563599,0.2312983274459839,0.4468279182910919,0.3103593587875366,0.36459633708000183,0
CGTRNA_RS03640,CGTRNA_RS03635,0,0.6368483901023865,0.9448873996734619,0.8234361410140991,0.7842196822166443,0.9577217698097229,0.8263792395591736,0.6441167593002319,0.9509618282318115,0.8661466240882874,0.7361372709274292,0.8170855104923248,1
CGTRNA_RS03635,CGTRNA_RS03630,1,0.9629707932472229,0.8832518458366394,0.8748803734779358,0.8976251482963562,0.9433532357215881,0.8968696594238281,0.9104697108268738,0.8320898413658142,0.7747005224227905,0.8977070450782776,0.8873918175697326,1
CGTRNA_RS03630,CGTRNA_RS03625,1,0.991439938545227,0.9861326217651367,0.9486084580421448,0.9772102236747742,0.9874778389930725,0.9790035486221313,0.9929829239845276,0.9805065989494324,0.9739550352096558,0.9117146730422974,0.97290318608284,1
CGTRNA_RS03625,CGTRNA_RS03620,0,0.9915578365325928,0.9943037033081055,0.9730797410011292,0.9903924465179443,0.9879398345947266,0.9908208847045898,0.9880066514015198,0.9959967136383057,0.981572151184082,0.9854012727737427,0.9879071235656738,1
CGTRNA_RS03620,CGTRNA_RS03610,0,0.08843379467725754,0.053087152540683746,0.21087922155857086,0.14474047720432281,0.05014302209019661,0.16010943055152893,0.15594148635864258,0.04910005256533623,0.03244267776608467,0.0655604675412178,0.10104377828538418,0
CGTRNA_RS03610,CGTRNA_RS03600,0,0.023350942879915237,0.006190014537423849,0.019736409187316895,0.01522458903491497,0.0017341121565550566,0.014643577858805656,0.011267412453889847,0.03825012221932411,0.026987556368112564,0.012204953469336033,0.01695896901655942,0
CGTRNA_RS03600,CGTRNA_RS03595,1,0.9586701989173889,0.9364845752716064,0.9621884822845459,0.9834104180335999,0.9539476633071899,0.9137755632400513,0.9551975727081299,0.9236522316932678,0.9467210173606873,0.9533296823501587,0.9487377405166626,1
CGTRNA_RS03595,CGTRNA_RS03590,0,0.7293248772621155,0.8299160003662109,0.8645395040512085,0.8762770891189575,0.8638487458229065,0.7778944969177246,0.45327696204185486,0.9190815091133118,0.774307131767273,0.6760302782058716,0.7764496594667435,1
CGTRNA_RS03590,CGTRNA_RS03545,0,0.005109970457851887,0.003471784060820937,0.005828778725117445,0.012858481146395206,0.009850270114839077,0.018341010436415672,0.01325733307749033,0.0018225325038656592,0.0032660875003784895,0.0019672345370054245,0.007577348256018013,0
CGTRNA_RS03545,CGTRNA_RS03540,1,0.4258505702018738,0.05888104811310768,0.11166032403707504,0.19224819540977478,0.07297053188085556,0.19584642350673676,0.5782889127731323,0.03654057905077934,0.0905487984418869,0.09122651070356369,0.18540618941187859,0
CGTRNA_RS03540,CGTRNA_RS03535,1,0.9537429213523865,0.9726669192314148,0.9411308765411377,0.980044960975647,0.9691473245620728,0.9801481366157532,0.9264470338821411,0.9882016777992249,0.9214968085289001,0.9631771445274353,0.9596203804016114,1
CGTRNA_RS03535,CGTRNA_RS03530,1,0.9946931004524231,0.99116051197052,0.9848099946975708,0.989933967590332,0.9863080382347107,0.992087185382843,0.9915792346000671,0.9924432635307312,0.9861786365509033,0.9915993213653564,0.9900793254375457,1
CGTRNA_RS03530,CGTRNA_RS03520,0,0.02255328558385372,0.010801735334098339,0.007594723720103502,0.011751110665500164,0.010020691901445389,0.005064559169113636,0.007803577464073896,0.010562979616224766,0.01588459126651287,0.02182747796177864,0.012386473268270493,0
CGTRNA_RS03520,CGTRNA_RS03510,0,0.024015367031097412,0.006226987577974796,0.009591029956936836,0.011840266175568104,0.0017016391502693295,0.02104552835226059,0.01887108013033867,0.0032035207841545343,0.0038208665791898966,0.010572373867034912,0.011088865960482508,0
CGTRNA_RS03510,CGTRNA_RS03505,1,0.9007585644721985,0.8843385577201843,0.9039164185523987,0.9323153495788574,0.8984379172325134,0.8881215453147888,0.8608368635177612,0.6112935543060303,0.8874795436859131,0.9220004081726074,0.8689498722553253,1
CGTRNA_RS03505,CGTRNA_RS03495,0,0.17872944474220276,0.2923961281776428,0.369924396276474,0.3530150353908539,0.346589595079422,0.21652144193649292,0.23958778381347656,0.2730731964111328,0.33170992136001587,0.17631860077381134,0.2777865543961525,0
CGTRNA_RS03495,CGTRNA_RS03490,1,0.9864412546157837,0.9916725158691406,0.9748058915138245,0.9862223267555237,0.9860891699790955,0.9884083271026611,0.9792659878730774,0.9888409376144409,0.9870267510414124,0.9889593720436096,0.985773253440857,1
CGTRNA_RS03435,CGTRNA_RS03420,0,0.007416220847517252,0.0028171143494546413,0.011474478989839554,0.008769619278609753,0.0008155894465744495,0.011337977834045887,0.014880192466080189,0.014604398049414158,0.018994297832250595,0.015147905796766281,0.010625779489055276,0
CGTRNA_RS03410,CGTRNA_RS03405,0,0.3374575078487396,0.18086707592010498,0.3227977454662323,0.3164563775062561,0.3713374137878418,0.23637573421001434,0.24579696357250214,0.13997969031333923,0.15748977661132812,0.24413883686065674,0.2552697122097015,0
CGTRNA_RS03350,CGTRNA_RS03345,1,0.9927584528923035,0.9927321672439575,0.9732974767684937,0.9841632843017578,0.9902980923652649,0.9836406111717224,0.9683471322059631,0.984116792678833,0.9800554513931274,0.9871445894241333,0.9836554050445556,1
CGTRNA_RS03345,CGTRNA_RS03340,1,0.9741353988647461,0.9731121063232422,0.9226552248001099,0.9735984802246094,0.9721085429191589,0.974392294883728,0.9890697002410889,0.9539351463317871,0.9589298367500305,0.9000857472419739,0.9592022478580475,1
CGTRNA_RS03340,CGTRNA_RS03335,1,0.9916529059410095,0.9911196231842041,0.941807746887207,0.9773691296577454,0.9847190380096436,0.9769093990325928,0.9927091598510742,0.9700337052345276,0.9794489145278931,0.8713055849075317,0.9677075207233429,1
CGTRNA_RS03335,CGTRNA_RS03330,1,0.9944129586219788,0.9960936903953552,0.9819733500480652,0.9850454926490784,0.990871250629425,0.9892962574958801,0.9763437509536743,0.9902360439300537,0.9878400564193726,0.9870104193687439,0.9879123270511627,1
CGTRNA_RS03330,CGTRNA_RS03325,1,0.4546109735965729,0.4203125834465027,0.4083966016769409,0.4847624599933624,0.18258988857269287,0.25109368562698364,0.8726685047149658,0.5635234117507935,0.5868698954582214,0.4361252784729004,0.46609532833099365,0
CGTRNA_RS03325,CGTRNA_RS03320,0,0.9159203171730042,0.9364574551582336,0.8822484016418457,0.9543457627296448,0.8689104914665222,0.9322829842567444,0.9315541982650757,0.9084716439247131,0.7600848078727722,0.7343670129776001,0.8824643075466156,1
CGTRNA_RS03320,CGTRNA_RS03315,0,0.6944369077682495,0.6197506189346313,0.5904139280319214,0.7547408938407898,0.4681341052055359,0.7617922425270081,0.5682043433189392,0.8950735330581665,0.6968231797218323,0.5046901702880859,0.655405992269516,1
CGTRNA_RS03315,CGTRNA_RS03310,0,0.6417754292488098,0.35466399788856506,0.563406229019165,0.6329367756843567,0.30924299359321594,0.778012752532959,0.4912232756614685,0.4164566397666931,0.4558831751346588,0.5000597238540649,0.5143660992383957,1
CGTRNA_RS03280,CGTRNA_RS03275,0,0.5247458815574646,0.44146284461021423,0.29748809337615967,0.5362242460250854,0.4678713381290436,0.35122933983802795,0.6163976788520813,0.7352175116539001,0.27743780612945557,0.3483571708202362,0.45964319109916685,0
CGTRNA_RS03275,CGTRNA_RS03270,1,0.6131995320320129,0.24059636890888214,0.4702886641025543,0.34902215003967285,0.40372368693351746,0.49836915731430054,0.5695539116859436,0.39458826184272766,0.6269583106040955,0.2931423783302307,0.44594424217939377,0
CGTRNA_RS03270,CGTRNA_RS03265,0,0.36657094955444336,0.10540736466646194,0.2919907867908478,0.40949442982673645,0.24905644357204437,0.1990940272808075,0.24361799657344818,0.10907024890184402,0.1527147740125656,0.28465819358825684,0.2411675214767456,0
CGTRNA_RS03265,CGTRNA_RS03250,0,0.04353829100728035,0.010462956503033638,0.04538095369935036,0.03137551620602608,0.0221088957041502,0.05451313033699989,0.0639522448182106,0.1125267818570137,0.08389125019311905,0.04959610477089882,0.05173461250960827,0
CGTRNA_RS03250,CGTRNA_RS03230,0,0.002194521250203252,0.0005399505607783794,0.0017936954973265529,0.0025515153538435698,0.0007005872903391719,0.0013227490708231926,0.0016411991091445088,0.001632541068829596,0.0034907746594399214,0.001692357356660068,0.0017559891217388212,0
CGTRNA_RS03230,CGTRNA_RS03205,0,0.0019461690681055188,0.003336870577186346,0.0024915316607803106,0.0045402697287499905,0.0023068191949278116,0.0034844274632632732,0.0034476961009204388,0.00018562746117822826,0.0010426751105114818,0.0009656170150265098,0.002374770338064991,0
CGTRNA_RS03205,CGTRNA_RS03200,1,0.43082505464553833,0.3248881697654724,0.15227511525154114,0.31471917033195496,0.22423462569713593,0.1831788420677185,0.6085081100463867,0.8463210463523865,0.20270273089408875,0.21430276334285736,0.35019556283950803,0
CGTRNA_RS03200,CGTRNA_RS03195,1,0.9839885234832764,0.9825804829597473,0.9345137476921082,0.974550187587738,0.9816819429397583,0.9710537195205688,0.9915011525154114,0.9549495577812195,0.9674144387245178,0.8779273629188538,0.9620161116123199,1
CGTRNA_RS03195,CGTRNA_RS03190,0,0.34022098779678345,0.48478636145591736,0.25317901372909546,0.30038613080978394,0.3446146249771118,0.21025095880031586,0.396219402551651,0.6912823915481567,0.14579744637012482,0.18792901933193207,0.33546663373708724,0
CGTRNA_RS03190,CGTRNA_RS03185,1,0.9517233371734619,0.7508068680763245,0.839320719242096,0.8483749032020569,0.8839198350906372,0.8462106585502625,0.8382708430290222,0.7817540168762207,0.8169674277305603,0.8629214763641357,0.8420270085334778,1
CGTRNA_RS03185,CGTRNA_RS03175,0,0.21180139482021332,0.2154579907655716,0.4446322023868561,0.46518218517303467,0.09591834247112274,0.32603031396865845,0.23931869864463806,0.20593379437923431,0.5076882839202881,0.17701801657676697,0.28889812231063844,0
CGTRNA_RS03175,CGTRNA_RS03165,0,0.021662693470716476,0.04103740677237511,0.03111938014626503,0.013532084412872791,0.009961245581507683,0.07173808664083481,0.06357419490814209,0.03882317245006561,0.03560330718755722,0.02631961740553379,0.03533711889758706,0
CGTRNA_RS03165,CGTRNA_RS03155,0,0.0768628939986229,0.04235503450036049,0.14361684024333954,0.15014110505580902,0.0260084867477417,0.05302387475967407,0.044430218636989594,0.044644471257925034,0.05922330170869827,0.09160885959863663,0.07319150865077972,0
CGTRNA_RS03155,CGTRNA_RS03150,1,0.9819574356079102,0.9770864248275757,0.9744546413421631,0.9675037860870361,0.955415666103363,0.9764443635940552,0.9700220227241516,0.9459140300750732,0.9812663793563843,0.969769299030304,0.9699834048748016,1
CGTRNA_RS03150,CGTRNA_RS03145,1,0.993015706539154,0.9887506365776062,0.9503321051597595,0.9787242412567139,0.9842285513877869,0.9829918742179871,0.9928820729255676,0.9791581630706787,0.9782782196998596,0.9352831244468689,0.9763644695281982,1
CGTRNA_RS03145,CGTRNA_RS03140,1,0.9913294315338135,0.9888620376586914,0.9405045509338379,0.9749679565429688,0.9824748039245605,0.9762884378433228,0.9926545023918152,0.9578016996383667,0.9769214987754822,0.9080318212509155,0.9689836740493775,1
CGTRNA_RS03140,CGTRNA_RS03135,1,0.9849098324775696,0.9770292043685913,0.9576749205589294,0.9819536805152893,0.9814082384109497,0.9753300547599792,0.9810174703598022,0.987667977809906,0.9672225713729858,0.971609354019165,0.9765823304653167,1
CGTRNA_RS03135,CGTRNA_RS03130,0,0.9948503375053406,0.9912185072898865,0.952456533908844,0.9784137010574341,0.9877975583076477,0.9839247465133667,0.9933131337165833,0.9856401085853577,0.9822608232498169,0.9652766585350037,0.9815152108669281,1
CGTRNA_RS03130,CGTRNA_RS03125,1,0.9945006966590881,0.9943063259124756,0.9844280481338501,0.9832809567451477,0.9860759973526001,0.9900487661361694,0.9880321025848389,0.9921934008598328,0.9854469895362854,0.9942938685417175,0.9892607152462005,1
CGTRNA_RS03125,CGTRNA_RS03115,0,0.050887782126665115,0.026371249929070473,0.06795714050531387,0.04500989615917206,0.0055528199300169945,0.13850919902324677,0.1000131294131279,0.1370546817779541,0.017083091661334038,0.03875269368290901,0.06271916842088103,0
CGTRNA_RS03115,CGTRNA_RS03100,0,0.010950892232358456,0.015475855208933353,0.018474426120519638,0.011667842045426369,0.010835770517587662,0.03206338360905647,0.01452270895242691,0.006949619855731726,0.01787145622074604,0.008543183095753193,0.014735513785853981,0
CGTRNA_RS03100,CGTRNA_RS03095,1,0.7166935205459595,0.6253174543380737,0.8203222751617432,0.8447331190109253,0.9095298647880554,0.727024495601654,0.7399351596832275,0.8259126543998718,0.7885986566543579,0.6105852723121643,0.7608652472496032,1
CGTRNA_RS03095,CGTRNA_RS03075,0,0.0027832454070448875,0.0019341009901836514,0.0038192879874259233,0.003841311438009143,0.0016608284786343575,0.0019651460461318493,0.0017787438118830323,0.002109239110723138,0.002185855060815811,0.0022404089104384184,0.0024318167241290213,0
CGTRNA_RS03075,CGTRNA_RS03055,0,0.0018173593562096357,0.0015128763625398278,0.0018788957968354225,0.002594846533611417,0.0006828971672803164,0.0031356969848275185,0.002295073587447405,0.007949345745146275,0.007029273547232151,0.0017823099624365568,0.0030678575043566526,0
CGTRNA_RS03055,CGTRNA_RS03040,0,0.003734846832230687,0.001017033471725881,0.003419715678319335,0.005541291553527117,0.006321675609797239,0.00847546011209488,0.004393387585878372,0.021008867770433426,0.01218742597848177,0.006595767103135586,0.0072695471695624295,0
CGTRNA_RS03040,CGTRNA_RS03025,0,0.0015751251485198736,0.002327212831005454,0.004781508352607489,0.0018786202417686582,0.0010169374290853739,0.0009349145111627877,0.0014111391501501203,0.009483812376856804,0.005686300341039896,0.002155015245079994,0.003125058562727645,0
CGTRNA_RS03025,CGTRNA_RS02955,0,0.0015049679204821587,0.0006311486358754337,0.001606179983355105,0.0022274970542639494,0.0004761361051350832,0.0007072294247336686,0.0005655066925100982,0.0013184795388951898,0.0008434865740127861,0.0009857823606580496,0.0010866414289921523,0
CGTRNA_RS02955,CGTRNA_RS02900,0,0.0003474506374914199,0.0007547358400188386,0.0006499861483462155,0.0007953391177579761,9.595397568773478e-05,0.00045696887536905706,0.0006444049649871886,0.0005045162397436798,0.0007580225937999785,0.0001787615183275193,0.0005186139911529608,0
CGTRNA_RS02870,CGTRNA_RS02865,1,0.9837120771408081,0.9889094829559326,0.9774945378303528,0.9860835075378418,0.9877916574478149,0.9828338623046875,0.9740043878555298,0.9900009632110596,0.9751673936843872,0.9772965312004089,0.9823294401168823,1
CGTRNA_RS02865,CGTRNA_RS02800,0,0.0017367539694532752,0.0003215647011529654,0.002160274423658848,0.0025932868011295795,0.00028618727810680866,0.0005236691795289516,0.0005994244711473584,0.0011118524707853794,0.001817456097342074,0.0012056694831699133,0.0012356138875475153,0
CGTRNA_RS02800,CGTRNA_RS02795,0,0.9200964570045471,0.9032958745956421,0.8745859265327454,0.9204575419425964,0.8887830972671509,0.8975968956947327,0.8387991189956665,0.7416774034500122,0.919163167476654,0.9183313250541687,0.8822786808013916,1
CGTRNA_RS02795,CGTRNA_RS02790,0,0.9785940647125244,0.9129819273948669,0.9679363369941711,0.9825797080993652,0.9886585474014282,0.9796478748321533,0.9741812348365784,0.9834442734718323,0.9784359335899353,0.9793747663497925,0.9725834667682648,1
CGTRNA_RS02790,CGTRNA_RS02785,0,0.9903271794319153,0.9870290160179138,0.9717285633087158,0.973939836025238,0.9668897986412048,0.9655545353889465,0.9666846990585327,0.9894891977310181,0.9703686237335205,0.9751477837562561,0.9757159233093262,1
CGTRNA_RS02785,CGTRNA_RS02780,1,0.9940968751907349,0.9913011789321899,0.9510095715522766,0.9810152649879456,0.9881213903427124,0.9838173985481262,0.9933852553367615,0.9835111498832703,0.9804229140281677,0.9406006336212158,0.9787281632423401,1
CGTRNA_RS02780,CGTRNA_RS02775,0,0.9701401591300964,0.8914503455162048,0.8882994055747986,0.9362877607345581,0.9248127341270447,0.9117489457130432,0.9467387199401855,0.6517418026924133,0.9064204692840576,0.9661345481872559,0.8993774890899658,1
CGTRNA_RS02775,CGTRNA_RS02770,0,0.9907899498939514,0.9707633852958679,0.963489830493927,0.97873455286026,0.9838883876800537,0.9588137269020081,0.9760411977767944,0.9898618459701538,0.9787263870239258,0.9795252680778503,0.9770634531974792,1
CGTRNA_RS02770,CGTRNA_RS02765,0,0.9942943453788757,0.9915423393249512,0.954060971736908,0.9779314994812012,0.9864597916603088,0.9800088405609131,0.9930539727210999,0.9824895858764648,0.9828440546989441,0.923592209815979,0.9766277611255646,1
CGTRNA_RS02765,CGTRNA_RS02760,0,0.9939593076705933,0.9900438189506531,0.9560444355010986,0.9779995679855347,0.9890441298484802,0.9816628694534302,0.9932214617729187,0.9867082238197327,0.9847722053527832,0.953754723072052,0.9807210743427277,1
CGTRNA_RS02760,CGTRNA_RS02755,0,0.4395410716533661,0.23981884121894836,0.38203203678131104,0.41105917096138,0.35792848467826843,0.34171903133392334,0.4765494465827942,0.293533056974411,0.21652959287166595,0.1613290160894394,0.3320039749145508,0
CGTRNA_RS02755,CGTRNA_RS02715,0,0.001131387078203261,0.0005599897704087198,0.0020617730915546417,0.0018672068836167455,0.0007037356845103204,0.0006059905863367021,0.0015458775451406837,0.0030582002364099026,0.0055689397267997265,0.0016633501509204507,0.0018766450753901153,0
CGTRNA_RS02715,CGTRNA_RS02710,0,0.27005860209465027,0.10250889509916306,0.29870593547821045,0.25848597288131714,0.09951817244291306,0.2332758605480194,0.3539368212223053,0.07630351930856705,0.23420709371566772,0.09551513940095901,0.20225160121917723,0
CGTRNA_RS02710,CGTRNA_RS02705,1,0.9856448173522949,0.9798245429992676,0.9707180261611938,0.9852863550186157,0.9832788705825806,0.9851998686790466,0.9847760796546936,0.9849947690963745,0.9737987518310547,0.9805094003677368,0.9814031481742859,1
CGTRNA_RS02705,CGTRNA_RS02700,1,0.9846315979957581,0.9869149923324585,0.972423255443573,0.9859902262687683,0.976826012134552,0.9787020683288574,0.9553541541099548,0.9762687683105469,0.9697749614715576,0.972736656665802,0.9759622693061829,1
CGTRNA_RS02700,CGTRNA_RS02695,1,0.989096462726593,0.9830969572067261,0.9453316926956177,0.9741688370704651,0.9818057417869568,0.9789560437202454,0.991577684879303,0.9639536142349243,0.9753947257995605,0.9553739428520203,0.9738755702972413,1
CGTRNA_RS02695,CGTRNA_RS02690,1,0.9929872751235962,0.9879212975502014,0.9480404257774353,0.9794365167617798,0.9864545464515686,0.9800026416778564,0.9928610920906067,0.9827940464019775,0.9736884832382202,0.9221611618995667,0.9746347486972808,1
CGTRNA_RS02690,CGTRNA_RS02680,0,0.02893221564590931,0.011322087608277798,0.0669979527592659,0.03645253926515579,0.028213899582624435,0.04928639903664589,0.06632426381111145,0.3843667805194855,0.08590520918369293,0.06777150928974152,0.08255728567019105,0
CGTRNA_RS02680,CGTRNA_RS02675,1,0.674344539642334,0.47523772716522217,0.42127659916877747,0.7804752588272095,0.7486317753791809,0.6765124797821045,0.9270273447036743,0.2943921387195587,0.3356962203979492,0.17031791806221008,0.5503912001848221,1
CGTRNA_RS02675,CGTRNA_RS02670,1,0.9936278462409973,0.9917527437210083,0.9886030554771423,0.983367383480072,0.9821732044219971,0.9892513155937195,0.9755058288574219,0.9830877184867859,0.9950572848320007,0.9881340861320496,0.9870560467243195,1
CGTRNA_RS02670,CGTRNA_RS02665,1,0.9926091432571411,0.9911220669746399,0.9439312219619751,0.981580376625061,0.98819500207901,0.9830730557441711,0.9934598803520203,0.9823744297027588,0.9786769151687622,0.9407852292060852,0.9775807321071625,1
CGTRNA_RS02665,CGTRNA_RS02660,0,0.847919225692749,0.787477433681488,0.9560768008232117,0.935748815536499,0.9247071146965027,0.9286909699440002,0.958203911781311,0.9884862303733826,0.8833280801773071,0.6434194445610046,0.8854058027267456,1
CGTRNA_RS02660,CGTRNA_RS02635,0,0.0013176905922591686,0.0005329845007508993,0.0026701244059950113,0.0017135066445916891,0.00047363509656861424,0.0009007058688439429,0.0020801201462745667,0.003013583831489086,0.0036373776383697987,0.0014743501087650657,0.0017814078833907842,0
CGTRNA_RS02635,CGTRNA_RS02630,0,0.5857024788856506,0.4040507972240448,0.23459886014461517,0.4001033306121826,0.16138409078121185,0.41490495204925537,0.7805589437484741,0.5369189977645874,0.2776001989841461,0.1877932995557785,0.3983615949749947,0
CGTRNA_RS02630,CGTRNA_RS02565,0,0.0009488287614658475,0.0003462552558630705,0.0016949495766311884,0.0014517217641696334,9.190138371195644e-05,0.0009972616098821163,0.0010190119501203299,0.004778360016644001,0.0010762644233182073,0.0016563476528972387,0.001406090239470359,0
CGTRNA_RS02565,CGTRNA_RS02560,1,0.9932495355606079,0.988921046257019,0.9481089115142822,0.9772834777832031,0.9881461262702942,0.9792293310165405,0.9931424260139465,0.9842890501022339,0.9821474552154541,0.924482524394989,0.9758999884128571,1
CGTRNA_RS02560,CGTRNA_RS02555,1,0.9776381850242615,0.9873371720314026,0.9718441367149353,0.9835700988769531,0.979745090007782,0.9598839282989502,0.9517545700073242,0.9856263399124146,0.9835231900215149,0.973290741443634,0.9754213452339172,1
CGTRNA_RS02555,CGTRNA_RS02525,0,0.0009683541720733047,0.0003836533287540078,0.0016698000254109502,0.001834951457567513,0.0002951776550617069,0.0008514990331605077,0.0011690168175846338,0.002223155926913023,0.0017552986973896623,0.0007370220846496522,0.0011887929198564962,0
CGTRNA_RS02525,CGTRNA_RS02455,0,0.0009451705263927579,0.0002931502531282604,0.0010594244813546538,0.0015273081371560693,0.0002108786575263366,0.00037022167816758156,0.0005795672768726945,0.0008242240874096751,0.0007929159910418093,0.0006078772130422294,0.0007210738302092067,0
CGTRNA_RS02455,CGTRNA_RS02400,0,0.001098839333280921,0.0011328705586493015,0.003430380020290613,0.0027199878823012114,0.0007715133833698928,0.0009150413097813725,0.0011573850642889738,0.009229746647179127,0.003520834492519498,0.0012197839096188545,0.0025196382601279767,0
CGTRNA_RS02400,CGTRNA_RS02360,0,0.0041078259237110615,0.0008119855192489922,0.004000572953373194,0.0048748464323580265,0.00036831386387348175,0.0014387619448825717,0.0017034935299307108,0.015536279417574406,0.006362301297485828,0.0047312225215137005,0.004393560340395198,0
CGTRNA_RS02360,CGTRNA_RS02355,1,0.9860159754753113,0.9856514930725098,0.9803241491317749,0.9809362888336182,0.9868448972702026,0.9854985475540161,0.9872959852218628,0.993201494216919,0.9809858798980713,0.9887441396713257,0.9855498850345612,1
CGTRNA_RS02350,CGTRNA_RS02345,1,0.9882004261016846,0.98813796043396,0.9408036470413208,0.9813238978385925,0.9838386178016663,0.9837451577186584,0.9929211139678955,0.9787686467170715,0.9716692566871643,0.9282995462417603,0.9737708270549774,1
CGTRNA_RS02345,CGTRNA_RS02340,0,0.2519417405128479,0.12214947491884232,0.3448902666568756,0.17836439609527588,0.17432914674282074,0.22393569350242615,0.2655872106552124,0.27335476875305176,0.19898058474063873,0.19705460965633392,0.22305878922343253,0
CGTRNA_RS02340,CGTRNA_RS02335,1,0.9891437888145447,0.9850658774375916,0.9467784762382507,0.9767533540725708,0.9834775924682617,0.9787722826004028,0.992432713508606,0.9721108078956604,0.9781342148780823,0.9346885085105896,0.973735761642456,1
CGTRNA_RS02335,CGTRNA_RS02330,1,0.9934995174407959,0.9912163615226746,0.9882224202156067,0.9898632764816284,0.9926227927207947,0.9889889359474182,0.9834116697311401,0.9911788105964661,0.9846347570419312,0.9918193817138672,0.9895457923412323,1
CGTRNA_RS02330,CGTRNA_RS02325,0,0.28594109416007996,0.2143535614013672,0.36723843216896057,0.34348466992378235,0.47398725152015686,0.4035263657569885,0.3215189576148987,0.37468358874320984,0.34057700634002686,0.2887481451034546,0.34140590727329256,0
CGTRNA_RS02325,CGTRNA_RS02320,1,0.9836916923522949,0.9650068879127502,0.9887060523033142,0.9934148192405701,0.9835565090179443,0.9811202883720398,0.9677028059959412,0.9919137358665466,0.983875572681427,0.9792499542236328,0.9818238317966461,1
CGTRNA_RS02320,CGTRNA_RS02315,1,0.8642507195472717,0.7263834476470947,0.7818957567214966,0.9211675524711609,0.8322425484657288,0.8808597922325134,0.9179606437683105,0.8021195530891418,0.5986824035644531,0.6759969592094421,0.8001559376716614,1
CGTRNA_RS02315,CGTRNA_RS02310,1,0.9926871657371521,0.9856786727905273,0.947821855545044,0.9739559292793274,0.9868124127388,0.9775148034095764,0.9924089312553406,0.9783576726913452,0.979812741279602,0.8980695009231567,0.9713119685649871,1
CGTRNA_RS02310,CGTRNA_RS02305,0,0.7910082936286926,0.6144072413444519,0.59857577085495,0.8815644979476929,0.6888859868049622,0.770009458065033,0.9525629878044128,0.8428055644035339,0.8641104102134705,0.6482523679733276,0.7652182579040527,1
CGTRNA_RS02305,CGTRNA_RS02300,0,0.7930758595466614,0.859129011631012,0.8953399658203125,0.9226394891738892,0.8900431990623474,0.8354820609092712,0.8955149054527283,0.9466474652290344,0.8146588802337646,0.6882308721542358,0.8540761709213257,1
CGTRNA_RS02300,CGTRNA_RS02290,0,0.04151328280568123,0.01830354705452919,0.04502034932374954,0.038915302604436874,0.029626144096255302,0.05123666673898697,0.05426207184791565,0.07581507414579391,0.07338178902864456,0.05889390408992767,0.04869681317359209,0
CGTRNA_RS02290,CGTRNA_RS02280,0,0.09527014940977097,0.017198072746396065,0.0791453868150711,0.03508731350302696,0.01797713153064251,0.07220369577407837,0.10841215401887894,0.2463960200548172,0.05058039724826813,0.06547598540782928,0.07877463065087795,0
CGTRNA_RS02280,CGTRNA_RS02275,1,0.890673816204071,0.9169204235076904,0.9362713694572449,0.95648193359375,0.8726199865341187,0.8423516154289246,0.8517016172409058,0.9329273700714111,0.84525465965271,0.9188641309738159,0.8964066922664642,1
CGTRNA_RS02275,CGTRNA_RS02190,0,0.001738491002470255,0.000613305892329663,0.0025766361504793167,0.002794672967866063,0.0002916924422606826,0.0006392806535586715,0.0008079901454038918,0.0035145748406648636,0.0018197360914200544,0.0015680022770538926,0.0016364382463507354,0
CGTRNA_RS02190,CGTRNA_RS02185,1,0.9904440641403198,0.9915850162506104,0.9892021417617798,0.9925404191017151,0.9879107475280762,0.9903215169906616,0.9417711496353149,0.9905585646629333,0.9817458391189575,0.9925007820129395,0.9848580241203309,1
CGTRNA_RS02185,CGTRNA_RS02180,1,0.9921524524688721,0.9871019721031189,0.945127546787262,0.9749169945716858,0.9832533001899719,0.980665922164917,0.9920905232429504,0.9745043516159058,0.9785829782485962,0.925652801990509,0.9734048843383789,1
CGTRNA_RS02180,CGTRNA_RS02175,0,0.06701798737049103,0.030574113130569458,0.056063178926706314,0.08497720211744308,0.04223087057471275,0.08230064809322357,0.074217289686203,0.01966364122927189,0.0857270285487175,0.03051692247390747,0.05732888821512461,0
CGTRNA_RS02175,CGTRNA_RS02150,0,0.009187042713165283,0.00528224091976881,0.00807234738022089,0.008898279629647732,0.00196600379422307,0.0038597153034061193,0.002798585221171379,0.00600982503965497,0.010595268569886684,0.009013726375997066,0.0065683034947142,0
CGTRNA_RS02150,CGTRNA_RS02125,0,0.00581036601215601,0.0009703508694656193,0.002789499470964074,0.007597966585308313,0.0007532840245403349,0.003972758073359728,0.006721836514770985,0.005009119398891926,0.00688560726121068,0.005672433413565159,0.0046183221624232825,0
CGTRNA_RS02125,CGTRNA_RS02100,0,0.0015273161698132753,0.0018569433595985174,0.0018129253294318914,0.0038689973298460245,0.001503323670476675,0.0016085722018033266,0.0015135320136323571,0.001030925428494811,0.004117256961762905,0.0006348283495754004,0.0019474620814435184,0
CGTRNA_RS02100,CGTRNA_RS02095,1,0.977215588092804,0.9588978290557861,0.9621860980987549,0.9842179417610168,0.9656804203987122,0.9503443241119385,0.9597402215003967,0.9307717084884644,0.958002507686615,0.9625154733657837,0.9609572112560272,1
CGTRNA_RS02095,CGTRNA_RS02065,0,0.0016013788990676403,0.0011320890625938773,0.0037800415884703398,0.00336370337754488,0.0005138913402333856,0.001298926305025816,0.002711846260353923,0.004189003258943558,0.0037488776724785566,0.0015440050046890974,0.0023883762769401073,0
CGTRNA_RS02065,CGTRNA_RS02050,0,0.020256465300917625,0.01717308908700943,0.010436493903398514,0.022039713338017464,0.051231518387794495,0.046337664127349854,0.020476091653108597,0.01042772177606821,0.015245298855006695,0.011017969809472561,0.022464202623814343,0
CGTRNA_RS02050,CGTRNA_RS02045,1,0.9931516051292419,0.9921411275863647,0.9860776662826538,0.9949398636817932,0.9910873174667358,0.994216799736023,0.9923825263977051,0.9930675625801086,0.9827512502670288,0.9899550676345825,0.9909770786762238,1
CGTRNA_RS02045,CGTRNA_RS02040,0,0.33851534128189087,0.29761093854904175,0.5759051442146301,0.5100885033607483,0.33805832266807556,0.3929598033428192,0.2279728800058365,0.5074028372764587,0.39901503920555115,0.3464665412902832,0.3933995351195335,0
CGTRNA_RS02040,CGTRNA_RS02005,0,0.0065766084007918835,0.006088849622756243,0.004978070966899395,0.009690988808870316,0.0036810680758208036,0.004389669746160507,0.004510931670665741,0.0011705150827765465,0.010315506719052792,0.0062372093088924885,0.005763941840268671,0
CGTRNA_RS02005,CGTRNA_RS02000,1,0.6495310664176941,0.519874632358551,0.4353746771812439,0.7968538403511047,0.19268940389156342,0.25726839900016785,0.9330134391784668,0.7167722582817078,0.607575535774231,0.3912756145000458,0.5500228866934777,1
CGTRNA_RS02000,CGTRNA_RS01995,1,0.981034517288208,0.9852597713470459,0.9461734890937805,0.9765126705169678,0.9778613448143005,0.9798955321311951,0.9899620413780212,0.9704648852348328,0.9790462851524353,0.9211478233337402,0.9707358360290528,1
CGTRNA_RS01995,CGTRNA_RS01980,0,0.007609022781252861,0.003479550126940012,0.00851062685251236,0.00852616410702467,0.0043405513279139996,0.007138003129512072,0.005330367013812065,0.0018101230962201953,0.008169525302946568,0.007555374875664711,0.006246930861379951,0
CGTRNA_RS01980,CGTRNA_RS01945,0,0.009645355865359306,0.00278049916960299,0.0030533024109899998,0.007820009253919125,0.0012236753245815635,0.002629569498822093,0.003620704635977745,0.00254837516695261,0.009652906097471714,0.0033570777159184217,0.004633147513959557,0
CGTRNA_RS01945,CGTRNA_RS01915,0,0.0031128013506531715,0.00039238572935573757,0.0018853499786928296,0.0027469452470541,0.0004460637574084103,0.0013247807510197163,0.0028045957442373037,0.002305426634848118,0.004227225668728352,0.0021393490023911,0.002138492386438884,0
CGTRNA_RS01870,CGTRNA_RS01865,1,0.9777214527130127,0.9756203889846802,0.981053352355957,0.9863218665122986,0.984407901763916,0.9823014736175537,0.8962537050247192,0.965669572353363,0.9496902823448181,0.9732906222343445,0.9672330617904663,1
CGTRNA_RS01795,CGTRNA_RS01790,1,0.5644683837890625,0.8658847212791443,0.7352727651596069,0.7453875541687012,0.6861554980278015,0.6085454225540161,0.6262538433074951,0.6711121797561646,0.769411563873291,0.5769619941711426,0.6849453926086426,1
CGTRNA_RS01790,CGTRNA_RS01785,0,0.049181967973709106,0.14234212040901184,0.3506797254085541,0.23029012978076935,0.034817587584257126,0.0655268058180809,0.11375272274017334,0.04221882298588753,0.09161116927862167,0.057011015713214874,0.11774320676922798,0
CGTRNA_RS01785,CGTRNA_RS01780,0,0.06279529631137848,0.028800426051020622,0.08134473115205765,0.07508134096860886,0.01878676936030388,0.0385969914495945,0.05325959622859955,0.05654313787817955,0.04521622508764267,0.02937612496316433,0.04898006394505501,0
CGTRNA_RS01780,CGTRNA_RS01775,1,0.8824769854545593,0.9706673622131348,0.89512699842453,0.9698877334594727,0.9213706851005554,0.9330536127090454,0.9276264309883118,0.9036354422569275,0.8092533349990845,0.8624232411384583,0.907552182674408,1
CGTRNA_RS01775,CGTRNA_RS01770,1,0.9817494750022888,0.9784009456634521,0.9332816004753113,0.9798601269721985,0.9758598804473877,0.9685282707214355,0.9912187457084656,0.9718461036682129,0.970440149307251,0.9335662722587585,0.9684751570224762,1
CGTRNA_RS01770,CGTRNA_RS01765,0,0.840684711933136,0.1552232950925827,0.33360111713409424,0.525169849395752,0.7194024920463562,0.5196692943572998,0.6772435307502747,0.24926282465457916,0.4583381712436676,0.3306674063205719,0.48092626929283144,0
CGTRNA_RS01765,CGTRNA_RS01755,0,0.01555648073554039,0.04440200328826904,0.007452611345797777,0.014060070738196373,0.021864620968699455,0.045805249363183975,0.026811663061380386,0.005359421018511057,0.0075653325766325,0.01101713813841343,0.01998945912346244,0
CGTRNA_RS01755,CGTRNA_RS01750,1,0.961840808391571,0.9131057858467102,0.9750797748565674,0.9899446964263916,0.9259914755821228,0.9833109974861145,0.987040638923645,0.9675281643867493,0.9793828725814819,0.9375255107879639,0.9620750725269318,1
CGTRNA_RS01750,CGTRNA_RS01745,1,0.9843721389770508,0.9686906337738037,0.9568594694137573,0.9825054407119751,0.976402759552002,0.9743503332138062,0.991106390953064,0.9606003761291504,0.9730229377746582,0.9424329400062561,0.9710343420505524,1
CGTRNA_RS01745,CGTRNA_RS01740,1,0.9821375012397766,0.9786830544471741,0.940985918045044,0.9752722382545471,0.9747458696365356,0.9721887111663818,0.9907746315002441,0.9634186029434204,0.9694972038269043,0.9260734915733337,0.9673777222633362,1
CGTRNA_RS01740,CGTRNA_RS01735,1,0.6355399489402771,0.6187472939491272,0.6802273392677307,0.7058342099189758,0.7027146220207214,0.5241677761077881,0.8102809190750122,0.8300148248672485,0.7438604831695557,0.6837968826293945,0.6935184299945831,1
CGTRNA_RS01710,CGTRNA_RS01705,1,0.9806066751480103,0.9762265086174011,0.9492045044898987,0.976335346698761,0.9684671759605408,0.9679257273674011,0.9887875318527222,0.9746754169464111,0.9619976878166199,0.9443008303642273,0.9688527405261993,1
CGTRNA_RS01705,CGTRNA_RS01635,0,0.0006504494231194258,0.00020996895909775048,0.0012201139470562339,0.001015218673273921,0.00012046925257891417,0.00043815941899083555,0.0005619708099402487,0.002074762247502804,0.0006554685533046722,0.0005069501930847764,0.0007453531477949582,0
CGTRNA_RS01635,CGTRNA_RS01615,0,0.0009875603718683124,0.001278138137422502,0.002947794971987605,0.0025399280712008476,0.0006071915850043297,0.0007811886025592685,0.001836804673075676,0.000540544802788645,0.003551754867658019,0.000570058124139905,0.001564096420770511,0
CGTRNA_RS01615,CGTRNA_RS01575,0,0.0040206010453403,0.0032831202261149883,0.0021532585378736258,0.0065658423118293285,0.006208635400980711,0.005911612883210182,0.004416035953909159,0.0004092299204785377,0.005696416366845369,0.0020342108327895403,0.004069896347937174,0
CGTRNA_RS01575,CGTRNA_RS01570,1,0.894195556640625,0.8119439482688904,0.8795459866523743,0.8167083859443665,0.8557046055793762,0.8123166561126709,0.6028658747673035,0.7406338453292847,0.8298130035400391,0.8801623582839966,0.8123890221118927,1
CGTRNA_RS01570,CGTRNA_RS01565,1,0.9759308099746704,0.9851504564285278,0.9807804822921753,0.9940536022186279,0.9834121465682983,0.9866781234741211,0.9857235550880432,0.9877059459686279,0.9830678105354309,0.99031662940979,0.9852819561958313,1
CGTRNA_RS01565,CGTRNA_RS01540,0,0.0036925075110048056,0.0033932579681277275,0.0023997577372938395,0.003970535937696695,0.0032460561487823725,0.0017238343134522438,0.001924925483763218,0.0030972473323345184,0.005240608938038349,0.003469703020527959,0.003215843439102173,0
CGTRNA_RS01540,CGTRNA_RS01535,1,0.2943180203437805,0.1561402976512909,0.5446322560310364,0.30686065554618835,0.10067235678434372,0.18784256279468536,0.18667903542518616,0.22000211477279663,0.42304864525794983,0.1989300698041916,0.2619126014411449,0
CGTRNA_RS01535,CGTRNA_RS01505,0,0.010517041198909283,0.011869298294186592,0.0371277816593647,0.006479809992015362,0.01257801242172718,0.012867236509919167,0.010835960507392883,0.00919470563530922,0.02783631719648838,0.008963131345808506,0.014826929476112128,0
CGTRNA_RS01505,CGTRNA_RS01500,0,0.5758228302001953,0.39591097831726074,0.5573791861534119,0.5953677296638489,0.6237385272979736,0.41087597608566284,0.36669427156448364,0.6389162540435791,0.4158703684806824,0.7068532109260559,0.5287429332733155,1
CGTRNA_RS01500,CGTRNA_RS01495,0,0.9864245653152466,0.9843055009841919,0.9754266738891602,0.974410891532898,0.9841867685317993,0.9600533843040466,0.8719184994697571,0.9628199934959412,0.9856663346290588,0.9707035422325134,0.9655916154384613,1
CGTRNA_RS01495,CGTRNA_RS01475,0,0.00737402681261301,0.0037489146925508976,0.04833415150642395,0.010545512661337852,0.0019407229265198112,0.012847439385950565,0.017683617770671844,0.05937877669930458,0.018506068736314774,0.022024275735020638,0.02023835069267079,0
CGTRNA_RS01475,CGTRNA_RS01465,0,0.38727816939353943,0.4215196669101715,0.5589489936828613,0.5803738832473755,0.4280831515789032,0.5126920938491821,0.6236453056335449,0.291263610124588,0.42810264229774475,0.3909415006637573,0.46228490173816683,0
CGTRNA_RS01450,CGTRNA_RS01445,1,0.9740447998046875,0.9841865301132202,0.9780573844909668,0.9778291583061218,0.9701611995697021,0.9668475985527039,0.9324082136154175,0.9829640984535217,0.9873579144477844,0.966987133026123,0.9720844030380249,1
CGTRNA_RS01445,CGTRNA_RS01440,1,0.985925018787384,0.9775107502937317,0.9491305947303772,0.9726788401603699,0.9825503826141357,0.9601790904998779,0.9890367984771729,0.989669919013977,0.9788044691085815,0.7498970627784729,0.9535382926464081,1
CGTRNA_RS01425,CGTRNA_RS01420,1,0.9797190427780151,0.9764453768730164,0.9459391832351685,0.9768059849739075,0.9732516407966614,0.9778229594230652,0.9878376126289368,0.9889124035835266,0.9728296399116516,0.8993607759475708,0.967892462015152,1
CGTRNA_RS01420,CGTRNA_RS01415,1,0.9898310899734497,0.9908736944198608,0.9857264757156372,0.9788036346435547,0.9864057302474976,0.9839029312133789,0.9855285882949829,0.985137403011322,0.9828936457633972,0.9869295954704285,0.9856032788753509,1
CGTRNA_RS01400,CGTRNA_RS01385,0,0.008084160275757313,0.0014858144568279386,0.007858877070248127,0.005647995043545961,0.002062821062281728,0.013664718717336655,0.007099432870745659,0.008743222802877426,0.025660226121544838,0.011423748917877674,0.009173101733904333,0
CGTRNA_RS01385,CGTRNA_RS01380,0,0.884130597114563,0.4262715280056,0.395514577627182,0.6391497254371643,0.7572212815284729,0.6204147338867188,0.7737746834754944,0.08282365649938583,0.4802504777908325,0.5759067535400391,0.5635458014905452,1
CGTRNA_RS01380,CGTRNA_RS01365,0,0.0164461862295866,0.006804708391427994,0.016662899404764175,0.024062884971499443,0.002564183436334133,0.018843207508325577,0.017702942714095116,0.030785897746682167,0.007742318790405989,0.010593398474156857,0.015220862766727804,0
CGTRNA_RS01365,CGTRNA_RS01360,1,0.9850084781646729,0.9788322448730469,0.9396088123321533,0.9718087911605835,0.9608067274093628,0.9784207940101624,0.9739170670509338,0.9542093873023987,0.9553994536399841,0.977188229560852,0.967519998550415,1
CGTRNA_RS01360,CGTRNA_RS01350,0,0.0024934711400419474,0.000712798850145191,0.0038828642573207617,0.00303947483189404,0.0014690518146380782,0.0023389537818729877,0.0029675697442144156,0.013394664973020554,0.01639612577855587,0.005510392133146524,0.005220536730485037,0
CGTRNA_RS01315,CGTRNA_RS01310,1,0.9197530746459961,0.8532411456108093,0.9255011677742004,0.9798614382743835,0.9400981068611145,0.8925479650497437,0.9296855330467224,0.9653400778770447,0.8675774931907654,0.9167160391807556,0.9190322041511536,1
CGTRNA_RS01310,CGTRNA_RS01305,1,0.990969181060791,0.9698920845985413,0.9610981345176697,0.9806908965110779,0.9754397869110107,0.9750934839248657,0.9900076985359192,0.9902254939079285,0.977443277835846,0.8802443146705627,0.9691104352474212,1
CGTRNA_RS01270,CGTRNA_RS01265,1,0.992452085018158,0.9917977452278137,0.9886237978935242,0.9883197546005249,0.9849515557289124,0.9887748956680298,0.9809987545013428,0.993331253528595,0.9840148091316223,0.9879218935966492,0.9881186544895172,1
CGTRNA_RS01265,CGTRNA_RS01260,0,0.22966426610946655,0.11944589763879776,0.3511742353439331,0.17090149223804474,0.054457876831293106,0.13766765594482422,0.19021056592464447,0.22949939966201782,0.14481312036514282,0.1174919605255127,0.17453264705836774,0
CGTRNA_RS01260,CGTRNA_RS01240,0,0.0043558175675570965,0.005899340845644474,0.009281114675104618,0.003934571985155344,0.0018898770213127136,0.02655000425875187,0.005096190609037876,0.0038538146764039993,0.004289714619517326,0.0027829832397401333,0.006793342949822545,0
CGTRNA_RS01240,CGTRNA_RS01200,0,0.0010073957964777946,0.0016058175824582577,0.001364756841212511,0.002627091947942972,0.0005588055355474353,0.0008403434767387807,0.001069727004505694,0.0003321869298815727,0.0014205031329765916,0.00034018891165032983,0.001116681715939194,0
CGTRNA_RS01200,CGTRNA_RS01170,0,0.002868080511689186,0.002060005906969309,0.004758886992931366,0.0036005962174385786,0.0006484210607595742,0.0031741897109895945,0.001273833797313273,0.010937312617897987,0.00355036580003798,0.0020926303695887327,0.003496432298561558,0
CGTRNA_RS01170,CGTRNA_RS01165,0,0.36614909768104553,0.21849465370178223,0.2540886104106903,0.30303147435188293,0.15551336109638214,0.3938770890235901,0.2082923799753189,0.09374173730611801,0.2886223793029785,0.256919801235199,0.2538730584084988,0
CGTRNA_RS01165,CGTRNA_RS01145,0,0.009050644002854824,0.0021300760563462973,0.012880105525255203,0.008303247392177582,0.0029321692418307066,0.007025926373898983,0.007243810221552849,0.02916419692337513,0.010127050802111626,0.009090885519981384,0.009794811205938458,0
CGTRNA_RS01145,CGTRNA_RS01140,1,0.9797177910804749,0.9698485136032104,0.9530353546142578,0.9791861772537231,0.9733464121818542,0.9767082333564758,0.9896077513694763,0.9832056164741516,0.9450350403785706,0.9414637088775635,0.9691154599189759,1
CGTRNA_RS01140,CGTRNA_RS01135,1,0.9928807616233826,0.9805229902267456,0.9731756448745728,0.9712050557136536,0.9849433302879333,0.9775676727294922,0.9811921119689941,0.9837051630020142,0.9677375555038452,0.9727690815925598,0.9785699367523193,1
CGTRNA_RS01135,CGTRNA_RS01125,0,0.10843700170516968,0.03159750625491142,0.07639620453119278,0.04768959805369377,0.021285315975546837,0.06985148787498474,0.31391680240631104,0.10471208393573761,0.0849822387099266,0.10969659686088562,0.09685648363083602,0
CGTRNA_RS01125,CGTRNA_RS01120,1,0.9770821928977966,0.9747830033302307,0.9595398306846619,0.9860967993736267,0.9800796508789062,0.9831494688987732,0.987532913684845,0.9797444939613342,0.9684224724769592,0.9335046410560608,0.9729935467243195,1
CGTRNA_RS01120,CGTRNA_RS01115,1,0.9498016834259033,0.9907261729240417,0.978596031665802,0.9891259670257568,0.9701136946678162,0.972346842288971,0.9553782939910889,0.9455142617225647,0.9681520462036133,0.9797649383544922,0.969951993227005,1
CGTRNA_RS01115,CGTRNA_RS01110,1,0.9693352580070496,0.9796692728996277,0.9743675589561462,0.9813169836997986,0.9940731525421143,0.9626274704933167,0.8816327452659607,0.9853112101554871,0.9626134634017944,0.9739512801170349,0.966489839553833,1
CGTRNA_RS01110,CGTRNA_RS01105,1,0.9740760326385498,0.984306812286377,0.9781875014305115,0.9902704954147339,0.9772788286209106,0.9609438180923462,0.9746617078781128,0.9841585755348206,0.9720840454101562,0.9342710971832275,0.9730238914489746,1
CGTRNA_RS01105,CGTRNA_RS01100,1,0.9819816946983337,0.9911392331123352,0.9918864369392395,0.9969931840896606,0.987638533115387,0.9914978742599487,0.9922716617584229,0.9895919561386108,0.9896520972251892,0.9633198380470276,0.9875972509384155,1
CGTRNA_RS01100,CGTRNA_RS01095,1,0.9788488149642944,0.98961341381073,0.9858859777450562,0.9798092246055603,0.9895067811012268,0.9778802990913391,0.989702582359314,0.9861714243888855,0.9719439744949341,0.9764897227287292,0.982585221529007,1
CGTRNA_RS01095,CGTRNA_RS01080,0,0.06801964342594147,0.06131530925631523,0.07707950472831726,0.0465112067759037,0.016020499169826508,0.08691968768835068,0.07529659569263458,0.030849836766719818,0.030737582594156265,0.07105529308319092,0.05638051591813564,0
CGTRNA_RS01080,CGTRNA_RS01065,0,0.32283148169517517,0.3518698215484619,0.297116756439209,0.490558385848999,0.2564501166343689,0.2051575928926468,0.34968316555023193,0.28259792923927307,0.1750769019126892,0.31478288769721985,0.3046125039458275,0
CGTRNA_RS01065,CGTRNA_RS01060,1,0.6222048997879028,0.712871253490448,0.8115670680999756,0.8526325225830078,0.668363630771637,0.6217287182807922,0.9070477485656738,0.5162199139595032,0.822712242603302,0.6652319431304932,0.7200579941272736,1
CGTRNA_RS01040,CGTRNA_RS01035,1,0.6902197599411011,0.8277921676635742,0.8477599024772644,0.9537774920463562,0.864378035068512,0.6967207193374634,0.9169164896011353,0.9605196118354797,0.8920238018035889,0.8361260890960693,0.8486234068870544,1
CGTRNA_RS01035,CGTRNA_RS01000,0,0.0074835908599197865,0.00450493348762393,0.006590483244508505,0.0076199304312467575,0.0017878881189972162,0.0025831121020019054,0.004143505357205868,0.005910519510507584,0.007386347744613886,0.00403985008597374,0.005205016094259917,0
CGTRNA_RS01000,CGTRNA_RS00995,1,0.378213107585907,0.17899486422538757,0.3690754473209381,0.3569315969944,0.2596336007118225,0.18154224753379822,0.746344268321991,0.489003986120224,0.3499896228313446,0.2493080496788025,0.35590367913246157,0
CGTRNA_RS00995,CGTRNA_RS00990,1,0.9809473156929016,0.9726613759994507,0.9563341736793518,0.9772166609764099,0.9638569355010986,0.9396824836730957,0.9658517837524414,0.9651505351066589,0.9528133273124695,0.934162437915802,0.960867702960968,1
CGTRNA_RS00990,CGTRNA_RS00985,0,0.7492409348487854,0.8897495269775391,0.731823742389679,0.7223996520042419,0.7061856985092163,0.7902202606201172,0.7134312987327576,0.6281875967979431,0.5485463738441467,0.6021943688392639,0.708197945356369,1
CGTRNA_RS00985,CGTRNA_RS00980,1,0.8848515748977661,0.9855629205703735,0.9393914937973022,0.9775543212890625,0.9715752005577087,0.9308541417121887,0.967620849609375,0.9480307102203369,0.9420540928840637,0.9544225931167603,0.9501917898654938,1
CGTRNA_RS00960,CGTRNA_RS00950,0,0.003862211247906089,0.003261781530454755,0.006994267925620079,0.004990102257579565,0.001393925747834146,0.0011641646269708872,0.0035645542666316032,0.001791864400729537,0.00938386283814907,0.002859249245375395,0.003926598408725113,0
CGTRNA_RS00950,CGTRNA_RS00940,0,0.10225090384483337,0.018456997349858284,0.0334317646920681,0.06663759052753448,0.04357653111219406,0.03271740674972534,0.06418132036924362,0.037604231387376785,0.036741334944963455,0.08877068758010864,0.05243687685579061,0
CGTRNA_RS00940,CGTRNA_RS00935,0,0.9847919344902039,0.9831231236457825,0.966432511806488,0.9779673218727112,0.9784893989562988,0.9830583333969116,0.9731394052505493,0.9893661737442017,0.9755982756614685,0.9750983715057373,0.9787064850330353,1
CGTRNA_RS00935,CGTRNA_RS00895,0,0.0009548036032356322,0.001098572975024581,0.002093332353979349,0.0015868563205003738,0.00030878669349476695,0.001746632275171578,0.0017550187185406685,0.0007851783302612603,0.0017031481256708503,0.0004266950418241322,0.0012459024437703192,0
CGTRNA_RS00895,CGTRNA_RS00830,0,0.0025771555956453085,0.0008233277476392686,0.0009471618686802685,0.0027560493908822536,0.00019170310406479985,0.0010470841079950333,0.000931657268665731,0.00205496558919549,0.0021250725258141756,0.0025010660756379366,0.0015955243274220266,0
CGTRNA_RS00830,CGTRNA_RS00815,0,0.020554358139634132,0.008907594718039036,0.0320403166115284,0.041150666773319244,0.00812606979161501,0.06376342475414276,0.05466561019420624,0.02395801991224289,0.017697952687740326,0.013502873480319977,0.0284366887062788,0
CGTRNA_RS00815,CGTRNA_RS00800,0,0.07084354013204575,0.02328953705728054,0.046239595860242844,0.040619995445013046,0.025355452671647072,0.19941748678684235,0.07782527059316635,0.05834930017590523,0.03188939392566681,0.040272485464811325,0.06141020581126213,0
CGTRNA_RS00800,CGTRNA_RS00760,0,0.001703949412330985,0.001411029021255672,0.0011932640336453915,0.0017156171379610896,0.00020189695351291448,0.002338277641683817,0.0016411428805440664,0.0015729631995782256,0.003446388989686966,0.0006645036628469825,0.001588903293304611,0
CGTRNA_RS00760,CGTRNA_RS00755,0,0.7018417716026306,0.5064489841461182,0.6861423254013062,0.5968168377876282,0.5049219131469727,0.5168494582176208,0.4899265468120575,0.42891278862953186,0.7022745013237,0.7262516021728516,0.5860386729240418,1
CGTRNA_RS00755,CGTRNA_RS00740,0,0.0034755838569253683,0.0018709120340645313,0.012528697960078716,0.005804634187370539,0.00145734753459692,0.003465913003310561,0.0055064791813492775,0.007335586939007044,0.007086987141519785,0.003375943284481764,0.005190808512270451,0
CGTRNA_RS00740,CGTRNA_RS00735,1,0.9750363826751709,0.9885411262512207,0.9726840853691101,0.9869319200515747,0.9833510518074036,0.9776762127876282,0.9369615912437439,0.9790214896202087,0.9365119338035583,0.9803209900856018,0.9717036783695221,1
CGTRNA_RS00735,CGTRNA_RS00725,0,0.00583778228610754,0.001920047914609313,0.009533789940178394,0.004556805826723576,0.004334952216595411,0.012136943638324738,0.010997075587511063,0.01896747201681137,0.022472772747278214,0.013155089691281319,0.010391273186542094,0
CGTRNA_RS00725,CGTRNA_RS00710,0,0.02376970276236534,0.008624562993645668,0.03933637589216232,0.043411556631326675,0.012706350535154343,0.007790965028107166,0.012111082673072815,0.016500374302268028,0.0209389328956604,0.023724569007754326,0.020891447272151708,0
CGTRNA_RS00710,CGTRNA_RS00675,0,0.0027127787470817566,0.00045397545909509063,0.0036976493429392576,0.0030453484505414963,0.0006390555645339191,0.0010525734396651387,0.0009131809347309172,0.010834124870598316,0.006867989432066679,0.004356802441179752,0.0034573478682432325,0
CGTRNA_RS00675,CGTRNA_RS00670,1,0.9817790985107422,0.9668439030647278,0.9425076842308044,0.9667484760284424,0.9717028737068176,0.9678654670715332,0.9888654351234436,0.9608862996101379,0.9704540371894836,0.9164491891860962,0.963410246372223,1
CGTRNA_RS00670,CGTRNA_RS00665,0,0.770704984664917,0.8070605397224426,0.8014578819274902,0.8086162805557251,0.7658195495605469,0.7127971053123474,0.8288882970809937,0.8750930428504944,0.8774437308311462,0.8170428276062012,0.8064924240112304,1
CGTRNA_RS00665,CGTRNA_RS00660,0,0.8543670773506165,0.49306169152259827,0.8952786326408386,0.886403501033783,0.7924670577049255,0.788433849811554,0.9155747294425964,0.6841017603874207,0.7107580900192261,0.6564611196517944,0.7676907509565354,1
CGTRNA_RS00660,CGTRNA_RS00645,0,0.04007594659924507,0.04754612594842911,0.038414619863033295,0.05247758701443672,0.011452044360339642,0.057092830538749695,0.047456953674554825,0.06418567895889282,0.07411566376686096,0.020391516387462616,0.04532089671120047,0
CGTRNA_RS00645,CGTRNA_RS00635,0,0.0802840068936348,0.009718053042888641,0.07189817726612091,0.043187227100133896,0.009677845984697342,0.11939852684736252,0.1263102889060974,0.17313742637634277,0.04576793313026428,0.05232984945178032,0.07317093349993228,0
CGTRNA_RS00625,CGTRNA_RS00620,1,0.9799308776855469,0.9667550325393677,0.9757592082023621,0.9821388125419617,0.971163272857666,0.9665961861610413,0.9865293502807617,0.9826977849006653,0.9557110667228699,0.9534037113189697,0.9720685303211212,1
CGTRNA_RS00620,CGTRNA_RS00605,0,0.013829320669174194,0.01199636422097683,0.022911563515663147,0.020989835262298584,0.003417607396841049,0.061225585639476776,0.007628318388015032,0.02402961254119873,0.03896655514836311,0.018773484975099564,0.0223768247757107,0
CGTRNA_RS00605,CGTRNA_RS00600,0,0.9928438067436218,0.9927747845649719,0.9802832007408142,0.9892011880874634,0.9902773499488831,0.9906404614448547,0.9574599862098694,0.9943930506706238,0.9776314496994019,0.9912489652633667,0.9856754243373871,1
CGTRNA_RS00600,CGTRNA_RS00595,0,0.8819565176963806,0.96077561378479,0.9481059908866882,0.9692286849021912,0.9489924907684326,0.8495610356330872,0.8490862846374512,0.8239789605140686,0.9421064257621765,0.8858535885810852,0.9059645593166351,1
CGTRNA_RS00595,CGTRNA_RS00585,0,0.021265793591737747,0.0014560081763193011,0.035704053938388824,0.011730811558663845,0.0013897590106353164,0.007425782736390829,0.017920365557074547,0.021854624152183533,0.004657350946217775,0.019862016662955284,0.014326656633056701,0
CGTRNA_RS00520,CGTRNA_RS00515,1,0.9239883422851562,0.9619110822677612,0.9237910509109497,0.9738597869873047,0.9310464859008789,0.9170241951942444,0.9737655520439148,0.9290525317192078,0.9104505777359009,0.9041383862495422,0.934902799129486,1
CGTRNA_RS00515,CGTRNA_RS00510,1,0.6077200770378113,0.6891675591468811,0.49858325719833374,0.7752829790115356,0.640949547290802,0.6755026578903198,0.8381816744804382,0.31067442893981934,0.5324287414550781,0.5081993937492371,0.6076690316200256,1
CGTRNA_RS00510,CGTRNA_RS00505,0,0.36623814702033997,0.31361833214759827,0.220578134059906,0.21562321484088898,0.07677941024303436,0.23126885294914246,0.3702850639820099,0.485258013010025,0.3045898973941803,0.07774008065462112,0.2661979146301746,0
CGTRNA_RS00505,CGTRNA_RS00465,0,0.00510757090523839,0.0012246997794136405,0.004651329014450312,0.0050631179474294186,0.001755241770297289,0.004528205841779709,0.002386461477726698,0.011890093795955181,0.022918973118066788,0.007590039167553186,0.006711573281791061,0
CGTRNA_RS00465,CGTRNA_RS00455,0,0.1704278588294983,0.04043036699295044,0.20207686722278595,0.2882940173149109,0.03875615820288658,0.28001636266708374,0.055182479321956635,0.33448100090026855,0.19509673118591309,0.2018464207649231,0.18066082634031772,0
CGTRNA_RS00455,CGTRNA_RS00450,0,0.695054292678833,0.8310428261756897,0.8853676915168762,0.9047439694404602,0.8346606492996216,0.7504560947418213,0.8915761709213257,0.8268048763275146,0.898536741733551,0.8070958256721497,0.8325339138507843,1
CGTRNA_RS00450,CGTRNA_RS00440,0,0.03638088330626488,0.050515323877334595,0.11639796197414398,0.027084462344646454,0.1247812807559967,0.06838385760784149,0.06912136822938919,0.05415734276175499,0.1198214739561081,0.047393519431352615,0.0714037474244833,0
CGTRNA_RS00440,CGTRNA_RS00430,0,0.06460647284984589,0.2066069096326828,0.20565490424633026,0.1766858696937561,0.11462150514125824,0.1149863749742508,0.11285380274057388,0.06565631181001663,0.09091992676258087,0.09548558294773102,0.12480776607990265,0
CGTRNA_RS00430,CGTRNA_RS00425,0,0.7180319428443909,0.12347246706485748,0.3040229380130768,0.32004258036613464,0.1417771428823471,0.28477776050567627,0.6564010977745056,0.25526079535484314,0.2571469247341156,0.277206689119339,0.33381403386592867,0
CGTRNA_RS00380,CGTRNA_RS00365,0,0.017079081386327744,0.006254967767745256,0.016513612121343613,0.016873428598046303,0.009112884290516376,0.006968581583350897,0.007926387712359428,0.011546784080564976,0.020761732012033463,0.02013913355767727,0.013317659310996533,0
CGTRNA_RS00365,CGTRNA_RS00360,0,0.6047028303146362,0.6069180965423584,0.31379732489585876,0.47572797536849976,0.2238333523273468,0.4636473059654236,0.7419859766960144,0.8309968113899231,0.4161166846752167,0.16700688004493713,0.48447332382202146,0
CGTRNA_RS00360,CGTRNA_RS00350,0,0.0010563535615801811,0.0023107975721359253,0.0009569186950102448,0.0027772076427936554,0.001169700757600367,0.000823715643491596,0.0013252005446702242,0.000931923626922071,0.005582100711762905,0.0008889458840712905,0.001782286464003846,0
CGTRNA_RS00350,CGTRNA_RS00340,0,0.009981770999729633,0.003525647334754467,0.010968398302793503,0.014997648075222969,0.00769837899133563,0.017117587849497795,0.018408363685011864,0.00302768568508327,0.007184687070548534,0.008817769587039948,0.010172793758101761,0
CGTRNA_RS00340,CGTRNA_RS00335,1,0.9594977498054504,0.9346667528152466,0.9723312854766846,0.9864431023597717,0.9525477886199951,0.9428481459617615,0.9610575437545776,0.9464359283447266,0.9466659426689148,0.9533830285072327,0.9555877268314361,1
CGTRNA_RS00335,CGTRNA_RS00305,0,0.0027287639677524567,0.0037727546878159046,0.002955375239253044,0.0030302891973406076,0.0005118190310895443,0.002297085477039218,0.0013245214940980077,0.0015955984126776457,0.007643508724868298,0.0026947392616420984,0.0028554455493576825,0
CGTRNA_RS00305,CGTRNA_RS00300,0,0.9920452237129211,0.9782124757766724,0.9581721425056458,0.9720740914344788,0.9816657900810242,0.9800323247909546,0.9891296029090881,0.9709087610244751,0.9776884317398071,0.9598514437675476,0.9759780287742614,1
CGTRNA_RS00300,CGTRNA_RS00295,0,0.9885299801826477,0.9869891405105591,0.9678484201431274,0.9830877184867859,0.9831978678703308,0.9885477423667908,0.9841858148574829,0.9885678887367249,0.9808211326599121,0.9859585165977478,0.9837734222412109,1
CGTRNA_RS00295,CGTRNA_RS00280,0,0.005360445939004421,0.010832357220351696,0.013403262011706829,0.015835637226700783,0.007528035435825586,0.011355085298418999,0.012176772579550743,0.0020304119680076838,0.010695463046431541,0.005128534510731697,0.009434600523672999,0
CGTRNA_RS00280,CGTRNA_RS00275,0,0.5968977212905884,0.39668378233909607,0.5078597068786621,0.6076965928077698,0.5851731896400452,0.6560327410697937,0.7265749573707581,0.4028307795524597,0.6455336809158325,0.4732941687107086,0.5598577320575714,1
CGTRNA_RS00255,CGTRNA_RS00250,1,0.9501736164093018,0.9628137946128845,0.9614507555961609,0.9854702353477478,0.9635692238807678,0.9700326323509216,0.9570370316505432,0.9790633916854858,0.9712898135185242,0.9146444201469421,0.961554491519928,1
CGTRNA_RS00250,CGTRNA_RS00245,1,0.9899702668190002,0.9676533341407776,0.9520109295845032,0.9799270629882812,0.9765105843544006,0.9728015661239624,0.991338312625885,0.9804829955101013,0.9644977450370789,0.9409157037734985,0.9716108500957489,1
CGTRNA_RS00245,CGTRNA_RS00240,1,0.9890294075012207,0.9738093018531799,0.967897891998291,0.978299617767334,0.9763309359550476,0.9784599542617798,0.9895828366279602,0.9813697338104248,0.9712099432945251,0.9596716165542603,0.9765661239624024,1
CGTRNA_RS00240,CGTRNA_RS00235,1,0.9853616952896118,0.9675122499465942,0.9721795320510864,0.975807249546051,0.9739354848861694,0.9703789949417114,0.9889715909957886,0.9636279344558716,0.9604372978210449,0.9542040824890137,0.9712416112422944,1
CGTRNA_RS00235,CGTRNA_RS00230,1,0.9828088283538818,0.9864014983177185,0.9601569175720215,0.9845219254493713,0.9893215298652649,0.9807606935501099,0.9817505478858948,0.9871495962142944,0.9776359796524048,0.9845119714736938,0.9815019488334655,1
CGTRNA_RS00230,CGTRNA_RS00225,1,0.9885677695274353,0.9808456897735596,0.9725289344787598,0.9785546064376831,0.985900342464447,0.9806448221206665,0.9855489134788513,0.9829924702644348,0.9715237617492676,0.9710467457771301,0.9798154056072235,1
CGTRNA_RS00225,CGTRNA_RS00220,1,0.5013453960418701,0.6140466928482056,0.31590187549591064,0.5330273509025574,0.13241484761238098,0.462495893239975,0.832020103931427,0.5897965431213379,0.49299612641334534,0.21700651943683624,0.4691051349043846,0
CGTRNA_RS00150,CGTRNA_RS00145,0,0.2820489704608917,0.3116104006767273,0.4106348752975464,0.33519458770751953,0.331204354763031,0.18839067220687866,0.4297730624675751,0.4244999587535858,0.3631688952445984,0.19376692175865173,0.3270292699337006,0
CGTRNA_RS00100,CGTRNA_RS00095,1,0.9927411675453186,0.9915009140968323,0.9799653887748718,0.989186704158783,0.9899730086326599,0.987847626209259,0.9864033460617065,0.9936646819114685,0.9837513566017151,0.9913930296897888,0.9886427223682404,1
CGTRNA_RS00095,CGTRNA_RS00080,0,0.017657006159424782,0.028224211186170578,0.05568017065525055,0.019116055220365524,0.0022425279021263123,0.1517384648323059,0.026598133146762848,0.056363560259342194,0.020110277459025383,0.026869891211390495,0.04046002980321646,0
CGTRNA_RS00080,CGTRNA_RS00055,0,0.007135188672691584,0.02168313041329384,0.023998906835913658,0.011094192042946815,0.006656043231487274,0.00998668186366558,0.003943138290196657,0.0887024775147438,0.06056296080350876,0.024920513853430748,0.02586832335218787,0
CGTRNA_RS00055,CGTRNA_RS00050,1,0.9900221228599548,0.9780904650688171,0.9737263321876526,0.9737618565559387,0.9787852168083191,0.9736911654472351,0.991581916809082,0.9778944253921509,0.958259105682373,0.9524379968643188,0.9748250603675842,1
CGTRNA_RS00050,CGTRNA_RS00045,0,0.6777341365814209,0.3760319650173187,0.6155756115913391,0.7785289287567139,0.3434346318244934,0.5706724524497986,0.7101819515228271,0.6375060677528381,0.6475160717964172,0.4990491271018982,0.5856230944395066,1
CGTRNA_RS00045,CGTRNA_RS00040,0,0.25424331426620483,0.1576974093914032,0.31223273277282715,0.39105623960494995,0.2693885564804077,0.24001719057559967,0.2537310719490051,0.16306860744953156,0.47187745571136475,0.22301912307739258,0.27363317012786864,0
CGTRNA_RS00040,CGTRNA_RS00035,1,0.7009194493293762,0.4960954189300537,0.7725451588630676,0.8570660948753357,0.3874456584453583,0.7844089865684509,0.5717483162879944,0.3452812731266022,0.5927366614341736,0.6169306039810181,0.6125177621841431,1
