name_1,name_2,true,prob_0,prob_1,prob_2,prob_3,prob_4,prob_5,prob_6,prob_7,prob_8,prob_9,prob,pred
CGTRNA_RS00005,CGTRNA_RS00010,0,0.07041686773300171,0.14297987520694733,0.06567628681659698,0.02549031935632229,0.0822937935590744,0.13593465089797974,0.10436193645000458,0.06596419960260391,0.08819195628166199,0.053901273757219315,0.08352111596614123,0
CGTRNA_RS00010,CGTRNA_RS00015,1,0.9583011269569397,0.9217870831489563,0.9667787551879883,0.9753235578536987,0.8910987377166748,0.9099357724189758,0.9692782163619995,0.8696361780166626,0.9187900424003601,0.9621047377586365,0.9343034207820893,1
CGTRNA_RS00015,CGTRNA_RS00020,1,0.9484137296676636,0.8518118262290955,0.8755364418029785,0.7949963808059692,0.8163512945175171,0.8963804841041565,0.8444138765335083,0.7634326219558716,0.935014545917511,0.7983647584915161,0.8524715960025787,1
CGTRNA_RS00020,CGTRNA_RS00025,1,0.45739901065826416,0.640067458152771,0.369158536195755,0.5078093409538269,0.43957823514938354,0.5219740271568298,0.5974248051643372,0.3496011793613434,0.48563969135284424,0.4617924690246582,0.48304447531700134,0
CGTRNA_RS00025,CGTRNA_RS00030,0,0.26033347845077515,0.12959367036819458,0.16382011771202087,0.031054917722940445,0.07898949831724167,0.2643728256225586,0.17427657544612885,0.08788787573575974,0.09174668788909912,0.11373930424451828,0.13958149515092372,0
CGTRNA_RS00030,CGTRNA_RS00060,0,0.0012335935607552528,0.004285803996026516,0.031431470066308975,0.000946034153457731,0.003344278084114194,0.008159520104527473,0.0034840269945561886,0.0017207879573106766,0.0038588736206293106,0.0002924524014815688,0.005875684093916788,0
CGTRNA_RS00060,CGTRNA_RS00065,1,0.9844682216644287,0.9860364198684692,0.9815177917480469,0.9789296984672546,0.9701552391052246,0.9679898619651794,0.9886235594749451,0.9795750379562378,0.9769787788391113,0.9588761329650879,0.9773150742053985,1
CGTRNA_RS00085,CGTRNA_RS00090,1,0.9296457171440125,0.958297848701477,0.9351724982261658,0.9361026287078857,0.9246165156364441,0.9553560018539429,0.958723783493042,0.9320346713066101,0.9536567330360413,0.923888623714447,0.9407495021820068,1
CGTRNA_RS00090,CGTRNA_RS00105,0,0.0029254574328660965,0.0010995903285220265,0.0015143703203648329,0.00836243387311697,0.0066577051766216755,0.016949407756328583,0.0046884045004844666,0.001143410918302834,0.008865058422088623,0.009944372810423374,0.0062150211539119486,0
CGTRNA_RS00105,CGTRNA_RS00110,1,0.9703519344329834,0.9207382798194885,0.9030379056930542,0.8985335230827332,0.7510265707969666,0.9150663614273071,0.9134097695350647,0.8358457088470459,0.8890469670295715,0.9002969264984131,0.8897353947162628,1
CGTRNA_RS00110,CGTRNA_RS00115,0,0.0656495988368988,0.022447483614087105,0.06268665939569473,0.015538278967142105,0.02297258749604225,0.056820593774318695,0.014832595363259315,0.019273463636636734,0.038088079541921616,0.006912611424922943,0.03252219520509243,0
CGTRNA_RS00170,CGTRNA_RS00175,1,0.9776540398597717,0.9607199430465698,0.9523264765739441,0.9324319958686829,0.8771323561668396,0.9538350105285645,0.9662780165672302,0.9208430051803589,0.9485728144645691,0.8957998752593994,0.938559353351593,1
CGTRNA_RS00175,CGTRNA_RS00180,1,0.9580473303794861,0.6832166314125061,0.8457899689674377,0.706214964389801,0.9016810655593872,0.9617629051208496,0.6791788935661316,0.9285078644752502,0.9620760679244995,0.7624879479408264,0.8388963639736176,1
CGTRNA_RS00180,CGTRNA_RS00190,0,0.024135924875736237,0.013050496578216553,0.08836643397808075,0.006491565145552158,0.017452238127589226,0.04174087196588516,0.023183487355709076,0.015814680606126785,0.01941682957112789,0.005246216896921396,0.025489874510094525,0
CGTRNA_RS00190,CGTRNA_RS00195,0,0.43177294731140137,0.19249692559242249,0.5288606286048889,0.037764064967632294,0.2729473412036896,0.3919718265533447,0.35156527161598206,0.1335533857345581,0.15646393597126007,0.15259914100170135,0.2649995468556881,0
CGTRNA_RS00195,CGTRNA_RS00205,0,0.004976618569344282,0.00936671532690525,0.0037592099979519844,0.001235414994880557,0.002890224102884531,0.017805375158786774,0.008149562403559685,0.006387924309819937,0.013166384771466255,0.002516979118809104,0.007025440875440836,0
CGTRNA_RS00205,CGTRNA_RS00210,0,0.9622353315353394,0.8649922013282776,0.885076105594635,0.7709558606147766,0.789817214012146,0.8818691372871399,0.7852233648300171,0.687287449836731,0.8980317711830139,0.644731879234314,0.817022031545639,1
CGTRNA_RS00285,CGTRNA_RS00290,0,0.4885905086994171,0.4413948655128479,0.35343804955482483,0.1486431509256363,0.37287312746047974,0.40859538316726685,0.4341220259666443,0.21440555155277252,0.25261345505714417,0.3227704167366028,0.34374465346336364,0
CGTRNA_RS00290,CGTRNA_RS00310,0,0.0015073890099301934,0.006320860702544451,0.005625181831419468,0.0005358923226594925,0.013140810653567314,0.01219580601900816,0.01732155866920948,0.005981838330626488,0.011383863165974617,0.00073625409277156,0.007474945479771122,0
CGTRNA_RS00310,CGTRNA_RS00315,0,0.25887158513069153,0.12050884962081909,0.06284666806459427,0.05732519179582596,0.1419549286365509,0.19203585386276245,0.06677831709384918,0.03892545402050018,0.20172610878944397,0.0353645384311676,0.11763374954462051,0
CGTRNA_RS00315,CGTRNA_RS00320,0,0.4575370252132416,0.400892436504364,0.4397662878036499,0.2435021698474884,0.3499598801136017,0.5334547758102417,0.16965487599372864,0.20173931121826172,0.3633202910423279,0.20554350316524506,0.33653705567121506,0
CGTRNA_RS00320,CGTRNA_RS00325,0,0.9670606851577759,0.9496198296546936,0.8596272468566895,0.9168347120285034,0.886155366897583,0.9266472458839417,0.874127209186554,0.9417848587036133,0.8797183036804199,0.9478762149810791,0.9149451673030853,1
CGTRNA_RS00325,CGTRNA_RS00330,0,0.9671438336372375,0.9576787948608398,0.966094970703125,0.9733573198318481,0.9298892617225647,0.9580401182174683,0.9850490093231201,0.9528568387031555,0.9726132154464722,0.9514220356941223,0.9614145398139954,1
CGTRNA_RS00330,CGTRNA_RS00345,0,0.004589150194078684,0.005580192431807518,0.002147478284314275,0.008264532312750816,0.019940899685025215,0.022451506927609444,0.0029902844689786434,0.009534713812172413,0.024249713867902756,0.0024935922119766474,0.010224206419661642,0
CGTRNA_RS00345,CGTRNA_RS00355,0,0.0028861018363386393,0.005463939160108566,0.008217749185860157,0.0007616404909640551,0.004514200612902641,0.011560382321476936,0.0025013110134750605,0.0030432844068855047,0.008936045691370964,0.0010022885398939252,0.004888694325927645,0
CGTRNA_RS00355,CGTRNA_RS00370,0,0.014136881567537785,0.0077746110036969185,0.01372801885008812,0.010131376795470715,0.029674656689167023,0.03580920398235321,0.02681918442249298,0.010945001617074013,0.019796790555119514,0.009037806652486324,0.01778535321354866,0
CGTRNA_RS00370,CGTRNA_RS00375,1,0.9801135063171387,0.9557249546051025,0.8999434113502502,0.913888692855835,0.9082115888595581,0.958210289478302,0.9416493773460388,0.9301100373268127,0.970068633556366,0.9413692355155945,0.9399289727210999,1
CGTRNA_RS00375,CGTRNA_RS00385,0,0.004700194578617811,0.005981702357530594,0.04360656067728996,0.0022751041688024998,0.0057746730744838715,0.015010325238108635,0.012185669504106045,0.0046961246989667416,0.007437156513333321,0.0022221612744033337,0.010388967208564281,0
CGTRNA_RS00385,CGTRNA_RS00390,1,0.8312008380889893,0.5768716335296631,0.7169809937477112,0.8328694701194763,0.7043734788894653,0.7214108109474182,0.8427159786224365,0.5806119441986084,0.7818038463592529,0.8225972056388855,0.7411436200141907,1
CGTRNA_RS00390,CGTRNA_RS00395,0,0.8914406299591064,0.8891355395317078,0.921290934085846,0.8715027570724487,0.8693759441375732,0.8934116363525391,0.8042439818382263,0.7767161726951599,0.9587986469268799,0.8147435784339905,0.8690659821033477,1
CGTRNA_RS00395,CGTRNA_RS00400,0,0.9701114892959595,0.8976041674613953,0.8794195055961609,0.7509874701499939,0.8430010676383972,0.931117594242096,0.8461446166038513,0.8928114175796509,0.9255315065383911,0.854873776435852,0.8791602611541748,1
CGTRNA_RS00445,CGTRNA_RS00460,0,0.00040499886381439865,0.0009404760203324258,0.0013206242583692074,0.0005171526572667062,0.0007253772346302867,0.0032356353476643562,0.00044010969577357173,0.0004936601035296917,0.0009382698335684836,0.00018323167751077563,0.0009199535692459903,0
CGTRNA_RS00460,CGTRNA_RS00470,0,0.0052416580729186535,0.023718249052762985,0.026615753769874573,0.002666835207492113,0.016811968758702278,0.021143680438399315,0.014617113396525383,0.018700914457440376,0.013931026682257652,0.005900145974010229,0.014934734581038356,0
CGTRNA_RS00470,CGTRNA_RS00475,1,0.9180465936660767,0.971186101436615,0.9829288125038147,0.9854065775871277,0.9460641145706177,0.9532476663589478,0.9935329556465149,0.9593577980995178,0.9578375816345215,0.9500482082366943,0.9617656409740448,1
CGTRNA_RS00475,CGTRNA_RS00480,1,0.9539902210235596,0.9238000512123108,0.9084270000457764,0.8952624797821045,0.6749531626701355,0.8823367357254028,0.901840329170227,0.8673608303070068,0.8550098538398743,0.9048065543174744,0.8767787218093872,1
CGTRNA_RS00480,CGTRNA_RS00485,1,0.9766802787780762,0.9611555337905884,0.961527407169342,0.9676074981689453,0.9078028202056885,0.9504416584968567,0.9874318242073059,0.9460732340812683,0.9377957582473755,0.9685510396957397,0.9565067052841186,1
CGTRNA_RS00485,CGTRNA_RS00490,1,0.9852221012115479,0.9613610506057739,0.9580487012863159,0.9588155746459961,0.9182225465774536,0.9812235832214355,0.9463413953781128,0.9717699885368347,0.987176775932312,0.9474694132804871,0.9615651130676269,1
CGTRNA_RS00490,CGTRNA_RS00495,1,0.9807047247886658,0.9516537189483643,0.9407743811607361,0.9773492217063904,0.9090158939361572,0.9602822065353394,0.9738104939460754,0.9518464207649231,0.9400745034217834,0.9411853551864624,0.9526696920394897,1
CGTRNA_RS00495,CGTRNA_RS00500,1,0.9671851992607117,0.9545996189117432,0.8985246419906616,0.910268247127533,0.7161328792572021,0.895773708820343,0.9364511966705322,0.8211641311645508,0.8855336308479309,0.8680621981620789,0.8853695452213287,1
CGTRNA_RS00500,CGTRNA_RS00525,0,0.0011512109776958823,0.0015724323457106948,0.003660074435174465,0.005175001919269562,0.020085269585251808,0.017170481383800507,0.009393366985023022,0.0032494182232767344,0.005908934399485588,0.003641776740550995,0.007100796699523926,0
CGTRNA_RS00525,CGTRNA_RS00545,0,0.007478240877389908,0.028866641223430634,0.008089815266430378,0.002231336897239089,0.008560553193092346,0.0313844233751297,0.014920344576239586,0.014764083549380302,0.023419534787535667,0.008309257216751575,0.014802423096261919,0
CGTRNA_RS00545,CGTRNA_RS00550,0,0.3171667456626892,0.4888322949409485,0.609103798866272,0.41728475689888,0.29722386598587036,0.4460836946964264,0.6228989362716675,0.22638601064682007,0.26191073656082153,0.17329123616218567,0.3860182076692581,0
CGTRNA_RS00550,CGTRNA_RS00555,0,0.5492206811904907,0.7526333928108215,0.5997436046600342,0.5580080151557922,0.7953700423240662,0.7690088748931885,0.5559222102165222,0.6250151991844177,0.8761500716209412,0.4028681516647339,0.6483940243721008,1
CGTRNA_RS00555,CGTRNA_RS00560,1,0.9600158333778381,0.9685775637626648,0.9707571268081665,0.9764500260353088,0.9540939331054688,0.953763484954834,0.9848645329475403,0.9380004405975342,0.9736496210098267,0.8974213600158691,0.9577593922615051,1
CGTRNA_RS00560,CGTRNA_RS00565,1,0.6025972366333008,0.8658284544944763,0.8859050273895264,0.9316794872283936,0.8146984577178955,0.7478349804878235,0.9385675191879272,0.8389777541160583,0.7720547318458557,0.8293668031692505,0.8227510452270508,1
CGTRNA_RS00565,CGTRNA_RS00570,1,0.9881020784378052,0.9726433753967285,0.9484565854072571,0.9803595542907715,0.9671638011932373,0.9867650866508484,0.9914032816886902,0.9693382978439331,0.9855521321296692,0.9836953282356262,0.9773479521274566,1
CGTRNA_RS00570,CGTRNA_RS00590,0,0.0005028891027905047,0.0010386791545897722,0.0005596138653345406,0.0024281300138682127,0.004076761659234762,0.007670577149838209,0.004804106894880533,0.0009300404926761985,0.001708181924186647,0.0005632671527564526,0.002428224741015583,0
CGTRNA_RS00590,CGTRNA_RS00610,0,0.0004421065968926996,0.00313489674590528,0.0003499527811072767,0.0003160224005114287,0.0008666099747642875,0.003755096346139908,0.0008301020716316998,0.0007785328780300915,0.0025487449020147324,0.0005374623578973114,0.0013559527054894716,0
CGTRNA_RS00610,CGTRNA_RS00615,1,0.9734125733375549,0.9576630592346191,0.9498969316482544,0.9366051554679871,0.9112138152122498,0.9508636593818665,0.9495260119438171,0.9722961783409119,0.9597935676574707,0.9513474106788635,0.9512618362903595,1
CGTRNA_RS00615,CGTRNA_RS00640,0,0.0013000413309782743,0.0009932813700288534,0.0004900855128653347,0.0003489377850200981,0.0014980336418375373,0.004956310614943504,0.0006679653888568282,0.0005890642642043531,0.003194401739165187,9.016940020956099e-05,0.001412829104810953,0
CGTRNA_RS00640,CGTRNA_RS00650,0,0.009022926911711693,0.005384268704801798,0.013584406115114689,0.003662187373265624,0.009418414905667305,0.0241105780005455,0.013181237503886223,0.012284946627914906,0.016605695709586143,0.0012523492332547903,0.010850701108574867,0
CGTRNA_RS00650,CGTRNA_RS00655,1,0.9484033584594727,0.8690950274467468,0.8892157077789307,0.8984491229057312,0.5662498474121094,0.8522626161575317,0.8387007117271423,0.5908202528953552,0.7796540856361389,0.800940215587616,0.8033790946006775,1
CGTRNA_RS00655,CGTRNA_RS00680,0,0.0018091256497427821,0.005373090505599976,0.0024793846532702446,0.000833930098451674,0.0016775713302195072,0.009693625383079052,0.005143262445926666,0.0015311663737520576,0.0024305819533765316,0.0008894475176930428,0.0031861185911111535,0
CGTRNA_RS00680,CGTRNA_RS00685,1,0.9504657983779907,0.9515389800071716,0.9246775507926941,0.9538912773132324,0.908953845500946,0.8963037729263306,0.966498851776123,0.7167943120002747,0.9109429717063904,0.8985034227371216,0.9078570783138276,1
CGTRNA_RS00685,CGTRNA_RS00690,1,0.9734789729118347,0.9506404995918274,0.9350414276123047,0.933410108089447,0.7986156940460205,0.9409464001655579,0.9485410451889038,0.8891904950141907,0.9031205177307129,0.9210532307624817,0.9194038391113282,1
CGTRNA_RS00690,CGTRNA_RS00695,1,0.9811407327651978,0.9603906869888306,0.9512963891029358,0.9755195379257202,0.9165323972702026,0.957180917263031,0.9747598171234131,0.9194823503494263,0.9510983228683472,0.9621285796165466,0.9549529731273652,1
CGTRNA_RS00695,CGTRNA_RS00700,0,0.860225260257721,0.8831844329833984,0.9173532724380493,0.9339255690574646,0.8359480500221252,0.9052006006240845,0.9259768128395081,0.818926990032196,0.9326744079589844,0.8354339003562927,0.8848849296569824,1
CGTRNA_RS00700,CGTRNA_RS00705,1,0.9226139783859253,0.936798632144928,0.8834683299064636,0.9574127793312073,0.9139263033866882,0.929040253162384,0.9609094262123108,0.8303452134132385,0.9234641194343567,0.8216634392738342,0.9079642474651337,1
CGTRNA_RS00705,CGTRNA_RS00715,0,0.00708745326846838,0.009744263254106045,0.011618303135037422,0.0013613790506497025,0.021167753264307976,0.032582517713308334,0.023355010896921158,0.01760140433907509,0.015634024515748024,0.0014179520076140761,0.01415700614452362,0
CGTRNA_RS00715,CGTRNA_RS00720,1,0.9820706248283386,0.9615336060523987,0.9481127858161926,0.9467385411262512,0.9391952753067017,0.9546588063240051,0.9623486399650574,0.9573947191238403,0.9694733023643494,0.9534885883331299,0.9575014889240265,1
CGTRNA_RS00720,CGTRNA_RS00730,0,0.04389555752277374,0.11544080078601837,0.06607432663440704,0.012625182047486305,0.018765481188893318,0.06715431064367294,0.03983808308839798,0.02616485022008419,0.032618384808301926,0.03135332092642784,0.04539302978664637,0
CGTRNA_RS00730,CGTRNA_RS00745,0,0.008711045607924461,0.01618642359972,0.012163867242634296,0.007608022540807724,0.0049512009136378765,0.02305641770362854,0.006701348815113306,0.00742538133636117,0.00882080476731062,0.004102724604308605,0.00997272371314466,0
CGTRNA_RS00745,CGTRNA_RS00750,1,0.6017796397209167,0.385903924703598,0.4781462550163269,0.35819458961486816,0.42557069659233093,0.4818548262119293,0.2981840968132019,0.4903411567211151,0.30085790157318115,0.5574657917022705,0.43782988786697385,0
CGTRNA_RS00775,CGTRNA_RS00780,1,0.8475914597511292,0.84743332862854,0.808011531829834,0.9129385948181152,0.7857087850570679,0.8968785405158997,0.8895030617713928,0.899045467376709,0.8361499309539795,0.860872209072113,0.858413290977478,1
CGTRNA_RS00780,CGTRNA_RS00785,1,0.9749550819396973,0.9458767175674438,0.9374192953109741,0.9298509955406189,0.82631516456604,0.9562498927116394,0.9346510171890259,0.9190575480461121,0.9733067750930786,0.9320412278175354,0.9329723715782166,1
CGTRNA_RS00785,CGTRNA_RS00790,1,0.9823905825614929,0.9538843631744385,0.9839472770690918,0.9827585220336914,0.9211161732673645,0.9632837176322937,0.9875978231430054,0.9613927602767944,0.9567192196846008,0.9579731822013855,0.9651063621044159,1
CGTRNA_RS00790,CGTRNA_RS00795,1,0.5423561334609985,0.2625967562198639,0.47514259815216064,0.11428724974393845,0.45908743143081665,0.427918404340744,0.3865692615509033,0.1342911422252655,0.33184027671813965,0.08948148787021637,0.3223570741713047,0
CGTRNA_RS00810,CGTRNA_RS00820,0,0.0015491136582568288,0.0012724222615361214,0.00016565070836804807,0.0019767694175243378,0.002856191946193576,0.008506841026246548,0.0012014878448098898,0.001340624294243753,0.003538928460329771,0.0011149876518175006,0.0023523017269326376,0
CGTRNA_RS00820,CGTRNA_RS00825,1,0.9813480973243713,0.9572575092315674,0.9642777442932129,0.9276971220970154,0.909786581993103,0.9569646120071411,0.9619457125663757,0.9575117826461792,0.9703900218009949,0.9203094244003296,0.950748860836029,1
CGTRNA_RS00825,CGTRNA_RS00835,0,0.017244085669517517,0.009769126772880554,0.004527651704847813,0.006961596664041281,0.004246243741363287,0.044457901269197464,0.0036646120715886354,0.0026919713709503412,0.013014093041419983,0.0017074302304536104,0.010828471253626048,0
CGTRNA_RS00835,CGTRNA_RS00840,1,0.8590571284294128,0.8749894499778748,0.8893125057220459,0.7551583647727966,0.8529723882675171,0.8486942648887634,0.9120379686355591,0.651877224445343,0.9265303611755371,0.826435923576355,0.8397065579891205,1
CGTRNA_RS00840,CGTRNA_RS00845,1,0.9683874249458313,0.9299691319465637,0.896607518196106,0.9453370571136475,0.8717765808105469,0.9373674392700195,0.9359397292137146,0.9000052213668823,0.9260099530220032,0.9422784447669983,0.9253678500652314,1
CGTRNA_RS00845,CGTRNA_RS00850,1,0.9689226150512695,0.9173674583435059,0.9511886835098267,0.9543150067329407,0.8409894704818726,0.9012721180915833,0.9235270023345947,0.9158510565757751,0.8553320169448853,0.9239407181739807,0.9152706146240235,1
CGTRNA_RS00850,CGTRNA_RS00855,1,0.9725862145423889,0.9628527760505676,0.894829511642456,0.9595368504524231,0.860945463180542,0.9172098636627197,0.9046724438667297,0.8874154090881348,0.9113324880599976,0.9456558227539062,0.9217036843299866,1
CGTRNA_RS00855,CGTRNA_RS00860,1,0.9640376567840576,0.9623491168022156,0.9282873868942261,0.9131423830986023,0.9432942867279053,0.958682656288147,0.9641013145446777,0.9542466402053833,0.966435968875885,0.9187092185020447,0.9473286628723144,1
CGTRNA_RS00860,CGTRNA_RS00865,1,0.9768068194389343,0.9703622460365295,0.9794310331344604,0.9638926982879639,0.9592629671096802,0.9638141989707947,0.9899406433105469,0.9665009379386902,0.9725966453552246,0.9586334824562073,0.9701241672039032,1
CGTRNA_RS00865,CGTRNA_RS00870,1,0.9809117317199707,0.972862720489502,0.9625704288482666,0.9712601900100708,0.9418795704841614,0.9650810956954956,0.9806933403015137,0.9771472215652466,0.9680103063583374,0.9821882247924805,0.9702604830265045,1
CGTRNA_RS00870,CGTRNA_RS00875,0,0.9075495004653931,0.9213830232620239,0.8942038416862488,0.8737739324569702,0.9173916578292847,0.947045087814331,0.8476946353912354,0.8761464953422546,0.909216582775116,0.9542816281318665,0.9048686385154724,1
CGTRNA_RS00875,CGTRNA_RS00880,0,0.9379650950431824,0.8976302146911621,0.867297887802124,0.946774423122406,0.8835360407829285,0.921596884727478,0.9375464916229248,0.830376923084259,0.9253333210945129,0.8775975704193115,0.9025654852390289,1
CGTRNA_RS00880,CGTRNA_RS00885,0,0.5898209810256958,0.44032350182533264,0.5598676800727844,0.33088403940200806,0.4788934588432312,0.57872474193573,0.40453583002090454,0.531406819820404,0.33745115995407104,0.5805422067642212,0.4832450419664383,0
CGTRNA_RS00885,CGTRNA_RS00890,1,0.9781678318977356,0.9315230846405029,0.9195384383201599,0.9513803124427795,0.885851263999939,0.9467055797576904,0.9796573519706726,0.9238017201423645,0.9535844922065735,0.9582139849662781,0.9428424060344696,1
CGTRNA_RS00890,CGTRNA_RS00900,0,0.004502857569605112,0.006628397386521101,0.003388108452782035,0.0012323904084041715,0.002153785200789571,0.013455236330628395,0.003546120598912239,0.004476290661841631,0.007577614393085241,0.005045024212449789,0.005200582521501929,0
CGTRNA_RS00900,CGTRNA_RS00905,0,0.8946774005889893,0.7666044235229492,0.9252632260322571,0.847920835018158,0.8430545330047607,0.9175055027008057,0.9354033470153809,0.8632112741470337,0.911352813243866,0.7896654009819031,0.8694658756256104,1
CGTRNA_RS00905,CGTRNA_RS00910,0,0.38158994913101196,0.2909044027328491,0.47238031029701233,0.6712291836738586,0.49169406294822693,0.5065977573394775,0.5108789205551147,0.2925463616847992,0.6481120586395264,0.35414543747901917,0.4620078444480896,0
CGTRNA_RS00910,CGTRNA_RS00915,0,0.0010837963782250881,0.009146627970039845,0.010937653481960297,0.002384964609518647,0.005044923629611731,0.004532898776233196,0.01589411124587059,0.0031894389539957047,0.0018419497646391392,0.0014803556259721518,0.005553672043606639,0
CGTRNA_RS00945,CGTRNA_RS00955,0,0.0007319970172829926,0.001715470221824944,0.0015245192917063832,0.00037055471329949796,0.0023443568497896194,0.007208910305052996,0.0019437455339357257,0.001444340916350484,0.0030409444589167833,0.00047068195999599993,0.0020795521268155426,0
CGTRNA_RS00955,CGTRNA_RS00965,0,0.029313184320926666,0.046328578144311905,0.023464832454919815,0.05803936347365379,0.03930338844656944,0.0514552928507328,0.017098398879170418,0.032744135707616806,0.09250953048467636,0.012256240472197533,0.04025129452347755,0
CGTRNA_RS00965,CGTRNA_RS00970,0,0.9653862714767456,0.9514467716217041,0.9126468300819397,0.9208466410636902,0.8095762729644775,0.9175185561180115,0.8927577137947083,0.7475224137306213,0.9185413122177124,0.8682941794395447,0.8904536962509155,1
CGTRNA_RS00970,CGTRNA_RS01005,0,8.469974272884429e-05,0.0002571738441474736,0.0002132908412022516,0.00018162874039262533,0.000583529588766396,0.0019277968676760793,0.0003586456587072462,0.00017845415277406573,0.000754954875446856,6.884140020702034e-05,0.00046090157120488585,0
CGTRNA_RS01005,CGTRNA_RS01010,1,0.9780739545822144,0.9503464698791504,0.9409477710723877,0.9290330410003662,0.876406729221344,0.9619988799095154,0.9702432155609131,0.9293500781059265,0.9799831509590149,0.905715823173523,0.9422099113464355,1
CGTRNA_RS01010,CGTRNA_RS01015,1,0.8565484285354614,0.9005753993988037,0.849663257598877,0.9064093232154846,0.8680021166801453,0.8621116280555725,0.9170942306518555,0.8867130279541016,0.8332911133766174,0.8967777490615845,0.8777186274528503,1
CGTRNA_RS01015,CGTRNA_RS01020,1,0.8371638655662537,0.9478716850280762,0.8983404040336609,0.9548479914665222,0.9278793931007385,0.9212638735771179,0.9060329794883728,0.8970895409584045,0.9207403659820557,0.8909719586372375,0.910220205783844,1
CGTRNA_RS01020,CGTRNA_RS01025,1,0.9500972628593445,0.957726001739502,0.9704539179801941,0.9630265831947327,0.9403474926948547,0.9824085235595703,0.9940624237060547,0.9427444338798523,0.970271110534668,0.9718319773674011,0.9642969727516174,1
CGTRNA_RS01025,CGTRNA_RS01030,1,0.9744517803192139,0.9224057197570801,0.9076253771781921,0.9312689900398254,0.9258219599723816,0.9559550881385803,0.9004435539245605,0.9525039792060852,0.9576793909072876,0.8350878953933716,0.9263243734836578,1
CGTRNA_RS01030,CGTRNA_RS01055,0,0.00035716468119062483,0.0012918149586766958,0.0012203187216073275,0.0008332009892910719,0.0028608539141714573,0.003999337553977966,0.0011318727629259229,0.0015018472913652658,0.002356268698349595,0.00026101581170223653,0.0015813695383258164,0
CGTRNA_RS01075,CGTRNA_RS01090,0,0.00304182106629014,0.0018343174597248435,0.0007932243752293289,0.000512534286826849,0.0007446872186847031,0.008160825818777084,0.0010546090779826045,0.0006355730001814663,0.002446287078782916,0.00021498813293874264,0.001943886751541868,0
CGTRNA_RS01090,CGTRNA_RS01130,0,0.00010055546590592712,0.0004557434003800154,0.00011852671741507947,6.505309283966199e-05,0.0007414746796712279,0.002306292299181223,0.00020787496760021895,0.00020915194181725383,0.0009072921238839626,3.6706267565023154e-05,0.0005148670956259593,0
CGTRNA_RS01160,CGTRNA_RS01175,0,0.04031652957201004,0.01380252931267023,0.0019352013478055596,0.007687640376389027,0.01816514879465103,0.03045935370028019,0.0037833901587873697,0.00987671222537756,0.049831368029117584,0.002788483165204525,0.017864635668229312,0
CGTRNA_RS01175,CGTRNA_RS01180,0,0.925303041934967,0.7833802103996277,0.7424473762512207,0.6747295260429382,0.5197322368621826,0.7878689765930176,0.517124354839325,0.4678628742694855,0.7639235854148865,0.6250991225242615,0.6807471305131912,1
CGTRNA_RS01180,CGTRNA_RS01185,0,0.6109048128128052,0.8228276968002319,0.7067496180534363,0.6955786347389221,0.7102716565132141,0.6975137591362,0.7575393915176392,0.7149322628974915,0.8338018655776978,0.6792272329330444,0.7229346930980682,1
CGTRNA_RS01185,CGTRNA_RS01190,0,0.23026202619075775,0.33651965856552124,0.18960753083229065,0.35962387919425964,0.34107401967048645,0.4259839355945587,0.22833959758281708,0.1911715418100357,0.33213624358177185,0.21426811814308167,0.2848986551165581,0
CGTRNA_RS01230,CGTRNA_RS01235,1,0.9758602976799011,0.954310417175293,0.9419205784797668,0.9405369758605957,0.947651207447052,0.9712613224983215,0.9265809655189514,0.9225284457206726,0.967613935470581,0.8789896368980408,0.9427253782749176,1
CGTRNA_RS01235,CGTRNA_RS01245,0,0.17002467811107635,0.05249513313174248,0.10016249865293503,0.021514028310775757,0.08187010139226913,0.17680047452449799,0.031909748911857605,0.03351563960313797,0.09437979757785797,0.012717625126242638,0.07753897253423929,0
CGTRNA_RS01280,CGTRNA_RS01285,1,0.9420180320739746,0.88102787733078,0.9281837940216064,0.9609899520874023,0.8775467276573181,0.9119925498962402,0.9360812306404114,0.8765395879745483,0.9597970843315125,0.7891272902488708,0.9063304126262665,1
CGTRNA_RS01285,CGTRNA_RS01290,1,0.9616976380348206,0.9733526706695557,0.961422324180603,0.9843172430992126,0.9670562148094177,0.9694045186042786,0.968977153301239,0.9628090858459473,0.9743633270263672,0.9588721394538879,0.968227231502533,1
CGTRNA_RS01290,CGTRNA_RS01295,1,0.6310455799102783,0.817915141582489,0.6809559464454651,0.8289276957511902,0.7352451682090759,0.7296574115753174,0.8522260189056396,0.6402493715286255,0.64166659116745,0.8465816974639893,0.7404470622539521,1
CGTRNA_RS01295,CGTRNA_RS01300,0,0.4312528669834137,0.1572524905204773,0.528704822063446,0.042796406894922256,0.25780636072158813,0.3458426594734192,0.3333677053451538,0.13178256154060364,0.17360760271549225,0.14125138521194458,0.2543664861470461,0
CGTRNA_RS01300,CGTRNA_RS01335,0,9.679569484433159e-05,0.0010098154889419675,0.0004079087229911238,0.0002730580454226583,0.0007695339154452085,0.0012725851265713573,0.0013235474471002817,0.00025266202283091843,0.0008001984097063541,3.744163041119464e-05,0.0006243546504265396,0
CGTRNA_RS01335,CGTRNA_RS01340,1,0.9249939322471619,0.9338110089302063,0.9177435636520386,0.9654631614685059,0.915373682975769,0.9436851143836975,0.9140996932983398,0.9350603818893433,0.9642089009284973,0.8488783836364746,0.9263317823410034,1
CGTRNA_RS01340,CGTRNA_RS01345,1,0.8981691598892212,0.680464506149292,0.9434696435928345,0.48912274837493896,0.6862224340438843,0.7353990077972412,0.6785175800323486,0.5106083154678345,0.7867547869682312,0.41819292306900024,0.6826921105384827,1
CGTRNA_RS01345,CGTRNA_RS01355,0,0.0321321003139019,0.03923986852169037,0.019533922895789146,0.0049861716106534,0.0425892174243927,0.09541741758584976,0.02451924979686737,0.0643044039607048,0.10542310774326324,0.0341925211250782,0.04623379809781909,0
CGTRNA_RS01355,CGTRNA_RS01370,0,0.1863706409931183,0.10352127999067307,0.283316433429718,0.030905766412615776,0.06310340017080307,0.23450984060764313,0.21288472414016724,0.10549359023571014,0.030581271275877953,0.0558152012526989,0.13065021485090256,0
CGTRNA_RS01370,CGTRNA_RS01375,0,0.8989225625991821,0.7410224080085754,0.7984580993652344,0.716339647769928,0.6505159735679626,0.8117613792419434,0.5335313081741333,0.5774329304695129,0.804658055305481,0.731505811214447,0.7264148175716401,1
CGTRNA_RS01375,CGTRNA_RS01390,0,0.01348858792334795,0.012786593288183212,0.0045182304456830025,0.02338111586868763,0.015028655529022217,0.05365198850631714,0.006348082795739174,0.0048869214951992035,0.011209074407815933,0.003093710169196129,0.01483929604291916,0
CGTRNA_RS01390,CGTRNA_RS01395,1,0.9149389266967773,0.7209488153457642,0.7232342958450317,0.6481570601463318,0.6147993206977844,0.7974115610122681,0.6764640808105469,0.5254297256469727,0.8206464648246765,0.6995241045951843,0.7141554355621338,1
CGTRNA_RS01395,CGTRNA_RS01430,0,0.003205829532817006,0.00765960942953825,0.00199984316714108,0.0033282057847827673,0.010866591706871986,0.011489066295325756,0.023262986913323402,0.001546802930533886,0.006423380225896835,0.0011549812043085694,0.0070937297190539535,0
CGTRNA_RS01430,CGTRNA_RS01455,0,0.0005513807409442961,0.0025127206463366747,0.00033313012681901455,9.276212222175673e-05,0.0015108666848391294,0.004337762016803026,0.0035006797406822443,0.0014638005523011088,0.0049738092347979546,0.00026856985641643405,0.001954548172216164,0
CGTRNA_RS01455,CGTRNA_RS01470,0,0.005992650054395199,0.004939698614180088,0.005894320551306009,0.009368029423058033,0.008662011474370956,0.013286947272717953,0.019285891205072403,0.002789565594866872,0.01280662976205349,0.0024104490876197815,0.008543619303964078,0
CGTRNA_RS01470,CGTRNA_RS01480,0,0.0003629987477324903,0.0023331530392169952,0.0010089537827298045,0.0006067010690458119,0.0031613444443792105,0.0036807081196457148,0.001818684977479279,0.0007199174724519253,0.001582919154316187,0.0003464485635049641,0.0015621829370502383,0
CGTRNA_RS01480,CGTRNA_RS01485,1,0.03627222776412964,0.03620905429124832,0.08634792268276215,0.03930741176009178,0.012317204847931862,0.07804638892412186,0.030171096324920654,0.009627552703022957,0.0364251509308815,0.012116664089262486,0.03768406743183732,0
CGTRNA_RS01485,CGTRNA_RS01490,1,0.9753679633140564,0.9768460392951965,0.9224761128425598,0.9518696069717407,0.8963282108306885,0.9542331695556641,0.9691226482391357,0.92452073097229,0.9405965805053711,0.9718837141990662,0.9483244776725769,1
CGTRNA_RS01490,CGTRNA_RS01510,0,0.0010443157516419888,0.004611093085259199,0.004448206629604101,0.001349148340523243,0.0011273242998868227,0.0059927357360720634,0.0020919563248753548,0.0014921436086297035,0.0017033752519637346,0.0003029913059435785,0.002416329033439979,0
CGTRNA_RS01510,CGTRNA_RS01515,0,0.9791670441627502,0.9514938592910767,0.971438467502594,0.9844297170639038,0.9233132004737854,0.943992018699646,0.9799973964691162,0.9329589605331421,0.9427676796913147,0.9400895237922668,0.9549647867679596,1
CGTRNA_RS01515,CGTRNA_RS01520,0,0.9117861986160278,0.6093783378601074,0.7110133767127991,0.6798823475837708,0.3977298438549042,0.633270263671875,0.37380659580230713,0.2591324746608734,0.674830436706543,0.5187522768974304,0.5769582152366638,1
CGTRNA_RS01520,CGTRNA_RS01525,1,0.876283586025238,0.7345852255821228,0.8900959491729736,0.8782232403755188,0.8532006740570068,0.9120127558708191,0.8418073058128357,0.8518640995025635,0.9565258622169495,0.6826766133308411,0.8477275311946869,1
CGTRNA_RS01525,CGTRNA_RS01530,0,0.5894401669502258,0.5237525105476379,0.1723746508359909,0.11424102634191513,0.3721061944961548,0.5024097561836243,0.08868663012981415,0.41330063343048096,0.40612179040908813,0.3936670124530792,0.35761003717780115,0
CGTRNA_RS01530,CGTRNA_RS01545,0,0.003585205180570483,0.005918380804359913,0.02576812356710434,0.0102602643892169,0.017370300367474556,0.039635516703128815,0.003454383462667465,0.004751207306981087,0.010115011595189571,0.0016508358530700207,0.012250922922976314,0
CGTRNA_RS01545,CGTRNA_RS01550,1,0.972975492477417,0.9676603674888611,0.9163819551467896,0.9581936001777649,0.9099665880203247,0.9617507457733154,0.9434255361557007,0.9401565194129944,0.9734612107276917,0.9143431186676025,0.9458315134048462,1
CGTRNA_RS01550,CGTRNA_RS01555,1,0.9218724966049194,0.8338344693183899,0.886988639831543,0.6030299067497253,0.6551990509033203,0.8153688311576843,0.6054698824882507,0.6632016897201538,0.9040659666061401,0.699901282787323,0.758893221616745,1
CGTRNA_RS01555,CGTRNA_RS01560,1,0.5647860169410706,0.7795742750167847,0.7716071605682373,0.8189264535903931,0.7760806679725647,0.7299277186393738,0.757853627204895,0.5530251860618591,0.8169926404953003,0.8241025805473328,0.7392876327037812,1
CGTRNA_RS01560,CGTRNA_RS01580,0,0.0004312517121434212,0.001203779480420053,0.0005630814703181386,9.037384734256193e-05,0.0026354477740824223,0.004853007849305868,0.00040773459477350116,0.0008207826758734882,0.0022401742171496153,8.992810762720183e-05,0.0013335561729036272,0
CGTRNA_RS01580,CGTRNA_RS01585,0,0.9525637626647949,0.8909088969230652,0.8748325705528259,0.7857697606086731,0.6650571227073669,0.886676549911499,0.6848886013031006,0.7418309450149536,0.9006780385971069,0.8269344568252563,0.8210140705108643,1
CGTRNA_RS01585,CGTRNA_RS01590,0,0.9151840209960938,0.7680227160453796,0.7481821775436401,0.5777016878128052,0.6079597473144531,0.7898328900337219,0.44758373498916626,0.5431051850318909,0.8446286916732788,0.6655481457710266,0.6907748997211456,1
CGTRNA_RS01590,CGTRNA_RS01595,0,0.8522166609764099,0.5506871342658997,0.6575464606285095,0.5062462091445923,0.5837569236755371,0.6051715016365051,0.33618009090423584,0.39276543259620667,0.8377649784088135,0.5845457315444946,0.5906881123781205,1
CGTRNA_RS01595,CGTRNA_RS01600,0,0.9488787055015564,0.9307719469070435,0.974812388420105,0.9643652439117432,0.909617006778717,0.9558446407318115,0.9142775535583496,0.901579737663269,0.9514343738555908,0.9362983703613281,0.9387879967689514,1
CGTRNA_RS01600,CGTRNA_RS01605,0,0.9695370197296143,0.9246736168861389,0.9137662649154663,0.909817636013031,0.8341456055641174,0.8963958621025085,0.8597044348716736,0.8930109143257141,0.8146830797195435,0.8842370510101318,0.889997148513794,1
CGTRNA_RS01605,CGTRNA_RS01610,0,0.8858016133308411,0.886673629283905,0.9340717196464539,0.866124153137207,0.8187425136566162,0.8665043711662292,0.8857021331787109,0.8464416265487671,0.8924888372421265,0.9286479949951172,0.8811198592185974,1
CGTRNA_RS01610,CGTRNA_RS01620,0,7.083258969942108e-05,0.0008169194916263223,0.0002513837243895978,0.0002026213041972369,0.0007918102783150971,0.0016849321546033025,0.00033100871951319277,0.000309677590848878,0.0008626520866528153,0.00021717656636610627,0.000553901450621197,0
CGTRNA_RS01620,CGTRNA_RS01625,0,0.11970475316047668,0.09398007392883301,0.09289881587028503,0.00932795275002718,0.048900652676820755,0.08182559162378311,0.05943635106086731,0.04638785496354103,0.03791643679141998,0.038385674357414246,0.06287641571834683,0
CGTRNA_RS01625,CGTRNA_RS01630,1,0.9741222858428955,0.9573651552200317,0.9706487059593201,0.9913130402565002,0.8935981392860413,0.9506613612174988,0.9731842279434204,0.9153372049331665,0.9586610198020935,0.9349433183670044,0.9519834458827973,1
CGTRNA_RS01630,CGTRNA_RS01640,0,0.003668902674689889,0.004303015302866697,0.0003861811710521579,0.00443411385640502,0.009089523926377296,0.012967187911272049,0.009053004905581474,0.002361007034778595,0.014263571240007877,0.0016076143365353346,0.006213412235956639,0
CGTRNA_RS01680,CGTRNA_RS01685,1,0.9753464460372925,0.9125741720199585,0.9295005202293396,0.8274888396263123,0.853600025177002,0.9396271705627441,0.9329836368560791,0.8950479030609131,0.9619753360748291,0.8888837695121765,0.9117027819156647,1
CGTRNA_RS01685,CGTRNA_RS01690,1,0.7770516276359558,0.7178446054458618,0.8154475688934326,0.5250144004821777,0.6975448727607727,0.7666909098625183,0.6999853849411011,0.5038398504257202,0.8009527921676636,0.5121848583221436,0.6816556870937347,1
CGTRNA_RS01690,CGTRNA_RS01695,1,0.9009577035903931,0.8029083013534546,0.8467921614646912,0.8520380854606628,0.8809166550636292,0.9263691902160645,0.9066128134727478,0.8042481541633606,0.8553556799888611,0.8915542364120483,0.8667752981185913,1
CGTRNA_RS01695,CGTRNA_RS01700,1,0.9552074670791626,0.8190059661865234,0.8423471450805664,0.8142815828323364,0.857875406742096,0.8781461715698242,0.8950034379959106,0.7537885308265686,0.8472989201545715,0.8745647668838501,0.853751939535141,1
CGTRNA_RS01700,CGTRNA_RS01715,0,0.03281743824481964,0.010030318051576614,0.0008764921803958714,0.003842180361971259,0.024561865255236626,0.030127884820103645,0.005247643683105707,0.0065713245421648026,0.0479915551841259,0.0013833414996042848,0.016345004382310437,0
CGTRNA_RS01715,CGTRNA_RS01720,1,0.8969824910163879,0.95697420835495,0.939372718334198,0.942067563533783,0.9117909669876099,0.9529308080673218,0.9160078167915344,0.9548376798629761,0.9547572731971741,0.9330787658691406,0.9358800292015076,1
CGTRNA_RS01720,CGTRNA_RS01725,1,0.8895522356033325,0.8429680466651917,0.8836662769317627,0.904217541217804,0.8641875386238098,0.8596274256706238,0.8995497226715088,0.7953099012374878,0.7942307591438293,0.9282576441764832,0.8661567091941833,1
CGTRNA_RS01725,CGTRNA_RS01760,0,0.00034087401581928134,0.0005950196064077318,0.0012069545919075608,0.0002982696460094303,0.0016881671035662293,0.005038534756749868,0.00040557997999712825,0.0008898064843378961,0.0013544532703235745,0.00024205185764003545,0.0012059711312758735,0
CGTRNA_RS01835,CGTRNA_RS01840,1,0.842968761920929,0.8820450901985168,0.8820754289627075,0.9481743574142456,0.853882372379303,0.8526264429092407,0.7723191380500793,0.8484944701194763,0.8873053193092346,0.8850052356719971,0.865489661693573,1
CGTRNA_RS01840,CGTRNA_RS01845,1,0.9808723330497742,0.967317521572113,0.9577863812446594,0.966525673866272,0.8953955769538879,0.951430082321167,0.9898681044578552,0.9181516766548157,0.9236060976982117,0.9575324654579163,0.9508485913276672,1
CGTRNA_RS01845,CGTRNA_RS01850,1,0.9795840382575989,0.953045129776001,0.9681680798530579,0.9663465619087219,0.9010990262031555,0.9497230052947998,0.9726947546005249,0.9506531953811646,0.9416229724884033,0.9637567400932312,0.9546693503856659,1
CGTRNA_RS01875,CGTRNA_RS01895,0,0.0031985356472432613,0.0022233552299439907,0.0007766889757476747,0.00870730821043253,0.005805083084851503,0.020237499848008156,0.017501726746559143,0.002232218161225319,0.011394449509680271,0.0009906796040013433,0.007306754501769319,0
CGTRNA_RS01895,CGTRNA_RS01900,0,0.09060197323560715,0.06714063882827759,0.053495824337005615,0.04980262368917465,0.04543497413396835,0.12281505018472672,0.024256067350506783,0.02793041244149208,0.04967408999800682,0.028780121356248856,0.05599317755550146,0
CGTRNA_RS01900,CGTRNA_RS01905,0,0.45613354444503784,0.2411077916622162,0.6545271873474121,0.07191994786262512,0.27278009057044983,0.5051512122154236,0.4955335855484009,0.19390712678432465,0.2547197937965393,0.2958172857761383,0.3441597566008568,0
CGTRNA_RS01905,CGTRNA_RS01910,0,0.7800254821777344,0.41373303532600403,0.5127331018447876,0.16871201992034912,0.5653654932975769,0.8181086182594299,0.4582427740097046,0.30808937549591064,0.7259713411331177,0.7980945706367493,0.5549075812101364,1
CGTRNA_RS01950,CGTRNA_RS01955,1,0.9804312586784363,0.9806132912635803,0.9650079607963562,0.9813944101333618,0.9340773224830627,0.9688366055488586,0.9616296887397766,0.9705096483230591,0.9621899724006653,0.98223876953125,0.9686928927898407,1
CGTRNA_RS01955,CGTRNA_RS01960,1,0.9613949656486511,0.9616129398345947,0.9217353463172913,0.9230998754501343,0.9066931009292603,0.924458384513855,0.9681146740913391,0.9284531474113464,0.916986882686615,0.9487541913986206,0.9361303508281708,1
CGTRNA_RS01960,CGTRNA_RS01965,0,0.33766913414001465,0.16181713342666626,0.20346306264400482,0.057346418499946594,0.1908118575811386,0.506393313407898,0.04836389049887657,0.1510469615459442,0.1873258799314499,0.12554016709327698,0.19697778187692166,0
CGTRNA_RS01965,CGTRNA_RS01970,0,0.8851074576377869,0.7145701050758362,0.5909976363182068,0.4443425238132477,0.3668384253978729,0.641512930393219,0.21797187626361847,0.3669799864292145,0.6929682493209839,0.4616669714450836,0.5382956162095069,1
CGTRNA_RS01970,CGTRNA_RS01975,1,0.9244462251663208,0.8278936743736267,0.8513475656509399,0.8507484197616577,0.44585132598876953,0.7833706736564636,0.527288556098938,0.4371451735496521,0.735245943069458,0.621947705745697,0.7005285263061524,1
CGTRNA_RS01975,CGTRNA_RS01985,0,0.012255335226655006,0.009258853271603584,0.0023501338437199593,0.00784410908818245,0.0204920694231987,0.03443091735243797,0.007756322622299194,0.004501111805438995,0.022999506443738937,0.007560164667665958,0.012944852374494076,0
CGTRNA_RS01985,CGTRNA_RS01990,0,0.11048928648233414,0.08323115110397339,0.1411190778017044,0.03770410642027855,0.18258464336395264,0.22643111646175385,0.08867749571800232,0.10497623682022095,0.12582255899906158,0.06888311356306076,0.11699187867343426,0
CGTRNA_RS01990,CGTRNA_RS02010,0,0.0021374626085162163,0.005199613515287638,0.0026552381459623575,0.015224218368530273,0.006086873356252909,0.012736420147120953,0.005980335641652346,0.0026213822420686483,0.003598205279558897,0.0019039532635360956,0.005814370256848634,0
CGTRNA_RS02010,CGTRNA_RS02015,1,0.9283925890922546,0.9303461909294128,0.9441805481910706,0.9737961888313293,0.9384370446205139,0.9238020777702332,0.9154858589172363,0.8822528123855591,0.949235737323761,0.8610261678695679,0.9246955215930939,1
CGTRNA_RS02015,CGTRNA_RS02020,1,0.9300698637962341,0.9420351982116699,0.7080309391021729,0.7613257765769958,0.7301040887832642,0.8557388186454773,0.7049911618232727,0.5178735256195068,0.9313634037971497,0.6948177814483643,0.7776350557804108,1
CGTRNA_RS02020,CGTRNA_RS02025,1,0.7848252058029175,0.49824202060699463,0.7085634469985962,0.49489688873291016,0.43433988094329834,0.5119809508323669,0.3479800820350647,0.2641565203666687,0.7551931142807007,0.3971516191959381,0.5197329729795456,1
CGTRNA_RS02025,CGTRNA_RS02035,0,0.08837338536977768,0.016806229948997498,0.024189336225390434,0.030464181676506996,0.08277065306901932,0.12715305387973785,0.03548012301325798,0.028210435062646866,0.12506607174873352,0.019240647554397583,0.05777541175484657,0
CGTRNA_RS02035,CGTRNA_RS02055,0,0.0010286391479894519,0.002142684068530798,0.0023862626403570175,0.0007611888577230275,0.00720646046102047,0.012092432007193565,0.00773221580311656,0.0031665062997490168,0.003839885350316763,0.0010336521081626415,0.004138992674415931,0
CGTRNA_RS02055,CGTRNA_RS02060,1,0.9525126218795776,0.9071665406227112,0.898708701133728,0.7208669781684875,0.7527671456336975,0.8716387748718262,0.7970724701881409,0.7692753672599792,0.9225195646286011,0.76649010181427,0.8359018266201019,1
CGTRNA_RS02060,CGTRNA_RS02070,0,0.0032374768052250147,0.002152431756258011,0.0010208261664956808,0.003975427709519863,0.010042228735983372,0.013292087242007256,0.003453867742791772,0.002690705703571439,0.007865389809012413,0.0013780522858723998,0.004910849395673722,0
CGTRNA_RS02070,CGTRNA_RS02075,1,0.8931547403335571,0.6518215537071228,0.5648928284645081,0.5513779520988464,0.6118655800819397,0.7761446237564087,0.5015629529953003,0.6964669227600098,0.6924417018890381,0.6137866973876953,0.6553515553474426,1
CGTRNA_RS02075,CGTRNA_RS02080,1,0.9904099106788635,0.956991970539093,0.9909705519676208,0.9843388199806213,0.956521213054657,0.9731822609901428,0.9968451857566833,0.9742092490196228,0.9728970527648926,0.9727272391319275,0.9769093453884125,1
CGTRNA_RS02080,CGTRNA_RS02085,1,0.9729580879211426,0.941364049911499,0.9149197340011597,0.8080088496208191,0.8894495964050293,0.9295414090156555,0.9240314960479736,0.8762103915214539,0.9484915137290955,0.8811212778091431,0.9086096405982971,1
CGTRNA_RS02085,CGTRNA_RS02090,0,0.20467537641525269,0.0755298063158989,0.050607405602931976,0.06276677548885345,0.12381123751401901,0.2685075104236603,0.042132895439863205,0.04176042601466179,0.11664707958698273,0.048834141343832016,0.1035272654145956,0
CGTRNA_RS02130,CGTRNA_RS02135,1,0.8252930045127869,0.9327669739723206,0.8698283433914185,0.9334710240364075,0.9001444578170776,0.9105036854743958,0.8622079491615295,0.9023024439811707,0.9133626222610474,0.9359201192855835,0.8985800623893738,1
CGTRNA_RS02135,CGTRNA_RS02140,1,0.9729556441307068,0.9043267369270325,0.8857260942459106,0.9377396702766418,0.9203236103057861,0.9521695971488953,0.8756650686264038,0.9466087818145752,0.9292429089546204,0.863688588142395,0.9188446700572968,1
CGTRNA_RS02140,CGTRNA_RS02145,0,0.06737136095762253,0.12811703979969025,0.03638119250535965,0.05442657321691513,0.17367887496948242,0.24466794729232788,0.09725081920623779,0.018552126362919807,0.05484031140804291,0.038789164274930954,0.09140754099935293,0
CGTRNA_RS02145,CGTRNA_RS02155,0,0.009314680472016335,0.033099688589572906,0.00930069014430046,0.0026935988571494818,0.00967470183968544,0.051713235676288605,0.01236901618540287,0.017333494499325752,0.01784048043191433,0.012710231356322765,0.017604981805197893,0
CGTRNA_RS02155,CGTRNA_RS02160,0,0.9776051044464111,0.952385425567627,0.9612787365913391,0.957683265209198,0.92438805103302,0.9546244144439697,0.959524929523468,0.893366277217865,0.9770445823669434,0.8162055015563965,0.9374106287956238,1
CGTRNA_RS02160,CGTRNA_RS02165,0,0.9237992763519287,0.9285708069801331,0.938938319683075,0.9598388671875,0.883599579334259,0.9478937387466431,0.9645832777023315,0.8984244465827942,0.9640799760818481,0.8901547789573669,0.9299883067607879,1
CGTRNA_RS02165,CGTRNA_RS02170,1,0.9761062264442444,0.973387598991394,0.9436504244804382,0.9875368475914001,0.9313041567802429,0.959584653377533,0.9763873815536499,0.96987384557724,0.9625691771507263,0.9688750505447388,0.9649275362491607,1
CGTRNA_RS02170,CGTRNA_RS02195,0,0.0003511499089654535,0.0007920087082311511,0.00016883909120224416,0.00013932885485701263,0.002806260483339429,0.004382815212011337,0.001090535894036293,0.0005885844002477825,0.002948758192360401,0.00013396651775110513,0.001340224726300221,0
CGTRNA_RS02195,CGTRNA_RS02200,1,0.9605055451393127,0.9268547296524048,0.9462085366249084,0.9565073847770691,0.9499781131744385,0.955960214138031,0.9889199733734131,0.9003674387931824,0.9243535399436951,0.9027437567710876,0.9412399232387543,1
CGTRNA_RS02200,CGTRNA_RS02205,1,0.5997597575187683,0.8429573774337769,0.6992045044898987,0.8473029732704163,0.7179412245750427,0.7863295674324036,0.8783133029937744,0.6910865306854248,0.8186846971511841,0.9144642353057861,0.7796044170856475,1
CGTRNA_RS02205,CGTRNA_RS02210,1,0.9706891179084778,0.9179047346115112,0.9744762778282166,0.984968900680542,0.9446319937705994,0.9623234272003174,0.9746275544166565,0.9088820219039917,0.9690536260604858,0.8974804878234863,0.9505038142204285,1
CGTRNA_RS02210,CGTRNA_RS02215,1,0.9722352027893066,0.9699603319168091,0.9742195010185242,0.991327166557312,0.9634965062141418,0.9617130160331726,0.9859842658042908,0.9516559839248657,0.970552384853363,0.9218029975891113,0.9662947356700897,1
CGTRNA_RS02215,CGTRNA_RS02220,1,0.8816847801208496,0.9613537192344666,0.951217532157898,0.9477895498275757,0.9065454602241516,0.8962514400482178,0.9763083457946777,0.9344454407691956,0.9216706156730652,0.9302594065666199,0.9307526290416718,1
CGTRNA_RS02220,CGTRNA_RS02225,1,0.6969298124313354,0.6156376004219055,0.7193189263343811,0.8494495749473572,0.7813760638237,0.7613229155540466,0.8800427317619324,0.5238802433013916,0.7743833661079407,0.5123152136802673,0.7114656448364258,1
CGTRNA_RS02225,CGTRNA_RS02230,1,0.9810625910758972,0.9812979698181152,0.9353493452072144,0.9615158438682556,0.9178357124328613,0.9577162861824036,0.9598168730735779,0.9638049006462097,0.969192624092102,0.9733967781066895,0.9600988924503326,1
CGTRNA_RS02230,CGTRNA_RS02235,1,0.6094082593917847,0.810289740562439,0.6981322765350342,0.41629230976104736,0.7247359156608582,0.6697261333465576,0.6613680720329285,0.6478833556175232,0.4931071400642395,0.776294469833374,0.6507237672805786,1
CGTRNA_RS02235,CGTRNA_RS02240,1,0.9315083622932434,0.8680576682090759,0.7972204685211182,0.852292001247406,0.627812922000885,0.8521412014961243,0.7544585466384888,0.5877535939216614,0.7853139042854309,0.7732321619987488,0.7829790830612182,1
CGTRNA_RS02240,CGTRNA_RS02245,1,0.9839906692504883,0.9877359867095947,0.9849253296852112,0.9788596630096436,0.9538791179656982,0.970500648021698,0.9935016632080078,0.9787602424621582,0.976233720779419,0.9537370204925537,0.9762124061584473,1
CGTRNA_RS02245,CGTRNA_RS02250,1,0.942949652671814,0.9037877917289734,0.8780481815338135,0.8764544725418091,0.5362164974212646,0.8679876923561096,0.9594740867614746,0.7831524014472961,0.6425588726997375,0.8977603912353516,0.8288390040397644,1
CGTRNA_RS02250,CGTRNA_RS02255,1,0.98097163438797,0.9689450263977051,0.9690514206886292,0.9792337417602539,0.9657249450683594,0.9592070579528809,0.9938722848892212,0.9766529202461243,0.9757031798362732,0.9132587313652039,0.9682620942592621,1
CGTRNA_RS02255,CGTRNA_RS02260,1,0.9443891644477844,0.9595947265625,0.9139201641082764,0.9667326807975769,0.9322531819343567,0.9600862264633179,0.9509907364845276,0.906486988067627,0.9682834148406982,0.9067283272743225,0.9409465610980987,1
CGTRNA_RS02285,CGTRNA_RS02295,0,0.0054409983567893505,0.012500754557549953,0.040226858109235764,0.00878196395933628,0.008760903030633926,0.034865736961364746,0.023546632379293442,0.00540644396096468,0.017362985759973526,0.004726302810013294,0.016161957988515496,0
CGTRNA_RS02295,CGTRNA_RS02365,0,0.0004172487242612988,0.0010230204788967967,0.000829635071568191,0.000975725008174777,0.0063577694818377495,0.014100522734224796,0.004310670308768749,0.001024795463308692,0.002769901417195797,0.0019243384012952447,0.003373362708953209,0
CGTRNA_RS02365,CGTRNA_RS02370,1,0.9760324358940125,0.959076464176178,0.943964421749115,0.969552218914032,0.9283797740936279,0.961441159248352,0.9711729884147644,0.9112120866775513,0.985143780708313,0.8363214731216431,0.944229680299759,1
CGTRNA_RS02370,CGTRNA_RS02375,1,0.9168738126754761,0.8170801401138306,0.8857476711273193,0.6682413220405579,0.8658449053764343,0.8757809996604919,0.8183463215827942,0.8414064049720764,0.8679515719413757,0.8241580128669739,0.838143116235733,1
CGTRNA_RS02375,CGTRNA_RS02380,1,0.8858415484428406,0.7028767466545105,0.7408670783042908,0.7809770107269287,0.4832548499107361,0.7387636303901672,0.7001063227653503,0.3617716133594513,0.7184927463531494,0.5624533295631409,0.6675404876470565,1
CGTRNA_RS02380,CGTRNA_RS02385,1,0.9061964750289917,0.8240968585014343,0.8582454323768616,0.9444037079811096,0.8410499691963196,0.8677130937576294,0.9546144008636475,0.8242077231407166,0.9035110473632812,0.9572753310203552,0.8881314039230347,1
CGTRNA_RS02385,CGTRNA_RS02390,1,0.8676358461380005,0.9185733795166016,0.8438810706138611,0.9046129584312439,0.8957287669181824,0.8498751521110535,0.9496516585350037,0.8197792768478394,0.892611563205719,0.8802292943000793,0.8822578966617585,1
CGTRNA_RS02390,CGTRNA_RS02395,1,0.9503912329673767,0.8345122337341309,0.8937714695930481,0.8953701853752136,0.8921776413917542,0.9159612059593201,0.9002053737640381,0.8938461542129517,0.9047293066978455,0.8456252813339233,0.8926590085029602,1
CGTRNA_RS02435,CGTRNA_RS02440,0,0.3921871781349182,0.31704437732696533,0.2379603534936905,0.28412821888923645,0.3696354925632477,0.5846235156059265,0.1742192655801773,0.4439820647239685,0.4507657289505005,0.18014588952064514,0.3434692084789276,0
CGTRNA_RS02440,CGTRNA_RS02445,0,0.13680434226989746,0.17770428955554962,0.2927401065826416,0.15872159600257874,0.28708624839782715,0.23270182311534882,0.43650105595588684,0.1924258917570114,0.16420383751392365,0.3712323307991028,0.2450121521949768,0
CGTRNA_RS02445,CGTRNA_RS02450,1,0.9409805536270142,0.9197806119918823,0.9550617337226868,0.9438395500183105,0.8641149401664734,0.9435345530509949,0.9461570382118225,0.9224367737770081,0.9509663581848145,0.9433701038360596,0.9330242216587067,1
CGTRNA_RS02450,CGTRNA_RS02460,0,0.026063650846481323,0.0227737445384264,0.019293226301670074,0.0033749518916010857,0.01096431165933609,0.0307893306016922,0.022701764479279518,0.016662398353219032,0.01152751874178648,0.012512514367699623,0.01766634117811918,0
CGTRNA_RS02460,CGTRNA_RS02465,0,0.9583306312561035,0.9276794195175171,0.9371559023857117,0.9311356544494629,0.9328967928886414,0.9454135894775391,0.9374391436576843,0.9380780458450317,0.9223874807357788,0.913981556892395,0.9344498217105865,1
CGTRNA_RS02465,CGTRNA_RS02470,0,0.9519476890563965,0.8921727538108826,0.9295440316200256,0.8595641851425171,0.8420544266700745,0.8994114995002747,0.871586799621582,0.7850050926208496,0.8887108564376831,0.7889764308929443,0.870897376537323,1
CGTRNA_RS02470,CGTRNA_RS02475,0,0.2815779745578766,0.2867318391799927,0.09832330793142319,0.1086176410317421,0.23693114519119263,0.31505677103996277,0.260017991065979,0.128190815448761,0.26626119017601013,0.08594626188278198,0.2067654937505722,0
CGTRNA_RS02475,CGTRNA_RS02480,1,0.973264753818512,0.9624430537223816,0.9241435527801514,0.961833119392395,0.9169313311576843,0.935822069644928,0.9740464091300964,0.9081581234931946,0.9514563083648682,0.9292515516281128,0.9437350273132324,1
CGTRNA_RS02480,CGTRNA_RS02485,1,0.9307929277420044,0.8708077669143677,0.9373297691345215,0.8159978985786438,0.8536635637283325,0.8766600489616394,0.9078637361526489,0.8428493142127991,0.8993375301361084,0.75513756275177,0.8690440118312835,1
CGTRNA_RS02485,CGTRNA_RS02490,0,0.1575450599193573,0.18361955881118774,0.32289862632751465,0.5507801175117493,0.4762169420719147,0.3843887150287628,0.40453284978866577,0.21922214329242706,0.35069045424461365,0.271420419216156,0.33213148862123487,0
CGTRNA_RS02490,CGTRNA_RS02495,1,0.9021239280700684,0.740796685218811,0.8564199209213257,0.9225083589553833,0.8034642934799194,0.8960155248641968,0.8869490623474121,0.8128785490989685,0.8140010237693787,0.7451682686805725,0.8380325615406037,1
CGTRNA_RS02495,CGTRNA_RS02500,0,0.1900942027568817,0.1269790530204773,0.2436785101890564,0.018426168709993362,0.04596380144357681,0.18382534384727478,0.12099158763885498,0.0754924938082695,0.026942191645503044,0.038577333092689514,0.10709706861525774,0
CGTRNA_RS02500,CGTRNA_RS02505,0,0.2751418650150299,0.32863450050354004,0.3276299238204956,0.284821093082428,0.6482223868370056,0.6159411072731018,0.45901551842689514,0.34836387634277344,0.6058647036552429,0.20131784677505493,0.4094952821731567,0
CGTRNA_RS02505,CGTRNA_RS02510,1,0.9756259322166443,0.969379186630249,0.9667304754257202,0.978390097618103,0.9293857216835022,0.9462493658065796,0.9837710857391357,0.9473229646682739,0.9667907953262329,0.959590494632721,0.9623236119747162,1
CGTRNA_RS02510,CGTRNA_RS02515,0,0.28983181715011597,0.3131999969482422,0.3262590169906616,0.12025222927331924,0.12731166183948517,0.2666892111301422,0.23683756589889526,0.04029769450426102,0.21911442279815674,0.054796814918518066,0.19945904314517976,0
CGTRNA_RS02515,CGTRNA_RS02520,0,0.9563209414482117,0.8086274862289429,0.9034783840179443,0.9062239527702332,0.7918204665184021,0.8623711466789246,0.7123551964759827,0.8278928995132446,0.809758722782135,0.8619942665100098,0.8440843462944031,1
CGTRNA_RS02520,CGTRNA_RS02530,0,0.004148169886320829,0.01590127870440483,0.017310749739408493,0.003677547909319401,0.030917515978217125,0.021043436601758003,0.011895166710019112,0.011197442188858986,0.008553448133170605,0.0020136383827775717,0.012665839423425496,0
CGTRNA_RS02530,CGTRNA_RS02535,1,0.9875587224960327,0.9763818979263306,0.9799841642379761,0.9830911159515381,0.9485313296318054,0.9698125720024109,0.9893931746482849,0.9690372347831726,0.9693671464920044,0.9770265221595764,0.9750183880329132,1
CGTRNA_RS02535,CGTRNA_RS02540,1,0.3457038402557373,0.2589634954929352,0.6177811026573181,0.1666536033153534,0.47895321249961853,0.402597039937973,0.10997234284877777,0.15228691697120667,0.4870845675468445,0.2634175717830658,0.32834136933088304,0
CGTRNA_RS02540,CGTRNA_RS02545,0,0.5882155299186707,0.5756834149360657,0.8085067868232727,0.8082572817802429,0.7678273916244507,0.689117431640625,0.44614407420158386,0.6434746980667114,0.6754631996154785,0.7936975955963135,0.6796387404203414,1
CGTRNA_RS02545,CGTRNA_RS02550,0,0.20412081480026245,0.1196964755654335,0.1011572852730751,0.024412168189883232,0.09092580527067184,0.28283002972602844,0.1513553410768509,0.08253923058509827,0.04407641664147377,0.0817028135061264,0.11828163806349039,0
CGTRNA_RS02550,CGTRNA_RS02575,0,0.00013127193960826844,0.0015708243008702993,0.0009224131354130805,0.0002423469995846972,0.00044943776447325945,0.0008425202686339617,0.0006358390673995018,0.0003378043184056878,0.00043162229121662676,4.782774340128526e-05,0.0005611907829006669,0
CGTRNA_RS02575,CGTRNA_RS02580,1,0.9654096364974976,0.9742898344993591,0.9671958088874817,0.9730073809623718,0.9391676187515259,0.9558526873588562,0.9869166612625122,0.9566230773925781,0.9591417908668518,0.9820684194564819,0.9659672915935517,1
CGTRNA_RS02580,CGTRNA_RS02585,1,0.9697375297546387,0.8935914039611816,0.8720232844352722,0.9081031084060669,0.7645329236984253,0.8960936665534973,0.9464325308799744,0.835448145866394,0.8350304961204529,0.9271089434623718,0.8848102033138275,1
CGTRNA_RS02585,CGTRNA_RS02590,1,0.9624842405319214,0.9258683323860168,0.900181233882904,0.9236757755279541,0.742838442325592,0.9327392578125,0.9254868030548096,0.8602031469345093,0.841259777545929,0.8946354985237122,0.8909372508525848,1
CGTRNA_RS02590,CGTRNA_RS02595,1,0.9603926539421082,0.9578796029090881,0.9497185945510864,0.9266021847724915,0.8803073763847351,0.90632563829422,0.9762822985649109,0.8936047554016113,0.877722978591919,0.9076213240623474,0.9236457407474518,1
CGTRNA_RS02595,CGTRNA_RS02600,1,0.9814598560333252,0.9831349849700928,0.9781010150909424,0.9743313193321228,0.947406530380249,0.9647663235664368,0.9897850751876831,0.9710559248924255,0.9592244625091553,0.970338761806488,0.9719604253768921,1
CGTRNA_RS02600,CGTRNA_RS02605,1,0.9876710176467896,0.9872599840164185,0.9914686679840088,0.9777268767356873,0.9474716782569885,0.9752549529075623,0.9979444146156311,0.9692918062210083,0.9723023176193237,0.9771214723587036,0.9783513188362122,1
CGTRNA_RS02605,CGTRNA_RS02610,1,0.9703658223152161,0.9501763582229614,0.9167333841323853,0.8899137377738953,0.7855820655822754,0.9338917136192322,0.9121570587158203,0.8836843967437744,0.8919318318367004,0.9100796580314636,0.9044516026973725,1
CGTRNA_RS02610,CGTRNA_RS02615,1,0.9837679266929626,0.954498827457428,0.9818518161773682,0.979550838470459,0.9150599837303162,0.9544564485549927,0.9694241285324097,0.9687967300415039,0.9480293393135071,0.9554159641265869,0.9610852003097534,1
CGTRNA_RS02615,CGTRNA_RS02620,1,0.9798693656921387,0.9590968489646912,0.9217401742935181,0.9385866522789001,0.8435345888137817,0.9634992480278015,0.9535022377967834,0.9235628247261047,0.9586412310600281,0.9416707158088684,0.9383703887462616,1
CGTRNA_RS02620,CGTRNA_RS02625,1,0.979915976524353,0.9854100942611694,0.9614402055740356,0.9795946478843689,0.9271804094314575,0.9521682262420654,0.984213650226593,0.9629541635513306,0.9215055108070374,0.9790041446685791,0.963338702917099,1
CGTRNA_RS02625,CGTRNA_RS02640,0,0.0005762650980614126,0.008009461686015129,0.02417846769094467,0.0016866798978298903,0.002208094811066985,0.0023329283576458693,0.008647267706692219,0.0020752439741045237,0.0012129349634051323,0.00029666448244825006,0.005122400866821408,0
CGTRNA_RS02640,CGTRNA_RS02645,1,0.9760435223579407,0.9667125940322876,0.9428264498710632,0.9468468427658081,0.8880102634429932,0.9447596073150635,0.9744013547897339,0.9309718012809753,0.8874137997627258,0.9644548296928406,0.9422441065311432,1
CGTRNA_RS02645,CGTRNA_RS02650,1,0.975360631942749,0.9684137105941772,0.9394329786300659,0.9195977449417114,0.8486843705177307,0.9498415589332581,0.9333890080451965,0.9182685017585754,0.9238505959510803,0.9410002827644348,0.931783938407898,1
CGTRNA_RS02650,CGTRNA_RS02655,0,0.6331900358200073,0.3532652258872986,0.5423560738563538,0.06233149394392967,0.4871223568916321,0.5915180444717407,0.30931252241134644,0.23195351660251617,0.28644099831581116,0.3686194121837616,0.38661096803843975,0
CGTRNA_RS02655,CGTRNA_RS02685,0,0.0007404280477203429,0.0013718517730012536,0.0011521490523591638,0.0015911002410575747,0.02569662220776081,0.009639594703912735,0.005099704023450613,0.0018717375351116061,0.004702737554907799,0.000370846624718979,0.005223677176400088,0
CGTRNA_RS02685,CGTRNA_RS02720,0,3.7627869460266083e-05,0.0005290156113915145,6.156060408102348e-05,0.00010342380846850574,0.000551699020434171,0.001286961603909731,0.00042851147009059787,0.00017775871674530208,0.0009400729322806001,9.08471702132374e-05,0.0004207478807074949,0
CGTRNA_RS02720,CGTRNA_RS02725,1,0.9645323157310486,0.9485449194908142,0.9473284482955933,0.9681494235992432,0.9125606417655945,0.9424542784690857,0.966548502445221,0.9137244820594788,0.8941636681556702,0.9571852684020996,0.9415191948413849,1
CGTRNA_RS02725,CGTRNA_RS02730,1,0.9845813512802124,0.9703572988510132,0.9717835187911987,0.9798740744590759,0.9426513910293579,0.9648521542549133,0.9902624487876892,0.9616087079048157,0.9541303515434265,0.9689453840255737,0.9689046680927277,1
CGTRNA_RS02730,CGTRNA_RS02735,1,0.9595296382904053,0.944338858127594,0.9584575891494751,0.9215683341026306,0.8896220326423645,0.9293622374534607,0.9632678627967834,0.9427791237831116,0.9381199479103088,0.9251354932785034,0.9372181117534637,1
CGTRNA_RS02735,CGTRNA_RS02740,1,0.9821459650993347,0.9750275611877441,0.969260036945343,0.9833204746246338,0.9287264943122864,0.9594539999961853,0.9891018867492676,0.9627988338470459,0.9587470889091492,0.9691148996353149,0.9677697241306304,1
CGTRNA_RS02740,CGTRNA_RS02745,1,0.9688133597373962,0.98354172706604,0.9428032040596008,0.9165606498718262,0.8473998308181763,0.9211974143981934,0.9779843091964722,0.9175125956535339,0.8547834157943726,0.9625620245933533,0.9293158531188965,1
CGTRNA_RS02745,CGTRNA_RS02805,0,0.00012100208550691605,0.0018191749695688486,0.001187943504191935,0.00020827908883802593,0.0004123079124838114,0.00125802808906883,0.0008392591844312847,0.0005008612060919404,0.0006706109270453453,9.128944657277316e-05,0.0007108756413799711,0
CGTRNA_RS02805,CGTRNA_RS02810,1,0.9634535312652588,0.9260685443878174,0.8819698095321655,0.9356191158294678,0.740886926651001,0.9214684963226318,0.9675195813179016,0.8637639880180359,0.8265789747238159,0.9175078272819519,0.8944836795330048,1
CGTRNA_RS02810,CGTRNA_RS02815,0,0.34682974219322205,0.15560373663902283,0.3904203474521637,0.05327538400888443,0.1776779592037201,0.33194807171821594,0.14144514501094818,0.10527261346578598,0.1891859769821167,0.09326711297035217,0.1984926089644432,0
CGTRNA_RS02815,CGTRNA_RS02820,1,0.47820520401000977,0.3338620364665985,0.47901400923728943,0.22278185188770294,0.250021368265152,0.399453341960907,0.30463650822639465,0.3770763576030731,0.22164396941661835,0.37335002422332764,0.34400446712970734,0
CGTRNA_RS02820,CGTRNA_RS02825,1,0.12026235461235046,0.275480180978775,0.24988839030265808,0.13956518471240997,0.1818140298128128,0.18624117970466614,0.3443852961063385,0.19002214074134827,0.0843244194984436,0.0707879438996315,0.18427711203694344,0
CGTRNA_RS02825,CGTRNA_RS02830,1,0.7158190608024597,0.8085615634918213,0.7325686812400818,0.9141175746917725,0.8110318779945374,0.905716598033905,0.8856790065765381,0.8028963804244995,0.8664071559906006,0.8700008988380432,0.8312798798084259,1
CGTRNA_RS02830,CGTRNA_RS02835,1,0.9878330230712891,0.9805566668510437,0.9902530312538147,0.9830254912376404,0.9525603652000427,0.9721537232398987,0.9984149932861328,0.973523736000061,0.9713149070739746,0.9748399257659912,0.9784475862979889,1
CGTRNA_RS02835,CGTRNA_RS02840,1,0.9557816982269287,0.9539336562156677,0.9945434927940369,0.9876813888549805,0.8860719203948975,0.9510021805763245,0.9032566547393799,0.8877679705619812,0.8988187313079834,0.9312508702278137,0.9350108563899994,1
CGTRNA_RS02840,CGTRNA_RS02845,1,0.9010756015777588,0.8958299160003662,0.938285231590271,0.9357715845108032,0.8329133987426758,0.884677529335022,0.9275879263877869,0.8778539299964905,0.8450226783752441,0.9294196367263794,0.8968437433242797,1
CGTRNA_RS02845,CGTRNA_RS02850,1,0.7556069493293762,0.8690452575683594,0.8189572095870972,0.866601288318634,0.753096878528595,0.8719885945320129,0.9005182981491089,0.8110253214836121,0.7907010912895203,0.8162084221839905,0.8253749310970306,1
CGTRNA_RS02875,CGTRNA_RS02880,0,0.7881434559822083,0.7080181837081909,0.6511120200157166,0.5517266988754272,0.7216376662254333,0.7817249298095703,0.6489635109901428,0.7395294308662415,0.6697885990142822,0.6771829724311829,0.6937827467918396,1
CGTRNA_RS02880,CGTRNA_RS02885,1,0.8754758834838867,0.9148063063621521,0.951080858707428,0.9570515155792236,0.8718553781509399,0.9531599879264832,0.8388802409172058,0.9390816688537598,0.9582561254501343,0.9492583870887756,0.9208906352519989,1
CGTRNA_RS02885,CGTRNA_RS02890,1,0.5401732325553894,0.3657740354537964,0.6827765107154846,0.8818672895431519,0.5835527777671814,0.46203452348709106,0.8123809695243835,0.36655640602111816,0.7345505952835083,0.6365954875946045,0.6066261827945709,1
CGTRNA_RS02890,CGTRNA_RS02905,0,0.0037402233574539423,0.008362031541764736,0.006682439707219601,0.0017986849416047335,0.002644996391609311,0.01049851905554533,0.005621592979878187,0.004881659056991339,0.005702486261725426,0.004560770001262426,0.005449340329505503,0
CGTRNA_RS02905,CGTRNA_RS02910,1,0.8578211069107056,0.8250954747200012,0.7541515827178955,0.7587786316871643,0.44984257221221924,0.7443843483924866,0.6498315334320068,0.43279990553855896,0.6831804513931274,0.5458771586418152,0.6701762765645981,1
CGTRNA_RS02910,CGTRNA_RS02915,0,0.4992896616458893,0.4701249301433563,0.34117794036865234,0.6273765563964844,0.39651355147361755,0.5529964566230774,0.32760855555534363,0.2783498167991638,0.35564523935317993,0.5303553342819214,0.4379438042640686,0
CGTRNA_RS02915,CGTRNA_RS02920,1,0.8700626492500305,0.9267078638076782,0.8086315393447876,0.9476339221000671,0.8816033601760864,0.9254324436187744,0.90064936876297,0.8465853929519653,0.951805830001831,0.9068446755409241,0.8965957045555115,1
CGTRNA_RS02920,CGTRNA_RS02925,0,0.026946041733026505,0.033429719507694244,0.05242951586842537,0.03441071882843971,0.056229401379823685,0.07944013178348541,0.047472529113292694,0.05910127982497215,0.03303525969386101,0.011409703642129898,0.04339043013751507,0
CGTRNA_RS02925,CGTRNA_RS02930,1,0.9654663801193237,0.9145508408546448,0.8748309016227722,0.8820180296897888,0.7467197775840759,0.9204758405685425,0.871898353099823,0.856535017490387,0.8398407697677612,0.8754834532737732,0.8747819364070892,1
CGTRNA_RS02930,CGTRNA_RS02935,0,0.42654457688331604,0.17803576588630676,0.14308488368988037,0.024615664035081863,0.1587853878736496,0.34694862365722656,0.148623988032341,0.10573064535856247,0.1486000418663025,0.17902380228042603,0.18599933795630932,0
CGTRNA_RS02935,CGTRNA_RS02940,0,0.1406531035900116,0.07873306423425674,0.13048124313354492,0.022993020713329315,0.11024049669504166,0.24739417433738708,0.20936736464500427,0.09662879258394241,0.11759721487760544,0.1188361644744873,0.12729246392846108,0
CGTRNA_RS02940,CGTRNA_RS02945,0,0.7810648083686829,0.7157400846481323,0.7086638808250427,0.606893002986908,0.2657649517059326,0.41443389654159546,0.6524914503097534,0.3413153290748596,0.41165584325790405,0.38896796107292175,0.5286991208791733,1
CGTRNA_RS02945,CGTRNA_RS02950,0,0.8116528391838074,0.8771643042564392,0.9536693692207336,0.9132000803947449,0.9016297459602356,0.9348277449607849,0.9145767092704773,0.9016079306602478,0.9298923015594482,0.9112902283668518,0.9049511253833771,1
CGTRNA_RS02950,CGTRNA_RS02960,0,0.001357736880891025,0.0019793768879026175,0.0007275489042513072,0.002166845602914691,0.005433865822851658,0.01035369373857975,0.0009006891050375998,0.0021568431984633207,0.004631625954061747,0.0007501377840526402,0.0030458363879006358,0
CGTRNA_RS02960,CGTRNA_RS02965,1,0.941233217716217,0.8949924111366272,0.8792918920516968,0.9651139974594116,0.851948618888855,0.9210367798805237,0.9427763223648071,0.8955143690109253,0.9257723093032837,0.8739545941352844,0.9091634511947632,1
CGTRNA_RS02965,CGTRNA_RS02970,1,0.7411649823188782,0.8580447435379028,0.8678798675537109,0.9328995943069458,0.8327093720436096,0.8753728866577148,0.8507418632507324,0.8263545632362366,0.8185614347457886,0.8908480405807495,0.849457734823227,1
CGTRNA_RS02970,CGTRNA_RS02975,1,0.9592203497886658,0.9418169856071472,0.9472653865814209,0.9708032011985779,0.894746720790863,0.9454654455184937,0.9769204258918762,0.9208787679672241,0.9208647012710571,0.9129327535629272,0.9390914738178253,1
CGTRNA_RS02975,CGTRNA_RS02980,1,0.9074475765228271,0.8397964835166931,0.8730685114860535,0.9109145402908325,0.8371971249580383,0.8836716413497925,0.9262257218360901,0.7908002138137817,0.9241017699241638,0.6940608620643616,0.8587284445762634,1
CGTRNA_RS02980,CGTRNA_RS02985,1,0.928261399269104,0.8643624782562256,0.7658682465553284,0.875647246837616,0.5610771775245667,0.8551976680755615,0.7477827668190002,0.6656630635261536,0.7275136113166809,0.7479451298713684,0.7739318788051606,1
CGTRNA_RS02985,CGTRNA_RS02990,1,0.9796575903892517,0.9832807183265686,0.9699418544769287,0.9869154691696167,0.9321637749671936,0.9422885775566101,0.9911474585533142,0.9649665355682373,0.9231817722320557,0.9677296876907349,0.9641273438930511,1
CGTRNA_RS02990,CGTRNA_RS02995,1,0.9744383692741394,0.9533894658088684,0.9424981474876404,0.9214209914207458,0.8712739944458008,0.8787181377410889,0.9443318843841553,0.9165350198745728,0.8491140604019165,0.9058401584625244,0.9157560229301452,1
CGTRNA_RS02995,CGTRNA_RS03000,1,0.8400461077690125,0.900028645992279,0.9370812773704529,0.9053705334663391,0.7681553363800049,0.8630561828613281,0.89361572265625,0.7922300696372986,0.8833955526351929,0.8933157324790955,0.8676295161247254,1
CGTRNA_RS03000,CGTRNA_RS03005,0,0.21260176599025726,0.48132291436195374,0.46367886662483215,0.5189927220344543,0.386569082736969,0.289486825466156,0.4798274338245392,0.25678905844688416,0.15906085073947906,0.2294384390115738,0.34777679592370986,0
CGTRNA_RS03005,CGTRNA_RS03015,1,0.36039894819259644,0.26657024025917053,0.4947688579559326,0.423015296459198,0.4328235387802124,0.5154446363449097,0.40517061948776245,0.29140904545783997,0.3252335786819458,0.24384289979934692,0.3758677661418915,0
CGTRNA_RS03015,CGTRNA_RS03030,0,0.0015212304424494505,0.0019589345902204514,0.001940197660587728,0.0012151766568422318,0.005558658856898546,0.005322944838553667,0.0010664287256076932,0.0014184147585183382,0.001881997799500823,0.0005620388546958566,0.0022446023183874788,0
CGTRNA_RS03030,CGTRNA_RS03035,1,0.9723138213157654,0.9446282982826233,0.8880143165588379,0.9121865034103394,0.7917054891586304,0.9040453433990479,0.9458217024803162,0.8124192953109741,0.8713759183883667,0.9044294357299805,0.8946940124034881,1
CGTRNA_RS03035,CGTRNA_RS03045,0,0.02741776779294014,0.03877774998545647,0.021131671965122223,0.011115866713225842,0.021773867309093475,0.10435355454683304,0.07257451117038727,0.029183996841311455,0.07943566888570786,0.015517039224505424,0.04212816944345832,0
CGTRNA_RS03045,CGTRNA_RS03050,0,0.4623316526412964,0.34988275170326233,0.2637113034725189,0.25406700372695923,0.1805393248796463,0.466889888048172,0.3569018244743347,0.19958217442035675,0.2609466016292572,0.28222396969795227,0.3077076494693756,0
CGTRNA_RS03065,CGTRNA_RS03070,1,0.3551338016986847,0.16706006228923798,0.24923278391361237,0.058102503418922424,0.16767439246177673,0.3431142568588257,0.34248998761177063,0.14149078726768494,0.16309764981269836,0.1866018921136856,0.21739981174468995,0
CGTRNA_RS03070,CGTRNA_RS03080,0,0.009351680055260658,0.0034371549263596535,0.002609990071505308,0.0017161531141027808,0.007069359999150038,0.01708289235830307,0.0010814787819981575,0.002399804536253214,0.011088273487985134,0.000708224659319967,0.0056545011990237985,0
CGTRNA_RS03080,CGTRNA_RS03085,1,0.8345187902450562,0.8051621317863464,0.7826930284500122,0.8139869570732117,0.8423105478286743,0.8846642374992371,0.9295464754104614,0.9039260149002075,0.7629496455192566,0.8611045479774475,0.842086237668991,1
CGTRNA_RS03085,CGTRNA_RS03090,1,0.9640687108039856,0.9093776345252991,0.9001511931419373,0.9299319982528687,0.771605908870697,0.9269776344299316,0.9146159291267395,0.8772016763687134,0.8395093679428101,0.9011747241020203,0.8934614777565002,1
CGTRNA_RS03090,CGTRNA_RS03105,0,0.00872015580534935,0.0023153529036790133,0.000634281721431762,0.0045170858502388,0.010191058740019798,0.01524085458368063,0.002570660086348653,0.0030254151206463575,0.008029653690755367,0.002854519058018923,0.005809903756016865,0
CGTRNA_RS03105,CGTRNA_RS03110,1,0.9620932340621948,0.855050265789032,0.9527578949928284,0.985094428062439,0.9015406370162964,0.9310495853424072,0.9341988563537598,0.9045917987823486,0.9404275417327881,0.9407411217689514,0.9307545363903046,1
CGTRNA_RS03110,CGTRNA_RS03120,0,0.011174837127327919,0.02163037285208702,0.008955315686762333,0.031275343149900436,0.013036172837018967,0.03863135352730751,0.01734321005642414,0.008015564642846584,0.014492596499621868,0.0016854985151439905,0.016624026489444076,0
CGTRNA_RS03120,CGTRNA_RS03160,0,8.838353824103251e-05,0.0003738274972420186,0.0001602755655767396,0.0001769286027410999,0.002029210329055786,0.0018028641352429986,0.0004527308337856084,0.0002492785861250013,0.001059694099240005,8.508840983267874e-05,0.0006478281597082969,0
CGTRNA_RS03160,CGTRNA_RS03170,0,0.019518954679369926,0.020677777007222176,0.003362613497301936,0.033501628786325455,0.006117775104939938,0.04436326026916504,0.030003558844327927,0.00378368329256773,0.012316828593611717,0.0025038444437086582,0.01761499245185405,0
CGTRNA_RS03170,CGTRNA_RS03180,0,0.0404115654528141,0.018293825909495354,0.007966604083776474,0.03457053750753403,0.03596837446093559,0.04749034717679024,0.013652828522026539,0.02428351901471615,0.09682125598192215,0.0106034642085433,0.03300623223185539,0
CGTRNA_RS03180,CGTRNA_RS03210,0,0.00030900785350240767,0.0011109048500657082,0.0002701603516470641,0.000123120509670116,0.0024998029693961143,0.004061373881995678,0.0007939617498777807,0.0008278941386379302,0.0022091728169471025,0.00010716301039792597,0.0012312562132137828,0
CGTRNA_RS03210,CGTRNA_RS03215,0,0.7577049732208252,0.86810702085495,0.866242527961731,0.7997487783432007,0.8148004412651062,0.8817317485809326,0.5973766446113586,0.6368269324302673,0.8987759351730347,0.7174258828163147,0.7838740885257721,1
CGTRNA_RS03215,CGTRNA_RS03220,1,0.9229873418807983,0.9426239728927612,0.856731116771698,0.7364158034324646,0.5417471528053284,0.7538312673568726,0.8198347687721252,0.6795988082885742,0.6813218593597412,0.7583252787590027,0.7693417370319366,1
CGTRNA_RS03220,CGTRNA_RS03225,1,0.9612911343574524,0.9654724597930908,0.9662473201751709,0.9666022062301636,0.9071808457374573,0.9194855093955994,0.9816622734069824,0.9114239811897278,0.895481288433075,0.9257158041000366,0.9400562822818757,1
CGTRNA_RS03225,CGTRNA_RS03235,0,0.015090816654264927,0.028608324006199837,0.008321458473801613,0.0032475439365953207,0.007480980828404427,0.031589195132255554,0.009650836698710918,0.014884911477565765,0.026994556188583374,0.004323128145188093,0.015019175154156983,0
CGTRNA_RS03235,CGTRNA_RS03240,1,0.9782159924507141,0.9770733714103699,0.961398720741272,0.9551540613174438,0.913705587387085,0.9678649306297302,0.9645454287528992,0.9429569840431213,0.9763101935386658,0.9632057547569275,0.9600431025028229,1
CGTRNA_RS03240,CGTRNA_RS03245,1,0.8613090515136719,0.8498544096946716,0.825674831867218,0.8640893697738647,0.8441431522369385,0.8586456775665283,0.8714032173156738,0.7636275887489319,0.8643139600753784,0.897312343120575,0.8500373601913452,1
CGTRNA_RS03245,CGTRNA_RS03255,0,0.06444692611694336,0.05018380656838417,0.04804138466715813,0.004071753937751055,0.04559052363038063,0.07424063980579376,0.05506619065999985,0.11299803107976913,0.05576619505882263,0.030359340831637383,0.05407647923566401,0
CGTRNA_RS03255,CGTRNA_RS03260,1,0.9730936884880066,0.9559087157249451,0.9333264827728271,0.9560626745223999,0.8805879354476929,0.9608877897262573,0.9474889636039734,0.9023523330688477,0.944612979888916,0.9097722768783569,0.9364093840122223,1
CGTRNA_RS03260,CGTRNA_RS03285,0,0.00032677894341759384,0.0012481160229071975,0.00010853426647372544,0.00016405103087890893,0.0035900049842894077,0.004776471294462681,0.001034736749716103,0.0006054207333363593,0.0021476317197084427,7.437358726747334e-05,0.0014076119332457893,0
CGTRNA_RS03285,CGTRNA_RS03290,1,0.9627854228019714,0.9668963551521301,0.9322500824928284,0.9700613021850586,0.9042319655418396,0.9528760313987732,0.9763590693473816,0.9034328460693359,0.956627607345581,0.9334282875061035,0.9458948969841003,1
CGTRNA_RS03290,CGTRNA_RS03295,0,0.03351248800754547,0.039337437599897385,0.018296539783477783,0.003653413848951459,0.00781970750540495,0.033825624734163284,0.011889982037246227,0.010020356625318527,0.019204894080758095,0.006069698836654425,0.018363014305941762,0
CGTRNA_RS03295,CGTRNA_RS03300,1,0.9774507284164429,0.9415622353553772,0.9405959248542786,0.9491977095603943,0.8475552201271057,0.9581096768379211,0.9236109256744385,0.9038238525390625,0.9029117822647095,0.9411394000053406,0.9285957455635071,1
CGTRNA_RS03300,CGTRNA_RS03305,1,0.9748162031173706,0.9566445350646973,0.9601261615753174,0.9338133335113525,0.8691344857215881,0.9099733829498291,0.926086962223053,0.9391008019447327,0.8152152895927429,0.9693272113800049,0.9254238367080688,1
CGTRNA_RS03305,CGTRNA_RS03355,0,5.7790799473877996e-05,0.000416114111430943,0.00012678635539487004,2.246277654194273e-05,0.0002706795930862427,0.0010430112015455961,0.00017495857900939882,0.0001874863082775846,0.0004550243611447513,1.6876336303539574e-05,0.0002771190422208747,0
CGTRNA_RS03355,CGTRNA_RS03360,1,0.923643946647644,0.8580114841461182,0.8173895478248596,0.8688989877700806,0.8646475076675415,0.8453869223594666,0.8707273006439209,0.8795790672302246,0.8492804169654846,0.8775752782821655,0.8655140459537506,1
CGTRNA_RS03360,CGTRNA_RS03365,1,0.974982738494873,0.9256439208984375,0.933448314666748,0.9646986126899719,0.8937323689460754,0.9463427662849426,0.9672863483428955,0.9104740619659424,0.9295039176940918,0.9023573994636536,0.9348470449447632,1
CGTRNA_RS03365,CGTRNA_RS03370,1,0.4867776036262512,0.40179306268692017,0.5737987160682678,0.833177924156189,0.6624787449836731,0.5144141316413879,0.671127200126648,0.40541377663612366,0.32682204246520996,0.7676496505737305,0.5643452852964401,1
CGTRNA_RS03370,CGTRNA_RS03390,0,0.00013010970724280924,0.0009835304226726294,0.00020626567129511386,0.00012106762733310461,0.000852426455821842,0.002326405141502619,0.0006722839316353202,0.00039022270357236266,0.0022566283587366343,6.248974386835471e-05,0.0008001429763680789,0
CGTRNA_RS03390,CGTRNA_RS03395,1,0.27917975187301636,0.33118006587028503,0.18413203954696655,0.27546170353889465,0.29695814847946167,0.49754032492637634,0.40573590993881226,0.17189724743366241,0.3086984157562256,0.25176119804382324,0.30025448054075243,0
CGTRNA_RS03395,CGTRNA_RS03400,1,0.855508029460907,0.9132816195487976,0.9213699102401733,0.9297658801078796,0.8462648391723633,0.9309329390525818,0.9341229796409607,0.9481785297393799,0.9348442554473877,0.9205667972564697,0.9134835779666901,1
CGTRNA_RS03400,CGTRNA_RS03425,0,0.0008550056954845786,0.0027227045502513647,0.0003956487635150552,0.00021207840472925454,0.0013001324841752648,0.004438130650669336,0.00242701661773026,0.0010985656408593059,0.0041720368899405,8.309658005600795e-05,0.0017704416277410928,0
CGTRNA_RS03425,CGTRNA_RS03430,1,0.49650415778160095,0.7971019148826599,0.7538318634033203,0.7915544509887695,0.5785977840423584,0.6945487856864929,0.8392590284347534,0.7239963412284851,0.7170907855033875,0.8768400549888611,0.7269325166940689,1
CGTRNA_RS03430,CGTRNA_RS03440,0,0.0081069590523839,0.010095179080963135,0.009138146415352821,0.0006108268862590194,0.024099841713905334,0.023188237100839615,0.015503764152526855,0.010207219049334526,0.019627805799245834,0.002083828207105398,0.012266180745791644,0
CGTRNA_RS03440,CGTRNA_RS03445,1,0.9344637393951416,0.9720150828361511,0.9589256048202515,0.9699690341949463,0.9099411964416504,0.9209889769554138,0.9784193634986877,0.9570421576499939,0.9075833559036255,0.9705610275268555,0.9479909539222717,1
CGTRNA_RS03445,CGTRNA_RS03450,0,0.2656652331352234,0.425434947013855,0.25104212760925293,0.13482555747032166,0.3336992561817169,0.5330337285995483,0.5926605463027954,0.21545404195785522,0.38748541474342346,0.30411022901535034,0.3443411082029343,0
CGTRNA_RS03450,CGTRNA_RS03455,0,0.665191113948822,0.4075348377227783,0.7639620304107666,0.19157643616199493,0.46032971143722534,0.6477791666984558,0.3950975239276886,0.2873938977718353,0.35006967186927795,0.4476587176322937,0.46165931075811384,0
CGTRNA_RS03455,CGTRNA_RS03460,0,0.43136411905288696,0.2622147798538208,0.35860350728034973,0.153692826628685,0.5319541096687317,0.5835729241371155,0.2892885208129883,0.38912415504455566,0.601560652256012,0.3720441460609436,0.3973419740796089,0
CGTRNA_RS03460,CGTRNA_RS03470,0,0.0034642911050468683,0.004729161038994789,0.0020648539066314697,0.0025631338357925415,0.0012253025779500604,0.008463690057396889,0.0047332546673715115,0.0029767330270260572,0.004012004006654024,0.0014790340792387724,0.0035711458302102985,0
CGTRNA_RS03470,CGTRNA_RS03475,0,0.7987967729568481,0.8704754114151001,0.7972494959831238,0.8443665504455566,0.7564377188682556,0.7980179786682129,0.5922435522079468,0.8207499980926514,0.8781253695487976,0.8379361629486084,0.7994399011135102,1
CGTRNA_RS03475,CGTRNA_RS03480,1,0.943437933921814,0.8573266863822937,0.8063585162162781,0.8084062337875366,0.6386627554893494,0.8578259944915771,0.5576964020729065,0.5906699895858765,0.7710479497909546,0.7363615036010742,0.7567793965339661,1
CGTRNA_RS03480,CGTRNA_RS03485,1,0.9420382380485535,0.8428345918655396,0.7978598475456238,0.8002292513847351,0.6718165278434753,0.8512523770332336,0.5861808657646179,0.6853762865066528,0.7922025918960571,0.8585073351860046,0.7828297913074493,1
CGTRNA_RS03485,CGTRNA_RS03500,0,0.007514093071222305,0.003032999811694026,0.0002935325901489705,0.003139962675049901,0.004552714992314577,0.009894069284200668,0.001394179300405085,0.001504455110989511,0.019499536603689194,0.0012212115107104182,0.005204675495042466,0
CGTRNA_RS03500,CGTRNA_RS03515,0,0.00023976547527126968,0.0005698747700080276,0.001120141358114779,0.0014789565466344357,0.0019935681484639645,0.00830797664821148,0.00088193838018924,0.0007651501218788326,0.0012579802423715591,0.0004142351681366563,0.0017029586859280243,0
CGTRNA_RS03515,CGTRNA_RS03525,0,0.1709119826555252,0.20993582904338837,0.21739362180233002,0.19575005769729614,0.44290685653686523,0.5440555810928345,0.49017399549484253,0.2455344945192337,0.5164751410484314,0.16588321328163147,0.31990207731723785,0
CGTRNA_RS03525,CGTRNA_RS03550,0,0.0006693596951663494,0.0012444432359188795,0.0004003421345259994,0.0009812243515625596,0.007609141990542412,0.010037855245172977,0.0020999170374125242,0.0008801830117590725,0.0024599956814199686,0.001376025378704071,0.0027758487762184814,0
CGTRNA_RS03550,CGTRNA_RS03555,1,0.9825534224510193,0.9809132814407349,0.9586939215660095,0.9738861918449402,0.9444491267204285,0.9711883664131165,0.9907969236373901,0.9544422626495361,0.9752191305160522,0.9714489579200745,0.9703591585159301,1
CGTRNA_RS03555,CGTRNA_RS03560,1,0.6363792419433594,0.7034351825714111,0.7303122878074646,0.6192905902862549,0.7006924748420715,0.8241576552391052,0.5871328115463257,0.46438923478126526,0.945909321308136,0.6967602372169495,0.6908459037542343,1
CGTRNA_RS03560,CGTRNA_RS03565,1,0.9752443432807922,0.9646334052085876,0.9764776229858398,0.9891345500946045,0.9356460571289062,0.958185613155365,0.985447883605957,0.9500347375869751,0.9707249999046326,0.9521304368972778,0.9657659649848938,1
CGTRNA_RS03565,CGTRNA_RS03570,1,0.8494772911071777,0.8947160840034485,0.9292287230491638,0.9138005971908569,0.866707444190979,0.86278235912323,0.9221181869506836,0.8542830348014832,0.7774553298950195,0.8749693632125854,0.8745538413524627,1
CGTRNA_RS03570,CGTRNA_RS03575,1,0.6117711663246155,0.9125933051109314,0.9006853103637695,0.8969274163246155,0.7337561249732971,0.7463212609291077,0.8039924502372742,0.8516777753829956,0.7614861130714417,0.9563979506492615,0.8175608873367309,1
CGTRNA_RS03575,CGTRNA_RS03580,1,0.9481813907623291,0.8959630727767944,0.819179892539978,0.8768134117126465,0.6198158264160156,0.8710498213768005,0.8581240177154541,0.7420204281806946,0.7373828887939453,0.8426988124847412,0.8211229562759399,1
CGTRNA_RS03580,CGTRNA_RS03585,1,0.8976882100105286,0.8665749430656433,0.9328077435493469,0.9465215802192688,0.8657376170158386,0.8849105834960938,0.9165993928909302,0.8040151596069336,0.8647056818008423,0.8802230954170227,0.8859784007072449,1
CGTRNA_RS03585,CGTRNA_RS03605,0,0.0004372864787001163,0.0018565607024356723,0.0008265084470622241,0.00027719506761059165,0.0010508857667446136,0.0033141577150672674,0.0007273406372405589,0.0006901109591126442,0.0008667127694934607,7.969283615238965e-05,0.0010126451379619539,0
CGTRNA_RS03605,CGTRNA_RS03615,0,0.05810757726430893,0.01746206544339657,0.014191892929375172,0.014625383540987968,0.04715010151267052,0.048690661787986755,0.03069077432155609,0.016028529033064842,0.07261933386325836,0.01469858456403017,0.033426490426063535,0
CGTRNA_RS03700,CGTRNA_RS03705,1,0.8919603228569031,0.909379780292511,0.8897082209587097,0.962607741355896,0.8203120827674866,0.9031023979187012,0.9313766360282898,0.8682218790054321,0.920037031173706,0.762249231338501,0.8858955323696136,1
CGTRNA_RS03705,CGTRNA_RS03710,0,0.09937376528978348,0.04617825150489807,0.164198637008667,0.12639391422271729,0.16354267299175262,0.14667414128780365,0.315846711397171,0.09374114125967026,0.09587398171424866,0.0206997562199831,0.12725229728966952,0
CGTRNA_RS03710,CGTRNA_RS03720,0,0.023651709780097008,0.012930011376738548,0.0282676313072443,0.037809982895851135,0.01429795939475298,0.04302506521344185,0.026399904862046242,0.0077449907548725605,0.03020027093589306,0.010432245209813118,0.02347597717307508,0
CGTRNA_RS03720,CGTRNA_RS03725,1,0.5114704966545105,0.8296579122543335,0.7233269214630127,0.8178441524505615,0.7958459854125977,0.8535009026527405,0.7360605597496033,0.6712592840194702,0.9494835138320923,0.9054680466651917,0.7793917775154113,1
CGTRNA_RS03725,CGTRNA_RS03730,1,0.7134613990783691,0.7991909384727478,0.4516848921775818,0.7497211694717407,0.785256028175354,0.7723793983459473,0.536813497543335,0.6588927507400513,0.9386422634124756,0.8228731155395508,0.7228915452957153,1
CGTRNA_RS03730,CGTRNA_RS03735,1,0.9403641223907471,0.8568587899208069,0.851530909538269,0.887674868106842,0.5707349181175232,0.8381291627883911,0.8538020849227905,0.6939927339553833,0.714787483215332,0.861615777015686,0.8069490849971771,1
CGTRNA_RS03735,CGTRNA_RS03745,0,0.018848499283194542,0.009079942479729652,0.009296774864196777,0.04743252694606781,0.06076888367533684,0.09176270663738251,0.03259170055389404,0.03612406179308891,0.0341060571372509,0.05674906447529793,0.03967602178454399,0
CGTRNA_RS03745,CGTRNA_RS03750,1,0.7421919107437134,0.8108329772949219,0.841133177280426,0.8901131749153137,0.6717115044593811,0.8091474175453186,0.7666597962379456,0.8306676149368286,0.7754453420639038,0.9519600868225098,0.8089863002300263,1
CGTRNA_RS03750,CGTRNA_RS03755,1,0.9631435871124268,0.9536805152893066,0.9234516620635986,0.9289214015007019,0.7562500238418579,0.9362354278564453,0.9791185259819031,0.8949418663978577,0.830538809299469,0.9381075501441956,0.9104389369487762,1
CGTRNA_RS03755,CGTRNA_RS03760,1,0.7375395894050598,0.929377019405365,0.892731785774231,0.9160733819007874,0.8007655143737793,0.8315308094024658,0.9018649458885193,0.8008890748023987,0.9053164124488831,0.9175156950950623,0.8633604228496552,1
CGTRNA_RS03760,CGTRNA_RS03765,1,0.9253918528556824,0.9244214296340942,0.962040364742279,0.9397265911102295,0.9058701992034912,0.9151681065559387,0.9273902773857117,0.8612492680549622,0.9268221259117126,0.933746337890625,0.9221826553344726,1
CGTRNA_RS03765,CGTRNA_RS03770,1,0.9446622729301453,0.9201088547706604,0.811983048915863,0.881328821182251,0.6205428242683411,0.8522148728370667,0.7003611922264099,0.727276086807251,0.751059353351593,0.8559954166412354,0.8065532743930817,1
CGTRNA_RS03770,CGTRNA_RS03775,1,0.6089540719985962,0.6114407181739807,0.8689413666725159,0.9301527142524719,0.8312101364135742,0.6273465752601624,0.6944303512573242,0.5645954608917236,0.6138492822647095,0.8400347828865051,0.7190955460071564,1
CGTRNA_RS03775,CGTRNA_RS03780,1,0.7821334004402161,0.8569964170455933,0.8986749053001404,0.9251405596733093,0.83095383644104,0.8489243388175964,0.8386961221694946,0.8577756881713867,0.8071419596672058,0.9498313665390015,0.8596268594264984,1
CGTRNA_RS03780,CGTRNA_RS03785,1,0.7175368070602417,0.4705604314804077,0.6090070605278015,0.38108453154563904,0.5824586153030396,0.7090245485305786,0.31476619839668274,0.5036329030990601,0.5510980486869812,0.5381491184234619,0.5377318263053894,1
CGTRNA_RS03785,CGTRNA_RS03795,0,0.12048431485891342,0.08349833637475967,0.07046464830636978,0.014258014969527721,0.04050116240978241,0.20143064856529236,0.1543489396572113,0.08268388360738754,0.06284280866384506,0.046629466116428375,0.08771422235295176,0
CGTRNA_RS03795,CGTRNA_RS03800,1,0.9687731862068176,0.9788457751274109,0.9612773656845093,0.9643429517745972,0.9196770191192627,0.9707602858543396,0.9594070911407471,0.9351754188537598,0.9783914089202881,0.9591102004051208,0.9595760703086853,1
CGTRNA_RS03800,CGTRNA_RS03815,0,0.026781756430864334,0.010396876372396946,0.0005047480808570981,0.008242527022957802,0.04892439395189285,0.08088777959346771,0.01731584593653679,0.015041173435747623,0.07479677349328995,0.013792094774544239,0.029668396909255535,0
CGTRNA_RS03815,CGTRNA_RS03825,0,0.0034891178365796804,0.006292370613664389,0.017926674336194992,0.003908292856067419,0.0033072615042328835,0.012826763093471527,0.003359489608556032,0.00706145167350769,0.003593721892684698,0.004304905422031879,0.006607004883699119,0
CGTRNA_RS03825,CGTRNA_RS03830,1,0.9789782166481018,0.9704712629318237,0.9409741759300232,0.9611073732376099,0.9188868999481201,0.9634811282157898,0.9799173474311829,0.9383513331413269,0.9732064008712769,0.9736414551734924,0.9599015593528748,1
CGTRNA_RS03830,CGTRNA_RS03840,0,0.00045042295823805034,0.0010542680975049734,0.0009892695816233754,0.0004956195480190217,0.0012132440460845828,0.003823186969384551,0.0003518144367262721,0.0006072798860259354,0.0011136962566524744,0.0002738216135185212,0.0010372623393777758,0
CGTRNA_RS03840,CGTRNA_RS03855,0,9.365877485834062e-05,0.0007021111669018865,0.0005430186283774674,0.00011465576972113922,0.0016850243555381894,0.0018181432969868183,0.0008537852554582059,0.00042916592792607844,0.001368870260193944,7.14895359124057e-05,0.0007679922971874475,0
CGTRNA_RS03855,CGTRNA_RS03860,1,0.9703146815299988,0.9686822295188904,0.951363742351532,0.9812381863594055,0.9402884244918823,0.9568470120429993,0.9834473133087158,0.9132860898971558,0.9741602540016174,0.8741644024848938,0.9513792335987091,1
CGTRNA_RS03860,CGTRNA_RS03865,1,0.970073938369751,0.9465310573577881,0.9278488755226135,0.9337216019630432,0.8839221000671387,0.9374375939369202,0.9162281155586243,0.8136405348777771,0.9485182166099548,0.9267922639846802,0.9204714298248291,1
CGTRNA_RS03865,CGTRNA_RS03870,1,0.987442135810852,0.9755595326423645,0.9785981178283691,0.9862553477287292,0.9663013815879822,0.9841001033782959,0.9888781905174255,0.9632454514503479,0.9862480759620667,0.9804022312164307,0.9797030568122864,1
CGTRNA_RS03870,CGTRNA_RS03875,1,0.8973975777626038,0.8031895160675049,0.7157930135726929,0.7604028582572937,0.46413281559944153,0.7251237630844116,0.5476874709129333,0.4335156977176666,0.6700617074966431,0.6245622038841248,0.6641866624355316,1
CGTRNA_RS03875,CGTRNA_RS03880,1,0.9726085066795349,0.9806491732597351,0.9749532341957092,0.9753613471984863,0.9483029842376709,0.9557739496231079,0.9933845400810242,0.9717366695404053,0.9596138596534729,0.9667164087295532,0.96991006731987,1
CGTRNA_RS03880,CGTRNA_RS03885,1,0.9462000727653503,0.8887920379638672,0.8443071842193604,0.8909052014350891,0.6638681888580322,0.8855997920036316,0.6327524781227112,0.6983491778373718,0.7635467052459717,0.822571337223053,0.8036892175674438,1
CGTRNA_RS03885,CGTRNA_RS03890,1,0.9845146536827087,0.9806038737297058,0.9851647615432739,0.9918967485427856,0.9563474059104919,0.9563657641410828,0.9943580031394958,0.9775479435920715,0.9719639420509338,0.9741761684417725,0.9772939264774323,1
CGTRNA_RS03890,CGTRNA_RS03900,0,0.1226254552602768,0.08172610402107239,0.12366804480552673,0.1645626574754715,0.15563933551311493,0.18347664177417755,0.15787620842456818,0.09099410474300385,0.20593848824501038,0.0759863406419754,0.13624933809041978,0
CGTRNA_RS03900,CGTRNA_RS03910,0,0.0038025137037038803,0.002655975753441453,0.0006663630483672023,0.0036589670926332474,0.01389885600656271,0.017288578674197197,0.006405933760106564,0.005849350243806839,0.008765297941863537,0.0055810208432376385,0.006857285706792027,0
CGTRNA_RS03910,CGTRNA_RS03925,0,0.022020958364009857,0.03328830003738403,0.018491441383957863,0.0016644226852804422,0.03184698894619942,0.05948229506611824,0.020135954022407532,0.03517833352088928,0.05561413615942001,0.006643132772296667,0.028436596295796333,0
CGTRNA_RS03955,CGTRNA_RS03960,0,0.19267141819000244,0.11153770983219147,0.16754192113876343,0.02508925087749958,0.055985916405916214,0.24330690503120422,0.11809468269348145,0.11242444068193436,0.0817977711558342,0.07584721595048904,0.11842972319573164,0
CGTRNA_RS03960,CGTRNA_RS03965,0,0.9589030146598816,0.9354382753372192,0.874306321144104,0.8580632209777832,0.7616406679153442,0.9148281216621399,0.6080567240715027,0.8046094179153442,0.847012460231781,0.8394591212272644,0.8402317345142365,1
CGTRNA_RS04100,CGTRNA_RS04120,0,0.00022197674843482673,0.0016723073786124587,0.0006265706033445895,0.00022331965737976134,0.0007449424010701478,0.0014098045649006963,0.0003634573658928275,0.00047256966354325414,0.0006385554443113506,0.00010142206883756444,0.0006474925896327477,0
CGTRNA_RS04120,CGTRNA_RS04130,0,0.0004155666392762214,0.0010436439188197255,0.0021853225771337748,0.000235810482990928,0.0013004945358261466,0.0029181980062276125,0.0005165004404261708,0.0006438466953113675,0.0012718405341729522,0.00025849294615909457,0.0010789716776343993,0
CGTRNA_RS04130,CGTRNA_RS04150,0,0.009915027767419815,0.01564507558941841,0.011244422756135464,0.0035261381417512894,0.03180818259716034,0.04132629558444023,0.008624223060905933,0.009295848198235035,0.014348982833325863,0.0044739884324371815,0.015020818496122957,0
CGTRNA_RS04150,CGTRNA_RS04155,1,0.894308865070343,0.720098078250885,0.660218358039856,0.5016543865203857,0.6304256319999695,0.7661041617393494,0.5948947668075562,0.4714873433113098,0.8764723539352417,0.5048433542251587,0.6620507299900055,1
CGTRNA_RS04155,CGTRNA_RS04175,0,0.0007485664100386202,0.013285858556628227,0.001396325882524252,0.0017646754859015346,0.011227100156247616,0.008761581964790821,0.014424887485802174,0.006974128074944019,0.0037814585957676172,0.0009658599155955017,0.006333044252824038,0
CGTRNA_RS04175,CGTRNA_RS04180,1,0.289171040058136,0.19671159982681274,0.4274143874645233,0.21106691658496857,0.1812741458415985,0.46174734830856323,0.28104257583618164,0.0812537744641304,0.23103483021259308,0.22675509750843048,0.2587471716105938,0
CGTRNA_RS04180,CGTRNA_RS04190,0,0.00011641159653663635,0.0014820146607235074,0.001292032771743834,0.00023634283570572734,0.001920228940434754,0.0019036903977394104,0.0030641118064522743,0.0007286619511432946,0.0013504016678780317,0.0002337806799914688,0.001232767730834894,0
CGTRNA_RS04190,CGTRNA_RS04195,1,0.9706069827079773,0.955217182636261,0.9369672536849976,0.9529792070388794,0.8604056239128113,0.9272270798683167,0.9486626982688904,0.9246074557304382,0.9383522272109985,0.9530773758888245,0.9368103086948395,1
CGTRNA_RS04195,CGTRNA_RS04200,0,0.5965513586997986,0.4255262613296509,0.6157172918319702,0.11153439432382584,0.37803274393081665,0.5356846451759338,0.3637740910053253,0.19014336168766022,0.3007896840572357,0.2594083249568939,0.3777162156999111,0
CGTRNA_RS04200,CGTRNA_RS04210,0,0.11632069945335388,0.17628362774848938,0.0404677614569664,0.1900441199541092,0.12335020303726196,0.3063753545284271,0.13751165568828583,0.11262544989585876,0.30986830592155457,0.13107118010520935,0.16439183577895164,0
CGTRNA_RS04210,CGTRNA_RS04215,0,0.948669970035553,0.7485649585723877,0.7032881379127502,0.46058645844459534,0.7733587622642517,0.9131255745887756,0.8600012063980103,0.8942811489105225,0.9457681179046631,0.802830696105957,0.8050475031137466,1
CGTRNA_RS04215,CGTRNA_RS04240,0,0.000411083223298192,0.0029760056640952826,0.002986971288919449,0.00028541285428218544,0.002187600824981928,0.004269203171133995,0.009592131711542606,0.0009267057757824659,0.0014844821998849511,0.0004008467949461192,0.0025520443508867175,0
CGTRNA_RS04240,CGTRNA_RS04265,0,0.07776214182376862,0.08200263977050781,0.0500449575483799,0.08252663165330887,0.15261609852313995,0.1191931664943695,0.05901239439845085,0.03121795319020748,0.051314789801836014,0.026508213952183723,0.07321989871561527,0
CGTRNA_RS04265,CGTRNA_RS04270,1,0.9791253805160522,0.9772514700889587,0.97459477186203,0.9842449426651001,0.9585671424865723,0.9661133885383606,0.9816988110542297,0.9155266284942627,0.9646258354187012,0.9202983379364014,0.9622046709060669,1
CGTRNA_RS04270,CGTRNA_RS04275,0,0.9754638671875,0.9499332308769226,0.9484531879425049,0.926767885684967,0.9242936968803406,0.9363487362861633,0.9321870803833008,0.9202229380607605,0.9552273750305176,0.9153391718864441,0.9384237170219422,1
CGTRNA_RS04275,CGTRNA_RS04305,0,0.0005445697461254895,0.0011987031903117895,0.0009110022219829261,0.0004249295743647963,0.0023098369129002094,0.00582862040027976,0.0024869616609066725,0.0010624546557664871,0.0021199339535087347,0.00019388309738133103,0.0017080895413528197,0
CGTRNA_RS04305,CGTRNA_RS04330,0,0.0006699232617393136,0.0037715360522270203,0.0024200016632676125,0.0009581425692886114,0.0015703869285061955,0.003584591904655099,0.0017398701747879386,0.0012206964893266559,0.002120638033375144,0.0002704066864680499,0.001832619376364164,0
CGTRNA_RS04330,CGTRNA_RS04335,1,0.890997052192688,0.7229936718940735,0.8742895722389221,0.8105288743972778,0.8590467572212219,0.8461341261863708,0.7862938642501831,0.7741172313690186,0.948669970035553,0.7543028593063354,0.8267373979091645,1
CGTRNA_RS04335,CGTRNA_RS04340,1,0.9747815728187561,0.9669872522354126,0.9641706347465515,0.9706565737724304,0.8985582590103149,0.9674286246299744,0.9683153033256531,0.9739120602607727,0.97636479139328,0.9818456172943115,0.9643020689487457,1
CGTRNA_RS04340,CGTRNA_RS04345,0,0.8630127310752869,0.6668661832809448,0.8585305213928223,0.4935143291950226,0.6672291159629822,0.8034890294075012,0.8107135891914368,0.47799018025398254,0.7722489237785339,0.6116685271263123,0.7025263130664825,1
CGTRNA_RS04345,CGTRNA_RS04390,0,7.594487397000194e-05,0.00047275866381824017,0.0004423063946887851,0.00016376079292967916,0.00031738230609335005,0.0013956478796899319,0.00016386671632062644,0.00016234072973020375,0.0005212990799918771,4.3005966290365905e-05,0.00037583134035230615,0
CGTRNA_RS04390,CGTRNA_RS04395,1,0.9677492380142212,0.9900469779968262,0.9721150994300842,0.9664567112922668,0.9640645384788513,0.9589478969573975,0.9927568435668945,0.9496709704399109,0.9579794406890869,0.9382860064506531,0.9658073723316193,1
CGTRNA_RS04435,CGTRNA_RS04440,1,0.9697487354278564,0.96172034740448,0.9386334419250488,0.9813546538352966,0.9303794503211975,0.9518616199493408,0.9763327836990356,0.9321454763412476,0.9566212296485901,0.9278854727745056,0.9526683211326599,1
CGTRNA_RS04440,CGTRNA_RS04445,1,0.9844947457313538,0.9795661568641663,0.9711485505104065,0.9881874322891235,0.946901261806488,0.965674877166748,0.9951750636100769,0.9573124051094055,0.9750220775604248,0.9438861012458801,0.9707368671894073,1
CGTRNA_RS04445,CGTRNA_RS04450,1,0.570489764213562,0.8121104836463928,0.8613724708557129,0.7715373635292053,0.6778038740158081,0.6177136301994324,0.6841700673103333,0.6183658242225647,0.5957306623458862,0.8105324506759644,0.7019826591014862,1
CGTRNA_RS04450,CGTRNA_RS04455,1,0.9830647706985474,0.9346057176589966,0.9686216711997986,0.9825448989868164,0.9394275546073914,0.971244752407074,0.9844235777854919,0.9109811782836914,0.9527669548988342,0.949517011642456,0.9577198088169098,1
CGTRNA_RS04455,CGTRNA_RS04460,1,0.7686336636543274,0.7976076006889343,0.9003031253814697,0.8563123345375061,0.8267924785614014,0.8009838461875916,0.9278373718261719,0.7540738582611084,0.7341464161872864,0.8149478435516357,0.8181638538837432,1
CGTRNA_RS04460,CGTRNA_RS04465,1,0.9456560611724854,0.8868587613105774,0.8639596104621887,0.7424863576889038,0.7402353286743164,0.8731122612953186,0.7347124814987183,0.6847160458564758,0.9417610764503479,0.705281138420105,0.8118779122829437,1
CGTRNA_RS04465,CGTRNA_RS04470,1,0.9658467173576355,0.9273928999900818,0.9430149793624878,0.9367053508758545,0.8822084665298462,0.8986283540725708,0.8823423385620117,0.9023454785346985,0.9182947874069214,0.9149642586708069,0.9171743631362915,1
CGTRNA_RS04470,CGTRNA_RS04480,0,0.03917025402188301,0.015050898306071758,0.004584780428558588,0.000978692201897502,0.032839152961969376,0.045320361852645874,0.013357611373066902,0.010520067997276783,0.07658880203962326,0.00424415385350585,0.02426547750364989,0
CGTRNA_RS04480,CGTRNA_RS04485,1,0.3355598449707031,0.6092166304588318,0.33837610483169556,0.3578460216522217,0.3628952205181122,0.33847731351852417,0.5092118382453918,0.1571500152349472,0.2041381597518921,0.17071989178657532,0.3383591040968895,0
CGTRNA_RS04485,CGTRNA_RS04490,1,0.820029079914093,0.8909417390823364,0.9311270713806152,0.9303561449050903,0.7551834583282471,0.7184305191040039,0.8448951840400696,0.6256789565086365,0.6199573278427124,0.8086532354354858,0.794525271654129,1
CGTRNA_RS04490,CGTRNA_RS04495,1,0.8501606583595276,0.6533516049385071,0.7772201895713806,0.30321091413497925,0.5287988185882568,0.7044557929039001,0.8759934902191162,0.4149205684661865,0.7780892252922058,0.44855427742004395,0.6334755539894104,1
CGTRNA_RS04550,CGTRNA_RS04555,1,0.9608472585678101,0.8393145203590393,0.9090895056724548,0.744257390499115,0.7859498262405396,0.9169145822525024,0.7513852715492249,0.8892759084701538,0.9740607738494873,0.8080721497535706,0.8579167187213897,1
CGTRNA_RS04595,CGTRNA_RS04600,1,0.6651725172996521,0.5091631412506104,0.7891544699668884,0.8313437104225159,0.5986598134040833,0.7487357258796692,0.6771212816238403,0.6271852254867554,0.5946652293205261,0.7024785280227661,0.6743679642677307,1
CGTRNA_RS04600,CGTRNA_RS04605,1,0.5734178423881531,0.4908505976200104,0.45302125811576843,0.3312374949455261,0.6141746640205383,0.6855313181877136,0.5403779149055481,0.3456723392009735,0.6141479015350342,0.4787827432155609,0.5127214074134827,1
CGTRNA_RS04605,CGTRNA_RS04615,0,0.03189706429839134,0.013269972056150436,0.005011344328522682,0.0006660827784799039,0.012653954327106476,0.03129583224654198,0.007422180380672216,0.004142186138778925,0.04507064074277878,0.0020434237085282803,0.015347268100595102,0
CGTRNA_RS04615,CGTRNA_RS04620,0,0.6603600978851318,0.8159968256950378,0.6179377436637878,0.7977347373962402,0.7912675142288208,0.7857608199119568,0.8593544960021973,0.43736201524734497,0.8785592317581177,0.6638270616531372,0.7308160543441773,1
CGTRNA_RS04620,CGTRNA_RS04630,0,0.005733263213187456,0.03709236904978752,0.004759428557008505,0.0010139086516574025,0.008840007707476616,0.029942935332655907,0.04161759093403816,0.016825105994939804,0.03816588595509529,0.002912491327151656,0.01869029867229983,0
CGTRNA_RS04630,CGTRNA_RS04645,0,0.003981318790465593,0.00903584249317646,0.022536998614668846,0.004644130822271109,0.004567919764667749,0.007406973745673895,0.008129759691655636,0.0034866698551923037,0.0026291897520422935,0.001432891353033483,0.006785169488284737,0
CGTRNA_RS04645,CGTRNA_RS04650,1,0.8033835887908936,0.9021493196487427,0.7353478074073792,0.9073899388313293,0.8240439295768738,0.8643835783004761,0.8971116542816162,0.7613763213157654,0.8929800391197205,0.7879522442817688,0.8376118421554566,1
CGTRNA_RS04650,CGTRNA_RS04660,0,0.061998024582862854,0.04484714940190315,0.024205582216382027,0.009000727906823158,0.03820015862584114,0.13346371054649353,0.030661936849355698,0.07159838825464249,0.048537518829107285,0.11932749301195145,0.058184069022536276,0
CGTRNA_RS04675,CGTRNA_RS04680,0,0.9486857056617737,0.8773518800735474,0.8727409839630127,0.7855572700500488,0.5513340830802917,0.7999143600463867,0.6148704290390015,0.40784594416618347,0.7580868005752563,0.6862917542457581,0.7302679210901261,1
CGTRNA_RS04720,CGTRNA_RS04745,0,0.0002560732827987522,0.0007758811116218567,0.0010058643529191613,0.00028018050943501294,0.0007915798341855407,0.0028943712823092937,0.0002992172376252711,0.0003176520112901926,0.0007180393440648913,0.00033554970286786556,0.0007674408669117838,0
CGTRNA_RS04745,CGTRNA_RS04750,1,0.9101014733314514,0.8759179711341858,0.9144413471221924,0.9273675084114075,0.9208149909973145,0.9226255416870117,0.9013462066650391,0.8101546168327332,0.9248430728912354,0.9075747132301331,0.9015187442302703,1
CGTRNA_RS04750,CGTRNA_RS04755,1,0.941866934299469,0.9484650492668152,0.9132254123687744,0.9290351867675781,0.8593630194664001,0.9122479557991028,0.9788002967834473,0.9188684225082397,0.8626629710197449,0.9379802942276001,0.9202515542507171,1
CGTRNA_RS04755,CGTRNA_RS04760,1,0.9646377563476562,0.9604206085205078,0.9671306014060974,0.9826002717018127,0.9252665638923645,0.9498893618583679,0.9753053784370422,0.9559784531593323,0.9537371397018433,0.9795116186141968,0.9614477753639221,1
CGTRNA_RS04760,CGTRNA_RS04765,1,0.9492018818855286,0.9139326214790344,0.944516122341156,0.9388176798820496,0.8567388653755188,0.9098994135856628,0.8881807327270508,0.8696902990341187,0.9488509893417358,0.8970646262168884,0.9116893231868743,1
CGTRNA_RS04765,CGTRNA_RS04770,0,0.0635615736246109,0.04860754683613777,0.22373872995376587,0.03439681977033615,0.06601433455944061,0.1378711611032486,0.0855303406715393,0.03601355478167534,0.06445535272359848,0.06479502469301224,0.08249844387173652,0
CGTRNA_RS04810,CGTRNA_RS04825,0,0.014486782252788544,0.0070332991890609264,0.0024477376136928797,0.002765467157587409,0.005752184893935919,0.03706200420856476,0.0017586631001904607,0.004883519373834133,0.016924502328038216,0.0026903271209448576,0.009580448723863811,0
CGTRNA_RS04825,CGTRNA_RS04830,1,0.9714617133140564,0.9543948173522949,0.9516981244087219,0.9778328537940979,0.9101530909538269,0.9374351501464844,0.9572980403900146,0.969993531703949,0.9620202779769897,0.9582108855247498,0.9550498485565185,1
CGTRNA_RS04830,CGTRNA_RS04860,0,0.00010344383190385997,0.0010793966939672828,0.0006683939136564732,4.1313483961857855e-05,0.0003130715631414205,0.0008793396991677582,0.000316104618832469,0.0002899365790653974,0.0010178170632570982,7.859078323235735e-05,0.00047874082301859746,0
CGTRNA_RS04860,CGTRNA_RS04865,1,0.9820687770843506,0.9422783255577087,0.9338195323944092,0.9828153848648071,0.9449278116226196,0.9613776206970215,0.9706155061721802,0.9382672309875488,0.9648756980895996,0.8848826289176941,0.9505928516387939,1
CGTRNA_RS04865,CGTRNA_RS04880,0,0.0020660373847931623,0.0023894133046269417,0.005050900857895613,0.002462053904309869,0.005272793583571911,0.012804483063519001,0.001507328823208809,0.0031795853283256292,0.004533649887889624,0.0005858090007677674,0.003985205513890833,0
CGTRNA_RS04915,CGTRNA_RS04920,0,0.9273710250854492,0.8645650744438171,0.9553523063659668,0.9425327181816101,0.9240031838417053,0.9743613600730896,0.8489370942115784,0.953438937664032,0.9788246750831604,0.9434003233909607,0.931278669834137,1
CGTRNA_RS04920,CGTRNA_RS04925,0,0.0704452320933342,0.1278076469898224,0.10448575764894485,0.011885467916727066,0.03811318054795265,0.12387876212596893,0.07799476385116577,0.051699910312891006,0.03868699073791504,0.055035434663295746,0.07000331468880176,0
CGTRNA_RS04925,CGTRNA_RS04930,0,0.12531815469264984,0.1857077032327652,0.10190505534410477,0.032813142985105515,0.10781652480363846,0.2513180673122406,0.08027536422014236,0.12911608815193176,0.2980823218822479,0.07392412424087524,0.13862765468657018,0
CGTRNA_RS04930,CGTRNA_RS04935,1,0.6412373185157776,0.6762855052947998,0.5483616590499878,0.7522450685501099,0.7542046904563904,0.6998211741447449,0.5419951677322388,0.5496886372566223,0.6299223899841309,0.6840957999229431,0.6477857410907746,1
CGTRNA_RS04970,CGTRNA_RS04975,1,0.9389930367469788,0.9088269472122192,0.9716216325759888,0.9657866358757019,0.8798516392707825,0.9596086740493774,0.9813302159309387,0.9035728573799133,0.9534066319465637,0.9512774348258972,0.9414275705814361,1
CGTRNA_RS04975,CGTRNA_RS04985,0,0.0016286978498101234,0.020000342279672623,0.006766119040548801,0.0010103557724505663,0.004812661092728376,0.008450095541775227,0.006313347723335028,0.005728290881961584,0.005904134828597307,0.0031063761562108994,0.0063720421167090535,0
CGTRNA_RS04985,CGTRNA_RS04990,0,0.8152599930763245,0.41373950242996216,0.30832183361053467,0.1678672730922699,0.23507703840732574,0.4420917332172394,0.22498013079166412,0.2516818940639496,0.363863468170166,0.42047834396362305,0.3643361210823059,0
CGTRNA_RS04990,CGTRNA_RS04995,1,0.9584465026855469,0.8953983187675476,0.8836236000061035,0.7788780331611633,0.7643244862556458,0.915623664855957,0.7235822677612305,0.778114914894104,0.9354748129844666,0.825179398059845,0.845864599943161,1
CGTRNA_RS04995,CGTRNA_RS05005,0,0.012050066143274307,0.024935532361268997,0.0033779412042349577,0.02226126194000244,0.022255167365074158,0.03389278054237366,0.010550699196755886,0.006742896977812052,0.029607631266117096,0.002901117317378521,0.016857509431429208,0
CGTRNA_RS05005,CGTRNA_RS05010,1,0.7027891278266907,0.7728384733200073,0.8530052900314331,0.8016743063926697,0.6717020869255066,0.7120217680931091,0.9143746495246887,0.8075125217437744,0.7634462714195251,0.9135947227478027,0.7912959218025207,1
CGTRNA_RS05010,CGTRNA_RS05035,0,0.004110823851078749,0.0018641435308381915,0.00013851455878466368,0.0009949953528121114,0.0036943412851542234,0.00978113617748022,0.0009819027036428452,0.0007352389511652291,0.0064797974191606045,0.0017934401985257864,0.0030574334028642624,0
CGTRNA_RS05035,CGTRNA_RS05040,1,0.8132123351097107,0.9255468249320984,0.9327884912490845,0.9323434233665466,0.8261338472366333,0.8548957705497742,0.9148569107055664,0.9130485653877258,0.9136459827423096,0.9092426896095276,0.8935714840888977,1
CGTRNA_RS05040,CGTRNA_RS05050,0,0.0007153504411689937,0.0015175959561020136,0.0020151245407760143,0.0020587113685905933,0.002278254134580493,0.011889943853020668,0.0005765249370597303,0.0015390731859952211,0.0025083429645746946,0.0008223056793212891,0.002592122706118971,0
CGTRNA_RS05050,CGTRNA_RS05070,0,0.005046185106039047,0.00446107005700469,0.0008701608749106526,0.0010402705520391464,0.004688978660851717,0.014840787276625633,0.0011822455562651157,0.003974557388573885,0.009911315515637398,0.0006048851646482944,0.004662045615259558,0
CGTRNA_RS05070,CGTRNA_RS05075,0,0.898032009601593,0.5882670283317566,0.7604519128799438,0.5196895003318787,0.4523574113845825,0.6439085602760315,0.4429374933242798,0.26108357310295105,0.7363203763961792,0.4362388849258423,0.5739286750555038,1
CGTRNA_RS05075,CGTRNA_RS05080,0,0.8514894843101501,0.3988475799560547,0.6367787718772888,0.5037504434585571,0.37800270318984985,0.5229778289794922,0.32047316431999207,0.23366349935531616,0.6775662302970886,0.3443884551525116,0.4867938160896301,0
CGTRNA_RS05080,CGTRNA_RS05085,0,0.7458927035331726,0.8446376323699951,0.8287558555603027,0.7550999522209167,0.7180027961730957,0.7467237114906311,0.7916695475578308,0.8095564842224121,0.7890928387641907,0.7702038288116455,0.7799635350704193,1
CGTRNA_RS05085,CGTRNA_RS05095,0,0.0022320698481053114,0.0026549375616014004,0.0007529641734436154,0.002816713647916913,0.007659978233277798,0.01584632135927677,0.005452771671116352,0.0034529066178947687,0.008659010753035545,0.001201992155984044,0.005072966602165252,0
CGTRNA_RS05095,CGTRNA_RS05120,0,0.0003936103021260351,0.004063509404659271,0.0006751228356733918,0.0003250401932746172,0.0029046032577753067,0.003106348216533661,0.00875888392329216,0.001678291941061616,0.005027418956160545,0.00016400082677137107,0.0027096829857327976,0
CGTRNA_RS05120,CGTRNA_RS05150,0,0.0005057920352555811,0.0012988606467843056,0.00024103438772726804,0.0001883233489934355,0.001200204947963357,0.0035861830692738295,0.0020467310678213835,0.0004944523680023849,0.0021673773881047964,5.784119639429264e-05,0.0011786800456320633,0
CGTRNA_RS05150,CGTRNA_RS05155,1,0.8152685165405273,0.8789200782775879,0.8985830545425415,0.9078455567359924,0.8262873291969299,0.8970436453819275,0.9582076668739319,0.7621541619300842,0.9023507237434387,0.8731540441513062,0.8719814777374267,1
CGTRNA_RS05155,CGTRNA_RS05160,1,0.988524317741394,0.9787814617156982,0.9911168813705444,0.9918279051780701,0.9698891043663025,0.9793378710746765,0.9968632459640503,0.9839832782745361,0.979009747505188,0.980704128742218,0.9840037941932678,1
CGTRNA_RS05160,CGTRNA_RS05165,1,0.9765656590461731,0.9561320543289185,0.939382791519165,0.9190908074378967,0.877862274646759,0.9331619739532471,0.9267547130584717,0.8454948663711548,0.9343468546867371,0.9062073230743408,0.9214999318122864,1
CGTRNA_RS05230,CGTRNA_RS05235,1,0.9269008636474609,0.8157671689987183,0.8192334771156311,0.85341876745224,0.8614236116409302,0.9071565866470337,0.8970841765403748,0.7666177153587341,0.9058178067207336,0.875267505645752,0.8628687679767608,1
CGTRNA_RS05235,CGTRNA_RS05240,0,0.973631739616394,0.9269750118255615,0.9517999291419983,0.9398592710494995,0.9175913333892822,0.9550096988677979,0.928276538848877,0.8996142148971558,0.9595540165901184,0.8859015107154846,0.9338213264942169,1
CGTRNA_RS05240,CGTRNA_RS05250,0,0.008067072369158268,0.023244086652994156,0.01062627974897623,0.0019979483913630247,0.01166320126503706,0.03104357048869133,0.019906554371118546,0.022204648703336716,0.03192652761936188,0.003914496395736933,0.016459438600577414,0
CGTRNA_RS05250,CGTRNA_RS05255,0,0.5100118517875671,0.36109983921051025,0.41804972290992737,0.824759304523468,0.5264564156532288,0.6050997376441956,0.5671478509902954,0.5576406121253967,0.6135703325271606,0.7792267203330994,0.5763062387704849,1
CGTRNA_RS05255,CGTRNA_RS05260,0,0.6251212954521179,0.5656681060791016,0.35217753052711487,0.39386576414108276,0.6317101716995239,0.6639261841773987,0.54672771692276,0.46258729696273804,0.5675890445709229,0.6228489875793457,0.5432222098112106,1
CGTRNA_RS05260,CGTRNA_RS05265,1,0.9352549314498901,0.7522157430648804,0.7036553621292114,0.6739456057548523,0.6581994295120239,0.8197057843208313,0.6054602861404419,0.4880947172641754,0.8416633605957031,0.7092936038970947,0.7187488824129105,1
CGTRNA_RS05315,CGTRNA_RS05325,0,0.028685614466667175,0.006667822599411011,0.01962653174996376,0.027249930426478386,0.028984902426600456,0.043613795191049576,0.005649189930409193,0.014874753542244434,0.02726217731833458,0.009391122497618198,0.021200584014877677,0
CGTRNA_RS05355,CGTRNA_RS05380,0,0.0006587802199646831,0.001894310931675136,0.0013938925694674253,0.00027929211501032114,0.001462759100832045,0.003751031355932355,0.0025758103001862764,0.0011673204135149717,0.002775360830128193,0.0003123003407381475,0.0016270858177449554,0
CGTRNA_RS05380,CGTRNA_RS05395,0,0.00034054930438287556,0.0012889181962236762,0.00023080802930053324,9.004446474136785e-05,0.006293873768299818,0.005381984170526266,0.001249582157470286,0.001053769956342876,0.0027986131608486176,0.00044337144936434925,0.0019171514657500665,0
CGTRNA_RS05395,CGTRNA_RS05400,1,0.9668536186218262,0.9377074241638184,0.9379241466522217,0.8712292313575745,0.7677072286605835,0.926466166973114,0.9375529885292053,0.8999797701835632,0.88431316614151,0.8987360000610352,0.9028469741344451,1
CGTRNA_RS05400,CGTRNA_RS05405,1,0.9502437710762024,0.9491892457008362,0.9341506361961365,0.8539966940879822,0.7359436750411987,0.9183309078216553,0.9393408894538879,0.8472641706466675,0.87211012840271,0.86197429895401,0.8862544417381286,1
CGTRNA_RS05405,CGTRNA_RS05410,1,0.9762159585952759,0.9489337801933289,0.9357284903526306,0.9394217729568481,0.826998770236969,0.9577773809432983,0.9337023496627808,0.9336056709289551,0.9590387344360352,0.9403653740882874,0.9351788282394409,1
CGTRNA_RS05410,CGTRNA_RS05415,1,0.9761669635772705,0.9686794281005859,0.9712337851524353,0.9871549010276794,0.9518770575523376,0.9639968276023865,0.9838239550590515,0.9520454406738281,0.9744942784309387,0.9403484463691711,0.9669821083545684,1
CGTRNA_RS05415,CGTRNA_RS05420,1,0.9667537808418274,0.9420954585075378,0.9684137105941772,0.961783230304718,0.9331483840942383,0.9508703351020813,0.969927191734314,0.8961573243141174,0.9022601842880249,0.9649239182472229,0.9456333518028259,1
CGTRNA_RS05420,CGTRNA_RS05435,0,0.0003048948128707707,0.004271707497537136,0.0033243547659367323,0.0005873675108887255,0.0012203274527564645,0.0012738965451717377,0.0021604113280773163,0.0013628826709464192,0.0010382236214354634,0.00026761696790345013,0.0015811683173524217,0
CGTRNA_RS05480,CGTRNA_RS05495,0,0.008385205641388893,0.009774073958396912,0.0015973426634445786,0.015435903333127499,0.01675305888056755,0.05565793812274933,0.005385636817663908,0.005396862048655748,0.028079621493816376,0.010837089270353317,0.01573027322301641,0
CGTRNA_RS05495,CGTRNA_RS05500,0,0.825545608997345,0.4934627413749695,0.7718309760093689,0.5013792514801025,0.6011984944343567,0.7714895009994507,0.5455543994903564,0.49005696177482605,0.7706648707389832,0.5263260006904602,0.629750880599022,1
CGTRNA_RS05500,CGTRNA_RS05505,1,0.9521901607513428,0.8750935792922974,0.8764463663101196,0.8148163557052612,0.7135529518127441,0.8626711964607239,0.8579108119010925,0.7591308355331421,0.8531043529510498,0.7905759215354919,0.8355492532253266,1
CGTRNA_RS05505,CGTRNA_RS05510,1,0.9854509830474854,0.9521802663803101,0.9817747473716736,0.9563560485839844,0.9222403168678284,0.9654636979103088,0.9949615597724915,0.9459902048110962,0.9511336088180542,0.960599422454834,0.9616150856018066,1
CGTRNA_RS05510,CGTRNA_RS05515,1,0.7436238527297974,0.8420194983482361,0.856209397315979,0.9338415861129761,0.77437424659729,0.7856364250183105,0.6497038006782532,0.7888803482055664,0.816186249256134,0.8919669389724731,0.8082442343235016,1
CGTRNA_RS05515,CGTRNA_RS05520,1,0.9864417314529419,0.9610146880149841,0.9564348459243774,0.9844976663589478,0.9385613799095154,0.9601873159408569,0.9873394966125488,0.9455870389938354,0.977814793586731,0.9312872886657715,0.962916624546051,1
CGTRNA_RS05520,CGTRNA_RS05525,1,0.7272636890411377,0.8395677208900452,0.8201844692230225,0.8282078504562378,0.8021591901779175,0.8252609372138977,0.8354542255401611,0.7657102346420288,0.8031164407730103,0.891446053981781,0.813837081193924,1
CGTRNA_RS05525,CGTRNA_RS05530,0,0.45983248949050903,0.1986381709575653,0.4408779740333557,0.05595497414469719,0.34134045243263245,0.4720459282398224,0.24264143407344818,0.25843119621276855,0.2952268421649933,0.5157824158668518,0.3280771877616644,0
CGTRNA_RS05530,CGTRNA_RS05550,0,0.005113108083605766,0.003046957077458501,0.010767925530672073,0.022435415536165237,0.03650546446442604,0.02371377870440483,0.010999157093465328,0.006751999258995056,0.011236361227929592,0.006004916504025459,0.01365750834811479,0
CGTRNA_RS05550,CGTRNA_RS05555,1,0.5539364814758301,0.6404588222503662,0.36143597960472107,0.6643715500831604,0.6571585536003113,0.6153911352157593,0.19654269516468048,0.47721147537231445,0.8902814984321594,0.6652876138687134,0.5722075805068016,1
CGTRNA_RS05555,CGTRNA_RS05560,1,0.9445277452468872,0.9818182587623596,0.9802747964859009,0.9880615472793579,0.9606779217720032,0.9557449221611023,0.9876670241355896,0.9416952729225159,0.9670615196228027,0.9279027581214905,0.963543176651001,1
CGTRNA_RS05560,CGTRNA_RS05565,1,0.9620929956436157,0.9568532705307007,0.905071496963501,0.9709603786468506,0.921823263168335,0.9544973373413086,0.9732087254524231,0.9104838371276855,0.9640421271324158,0.9145405888557434,0.943357402086258,1
CGTRNA_RS05565,CGTRNA_RS05570,1,0.8911356925964355,0.6820865869522095,0.8217016458511353,0.8025656938552856,0.7237793207168579,0.7401407361030579,0.7494250535964966,0.5634889006614685,0.7327620387077332,0.5958842039108276,0.7302969872951508,1
CGTRNA_RS05570,CGTRNA_RS05575,1,0.854800820350647,0.9155615568161011,0.9407392144203186,0.9452449679374695,0.8633690476417542,0.8951520323753357,0.9485713839530945,0.8920302987098694,0.9010083079338074,0.9775276184082031,0.9134005248546601,1
CGTRNA_RS05575,CGTRNA_RS05580,1,0.9612376689910889,0.936196506023407,0.9177459478378296,0.9632579684257507,0.9053316116333008,0.9241983890533447,0.9570079445838928,0.9092013239860535,0.9349908232688904,0.8976825475692749,0.9306850731372833,1
CGTRNA_RS05580,CGTRNA_RS05595,0,0.009029639884829521,0.004404294770210981,0.004402196034789085,0.014097917824983597,0.007352283224463463,0.01406809687614441,0.013071763329207897,0.001772157265804708,0.013799880631268024,0.010383432731032372,0.009238166257273406,0
CGTRNA_RS05595,CGTRNA_RS05605,0,0.07195022702217102,0.08946407586336136,0.13862575590610504,0.04894433915615082,0.0323721319437027,0.11216877400875092,0.07488521188497543,0.05383700877428055,0.020474359393119812,0.013747407123446465,0.06564692910760642,0
CGTRNA_RS05605,CGTRNA_RS05610,1,0.6304589509963989,0.810705304145813,0.7192478179931641,0.8775791525840759,0.6921871900558472,0.8008373379707336,0.8993386030197144,0.7527232766151428,0.7891550064086914,0.6842880845069885,0.7656520724296569,1
CGTRNA_RS05610,CGTRNA_RS05615,1,0.9200103878974915,0.8359576463699341,0.88455730676651,0.947292685508728,0.8670412302017212,0.90353924036026,0.8537901043891907,0.7097274661064148,0.8641418218612671,0.9343628883361816,0.8720420777797699,1
CGTRNA_RS05615,CGTRNA_RS05635,0,0.0005848354776389897,0.0005535510717891157,0.00010563324758550152,6.234848842723295e-05,0.0008799574570730329,0.0030800148379057646,0.0008271387196145952,0.00020012413733638823,0.0016362789319828153,0.00010600811947369948,0.0008035890488827136,0
CGTRNA_RS05635,CGTRNA_RS05640,1,0.9845674633979797,0.9878954291343689,0.9788890480995178,0.9899018406867981,0.9752099514007568,0.9807886481285095,0.9948081374168396,0.9792194962501526,0.9796501994132996,0.9723837971687317,0.9823314011096954,1
CGTRNA_RS05640,CGTRNA_RS05670,0,9.462958405492827e-05,0.0005061447736807168,0.0001966246054507792,7.198721868917346e-05,0.0005127832409925759,0.0013845224166288972,0.00027790613239631057,0.00020383938681334257,0.0005848566652275622,6.13153533777222e-05,0.00038946093773120085,0
CGTRNA_RS05670,CGTRNA_RS05675,1,0.9683429598808289,0.9361603260040283,0.9473755955696106,0.87717604637146,0.9046571254730225,0.9300075769424438,0.971681535243988,0.8813822269439697,0.9593230485916138,0.8731064200401306,0.9249212861061096,1
CGTRNA_RS05675,CGTRNA_RS05680,1,0.7242148518562317,0.859607994556427,0.8331130146980286,0.8934958577156067,0.744581401348114,0.7424834966659546,0.6467046737670898,0.7564546465873718,0.6758739948272705,0.8920770883560181,0.7768607020378113,1
CGTRNA_RS05680,CGTRNA_RS05690,0,0.1169537678360939,0.0542130246758461,0.07905465364456177,0.015441128052771091,0.0316513255238533,0.14976605772972107,0.10807135701179504,0.05894066393375397,0.0257175974547863,0.05543265491724014,0.06952422307804226,0
CGTRNA_RS05690,CGTRNA_RS05695,1,0.9583480954170227,0.898740828037262,0.9365500211715698,0.9617682099342346,0.870529294013977,0.9079065918922424,0.8839150667190552,0.868381917476654,0.9440439939498901,0.927759051322937,0.9157943069934845,1
CGTRNA_RS05715,CGTRNA_RS05720,1,0.7363455295562744,0.8586745262145996,0.9074984192848206,0.9290360808372498,0.8195844292640686,0.801593542098999,0.855175256729126,0.6880879402160645,0.8195629119873047,0.8207898139953613,0.8236348450183868,1
CGTRNA_RS05720,CGTRNA_RS05725,1,0.9201773405075073,0.964246928691864,0.9297917485237122,0.9307584166526794,0.9518105983734131,0.9655791521072388,0.9394873976707458,0.8697754740715027,0.9121932983398438,0.9460976719856262,0.9329918026924133,1
CGTRNA_RS05725,CGTRNA_RS05735,0,0.04569626972079277,0.038179848343133926,0.026303503662347794,0.021128244698047638,0.033978693187236786,0.1549326479434967,0.054917361587285995,0.044781990349292755,0.08583216369152069,0.06182816997170448,0.056757889315485956,0
CGTRNA_RS05735,CGTRNA_RS05770,0,0.0005847092834301293,0.0013190974714234471,0.0019197482615709305,0.006799366325139999,0.007508978713303804,0.01415425818413496,0.004393330775201321,0.0018915937980636954,0.0026387032121419907,0.0012985095381736755,0.0042508295562583955,0
CGTRNA_RS05770,CGTRNA_RS05780,0,0.007910149171948433,0.024265393614768982,0.031267471611499786,0.004615034442394972,0.008285711519420147,0.01001489907503128,0.00750954682007432,0.0141047528013587,0.006054517813026905,0.005348007194697857,0.011937548406422138,0
CGTRNA_RS05780,CGTRNA_RS05790,0,0.07398204505443573,0.07531476765871048,0.044129177927970886,0.019054340198636055,0.02502446062862873,0.06833210587501526,0.037571657449007034,0.05412869527935982,0.029947392642498016,0.05366157367825508,0.04811462163925171,0
CGTRNA_RS05790,CGTRNA_RS05795,1,0.9859379529953003,0.9760509729385376,0.9703012704849243,0.9812413454055786,0.9529253244400024,0.9686238765716553,0.9743733406066895,0.9696481823921204,0.9809817671775818,0.9724771976470947,0.9732561230659484,1
CGTRNA_RS05795,CGTRNA_RS05800,1,0.9819886088371277,0.9723705053329468,0.9628681540489197,0.9613590836524963,0.9173732995986938,0.955507755279541,0.9895867705345154,0.9669777154922485,0.9718850255012512,0.9716324210166931,0.9651549339294434,1
CGTRNA_RS05800,CGTRNA_RS05820,0,0.0023251406382769346,0.002778111258521676,0.0011157554108649492,0.0028022725600749254,0.00951429083943367,0.018373265862464905,0.002260032342746854,0.00517982617020607,0.008027239702641964,0.0011175419203937054,0.0053493476705625655,0
CGTRNA_RS05820,CGTRNA_RS05825,1,0.9772269129753113,0.9365166425704956,0.9512690305709839,0.8946265578269958,0.9019882678985596,0.9526441693305969,0.9778198003768921,0.9468538165092468,0.9626320600509644,0.916808009147644,0.9418385267257691,1
CGTRNA_RS05825,CGTRNA_RS05830,1,0.9804660677909851,0.9876343011856079,0.9735745787620544,0.9844611287117004,0.9752311110496521,0.9799296259880066,0.9889194965362549,0.9837610125541687,0.9797006845474243,0.9799479842185974,0.9813625991344452,1
CGTRNA_RS05830,CGTRNA_RS05835,1,0.9804179072380066,0.9766362309455872,0.9720661044120789,0.9731036424636841,0.9758749604225159,0.968919038772583,0.9685208797454834,0.9561159610748291,0.982804000377655,0.9498501420021057,0.9704308867454529,1
CGTRNA_RS05835,CGTRNA_RS05855,0,0.002922278130427003,0.008169428445398808,0.0032019494101405144,0.0022801223676651716,0.0022724485024809837,0.012320081703364849,0.0021183285862207413,0.0020658369176089764,0.003215279895812273,0.0003014638496097177,0.0038867217808729038,0
CGTRNA_RS05855,CGTRNA_RS05860,1,0.6927348375320435,0.762765645980835,0.7650731801986694,0.8247079849243164,0.6573020815849304,0.8259588479995728,0.8265369534492493,0.5172709226608276,0.7271116971969604,0.7864214181900024,0.7385883569717407,1
CGTRNA_RS05860,CGTRNA_RS05870,0,0.004347394686192274,0.004562734626233578,0.0016848319210112095,0.007912867702543736,0.005203781649470329,0.026422221213579178,0.004062851425260305,0.0024906692560762167,0.004080406855791807,0.0016873289132490754,0.0062455088249407705,0
CGTRNA_RS05870,CGTRNA_RS05875,1,0.6654996275901794,0.7367520928382874,0.8692343235015869,0.8279919028282166,0.7278493642807007,0.8202546834945679,0.6948561668395996,0.6773874759674072,0.7490325570106506,0.8000909686088562,0.7568949162960052,1
CGTRNA_RS05875,CGTRNA_RS05880,0,0.6776797771453857,0.4264511466026306,0.4369562566280365,0.23931258916854858,0.6669530272483826,0.5951101779937744,0.32484686374664307,0.33093535900115967,0.5371289849281311,0.17921821773052216,0.44145924001932146,0
CGTRNA_RS05880,CGTRNA_RS05885,0,0.695433497428894,0.78660649061203,0.6745278835296631,0.8255182504653931,0.8142341375350952,0.8322548270225525,0.7584627270698547,0.7340359091758728,0.8900942802429199,0.8342897891998291,0.7845457792282104,1
CGTRNA_RS05885,CGTRNA_RS05900,0,0.0013684683945029974,0.004296435043215752,0.0008432953618466854,0.0008685120847076178,0.004481039941310883,0.00723448907956481,0.005274919327348471,0.0014851904707029462,0.004159426316618919,0.0006010018987581134,0.0030612777918577194,0
CGTRNA_RS05900,CGTRNA_RS05905,1,0.9711037874221802,0.9751279950141907,0.9506826996803284,0.9565851092338562,0.8601499199867249,0.936829686164856,0.9637559056282043,0.9219306111335754,0.9270164370536804,0.9476912021636963,0.9410873353481293,1
CGTRNA_RS05905,CGTRNA_RS05920,0,0.012293785810470581,0.02018788829445839,0.004573178011924028,0.0019992198795080185,0.02162543497979641,0.06864972412586212,0.01255935151129961,0.024071916937828064,0.06354311108589172,0.003773163305595517,0.023327677394263446,0
CGTRNA_RS05920,CGTRNA_RS05925,1,0.9812411069869995,0.9814810156822205,0.9520924091339111,0.9741743803024292,0.9054966568946838,0.9485799670219421,0.9898861646652222,0.9591424465179443,0.9572503566741943,0.9579953551292419,0.9607339859008789,1
CGTRNA_RS05925,CGTRNA_RS05960,0,0.00019739760318771005,0.00032096801442094147,3.97145668102894e-05,0.00011106882448075339,0.001173471799120307,0.0018325740238651633,0.00028080519405193627,0.00016374222468584776,0.0016493331640958786,6.560674955835566e-05,0.0005834682164277183,0
CGTRNA_RS05960,CGTRNA_RS06000,0,0.00013197906082496047,0.0014237777795642614,0.00020091755141038448,9.650224092183635e-05,0.003124839859083295,0.0025353969540446997,0.0031650103628635406,0.00042736309114843607,0.0010931966826319695,5.8277088101021945e-05,0.0012257260670594406,0
CGTRNA_RS06000,CGTRNA_RS06005,1,0.9763467311859131,0.9384071826934814,0.9440878033638,0.9321386814117432,0.8325531482696533,0.9565491080284119,0.9066481590270996,0.9168744683265686,0.9712819457054138,0.9177383780479431,0.9292625606060028,1
CGTRNA_RS06005,CGTRNA_RS06010,1,0.9822236895561218,0.9430909752845764,0.9315326809883118,0.9113427400588989,0.89579176902771,0.956768810749054,0.9009754061698914,0.9067652821540833,0.970832347869873,0.8913238644599915,0.9290647566318512,1
CGTRNA_RS06010,CGTRNA_RS06015,1,0.9447066783905029,0.9525117874145508,0.9567437171936035,0.9657511711120605,0.893159806728363,0.9148097634315491,0.9656143188476562,0.9338937401771545,0.9034181833267212,0.9522982239723206,0.9382907390594483,1
CGTRNA_RS06015,CGTRNA_RS06020,1,0.9835028052330017,0.9577368497848511,0.9551053643226624,0.9701940417289734,0.9347607493400574,0.9615842700004578,0.984792172908783,0.9504791498184204,0.9579164385795593,0.9300192594528198,0.9586091101169586,1
CGTRNA_RS06020,CGTRNA_RS06025,1,0.7083441019058228,0.45967572927474976,0.49925515055656433,0.5269784331321716,0.6397930979728699,0.7063338160514832,0.7044544219970703,0.46865713596343994,0.5574344396591187,0.6819092631340027,0.5952835589647293,1
CGTRNA_RS06025,CGTRNA_RS06035,0,0.011069638654589653,0.0163093451410532,0.01767599768936634,0.0057176873087882996,0.026129495352506638,0.03925250843167305,0.006570443045347929,0.01225687563419342,0.016148032620549202,0.004028274677693844,0.015515829855576157,0
CGTRNA_RS06035,CGTRNA_RS06040,1,0.7933376431465149,0.7693448662757874,0.8601968884468079,0.8790289759635925,0.7809667587280273,0.8185580968856812,0.8011831641197205,0.5813794732093811,0.748067319393158,0.7807466387748718,0.7812809824943543,1
CGTRNA_RS06040,CGTRNA_RS06045,1,0.9792246222496033,0.9766111373901367,0.9683818817138672,0.9842089414596558,0.9637935161590576,0.9631475210189819,0.9902781844139099,0.9609097838401794,0.968139111995697,0.9654983878135681,0.9720193088054657,1
CGTRNA_RS06045,CGTRNA_RS06050,1,0.9905695915222168,0.9879727363586426,0.9927306771278381,0.9920888543128967,0.9713308811187744,0.9815970063209534,0.9956782460212708,0.9860106706619263,0.9828974008560181,0.9784814715385437,0.9859357535839081,1
CGTRNA_RS06050,CGTRNA_RS06055,1,0.965750515460968,0.974510669708252,0.9446806311607361,0.9321622252464294,0.8911483287811279,0.9245108366012573,0.9806532859802246,0.914250373840332,0.9222971796989441,0.9506022334098816,0.9400566279888153,1
CGTRNA_RS06055,CGTRNA_RS06060,1,0.90479576587677,0.9549981951713562,0.9474965333938599,0.9672389626502991,0.9057425260543823,0.9598038792610168,0.9708782434463501,0.8975334763526917,0.9524340033531189,0.9231418967247009,0.9384063482284546,1
CGTRNA_RS06060,CGTRNA_RS06065,1,0.9816247224807739,0.9786126017570496,0.9859685897827148,0.9759024381637573,0.9239981174468994,0.9490073919296265,0.9947815537452698,0.9696798324584961,0.9538998007774353,0.9711243510246277,0.968459939956665,1
CGTRNA_RS06065,CGTRNA_RS06070,1,0.9788340926170349,0.9685439467430115,0.9651421308517456,0.9657621383666992,0.911642849445343,0.9576829671859741,0.9917254447937012,0.9596670269966125,0.9422966241836548,0.9643145203590393,0.9605611741542817,1
CGTRNA_RS06070,CGTRNA_RS06075,0,0.13262267410755157,0.24318552017211914,0.1555253565311432,0.024178771302103996,0.19519264996051788,0.2713630795478821,0.21167342364788055,0.15165814757347107,0.07231960445642471,0.031193645671010017,0.14889128729701043,0
CGTRNA_RS06075,CGTRNA_RS06080,1,0.9242233037948608,0.9332306981086731,0.9300297498703003,0.8792305588722229,0.8658074140548706,0.9224770069122314,0.9404089450836182,0.8411330580711365,0.9347996711730957,0.8983974456787109,0.906973785161972,1
CGTRNA_RS06095,CGTRNA_RS06100,1,0.7749204635620117,0.8777180314064026,0.8505946397781372,0.8709419369697571,0.7566602826118469,0.8625009059906006,0.7927324771881104,0.8630654215812683,0.9172945618629456,0.949963390827179,0.8516392111778259,1
CGTRNA_RS06100,CGTRNA_RS06105,0,0.5250022411346436,0.4390401542186737,0.30921033024787903,0.04143500700592995,0.4291440546512604,0.6655863523483276,0.39889782667160034,0.17655622959136963,0.36402788758277893,0.19295506179332733,0.354185514524579,0
CGTRNA_RS06105,CGTRNA_RS06110,0,0.9394457340240479,0.9449501037597656,0.9012817740440369,0.9433503150939941,0.9013227820396423,0.952769935131073,0.9350352883338928,0.8595907092094421,0.9610937833786011,0.8418420553207397,0.9180682480335236,1
CGTRNA_RS06120,CGTRNA_RS06135,0,0.0017749954713508487,0.002017006743699312,0.0005113609367981553,0.003960528410971165,0.0196098480373621,0.015901481732726097,0.0069249337539076805,0.006859124638140202,0.008700832724571228,0.0033774017356336117,0.00696375141851604,0
CGTRNA_RS06135,CGTRNA_RS06140,0,0.18661904335021973,0.07234396785497665,0.06747730076313019,0.06108478084206581,0.09307979792356491,0.21739502251148224,0.07708273082971573,0.05658271908760071,0.1059885323047638,0.016590580344200134,0.095424447581172,0
CGTRNA_RS06140,CGTRNA_RS06145,1,0.9541023373603821,0.9037308096885681,0.8925575613975525,0.9606890082359314,0.8855139017105103,0.9218752384185791,0.832901656627655,0.8650100231170654,0.9622580409049988,0.9513471722602844,0.9129985749721528,1
CGTRNA_RS06145,CGTRNA_RS06150,1,0.6787486672401428,0.8128344416618347,0.8720080256462097,0.9173700213432312,0.7921382188796997,0.7017836570739746,0.8258759379386902,0.7417086362838745,0.7537661790847778,0.7170776724815369,0.7813311457633972,1
CGTRNA_RS06150,CGTRNA_RS06155,1,0.9239817261695862,0.9560462832450867,0.9679569005966187,0.9634118676185608,0.8890867233276367,0.9486310482025146,0.9561234712600708,0.8781068325042725,0.9574054479598999,0.9522958397865295,0.9393046140670777,1
CGTRNA_RS06155,CGTRNA_RS06160,1,0.9700598120689392,0.940045177936554,0.9141176342964172,0.9276348352432251,0.8597641587257385,0.9259966015815735,0.9359180927276611,0.8811507821083069,0.940000593662262,0.9038367867469788,0.9198524475097656,1
CGTRNA_RS06160,CGTRNA_RS06180,0,0.000841215078253299,0.0021544555202126503,0.0006137181771919131,0.00021855669911019504,0.0007706956239417195,0.0036302520893514156,0.0010517016053199768,0.001146238762885332,0.0044724419713020325,0.00043584572267718613,0.001533512125024572,0
CGTRNA_RS06180,CGTRNA_RS06195,0,0.002600549254566431,0.0017327573150396347,0.0009682982927188277,0.0036170596722513437,0.004924229811877012,0.013579793274402618,0.0008948862086981535,0.0015439519193023443,0.005769892130047083,0.00031860132003203034,0.003595001919893548,0
CGTRNA_RS06195,CGTRNA_RS06200,0,0.45039668679237366,0.5502140522003174,0.6394134163856506,0.49708014726638794,0.5216922760009766,0.5569653511047363,0.42187923192977905,0.49399715662002563,0.5818746089935303,0.5714051127433777,0.5284918040037155,1
CGTRNA_RS06200,CGTRNA_RS06205,1,0.984089195728302,0.9718526601791382,0.9721511602401733,0.992607057094574,0.9390140771865845,0.96132892370224,0.9953976273536682,0.9609966278076172,0.9719887375831604,0.9377002716064453,0.9687126338481903,1
CGTRNA_RS06205,CGTRNA_RS06220,0,0.005129395518451929,0.007796772755682468,0.0024060108698904514,0.0003024261968676001,0.006590165197849274,0.013987503945827484,0.011311805807054043,0.002625910332426429,0.010992198251187801,0.001842048019170761,0.006298423689440824,0
CGTRNA_RS06220,CGTRNA_RS06230,0,0.04295264929533005,0.03329005837440491,0.11215087026357651,0.2122485339641571,0.06932667642831802,0.17989958822727203,0.20625533163547516,0.09337469190359116,0.06969942152500153,0.04438339173793793,0.10635812133550644,0
CGTRNA_RS06230,CGTRNA_RS06235,1,0.9669253826141357,0.9598536491394043,0.9322877526283264,0.9533399343490601,0.8471177816390991,0.9133085012435913,0.9581820964813232,0.9098771810531616,0.9065107703208923,0.9064752459526062,0.92538782954216,1
CGTRNA_RS06235,CGTRNA_RS06240,0,0.41581055521965027,0.19668880105018616,0.15368565917015076,0.08214045315980911,0.28288859128952026,0.46455806493759155,0.16845600306987762,0.08734278380870819,0.23403528332710266,0.24454307556152344,0.233014927059412,0
CGTRNA_RS06240,CGTRNA_RS06250,0,0.04317515343427658,0.018597524613142014,0.13976366817951202,0.013759405352175236,0.018496515229344368,0.07191473245620728,0.013981870375573635,0.022948002442717552,0.02242601290345192,0.009972332045435905,0.03750352170318365,0
CGTRNA_RS06280,CGTRNA_RS06285,0,0.15756097435951233,0.08159957081079483,0.13563387095928192,0.028291910886764526,0.07839428633451462,0.17756417393684387,0.0776301845908165,0.06924526393413544,0.14885872602462769,0.12857727706432343,0.10833562389016152,0
CGTRNA_RS06285,CGTRNA_RS06290,1,0.9052168726921082,0.9326668977737427,0.966468095779419,0.9519484043121338,0.8632717728614807,0.9188241362571716,0.9296880960464478,0.9254240989685059,0.8582371473312378,0.9187394380569458,0.9170484960079193,1
CGTRNA_RS06290,CGTRNA_RS06295,0,0.43452879786491394,0.36132630705833435,0.31419289112091064,0.24490034580230713,0.2974839508533478,0.4198426902294159,0.26552754640579224,0.3079812526702881,0.2359858602285385,0.343178927898407,0.32249485701322556,0
CGTRNA_RS06295,CGTRNA_RS06300,0,0.33348119258880615,0.21397382020950317,0.2727135121822357,0.04146246612071991,0.24666725099086761,0.3263011872768402,0.19286079704761505,0.22247427701950073,0.21558061242103577,0.23625078797340393,0.23017659038305283,0
CGTRNA_RS06300,CGTRNA_RS06305,0,0.6697622537612915,0.5735284686088562,0.6026790738105774,0.7172725796699524,0.5715637803077698,0.7682235240936279,0.3366141617298126,0.5795295834541321,0.6651214361190796,0.6440999507904053,0.6128394812345505,1
CGTRNA_RS06305,CGTRNA_RS06315,0,0.13438299298286438,0.02836691401898861,0.07087618112564087,0.031250953674316406,0.06089525669813156,0.10406467318534851,0.04440305382013321,0.020835835486650467,0.11974968016147614,0.02208753488957882,0.0636913076043129,0
CGTRNA_RS06315,CGTRNA_RS06325,0,0.00847532320767641,0.008048176765441895,0.0018006647005677223,0.015855969861149788,0.011754090897738934,0.04348011687397957,0.035991888493299484,0.0074910856783390045,0.010584351606667042,0.010611256584525108,0.015409292466938496,0
CGTRNA_RS06325,CGTRNA_RS06330,0,0.6702110767364502,0.7265290021896362,0.6942690014839172,0.6385849714279175,0.64388507604599,0.5452569723129272,0.5696310997009277,0.5930429100990295,0.5942392945289612,0.728608250617981,0.6404257655143738,1
CGTRNA_RS06355,CGTRNA_RS06360,1,0.7063766121864319,0.6761002540588379,0.8449874520301819,0.8606314063072205,0.7116395235061646,0.7011188864707947,0.6407994627952576,0.6534736156463623,0.6584656834602356,0.8991342186927795,0.7352727115154266,1
CGTRNA_RS06385,CGTRNA_RS06390,0,0.8822641968727112,0.4399532675743103,0.5658767223358154,0.5283200144767761,0.7574769854545593,0.8093682527542114,0.4245698153972626,0.41638240218162537,0.955603301525116,0.5227480530738831,0.630256301164627,1
CGTRNA_RS06390,CGTRNA_RS06395,1,0.5264217257499695,0.506663978099823,0.47374165058135986,0.5603919625282288,0.42710334062576294,0.6434234380722046,0.5528234839439392,0.6237732172012329,0.5289161205291748,0.708981990814209,0.5552240908145905,1
CGTRNA_RS06395,CGTRNA_RS06400,1,0.31763437390327454,0.5136697888374329,0.4646477997303009,0.37493982911109924,0.5151412487030029,0.40724581480026245,0.5926578640937805,0.42661404609680176,0.4784940779209137,0.313101589679718,0.44041464328765867,0
CGTRNA_RS06400,CGTRNA_RS06405,1,0.9745758771896362,0.9639158844947815,0.8989688754081726,0.9500031471252441,0.9099998474121094,0.8972943425178528,0.9741206169128418,0.8232955932617188,0.91266930103302,0.8967461585998535,0.920158964395523,1
CGTRNA_RS06405,CGTRNA_RS06410,1,0.9691660404205322,0.9516143202781677,0.9640476703643799,0.9809100031852722,0.8929341435432434,0.8841280937194824,0.9499303102493286,0.8499045372009277,0.9361382722854614,0.8660193681716919,0.9244792759418488,1
CGTRNA_RS06410,CGTRNA_RS06415,0,0.05768387392163277,0.10247181355953217,0.05716243386268616,0.01616477407515049,0.09780697524547577,0.19080626964569092,0.027502836659550667,0.06872709840536118,0.10936860740184784,0.08486196398735046,0.08125566467642784,0
CGTRNA_RS06415,CGTRNA_RS06420,0,0.6805732250213623,0.3565755784511566,0.36590808629989624,0.0966070294380188,0.3208276331424713,0.5689157843589783,0.2899400293827057,0.3110269010066986,0.38973021507263184,0.1899174600839615,0.3570021942257881,0
CGTRNA_RS06420,CGTRNA_RS06425,1,0.8585308194160461,0.9348004460334778,0.9182700514793396,0.9422045946121216,0.8661817908287048,0.8858340382575989,0.8951356410980225,0.9241937398910522,0.9022358655929565,0.9094377160072327,0.9036824703216553,1
CGTRNA_RS06425,CGTRNA_RS06435,0,0.05001275986433029,0.024159293621778488,0.004469530191272497,0.00647753244265914,0.019903328269720078,0.05622141808271408,0.017082877457141876,0.009276241064071655,0.08676997572183609,0.0024466572795063257,0.027681961399503054,0
CGTRNA_RS06435,CGTRNA_RS06440,1,0.8928187489509583,0.7708132863044739,0.7822099328041077,0.5618094801902771,0.6557338833808899,0.7733120918273926,0.5930157899856567,0.6155568957328796,0.9190881848335266,0.49347469210624695,0.7057832986116409,1
CGTRNA_RS06440,CGTRNA_RS06445,1,0.6005871891975403,0.799355685710907,0.6327380537986755,0.7438988089561462,0.6398780941963196,0.7248048782348633,0.853886604309082,0.7099255323410034,0.8196216225624084,0.7571938633918762,0.7281890332698822,1
CGTRNA_RS06445,CGTRNA_RS06450,1,0.9676401019096375,0.9573799967765808,0.930707573890686,0.9674316048622131,0.9339838027954102,0.9622899293899536,0.9588025212287903,0.9084919691085815,0.9777929782867432,0.9034016132354736,0.946792209148407,1
CGTRNA_RS06450,CGTRNA_RS06460,0,0.01131866779178381,0.014610067941248417,0.016476549208164215,0.0036113071255385876,0.005913865752518177,0.01705876737833023,0.016388412564992905,0.01761479862034321,0.012284500524401665,0.001961569068953395,0.01172385059762746,0
CGTRNA_RS06520,CGTRNA_RS06525,1,0.9712364673614502,0.9413928985595703,0.9440563917160034,0.9338558316230774,0.8978421092033386,0.9235373139381409,0.8967264890670776,0.9269447922706604,0.9532477855682373,0.8590852618217468,0.9247925341129303,1
CGTRNA_RS06565,CGTRNA_RS06575,0,0.057145290076732635,0.05478595197200775,0.3258064389228821,0.018583519384264946,0.05303298681974411,0.12667898833751678,0.06263275444507599,0.05899655073881149,0.0959581583738327,0.09172491729259491,0.09453455563634634,0
CGTRNA_RS06575,CGTRNA_RS06580,1,0.9810099601745605,0.9741465449333191,0.9674661159515381,0.9729103446006775,0.9440680742263794,0.9727433323860168,0.989138126373291,0.9555547833442688,0.9725558161735535,0.9604358077049255,0.9690028905868531,1
CGTRNA_RS06580,CGTRNA_RS06595,0,0.013302520848810673,0.007320335600525141,0.002429627114906907,0.005863306578248739,0.011357023380696774,0.027116762474179268,0.01084305252879858,0.0038695046678185463,0.01983730122447014,0.002809296827763319,0.010474873124621809,0
CGTRNA_RS06595,CGTRNA_RS06600,1,0.9586130380630493,0.9397358298301697,0.9472614526748657,0.9805969595909119,0.9244592785835266,0.943734347820282,0.9726216793060303,0.9305620193481445,0.9531340599060059,0.9080438017845154,0.9458762466907501,1
CGTRNA_RS06600,CGTRNA_RS06610,0,0.044548794627189636,0.02297961711883545,0.016835929825901985,0.04423859342932701,0.026453455910086632,0.06011320650577545,0.026554318144917488,0.012766234576702118,0.09301411360502243,0.012305368669331074,0.03598096324130893,0
CGTRNA_RS06610,CGTRNA_RS06615,1,0.9674428105354309,0.8723044991493225,0.9475194811820984,0.8859981298446655,0.9332478046417236,0.9626653790473938,0.9563767313957214,0.8523045182228088,0.9753623604774475,0.9184454083442688,0.9271667122840881,1
CGTRNA_RS06615,CGTRNA_RS06620,1,0.9259975552558899,0.9447376132011414,0.9537922739982605,0.9559429883956909,0.9227689504623413,0.9107359647750854,0.9304230213165283,0.9060925841331482,0.9075791239738464,0.8951392769813538,0.9253209352493286,1
CGTRNA_RS06620,CGTRNA_RS06625,1,0.9819322824478149,0.9813066124916077,0.9444699287414551,0.9794184565544128,0.9545367956161499,0.9650141596794128,0.9858865737915039,0.9780140519142151,0.9740954637527466,0.9714792966842651,0.9716153621673584,1
CGTRNA_RS06625,CGTRNA_RS06630,1,0.9317815899848938,0.8848048448562622,0.9149317145347595,0.9437952041625977,0.8420206308364868,0.9043216705322266,0.9463120698928833,0.7883862853050232,0.7507036924362183,0.8605557680130005,0.8767613470554352,1
CGTRNA_RS06630,CGTRNA_RS06635,1,0.9657102227210999,0.9476914405822754,0.9240162968635559,0.9254494905471802,0.9237707853317261,0.9668821692466736,0.9464906454086304,0.9363422393798828,0.9853711724281311,0.93451327085495,0.9456237733364106,1
CGTRNA_RS06635,CGTRNA_RS06640,1,0.9756739735603333,0.9472417831420898,0.9218505024909973,0.9650923609733582,0.8815880417823792,0.9217987060546875,0.963282585144043,0.9363462924957275,0.9072098731994629,0.9369776844978333,0.9357061803340911,1
CGTRNA_RS06660,CGTRNA_RS06680,0,0.000326598878018558,0.002036856487393379,0.0020637421403080225,0.0005665654316544533,0.0009706217679195106,0.0028823991306126118,0.0015376595547422767,0.0009918498108163476,0.0015946035273373127,0.0007129764999262989,0.001368387322872877,0
CGTRNA_RS06680,CGTRNA_RS06685,1,0.7111993432044983,0.9142013788223267,0.8676027059555054,0.9075649380683899,0.9051968455314636,0.9615684747695923,0.9255600571632385,0.5690308809280396,0.9121239185333252,0.7029687166213989,0.8377017259597779,1
CGTRNA_RS06685,CGTRNA_RS06690,0,0.1906750202178955,0.1945706456899643,0.06309480965137482,0.05378194898366928,0.20010142028331757,0.4148675799369812,0.23221023380756378,0.04232602193951607,0.48852548003196716,0.07665697485208511,0.19568101353943348,0
CGTRNA_RS06690,CGTRNA_RS06695,1,0.989555835723877,0.9856404662132263,0.98177170753479,0.979542076587677,0.9692434072494507,0.9858356714248657,0.9931867718696594,0.9596139192581177,0.9794842600822449,0.9851164817810059,0.9808990597724915,1
CGTRNA_RS06695,CGTRNA_RS06750,0,9.205979586113244e-05,0.00017857941566035151,4.056303805555217e-05,0.0005474328063428402,0.000757299130782485,0.0024386087898164988,5.641970346914604e-05,6.169976404635236e-05,0.0009801591513678432,0.00010233770444756374,0.0005255159299849766,0
CGTRNA_RS06750,CGTRNA_RS06765,0,0.01471021119505167,0.027083611115813255,0.018493499606847763,0.011275372467935085,0.02098928950726986,0.05180678516626358,0.04075005650520325,0.02458609640598297,0.030751977115869522,0.0052152350544929504,0.02456621341407299,0
CGTRNA_RS06765,CGTRNA_RS06775,0,0.042176324874162674,0.039947059005498886,0.04013369232416153,0.031292155385017395,0.010568015277385712,0.06392103433609009,0.04020359739661217,0.020522357895970345,0.024739008396863937,0.027132440358400345,0.03406356852501631,0
CGTRNA_RS06775,CGTRNA_RS06780,1,0.9663508534431458,0.8963720202445984,0.889064610004425,0.9509767889976501,0.8294904828071594,0.9215518832206726,0.9630473852157593,0.8704879879951477,0.8942677974700928,0.8824530243873596,0.9064062833786011,1
CGTRNA_RS06780,CGTRNA_RS06795,0,0.005280580371618271,0.035927124321460724,0.01003926619887352,0.001622627256438136,0.01597597822546959,0.020817425101995468,0.014524047262966633,0.026798926293849945,0.010403070598840714,0.005980375222861767,0.014736942085437476,0
CGTRNA_RS06795,CGTRNA_RS06800,0,0.10361059010028839,0.09471172094345093,0.058064017444849014,0.038441985845565796,0.09437404572963715,0.19126734137535095,0.09714704751968384,0.0700516402721405,0.14674031734466553,0.021847033873200417,0.09162557404488325,0
CGTRNA_RS06800,CGTRNA_RS06805,1,0.9849077463150024,0.9684016108512878,0.9688952565193176,0.984427809715271,0.9296994805335999,0.9706453680992126,0.9758498668670654,0.9698256254196167,0.9710450172424316,0.9635138511657715,0.9687211632728576,1
CGTRNA_RS06805,CGTRNA_RS06810,0,0.12047311663627625,0.06128925457596779,0.0857483372092247,0.014018770307302475,0.04307343810796738,0.10187803953886032,0.052721913903951645,0.05771864578127861,0.05562230944633484,0.04102727398276329,0.06335710994899273,0
CGTRNA_RS06810,CGTRNA_RS06845,0,0.0006653325399383903,0.0007254753727465868,0.0004764938785228878,0.003545148530974984,0.0039768400602042675,0.0077874078415334225,0.001019516377709806,0.0007329211803153157,0.0035435371100902557,0.00034007514477707446,0.0022812748036812993,0
CGTRNA_RS06845,CGTRNA_RS06850,1,0.9609555006027222,0.9017585515975952,0.9013087153434753,0.9682204127311707,0.9380742311477661,0.9426355361938477,0.9589889645576477,0.9133903980255127,0.9507678151130676,0.9440227150917053,0.938012284040451,1
CGTRNA_RS06850,CGTRNA_RS06855,0,0.2693309485912323,0.2586440145969391,0.13275116682052612,0.07442362606525421,0.19352538883686066,0.329795241355896,0.35584133863449097,0.16956596076488495,0.24523814022541046,0.2494490146636963,0.22785648405551912,0
CGTRNA_RS06855,CGTRNA_RS06860,1,0.6685835719108582,0.7906467914581299,0.7936975955963135,0.8792107701301575,0.8071628212928772,0.7947700619697571,0.6677550077438354,0.723384439945221,0.7808312177658081,0.9103413820266724,0.781638365983963,1
CGTRNA_RS06860,CGTRNA_RS06870,0,0.09319839626550674,0.038913752883672714,0.025205116719007492,0.003414680017158389,0.037169791758060455,0.10186746716499329,0.05847996100783348,0.04670237377285957,0.03781832382082939,0.0251693744212389,0.046793923783116045,0
CGTRNA_RS06870,CGTRNA_RS06890,0,0.002154882065951824,0.0035531839821487665,0.01437419280409813,0.015119555406272411,0.020028095692396164,0.028312796726822853,0.007257082499563694,0.011733725666999817,0.009673354215919971,0.0013184337876737118,0.011352530284784734,0
CGTRNA_RS06890,CGTRNA_RS06900,0,0.0033883596770465374,0.007805719505995512,0.005616751499474049,0.0013155462220311165,0.018402734771370888,0.017052236944437027,0.005128179211169481,0.006552852690219879,0.011220368556678295,0.0057666185311973095,0.008224936760962009,0
CGTRNA_RS06900,CGTRNA_RS06905,1,0.846502959728241,0.8965173959732056,0.941572368144989,0.8968055844306946,0.8806524872779846,0.8985582590103149,0.8697296977043152,0.8149256706237793,0.8099653124809265,0.9593114852905273,0.8814541220664978,1
CGTRNA_RS06905,CGTRNA_RS06910,1,0.9457603693008423,0.8963280320167542,0.9136500358581543,0.9553571343421936,0.856760561466217,0.9132236838340759,0.8773053288459778,0.8720002174377441,0.8822972178459167,0.8947976231575012,0.9007480204105377,1
CGTRNA_RS06910,CGTRNA_RS06920,0,0.0048768059350550175,0.0073876893147826195,0.0068284813314676285,0.0005423635593615472,0.0027875101659446955,0.007890181615948677,0.006824607960879803,0.0046995654702186584,0.003910094033926725,0.002497015055269003,0.004824431444285437,0
CGTRNA_RS06920,CGTRNA_RS06925,0,0.7922153472900391,0.8144558668136597,0.8797359466552734,0.8851048350334167,0.8093000054359436,0.8566596508026123,0.8277875781059265,0.7630926966667175,0.8937270641326904,0.7115729451179504,0.8233651936054229,1
CGTRNA_RS06925,CGTRNA_RS06930,0,0.9303838610649109,0.3939446210861206,0.44592398405075073,0.44849929213523865,0.6713934540748596,0.8512946367263794,0.3113405406475067,0.5849338173866272,0.9461126923561096,0.7394470572471619,0.6323273956775666,1
CGTRNA_RS06930,CGTRNA_RS06935,0,0.7668720483779907,0.8573147654533386,0.812135636806488,0.8224540948867798,0.8578212261199951,0.9135095477104187,0.8858988881111145,0.8519473671913147,0.8893279433250427,0.8591237664222717,0.8516405284404754,1
CGTRNA_RS06935,CGTRNA_RS06940,0,0.9788119196891785,0.9814117550849915,0.9764875173568726,0.9807568192481995,0.9595621228218079,0.9749501943588257,0.9901167750358582,0.9688583016395569,0.9761303067207336,0.9847874641418457,0.9771873176097869,1
CGTRNA_RS06940,CGTRNA_RS06950,0,0.024706868454813957,0.054984867572784424,0.02901240438222885,0.004248063080012798,0.029742667451500893,0.03906317427754402,0.03463536500930786,0.05361315980553627,0.025798356160521507,0.010902786627411842,0.03067077128216624,0
CGTRNA_RS06950,CGTRNA_RS06955,1,0.8606772422790527,0.9351585507392883,0.9422728419303894,0.9215341806411743,0.8644174933433533,0.9023042917251587,0.9601767063140869,0.8738555312156677,0.9401523470878601,0.9650222063064575,0.9165571391582489,1
CGTRNA_RS06955,CGTRNA_RS06960,1,0.9771825075149536,0.9735696911811829,0.9538164734840393,0.9762136340141296,0.9006797671318054,0.9571861624717712,0.9809462428092957,0.9399817585945129,0.9668685793876648,0.9715443849563599,0.9597989201545716,1
CGTRNA_RS06960,CGTRNA_RS06965,0,0.11675985902547836,0.2870026230812073,0.20692555606365204,0.19850532710552216,0.24626454710960388,0.3960534632205963,0.22406049072742462,0.23817265033721924,0.15874870121479034,0.20445367693901062,0.22769468948245047,0
CGTRNA_RS06965,CGTRNA_RS06970,1,0.9881752133369446,0.9732173085212708,0.9907166361808777,0.9920877814292908,0.9508680701255798,0.9778735637664795,0.9956843852996826,0.9763479232788086,0.981373131275177,0.9724920392036438,0.9798836052417755,1
CGTRNA_RS06970,CGTRNA_RS06975,1,0.9702270030975342,0.9783403277397156,0.9481221437454224,0.9691672325134277,0.9425387978553772,0.9521735906600952,0.9770786166191101,0.941163182258606,0.9438788294792175,0.961752712726593,0.9584442436695099,1
CGTRNA_RS06975,CGTRNA_RS06980,0,0.41283872723579407,0.14690744876861572,0.13082626461982727,0.03212001547217369,0.13569390773773193,0.3160906732082367,0.10970411449670792,0.1474529653787613,0.3061719834804535,0.0714486613869667,0.1809254761785269,0
CGTRNA_RS06980,CGTRNA_RS06985,1,0.9349586367607117,0.8623877167701721,0.9389808773994446,0.9372117519378662,0.8429507613182068,0.9172926545143127,0.9051850438117981,0.8634489178657532,0.8510743975639343,0.8328470587730408,0.8886337816715241,1
CGTRNA_RS06985,CGTRNA_RS06990,1,0.9479694366455078,0.9242008328437805,0.8973986506462097,0.951196551322937,0.8358151316642761,0.888741672039032,0.9767732620239258,0.9000185132026672,0.8534818291664124,0.7730327844619751,0.8948628664016723,1
CGTRNA_RS06990,CGTRNA_RS06995,1,0.9828836917877197,0.9513529539108276,0.9665637016296387,0.966745913028717,0.8997409343719482,0.9773404002189636,0.9559207558631897,0.9706277847290039,0.9763991236686707,0.9500390291213989,0.9597614288330079,1
CGTRNA_RS06995,CGTRNA_RS07000,1,0.9846159815788269,0.9772944450378418,0.9737920165061951,0.9848886132240295,0.956421971321106,0.9714394807815552,0.9949156641960144,0.9743360280990601,0.9763599038124084,0.9800296425819397,0.9774093747138977,1
CGTRNA_RS07000,CGTRNA_RS07005,1,0.9566218256950378,0.9426737427711487,0.9776589274406433,0.9905292987823486,0.946549117565155,0.9567530751228333,0.9902140498161316,0.8690748810768127,0.9797107577323914,0.8142473101615906,0.9424032986164093,1
CGTRNA_RS07005,CGTRNA_RS07010,1,0.7706412076950073,0.8594498634338379,0.8725892901420593,0.8890432715415955,0.7796065807342529,0.8280271887779236,0.7459774017333984,0.8906915187835693,0.8279663324356079,0.9325780272483826,0.8396570682525635,1
CGTRNA_RS07010,CGTRNA_RS07015,1,0.976857602596283,0.9712681770324707,0.9716542959213257,0.9810479879379272,0.9562812447547913,0.9554858803749084,0.98887038230896,0.948310911655426,0.9724524617195129,0.962647020816803,0.9684875965118408,1
CGTRNA_RS07015,CGTRNA_RS07020,0,0.8945148587226868,0.6639248132705688,0.7491054534912109,0.3143575191497803,0.7203537225723267,0.9074709415435791,0.835148811340332,0.5666601061820984,0.8246753811836243,0.6374844312667847,0.7113696038722992,1
CGTRNA_RS07020,CGTRNA_RS07025,1,0.9647960066795349,0.9370701313018799,0.9154164791107178,0.9293565154075623,0.9365533590316772,0.9711459279060364,0.9309786558151245,0.9479992985725403,0.9809260964393616,0.9304853677749634,0.9444727838039398,1
CGTRNA_RS07025,CGTRNA_RS07030,1,0.977290153503418,0.9738990664482117,0.9706199765205383,0.9616361260414124,0.9443761110305786,0.9678261876106262,0.9516853094100952,0.9616646766662598,0.9729261994361877,0.9343376159667969,0.9616261422634125,1
CGTRNA_RS07030,CGTRNA_RS07035,1,0.7738646864891052,0.7322873473167419,0.8542123436927795,0.9205847382545471,0.8097559809684753,0.8396587371826172,0.6831135153770447,0.7480970621109009,0.6921495199203491,0.8667535185813904,0.7920477449893951,1
CGTRNA_RS07035,CGTRNA_RS07040,1,0.9588652849197388,0.9666517376899719,0.9358665347099304,0.9184276461601257,0.876080334186554,0.9305154085159302,0.9574686288833618,0.9174604415893555,0.9395365715026855,0.9398990273475647,0.9340771615505219,1
CGTRNA_RS07085,CGTRNA_RS07090,1,0.9835476875305176,0.9745126366615295,0.9723967909812927,0.97761070728302,0.922208309173584,0.9785324931144714,0.9764010310173035,0.9756377935409546,0.9752683043479919,0.9572335481643677,0.9693349301815033,1
CGTRNA_RS07090,CGTRNA_RS07095,1,0.8929231762886047,0.9315243363380432,0.9012308120727539,0.910112738609314,0.9312995076179504,0.9188127517700195,0.9086010456085205,0.8358437418937683,0.92442387342453,0.8368063569068909,0.8991578340530395,1
CGTRNA_RS07095,CGTRNA_RS07100,1,0.9093955159187317,0.7425082921981812,0.840158998966217,0.794078528881073,0.7238708138465881,0.7631486654281616,0.8306682109832764,0.5941681861877441,0.7323436141014099,0.7638434171676636,0.7694184243679046,1
CGTRNA_RS07100,CGTRNA_RS07105,1,0.9805570840835571,0.9808286428451538,0.968431293964386,0.9571999907493591,0.9162933826446533,0.9693779349327087,0.9809412360191345,0.9587782025337219,0.9745721220970154,0.9713491797447205,0.9658329069614411,1
CGTRNA_RS07105,CGTRNA_RS07110,0,0.32210755348205566,0.32698607444763184,0.0788634717464447,0.02587021328508854,0.4117460250854492,0.5304461717605591,0.2371480017900467,0.11549505591392517,0.33121663331985474,0.0783199816942215,0.24581991825252772,0
CGTRNA_RS07110,CGTRNA_RS07115,1,0.9194406867027283,0.9036343693733215,0.9427697062492371,0.918449878692627,0.860546886920929,0.8683909177780151,0.9078735113143921,0.7921112775802612,0.799757719039917,0.8834536075592041,0.8796428561210632,1
CGTRNA_RS07115,CGTRNA_RS07120,1,0.9760815501213074,0.9528814554214478,0.9331681132316589,0.905008852481842,0.930304229259491,0.9731413722038269,0.8824654221534729,0.934928834438324,0.9797192811965942,0.9290391802787781,0.9396738290786744,1
CGTRNA_RS07120,CGTRNA_RS07130,0,0.00208154390566051,0.010223273187875748,0.007515338249504566,0.0023325388319790363,0.006015020422637463,0.008166879415512085,0.006529117934405804,0.005224297288805246,0.006839649751782417,0.0015999875031411648,0.005652764649130404,0
CGTRNA_RS07130,CGTRNA_RS07135,1,0.9717614650726318,0.9400796890258789,0.9366881847381592,0.9768856167793274,0.9343618154525757,0.9419735670089722,0.9744341969490051,0.931090772151947,0.9601753354072571,0.9359449744224548,0.9503395617008209,1
CGTRNA_RS07135,CGTRNA_RS07145,0,0.01745910756289959,0.030392272397875786,0.05511976778507233,0.0288833174854517,0.015750683844089508,0.04723877087235451,0.018107229843735695,0.01135120540857315,0.0069538806565105915,0.014196803793311119,0.024545303964987397,0
CGTRNA_RS07145,CGTRNA_RS07150,1,0.9759276509284973,0.9618207216262817,0.9586579203605652,0.9789122939109802,0.9365308284759521,0.9654732942581177,0.9825036525726318,0.9300061464309692,0.964601457118988,0.970329999923706,0.962476396560669,1
CGTRNA_RS07150,CGTRNA_RS07155,1,0.5383930802345276,0.6498529314994812,0.7346215844154358,0.7966380715370178,0.7372887134552002,0.7017242312431335,0.7030068039894104,0.5468118786811829,0.623717725276947,0.813925564289093,0.6845980584621429,1
CGTRNA_RS07155,CGTRNA_RS07160,1,0.9783132672309875,0.9171094298362732,0.9151995182037354,0.8946611881256104,0.932349681854248,0.9569177627563477,0.9022393822669983,0.9324957728385925,0.9764145612716675,0.9030437469482422,0.9308744311332703,1
CGTRNA_RS07160,CGTRNA_RS07165,1,0.9683491587638855,0.97369384765625,0.9357443451881409,0.9082735180854797,0.8278337121009827,0.910232663154602,0.9673476219177246,0.9277002215385437,0.8664819598197937,0.9691799283027649,0.9254836976528168,1
CGTRNA_RS07195,CGTRNA_RS07225,0,0.006514852866530418,0.0027806288562715054,0.006581807043403387,0.002487296238541603,0.006520036607980728,0.016108127310872078,0.010554729960858822,0.002031063660979271,0.011368276551365852,0.0020084017887711525,0.006695522088557481,0
CGTRNA_RS07225,CGTRNA_RS07230,1,0.6753836274147034,0.7964144349098206,0.7576683163642883,0.8464579582214355,0.7752578258514404,0.7208715677261353,0.9265410900115967,0.7007586359977722,0.7077423930168152,0.8859611749649048,0.7793057024478912,1
CGTRNA_RS07230,CGTRNA_RS07235,1,0.904032289981842,0.7629636526107788,0.8487289547920227,0.8775929808616638,0.8473210334777832,0.8729309439659119,0.8908581137657166,0.7185985445976257,0.8858934044837952,0.8766419887542725,0.8485561907291412,1
CGTRNA_RS07235,CGTRNA_RS07240,1,0.9854114651679993,0.9736016988754272,0.9612728357315063,0.9730207324028015,0.9617722034454346,0.9741209745407104,0.9802595973014832,0.9581225514411926,0.9850835204124451,0.979509174823761,0.9732174754142762,1
CGTRNA_RS07240,CGTRNA_RS07245,1,0.3654814660549164,0.43210989236831665,0.6597026586532593,0.667570173740387,0.4933362901210785,0.5537693500518799,0.6873098611831665,0.5364320874214172,0.4128555953502655,0.6355514526367188,0.5444118827581406,1
CGTRNA_RS07290,CGTRNA_RS07295,1,0.8921486139297485,0.9058758020401001,0.9167630076408386,0.9278549551963806,0.7901027202606201,0.9309825301170349,0.892457127571106,0.901875913143158,0.9486687183380127,0.8924520015716553,0.8999181389808655,1
CGTRNA_RS07295,CGTRNA_RS07300,1,0.9173128008842468,0.958244800567627,0.8958024382591248,0.935818612575531,0.878115713596344,0.9680347442626953,0.9539543986320496,0.8793707489967346,0.9547615647315979,0.9346157312393188,0.927603155374527,1
CGTRNA_RS07300,CGTRNA_RS07305,1,0.9768357872962952,0.9342459440231323,0.9031065106391907,0.890064537525177,0.9513908624649048,0.9841241836547852,0.921946108341217,0.9187841415405273,0.9824424982070923,0.9581301212310791,0.9421070694923401,1
CGTRNA_RS07305,CGTRNA_RS07355,0,6.531902909046039e-05,0.0007962074596434832,0.0002861864631995559,0.00020735770522151142,0.000564642483368516,0.0011354949092492461,0.00034681163378991187,0.00023594450613018125,0.00040742315468378365,4.844477734877728e-05,0.0004093832121725427,0
CGTRNA_RS07355,CGTRNA_RS07370,0,0.0006183084333315492,0.001690587610937655,0.001135171507485211,0.00022975014871917665,0.00429103709757328,0.0065673841163516045,0.0034788455814123154,0.0017960448749363422,0.004017655272036791,0.00013193274207878858,0.0023956717384862715,0
CGTRNA_RS07370,CGTRNA_RS07375,1,0.9834077954292297,0.9753443598747253,0.9588872194290161,0.9728325605392456,0.9657883644104004,0.9677709937095642,0.9884663224220276,0.9602815508842468,0.973756730556488,0.9652015566825867,0.971173745393753,1
CGTRNA_RS07375,CGTRNA_RS07380,1,0.7352344989776611,0.8905953764915466,0.8744446039199829,0.9331782460212708,0.8417735695838928,0.8128878474235535,0.8493667840957642,0.7896223664283752,0.8340385556221008,0.9398641586303711,0.8501006007194519,1
CGTRNA_RS07380,CGTRNA_RS07385,0,0.02143760398030281,0.016518784686923027,0.006875148043036461,0.002661068458110094,0.011803912930190563,0.0580739788711071,0.025200653821229935,0.016714410856366158,0.033219922333955765,0.01907878927886486,0.02115842732600868,0
CGTRNA_RS07385,CGTRNA_RS07390,0,0.9020106792449951,0.9033765196800232,0.8265370726585388,0.9352156519889832,0.8865804076194763,0.9272041916847229,0.8996866345405579,0.8522852063179016,0.905889630317688,0.9472917914390564,0.8986077785491944,1
CGTRNA_RS07390,CGTRNA_RS07415,0,0.001015173620544374,0.0023138467222452164,0.0014036046341061592,0.0009621961507946253,0.004730385262519121,0.006914048921316862,0.0020161643624305725,0.0018393952632322907,0.003272302681580186,0.0010700526181608438,0.002553717023693025,0
CGTRNA_RS07415,CGTRNA_RS07440,0,0.00032366043888032436,0.004238528665155172,0.002683935221284628,0.0007299407152459025,0.0008509577019140124,0.0033495600800961256,0.0008794200839474797,0.00116136169526726,0.0010162555845454335,7.789806113578379e-05,0.0015311518247472123,0
CGTRNA_RS07460,CGTRNA_RS07520,0,3.359948095749132e-05,0.00034010756644420326,0.00022813573013991117,7.150800956878811e-05,0.0004949458525516093,0.0013232291676104069,0.00016951432917267084,0.00014677323633804917,0.0005485592992044985,2.880103056668304e-05,0.00033851737025543117,0
CGTRNA_RS07520,CGTRNA_RS07525,1,0.43719205260276794,0.6774246692657471,0.6572352647781372,0.8395043611526489,0.5916783809661865,0.49561500549316406,0.7691733837127686,0.4358886480331421,0.46625497937202454,0.6417279839515686,0.6011694729328155,1
CGTRNA_RS07525,CGTRNA_RS07560,0,5.010180757381022e-05,0.0002782014780677855,6.416461110347882e-05,8.419041841989383e-05,0.0007190830074250698,0.0019436271395534277,0.0006515581044368446,0.00015403049474116415,0.0005482813576236367,7.5857802585233e-05,0.0004569096221530344,0
CGTRNA_RS07560,CGTRNA_RS07570,0,0.04127666726708412,0.03300679847598076,0.05687272921204567,0.06505497545003891,0.06618699431419373,0.1605267971754074,0.31120195984840393,0.042445044964551926,0.14763480424880981,0.038062162697315216,0.09622689336538315,0
CGTRNA_RS07570,CGTRNA_RS07575,1,0.9817699790000916,0.9806320071220398,0.9633225798606873,0.9753618240356445,0.9550744891166687,0.9754831194877625,0.9871113896369934,0.9624863266944885,0.9812850952148438,0.9680426120758057,0.9730569422245026,1
CGTRNA_RS07575,CGTRNA_RS07580,0,0.8740767240524292,0.933837354183197,0.8564346432685852,0.9274003505706787,0.9020981192588806,0.9342846870422363,0.9308888912200928,0.9263847470283508,0.9455319046974182,0.9031071662902832,0.9134044587612152,1
CGTRNA_RS07580,CGTRNA_RS07600,0,0.0007274275994859636,0.0014349218690767884,0.0004382609040476382,0.004035236779600382,0.00724698044359684,0.008674231357872486,0.0014571304200217128,0.001364853698760271,0.004442187957465649,0.0006794551736675203,0.003050068620359525,0
CGTRNA_RS07600,CGTRNA_RS07605,1,0.8168417811393738,0.8304033279418945,0.8790558576583862,0.9013965129852295,0.7379158139228821,0.7496417164802551,0.7882917523384094,0.6948257088661194,0.5736503601074219,0.8108490109443665,0.7782871842384338,1
CGTRNA_RS07605,CGTRNA_RS07610,1,0.9755889773368835,0.9554985165596008,0.9164848923683167,0.964339017868042,0.9067016243934631,0.9574661254882812,0.9848341941833496,0.9512184262275696,0.967718780040741,0.9283353090286255,0.9508185863494873,1
CGTRNA_RS07610,CGTRNA_RS07620,0,0.05315402150154114,0.023170575499534607,0.04597264155745506,0.008157499134540558,0.019663307815790176,0.07461877912282944,0.040744341909885406,0.008782579563558102,0.02576029673218727,0.008319719694554806,0.030834376253187655,0
CGTRNA_RS07620,CGTRNA_RS07625,1,0.9778079390525818,0.9620870351791382,0.91596919298172,0.9577115774154663,0.9011468291282654,0.9176523089408875,0.9233112335205078,0.9250081181526184,0.9030740857124329,0.9608450531959534,0.9344613373279571,1
CGTRNA_RS07660,CGTRNA_RS07680,0,0.00044631134369410574,0.0012718176003545523,0.0003993482096120715,0.002017840277403593,0.009364906698465347,0.01019873283803463,0.0016984312096610665,0.0020457436330616474,0.004720183555036783,0.0026149661280214787,0.0034778281493345275,0
CGTRNA_RS07680,CGTRNA_RS07685,1,0.8363491892814636,0.9300009608268738,0.9031830430030823,0.9433460235595703,0.8393467664718628,0.8673537969589233,0.9103375673294067,0.8957141637802124,0.8704716563224792,0.968156099319458,0.8964259266853333,1
CGTRNA_RS07685,CGTRNA_RS07705,0,0.0003081782488152385,0.0005592312663793564,0.0011314151342958212,0.0005809094873256981,0.0008939199615269899,0.0039516775868833065,0.0004198351234663278,0.00041715422412380576,0.0010271926876157522,0.00016811458044685423,0.000945762830087915,0
CGTRNA_RS07705,CGTRNA_RS07725,0,0.001174638164229691,0.006175482179969549,0.0023685316555202007,0.001347276964224875,0.005147963762283325,0.010926144197583199,0.0029415288008749485,0.002734699286520481,0.007452710065990686,0.0008216403075493872,0.0041090615384746345,0
CGTRNA_RS07725,CGTRNA_RS07730,0,0.39623111486434937,0.4134972095489502,0.47661957144737244,0.042397186160087585,0.36229896545410156,0.4371333122253418,0.21971921622753143,0.12751570343971252,0.2464684396982193,0.2203976809978485,0.2942278400063515,0
CGTRNA_RS07730,CGTRNA_RS07735,1,0.7444314360618591,0.702692985534668,0.9083778262138367,0.8796449303627014,0.746679961681366,0.803945779800415,0.6886332631111145,0.8023020029067993,0.7900118231773376,0.7518255710601807,0.7818545579910279,1
CGTRNA_RS07735,CGTRNA_RS07750,0,0.011821478605270386,0.006286972668021917,0.0041403016075491905,0.024397971108555794,0.007843559607863426,0.041809551417827606,0.02114114724099636,0.003289699088782072,0.015284156426787376,0.002366522327065468,0.01383813600987196,0
CGTRNA_RS07750,CGTRNA_RS07755,1,0.974021315574646,0.9776933193206787,0.9463768005371094,0.9456822276115417,0.8718719482421875,0.9553705453872681,0.9573827385902405,0.9573789834976196,0.9779449105262756,0.9778509140014648,0.9541573703289032,1
CGTRNA_RS07755,CGTRNA_RS07760,0,0.9270609617233276,0.9248106479644775,0.895873486995697,0.8599126935005188,0.9075495004653931,0.825820803642273,0.8981757760047913,0.8371720910072327,0.9517096281051636,0.8749620318412781,0.8903047621250153,1
CGTRNA_RS07760,CGTRNA_RS07770,0,0.19458070397377014,0.2593405544757843,0.4207301735877991,0.1831284463405609,0.3109644651412964,0.1861935704946518,0.27091091871261597,0.156622514128685,0.236053004860878,0.11332190781831741,0.2331846259534359,0
CGTRNA_RS07810,CGTRNA_RS07850,0,0.0003667426644824445,0.0006202919175848365,0.00019642111146822572,0.0006024810136295855,0.0029370984993875027,0.005023800302296877,0.00017924504936672747,0.0006834861706010997,0.0020121147390455008,0.0007288803462870419,0.0013350561814149842,0
CGTRNA_RS07850,CGTRNA_RS07855,1,0.931859016418457,0.7290113568305969,0.7976439595222473,0.8776611089706421,0.8601797819137573,0.8932468295097351,0.743398904800415,0.669734001159668,0.8448896408081055,0.7207666039466858,0.806839120388031,1
CGTRNA_RS07855,CGTRNA_RS07860,1,0.9775423407554626,0.9579817652702332,0.8760104775428772,0.968913733959198,0.9021751284599304,0.9506187438964844,0.9784086346626282,0.9070452451705933,0.9469826221466064,0.8923102021217346,0.9357988893985748,1
CGTRNA_RS07860,CGTRNA_RS07865,1,0.5494940876960754,0.5449985265731812,0.7198846340179443,0.30456089973449707,0.5805665850639343,0.5070239901542664,0.469873309135437,0.4674537479877472,0.5275381207466125,0.551352322101593,0.5222746223211289,1
CGTRNA_RS07865,CGTRNA_RS07870,0,0.793079674243927,0.623211145401001,0.7867714762687683,0.28082045912742615,0.5783661603927612,0.6375755071640015,0.47116005420684814,0.46033811569213867,0.667532205581665,0.27930164337158203,0.557815644145012,1
CGTRNA_RS07870,CGTRNA_RS07875,0,0.3786858022212982,0.27966225147247314,0.27768799662590027,0.16926752030849457,0.29182252287864685,0.3293924331665039,0.3104599714279175,0.32233044505119324,0.21416601538658142,0.29933616518974304,0.28728111237287524,0
CGTRNA_RS07875,CGTRNA_RS07885,0,0.01451736781746149,0.027053099125623703,0.020698724314570427,0.008496684022247791,0.08583809435367584,0.05219268053770065,0.01760534755885601,0.03680751472711563,0.04728400707244873,0.004323928616940975,0.03148174481466413,0
CGTRNA_RS07885,CGTRNA_RS07890,1,0.5652716755867004,0.5963379144668579,0.680697500705719,0.7319691777229309,0.6897494196891785,0.5808513760566711,0.8289607167243958,0.5863127708435059,0.6712219715118408,0.6605547666549683,0.6591927289962769,1
CGTRNA_RS07890,CGTRNA_RS07895,1,0.9575363397598267,0.9584621787071228,0.9642307162284851,0.9692399501800537,0.9571968913078308,0.9498164057731628,0.9432669878005981,0.9415315985679626,0.9750160574913025,0.9510452747344971,0.9567342400550842,1
CGTRNA_RS07895,CGTRNA_RS07900,1,0.982824981212616,0.9488714337348938,0.9430103898048401,0.961519718170166,0.9284828305244446,0.961927592754364,0.984163761138916,0.9605387449264526,0.9609153866767883,0.9732717275619507,0.9605526566505432,1
CGTRNA_RS07900,CGTRNA_RS07905,1,0.9794742465019226,0.9609777927398682,0.9639459848403931,0.9531198740005493,0.9181029796600342,0.947901725769043,0.9736970663070679,0.9511695504188538,0.920347273349762,0.9640613198280334,0.9532797813415528,1
CGTRNA_RS07905,CGTRNA_RS07915,0,0.05209333449602127,0.03580162301659584,0.05867673456668854,0.020767811685800552,0.035441428422927856,0.06440573930740356,0.11604570597410202,0.03051874041557312,0.044076040387153625,0.03402130305767059,0.0491848461329937,0
CGTRNA_RS07915,CGTRNA_RS08085,0,5.4836687922943383e-05,0.00039711821591481566,0.00021672024740837514,0.00014004812692292035,0.0009590723784640431,0.003490648465231061,0.00034072253038175404,0.00023561992566101253,0.0008139961864799261,5.3850926633458585e-05,0.000670263369102031,0
CGTRNA_RS08085,CGTRNA_RS08090,1,0.6905340552330017,0.8720757365226746,0.8878231048583984,0.89988774061203,0.8425681591033936,0.806190013885498,0.7783287763595581,0.7722254395484924,0.8635002970695496,0.8824815154075623,0.8295614838600158,1
CGTRNA_RS08090,CGTRNA_RS08095,1,0.9606091976165771,0.9642284512519836,0.932433545589447,0.8760209083557129,0.7643673419952393,0.9254447817802429,0.9631713032722473,0.8992979526519775,0.8839296102523804,0.8892273306846619,0.905873042345047,1
CGTRNA_RS08095,CGTRNA_RS08100,1,0.9816136956214905,0.9771143198013306,0.9694576263427734,0.9766033887863159,0.9327754974365234,0.9619119763374329,0.9787575602531433,0.9621521830558777,0.962944746017456,0.9600570201873779,0.9663388013839722,1
CGTRNA_RS08100,CGTRNA_RS08145,0,0.00016195731586776674,0.0003607944818213582,0.0009546830551698804,0.0004029885749332607,0.0007391466060653329,0.00239565153606236,0.0002858101506717503,0.00033861203701235354,0.00072244624607265,0.000133734371047467,0.000649582437472418,0
CGTRNA_RS08145,CGTRNA_RS08150,1,0.9511528611183167,0.9235105514526367,0.9396479725837708,0.9632917642593384,0.9225197434425354,0.946865439414978,0.9439300298690796,0.9310315847396851,0.9671712517738342,0.9116778373718262,0.9400799036026001,1
CGTRNA_RS08195,CGTRNA_RS08215,0,0.0008535209344699979,0.002908233553171158,0.0005096389213576913,0.00033607493969611824,0.0012590314727276564,0.0040919482707977295,0.0007541311206296086,0.0005759570631198585,0.002806268399581313,8.525465818820521e-05,0.0014180059333739337,0
CGTRNA_RS08215,CGTRNA_RS08220,1,0.9392480850219727,0.8807739019393921,0.8562264442443848,0.6562920808792114,0.8838284015655518,0.8915956020355225,0.8276195526123047,0.7813959717750549,0.9692378044128418,0.6624406576156616,0.8348658502101898,1
CGTRNA_RS08220,CGTRNA_RS08225,0,0.8176925778388977,0.8147207498550415,0.9222664833068848,0.7993272542953491,0.7820347547531128,0.8349003195762634,0.8517229557037354,0.7494814395904541,0.8745107650756836,0.9075828194618225,0.8354240119457245,1
CGTRNA_RS08225,CGTRNA_RS08240,0,0.004441296681761742,0.013730059377849102,0.013875629752874374,0.002204079879447818,0.009249106049537659,0.028650203719735146,0.007315731607377529,0.007970141246914864,0.016506820917129517,0.009650385938584805,0.011359345517121255,0
CGTRNA_RS08240,CGTRNA_RS08260,0,0.003719510044902563,0.00526799913495779,0.005079279653728008,0.008668098598718643,0.012143720872700214,0.015776917338371277,0.02337738126516342,0.003398551605641842,0.0122235007584095,0.0037420184817165136,0.009339697775430977,0
CGTRNA_RS08260,CGTRNA_RS08265,0,0.04506199061870575,0.06408653408288956,0.09609701484441757,0.025570040568709373,0.036313071846961975,0.063961461186409,0.07753898948431015,0.0610022135078907,0.021201489493250847,0.047986652702093124,0.0538819458335638,0
CGTRNA_RS08265,CGTRNA_RS08270,1,0.09272046387195587,0.057331934571266174,0.16393281519412994,0.013765708543360233,0.0434081144630909,0.10365282744169235,0.1361713707447052,0.04312201589345932,0.03971406817436218,0.03657909482717514,0.07303984137251973,0
CGTRNA_RS08270,CGTRNA_RS08330,0,3.7338297261158004e-05,0.0001998624939005822,9.171789133688435e-05,6.977222801651806e-05,0.0003548583190422505,0.0013581222156062722,0.00011013860057573766,7.755436672596261e-05,0.000453375861980021,2.1721185476053506e-05,0.00027744614599214403,0
CGTRNA_RS08435,CGTRNA_RS08455,0,0.00022748802439309657,0.0006698983488604426,4.2072319047292694e-05,0.0006165433442220092,0.0008899298263713717,0.003012065775692463,0.0003240794176235795,0.00012552866246551275,0.0009565973887220025,8.076551603153348e-05,0.0006944968623429304,0
CGTRNA_RS08505,CGTRNA_RS08515,0,0.0015603617066517472,0.004242131020873785,0.0011588907800614834,0.06304895877838135,0.01497850101441145,0.013426240533590317,0.01016200054436922,0.0018669732380658388,0.00570976035669446,0.006003388203680515,0.012215720617678016,0
CGTRNA_RS08530,CGTRNA_RS08540,0,0.04003467783331871,0.02824794128537178,0.05150424316525459,0.07860963046550751,0.05156257003545761,0.055256910622119904,0.27200034260749817,0.035552751272916794,0.05338648334145546,0.07221134752035141,0.0738366898149252,0
CGTRNA_RS08585,CGTRNA_RS08590,0,0.008986342698335648,0.011719412170350552,0.0011370534775778651,0.08372028917074203,0.05115431919693947,0.02636369876563549,0.03443245589733124,0.008933799341320992,0.012952713295817375,0.016506310552358627,0.02559063945664093,0
CGTRNA_RS08590,CGTRNA_RS08595,0,0.6218694448471069,0.6391157507896423,0.6003918051719666,0.7296627759933472,0.4657045006752014,0.5349115133285522,0.774050235748291,0.5995040535926819,0.5109084248542786,0.7676414251327515,0.624375993013382,1
CGTRNA_RS08595,CGTRNA_RS08600,1,0.9325798153877258,0.8126208186149597,0.7576266527175903,0.9255656599998474,0.6998328566551208,0.8128253221511841,0.8777579069137573,0.6473957300186157,0.7528830766677856,0.8872942924499512,0.8106382131576538,1
CGTRNA_RS08600,CGTRNA_RS08605,0,0.059836722910404205,0.038437966257333755,0.01396704651415348,0.014036405831575394,0.02745799347758293,0.05983173847198486,0.0772588923573494,0.022450828924775124,0.044664282351732254,0.01639164425432682,0.03743335213512182,0
CGTRNA_RS08605,CGTRNA_RS08610,0,0.39225101470947266,0.17661726474761963,0.2739108204841614,0.21130399405956268,0.20720376074314117,0.20570020377635956,0.19917097687721252,0.12363087385892868,0.21528008580207825,0.08799804747104645,0.2093067042529583,0
CGTRNA_RS08610,CGTRNA_RS08615,0,0.44909682869911194,0.3390767276287079,0.33182862401008606,0.5022542476654053,0.24509653449058533,0.2947395443916321,0.1958683729171753,0.2192971408367157,0.3333444595336914,0.25901493430137634,0.3169617414474487,0
CGTRNA_RS08615,CGTRNA_RS08620,0,0.04208394140005112,0.024517327547073364,0.015023627318441868,0.0074236742220819,0.018939483910799026,0.047881968319416046,0.08383191376924515,0.022755473852157593,0.037722744047641754,0.009109492413699627,0.030928964680060744,0
CGTRNA_RS08620,CGTRNA_RS08625,1,0.9386726021766663,0.8514653444290161,0.8384002447128296,0.8840644955635071,0.7681164741516113,0.8765372633934021,0.8061970472335815,0.8925126791000366,0.8335718512535095,0.7137081027030945,0.8403246104717255,1
CGTRNA_RS08635,CGTRNA_RS08640,0,0.935856282711029,0.8843304514884949,0.7758143544197083,0.8913625478744507,0.5435401201248169,0.879428505897522,0.8149012923240662,0.8079835772514343,0.6390894055366516,0.8137977123260498,0.7986104249954223,1
CGTRNA_RS08660,CGTRNA_RS08665,1,0.7722355127334595,0.860460102558136,0.7852901816368103,0.9481098055839539,0.8359805345535278,0.8786564469337463,0.9547420144081116,0.8831407427787781,0.8882743120193481,0.833781898021698,0.864067155122757,1
CGTRNA_RS08665,CGTRNA_RS08690,0,7.262086000991985e-05,0.0009695034823380411,0.0012008293997496367,0.0007929470157250762,0.000497236498631537,0.0010074418969452381,0.00029830692801624537,0.0002986236067954451,0.00071924296207726,0.0001614988432265818,0.0006018251493514981,0
CGTRNA_RS08690,CGTRNA_RS08695,0,0.36688899993896484,0.4882786273956299,0.3472079634666443,0.5453636646270752,0.3264463543891907,0.2253224104642868,0.43556371331214905,0.08413946628570557,0.28897300362586975,0.09198186546564102,0.3200166068971157,0
CGTRNA_RS08695,CGTRNA_RS08705,0,0.0008273164858110249,0.0030347895808517933,0.0012088041985407472,0.00014837810886092484,0.0009809437906369567,0.006104444153606892,0.0018297501374036074,0.000969674380030483,0.003040519542992115,0.00010710456263041124,0.0018251724941364955,0
CGTRNA_RS08705,CGTRNA_RS08710,0,0.6799082159996033,0.652315080165863,0.7115585207939148,0.7204984426498413,0.2788323760032654,0.6203993558883667,0.3579918146133423,0.20225389301776886,0.5021207928657532,0.2389872670173645,0.49648657590150835,0
CGTRNA_RS08710,CGTRNA_RS08715,0,0.5836977958679199,0.16631947457790375,0.19293449819087982,0.5699332356452942,0.4376395344734192,0.5101922154426575,0.15484654903411865,0.1260201334953308,0.445745050907135,0.30154654383659363,0.34888750314712524,0
CGTRNA_RS08755,CGTRNA_RS08760,0,0.7701627016067505,0.37536701560020447,0.5742852091789246,0.5621272325515747,0.283471941947937,0.35099008679389954,0.16804029047489166,0.17857800424098969,0.5198052525520325,0.2516016662120819,0.4034429401159286,0
CGTRNA_RS08760,CGTRNA_RS08765,0,0.8710126280784607,0.6738035678863525,0.6689633727073669,0.809211254119873,0.5802980661392212,0.6910655498504639,0.547523558139801,0.3328592777252197,0.7489157319068909,0.47841161489486694,0.6402064621448517,1
CGTRNA_RS08800,CGTRNA_RS08805,0,0.4064008891582489,0.5683937668800354,0.5080375671386719,0.4478863477706909,0.2842465043067932,0.48334887623786926,0.5074472427368164,0.11285244673490524,0.4755988121032715,0.3601802885532379,0.41543927416205406,0
CGTRNA_RS08805,CGTRNA_RS08810,0,0.5929430723190308,0.5540547966957092,0.43891844153404236,0.9330760836601257,0.5616726875305176,0.7032596468925476,0.6739763617515564,0.3186231851577759,0.5236470103263855,0.7715139985084534,0.6071685284376145,1
CGTRNA_RS08810,CGTRNA_RS08815,0,0.9372144341468811,0.9267290830612183,0.9129884839057922,0.9732335209846497,0.899149477481842,0.9089025855064392,0.9155752062797546,0.7839561104774475,0.9468941688537598,0.7357528805732727,0.8940395951271057,1
CGTRNA_RS08835,CGTRNA_RS08840,0,0.19771701097488403,0.1453806310892105,0.19733192026615143,0.37298113107681274,0.13237272202968597,0.1362810730934143,0.20729906857013702,0.03839709609746933,0.14881059527397156,0.19601204991340637,0.17725832983851433,0
CGTRNA_RS08840,CGTRNA_RS08845,0,0.5238099098205566,0.4009663462638855,0.3986155688762665,0.6639629006385803,0.4811634123325348,0.6147868633270264,0.26537948846817017,0.3840775191783905,0.712299644947052,0.7205848097801208,0.5165646463632584,1
CGTRNA_RS08855,CGTRNA_RS08880,0,5.289121327223256e-05,0.00048043738934211433,9.51447946135886e-05,1.321049603575375e-05,0.0009478669380769134,0.002511451719328761,0.0015180526534095407,0.0001109726945287548,0.00027712719747796655,0.00020905165001749992,0.0006216206746103125,0
CGTRNA_RS08880,CGTRNA_RS08885,1,0.8452614545822144,0.8494319319725037,0.8264768719673157,0.9471122622489929,0.6904391646385193,0.7115659117698669,0.8980515003204346,0.5998255610466003,0.6577273607254028,0.6732866764068604,0.7699178695678711,1
CGTRNA_RS08885,CGTRNA_RS08890,1,0.7990934252738953,0.7858797311782837,0.7626383900642395,0.9360313415527344,0.5811222195625305,0.716728687286377,0.6797564029693604,0.4558010399341583,0.7159091234207153,0.5771418809890747,0.7010102242231369,1
CGTRNA_RS08890,CGTRNA_RS08905,0,0.003106212243437767,0.004396429285407066,0.0010813969420269132,0.00027841582777909935,0.004759588744491339,0.009262997657060623,0.00376772228628397,0.00120937533210963,0.006582384463399649,0.00017671835666988045,0.0034621241138665937,0
CGTRNA_RS08905,CGTRNA_RS08910,0,0.2236071676015854,0.06854864209890366,0.04174290597438812,0.31749510765075684,0.3582048714160919,0.24864034354686737,0.2218172401189804,0.021142302080988884,0.16699209809303284,0.1169038936495781,0.17850945722311734,0
CGTRNA_RS08910,CGTRNA_RS09020,0,5.001175850338768e-06,0.00036365457344800234,0.00043868180364370346,1.6225245417444967e-05,0.00010887759708566591,0.00024116037820931524,0.00029754851129837334,0.00020565511658787727,0.0001103181202779524,2.618270400489564e-06,0.00017897407922191634,0
CGTRNA_RS09020,CGTRNA_RS09025,1,0.08217865973711014,0.059464771300554276,0.08289746195077896,0.24302583932876587,0.1666715294122696,0.18583449721336365,0.6875872015953064,0.014528642408549786,0.09311877191066742,0.30611810088157654,0.19214254757389426,0
CGTRNA_RS09025,CGTRNA_RS09065,0,4.47774727945216e-05,0.000241732646827586,3.7320070987334475e-05,0.0005033670458942652,0.0005715542938560247,0.002344874432310462,7.194884528871626e-05,5.943482028669678e-05,0.0005157437990419567,2.629507434903644e-05,0.00044170485016366,0
CGTRNA_RS09065,CGTRNA_RS09110,0,0.00024045295140240341,0.0005910999025218189,0.00023414587485603988,0.0017731022089719772,0.004653384443372488,0.006998580414801836,0.005352302920073271,0.0006050925003364682,0.001346516772173345,0.0018660067580640316,0.002366068474657368,0
CGTRNA_RS09140,CGTRNA_RS09150,0,0.005093758925795555,0.006010104436427355,0.0016299342969432473,0.07494890689849854,0.02341976948082447,0.01942014880478382,0.015277668833732605,0.0042336685582995415,0.015065253712236881,0.0025517374742776155,0.01676509514218196,0
CGTRNA_RS09255,CGTRNA_RS09265,0,0.09868990629911423,0.056239333003759384,0.02955571934580803,0.028389211744070053,0.11209627240896225,0.0731811448931694,0.11519204825162888,0.04188017547130585,0.0934627428650856,0.02479705587029457,0.06734836101531982,0
CGTRNA_RS09265,CGTRNA_RS09270,0,0.7230584025382996,0.6437857747077942,0.6893136501312256,0.8133351802825928,0.7982844114303589,0.6701484322547913,0.6207894086837769,0.6955551505088806,0.7825154066085815,0.720194935798645,0.7156980752944946,1
CGTRNA_RS09270,CGTRNA_RS09275,1,0.8041898012161255,0.8978975415229797,0.9118720889091492,0.8919240832328796,0.8036413788795471,0.9037250876426697,0.848817765712738,0.9209449887275696,0.8929882645606995,0.9412166476249695,0.8817217648029327,1
CGTRNA_RS09275,CGTRNA_RS09280,1,0.8829647898674011,0.8279724717140198,0.8364361524581909,0.8024005889892578,0.8367940783500671,0.85374915599823,0.6391637921333313,0.7313161492347717,0.8516983985900879,0.766079306602478,0.8028574883937836,1
CGTRNA_RS09280,CGTRNA_RS09285,1,0.9825676083564758,0.9823276996612549,0.9347383379936218,0.9559492468833923,0.9160739183425903,0.9633439779281616,0.9747764468193054,0.9210137128829956,0.9708388447761536,0.9462391138076782,0.954786890745163,1
CGTRNA_RS09285,CGTRNA_RS09295,0,0.0017275960417464375,0.0014340421184897423,0.0004965609987266362,0.00047525367699563503,0.0014063362032175064,0.00878904853016138,0.0047393059358000755,0.0009081202442757785,0.0030786723364144564,9.393694199388847e-05,0.002314887302782154,0
CGTRNA_RS09295,CGTRNA_RS09300,1,0.9839189648628235,0.9836757183074951,0.9537519216537476,0.9803239107131958,0.9641554355621338,0.9726582169532776,0.9818135499954224,0.9581673741340637,0.9832919836044312,0.9517874717712402,0.9713544547557831,1
CGTRNA_RS09300,CGTRNA_RS09325,0,0.00274478062056005,0.0030092501547187567,0.000827453681267798,0.005433827172964811,0.008381095714867115,0.01569044589996338,0.002517131855711341,0.0017378010088577867,0.006291136611253023,0.0010240435367450118,0.004765696625690907,0
CGTRNA_RS09325,CGTRNA_RS09345,0,0.0009981299517676234,0.0015912584494799376,0.0027773252222687006,0.0010218486422672868,0.0038520745001733303,0.008313381113111973,0.004323956556618214,0.0018149923998862505,0.003976983018219471,0.00015592169074807316,0.002882587154454086,0
CGTRNA_RS09345,CGTRNA_RS09350,1,0.49074140191078186,0.6137849688529968,0.8182450532913208,0.7042886018753052,0.7262688279151917,0.7004284858703613,0.8131541609764099,0.3679792582988739,0.6950340867042542,0.47921517491340637,0.6409140020608902,1
CGTRNA_RS09350,CGTRNA_RS09375,0,0.000666749314405024,0.002137149451300502,0.0007287272601388395,7.272079528775066e-05,0.0016514756716787815,0.0043773651123046875,0.001172821270301938,0.001050662947818637,0.0036196729633957148,7.426862430293113e-05,0.0015551613410934805,0
CGTRNA_RS09375,CGTRNA_RS09380,1,0.9649606347084045,0.9534998536109924,0.9497412443161011,0.9569681286811829,0.9089894890785217,0.9684290885925293,0.9240222573280334,0.9522140622138977,0.9780844449996948,0.9015494585037231,0.9458458662033081,1
CGTRNA_RS09380,CGTRNA_RS09385,1,0.9863690137863159,0.981971263885498,0.9689739346504211,0.977920413017273,0.9558431506156921,0.9688279032707214,0.9867534637451172,0.9749248623847961,0.9778336882591248,0.983486533164978,0.9762904226779938,1
CGTRNA_RS09385,CGTRNA_RS09390,1,0.28213638067245483,0.46747806668281555,0.3711289167404175,0.26543882489204407,0.40729865431785583,0.4731779098510742,0.44026634097099304,0.4483868181705475,0.5261455774307251,0.46308374404907227,0.41445412337779997,0
CGTRNA_RS09390,CGTRNA_RS09395,0,0.08326734602451324,0.060839470475912094,0.07215093076229095,0.028208419680595398,0.08110719174146652,0.15884172916412354,0.07962515205144882,0.04379649832844734,0.10008688271045685,0.03815273568034172,0.07460763566195965,0
CGTRNA_RS09395,CGTRNA_RS09400,1,0.9841632843017578,0.962264895439148,0.96507728099823,0.9740015864372253,0.9179153442382812,0.9588331580162048,0.9744587540626526,0.9246375560760498,0.960274338722229,0.9690187573432922,0.959064495563507,1
CGTRNA_RS09400,CGTRNA_RS09410,0,0.012015290558338165,0.0404360294342041,0.033467378467321396,0.02058354765176773,0.01598057523369789,0.08813273906707764,0.021326828747987747,0.030089396983385086,0.012752546928822994,0.008172350004315376,0.028295668307691813,0
CGTRNA_RS09410,CGTRNA_RS09415,0,0.7630726099014282,0.6903781890869141,0.5964080095291138,0.36063429713249207,0.7662427425384521,0.7257737517356873,0.5466135740280151,0.32135894894599915,0.8285677433013916,0.3798985183238983,0.5978948384523392,1
CGTRNA_RS09415,CGTRNA_RS09420,1,0.5314797163009644,0.6885327100753784,0.5829671621322632,0.5468155145645142,0.6151338815689087,0.7344481945037842,0.7354166507720947,0.44560539722442627,0.8019962310791016,0.6114435195922852,0.629383897781372,1
CGTRNA_RS09420,CGTRNA_RS09430,0,0.1465260237455368,0.05923793464899063,0.011384505778551102,0.027454882860183716,0.06496085971593857,0.11050952225923538,0.04083847254514694,0.028439009562134743,0.13227695226669312,0.01489386148750782,0.06365220248699188,0
CGTRNA_RS09430,CGTRNA_RS09445,0,0.03377067670226097,0.03903449699282646,0.020666515454649925,0.0014656666899099946,0.10446875542402267,0.06390293687582016,0.017077729105949402,0.08554775267839432,0.060508567839860916,0.008241240866482258,0.04346843386301771,0
CGTRNA_RS09445,CGTRNA_RS09450,0,0.10809246450662613,0.09377036988735199,0.039768099784851074,0.01503999438136816,0.06670962274074554,0.2122657299041748,0.08731528371572495,0.05349785462021828,0.08297597616910934,0.0649816244840622,0.08244170201942325,0
CGTRNA_RS09450,CGTRNA_RS09455,1,0.9495531320571899,0.8687271475791931,0.9167321920394897,0.7285395860671997,0.7430634498596191,0.9180039167404175,0.8752804398536682,0.8426024913787842,0.9672539830207825,0.821479856967926,0.863123619556427,1
CGTRNA_RS09455,CGTRNA_RS09465,0,0.006580650340765715,0.00802379660308361,0.02176300249993801,0.11304239183664322,0.05253816768527031,0.09103059768676758,0.015747223049402237,0.008453705348074436,0.014908435754477978,0.04302195832133293,0.037510992912575605,0
CGTRNA_RS09465,CGTRNA_RS09470,1,0.9680550694465637,0.9617389440536499,0.9183791875839233,0.8936915397644043,0.7655302286148071,0.93181312084198,0.9771822690963745,0.8874313831329346,0.9074976444244385,0.9057962894439697,0.9117115676403046,1
CGTRNA_RS09470,CGTRNA_RS09475,1,0.9427676796913147,0.8981601595878601,0.853527307510376,0.8187844157218933,0.6370916366577148,0.8404483199119568,0.8468450307846069,0.7970780730247498,0.7832428216934204,0.8324435353279114,0.8250388979911805,1
CGTRNA_RS09475,CGTRNA_RS09480,1,0.7852498292922974,0.5594696998596191,0.6300089359283447,0.9101703763008118,0.8174961805343628,0.8305478692054749,0.826996386051178,0.7971668243408203,0.7484496831893921,0.8386524319648743,0.7744208216667176,1
CGTRNA_RS09480,CGTRNA_RS09500,0,0.00036779989022761583,0.002392133930698037,0.0016372505342587829,8.234899723902345e-05,0.0006234858301468194,0.0014295834116637707,0.0009927147766575217,0.0009138254099525511,0.0011183565948158503,0.0002170955849578604,0.0009774594960617832,0
CGTRNA_RS09500,CGTRNA_RS09505,0,0.3894197940826416,0.35938185453414917,0.3658633530139923,0.10933487862348557,0.5158502459526062,0.5115546584129333,0.511544942855835,0.334036260843277,0.369031697511673,0.44352981448173523,0.3909547500312328,0
CGTRNA_RS09505,CGTRNA_RS09525,0,0.002495490713045001,0.008610311895608902,0.0037418105639517307,0.0006884562317281961,0.004706609528511763,0.012574885971844196,0.01617644727230072,0.005177001003175974,0.009177627973258495,0.0026892165187746286,0.00660378576721996,0
CGTRNA_RS09525,CGTRNA_RS09530,1,0.9897059202194214,0.9548982381820679,0.9650970697402954,0.9667807221412659,0.9514970183372498,0.9797019958496094,0.9864920377731323,0.9690077900886536,0.9814467430114746,0.9591386914253235,0.9703766226768493,1
CGTRNA_RS09530,CGTRNA_RS09545,0,0.0006646632682532072,0.005317680537700653,0.005627731792628765,0.0007349594379775226,0.002331165364012122,0.0023355360608547926,0.0019972221925854683,0.002198197413235903,0.001798067125491798,0.0010208700550720096,0.002402609324781224,0
CGTRNA_RS09545,CGTRNA_RS09550,1,0.7043783068656921,0.7776298522949219,0.8681395053863525,0.8845523595809937,0.7582671642303467,0.8400402665138245,0.8101893663406372,0.7431257963180542,0.7917803525924683,0.7319003343582153,0.7910003304481507,1
CGTRNA_RS09550,CGTRNA_RS09555,1,0.8212106227874756,0.7580421566963196,0.7263661623001099,0.6891475319862366,0.7493616342544556,0.80979323387146,0.8279397487640381,0.539915144443512,0.739223062992096,0.8625056147575378,0.752350491285324,1
CGTRNA_RS09555,CGTRNA_RS09560,1,0.7608299851417542,0.9093630313873291,0.7989268898963928,0.8794873952865601,0.7921811938285828,0.9042192697525024,0.9022810459136963,0.836655855178833,0.8216990828514099,0.8013366460800171,0.8406980395317077,1
CGTRNA_RS09560,CGTRNA_RS09585,0,0.0005541286082006991,0.001453802571631968,0.0005606335471384227,0.00013390244566835463,0.0009810896590352058,0.003657348919659853,0.0003659465292003006,0.000778831250499934,0.003788746427744627,0.00011725785589078441,0.001239168781467015,0
CGTRNA_RS09585,CGTRNA_RS09590,1,0.9757896065711975,0.9852805733680725,0.9558888077735901,0.9776857495307922,0.9579033255577087,0.9686577320098877,0.9708620309829712,0.9664811491966248,0.9799043536186218,0.9820083379745483,0.9720461666584015,1
CGTRNA_RS09590,CGTRNA_RS09595,0,0.9848824739456177,0.9615899324417114,0.9514631032943726,0.9569084048271179,0.9153144359588623,0.9781850576400757,0.9550299644470215,0.9687400460243225,0.982370913028717,0.9513635039329529,0.9605847835540772,1
CGTRNA_RS09665,CGTRNA_RS09690,0,0.00010408243542769924,0.0006126275984570384,0.0007111795130185783,0.0001727964699966833,0.0004457900649867952,0.001288099680095911,0.0003836782125290483,0.00022432353580370545,0.0006036391714587808,6.333377677947283e-05,0.0004609550458553713,0
CGTRNA_RS09690,CGTRNA_RS09740,0,6.39619684079662e-05,0.0004446587699931115,0.0004059779748786241,0.00019920348131563514,0.000604262575507164,0.0016923187067732215,0.00015683198580518365,0.0001851987180998549,0.00041936273919418454,2.551000943640247e-05,0.0004197286929411348,0
CGTRNA_RS09740,CGTRNA_RS09745,0,0.22488315403461456,0.42251020669937134,0.3434031903743744,0.1026352122426033,0.3159320652484894,0.37346282601356506,0.13218089938163757,0.4065932631492615,0.4526836574077606,0.2640358805656433,0.3038320355117321,0
CGTRNA_RS09770,CGTRNA_RS09790,0,0.019075075164437294,0.004683887120336294,0.0020007542334496975,0.010219680145382881,0.029282046481966972,0.03232553228735924,0.009067539125680923,0.006316830404102802,0.04983300715684891,0.0033310572616755962,0.01661354093812406,0
CGTRNA_RS09790,CGTRNA_RS09805,0,0.00042089930502697825,0.0010898546315729618,9.245859109796584e-05,0.00011481835099402815,0.0025061017367988825,0.005076131783425808,0.0003783012507483363,0.0006611783755943179,0.0022553985472768545,0.00014991071657277644,0.001274505328910891,0
CGTRNA_RS09805,CGTRNA_RS09810,0,0.829345166683197,0.897637128829956,0.9016826748847961,0.8716716170310974,0.8744701743125916,0.8927330374717712,0.9397213459014893,0.7993887066841125,0.9389657378196716,0.8461596369743347,0.8791775226593017,1
CGTRNA_RS09810,CGTRNA_RS09815,0,0.2374197393655777,0.32235798239707947,0.43053537607192993,0.5886977910995483,0.4696151316165924,0.32756567001342773,0.4407985210418701,0.22994257509708405,0.1938401162624359,0.24740204215049744,0.3488174945116043,0
CGTRNA_RS09815,CGTRNA_RS09820,1,0.919847309589386,0.9627143740653992,0.9721511602401733,0.9137349128723145,0.876268744468689,0.9245272874832153,0.97769695520401,0.9196579456329346,0.8914003372192383,0.9658104181289673,0.9323809444904327,1
CGTRNA_RS09820,CGTRNA_RS09825,1,0.5205872654914856,0.1676768809556961,0.4810410737991333,0.0400073267519474,0.22596904635429382,0.3392106294631958,0.23844346404075623,0.13426190614700317,0.19042998552322388,0.34708914160728455,0.268471672013402,0
CGTRNA_RS09825,CGTRNA_RS09850,0,0.00040835965774022043,0.001226481283083558,0.001072367187589407,0.0005636250716634095,0.0015668037813156843,0.005647906102240086,0.0011200613807886839,0.0006935648270882666,0.0033364389091730118,0.0003595910675358027,0.001599519926821813,0
CGTRNA_RS09965,CGTRNA_RS09975,0,0.0019684445578604937,0.004237482789903879,0.004378148354589939,0.0021647063549607992,0.004887576214969158,0.010182068683207035,0.0024920173455029726,0.003794217947870493,0.005162824876606464,0.0008861712412908673,0.00401536583667621,0
CGTRNA_RS09975,CGTRNA_RS09980,1,0.9632474184036255,0.9226956367492676,0.907629668712616,0.8930700421333313,0.7416428327560425,0.8852846026420593,0.9275308847427368,0.8864739537239075,0.8362256288528442,0.8940275311470032,0.8857828199863433,1
CGTRNA_RS09980,CGTRNA_RS09985,1,0.9672094583511353,0.9512061476707458,0.9780430197715759,0.989794909954071,0.9417332410812378,0.9546611905097961,0.9794831275939941,0.9246299266815186,0.9628913402557373,0.8777627348899841,0.9527415096759796,1
CGTRNA_RS09985,CGTRNA_RS09990,1,0.9770167469978333,0.9799908399581909,0.954931914806366,0.9751608967781067,0.9636648297309875,0.9769927859306335,0.9739206433296204,0.9630919694900513,0.9853665828704834,0.9796627163887024,0.9729799926280975,1
CGTRNA_RS09990,CGTRNA_RS09995,1,0.9879931211471558,0.9838182330131531,0.978992223739624,0.9835599064826965,0.9659596681594849,0.9687391519546509,0.9839391708374023,0.97565758228302,0.9688031077384949,0.9833410978317261,0.9780803263187409,1
CGTRNA_RS09995,CGTRNA_RS10035,0,0.0001803167979232967,0.0008805083925835788,0.0005032395711168647,0.00029853254090994596,0.0006134288851171732,0.0018321326933801174,0.00025021014153026044,0.00026184532907791436,0.0008172527304850519,0.00017684830527286977,0.0005814315387397073,0
CGTRNA_RS10035,CGTRNA_RS10045,0,0.02273297682404518,0.010782094672322273,0.04584344103932381,0.014197884127497673,0.017787760123610497,0.07152411341667175,0.012356696650385857,0.020756790414452553,0.03134981915354729,0.007616677787154913,0.02549482542090118,0
CGTRNA_RS10045,CGTRNA_RS10055,0,0.0006852471851743758,0.002201999304816127,0.0011014684569090605,0.0013372882967814803,0.005067998543381691,0.009820288978517056,0.0006562733324244618,0.001341684372164309,0.001513389521278441,0.0006375823868438601,0.002436322037829086,0
CGTRNA_RS10055,CGTRNA_RS10120,0,2.5531428036629222e-05,0.00018251292931381613,2.21123373194132e-05,6.210536957951263e-05,0.00023867572599556297,0.0008059612009674311,9.127395605901256e-05,6.669089634669945e-05,0.0002923107531387359,1.1288259884167928e-05,0.00017984628566409812,0
CGTRNA_RS10120,CGTRNA_RS10155,0,0.00028933954308740795,0.0010539806680753827,0.0002791699080262333,0.0002289884869242087,0.00213626679033041,0.0030661795753985643,0.0003315898939035833,0.0006331371259875596,0.0016142582753673196,0.00022639527742285281,0.0009859305544523522,0
CGTRNA_RS10170,CGTRNA_RS10180,0,0.08524863421916962,0.10627889633178711,0.009565993212163448,0.08952433615922928,0.0987236425280571,0.0855681300163269,0.08054081350564957,0.019232094287872314,0.16587378084659576,0.014314777217805386,0.07548710983246565,0
CGTRNA_RS10180,CGTRNA_RS10185,1,0.7334309816360474,0.8357359170913696,0.690345287322998,0.798084020614624,0.8121911287307739,0.7858044505119324,0.889319896697998,0.6814974546432495,0.7773209810256958,0.8079242706298828,0.7811654388904572,1
CGTRNA_RS10185,CGTRNA_RS10280,0,5.251762559055351e-05,0.0004110989102628082,8.780222560744733e-05,7.668914622627199e-05,0.0006526793004013598,0.0017614075914025307,0.00026168260956183076,0.00021812389604747295,0.0006669088616035879,1.4680820640933234e-05,0.0004203590987344796,0
CGTRNA_RS10280,CGTRNA_RS10295,0,0.0007507856353186071,0.0024374111089855433,0.0003152766730636358,0.0006559682078659534,0.0036944535095244646,0.0069163148291409016,0.0005649086670018733,0.001248205779120326,0.0027252924628555775,0.00037615542532876134,0.001968477229820564,0
CGTRNA_RS10295,CGTRNA_RS10300,1,0.9045872688293457,0.9400272369384766,0.9294817447662354,0.9034011363983154,0.8693367838859558,0.8898682594299316,0.9262407422065735,0.8973484039306641,0.9231253862380981,0.8926957249641418,0.9076112687587738,1
CGTRNA_RS10300,CGTRNA_RS10305,1,0.8570249080657959,0.9093698263168335,0.9459733366966248,0.8533914089202881,0.8154093623161316,0.8755826950073242,0.9112097024917603,0.803663432598114,0.8520739674568176,0.9170370697975159,0.8740735709667206,1
CGTRNA_RS10305,CGTRNA_RS10320,0,0.0017031010938808322,0.003159838728606701,0.00043645358528010547,0.00037070660619065166,0.0013506539398804307,0.007229981478303671,0.002437067683786154,0.0014860746450722218,0.008968790993094444,0.0006975135183893144,0.0027840182272484528,0
CGTRNA_RS10320,CGTRNA_RS10345,0,0.00028194504557177424,0.001133543555624783,0.0002088761393679306,0.00014678636216558516,0.002097733784466982,0.0031311854254454374,0.001157633145339787,0.0008339515188708901,0.00267049390822649,0.00024694757303223014,0.001190909645811189,0
CGTRNA_RS10345,CGTRNA_RS10350,1,0.8711567521095276,0.9025718569755554,0.9455202221870422,0.9609327912330627,0.8848082423210144,0.8870877027511597,0.9803137183189392,0.9328560829162598,0.9493640661239624,0.8771842122077942,0.9191795647144317,1
CGTRNA_RS10350,CGTRNA_RS10355,0,0.5443940162658691,0.8120834231376648,0.7519236207008362,0.6383348703384399,0.7248975038528442,0.7428784966468811,0.7289934158325195,0.7607093453407288,0.852128803730011,0.7332991361618042,0.7289642632007599,1
CGTRNA_RS10355,CGTRNA_RS10360,1,0.9680989980697632,0.977808952331543,0.970244288444519,0.9865009784698486,0.9550824761390686,0.9685983657836914,0.9878259301185608,0.9649218916893005,0.9738999605178833,0.9545338749885559,0.9707515716552735,1
CGTRNA_RS10360,CGTRNA_RS10375,0,0.0004218639514874667,0.002567117102444172,0.001112801837734878,0.0003426783950999379,0.001207201275974512,0.005901074502617121,0.0019746834877878428,0.0011341506615281105,0.0023853727616369724,0.00024551761453039944,0.0017292461590841413,0
CGTRNA_RS10375,CGTRNA_RS10395,0,0.00936654768884182,0.010229088366031647,0.02537141926586628,0.004182164091616869,0.012250273488461971,0.0340769998729229,0.009370597079396248,0.009917148388922215,0.01894153468310833,0.0014671022072434425,0.013517287513241171,0
CGTRNA_RS10395,CGTRNA_RS10405,0,0.05571002885699272,0.11893083155155182,0.3872462511062622,0.38702380657196045,0.12582392990589142,0.16811077296733856,0.14975625276565552,0.09806852787733078,0.09043122082948685,0.12830369174480438,0.17094053141772747,0
CGTRNA_RS10405,CGTRNA_RS10420,0,0.00244919303804636,0.0033272188156843185,0.00057509500766173,0.0012138219317421317,0.003933737985789776,0.010078615508973598,0.0012552363332360983,0.0005637863650918007,0.0038765801582485437,0.00034765241434797645,0.0027620937558822333,0
CGTRNA_RS10420,CGTRNA_RS10425,0,0.45662686228752136,0.2687622606754303,0.18083049356937408,0.6467047929763794,0.5003976821899414,0.48986998200416565,0.33219125866889954,0.35766667127609253,0.4795254170894623,0.2548488676548004,0.3967424288392067,0
CGTRNA_RS10425,CGTRNA_RS10430,1,0.9670167565345764,0.8830931186676025,0.8951020836830139,0.8990697264671326,0.824375331401825,0.8943730592727661,0.889595627784729,0.9213694930076599,0.8516845703125,0.8726915121078491,0.8898371279239654,1
CGTRNA_RS10480,CGTRNA_RS10625,0,5.0714894314296544e-05,0.0003566736704669893,0.00010037249012384564,7.463347719749436e-05,0.0007545659900642931,0.0029422310180962086,0.00031529893749393523,0.00016328477067872882,0.0008054732461459935,3.8269015931291506e-05,0.0005601517510513077,0
CGTRNA_RS10625,CGTRNA_RS10635,0,0.019531849771738052,0.05275127291679382,0.01353615801781416,0.10501319169998169,0.0589161142706871,0.0738130509853363,0.09380396455526352,0.016636090353131294,0.07735881209373474,0.005047106649726629,0.05164076113142073,0
CGTRNA_RS10635,CGTRNA_RS10640,1,0.979993999004364,0.9760640859603882,0.984005331993103,0.987121045589447,0.9517481923103333,0.9690845012664795,0.9877756834030151,0.9684464931488037,0.9798938035964966,0.9634168148040771,0.9747549951076507,1
CGTRNA_RS10640,CGTRNA_RS10650,0,0.08473053574562073,0.08086603879928589,0.09039051085710526,0.057188164442777634,0.05643945559859276,0.16366662085056305,0.11140643805265427,0.05010320618748665,0.15217629075050354,0.01362205296754837,0.08605893142521381,0
CGTRNA_RS10650,CGTRNA_RS10655,1,0.9788917303085327,0.9711064100265503,0.9420106410980225,0.9568786025047302,0.8923891186714172,0.9524691104888916,0.9767998456954956,0.9147224426269531,0.9404914379119873,0.9533162713050842,0.9479075610637665,1
CGTRNA_RS10655,CGTRNA_RS10660,0,0.6431930661201477,0.7760868072509766,0.8096492886543274,0.788994312286377,0.727433443069458,0.7583862543106079,0.7277640700340271,0.6600752472877502,0.8233311176300049,0.7275556921958923,0.7442469298839569,1
CGTRNA_RS10660,CGTRNA_RS10675,0,0.006447226740419865,0.006103995256125927,0.012448449619114399,0.011640753597021103,0.019222648814320564,0.04771747440099716,0.013050328008830547,0.0120112095028162,0.015383358113467693,0.005549921654164791,0.014957536570727825,0
CGTRNA_RS10675,CGTRNA_RS10680,1,0.8058257699012756,0.8701781034469604,0.9413430690765381,0.8821327686309814,0.8624929785728455,0.870747447013855,0.9319911003112793,0.8306469917297363,0.8811784982681274,0.7603378891944885,0.8636874616146087,1
CGTRNA_RS10680,CGTRNA_RS10755,0,9.435116226086393e-05,0.00042066245805472136,8.541838906239718e-05,5.7249199016951025e-05,0.0008674729615449905,0.0018733544275164604,0.00026899759541265666,0.00023289368255063891,0.0008083219872787595,2.8252605261513963e-05,0.00047369744679599536,0
CGTRNA_RS10755,CGTRNA_RS10765,0,0.018000664189457893,0.03004789911210537,0.0034903979394584894,0.012113139033317566,0.03002258948981762,0.03944772481918335,0.011847199872136116,0.009122232906520367,0.03549628704786301,0.0037664349656552076,0.0193354569375515,0
CGTRNA_RS10765,CGTRNA_RS10770,1,0.9846720695495605,0.9709383845329285,0.9482892155647278,0.9792593121528625,0.9273654222488403,0.9688457250595093,0.985388457775116,0.9379807114601135,0.9704982042312622,0.9678486585617065,0.9641086161136627,1
CGTRNA_RS10770,CGTRNA_RS10775,1,0.9109207987785339,0.9759588837623596,0.9480358958244324,0.9124639630317688,0.8843545913696289,0.8981147408485413,0.9780076146125793,0.9551595449447632,0.9353402256965637,0.9474741816520691,0.934583044052124,1
CGTRNA_RS10775,CGTRNA_RS10780,1,0.9838805198669434,0.956720232963562,0.9580276608467102,0.9772682189941406,0.9427993893623352,0.9646028280258179,0.9575881958007812,0.9412415623664856,0.9769736528396606,0.896885097026825,0.9555987358093262,1
CGTRNA_RS10780,CGTRNA_RS10795,0,0.004385347943753004,0.00404075812548399,0.005145212635397911,0.004105476196855307,0.008804548531770706,0.020751245319843292,0.0064412327483296394,0.004239990375936031,0.009589061141014099,0.00267020333558321,0.007017307635396719,0
CGTRNA_RS10795,CGTRNA_RS10805,0,0.20108003914356232,0.20488563179969788,0.2452324479818344,0.03919576480984688,0.12243223190307617,0.24170614778995514,0.09892106056213379,0.16121405363082886,0.11407610028982162,0.10270849615335464,0.15314519740641117,0
CGTRNA_RS10805,CGTRNA_RS10810,0,0.9175522327423096,0.6419618725776672,0.30917003750801086,0.1686110943555832,0.5785435438156128,0.8636731505393982,0.3776838183403015,0.5736140608787537,0.8519107103347778,0.6264292001724243,0.5909149721264839,1
CGTRNA_RS10810,CGTRNA_RS10815,1,0.7725708484649658,0.8906424641609192,0.8987492918968201,0.9210860729217529,0.7805647253990173,0.7784336805343628,0.6919794678688049,0.7629615664482117,0.8237768411636353,0.927603542804718,0.8248368501663208,1
CGTRNA_RS10815,CGTRNA_RS10820,1,0.34260615706443787,0.23652447760105133,0.4550987780094147,0.15961511433124542,0.18389026820659637,0.48938754200935364,0.5935176014900208,0.10115866363048553,0.23898862302303314,0.14683809876441956,0.2947625324130058,0
CGTRNA_RS10820,CGTRNA_RS10825,0,0.5157381892204285,0.26365265250205994,0.6216763854026794,0.06273818761110306,0.3248453736305237,0.507946252822876,0.4540756046772003,0.19537228345870972,0.29374927282333374,0.35449227690696716,0.35942864790558815,0
CGTRNA_RS10825,CGTRNA_RS10840,0,0.0029467372223734856,0.023219700902700424,0.011328388005495071,0.0027415272779762745,0.0070985485799610615,0.0118783637881279,0.005540876649320126,0.013370473869144917,0.006445024162530899,0.004416319075971842,0.0088985959533602,0
CGTRNA_RS10840,CGTRNA_RS10860,0,0.010717038065195084,0.011182833462953568,0.009808349423110485,0.0025708572939038277,0.0052277930080890656,0.026382140815258026,0.010546397417783737,0.0072718397714197636,0.01491730660200119,0.0020300238393247128,0.010065457969903945,0
CGTRNA_RS10860,CGTRNA_RS10865,1,0.981579065322876,0.9608232378959656,0.9581350088119507,0.9800564050674438,0.9409640431404114,0.9626325368881226,0.9806117415428162,0.9733554720878601,0.9708129167556763,0.9731259346008301,0.9682096362113952,1
CGTRNA_RS10915,CGTRNA_RS10920,0,0.7327556014060974,0.7137096524238586,0.4880944490432739,0.8408634066581726,0.6740989685058594,0.7871938347816467,0.6119251847267151,0.7065221667289734,0.7954871654510498,0.6829319596290588,0.7033582389354706,1
CGTRNA_RS10920,CGTRNA_RS10930,0,0.15407539904117584,0.14236335456371307,0.17732906341552734,0.10320448130369186,0.0928291529417038,0.14302198588848114,0.14644871652126312,0.05750451982021332,0.1839495748281479,0.02025972679257393,0.12209859751164913,0
CGTRNA_RS10930,CGTRNA_RS10960,0,0.000263568275840953,0.0021803511772304773,0.0018304242985323071,0.000537982617970556,0.0006091359537094831,0.0021000029519200325,0.0005378585192374885,0.0005097800167277455,0.00051398656796664,7.373175321845338e-05,0.0009156822132354136,0
CGTRNA_RS10960,CGTRNA_RS10965,1,0.9804841876029968,0.9429714679718018,0.935325026512146,0.9438005685806274,0.8486536741256714,0.9572961330413818,0.9618305563926697,0.9283770322799683,0.9387914538383484,0.9564753770828247,0.9394005477428437,1
CGTRNA_RS10965,CGTRNA_RS10970,1,0.822086751461029,0.9549527764320374,0.9139976501464844,0.9196863174438477,0.9197490215301514,0.8972045183181763,0.9787827730178833,0.8452150225639343,0.9502904415130615,0.8611895442008972,0.9063154816627502,1
CGTRNA_RS11045,CGTRNA_RS11050,1,0.7810823917388916,0.9226483106613159,0.9241350293159485,0.8610957860946655,0.7882093191146851,0.8493087887763977,0.9517059922218323,0.8299547433853149,0.9387699365615845,0.9342278838157654,0.8781138181686401,1
CGTRNA_RS11050,CGTRNA_RS11055,1,0.9778065085411072,0.9397122859954834,0.9384650588035583,0.9790027141571045,0.9288291931152344,0.9771680235862732,0.9471719861030579,0.9406648874282837,0.9830396771430969,0.9189713597297668,0.9530831694602966,1
CGTRNA_RS11055,CGTRNA_RS11080,0,0.0003842698934022337,0.0031600838992744684,0.002214971696957946,0.0007558405632153153,0.0009059112635441124,0.003934272564947605,0.0005216096178628504,0.0007569945883005857,0.0005280075711198151,9.118695743381977e-05,0.0013253148616058752,0
CGTRNA_RS11080,CGTRNA_RS11085,1,0.9243567585945129,0.9011647701263428,0.9373565912246704,0.8825303316116333,0.9217353463172913,0.9059117436408997,0.8826661109924316,0.7064836025238037,0.9274048805236816,0.7411105632781982,0.8730720698833465,1
CGTRNA_RS11085,CGTRNA_RS11095,0,0.018420185893774033,0.015229171141982079,0.01962677389383316,0.013805014081299305,0.028426695615053177,0.05948561429977417,0.014516733586788177,0.009963776916265488,0.03591201826930046,0.005330925341695547,0.022071690903976558,0
CGTRNA_RS11095,CGTRNA_RS11105,0,0.7658787965774536,0.5726265907287598,0.5536195039749146,0.5802147388458252,0.679105818271637,0.6464893221855164,0.6083105206489563,0.39513248205184937,0.5356521010398865,0.7533740401268005,0.6090403914451599,1
CGTRNA_RS11120,CGTRNA_RS11125,1,0.8050774931907654,0.9638814330101013,0.9250907301902771,0.9481692910194397,0.9396933317184448,0.9529284238815308,0.9505183696746826,0.9217585921287537,0.9437898993492126,0.9452681541442871,0.9296175718307496,1
CGTRNA_RS11125,CGTRNA_RS11135,0,0.0063010589219629765,0.006345388945192099,0.0012551610125228763,0.006682698614895344,0.005262614227831364,0.010578326880931854,0.011893237009644508,0.000982829718850553,0.010237681679427624,0.004911521449685097,0.006445051846094429,0
CGTRNA_RS11135,CGTRNA_RS11140,1,0.9558055400848389,0.9130700826644897,0.9100105166435242,0.8772091865539551,0.7690083384513855,0.9178904891014099,0.9233925342559814,0.8558528423309326,0.8521209955215454,0.873158872127533,0.8847519397735596,1
CGTRNA_RS11140,CGTRNA_RS11165,0,0.0002014631318161264,0.0009455546969547868,0.00046818237751722336,0.00021345260029193014,0.0008707708911970258,0.002132141962647438,0.0006992578855715692,0.0006364901782944798,0.0011840149527415633,0.0002765583631116897,0.0007627887040143833,0
CGTRNA_RS11165,CGTRNA_RS11185,0,0.0011600515572354198,0.0007272838265635073,0.00042537719127722085,0.0004285474424250424,0.003300368320196867,0.008572430349886417,0.0010934341698884964,0.0018517052521929145,0.004553947597742081,0.0004529300786089152,0.002256607578601688,0
CGTRNA_RS11185,CGTRNA_RS11190,1,0.840815007686615,0.9096585512161255,0.8831767439842224,0.9651740193367004,0.8503485918045044,0.9093135595321655,0.908595860004425,0.8762850761413574,0.8977593183517456,0.9041004180908203,0.8945227146148682,1
CGTRNA_RS11190,CGTRNA_RS11195,1,0.8109608292579651,0.5178571939468384,0.8960959911346436,0.5379883050918579,0.7525755167007446,0.7576534152030945,0.7616003155708313,0.6381562948226929,0.5904619097709656,0.9029654860496521,0.7166315257549286,1
CGTRNA_RS11195,CGTRNA_RS11255,0,8.33754165796563e-05,0.0002679940953385085,0.00010475882299942896,6.986750668147579e-05,0.000672840338665992,0.0023579495027661324,0.00014092313358560205,0.00016916623280849308,0.0005737768369726837,2.7761336241383106e-05,0.0004468413222639356,0
CGTRNA_RS11255,CGTRNA_RS11275,0,0.0006301127723418176,0.003245788160711527,0.0009476605919189751,0.00019199744565412402,0.0013553325552493334,0.0032291444949805737,0.001934202155098319,0.0024029125925153494,0.0027769976295530796,8.737892494536936e-05,0.0016801527322968467,0
CGTRNA_RS11275,CGTRNA_RS11280,1,0.9737714529037476,0.910798966884613,0.9162660837173462,0.9733901619911194,0.8614464998245239,0.9408261775970459,0.9626343846321106,0.8847876787185669,0.9430981874465942,0.9363260865211487,0.9303345680236816,1
CGTRNA_RS11280,CGTRNA_RS11295,0,0.005188826937228441,0.008731314912438393,0.008671156130731106,0.002223806921392679,0.013015123084187508,0.028247809037566185,0.005110900849103928,0.009410019963979721,0.011468921788036823,0.002161616226658225,0.0094229495851323,0
CGTRNA_RS11295,CGTRNA_RS11300,1,0.8427411913871765,0.7625516057014465,0.7868536114692688,0.5052790641784668,0.8451030850410461,0.831558883190155,0.6343836784362793,0.7090498805046082,0.861571192741394,0.6973406672477722,0.7476432859897614,1
CGTRNA_RS11300,CGTRNA_RS11305,1,0.9736346006393433,0.951178252696991,0.9459791779518127,0.9305737614631653,0.8373022675514221,0.9425780177116394,0.9401978850364685,0.8853952884674072,0.9406114220619202,0.9039746522903442,0.9251425325870514,1
CGTRNA_RS11305,CGTRNA_RS11330,0,0.002454006113111973,0.011116228066384792,0.022201504558324814,0.0005444156704470515,0.005157578270882368,0.0056435647420585155,0.008779142051935196,0.005258604418486357,0.0018504286417737603,0.0011487408773973584,0.006415421341080219,0
CGTRNA_RS11330,CGTRNA_RS11335,1,0.9750609397888184,0.9619202613830566,0.9402384757995605,0.9668747782707214,0.9209489226341248,0.9460862278938293,0.9691885709762573,0.9210402965545654,0.9630464315414429,0.9100072383880615,0.9474412143230438,1
CGTRNA_RS11335,CGTRNA_RS11340,1,0.8411616683006287,0.8072419166564941,0.8276434540748596,0.9155812859535217,0.7547338604927063,0.891656756401062,0.899465799331665,0.7347497940063477,0.9190671443939209,0.8832995295524597,0.8474601209163666,1
CGTRNA_RS11340,CGTRNA_RS11365,0,0.000281367712887004,0.0004804337222594768,0.0001357832516077906,0.00021705072140321136,0.00033170811366289854,0.001938046421855688,0.0002037002850556746,0.0002073470241157338,0.00107723125256598,5.7146924518747255e-05,0.0004929815429932205,0
CGTRNA_RS11365,CGTRNA_RS11385,0,0.002419429598376155,0.012543503195047379,0.0029864574316889048,0.0011343468213453889,0.0026937962975353003,0.005826252978295088,0.01018918864428997,0.004484832286834717,0.008974726311862469,0.0019524929812178016,0.005320502654649317,0
CGTRNA_RS11385,CGTRNA_RS11390,1,0.9524676203727722,0.8972269296646118,0.8787121772766113,0.919839084148407,0.687136173248291,0.8986558318138123,0.9111056327819824,0.8384956121444702,0.8112736940383911,0.8817123770713806,0.867662513256073,1
CGTRNA_RS11390,CGTRNA_RS11395,1,0.9695839285850525,0.9394349455833435,0.9299050569534302,0.93430495262146,0.7704662084579468,0.9340700507164001,0.8751668334007263,0.8767992854118347,0.8434104323387146,0.9044432044029236,0.8977584898471832,1
CGTRNA_RS11395,CGTRNA_RS11400,1,0.9418757557868958,0.8388911485671997,0.8289051651954651,0.7481047511100769,0.6541718244552612,0.8110501170158386,0.7312139272689819,0.7610450983047485,0.7941093444824219,0.6864549517631531,0.7795822083950043,1
CGTRNA_RS11400,CGTRNA_RS11410,0,0.029401231557130814,0.028922395780682564,0.02349613606929779,0.03116215206682682,0.04012250900268555,0.06511946767568588,0.05221061035990715,0.017896873876452446,0.06595426797866821,0.0043595475144684315,0.035864519188180566,0
CGTRNA_RS11410,CGTRNA_RS11415,0,0.32868337631225586,0.24969510734081268,0.6675256490707397,0.04722189903259277,0.19312864542007446,0.28676414489746094,0.3788019120693207,0.11975264549255371,0.15033642947673798,0.33916541934013367,0.27610752284526824,0
CGTRNA_RS11415,CGTRNA_RS11425,0,0.003889043815433979,0.01606963761150837,0.011400740593671799,0.002678810153156519,0.014161665923893452,0.015055188909173012,0.011902251280844212,0.008156533353030682,0.012931423261761665,0.0016680506523698568,0.009791334555484355,0
CGTRNA_RS11425,CGTRNA_RS11435,0,0.0027500493451952934,0.002885412657633424,0.0010659816907718778,0.01170499436557293,0.004494509659707546,0.020321520045399666,0.0029108934104442596,0.0022655483335256577,0.005972308572381735,0.00195589242503047,0.005632711050566286,0
CGTRNA_RS11435,CGTRNA_RS11440,0,0.1388923078775406,0.03771188110113144,0.048344116657972336,0.025904936715960503,0.0989929735660553,0.30428585410118103,0.03921235352754593,0.05315688997507095,0.28783437609672546,0.07206926494836807,0.11064049545675517,0
CGTRNA_RS11440,CGTRNA_RS11450,0,0.14794743061065674,0.0481814481317997,0.016059627756476402,0.008210472762584686,0.312107652425766,0.22765515744686127,0.08887417614459991,0.04600017890334129,0.2638773024082184,0.023736393079161644,0.1182649839669466,0
CGTRNA_RS11450,CGTRNA_RS11460,0,0.009963667951524258,0.018630869686603546,0.005299677141010761,0.011695777997374535,0.01144135557115078,0.02931629866361618,0.00883339624851942,0.006588466931134462,0.01066169049590826,0.0029700580053031445,0.011540125869214535,0
CGTRNA_RS11460,CGTRNA_RS11465,1,0.8716650605201721,0.9057630300521851,0.8983904123306274,0.9464446306228638,0.880385160446167,0.9289224147796631,0.9678216576576233,0.8433508276939392,0.910607099533081,0.9001058340072632,0.9053456127643585,1
CGTRNA_RS11465,CGTRNA_RS11470,0,0.583210289478302,0.427894651889801,0.13438205420970917,0.22634480893611908,0.6002278923988342,0.6568018794059753,0.2820459008216858,0.42396482825279236,0.4843559265136719,0.49910736083984375,0.4318335592746735,0
CGTRNA_RS11470,CGTRNA_RS11495,0,0.0005855209310539067,0.006496936548501253,0.0033396228682249784,0.0022851242683827877,0.0019036849262192845,0.003227564273402095,0.01502201333642006,0.0011425312841311097,0.000458595430245623,9.455670806346461e-05,0.0034556150574644564,0
CGTRNA_RS11495,CGTRNA_RS11500,1,0.468730092048645,0.49659574031829834,0.6670538783073425,0.8712744116783142,0.6346738934516907,0.563226044178009,0.5319225788116455,0.3756886124610901,0.43436509370803833,0.7883002758026123,0.5831830620765686,1
CGTRNA_RS11500,CGTRNA_RS11575,0,4.5131833758205175e-05,0.0007485371315851808,0.0003843895683530718,6.28202105872333e-05,0.0005743787623941898,0.001574153546243906,0.00039032005588524044,0.0002326420071767643,0.0005337675684131682,2.70962409558706e-05,0.00045732369253528307,0
CGTRNA_RS11610,CGTRNA_RS11630,0,0.002014871221035719,0.002032951219007373,0.004712233319878578,0.00452148774638772,0.013458377681672573,0.01969464309513569,0.0035155336372554302,0.0036600655876100063,0.004139239899814129,0.0008405533153563738,0.005858995672315359,0
CGTRNA_RS11630,CGTRNA_RS11645,0,0.0012018793495371938,0.002644121181219816,0.003990844823420048,0.0010426631197333336,0.002261714544147253,0.00874587707221508,0.0015743724070489407,0.0017260481836274266,0.0017113611102104187,0.00043183733941987157,0.0025330719130579383,0
CGTRNA_RS11645,CGTRNA_RS11675,0,0.0003743410634342581,0.0004901312640868127,0.0004943819949403405,0.00017629643843974918,0.0011524009751155972,0.004670371301472187,0.0009561731712892652,0.00018644181545823812,0.0009709769510664046,0.00010439414472784847,0.0009575909120030701,0
CGTRNA_RS11675,CGTRNA_RS11690,0,0.004685312509536743,0.0030497610569000244,0.002586450893431902,0.015686234459280968,0.007331016007810831,0.024486610665917397,0.00494854710996151,0.006431039422750473,0.011319868266582489,0.004109978210180998,0.008463481860235333,0
CGTRNA_RS11690,CGTRNA_RS11700,0,0.07115712016820908,0.027516765519976616,0.021548258140683174,0.013560873456299305,0.021330056712031364,0.07706014811992645,0.010974627919495106,0.01911323331296444,0.03573429957032204,0.007585205137729645,0.030558058805763722,0
CGTRNA_RS11700,CGTRNA_RS11705,0,0.9576159119606018,0.921183168888092,0.8814513683319092,0.9126752018928528,0.8759179711341858,0.8995857834815979,0.8490263223648071,0.9486427903175354,0.907120943069458,0.9181272983551025,0.9071346759796143,1
CGTRNA_RS11705,CGTRNA_RS11710,1,0.9725057482719421,0.9633966684341431,0.9465124607086182,0.9579213261604309,0.8580939173698425,0.9310136437416077,0.948046863079071,0.9025440812110901,0.8940480947494507,0.9224977493286133,0.929658055305481,1
CGTRNA_RS11710,CGTRNA_RS11725,0,0.0049672252498567104,0.0050805737264454365,0.017706725746393204,0.014087020419538021,0.06072860583662987,0.04406897351145744,0.019455648958683014,0.01829344779253006,0.010341456159949303,0.007160998415201902,0.020189067581668496,0
CGTRNA_RS11725,CGTRNA_RS11740,0,0.004578564781695604,0.0072049363516271114,0.03760944679379463,0.019415035843849182,0.00967103336006403,0.012400252744555473,0.002920575439929962,0.006188123021274805,0.014952023513615131,0.0047517078928649426,0.011969169974327088,0
CGTRNA_RS11740,CGTRNA_RS11745,1,0.9679951667785645,0.9312251210212708,0.9616716504096985,0.9680116772651672,0.9158258438110352,0.956648051738739,0.9618464112281799,0.9361487627029419,0.9662556052207947,0.94124436378479,0.9506872653961181,1
CGTRNA_RS11745,CGTRNA_RS11750,1,0.9797430038452148,0.9767942428588867,0.9665499925613403,0.9656178951263428,0.9029880166053772,0.9420379996299744,0.9388756155967712,0.9489464163780212,0.9163148403167725,0.9695451855659485,0.950741320848465,1
CGTRNA_RS11750,CGTRNA_RS11755,0,0.9811105728149414,0.9601346254348755,0.9432632923126221,0.9799588322639465,0.9342931509017944,0.951432466506958,0.9850520491600037,0.968204140663147,0.9700011610984802,0.9575269818305969,0.9630977272987366,1
CGTRNA_RS11815,CGTRNA_RS11820,0,0.9505831599235535,0.8453392386436462,0.7747965455055237,0.7555205225944519,0.8785508275032043,0.8683788776397705,0.9035972952842712,0.6857840418815613,0.8530892133712769,0.7868225574493408,0.8302462279796601,1
CGTRNA_RS11820,CGTRNA_RS11825,0,0.8520269989967346,0.8925965428352356,0.8820552825927734,0.9382165670394897,0.7972845435142517,0.8822384476661682,0.9352774024009705,0.878075122833252,0.9402037262916565,0.8225445747375488,0.8820519208908081,1
CGTRNA_RS11825,CGTRNA_RS11830,0,0.7571630477905273,0.8343080282211304,0.6489876508712769,0.42372894287109375,0.7789536714553833,0.7699255347251892,0.597897469997406,0.5410571694374084,0.7400721311569214,0.6312981247901917,0.6723391771316528,1
CGTRNA_RS11830,CGTRNA_RS11855,0,0.00024981776368804276,0.0009185371454805136,0.00024035098613239825,0.000849347619805485,0.002696817507967353,0.005952587351202965,0.00039768803981132805,0.00045239500468596816,0.0010592145845293999,0.00036862073466181755,0.001318537673796527,0
CGTRNA_RS11855,CGTRNA_RS11860,0,0.9660874605178833,0.8924343585968018,0.8889325261116028,0.8657726049423218,0.8071295022964478,0.9441633224487305,0.8425158262252808,0.8739983439445496,0.9443852305412292,0.8997418880462646,0.8925161063671112,1
CGTRNA_RS11860,CGTRNA_RS11865,0,0.9741766452789307,0.9137145280838013,0.8672098517417908,0.9308594465255737,0.8284592032432556,0.9536969661712646,0.8853374719619751,0.8707705140113831,0.867243230342865,0.8934640288352966,0.8984931886196137,1
CGTRNA_RS11865,CGTRNA_RS11875,0,0.013871981762349606,0.01569816656410694,0.046822402626276016,0.006986097898334265,0.021920304745435715,0.031878769397735596,0.02865036576986313,0.03222481906414032,0.011469537392258644,0.010667245835065842,0.022018969105556608,0
CGTRNA_RS11875,CGTRNA_RS11895,0,0.004600070882588625,0.009648029692471027,0.0033065681345760822,0.000563309877179563,0.002901675645262003,0.010622692294418812,0.006078790407627821,0.003174716606736183,0.0035150907933712006,0.0005709281540475786,0.0044981872488278896,0
CGTRNA_RS11895,CGTRNA_RS11915,0,0.003155600279569626,0.010166754014790058,0.005379377864301205,0.0020183452870696783,0.00491246348246932,0.011630291119217873,0.024184919893741608,0.0035800982732325792,0.005820917431265116,0.0009766466682776809,0.0071825414313934745,0
CGTRNA_RS11915,CGTRNA_RS11920,0,0.3999679386615753,0.18418066203594208,0.35260462760925293,0.05681062489748001,0.2014400213956833,0.39978110790252686,0.29001522064208984,0.1561015099287033,0.24915899336338043,0.20556987822055817,0.24956305846571922,0
CGTRNA_RS11920,CGTRNA_RS11930,0,0.007542157545685768,0.005728024523705244,0.011475779116153717,0.015771135687828064,0.017075369134545326,0.03292001411318779,0.015143589116632938,0.00938656646758318,0.017688609659671783,0.003975610248744488,0.01367068556137383,0
CGTRNA_RS11985,CGTRNA_RS11990,1,0.8730807900428772,0.9701812267303467,0.9650372862815857,0.9325186014175415,0.9059370160102844,0.9055253267288208,0.9642958045005798,0.8815231919288635,0.8839535117149353,0.8655702471733093,0.9147623002529144,1
CGTRNA_RS11990,CGTRNA_RS11995,0,0.424728661775589,0.2610747516155243,0.6939364671707153,0.073081374168396,0.31203943490982056,0.3179163336753845,0.296141117811203,0.23908598721027374,0.2677471935749054,0.16418202221393585,0.30499333441257476,0
CGTRNA_RS11995,CGTRNA_RS12000,0,0.3502444624900818,0.31735295057296753,0.3092528283596039,0.18419599533081055,0.25952523946762085,0.3251533508300781,0.332119345664978,0.23039422929286957,0.22141790390014648,0.2088697850704193,0.2738526090979576,0
CGTRNA_RS12000,CGTRNA_RS12010,0,0.018969712778925896,0.030567534267902374,0.02671639993786812,0.0038393361028283834,0.028772588819265366,0.07247783988714218,0.0791100487112999,0.04094390943646431,0.07367689162492752,0.011455507017672062,0.03865297685842961,0
CGTRNA_RS12010,CGTRNA_RS12025,0,0.0045922002755105495,0.0023052075412124395,0.0012940538581460714,0.0031899637542665005,0.002706634346395731,0.01963622309267521,0.003158562583848834,0.0013788515934720635,0.009198195300996304,0.0004810128884855658,0.004794090523500927,0
CGTRNA_RS12025,CGTRNA_RS12030,1,0.9012389183044434,0.9757112860679626,0.9656402468681335,0.9757276177406311,0.9305329322814941,0.9602528214454651,0.9762148857116699,0.922321617603302,0.9518052339553833,0.9557151794433594,0.9515160739421844,1
CGTRNA_RS12125,CGTRNA_RS12145,0,0.0019453557906672359,0.0033151409588754177,0.005362602416425943,0.0007715501706115901,0.00412902794778347,0.0110774552449584,0.00507819140329957,0.0028718546964228153,0.0061739967204630375,0.0008261946495622396,0.004155136999906972,0
CGTRNA_RS12145,CGTRNA_RS12155,0,0.011837203055620193,0.017480770125985146,0.01718834415078163,0.017817528918385506,0.014818201772868633,0.030418291687965393,0.032903481274843216,0.010007994249463081,0.010038673877716064,0.007453558966517448,0.01699640480801463,0
CGTRNA_RS12155,CGTRNA_RS12160,1,0.7242918610572815,0.8287920951843262,0.8331382274627686,0.8551268577575684,0.7785682678222656,0.7928956747055054,0.7871894240379333,0.7633985280990601,0.8268499970436096,0.846738338470459,0.8036989271640778,1
CGTRNA_RS12160,CGTRNA_RS12165,1,0.9850903153419495,0.9614512324333191,0.9750183820724487,0.977362871170044,0.924980103969574,0.964020848274231,0.9921883344650269,0.9574500918388367,0.9615325927734375,0.955269992351532,0.96543647646904,1
CGTRNA_RS12190,CGTRNA_RS12205,0,0.002828489290550351,0.004336156416684389,0.0012155447620898485,0.03662383183836937,0.013478239998221397,0.017342332750558853,0.004357468336820602,0.0017423731042072177,0.009466288611292839,0.0016298092668876052,0.009302053437568247,0
CGTRNA_RS12225,CGTRNA_RS12230,0,0.4717490077018738,0.6181491613388062,0.3103127181529999,0.4840173125267029,0.6938416361808777,0.6526756286621094,0.5866280198097229,0.5025945901870728,0.6471948623657227,0.5945776104927063,0.5561740547418594,1
CGTRNA_RS12230,CGTRNA_RS12235,0,0.3221592903137207,0.36490312218666077,0.28426098823547363,0.5125175714492798,0.3521135449409485,0.3756773769855499,0.14760515093803406,0.15695291757583618,0.6251146793365479,0.4254050850868225,0.3566709727048874,0
CGTRNA_RS12235,CGTRNA_RS12240,0,0.6844356060028076,0.795478343963623,0.7131497263908386,0.8060923218727112,0.6881142854690552,0.7549770474433899,0.7870634198188782,0.5585469007492065,0.7200394868850708,0.5908332467079163,0.7098730385303498,1
CGTRNA_RS12240,CGTRNA_RS12245,0,0.48758557438850403,0.31576958298683167,0.2998524308204651,0.4534706175327301,0.7126702666282654,0.7662797570228577,0.182073175907135,0.5143086314201355,0.7996070384979248,0.3920798897743225,0.4923696964979172,0
CGTRNA_RS12260,CGTRNA_RS12275,0,0.0005606950144283473,0.001222242251969874,0.0002783858508337289,0.00018347083823755383,0.001206139218993485,0.005509438458830118,0.0008615677361376584,0.0008230837993323803,0.004094463773071766,0.0002342796215089038,0.0014973766563343815,0
CGTRNA_RS12275,CGTRNA_RS12300,0,5.3261916036717594e-05,0.0001798101293388754,0.00010848419333342463,0.00018323482072446495,0.0005352527368813753,0.0018873349763453007,0.00010258959082420915,9.147995297098532e-05,0.0005550208734348416,3.431414006627165e-05,0.0003730783329956466,0
CGTRNA_RS12300,CGTRNA_RS12310,0,0.037432145327329636,0.051562387496232986,0.034272100776433945,0.016118261963129044,0.028260547667741776,0.06879495084285736,0.05043355002999306,0.028977880254387856,0.07995249330997467,0.012872470542788506,0.040867678821086884,0
CGTRNA_RS12310,CGTRNA_RS12315,1,0.9401594400405884,0.9411250352859497,0.9616621136665344,0.9550999999046326,0.8968313336372375,0.9574086666107178,0.9495469331741333,0.9305028319358826,0.9488672614097595,0.9883714318275452,0.9469575047492981,1
CGTRNA_RS12315,CGTRNA_RS12370,0,6.532663246616721e-05,0.0003687409625854343,0.0001224617735715583,4.739956420962699e-05,0.0005774642340838909,0.0012043655151501298,0.0002228031080449,0.0001597176305949688,0.0004815372813027352,5.1964256272185594e-05,0.00033017809582815973,0
CGTRNA_RS12410,CGTRNA_RS12440,0,0.00027739626239053905,0.0020607891492545605,0.0008052046177908778,0.0002639412123244256,0.0013248849427327514,0.0011903380509465933,0.00011115294182673097,0.0004831397673115134,0.0006786536541767418,6.247037526918575e-05,0.000725797097402392,0
CGTRNA_RS12440,CGTRNA_RS12445,0,0.1855696588754654,0.07859302312135696,0.2051296830177307,0.019130317494273186,0.07500390708446503,0.20294000208377838,0.09947410225868225,0.08159687370061874,0.09770020097494125,0.06160420924425125,0.11067419778555632,0
CGTRNA_RS12445,CGTRNA_RS12480,0,0.00014245632337406278,0.0005643190816044807,0.00036572228418663144,8.339473424712196e-05,0.001522668870165944,0.003036348382011056,0.00043186076800338924,0.0007960002403706312,0.0016028890386223793,7.541126251453534e-05,0.0008621070985100232,0
CGTRNA_RS12480,CGTRNA_RS12500,0,0.00624766806140542,0.0037077581509947777,0.0020214153919368982,0.0031745685264468193,0.007818137295544147,0.013487055897712708,0.002428109059110284,0.0037049499806016684,0.007628779858350754,0.0009392178617417812,0.005115766008384526,0
CGTRNA_RS12500,CGTRNA_RS12505,1,0.9792858362197876,0.9598075151443481,0.9487156271934509,0.974554717540741,0.9126946926116943,0.9500170946121216,0.9624693393707275,0.9436187148094177,0.9615967869758606,0.9619204998016357,0.9554680824279785,1
CGTRNA_RS12505,CGTRNA_RS12525,0,0.00033514370443299413,0.0008237687288783491,0.0007678626570850611,0.0003057585272472352,0.0022337280679494143,0.0051842061802744865,0.0005853058537468314,0.0006585163064301014,0.0009700273512862623,0.0002835011691786349,0.001214781854650937,0
CGTRNA_RS12525,CGTRNA_RS12530,1,0.9816545844078064,0.9473484754562378,0.9536401033401489,0.9527861475944519,0.8999267816543579,0.97885662317276,0.9238500595092773,0.950109601020813,0.9773434996604919,0.9610393643379211,0.9526555240154266,1
CGTRNA_RS12530,CGTRNA_RS12535,0,0.9402588605880737,0.8904550075531006,0.8906219005584717,0.8776178956031799,0.851406991481781,0.8858426809310913,0.8681761026382446,0.8557547330856323,0.9210489392280579,0.8790497779846191,0.8860232889652252,1
CGTRNA_RS12535,CGTRNA_RS12540,1,0.9331865310668945,0.9131870269775391,0.9432035684585571,0.9306212663650513,0.8736404180526733,0.9029831886291504,0.966749370098114,0.8743067383766174,0.9273887276649475,0.9024116396903992,0.9167678475379943,1
CGTRNA_RS12540,CGTRNA_RS12545,0,0.23891958594322205,0.26168620586395264,0.24008706212043762,0.08171558380126953,0.2733372449874878,0.34320956468582153,0.12103714048862457,0.3573061227798462,0.3897201418876648,0.18335206806659698,0.24903707206249237,0
CGTRNA_RS12615,CGTRNA_RS12645,0,3.976819061790593e-05,0.00043144909432157874,0.00010354884580010548,7.922283111838624e-05,0.00023053046606946737,0.0008224988705478609,0.0001244172890437767,0.00014479017409030348,0.00037223665276542306,1.9369559595361352e-05,0.00023678319739701693,0
CGTRNA_RS12645,CGTRNA_RS12655,0,0.0011777898762375116,0.0047233873046934605,0.002244279021397233,0.0009175508748739958,0.006292525678873062,0.012557761743664742,0.0030882658902555704,0.004469890147447586,0.00841480027884245,0.0008885242277756333,0.004477477504406124,0
CGTRNA_RS12655,CGTRNA_RS12660,0,0.19434799253940582,0.11348507553339005,0.14135999977588654,0.024007486179471016,0.077972412109375,0.27304089069366455,0.1423412710428238,0.04386325180530548,0.13142623007297516,0.030298015102744102,0.11721426248550415,0
CGTRNA_RS12660,CGTRNA_RS12720,0,4.555242776405066e-05,0.0004353605327196419,8.474911010125652e-05,3.6629549867939204e-05,0.00039635205757804215,0.0011177361011505127,0.00015945620543789119,0.00018956065468955785,0.00046400868450291455,1.7308633687207475e-05,0.0002946713957499014,0
CGTRNA_RS12720,CGTRNA_RS12725,1,0.6325450539588928,0.47425153851509094,0.7330465316772461,0.3926011025905609,0.554688572883606,0.7134379744529724,0.7373637557029724,0.5292080640792847,0.3975086808204651,0.6767920851707458,0.5841443359851837,1
CGTRNA_RS12725,CGTRNA_RS12755,0,0.00047295857802964747,0.0017502735136076808,0.00018464139429852366,0.0003818764816969633,0.0018453405937179923,0.0037384219467639923,0.0012192671420052648,0.0010367409558966756,0.0031139454804360867,0.00014494432252831757,0.0013888410408981144,0
CGTRNA_RS12755,CGTRNA_RS12765,0,0.0030676431488245726,0.0039038138929754496,0.0011192935053259134,0.0024854689836502075,0.00642109289765358,0.021441824734210968,0.005574884358793497,0.0023865941911935806,0.01235387846827507,0.007949932478368282,0.0066704426659271124,0
CGTRNA_RS12765,CGTRNA_RS12775,0,0.002586244372650981,0.017256954684853554,0.0033031566999852657,0.0005741080385632813,0.0051638223230838776,0.011992246843874454,0.015685632824897766,0.007113010622560978,0.00878941360861063,0.001268118736334145,0.007373270875541493,0
CGTRNA_RS12775,CGTRNA_RS12780,0,0.22890743613243103,0.307499498128891,0.3024710416793823,0.5543837547302246,0.4648749530315399,0.3238650858402252,0.283806174993515,0.23718439042568207,0.20259375870227814,0.3499417006969452,0.32555277943611144,0
CGTRNA_RS12780,CGTRNA_RS12805,0,5.4296771850204095e-05,0.0004516906919889152,0.00015947475912980735,6.0434955230448395e-05,0.0004072055162396282,0.0012619254412129521,0.0002461607800796628,0.00022912891290616244,0.0008964616572484374,8.3746257587336e-05,0.0003850525743473554,0
CGTRNA_RS12805,CGTRNA_RS12835,0,0.002671539317816496,0.0019752327352762222,0.0005452943150885403,0.0005867808358743787,0.007646618876606226,0.007705032825469971,0.0003665053518489003,0.0008713352726772428,0.004187344573438168,0.000411450513638556,0.00269671346177347,0
CGTRNA_RS12835,CGTRNA_RS12880,0,9.718924411572516e-05,0.0005686312215402722,0.000305963825667277,7.398121670121327e-05,0.0009673453751020133,0.00334272556938231,0.0004133252950850874,0.00047212664503604174,0.0014847125858068466,4.422173515195027e-05,0.0007770222713588737,0
CGTRNA_RS12880,CGTRNA_RS12895,0,0.0036168363876640797,0.009068142622709274,0.005460773594677448,0.0017743667121976614,0.002291809068992734,0.010473383590579033,0.00490211509168148,0.0035141792614012957,0.002909418661147356,0.001187627320177853,0.004519865231122822,0
CGTRNA_RS12895,CGTRNA_RS12900,0,0.9427101612091064,0.7204458713531494,0.8429923057556152,0.9382001161575317,0.812028169631958,0.8967251777648926,0.7628786563873291,0.8875142335891724,0.8535507917404175,0.8136100769042969,0.847065556049347,1
CGTRNA_RS12900,CGTRNA_RS12930,0,0.00022059374896343797,0.0005609534564428031,0.0001713454257696867,0.0001724488683976233,0.001662333612330258,0.004314660560339689,0.0003515924618113786,0.0004564372939057648,0.0011055292561650276,0.00012536536087282002,0.000914126004499849,0
CGTRNA_RS12930,CGTRNA_RS12935,1,0.9578630328178406,0.9485779404640198,0.8321384191513062,0.9023484587669373,0.7338309288024902,0.9504491090774536,0.8704535961151123,0.8722519278526306,0.9317764639854431,0.9128498435020447,0.8912539720535279,1
CGTRNA_RS12935,CGTRNA_RS12940,0,0.887794017791748,0.8893008232116699,0.8452205657958984,0.75599205493927,0.8212314248085022,0.8821573853492737,0.9491361379623413,0.8861576914787292,0.8900217413902283,0.8836913108825684,0.869070315361023,1
CGTRNA_RS12940,CGTRNA_RS12965,0,0.00018340646056458354,0.0014370338758453727,0.003695025807246566,0.0005521209677681327,0.0032189786434173584,0.0066279517486691475,0.0025556632317602634,0.0016388031654059887,0.0022963164374232292,0.00021603962522931397,0.0022421339963329956,0
CGTRNA_RS12965,CGTRNA_RS12980,0,0.0016224326100200415,0.001593665569089353,0.0030847874004393816,0.002808926859870553,0.00354568287730217,0.014726468361914158,0.001768323127180338,0.001964820548892021,0.0034581772051751614,0.0015376500086858869,0.0036110934568569066,0
CGTRNA_RS12980,CGTRNA_RS12990,0,0.10579589009284973,0.14852681756019592,0.10513437539339066,0.10015101730823517,0.10070539265871048,0.12770137190818787,0.011264150962233543,0.059898849576711655,0.11374780535697937,0.03410705178976059,0.0907032722607255,0
CGTRNA_RS12990,CGTRNA_RS12995,1,0.6368661522865295,0.7344719171524048,0.6639296412467957,0.7364395260810852,0.7326306700706482,0.712594747543335,0.7864876389503479,0.6548998355865479,0.6099280714988708,0.817647397518158,0.7085895597934723,1
CGTRNA_RS12995,CGTRNA_RS13000,1,0.9867210388183594,0.9343865513801575,0.9815400242805481,0.9842879176139832,0.9390127658843994,0.963779866695404,0.9822174906730652,0.9220700860023499,0.9681176543235779,0.9577363729476929,0.9619869768619538,1
CGTRNA_RS13000,CGTRNA_RS13005,1,0.9607284069061279,0.9166039228439331,0.8925973773002625,0.9139498472213745,0.7739530801773071,0.8984768986701965,0.9298286437988281,0.885582685470581,0.8758795261383057,0.8963834643363953,0.8943983852863312,1
CGTRNA_RS13005,CGTRNA_RS13010,1,0.6376590728759766,0.6329324245452881,0.7189110517501831,0.6815744638442993,0.6370839476585388,0.5351266860961914,0.5922868251800537,0.62163907289505,0.6893242597579956,0.7383415102958679,0.6484879314899444,1
CGTRNA_RS13010,CGTRNA_RS13020,0,0.05108146741986275,0.017165476456284523,0.004506185185164213,0.005274769384413958,0.0330682136118412,0.056065212935209274,0.005294234957545996,0.012189503759145737,0.03397318348288536,0.002413857961073518,0.022103210515342652,0
CGTRNA_RS13105,CGTRNA_RS13110,0,0.981465220451355,0.9776620864868164,0.9534027576446533,0.9738031625747681,0.921355128288269,0.9635137319564819,0.9469347596168518,0.9573152661323547,0.9684869050979614,0.9716580510139465,0.9615597069263458,1
CGTRNA_RS13110,CGTRNA_RS13115,0,0.8828631043434143,0.8275006413459778,0.8457263112068176,0.7415875792503357,0.8660854697227478,0.9275303483009338,0.8971042633056641,0.771636962890625,0.9131149053573608,0.8201805353164673,0.8493330121040344,1
CGTRNA_RS13115,CGTRNA_RS13130,0,0.010965553112328053,0.013708638027310371,0.01758531667292118,0.007165060844272375,0.04403622820973396,0.07069434970617294,0.07369589805603027,0.04151710867881775,0.03656204044818878,0.015919234603643417,0.03318494283594191,0
CGTRNA_RS13130,CGTRNA_RS13135,0,0.5662596821784973,0.48060718178749084,0.527760922908783,0.34574341773986816,0.5499529838562012,0.7083523273468018,0.40845972299575806,0.31505730748176575,0.6030929684638977,0.6030882000923157,0.5108374714851379,1
CGTRNA_RS13135,CGTRNA_RS13140,1,0.9625133872032166,0.9496597647666931,0.9304990768432617,0.889845609664917,0.7871037125587463,0.9414892792701721,0.8692434430122375,0.8825170993804932,0.8386536240577698,0.9052733182907104,0.8956798315048218,1
CGTRNA_RS13140,CGTRNA_RS13145,1,0.9560872912406921,0.9464737176895142,0.9054114818572998,0.9094716310501099,0.7466869354248047,0.9443286061286926,0.9232110381126404,0.8730170130729675,0.8363398909568787,0.8813216090202332,0.8922349214553833,1
CGTRNA_RS13145,CGTRNA_RS13155,0,0.031797170639038086,0.01112390123307705,0.020588545128703117,0.0036221742630004883,0.02346080169081688,0.06662419438362122,0.01966104842722416,0.01029025949537754,0.06578359752893448,0.0030614337883889675,0.025601312657818197,0
CGTRNA_RS13155,CGTRNA_RS13180,0,0.0005462217959575355,0.0007696922984905541,0.00018078574794344604,0.0004297223058529198,0.005261893384158611,0.00898213405162096,0.000795266474597156,0.0024986821226775646,0.003001596312969923,0.0004683912848122418,0.0022934385779080912,0
CGTRNA_RS13180,CGTRNA_RS13185,1,0.9398659467697144,0.8942369818687439,0.9032825231552124,0.902221143245697,0.6369335651397705,0.9026716351509094,0.9044049382209778,0.7956026196479797,0.7223836779594421,0.8422389626502991,0.8443841993808746,1
CGTRNA_RS13185,CGTRNA_RS13190,0,0.3478237986564636,0.4283730089664459,0.35131725668907166,0.2826673984527588,0.4734247028827667,0.483184278011322,0.4980536103248596,0.3798944056034088,0.34479114413261414,0.5514877438545227,0.4141017347574234,0
CGTRNA_RS13190,CGTRNA_RS13195,0,0.5677253007888794,0.27567052841186523,0.6196842789649963,0.07225111871957779,0.41852685809135437,0.5353564023971558,0.30877402424812317,0.16768479347229004,0.27361229062080383,0.3140486478805542,0.35533342435956,0
CGTRNA_RS13195,CGTRNA_RS13200,1,0.9600643515586853,0.9392882585525513,0.9605008363723755,0.9704018235206604,0.916839063167572,0.9536954760551453,0.9547282457351685,0.9369662404060364,0.9590542912483215,0.9046617746353149,0.9456200361251831,1
CGTRNA_RS13200,CGTRNA_RS13220,0,0.0002943738945759833,0.0011471983743831515,0.000610065006185323,0.0002808528661262244,0.0025322819128632545,0.004386533051729202,0.0011586854234337807,0.0006160599295981228,0.0017181293806061149,0.00013923109509050846,0.0012883410934591665,0
CGTRNA_RS13220,CGTRNA_RS13225,0,0.9413440823554993,0.8749630451202393,0.8325027823448181,0.936460554599762,0.8619561195373535,0.9026164412498474,0.7357810139656067,0.8032044768333435,0.9142068028450012,0.8565601706504822,0.8659595489501953,1
CGTRNA_RS13225,CGTRNA_RS13230,0,0.12901271879673004,0.10991034656763077,0.07090963423252106,0.05411308631300926,0.13564245402812958,0.21739284694194794,0.0569128692150116,0.18693579733371735,0.14249134063720703,0.06511455029249191,0.11684356443583965,0
CGTRNA_RS13230,CGTRNA_RS13235,0,0.07535867393016815,0.027265269309282303,0.06863051652908325,0.0034706261940300465,0.016907183453440666,0.0554010272026062,0.04649578407406807,0.0328853540122509,0.020371494814753532,0.03716585412621498,0.03839517836458981,0
CGTRNA_RS13235,CGTRNA_RS13250,0,0.00039887396269477904,0.0008009292650967836,0.0002063036517938599,0.0003646237892098725,0.0017955583753064275,0.004958385601639748,0.0007974400650709867,0.0005965420277789235,0.0013390495441854,0.00028518002363853157,0.0011542886306415312,0
CGTRNA_RS13250,CGTRNA_RS13255,0,0.4822031557559967,0.1945590227842331,0.4292031526565552,0.47092071175575256,0.3402850031852722,0.4443812966346741,0.19497878849506378,0.1456141173839569,0.35882601141929626,0.29687395691871643,0.33578452169895173,0
CGTRNA_RS13255,CGTRNA_RS13260,1,0.9595343470573425,0.9160745739936829,0.9361372590065002,0.9794906973838806,0.8779170513153076,0.8792644143104553,0.9408535361289978,0.740472674369812,0.9186450242996216,0.8754940629005432,0.9023883640766144,1
CGTRNA_RS13260,CGTRNA_RS13265,0,0.34306734800338745,0.2765043377876282,0.22611315548419952,0.09091204404830933,0.26081639528274536,0.40382465720176697,0.4214329719543457,0.1399432271718979,0.3099217116832733,0.11796458810567856,0.2590500436723232,0
CGTRNA_RS13265,CGTRNA_RS13270,1,0.9357655644416809,0.94354647397995,0.8829290866851807,0.9107415080070496,0.9152271151542664,0.9243948459625244,0.975772500038147,0.9114917516708374,0.8681246042251587,0.923373281955719,0.9191366732120514,1
CGTRNA_RS13270,CGTRNA_RS13275,1,0.9140627980232239,0.8617867231369019,0.8734157681465149,0.8328825831413269,0.7169914245605469,0.8540347814559937,0.9531095623970032,0.6140952110290527,0.6236401200294495,0.8270847201347351,0.8071103692054749,1
CGTRNA_RS13275,CGTRNA_RS13355,0,6.424751336453483e-05,0.00024065689649432898,0.0001578776427777484,3.071701212320477e-05,0.0004027489048894495,0.0010676545789465308,6.657917401753366e-05,0.0001189874965348281,0.0004026018432341516,1.7273197954637e-05,0.00025693442603369476,0
CGTRNA_RS13355,CGTRNA_RS13400,0,0.00011736592568922788,0.0008379231439903378,0.0001776511053321883,3.673382889246568e-05,0.00045038299867883325,0.0009384458535350859,0.00013386987848207355,0.00016950398276094347,0.0009317842195741832,2.6549063477432355e-05,0.00038202100004127717,0
CGTRNA_RS13400,CGTRNA_RS13405,0,0.04195063188672066,0.03364795446395874,0.020793195813894272,0.00379151850938797,0.014679797925055027,0.0824710801243782,0.01981591247022152,0.029898999258875847,0.040573228150606155,0.03323616832494736,0.03208584869280458,0
CGTRNA_RS13405,CGTRNA_RS13410,1,0.9877830743789673,0.9719792008399963,0.965814471244812,0.9761607646942139,0.9588881134986877,0.9693930745124817,0.9487842917442322,0.9752531051635742,0.9858425855636597,0.9844733476638794,0.9724372029304504,1
CGTRNA_RS13410,CGTRNA_RS13480,0,0.00012178295582998544,0.0007920895586721599,0.0008166447514668107,0.00012541486648842692,0.0013998502399772406,0.004913424141705036,0.0010828081285580993,0.0006529312813654542,0.0016792891547083855,0.0001762503816280514,0.001176048546039965,0
CGTRNA_RS13480,CGTRNA_RS13485,0,0.06604492664337158,0.09132645279169083,0.04732547327876091,0.10400582104921341,0.16562922298908234,0.09874601662158966,0.21652600169181824,0.05197439342737198,0.12291334569454193,0.023677874356508255,0.09881695285439492,0
CGTRNA_RS13485,CGTRNA_RS13490,0,0.3657214343547821,0.30265679955482483,0.31194522976875305,0.7176730036735535,0.5111196637153625,0.5272630453109741,0.31715625524520874,0.2293398082256317,0.47571250796318054,0.37356165051460266,0.41321493983268737,0
CGTRNA_RS13490,CGTRNA_RS13495,1,0.9767097234725952,0.977709174156189,0.9844731092453003,0.9810336232185364,0.9456532597541809,0.9626092314720154,0.9948840141296387,0.9509124159812927,0.9661638140678406,0.964361310005188,0.9704509675502777,1
CGTRNA_RS13495,CGTRNA_RS13500,1,0.9352574944496155,0.9138405919075012,0.9057818055152893,0.8813540935516357,0.6684321165084839,0.8819687366485596,0.9212216138839722,0.8628462553024292,0.7537696957588196,0.9152269959449768,0.8639699399471283,1
CGTRNA_RS13500,CGTRNA_RS13505,1,0.955130934715271,0.9288807511329651,0.8998539447784424,0.9213810563087463,0.7286739349365234,0.942123532295227,0.9135283827781677,0.8642898797988892,0.8402507901191711,0.8910666108131409,0.8885179817676544,1
CGTRNA_RS13505,CGTRNA_RS13510,1,0.977196216583252,0.9787534475326538,0.9468029737472534,0.9440194964408875,0.8986965417861938,0.9587374925613403,0.9723425507545471,0.9394053816795349,0.9668266177177429,0.963851809501648,0.9546632528305053,1
CGTRNA_RS13510,CGTRNA_RS13515,1,0.97792649269104,0.9687920808792114,0.9438467025756836,0.9368382692337036,0.8507664799690247,0.9667953848838806,0.9213229417800903,0.9429550766944885,0.9497738480567932,0.947507917881012,0.9406525194644928,1
CGTRNA_RS13515,CGTRNA_RS13540,0,0.0007097814232110977,0.0006650041323155165,0.0005751802236773074,0.0005119809065945446,0.004407067317515612,0.006739912088960409,0.010033415630459785,0.0011765457456931472,0.0015565154608339071,0.000270481948973611,0.0026645884878234937,0
CGTRNA_RS13540,CGTRNA_RS13545,1,0.9465637803077698,0.933360755443573,0.8638600707054138,0.8701186180114746,0.6371234059333801,0.8608277440071106,0.921169102191925,0.6801057457923889,0.8171462416648865,0.8118575215339661,0.8342132985591888,1
CGTRNA_RS13545,CGTRNA_RS13550,1,0.8543206453323364,0.8851388096809387,0.8752572536468506,0.8368076086044312,0.8725596070289612,0.8776243329048157,0.9385117888450623,0.8907398581504822,0.8789044618606567,0.8496600389480591,0.8759524405002594,1
CGTRNA_RS13550,CGTRNA_RS13555,1,0.9820910096168518,0.9361966252326965,0.962314784526825,0.9746570587158203,0.9282338619232178,0.9685094356536865,0.9670659899711609,0.9452255964279175,0.9769774079322815,0.9278580546379089,0.9569129824638367,1
CGTRNA_RS13555,CGTRNA_RS13565,0,0.010013391263782978,0.05178755521774292,0.01122430618852377,0.005952902138233185,0.03975270316004753,0.04665761813521385,0.03096180595457554,0.030671225860714912,0.03648265823721886,0.01469366904348135,0.02781978351995349,0
CGTRNA_RS13565,CGTRNA_RS13590,0,0.005785249639302492,0.004419760778546333,0.0014300952898338437,0.011226211674511433,0.007668987847864628,0.012760714627802372,0.011883513070642948,0.0023976434022188187,0.011243479326367378,0.0033685117959976196,0.007218416745308787,0
CGTRNA_RS13590,CGTRNA_RS13595,1,0.9621577262878418,0.834598183631897,0.911967396736145,0.8134501576423645,0.7540346384048462,0.9076026082038879,0.8266211152076721,0.8039494156837463,0.905396044254303,0.6721631288528442,0.8391940414905548,1
CGTRNA_RS13595,CGTRNA_RS13600,1,0.9629650712013245,0.9729207158088684,0.9294270873069763,0.9188187718391418,0.7878063917160034,0.9237796068191528,0.9527140259742737,0.905512273311615,0.9099444150924683,0.9076568484306335,0.9171545207500458,1
CGTRNA_RS13600,CGTRNA_RS13615,0,0.0015504882903769612,0.0012771368492394686,0.0007941084331832826,0.005966878030449152,0.007489298470318317,0.019603876397013664,0.0019472731510177255,0.002480445196852088,0.008862252347171307,0.0030955399852246046,0.005306729715084657,0
CGTRNA_RS13615,CGTRNA_RS13620,1,0.5358219742774963,0.5102826952934265,0.6411412358283997,0.4833741784095764,0.47222450375556946,0.5597372651100159,0.596133828163147,0.4965004622936249,0.3347015380859375,0.6580919027328491,0.5288009583950043,1
CGTRNA_RS13620,CGTRNA_RS13680,0,7.458345498889685e-05,0.0004159871314186603,0.00022595019254367799,2.720018892432563e-05,0.0006375216762535274,0.0018732721218839288,0.0005368576385080814,0.00016677378152962774,0.0007342702010646462,3.808639303315431e-05,0.00047305027801485265,0
CGTRNA_RS13680,CGTRNA_RS13685,1,0.9830804467201233,0.9775243997573853,0.9659736752510071,0.9836460947990417,0.952049970626831,0.9710700511932373,0.9843629598617554,0.9750510454177856,0.9679704904556274,0.9847761988639832,0.9745505332946778,1
CGTRNA_RS13685,CGTRNA_RS13730,0,7.552403985755518e-05,0.0005125164752826095,0.00021523406030610204,0.0002825087867677212,0.0005798405036330223,0.0017004503170028329,0.0002622928295750171,0.00030578128644265234,0.0007510686991736293,5.976247484795749e-05,0.0004744979472889099,0
CGTRNA_RS13730,CGTRNA_RS13750,0,0.0001643239229451865,0.00027886932366527617,0.00020868144929409027,0.00023760173644404858,0.0005430344608612359,0.0027730129659175873,0.0002131544315489009,0.0002033955679507926,0.0006234480533748865,8.988953049993142e-05,0.0005335411442501936,0
CGTRNA_RS13750,CGTRNA_RS13755,1,0.9382885098457336,0.9629511833190918,0.9166865348815918,0.8444523215293884,0.6603132486343384,0.8865402340888977,0.9149993658065796,0.8212946653366089,0.7687157988548279,0.8123574256896973,0.8526599287986756,1
CGTRNA_RS13755,CGTRNA_RS13760,0,0.990243136882782,0.9777761101722717,0.981325626373291,0.9816254377365112,0.9538272619247437,0.9751120805740356,0.985370934009552,0.9708681702613831,0.9821237921714783,0.9855858087539673,0.9783858358860016,1
CGTRNA_RS13760,CGTRNA_RS13765,0,0.931700587272644,0.8086336851119995,0.8740954995155334,0.8709285259246826,0.851719081401825,0.851672887802124,0.8689865469932556,0.8136995434761047,0.8479864597320557,0.8216956257820129,0.8541118443012238,1
CGTRNA_RS13765,CGTRNA_RS13790,0,0.002508218865841627,0.00704613421112299,0.00131023523863405,0.0003788028552662581,0.0017660384764894843,0.008181185461580753,0.005332718603312969,0.0028306865133345127,0.007992027327418327,0.0006034044781699777,0.003794945203117095,0
CGTRNA_RS13790,CGTRNA_RS13795,1,0.9781771302223206,0.9563211798667908,0.9452792406082153,0.9145954251289368,0.8522791862487793,0.9713031053543091,0.9021099209785461,0.9314191937446594,0.9711412787437439,0.9477875232696533,0.9370413184165954,1
CGTRNA_RS13795,CGTRNA_RS13800,0,0.1439397633075714,0.2713681757450104,0.14377133548259735,0.0899476557970047,0.19218723475933075,0.2641736567020416,0.35284918546676636,0.09524815529584885,0.21042892336845398,0.08917748183012009,0.18530915677547455,0
CGTRNA_RS13815,CGTRNA_RS13845,0,0.0004980452358722687,0.0007656447123736143,0.0004050896386615932,0.0005482931155711412,0.00280975503847003,0.004020091611891985,0.0006291598547250032,0.0013464989606291056,0.0022157677449285984,0.001217775628902018,0.0014456121542025357,0
CGTRNA_RS13845,CGTRNA_RS13925,0,8.344724483322352e-05,0.0006074787233956158,0.0003778219106607139,0.00011611449008341879,0.0009412693907506764,0.0023279839660972357,0.0007597263902425766,0.000253487000009045,0.0010240765986964107,5.2197083277860656e-05,0.0006543602798046777,0
CGTRNA_RS13925,CGTRNA_RS13930,0,0.38763538002967834,0.5621662735939026,0.4943060278892517,0.42181292176246643,0.25687575340270996,0.3484421968460083,0.6395719647407532,0.10099901258945465,0.2889052629470825,0.24105139076709747,0.3741766184568405,0
CGTRNA_RS14015,CGTRNA_RS14020,1,0.9767504930496216,0.9859621524810791,0.965086042881012,0.97541344165802,0.9545516967773438,0.977850615978241,0.9890117049217224,0.9523558020591736,0.9746243357658386,0.9546276330947876,0.970623391866684,1
CGTRNA_RS14020,CGTRNA_RS14025,1,0.9251358509063721,0.9111806154251099,0.8112372756004333,0.8419542908668518,0.465631902217865,0.8122789263725281,0.7071712017059326,0.771377444267273,0.6498187184333801,0.8202602863311768,0.7716046512126923,1
CGTRNA_RS14025,CGTRNA_RS14035,0,0.0015247674891725183,0.0013666226295754313,0.001399516360834241,0.0003514315467327833,0.0028041156474500895,0.008779706433415413,0.007845898158848286,0.001664384501054883,0.0084341736510396,0.0008771530701778829,0.003504776948830113,0
CGTRNA_RS14035,CGTRNA_RS14040,1,0.6955735683441162,0.8103142976760864,0.8636444211006165,0.8627821803092957,0.8089635968208313,0.7976710796356201,0.8952040076255798,0.6311975717544556,0.7761464715003967,0.7266495823860168,0.7868146777153016,1
CGTRNA_RS14095,CGTRNA_RS14110,0,0.00034830725053325295,0.00172245386056602,0.0008918976527638733,0.0002696675364859402,0.002006569877266884,0.0026318843010812998,0.0032407150138169527,0.000692347064614296,0.0014240436721593142,5.7765231758821756e-05,0.0013285651461046656,0
CGTRNA_RS14110,CGTRNA_RS14115,1,0.8401463627815247,0.668385922908783,0.9205313920974731,0.9399770498275757,0.7627831101417542,0.8979437947273254,0.872769296169281,0.840126097202301,0.8608200550079346,0.8968969583511353,0.8500380039215087,1
CGTRNA_RS14115,CGTRNA_RS14120,0,0.9768708348274231,0.9604669809341431,0.924910306930542,0.9196852445602417,0.8862931728363037,0.9371393918991089,0.9606947302818298,0.9240486025810242,0.9718334674835205,0.8736562728881836,0.933559900522232,1
CGTRNA_RS14120,CGTRNA_RS14135,0,0.029184332117438316,0.03855067491531372,0.07473161816596985,0.006705016363412142,0.07084682583808899,0.1192428320646286,0.05169371888041496,0.051928602159023285,0.060614779591560364,0.07551370561122894,0.05790121057070792,0
CGTRNA_RS14135,CGTRNA_RS14140,1,0.9860100746154785,0.9818647503852844,0.9771738648414612,0.9750025272369385,0.9374516606330872,0.9590136408805847,0.9883916974067688,0.9624664783477783,0.9700803756713867,0.9612377882003784,0.9698692858219147,1
CGTRNA_RS14140,CGTRNA_RS14150,0,0.03616125136613846,0.02088053524494171,0.07787253707647324,0.010228393599390984,0.03881119191646576,0.05436757951974869,0.10360310971736908,0.020921651273965836,0.05616030842065811,0.008259180001914501,0.042726573813706634,0
CGTRNA_RS14150,CGTRNA_RS14155,1,0.9495789408683777,0.9181270599365234,0.916279673576355,0.8788440227508545,0.6779894828796387,0.9094257354736328,0.8118522763252258,0.8345312476158142,0.8012725710868835,0.8528558611869812,0.8550756871700287,1
CGTRNA_RS14155,CGTRNA_RS14165,0,0.00038580625550821424,0.0009142705239355564,0.001222821418195963,0.0007923394441604614,0.0013470131671056151,0.005412236321717501,0.00047033256851136684,0.0008275285363197327,0.0011124806478619576,0.00043799192644655704,0.0012922820809762926,0
CGTRNA_RS14165,CGTRNA_RS14170,1,0.8167784810066223,0.9181507229804993,0.8479377627372742,0.9066773056983948,0.8229607343673706,0.8408182859420776,0.9034292697906494,0.9045305848121643,0.881572961807251,0.917181134223938,0.8760037243366241,1
CGTRNA_RS14170,CGTRNA_RS14175,1,0.9808667302131653,0.9669845104217529,0.9534595608711243,0.9632958769798279,0.8768062591552734,0.9629618525505066,0.9633971452713013,0.9576066732406616,0.9554375410079956,0.9629001021385193,0.9543716251850128,1
CGTRNA_RS14175,CGTRNA_RS14180,1,0.9760019779205322,0.9660252928733826,0.9384614825248718,0.9680870175361633,0.9027332067489624,0.9329264760017395,0.9837344884872437,0.9513691663742065,0.9212161898612976,0.9642459154129028,0.9504801213741303,1
CGTRNA_RS14180,CGTRNA_RS14185,1,0.9900752305984497,0.979343056678772,0.9794791340827942,0.9860329031944275,0.9550395011901855,0.9811838269233704,0.9947059154510498,0.9777283072471619,0.9807271361351013,0.9833506345748901,0.9807665646076202,1
CGTRNA_RS14185,CGTRNA_RS14190,1,0.9796208143234253,0.9516066312789917,0.9299883842468262,0.9462671875953674,0.8469050526618958,0.9591080546379089,0.9721656441688538,0.9562711119651794,0.9458866715431213,0.9484747052192688,0.9436294257640838,1
CGTRNA_RS14255,CGTRNA_RS14270,0,0.011555860750377178,0.008717015385627747,0.039652273058891296,0.0015176868764683604,0.010394442826509476,0.037997182458639145,0.017206938937306404,0.010389892384409904,0.025522945448756218,0.011216327548027039,0.017417056567501275,0
CGTRNA_RS14270,CGTRNA_RS14280,0,0.010307559743523598,0.011519622057676315,0.0032873968593776226,0.015051166526973248,0.016744617372751236,0.05586904659867287,0.0023292754776775837,0.008955106139183044,0.04008742794394493,0.005712401121854782,0.016986361984163523,0
CGTRNA_RS14280,CGTRNA_RS14305,0,0.003869837149977684,0.004082676023244858,0.00024419950204901397,0.0002657689619809389,0.002872865181416273,0.011459723114967346,0.0016720638377591968,0.0012038041604682803,0.01688218116760254,0.00015946137136779726,0.004271258047083393,0
CGTRNA_RS14305,CGTRNA_RS14310,1,0.8917444944381714,0.8206710815429688,0.8261122107505798,0.8443883061408997,0.7490695118904114,0.8314822912216187,0.9147956967353821,0.7361804246902466,0.8346851468086243,0.7814565896987915,0.8230585753917694,1
CGTRNA_RS14310,CGTRNA_RS14315,1,0.9628801941871643,0.9356064796447754,0.9114678502082825,0.9032754302024841,0.7750319242477417,0.9408657550811768,0.9240569472312927,0.8824803829193115,0.8676722645759583,0.8996174335479736,0.9002954661846161,1
CGTRNA_RS14315,CGTRNA_RS14335,0,0.017236266285181046,0.01088955719023943,0.005941868759691715,0.019819486886262894,0.053236380219459534,0.024726353585720062,0.024585118517279625,0.0072075859643518925,0.025593506172299385,0.004153448157012463,0.019338957173749803,0
CGTRNA_RS14335,CGTRNA_RS14340,1,0.97225421667099,0.9160113334655762,0.9309330582618713,0.8579790592193604,0.8764742612838745,0.9395949244499207,0.9271060228347778,0.9106628894805908,0.927053689956665,0.8186662197113037,0.907673567533493,1
CGTRNA_RS14360,CGTRNA_RS14365,0,0.15097548067569733,0.10541128367185593,0.08914065361022949,0.01818142831325531,0.1082136482000351,0.2594429850578308,0.06075330823659897,0.05493387579917908,0.17197038233280182,0.04710830748081207,0.1066131353378296,0
CGTRNA_RS14365,CGTRNA_RS14380,0,0.0017323499778285623,0.002121253637596965,0.0026394284795969725,0.0014701600885018706,0.00215531256981194,0.010767143219709396,0.0009025080944411457,0.0012569064274430275,0.0029179814737290144,0.0005728856194764376,0.002653592958813533,0
CGTRNA_RS14380,CGTRNA_RS14395,0,0.0005834603798575699,0.002175860572606325,0.0025764547754079103,0.0003789127222262323,0.004837157670408487,0.006521242205053568,0.003512232331559062,0.0015513431280851364,0.003120419103652239,0.00041085522389039397,0.0025667938112746923,0
CGTRNA_RS14395,CGTRNA_RS14400,0,0.9644324779510498,0.8617469072341919,0.8031386733055115,0.9089008569717407,0.8969326615333557,0.9161258935928345,0.8990052938461304,0.8428166508674622,0.9371191263198853,0.8995152115821838,0.8929733753204345,1
CGTRNA_RS14400,CGTRNA_RS14405,1,0.7941644787788391,0.8878946304321289,0.8778786063194275,0.8937370777130127,0.8512738347053528,0.8182754516601562,0.9154695272445679,0.8610156774520874,0.9058787226676941,0.9091091156005859,0.8714697122573852,1
CGTRNA_RS14405,CGTRNA_RS14410,1,0.9843493700027466,0.9678597450256348,0.9787070155143738,0.9795849323272705,0.9580062031745911,0.9559568762779236,0.9937742948532104,0.9169819951057434,0.9637031555175781,0.9488654136657715,0.9647789001464844,1
CGTRNA_RS14410,CGTRNA_RS14415,1,0.9694904088973999,0.9690935015678406,0.9336748719215393,0.9114336371421814,0.884739339351654,0.9536860585212708,0.974657416343689,0.9443960785865784,0.9579378962516785,0.9239739775657654,0.9423083186149597,1
CGTRNA_RS14415,CGTRNA_RS14420,0,0.44902315735816956,0.6396165490150452,0.5911019444465637,0.6010808348655701,0.6208428740501404,0.6240751147270203,0.5180204510688782,0.4760158360004425,0.5362333655357361,0.7573990225791931,0.5813409149646759,1
CGTRNA_RS14420,CGTRNA_RS14425,1,0.9055747985839844,0.8580892086029053,0.9560795426368713,0.9484835863113403,0.9091867804527283,0.9471632242202759,0.7636764049530029,0.8684413433074951,0.9572976231575012,0.8635715246200562,0.8977564036846161,1
CGTRNA_RS14475,CGTRNA_RS14490,0,0.008345694281160831,0.01255740225315094,0.011786269024014473,0.0015994962304830551,0.004609029274433851,0.012869416736066341,0.010237718932330608,0.009505006484687328,0.00887430738657713,0.006542728748172522,0.008692706935107708,0
CGTRNA_RS14490,CGTRNA_RS14495,0,0.5590932369232178,0.7696942687034607,0.742100715637207,0.8652099370956421,0.7583497762680054,0.7465237975120544,0.7551036477088928,0.4932973086833954,0.8979629278182983,0.8118590712547302,0.7399194687604904,1
CGTRNA_RS14495,CGTRNA_RS14505,0,0.002233044942840934,0.006299804896116257,0.005496190395206213,0.0008779365452937782,0.012002380564808846,0.017598941922187805,0.00606553116813302,0.005034596659243107,0.015387057326734066,0.0032022278755903244,0.007419771229615435,0
CGTRNA_RS14505,CGTRNA_RS14515,0,0.005338265560567379,0.005425522569566965,0.006775187328457832,0.004155211616307497,0.0035077643115073442,0.017110545188188553,0.002086080377921462,0.003603840945288539,0.01135073509067297,0.002988292369991541,0.006234144535847008,0
CGTRNA_RS14515,CGTRNA_RS14530,0,0.0013646419392898679,0.004618889186531305,0.021309079602360725,0.05157134309411049,0.08715395629405975,0.05334911122918129,0.04732154309749603,0.017432183027267456,0.007943748496472836,0.011582262814044952,0.03036467587808147,0
CGTRNA_RS14530,CGTRNA_RS14545,0,0.08420044928789139,0.09240856021642685,0.03680575266480446,0.22004756331443787,0.18141110241413116,0.273670494556427,0.06824056059122086,0.14323745667934418,0.09636373072862625,0.047831229865550995,0.1244216900318861,0
CGTRNA_RS14545,CGTRNA_RS14575,0,0.0008141898433677852,0.00177011510822922,0.0044122301042079926,0.0005875928327441216,0.004868676420301199,0.011928188614547253,0.002085610758513212,0.002141039352864027,0.003984428476542234,0.0002359051868552342,0.003282797669817228,0
CGTRNA_RS14575,CGTRNA_RS14605,0,0.00010681328421924263,0.00065001001348719,0.0003030461666639894,6.240392394829541e-05,0.000847549585159868,0.0020778425969183445,0.0003184467786923051,0.00047699626884423196,0.0009819078259170055,3.872468005283736e-05,0.000586374112390331,0
CGTRNA_RS14710,CGTRNA_RS14715,1,0.9295477867126465,0.8648661971092224,0.8604708909988403,0.971729040145874,0.8523662090301514,0.8327715396881104,0.87918621301651,0.7780471444129944,0.8875100016593933,0.8400766253471375,0.869657164812088,1
CGTRNA_RS14715,CGTRNA_RS14730,0,0.011796616949141026,0.011739642359316349,0.014730481430888176,0.007703297305852175,0.008448709733784199,0.039878956973552704,0.006314672529697418,0.00956331379711628,0.019371535629034042,0.0036421644035726786,0.013318939111195504,0
CGTRNA_RS14730,CGTRNA_RS14735,0,0.40189751982688904,0.43972036242485046,0.41296541690826416,0.39784976840019226,0.5049794316291809,0.5199995040893555,0.40345439314842224,0.45423999428749084,0.37169280648231506,0.6468162536621094,0.455361545085907,0
CGTRNA_RS14735,CGTRNA_RS14740,0,0.25334739685058594,0.05609141290187836,0.12272538989782333,0.129471093416214,0.11353117227554321,0.15074104070663452,0.11318033933639526,0.0835864245891571,0.114316426217556,0.09035877138376236,0.122734946757555,0
CGTRNA_RS14740,CGTRNA_RS14745,0,0.11084450036287308,0.04968925192952156,0.12337344139814377,0.060538873076438904,0.06204606965184212,0.11139711737632751,0.038007814437150955,0.04740153253078461,0.07870922982692719,0.015438157133758068,0.06974459877237678,0
CGTRNA_RS14745,CGTRNA_RS14765,0,0.0017118181567639112,0.0062409937381744385,0.002725195372477174,0.0018770938040688634,0.0033953033853322268,0.008544533513486385,0.0033726096153259277,0.002478607464581728,0.0030729908030480146,0.0005808795685879886,0.0034000025421846657,0
CGTRNA_RS14765,CGTRNA_RS14770,0,0.4200148284435272,0.19302143156528473,0.27647414803504944,0.08374125510454178,0.30096808075904846,0.6143195629119873,0.10877805203199387,0.23916877806186676,0.43453702330589294,0.09254884719848633,0.2763572007417679,0
CGTRNA_RS14770,CGTRNA_RS14825,0,6.448923522839323e-05,0.00045361663796938956,0.0004426651285029948,0.0001771798124536872,0.00030521064763888717,0.001482339226640761,0.0002521912974771112,0.00012370631156954914,0.0005980682326480746,8.412637544097379e-05,0.00039835929055698216,0
CGTRNA_RS14825,CGTRNA_RS14830,1,0.9793936014175415,0.9867022037506104,0.9678038954734802,0.9815879464149475,0.9664170742034912,0.9799239039421082,0.9884419441223145,0.9762366414070129,0.9832650423049927,0.9673693776130676,0.9777141630649566,1
CGTRNA_RS14830,CGTRNA_RS14835,1,0.9150437712669373,0.8102877140045166,0.7212978601455688,0.7956563830375671,0.8152689337730408,0.8480086922645569,0.6315443515777588,0.6802698373794556,0.8655839562416077,0.8446469902992249,0.7927608489990234,1
CGTRNA_RS14835,CGTRNA_RS14865,0,6.029702490195632e-05,0.00031707892776466906,0.00010937738989014179,5.097020766697824e-05,0.0006117091979831457,0.0016305791214108467,0.0002730127307586372,0.00020622457668650895,0.0010145893320441246,0.00044320576125755906,0.00047170442703645674,0
CGTRNA_RS14865,CGTRNA_RS14885,0,0.00040822193841449916,0.0018094073748216033,0.0007940405048429966,0.0001218499819515273,0.0005703872302547097,0.0023623183369636536,0.0005199139704927802,0.0005869788001291454,0.0020973405335098505,7.598790398333222e-05,0.0009346446575364098,0
CGTRNA_RS14885,CGTRNA_RS14890,0,0.1901470273733139,0.13982398808002472,0.17684507369995117,0.053437843918800354,0.1003316193819046,0.21396110951900482,0.08857747912406921,0.08855418115854263,0.23203028738498688,0.024579087272286415,0.13082876969128848,0
CGTRNA_RS14890,CGTRNA_RS14895,0,0.9267796874046326,0.9317418932914734,0.9035128355026245,0.9613683819770813,0.9121121764183044,0.9539333581924438,0.8890743255615234,0.9242404699325562,0.9540297985076904,0.9395790100097656,0.9296371936798096,1
CGTRNA_RS14895,CGTRNA_RS14910,0,0.0007480532513000071,0.0024354569613933563,0.0065141464583575726,0.0014509637840092182,0.0039793443866074085,0.011316059157252312,0.004598244093358517,0.0023526139557361603,0.004165337886661291,0.0005586105980910361,0.003811883053276688,0
CGTRNA_RS14910,CGTRNA_RS14915,0,0.42582347989082336,0.3939951956272125,0.5161406397819519,0.4017982482910156,0.37666505575180054,0.44838419556617737,0.18207788467407227,0.37532004714012146,0.3539978265762329,0.6581460237503052,0.4132348597049713,0
CGTRNA_RS14915,CGTRNA_RS14935,0,0.004151747561991215,0.0057534510269761086,0.003037684829905629,0.0009087399812415242,0.010971088893711567,0.015288247726857662,0.008303357288241386,0.005692348815500736,0.013952483423054218,0.0005463262205012143,0.0068605475767981264,0
CGTRNA_RS14935,CGTRNA_RS14960,0,0.0002646261127665639,0.0019933118019253016,0.005760869011282921,0.00042153187678195536,0.0011749448021873832,0.0020709862001240253,0.0008568667690269649,0.000603520660661161,0.001441269414499402,0.000251421588473022,0.00148393482377287,0
CGTRNA_RS14960,CGTRNA_RS14965,0,0.37706807255744934,0.28421780467033386,0.3800576627254486,0.15970835089683533,0.33581820130348206,0.4417390525341034,0.22025083005428314,0.30044853687286377,0.36268168687820435,0.2644995450973511,0.3126489743590355,0
CGTRNA_RS14965,CGTRNA_RS14975,0,0.0005408726283349097,0.0007924051606096327,0.0001553775800857693,0.0010624465066939592,0.0031229211017489433,0.0088195214048028,0.0004464983649086207,0.0007074768072925508,0.0036034199874848127,0.0007280830177478492,0.0019979022559709846,0
CGTRNA_RS14975,CGTRNA_RS15005,0,0.00024409755133092403,0.0006904586334712803,0.0011234873672947288,0.00019514240557327867,0.0009379409602843225,0.0033680445048958063,0.0005753113073296845,0.00041296970448456705,0.0009674265165813267,6.641481013502926e-05,0.0008581293761380949,0
CGTRNA_RS15050,CGTRNA_RS15055,1,0.9624899625778198,0.895766019821167,0.8816738128662109,0.8366333842277527,0.7622911930084229,0.9000064730644226,0.8629165291786194,0.7832795977592468,0.9194404482841492,0.813174307346344,0.8617671728134155,1
CGTRNA_RS15090,CGTRNA_RS15095,0,0.25850194692611694,0.11629892140626907,0.18062424659729004,0.1264123022556305,0.2231237292289734,0.5483479499816895,0.13537955284118652,0.3074289858341217,0.37482038140296936,0.10105694085359573,0.23719949573278426,0
CGTRNA_RS15095,CGTRNA_RS15105,0,0.10390327870845795,0.06156986206769943,0.026413889601826668,0.027767881751060486,0.056036900728940964,0.10390762984752655,0.046186137944459915,0.059608571231365204,0.1157650351524353,0.012640370987355709,0.06137995580211282,0
CGTRNA_RS15105,CGTRNA_RS15110,1,0.9666780233383179,0.9379388689994812,0.9477524757385254,0.9567479491233826,0.8972243070602417,0.9391674995422363,0.914324164390564,0.8448493480682373,0.8977906703948975,0.8603273630142212,0.9162800669670105,1
CGTRNA_RS15110,CGTRNA_RS15130,0,0.0009311563917435706,0.0023453417234122753,0.001590798725374043,0.00018759429804049432,0.002481141360476613,0.007636621594429016,0.0013358726864680648,0.0020051999017596245,0.002993576228618622,0.0002090799534926191,0.002171638286381494,0
CGTRNA_RS15130,CGTRNA_RS15135,1,0.36554381251335144,0.46719327569007874,0.44155117869377136,0.426769882440567,0.5541353821754456,0.5248660445213318,0.5424469113349915,0.4817897379398346,0.4439469575881958,0.5295202136039734,0.4777763396501541,0
CGTRNA_RS15135,CGTRNA_RS15165,0,0.0005941049312241375,0.001046502380631864,0.0008675075368955731,0.0002409562439424917,0.0037929273676127195,0.006373661570250988,0.01083123404532671,0.000905826105736196,0.0022207358852028847,0.0006997505552135408,0.0027573206622037104,0
CGTRNA_RS15165,CGTRNA_RS15170,1,0.7610294222831726,0.8673722147941589,0.8488244414329529,0.8729821443557739,0.8066726922988892,0.7851662635803223,0.9350069761276245,0.7248477339744568,0.8370118141174316,0.8146340250968933,0.8253547728061676,1
CGTRNA_RS15170,CGTRNA_RS15175,1,0.9839391708374023,0.9668052792549133,0.9710824489593506,0.976386308670044,0.9455844759941101,0.9528923630714417,0.987854540348053,0.9675976037979126,0.9265245199203491,0.9746111631393433,0.965327787399292,1
CGTRNA_RS15175,CGTRNA_RS15180,0,0.9723771214485168,0.9448782801628113,0.8938380479812622,0.8715507388114929,0.8418167233467102,0.933866560459137,0.963666558265686,0.8807464838027954,0.8754476308822632,0.9249485731124878,0.9103136718273163,1
CGTRNA_RS15180,CGTRNA_RS15185,0,0.973494291305542,0.9282102584838867,0.9625847935676575,0.9862166047096252,0.9146857261657715,0.9517608880996704,0.9516051411628723,0.9188679456710815,0.951575756072998,0.932482898235321,0.9471484303474427,1
CGTRNA_RS15185,CGTRNA_RS15190,0,0.7992587685585022,0.797080397605896,0.7300127148628235,0.8691925406455994,0.8183400630950928,0.7631523609161377,0.7445480227470398,0.6365224719047546,0.669877290725708,0.5069785714149475,0.7334963202476501,1
CGTRNA_RS15190,CGTRNA_RS15195,0,0.5034728050231934,0.49140387773513794,0.4430192708969116,0.5210193395614624,0.6285752654075623,0.347709983587265,0.43497371673583984,0.36852046847343445,0.5808895230293274,0.2729312777519226,0.4592515528202057,0
CGTRNA_RS15230,CGTRNA_RS15245,0,0.0005186644848436117,0.001836059265770018,0.0004445115337148309,0.00015764837735332549,0.0011803304078057408,0.00241235108114779,0.0005157808773219585,0.0007863051723688841,0.0023696476127952337,0.0002643797197379172,0.001048567853285931,0
CGTRNA_RS15245,CGTRNA_RS15250,1,0.9618141651153564,0.9730691909790039,0.961406409740448,0.9659895896911621,0.8877319097518921,0.9308067560195923,0.978905200958252,0.9405766725540161,0.87980717420578,0.9717970490455627,0.9451904118061065,1
CGTRNA_RS15250,CGTRNA_RS15265,0,0.0007844723295420408,0.0009162386995740235,6.269345612963662e-05,0.0007868081447668374,0.0014240300515666604,0.005665723700076342,0.00033951111254282296,0.0006339619867503643,0.0022771756630390882,0.00017845994443632662,0.0013069075088424143,0
CGTRNA_RS15265,CGTRNA_RS15270,1,0.44096624851226807,0.43079766631126404,0.4147167503833771,0.17717939615249634,0.5009381175041199,0.5256189107894897,0.5547908544540405,0.47674840688705444,0.4858010411262512,0.5531266331672668,0.4560684025287628,0
CGTRNA_RS15305,CGTRNA_RS15310,0,0.6227024793624878,0.5223134160041809,0.9245468974113464,0.646060585975647,0.6602129340171814,0.7084558010101318,0.4244706332683563,0.4754177927970886,0.5141392946243286,0.44014686346054077,0.593846669793129,1
CGTRNA_RS15310,CGTRNA_RS15315,0,0.5196263194084167,0.7158779501914978,0.6468321681022644,0.8066312074661255,0.6628211736679077,0.6839240789413452,0.5045863389968872,0.5970553159713745,0.6780735850334167,0.8395118713378906,0.6654940009117126,1
CGTRNA_RS15315,CGTRNA_RS15320,1,0.9487517476081848,0.968309760093689,0.9641703963279724,0.9816006422042847,0.9472071528434753,0.9485344886779785,0.9648813605308533,0.95197993516922,0.9492007493972778,0.9469708204269409,0.9571607053279877,1
CGTRNA_RS15320,CGTRNA_RS15325,1,0.937415599822998,0.9401346445083618,0.9608035087585449,0.9755438566207886,0.9143228530883789,0.9454737901687622,0.9431962370872498,0.9057368636131287,0.9404138922691345,0.9347127676010132,0.9397754013538361,1
CGTRNA_RS15325,CGTRNA_RS00005,0,0.00017323516658507288,0.0007665571756660938,0.0005199536681175232,5.8841771533479914e-05,0.001514649367891252,0.0027449880726635456,0.0004429998807609081,0.0006726681021973491,0.002113491762429476,6.706665590172634e-05,0.0009074451623746427,0
CGTRNA_RS15350,CGTRNA_RS15345,0,0.18674421310424805,0.09820002317428589,0.16444031894207,0.019545944407582283,0.04635922983288765,0.2124108523130417,0.11648601293563843,0.06330795586109161,0.058438193053007126,0.03750649094581604,0.10034392345696688,0
CGTRNA_RS15345,CGTRNA_RS15340,1,0.8431820273399353,0.94672691822052,0.9225867986679077,0.9596054553985596,0.8462729454040527,0.8678303360939026,0.9268869757652283,0.9113107919692993,0.8103183507919312,0.9459967613220215,0.8980717360973358,1
CGTRNA_RS15340,CGTRNA_RS15335,1,0.8714757561683655,0.9105704426765442,0.9513491988182068,0.9587242603302002,0.8444583415985107,0.9098951816558838,0.9760425686836243,0.8599565625190735,0.9006792306900024,0.9171799421310425,0.9100331485271453,1
CGTRNA_RS15335,CGTRNA_RS15330,1,0.9883328080177307,0.9788714647293091,0.9809591174125671,0.9892029762268066,0.950966477394104,0.980015754699707,0.9867416024208069,0.9751169681549072,0.978442370891571,0.9679456949234009,0.9776595234870911,1
CGTRNA_RS15330,CGTRNA_RS15290,0,4.898761835647747e-05,0.00041140892426483333,0.0002018405357375741,8.980924758361652e-05,0.0002746596001088619,0.0007919780910015106,0.00012056223931722343,0.00016106042312458158,0.00040507997618988156,4.7659192205173895e-05,0.00025530458478897346,0
CGTRNA_RS15290,CGTRNA_RS15285,1,0.977737307548523,0.9691786766052246,0.9163185358047485,0.9392832517623901,0.8633174896240234,0.9397444128990173,0.9671398997306824,0.9040182828903198,0.9144459366798401,0.9331777691841125,0.9324361562728882,1
CGTRNA_RS15285,CGTRNA_RS15280,1,0.9701422452926636,0.8883116841316223,0.8181455135345459,0.6607396602630615,0.8692354559898376,0.9309847950935364,0.8444923758506775,0.842515230178833,0.9392683506011963,0.8262239098548889,0.8590059220790863,1
CGTRNA_RS15280,CGTRNA_RS15275,1,0.9845261573791504,0.9723502993583679,0.9696856141090393,0.953233003616333,0.9458690881729126,0.9799292683601379,0.9797834157943726,0.97227543592453,0.9823334813117981,0.9625800848007202,0.9702565848827363,1
CGTRNA_RS15275,CGTRNA_RS15260,0,0.003886766731739044,0.007652806583791971,0.0033315890468657017,0.0017196275293827057,0.003003460355103016,0.016733316704630852,0.0043116286396980286,0.0037708731833845377,0.004853569902479649,0.0025507300160825253,0.005181436869315803,0
CGTRNA_RS15240,CGTRNA_RS15235,0,0.127557635307312,0.16380125284194946,0.21981337666511536,0.1185259073972702,0.05970469117164612,0.243122860789299,0.16659104824066162,0.09652261435985565,0.1313619613647461,0.03422073274850845,0.1361222080886364,0
CGTRNA_RS15220,CGTRNA_RS15215,1,0.9406800270080566,0.9614615440368652,0.8840141296386719,0.960810661315918,0.8638241291046143,0.8499117493629456,0.9372265338897705,0.7997527718544006,0.909071683883667,0.94678795337677,0.905354118347168,1
CGTRNA_RS15215,CGTRNA_RS15210,1,0.9809972047805786,0.9696944355964661,0.9881154894828796,0.9830024242401123,0.902060866355896,0.9665255546569824,0.9957911968231201,0.9579481482505798,0.9604831337928772,0.971053957939148,0.967567241191864,1
CGTRNA_RS15210,CGTRNA_RS15205,0,0.04292367026209831,0.042323037981987,0.01849597878754139,0.0554707832634449,0.05738072469830513,0.07251176238059998,0.02586483769118786,0.02232041023671627,0.04594532400369644,0.007733555044978857,0.03909700843505561,0
CGTRNA_RS15205,CGTRNA_RS15200,0,0.18328845500946045,0.051035307347774506,0.10674244165420532,0.08675380051136017,0.23452019691467285,0.21898618340492249,0.05368122085928917,0.06561901420354843,0.2603756785392761,0.3982356786727905,0.16592379771173,0
CGTRNA_RS15200,CGTRNA_RS15160,0,0.00012350099859759212,0.0010453475406393409,0.0002623593609314412,9.294894698541611e-05,0.0012394848745316267,0.002906697802245617,0.0018061058362945914,0.0005757539183832705,0.001047329162247479,7.369161903625354e-05,0.0009173220059892628,0
CGTRNA_RS15160,CGTRNA_RS15155,0,0.9556886553764343,0.9028377532958984,0.8152973055839539,0.9574305415153503,0.8826732635498047,0.9189841151237488,0.9219509363174438,0.8487522006034851,0.9363330006599426,0.9107419848442078,0.9050689756870269,1
CGTRNA_RS15155,CGTRNA_RS15150,0,0.9655997157096863,0.9498094916343689,0.9610868692398071,0.9203763604164124,0.8871163725852966,0.9296281337738037,0.949114978313446,0.9375277161598206,0.8932629227638245,0.8958331346511841,0.928935569524765,1
CGTRNA_RS15150,CGTRNA_RS15145,0,0.13514691591262817,0.21867945790290833,0.19105224311351776,0.2743627727031708,0.21371044218540192,0.3198142945766449,0.2059594690799713,0.09453169256448746,0.19232027232646942,0.14684899151325226,0.19924265518784523,0
CGTRNA_RS15145,CGTRNA_RS15140,0,0.08687460422515869,0.06380470842123032,0.1411227285861969,0.07941639423370361,0.10719303786754608,0.15759092569351196,0.12041836231946945,0.047524046152830124,0.11053686589002609,0.13661716878414154,0.10510988421738147,0
CGTRNA_RS15100,CGTRNA_RS15085,0,0.004576387815177441,0.0020444802939891815,0.0037155768368393183,0.0039060458075255156,0.003011624328792095,0.014720628969371319,0.003373098559677601,0.0019279289990663528,0.006667320150882006,0.0009594425209797919,0.004490253428230062,0
CGTRNA_RS15085,CGTRNA_RS15065,0,0.0005626482889056206,0.0016479493351653218,0.0014747404493391514,0.00030537197017110884,0.0015813863137736917,0.004142280668020248,0.0013953050365671515,0.0013568991562351584,0.003283960046246648,0.00046693196054548025,0.0016217473224969582,0
CGTRNA_RS15065,CGTRNA_RS15060,1,0.9672272205352783,0.9525238275527954,0.9089885354042053,0.9146069884300232,0.8317094445228577,0.9373385906219482,0.9196577072143555,0.9367941617965698,0.9222140312194824,0.9492560029029846,0.92403165102005,1
CGTRNA_RS15060,CGTRNA_RS15015,0,0.0014843662502244115,0.003395803738385439,0.00042838117224164307,0.00015898070705588907,0.016195524483919144,0.011733750812709332,0.01978384144604206,0.0013916264288127422,0.010793864727020264,0.00033659671316854656,0.0065702736479579475,0
CGTRNA_RS15015,CGTRNA_RS15000,0,0.004988287575542927,0.00853101909160614,0.00404318468645215,0.001740204868838191,0.0028073498979210854,0.012197521515190601,0.004436994902789593,0.004529379773885012,0.004257201217114925,0.0022703390568494797,0.00498014825861901,0
CGTRNA_RS15000,CGTRNA_RS14995,0,0.30053868889808655,0.15866562724113464,0.5399926900863647,0.49383601546287537,0.47198399901390076,0.43707627058029175,0.37339285016059875,0.39369136095046997,0.2344595044851303,0.5194826722145081,0.3923119679093361,0
CGTRNA_RS14995,CGTRNA_RS14990,1,0.9789378643035889,0.9832314848899841,0.9583505988121033,0.9806571006774902,0.9336161017417908,0.9593604207038879,0.9316062927246094,0.9644709229469299,0.9651750922203064,0.9703537821769714,0.9625759661197663,1
CGTRNA_RS14990,CGTRNA_RS14985,1,0.9667699337005615,0.91581791639328,0.9330137968063354,0.9169639348983765,0.7649653553962708,0.9263368248939514,0.9410437941551208,0.8718850612640381,0.8542971014976501,0.9201664328575134,0.9011260151863099,1
CGTRNA_RS14985,CGTRNA_RS14980,0,0.010333091020584106,0.008794853463768959,0.0035830799024552107,0.0009350606705993414,0.00499931862577796,0.020908204838633537,0.009176509454846382,0.007109382189810276,0.013326546177268028,0.0034532116260379553,0.008261925796978176,0
CGTRNA_RS14980,CGTRNA_RS14970,0,0.137325718998909,0.23773881793022156,0.13836997747421265,0.05710148066282272,0.08069915324449539,0.14519158005714417,0.08818110078573227,0.10258688777685165,0.20897842943668365,0.04441022500395775,0.12405833713710308,0
CGTRNA_RS14970,CGTRNA_RS14955,0,0.003181415842846036,0.012190631590783596,0.02324390597641468,0.002112412126734853,0.004207413177937269,0.006613415665924549,0.005423137918114662,0.006043748464435339,0.004475721158087254,0.0030664331279695034,0.007055823504924774,0
CGTRNA_RS14955,CGTRNA_RS14950,0,0.01762581057846546,0.016478195786476135,0.029279889538884163,0.0007857090677134693,0.0073050218634307384,0.02087491564452648,0.01853003166615963,0.010847296565771103,0.011243553832173347,0.010411158204078674,0.01433815827476792,0
CGTRNA_RS14950,CGTRNA_RS14945,1,0.933205246925354,0.8079349398612976,0.8514344692230225,0.8110544681549072,0.8292052149772644,0.882217526435852,0.9479711651802063,0.7362900376319885,0.8483006954193115,0.7872262597084045,0.8434840023517609,1
CGTRNA_RS14945,CGTRNA_RS14940,0,0.6642525792121887,0.527159571647644,0.6959806084632874,0.6479265689849854,0.6896933913230896,0.6888777017593384,0.5067259073257446,0.42942044138908386,0.7580495476722717,0.6930067539215088,0.6301093071699142,1
CGTRNA_RS14940,CGTRNA_RS14930,0,0.02220434509217739,0.017995966598391533,0.09933480620384216,0.08246699720621109,0.02488011308014393,0.05292296037077904,0.10934049636125565,0.012162056751549244,0.03155088052153587,0.016031553968787193,0.04688901761546731,0
CGTRNA_RS14930,CGTRNA_RS14925,0,0.6869946718215942,0.6318565607070923,0.6166771650314331,0.48360180854797363,0.6783596277236938,0.8331729769706726,0.48590990900993347,0.5552419424057007,0.680962085723877,0.7452664375305176,0.6398043185472488,1
CGTRNA_RS14925,CGTRNA_RS14920,0,0.7013155817985535,0.6766565442085266,0.6179916262626648,0.5048329830169678,0.6743708848953247,0.8219912052154541,0.5152163505554199,0.5273581743240356,0.7987985014915466,0.7299244403839111,0.6568456292152405,1
CGTRNA_RS14920,CGTRNA_RS14905,0,0.0017176407855004072,0.001192116062156856,0.0027614578139036894,0.0011054365895688534,0.0026582239661365747,0.0096939317882061,0.003367724595591426,0.0014301661867648363,0.0027275015600025654,0.0005444523994810879,0.0027198651747312396,0
CGTRNA_RS14905,CGTRNA_RS14900,1,0.9737387299537659,0.9688742160797119,0.9608393311500549,0.9585568904876709,0.9050512313842773,0.9330227971076965,0.9787111878395081,0.9223695397377014,0.9587953090667725,0.950809895992279,0.9510769128799439,1
CGTRNA_RS14875,CGTRNA_RS14870,1,0.7495217323303223,0.7729559540748596,0.8397930860519409,0.7573308944702148,0.7939859628677368,0.727387011051178,0.8687418103218079,0.7293605804443359,0.7266679406166077,0.8108163475990295,0.7776561319828034,1
CGTRNA_RS14870,CGTRNA_RS14860,0,0.005819507408887148,0.004782495554536581,0.003925831522792578,0.013337352313101292,0.007120269816368818,0.013657426461577415,0.002391109010204673,0.0049724034033715725,0.01056862436234951,0.0013560072984546423,0.006793102715164423,0
CGTRNA_RS14860,CGTRNA_RS14855,1,0.9763829708099365,0.9702168703079224,0.9709569215774536,0.9663169384002686,0.9050412178039551,0.9465404152870178,0.9800145626068115,0.9228270053863525,0.9489491581916809,0.9537138938903809,0.954095995426178,1
CGTRNA_RS14855,CGTRNA_RS14850,1,0.9768681526184082,0.9355376362800598,0.9450278282165527,0.9247767925262451,0.8262859582901001,0.9511059522628784,0.9208024740219116,0.9210861921310425,0.9687759876251221,0.9378954768180847,0.9308162450790405,1
CGTRNA_RS14850,CGTRNA_RS14845,1,0.8835226893424988,0.8160715699195862,0.8597299456596375,0.7332798838615417,0.8127949237823486,0.7788407206535339,0.767063319683075,0.7580214738845825,0.7819743156433105,0.8233024477958679,0.8014601290225982,1
CGTRNA_RS14845,CGTRNA_RS14840,1,0.8666404485702515,0.7301274538040161,0.7708432674407959,0.7952253222465515,0.8338794708251953,0.8885998129844666,0.8188826441764832,0.8255581855773926,0.7835959792137146,0.8649618625640869,0.8178314447402955,1
CGTRNA_RS14800,CGTRNA_RS14795,1,0.9012908935546875,0.9381575584411621,0.9503651261329651,0.9226492047309875,0.9390091896057129,0.9553830623626709,0.9419355988502502,0.8963733911514282,0.9508347511291504,0.9052507877349854,0.9301249563694001,1
CGTRNA_RS14795,CGTRNA_RS14790,1,0.8888202905654907,0.8486343622207642,0.9521162509918213,0.9874550104141235,0.846356213092804,0.9298264384269714,0.8844213485717773,0.833596408367157,0.8467669486999512,0.8636904358863831,0.8881683707237243,1
CGTRNA_RS14790,CGTRNA_RS14785,0,0.04937415197491646,0.02455928549170494,0.02844611369073391,0.012766336090862751,0.015303665772080421,0.04748651757836342,0.03203023225069046,0.02811223268508911,0.029661718755960464,0.024836299940943718,0.029257655423134566,0
CGTRNA_RS14725,CGTRNA_RS14705,0,0.0009525847272016108,0.0012180876219645143,0.0006074182456359267,0.0007417359156534076,0.010095885023474693,0.005166773218661547,0.0020030131563544273,0.0032352893613278866,0.004305656533688307,0.0007353955297730863,0.0029061839333735405,0
CGTRNA_RS14705,CGTRNA_RS14700,0,0.9580783843994141,0.8897936344146729,0.9027489423751831,0.8845736384391785,0.8188482522964478,0.8482828736305237,0.8897497057914734,0.7445425391197205,0.8532993793487549,0.7957048416137695,0.8585622191429139,1
CGTRNA_RS14660,CGTRNA_RS14650,0,0.043922893702983856,0.05382397025823593,0.22285553812980652,0.025477763265371323,0.0871056541800499,0.10579118877649307,0.14121800661087036,0.07158568501472473,0.10024530440568924,0.028785865753889084,0.0880811870098114,0
CGTRNA_RS14650,CGTRNA_RS14635,0,0.004258536268025637,0.0023870435543358326,0.003185315290465951,0.014830240979790688,0.009779606945812702,0.014534512534737587,0.0031220719683915377,0.0032754922285676003,0.009178251959383488,0.0010440655751153827,0.00655951373046264,0
CGTRNA_RS14625,CGTRNA_RS14620,1,0.8859173655509949,0.8798922300338745,0.9270678162574768,0.9245097637176514,0.8948549032211304,0.9043835997581482,0.9119805693626404,0.8459302186965942,0.856907308101654,0.9435720443725586,0.8975015819072724,1
CGTRNA_RS14620,CGTRNA_RS14610,0,0.12117157876491547,0.1660286784172058,0.1353626251220703,0.06142662465572357,0.17714127898216248,0.17067907750606537,0.1840459257364273,0.2290889024734497,0.11132731288671494,0.07412014156579971,0.14303921461105346,0
CGTRNA_RS14610,CGTRNA_RS14600,0,0.006736631039530039,0.002585584996268153,0.0024887435138225555,0.0006254405598156154,0.0034886288922280073,0.012462376616895199,0.0011210925877094269,0.002734298584982753,0.0154790747910738,0.00046246981946751475,0.0048184341401793064,0
CGTRNA_RS14565,CGTRNA_RS14560,1,0.6437413692474365,0.7935146689414978,0.8661555051803589,0.9016505479812622,0.7114865183830261,0.7375841736793518,0.489035040140152,0.7144553661346436,0.6835684180259705,0.9148179888725281,0.7456009596586227,1
CGTRNA_RS14560,CGTRNA_RS14555,0,0.011721786111593246,0.040867630392313004,0.009583747014403343,0.002911244984716177,0.026608318090438843,0.03947301208972931,0.05811554566025734,0.01815985143184662,0.04670143127441406,0.003043209435418248,0.02571857764851302,0
CGTRNA_RS14555,CGTRNA_RS14550,0,0.22789336740970612,0.11367034912109375,0.12221129238605499,0.016489768400788307,0.08224494755268097,0.18564172089099884,0.1432478278875351,0.09144411236047745,0.07211940735578537,0.14672856032848358,0.12016913536936044,0
CGTRNA_RS14550,CGTRNA_RS14540,0,0.025757787749171257,0.1207335814833641,0.031403396278619766,0.11668737232685089,0.16208092868328094,0.11052849143743515,0.2346191108226776,0.048342738300561905,0.07122088223695755,0.06659316271543503,0.09879674520343543,0
CGTRNA_RS14525,CGTRNA_RS14520,1,0.8545718193054199,0.8803151249885559,0.8983144760131836,0.950913667678833,0.8381329774856567,0.9227302670478821,0.8288605809211731,0.8957677483558655,0.8544639945030212,0.9325480461120605,0.8856618702411652,1
CGTRNA_RS14520,CGTRNA_RS14510,0,0.577307939529419,0.38464275002479553,0.3302448093891144,0.8424760699272156,0.4923052191734314,0.7260748147964478,0.30290526151657104,0.33172401785850525,0.5531148910522461,0.6706756949424744,0.521147146821022,1
CGTRNA_RS14510,CGTRNA_RS14500,0,0.058714043349027634,0.0337471105158329,0.1270832121372223,0.08821451663970947,0.08064217865467072,0.08554050326347351,0.04396330192685127,0.03801702335476875,0.07665218412876129,0.012450071051716805,0.06450241450220347,0
CGTRNA_RS14500,CGTRNA_RS14485,0,0.01077206525951624,0.006427316926419735,0.004643364809453487,0.015952354297041893,0.007487650960683823,0.01806418038904667,0.014979937113821507,0.0019481241470202804,0.015938354656100273,0.0029901822563260794,0.009920353081542998,0
CGTRNA_RS14485,CGTRNA_RS14470,0,0.0011106075253337622,0.0029608379118144512,0.001084162387996912,0.0007259470294229686,0.002388277091085911,0.007588016334921122,0.0012404745211824775,0.001962191890925169,0.002578131388872862,0.0005199328297749162,0.0022158578911330553,0
CGTRNA_RS14470,CGTRNA_RS14455,0,0.12245019525289536,0.04754825308918953,0.08416096866130829,0.07623041421175003,0.09514562785625458,0.16101397573947906,0.09115872532129288,0.06658545881509781,0.1068350151181221,0.129473477602005,0.09806021116673946,0
CGTRNA_RS14455,CGTRNA_RS14450,0,0.7870811223983765,0.7164584994316101,0.7319003939628601,0.9187212586402893,0.6552475690841675,0.6790201663970947,0.6552208662033081,0.36776912212371826,0.6613830327987671,0.6163111329078674,0.678911316394806,1
CGTRNA_RS14450,CGTRNA_RS14390,0,0.00036709956475533545,0.0014791145222261548,0.00040404367609880865,0.00034474534913897514,0.003181329695507884,0.003960433881729841,0.0027750059962272644,0.0007916787290014327,0.0012608944671228528,0.0001256891555385664,0.0014690035037347115,0
CGTRNA_RS14390,CGTRNA_RS14385,1,0.8296954035758972,0.5894980430603027,0.9133304953575134,0.6386248469352722,0.8161079287528992,0.8127656579017639,0.7480162978172302,0.5908734798431396,0.7955593466758728,0.712208092212677,0.7446679592132568,1
CGTRNA_RS14385,CGTRNA_RS14375,0,0.006940350402146578,0.008378607220947742,0.0017844901885837317,0.007266134023666382,0.0033877831883728504,0.02585233934223652,0.00870890635997057,0.0017874337499961257,0.006311995442956686,0.0013631941983476281,0.007178123411722481,0
CGTRNA_RS14375,CGTRNA_RS14370,1,0.9776015877723694,0.9184425473213196,0.9355798959732056,0.8331028819084167,0.8947617411613464,0.9203428030014038,0.8742713332176208,0.8828372955322266,0.9502614140510559,0.89589524269104,0.9083096742630005,1
CGTRNA_RS14370,CGTRNA_RS14330,0,0.00031599978683516383,0.0015742928953841329,0.00029544849530793726,0.0002399509830866009,0.0007502511143684387,0.003421058412641287,0.00026088394224643707,0.0006516593275591731,0.002538436558097601,6.672281597275287e-05,0.0010114704331499525,0
CGTRNA_RS14330,CGTRNA_RS14325,1,0.9837188720703125,0.9806220531463623,0.9683371782302856,0.9750285148620605,0.9232524633407593,0.9644663333892822,0.963087797164917,0.9781602025032043,0.9610552787780762,0.9871512651443481,0.9684879958629609,1
CGTRNA_RS14325,CGTRNA_RS14300,0,0.0009620586060918868,0.0021265330724418163,0.0006646866677328944,0.0006936838035471737,0.00309140351600945,0.005491630174219608,0.0025004236958920956,0.001073604915291071,0.004316618666052818,0.0004575630009640008,0.0021378206118242817,0
CGTRNA_RS14300,CGTRNA_RS14295,1,0.9699759483337402,0.9437384009361267,0.9628580808639526,0.9750911593437195,0.895531415939331,0.9551131129264832,0.9679155945777893,0.8973426222801208,0.9613819122314453,0.9003867506980896,0.9429334998130798,1
CGTRNA_RS14295,CGTRNA_RS14290,1,0.9788616299629211,0.9542663097381592,0.9380137324333191,0.9219987988471985,0.907579779624939,0.9536405801773071,0.9530502557754517,0.9519385099411011,0.9654418230056763,0.923043966293335,0.9447835385799408,1
CGTRNA_RS14290,CGTRNA_RS14285,1,0.8236258625984192,0.8111146092414856,0.8568716049194336,0.735615611076355,0.7718100547790527,0.7549946308135986,0.882042407989502,0.7817322611808777,0.7557963728904724,0.8025227785110474,0.7976126194000244,1
CGTRNA_RS14285,CGTRNA_RS14275,0,0.002835645107552409,0.0028389585204422474,0.00264008529484272,0.003338815178722143,0.01097169890999794,0.02724361978471279,0.0046396516263484955,0.002778699155896902,0.009868545457720757,0.0022031308617442846,0.006935884989798069,0
CGTRNA_RS14275,CGTRNA_RS14265,0,0.0015899447025731206,0.002801856491714716,0.0021831050980836153,0.0009881043806672096,0.005175960250198841,0.018910568207502365,0.0006811970379203558,0.0012565101496875286,0.004336175043135881,0.003189041977748275,0.004111246333923191,0
CGTRNA_RS14265,CGTRNA_RS14260,1,0.9854748249053955,0.9742470979690552,0.9622319936752319,0.9835886359214783,0.9473893642425537,0.9704188108444214,0.9924867749214172,0.9771006107330322,0.9735051989555359,0.9847686886787415,0.9751212000846863,1
CGTRNA_RS14260,CGTRNA_RS14250,0,0.020856844261288643,0.009975259192287922,0.01104977261275053,0.01605498045682907,0.009622939862310886,0.058308202773332596,0.04290724918246269,0.008642090484499931,0.02482498623430729,0.0053232829086482525,0.02075656079687178,0
CGTRNA_RS14250,CGTRNA_RS14245,1,0.9734789729118347,0.9339891076087952,0.9398655295372009,0.9477672576904297,0.8154449462890625,0.9578455686569214,0.9673547744750977,0.9301903247833252,0.8950520753860474,0.9481099247932434,0.9309098482131958,1
CGTRNA_RS14245,CGTRNA_RS14240,1,0.9634578824043274,0.964508056640625,0.9233027696609497,0.8888100385665894,0.7485105395317078,0.9379162788391113,0.9304385781288147,0.8964666128158569,0.8892211318016052,0.9214668273925781,0.9064098715782165,1
CGTRNA_RS14240,CGTRNA_RS14235,1,0.881804883480072,0.6677258014678955,0.8380740284919739,0.693905770778656,0.5401654839515686,0.7349315881729126,0.8356120586395264,0.3696959912776947,0.6470832824707031,0.5905991792678833,0.6799598067998887,1
CGTRNA_RS14235,CGTRNA_RS14230,1,0.7333222031593323,0.7213841080665588,0.7466141581535339,0.8449680805206299,0.7708786129951477,0.7703945636749268,0.5553577542304993,0.7043866515159607,0.7204006910324097,0.8338389992713928,0.7401545822620392,1
CGTRNA_RS14230,CGTRNA_RS14220,0,0.021070677787065506,0.07026408612728119,0.058024272322654724,0.00429476099088788,0.0180047657340765,0.051246289163827896,0.03435643017292023,0.016289375722408295,0.022740105167031288,0.004926405847072601,0.03012171690352261,0
CGTRNA_RS14220,CGTRNA_RS14215,1,0.984958827495575,0.9774154424667358,0.9835676550865173,0.9915306568145752,0.9632179141044617,0.9728345274925232,0.9956944584846497,0.9730870723724365,0.967333197593689,0.9787155389785767,0.978835529088974,1
CGTRNA_RS14215,CGTRNA_RS14210,1,0.9857614636421204,0.9827523231506348,0.9829832911491394,0.988257884979248,0.9578377604484558,0.964946985244751,0.9954859018325806,0.9705795645713806,0.9755526781082153,0.9746354818344116,0.9778793334960938,1
CGTRNA_RS14210,CGTRNA_RS14205,1,0.4323009252548218,0.51823890209198,0.414024293422699,0.37619298696517944,0.39614006876945496,0.6968485116958618,0.75138258934021,0.37411946058273315,0.561323344707489,0.47852623462677,0.4999097317457199,0
CGTRNA_RS14205,CGTRNA_RS14200,0,0.5413116216659546,0.2906757593154907,0.43708500266075134,0.38731813430786133,0.42835453152656555,0.5231385231018066,0.35520854592323303,0.22215594351291656,0.43529564142227173,0.4013456106185913,0.4021889314055443,0
CGTRNA_RS14200,CGTRNA_RS14195,1,0.9530445337295532,0.9519091248512268,0.9176571369171143,0.9320709109306335,0.8953893780708313,0.9361991882324219,0.9208266139030457,0.9352704882621765,0.9633706212043762,0.9004538655281067,0.9306191861629486,1
CGTRNA_RS14195,CGTRNA_RS14160,0,0.0008879046654328704,0.0032342285849153996,0.0006605642265640199,0.00029913027537986636,0.0012456746771931648,0.00371378380805254,0.0021911885123699903,0.0007084233802743256,0.002972815651446581,0.00010439165635034442,0.0016018105437979103,0
CGTRNA_RS14160,CGTRNA_RS14145,0,0.03679494187235832,0.026549695059657097,0.0344039648771286,0.0027842805720865726,0.015989718958735466,0.05375070869922638,0.04893895611166954,0.029788125306367874,0.023654403164982796,0.010587218217551708,0.028324201283976436,0
CGTRNA_RS14145,CGTRNA_RS14130,0,0.006899729371070862,0.00893870647996664,0.04812934994697571,0.0762515664100647,0.06757510453462601,0.056286729872226715,0.045821744948625565,0.02564680390059948,0.016477005556225777,0.014748998917639256,0.03667757399380207,0
CGTRNA_RS14130,CGTRNA_RS14105,0,0.00027287896955385804,0.0020778446923941374,0.0007530589937232435,0.00038289299118332565,0.0007503024535253644,0.00211620656773448,0.0008750685956329107,0.0007155767525546253,0.0009619550546631217,0.00017695120186544955,0.0009082736272830516,0
CGTRNA_RS14105,CGTRNA_RS14100,1,0.7187264561653137,0.8196107149124146,0.8142839074134827,0.7258713245391846,0.6724773049354553,0.7010222673416138,0.7619209289550781,0.5950043201446533,0.5033525228500366,0.746439516544342,0.7058709263801575,1
CGTRNA_RS14100,CGTRNA_RS14085,0,0.019051408395171165,0.02699214592576027,0.022713905200362206,0.0037164543755352497,0.008230475708842278,0.01524487603455782,0.0083012655377388,0.02029331773519516,0.005956452805548906,0.0036122819874435663,0.013411258370615542,0
CGTRNA_RS14085,CGTRNA_RS14080,1,0.9003393054008484,0.8756749033927917,0.9045748710632324,0.8930620551109314,0.8280186057090759,0.9096271991729736,0.9196435809135437,0.8199511766433716,0.9278853535652161,0.9446835517883301,0.8923460602760315,1
CGTRNA_RS14045,CGTRNA_RS14030,0,0.0008809251594357193,0.001654176041483879,0.00470851780846715,0.0019505770178511739,0.0047025480307638645,0.01235958281904459,0.0014021757524460554,0.002050920156762004,0.0035624990705400705,0.0011820475338026881,0.0034453969390597196,0
CGTRNA_RS14030,CGTRNA_RS14010,0,0.00378278992138803,0.0017854544566944242,0.007726341485977173,0.0034205119591206312,0.005157009698450565,0.030473534017801285,0.011914582923054695,0.0017107630847021937,0.005101076792925596,0.001034596818499267,0.007210666115861386,0
CGTRNA_RS14010,CGTRNA_RS14005,1,0.6194398403167725,0.7698060274124146,0.7445712089538574,0.6712228059768677,0.5989301204681396,0.7924361824989319,0.7984830737113953,0.4774940609931946,0.845237672328949,0.7330904006958008,0.7050711393356324,1
CGTRNA_RS14005,CGTRNA_RS14000,0,0.5323321223258972,0.7354273200035095,0.6339791417121887,0.8337628841400146,0.57313072681427,0.7176135778427124,0.5138118267059326,0.42040446400642395,0.5894111394882202,0.6296767592430115,0.617954996228218,1
CGTRNA_RS14000,CGTRNA_RS13995,1,0.9868128895759583,0.977410078048706,0.9724730253219604,0.9880467057228088,0.9490587711334229,0.979762852191925,0.9933434128761292,0.9696391820907593,0.9828982949256897,0.977799654006958,0.9777244865894318,1
CGTRNA_RS13995,CGTRNA_RS13990,1,0.9754971861839294,0.9458582401275635,0.9474915862083435,0.935335636138916,0.8497544527053833,0.9671605229377747,0.9282742142677307,0.9349414110183716,0.9602309465408325,0.9489055871963501,0.9393449783325195,1
CGTRNA_RS13990,CGTRNA_RS13980,0,0.012374280951917171,0.014397640712559223,0.01945412904024124,0.04367612302303314,0.04534633830189705,0.1277378797531128,0.13227930665016174,0.04918829724192619,0.04323578625917435,0.02097020111978054,0.05086599830538034,0
CGTRNA_RS13980,CGTRNA_RS13970,0,0.052409663796424866,0.019006995484232903,0.026236694306135178,0.016410572454333305,0.03896458446979523,0.05037762597203255,0.012463831342756748,0.01699414849281311,0.06352898478507996,0.017263377085328102,0.03136564781889319,0
CGTRNA_RS13970,CGTRNA_RS13965,1,0.9545281529426575,0.8859373331069946,0.8932583332061768,0.8932570219039917,0.6774766445159912,0.915245532989502,0.8150942921638489,0.8352710008621216,0.7994312047958374,0.8449105620384216,0.8514410078525543,1
CGTRNA_RS13965,CGTRNA_RS13960,0,0.5390043258666992,0.4772765338420868,0.34058305621147156,0.7942394614219666,0.6076385378837585,0.5773026943206787,0.5315715074539185,0.37950047850608826,0.48756733536720276,0.5724596381187439,0.5307143568992615,1
CGTRNA_RS13960,CGTRNA_RS13955,1,0.9679642915725708,0.9575251340866089,0.9393098950386047,0.911138653755188,0.7994303703308105,0.9588808417320251,0.9271720051765442,0.8857651948928833,0.9186400175094604,0.9168204665184021,0.9182646870613098,1
CGTRNA_RS13955,CGTRNA_RS13950,1,0.9567950963973999,0.9343423247337341,0.9213082194328308,0.8866862058639526,0.7487342953681946,0.9284635782241821,0.8329466581344604,0.9118038415908813,0.944502592086792,0.8792027831077576,0.8944785594940186,1
CGTRNA_RS13950,CGTRNA_RS13940,0,0.04650072008371353,0.10308710485696793,0.22596105933189392,0.018815042451024055,0.04253871366381645,0.08541235327720642,0.1377566158771515,0.10960675030946732,0.05449419841170311,0.00876297801733017,0.08329355362802744,0
CGTRNA_RS13940,CGTRNA_RS13935,1,0.5386677980422974,0.8320070505142212,0.7862468957901001,0.7516613006591797,0.6757239699363708,0.856337308883667,0.8059508800506592,0.7724769711494446,0.858762800693512,0.6615434885025024,0.7539378464221954,1
CGTRNA_RS13875,CGTRNA_RS13870,0,0.22310364246368408,0.16601881384849548,0.3104393780231476,0.036741431802511215,0.11337190866470337,0.2694689631462097,0.112843818962574,0.14470626413822174,0.13155260682106018,0.183598592877388,0.16918454207479955,0
CGTRNA_RS13870,CGTRNA_RS13865,1,0.9751271605491638,0.9349750876426697,0.9332648515701294,0.9160652756690979,0.8394359350204468,0.9593615531921387,0.9021279811859131,0.9276888370513916,0.9610505700111389,0.9270023107528687,0.9276099562644958,1
CGTRNA_RS13865,CGTRNA_RS13860,1,0.9514341354370117,0.9151670932769775,0.9198479652404785,0.8929840326309204,0.7594255208969116,0.9174532294273376,0.8085570931434631,0.9082950949668884,0.8245348334312439,0.8970150947570801,0.8794714093208313,1
CGTRNA_RS13860,CGTRNA_RS13855,0,0.981806755065918,0.9731140732765198,0.97208172082901,0.9752622842788696,0.9337930679321289,0.9689527750015259,0.9906598329544067,0.9566828012466431,0.978208601474762,0.9718561768531799,0.9702418088912964,1
CGTRNA_RS13855,CGTRNA_RS13850,1,0.7394264340400696,0.8335657715797424,0.8896706104278564,0.9019997715950012,0.7008825540542603,0.7981913089752197,0.872984766960144,0.6918559074401855,0.7095423936843872,0.8142866492271423,0.7952406167984009,1
CGTRNA_RS13850,CGTRNA_RS13840,0,0.011013566516339779,0.014893792569637299,0.017971651628613472,0.0043582855723798275,0.017693664878606796,0.05041121691465378,0.01490512490272522,0.0123755419626832,0.011609611101448536,0.012395348399877548,0.016762780444696545,0
CGTRNA_RS13840,CGTRNA_RS13835,1,0.9716911315917969,0.9343251585960388,0.9343209266662598,0.9437100887298584,0.7923896908760071,0.9470282793045044,0.9301888942718506,0.919960618019104,0.8844032883644104,0.9354897737503052,0.9193507850170135,1
CGTRNA_RS13835,CGTRNA_RS13830,1,0.548873245716095,0.20098541676998138,0.5291095972061157,0.2544107735157013,0.6951245665550232,0.4890522062778473,0.5259467959403992,0.2498624622821808,0.5712323784828186,0.3678544759750366,0.4432451918721199,0
CGTRNA_RS13830,CGTRNA_RS13825,1,0.9666618704795837,0.9728437662124634,0.9624781608581543,0.9627605080604553,0.9428160190582275,0.9522062540054321,0.9811460375785828,0.9564774036407471,0.9145801663398743,0.9636272192001343,0.9575597405433655,1
CGTRNA_RS13825,CGTRNA_RS13820,0,0.09159915149211884,0.1676621437072754,0.21176029741764069,0.05482865869998932,0.12335570901632309,0.2189825028181076,0.05940394103527069,0.13509601354599,0.09025169163942337,0.08430071920156479,0.12372408285737038,0
CGTRNA_RS13820,CGTRNA_RS13805,0,0.006077432539314032,0.007212426513433456,0.004604927264153957,0.002127105835825205,0.003219682490453124,0.024966532364487648,0.004959423094987869,0.004424662794917822,0.01243328396230936,0.0021889074705541134,0.007221438433043658,0
CGTRNA_RS13805,CGTRNA_RS13775,0,0.004646378103643656,0.005186537746340036,0.0005241825710982084,0.01799735240638256,0.011841926723718643,0.02474796772003174,0.0030658310279250145,0.0027784029953181744,0.01015110407024622,0.0014272314729169011,0.008236691483762115,0
CGTRNA_RS13775,CGTRNA_RS13770,0,0.9659050703048706,0.947088360786438,0.9247477054595947,0.93722003698349,0.9215271472930908,0.9561620354652405,0.9042046070098877,0.941016435623169,0.9655852913856506,0.9196100234985352,0.9383066713809967,1
CGTRNA_RS13770,CGTRNA_RS13745,0,0.001243026927113533,0.0015612490242347121,0.0013558580540120602,0.006067115813493729,0.0034625250846147537,0.00901139248162508,0.0014071413315832615,0.0024634229484945536,0.001960755093023181,0.00023604149464517832,0.0028768528252840044,0
CGTRNA_RS13725,CGTRNA_RS13720,1,0.6814832091331482,0.7943390607833862,0.7188866138458252,0.6898955702781677,0.6866024732589722,0.8474116325378418,0.7682629227638245,0.7926561832427979,0.9212499260902405,0.8182379007339478,0.7719025492668152,1
CGTRNA_RS13720,CGTRNA_RS13715,1,0.874739408493042,0.7750494480133057,0.7492225766181946,0.5978122353553772,0.7579286098480225,0.7979983687400818,0.8128005266189575,0.6238265633583069,0.7076749205589294,0.7465793490409851,0.7443632006645202,1
CGTRNA_RS13715,CGTRNA_RS13710,1,0.732305645942688,0.8353695869445801,0.8896905183792114,0.8904412388801575,0.8677258491516113,0.8759660720825195,0.7181239128112793,0.7488470673561096,0.8467571139335632,0.9130784869194031,0.8318305492401123,1
CGTRNA_RS13710,CGTRNA_RS13705,1,0.9726786017417908,0.9710453748703003,0.9514327049255371,0.9400050640106201,0.8327196836471558,0.9607439637184143,0.9728385806083679,0.9425814151763916,0.9247384071350098,0.9559017419815063,0.9424685537815094,1
CGTRNA_RS13705,CGTRNA_RS13700,1,0.551881730556488,0.8950713872909546,0.8125170469284058,0.8426422476768494,0.8160258531570435,0.8384464979171753,0.8613701462745667,0.8716042637825012,0.856375515460968,0.9235910773277283,0.8269525766372681,1
CGTRNA_RS13700,CGTRNA_RS13695,1,0.5576174259185791,0.6464409828186035,0.5919923782348633,0.8298426866531372,0.7129729986190796,0.634901225566864,0.6500617861747742,0.5993103384971619,0.6743131875991821,0.5492392778396606,0.6446692287921906,1
CGTRNA_RS13695,CGTRNA_RS13690,0,0.7174671292304993,0.42635416984558105,0.8676732778549194,0.18524570763111115,0.44785428047180176,0.5855765342712402,0.49969813227653503,0.28092628717422485,0.43360549211502075,0.4703774154186249,0.49147784262895583,0
CGTRNA_RS13690,CGTRNA_RS13675,0,0.008691586554050446,0.02314211055636406,0.008339697495102882,0.0022540122736245394,0.01952969655394554,0.052990689873695374,0.01988271065056324,0.017066549509763718,0.040422845631837845,0.012234658002853394,0.020455455710180103,0
CGTRNA_RS13610,CGTRNA_RS13605,1,0.9749699831008911,0.9503337144851685,0.9457184076309204,0.9360227584838867,0.8302115201950073,0.9593353867530823,0.9389254450798035,0.9292483329772949,0.9632223844528198,0.9463479518890381,0.9374335885047913,1
CGTRNA_RS13560,CGTRNA_RS13535,0,0.00014484762505162507,0.0005285042570903897,0.00041385204531252384,0.0003807630273513496,0.000907852896489203,0.0030114557594060898,0.00032027080305851996,0.00044300896115601063,0.0009581981576047838,0.00010942485823761672,0.0007218178390758113,0
CGTRNA_RS13535,CGTRNA_RS13530,1,0.9472416639328003,0.8713361024856567,0.8982729315757751,0.863383948802948,0.8180575370788574,0.7624709010124207,0.7949853539466858,0.6894693970680237,0.8355136513710022,0.8035067319869995,0.828423821926117,1
CGTRNA_RS13530,CGTRNA_RS13525,1,0.841910183429718,0.8249582648277283,0.7533238530158997,0.829888105392456,0.754282534122467,0.8585236668586731,0.8090096712112427,0.5946499705314636,0.7827429175376892,0.8378735184669495,0.7887162685394287,1
CGTRNA_RS13525,CGTRNA_RS13520,1,0.9842602014541626,0.9735385775566101,0.9699426889419556,0.9773328304290771,0.9373766779899597,0.9655722379684448,0.990999162197113,0.9719939231872559,0.9778786897659302,0.9786832928657532,0.9727578282356262,1
CGTRNA_RS13520,CGTRNA_RS13475,0,4.4891159632243216e-05,0.0006314714555628598,0.00024201445921789855,0.00014457399083767086,0.0003480481682345271,0.000838850624859333,0.00018294292385689914,0.00017659015429671854,0.0005478888051584363,4.091068694833666e-05,0.00031981824286049233,0
CGTRNA_RS13475,CGTRNA_RS13470,1,0.9553181529045105,0.906975507736206,0.9163399934768677,0.8758375644683838,0.6858180165290833,0.8964638113975525,0.8531979322433472,0.8697997331619263,0.8290454149246216,0.896709680557251,0.8685505807399749,1
CGTRNA_RS13470,CGTRNA_RS13465,1,0.9609801173210144,0.932367205619812,0.9525609612464905,0.9259251356124878,0.9107585549354553,0.9316426515579224,0.9448343515396118,0.9566965103149414,0.9350053071975708,0.9720087051391602,0.9422779500484466,1
CGTRNA_RS13465,CGTRNA_RS13460,1,0.963994562625885,0.9592852592468262,0.9362337589263916,0.9203277826309204,0.7646255493164062,0.9417673349380493,0.9577479362487793,0.9168952703475952,0.8410428166389465,0.9378211498260498,0.9139741420745849,1
CGTRNA_RS13460,CGTRNA_RS13455,1,0.9595997333526611,0.9573016166687012,0.9373760223388672,0.8856686949729919,0.7594351172447205,0.935437023639679,0.9542734622955322,0.9037970304489136,0.8452215790748596,0.9193927049636841,0.9057502985000611,1
CGTRNA_RS13455,CGTRNA_RS13450,1,0.9858608245849609,0.9648998975753784,0.9750564098358154,0.9713903665542603,0.9550890326499939,0.9579110145568848,0.9863535165786743,0.9307727217674255,0.9756068587303162,0.9372236132621765,0.9640164256095887,1
CGTRNA_RS13450,CGTRNA_RS13445,1,0.974861204624176,0.9565887451171875,0.9460403919219971,0.9488787055015564,0.8156993985176086,0.9593151211738586,0.9521157741546631,0.9381512999534607,0.9102956652641296,0.9541960954666138,0.9356142401695251,1
CGTRNA_RS13445,CGTRNA_RS13440,1,0.9609537720680237,0.9575338363647461,0.9403268694877625,0.8832915425300598,0.7717247605323792,0.9447627067565918,0.9513858556747437,0.9031625986099243,0.922309398651123,0.8992374539375305,0.9134688794612884,1
CGTRNA_RS13440,CGTRNA_RS13435,1,0.9660232067108154,0.9379482865333557,0.9377163648605347,0.9405968189239502,0.8049401044845581,0.9471126198768616,0.9496961832046509,0.9248175024986267,0.8975769877433777,0.9497073888778687,0.92561354637146,1
CGTRNA_RS13435,CGTRNA_RS13430,1,0.45509985089302063,0.6634492874145508,0.6022728681564331,0.800084114074707,0.5508344173431396,0.44739648699760437,0.6123995780944824,0.39841729402542114,0.3822984993457794,0.6721860766410828,0.5584438472986222,1
CGTRNA_RS13420,CGTRNA_RS13415,0,0.26608771085739136,0.13491331040859222,0.193723663687706,0.022032098844647408,0.08400154113769531,0.18395419418811798,0.1137443259358406,0.13175801932811737,0.08930707722902298,0.09409011900424957,0.13136120606213808,0
CGTRNA_RS13415,CGTRNA_RS13395,0,0.00038391660200431943,0.0012749441666528583,0.001337943016551435,0.00013178437075112015,0.002318154787644744,0.005116336978971958,0.003217716934159398,0.0013286169851198792,0.004133140202611685,0.00025511387502774596,0.0019497667919495143,0
CGTRNA_RS13380,CGTRNA_RS13375,1,0.9583848118782043,0.9351820945739746,0.9466856718063354,0.9709171056747437,0.9026244282722473,0.9568343758583069,0.948549211025238,0.9096980094909668,0.9458720088005066,0.9584314227104187,0.9433179140090943,1
CGTRNA_RS13375,CGTRNA_RS13370,1,0.9762654304504395,0.954734742641449,0.9346339702606201,0.9170758724212646,0.8341120481491089,0.966055691242218,0.9393258094787598,0.9220619797706604,0.955272376537323,0.9323301315307617,0.9331868052482605,1
CGTRNA_RS13370,CGTRNA_RS13365,1,0.9874212145805359,0.9771314859390259,0.9738922119140625,0.9797494411468506,0.9557376503944397,0.9799147844314575,0.9959371089935303,0.9742682576179504,0.982533872127533,0.9789877533912659,0.9785573780536652,1
CGTRNA_RS13365,CGTRNA_RS13360,1,0.945350706577301,0.9635746479034424,0.9076029658317566,0.8638678193092346,0.6594440937042236,0.8946539759635925,0.937018871307373,0.8711458444595337,0.7928920984268188,0.8938502669334412,0.8729401290416717,1
CGTRNA_RS13360,CGTRNA_RS13350,0,0.004835521336644888,0.008712146431207657,0.010482125915586948,0.0019481983035802841,0.010378253646194935,0.02196725271642208,0.0042961067520082,0.006799830123782158,0.013310886919498444,0.0009199134656228125,0.00836502356105484,0
CGTRNA_RS13350,CGTRNA_RS13345,1,0.9837310910224915,0.9580091834068298,0.9380753636360168,0.9810248613357544,0.9384633898735046,0.9613714814186096,0.979889452457428,0.9429472088813782,0.9641313552856445,0.9618642926216125,0.960950767993927,1
CGTRNA_RS13345,CGTRNA_RS13340,1,0.863727331161499,0.9087710380554199,0.708611011505127,0.8971589207649231,0.7582889795303345,0.8385052680969238,0.5089595317840576,0.9149196147918701,0.7995051145553589,0.9164665341377258,0.811491334438324,1
CGTRNA_RS13340,CGTRNA_RS13335,1,0.7588781118392944,0.9358579516410828,0.8815724849700928,0.9629767537117004,0.8960602879524231,0.8808941841125488,0.9704633951187134,0.9103158712387085,0.8221959471702576,0.87928307056427,0.8898498058319092,1
CGTRNA_RS13335,CGTRNA_RS13330,1,0.960517942905426,0.901730477809906,0.9047743678092957,0.949614942073822,0.7534502744674683,0.9202643632888794,0.9337899684906006,0.8719500303268433,0.8878006339073181,0.8933588862419128,0.8977251887321472,1
CGTRNA_RS13330,CGTRNA_RS13325,1,0.9195613861083984,0.9162377119064331,0.8284608721733093,0.7434984445571899,0.6148346662521362,0.840268611907959,0.7839692831039429,0.7349889278411865,0.8155996203422546,0.7114570140838623,0.7908876538276672,1
CGTRNA_RS13325,CGTRNA_RS13320,1,0.9619864821434021,0.9265937805175781,0.9332703948020935,0.9423518180847168,0.7562457919120789,0.9455314874649048,0.9069403409957886,0.8984257578849792,0.8372763991355896,0.9268638491630554,0.9035486102104187,1
CGTRNA_RS13320,CGTRNA_RS13315,1,0.9732566475868225,0.9430738687515259,0.936050534248352,0.9284284710884094,0.832042396068573,0.962639331817627,0.9175281524658203,0.9224720597267151,0.952080249786377,0.9447586536407471,0.931233036518097,1
CGTRNA_RS13315,CGTRNA_RS13310,1,0.9805423617362976,0.9721676111221313,0.985392689704895,0.9803953766822815,0.965878963470459,0.9712416529655457,0.9881964325904846,0.9635673761367798,0.9758899807929993,0.9786267280578613,0.9761899173259735,1
CGTRNA_RS13310,CGTRNA_RS13305,1,0.9320237636566162,0.9103313684463501,0.9059391021728516,0.8496182560920715,0.8987101912498474,0.8859437704086304,0.8458471298217773,0.7408855557441711,0.8672671914100647,0.7178703546524048,0.8554436683654785,1
CGTRNA_RS13305,CGTRNA_RS13300,1,0.9674183130264282,0.9513397812843323,0.9220588207244873,0.9150230288505554,0.827593207359314,0.9240378141403198,0.9676183462142944,0.9179614186286926,0.8961946964263916,0.9171883463859558,0.9206433773040772,1
CGTRNA_RS13300,CGTRNA_RS13295,1,0.947645902633667,0.9286278486251831,0.9146566987037659,0.8878558874130249,0.6406089663505554,0.9014477729797363,0.8613588213920593,0.8301640748977661,0.7954548597335815,0.8726634979248047,0.8580484330654145,1
CGTRNA_RS13295,CGTRNA_RS13290,1,0.6633622050285339,0.7845353484153748,0.7104326486587524,0.6645489931106567,0.7665114998817444,0.738191545009613,0.8131866455078125,0.7725411057472229,0.7499157786369324,0.7248337268829346,0.7388059496879578,1
CGTRNA_RS13290,CGTRNA_RS13285,0,0.29440560936927795,0.23604649305343628,0.4119492769241333,0.04926416650414467,0.16241812705993652,0.25953471660614014,0.07917112857103348,0.08157078921794891,0.16419069468975067,0.05758482962846756,0.17961358316242695,0
CGTRNA_RS13285,CGTRNA_RS13280,0,0.7566837668418884,0.834517240524292,0.8025091886520386,0.8563234210014343,0.8262597918510437,0.9016771912574768,0.8883419632911682,0.7321878671646118,0.9100841879844666,0.9325838088989258,0.8441168427467346,1
CGTRNA_RS13280,CGTRNA_RS13245,0,0.00018839124822989106,0.0033722813241183758,0.0017328924732282758,0.00035849923733621836,0.0013638396048918366,0.0015493941027671099,0.004568418022245169,0.0009404786978848279,0.0010165859712287784,0.00010774726251838729,0.001519852794444887,0
CGTRNA_RS13245,CGTRNA_RS13240,0,0.21800199151039124,0.116160087287426,0.3387177884578705,0.058749008923769,0.07008394598960876,0.24456104636192322,0.2534453868865967,0.09176171571016312,0.06960906088352203,0.0925380066037178,0.15536280386149884,0
CGTRNA_RS13215,CGTRNA_RS13210,0,0.1396106630563736,0.04376786947250366,0.032042428851127625,0.005891471169888973,0.034322962164878845,0.1295188069343567,0.048484917730093,0.02820098027586937,0.08536060154438019,0.024366052821278572,0.05715667540207505,0
CGTRNA_RS13210,CGTRNA_RS13205,1,0.674545168876648,0.7873709797859192,0.8208478689193726,0.7536861300468445,0.672012984752655,0.5798612236976624,0.8530808687210083,0.3961602449417114,0.4501696825027466,0.6491286754608154,0.6636863827705384,1
CGTRNA_RS13205,CGTRNA_RS13175,0,0.00012240362411830574,0.0009522534091956913,0.0008607005001977086,8.922135748434812e-05,0.0004017239552922547,0.0009273805771954358,0.00023784652876202017,0.00025913427816703916,0.0006592925637960434,4.632907803170383e-05,0.0004556285872240551,0
CGTRNA_RS13175,CGTRNA_RS13170,1,0.9887180924415588,0.9903173446655273,0.9860309958457947,0.9932176470756531,0.9807649254798889,0.9785839319229126,0.9970462918281555,0.9857349395751953,0.979127824306488,0.9641382098197937,0.9843680202960968,1
CGTRNA_RS13170,CGTRNA_RS13165,1,0.9747193455696106,0.9685425758361816,0.9475967288017273,0.9236481189727783,0.8581011295318604,0.951928973197937,0.9606461524963379,0.9469247460365295,0.9137110710144043,0.9508917331695557,0.9396710574626923,1
CGTRNA_RS13165,CGTRNA_RS13160,1,0.7346706390380859,0.6310914158821106,0.822197675704956,0.5199940204620361,0.6724352240562439,0.6862759590148926,0.6632444262504578,0.479419082403183,0.6262739896774292,0.6507797241210938,0.6486382156610488,1
CGTRNA_RS13160,CGTRNA_RS13150,0,0.06419805437326431,0.03059302270412445,0.0897236168384552,0.1069844514131546,0.04109221324324608,0.09796138852834702,0.01525420043617487,0.02048478275537491,0.053579047322273254,0.005214349832385778,0.05250851274468005,0
CGTRNA_RS13150,CGTRNA_RS13125,0,0.0012334056664258242,0.005828577093780041,0.002404644852504134,0.0168888159096241,0.02258278988301754,0.02181990258395672,0.027208266779780388,0.007392227184027433,0.005542868748307228,0.005103990901261568,0.011600548960268497,0
CGTRNA_RS13125,CGTRNA_RS13120,1,0.9055339694023132,0.9440448880195618,0.8454271554946899,0.816872775554657,0.5586856603622437,0.8372907042503357,0.908690333366394,0.7874628305435181,0.7278394103050232,0.7582808136940002,0.8090128540992737,1
CGTRNA_RS13120,CGTRNA_RS13100,0,0.0022717458195984364,0.0018533479887992144,0.003085280302911997,0.003368987236171961,0.003990983124822378,0.016769347712397575,0.006742816884070635,0.0020576135721057653,0.0058813863433897495,0.0006709161098115146,0.004669242509407923,0
CGTRNA_RS13100,CGTRNA_RS13095,1,0.877832293510437,0.9521105885505676,0.9021795988082886,0.9152199029922485,0.8983238935470581,0.9032101631164551,0.9451892971992493,0.9207448363304138,0.9326579570770264,0.9244981408119202,0.9171966671943664,1
CGTRNA_RS13095,CGTRNA_RS13090,1,0.9360142946243286,0.9125680923461914,0.8876630663871765,0.6820282936096191,0.7849565744400024,0.8495786786079407,0.8806484341621399,0.8194984793663025,0.8688557744026184,0.8520093560218811,0.84738210439682,1
CGTRNA_RS13090,CGTRNA_RS13085,1,0.5365439057350159,0.7655223608016968,0.7726972699165344,0.6185283660888672,0.7215660214424133,0.7470657825469971,0.7325026988983154,0.6951311826705933,0.7528108358383179,0.6983697414398193,0.7040738165378571,1
CGTRNA_RS13085,CGTRNA_RS13080,1,0.9262493848800659,0.8630822896957397,0.9035866260528564,0.986960768699646,0.9081425666809082,0.9105732440948486,0.966014564037323,0.9126323461532593,0.9570209383964539,0.858102023601532,0.9192364752292633,1
CGTRNA_RS13080,CGTRNA_RS13075,1,0.9838290214538574,0.9743122458457947,0.9780417680740356,0.9746860265731812,0.9533656239509583,0.9717893004417419,0.9915083646774292,0.9668254852294922,0.9707871079444885,0.9783607125282288,0.9743505656719208,1
CGTRNA_RS13075,CGTRNA_RS13070,1,0.7388717532157898,0.4930405616760254,0.6712900996208191,0.4605708122253418,0.6436567902565002,0.6321653723716736,0.7063148021697998,0.4654970169067383,0.548921525478363,0.5847786068916321,0.5945107340812683,1
CGTRNA_RS12975,CGTRNA_RS12970,1,0.6106418967247009,0.6387739777565002,0.6615221500396729,0.32506951689720154,0.5439743399620056,0.6150819659233093,0.6217595934867859,0.6469021439552307,0.563275158405304,0.7588847279548645,0.5985885471105575,1
CGTRNA_RS12970,CGTRNA_RS12960,0,0.015363291837275028,0.020714858546853065,0.006432115100324154,0.0020981761626899242,0.004528104793280363,0.03757353499531746,0.009718925692141056,0.009222780354321003,0.022317729890346527,0.013483300805091858,0.014145281817764043,0
CGTRNA_RS12960,CGTRNA_RS12955,0,0.12330642342567444,0.06297394633293152,0.1172814592719078,0.011889316141605377,0.05644218996167183,0.1408987045288086,0.11175720393657684,0.08382202684879303,0.054454755038022995,0.08671694248914719,0.08495429679751396,0
CGTRNA_RS12955,CGTRNA_RS12950,1,0.9427477717399597,0.9029144048690796,0.9334248304367065,0.9077211022377014,0.8972591757774353,0.9413353204727173,0.9152792692184448,0.846655011177063,0.9161100387573242,0.93613201379776,0.9139578938484192,1
CGTRNA_RS12950,CGTRNA_RS12945,0,0.3173691928386688,0.25083842873573303,0.18733792006969452,0.2480958104133606,0.6643831729888916,0.6631947159767151,0.21263690292835236,0.43164631724357605,0.6712798476219177,0.3589819073677063,0.40057642161846163,0
CGTRNA_RS12945,CGTRNA_RS12925,0,0.0015151593834161758,0.004858517087996006,0.020501449704170227,0.0008923605200834572,0.0020462041720747948,0.004635373596101999,0.002956246957182884,0.0019348310306668282,0.00402835663408041,0.0008606274495832622,0.004422912653535604,0
CGTRNA_RS12925,CGTRNA_RS12920,1,0.9563731551170349,0.8698704838752747,0.9011229872703552,0.7917808890342712,0.8019711971282959,0.8813005089759827,0.8820270895957947,0.7966510057449341,0.9464069604873657,0.7935336232185364,0.8621037900447845,1
CGTRNA_RS12920,CGTRNA_RS12915,1,0.9503312110900879,0.9574240446090698,0.9630354046821594,0.9634759426116943,0.9378215074539185,0.9709100723266602,0.9729600548744202,0.9519992470741272,0.9656235575675964,0.97259920835495,0.9606180250644684,1
CGTRNA_RS12915,CGTRNA_RS12910,1,0.4990745782852173,0.6695235967636108,0.6888608932495117,0.5693018436431885,0.6007637977600098,0.5827574729919434,0.7029160261154175,0.5903465151786804,0.6078841686248779,0.7607975006103516,0.6272226393222808,1
CGTRNA_RS12910,CGTRNA_RS12905,1,0.9772972464561462,0.9513723254203796,0.9624279141426086,0.9869587421417236,0.9130483269691467,0.9388810992240906,0.9524645805358887,0.8951529264450073,0.9374930262565613,0.8900370597839355,0.9405133247375488,1
CGTRNA_RS12905,CGTRNA_RS12890,0,0.009468933567404747,0.012270859442651272,0.013669250532984734,0.0024178570602089167,0.0038633819203823805,0.01769678294658661,0.008167944848537445,0.008397922851145267,0.011348934844136238,0.0077991182915866375,0.009510098630562425,0
CGTRNA_RS12890,CGTRNA_RS12885,0,0.6647754311561584,0.5871388912200928,0.2722512483596802,0.7724303007125854,0.6644404530525208,0.6628520488739014,0.7929282188415527,0.38346806168556213,0.6731340885162354,0.7122504711151123,0.6185669213533401,1
CGTRNA_RS12885,CGTRNA_RS12875,0,0.015214760787785053,0.019923057407140732,0.018234342336654663,0.009853721596300602,0.013083943165838718,0.04092387855052948,0.020518045872449875,0.01750800758600235,0.009856624528765678,0.0012129471870139241,0.016632932901848106,0
CGTRNA_RS12875,CGTRNA_RS12870,1,0.7309243679046631,0.9393657445907593,0.8673573136329651,0.8613842725753784,0.8116980195045471,0.8536893129348755,0.9430322647094727,0.750779390335083,0.9216064810752869,0.8864401578903198,0.8566277325153351,1
CGTRNA_RS12870,CGTRNA_RS12865,1,0.9197232723236084,0.9189950227737427,0.9017782211303711,0.9553400278091431,0.9310551285743713,0.9092000126838684,0.8848358988761902,0.8347440958023071,0.932124137878418,0.845480740070343,0.9033276557922363,1
CGTRNA_RS12865,CGTRNA_RS12860,0,0.008141279220581055,0.013236154802143574,0.016909603029489517,0.002401526551693678,0.009051786735653877,0.03120068646967411,0.010404258035123348,0.008359326981008053,0.014471515081822872,0.0013643839629366994,0.011554052087012679,0
CGTRNA_RS12860,CGTRNA_RS12855,0,0.49631059169769287,0.5317512154579163,0.5420289635658264,0.3031264543533325,0.19091400504112244,0.38706979155540466,0.5573258996009827,0.07260672748088837,0.20187333226203918,0.1734096109867096,0.3456416592001915,0
CGTRNA_RS12855,CGTRNA_RS12850,0,0.5169506669044495,0.18392221629619598,0.3387047350406647,0.25169646739959717,0.47022783756256104,0.47800981998443604,0.29255643486976624,0.2503921687602997,0.4246865212917328,0.2455531805753708,0.3452700048685074,0
CGTRNA_RS12850,CGTRNA_RS12845,0,0.7280218005180359,0.7047402262687683,0.33918535709381104,0.23416198790073395,0.6208697557449341,0.712715208530426,0.5385090112686157,0.3291468918323517,0.7858965396881104,0.5989210605621338,0.5592167839407921,1
CGTRNA_RS12845,CGTRNA_RS12830,0,0.000947287306189537,0.009280438534915447,0.0074647399596869946,0.0015119747258722782,0.00201817718334496,0.0019021924817934632,0.004902427550405264,0.002451878972351551,0.0012630876153707504,0.0004935536999255419,0.003223575802985579,0
CGTRNA_RS12830,CGTRNA_RS12825,1,0.8473783135414124,0.9106044173240662,0.9501528739929199,0.9611489772796631,0.8499399423599243,0.9181601405143738,0.9329357147216797,0.8906344175338745,0.895462155342102,0.979786217212677,0.9136203169822693,1
CGTRNA_RS12825,CGTRNA_RS12820,1,0.9700098633766174,0.9431666731834412,0.9362474679946899,0.9328263998031616,0.7922758460044861,0.9481483697891235,0.922957181930542,0.9159829616546631,0.9654855728149414,0.9188362956047058,0.9245936632156372,1
CGTRNA_RS12820,CGTRNA_RS12815,1,0.9776928424835205,0.9658087491989136,0.9673569202423096,0.976450502872467,0.9177345633506775,0.9442815780639648,0.9888280630111694,0.9412208795547485,0.953598141670227,0.9237103462219238,0.9556682586669922,1
CGTRNA_RS12815,CGTRNA_RS12810,1,0.48848605155944824,0.7868626117706299,0.7306539416313171,0.8048316240310669,0.5038208961486816,0.6690411567687988,0.8947006464004517,0.36415788531303406,0.47785982489585876,0.4594004452228546,0.6179815083742142,1
CGTRNA_RS12810,CGTRNA_RS12800,0,0.006307654548436403,0.00549502344802022,0.0004486591788008809,0.0031038743909448385,0.009651392698287964,0.017070965841412544,0.0026817431207746267,0.0019596414640545845,0.012761195190250874,0.001789919100701809,0.0061270068981684744,0
CGTRNA_RS12800,CGTRNA_RS12795,1,0.5475360155105591,0.8369381427764893,0.7427231073379517,0.8153913021087646,0.6938539147377014,0.6639800071716309,0.39272263646125793,0.6451003551483154,0.7591422200202942,0.904071033000946,0.7001458734273911,1
CGTRNA_RS12795,CGTRNA_RS12790,1,0.9307945370674133,0.9197333455085754,0.9427275657653809,0.9326640963554382,0.8134782910346985,0.9074867367744446,0.8925109505653381,0.8877863883972168,0.8182696104049683,0.9603387713432312,0.9005790293216706,1
CGTRNA_RS12770,CGTRNA_RS12760,0,0.01953248120844364,0.025389257818460464,0.00794341042637825,0.028530312702059746,0.031180988997220993,0.03385862335562706,0.0486735925078392,0.010365474969148636,0.03557465225458145,0.0051126424223184586,0.02461614366620779,0
CGTRNA_RS12760,CGTRNA_RS12750,0,0.07276546210050583,0.042430561035871506,0.02398672327399254,0.023754803463816643,0.04809543117880821,0.10347307473421097,0.06997152417898178,0.02927079237997532,0.1696321815252304,0.014733154326677322,0.05981137081980705,0
CGTRNA_RS12750,CGTRNA_RS12745,0,0.7172331809997559,0.541954517364502,0.5142112374305725,0.7612495422363281,0.6310580968856812,0.7127162218093872,0.6673341393470764,0.4885900020599365,0.7492149472236633,0.5745946168899536,0.6358156502246857,1
CGTRNA_RS12705,CGTRNA_RS12700,1,0.6318560838699341,0.7560994625091553,0.7081807851791382,0.8606722354888916,0.742236316204071,0.7192367911338806,0.7393150329589844,0.619426429271698,0.8751589059829712,0.8510372638702393,0.7503219306468963,1
CGTRNA_RS12685,CGTRNA_RS12680,1,0.9702339768409729,0.9333754181861877,0.9137411117553711,0.9284945726394653,0.834526002407074,0.9373601675033569,0.9706195592880249,0.8519443273544312,0.9122651815414429,0.909920871257782,0.9162481188774109,1
CGTRNA_RS12665,CGTRNA_RS12650,0,0.00040936333243735135,0.0005840668454766273,0.0003262799291405827,0.00023897631035652012,0.0007013187860138714,0.004530299920588732,0.00033985378104262054,0.0005412058089859784,0.0016657906817272305,4.9445414333604276e-05,0.0009386600810103119,0
CGTRNA_RS12650,CGTRNA_RS12640,0,0.02301434613764286,0.01612837053835392,0.004840153735131025,0.012351692654192448,0.03832048177719116,0.04192696511745453,0.019535204395651817,0.010478703305125237,0.06270373612642288,0.007283907383680344,0.02365835611708462,0
CGTRNA_RS12570,CGTRNA_RS12565,0,0.3711685538291931,0.4458896517753601,0.4640331268310547,0.187799334526062,0.22054514288902283,0.40213388204574585,0.5661738514900208,0.11889021098613739,0.19647444784641266,0.10735975205898285,0.3080467954277992,0
CGTRNA_RS12520,CGTRNA_RS12515,1,0.6562833786010742,0.7579243779182434,0.8073725700378418,0.8902820348739624,0.7686994671821594,0.7159891724586487,0.895815372467041,0.6111356616020203,0.5959487557411194,0.7796755433082581,0.7479126334190369,1
CGTRNA_RS12495,CGTRNA_RS12490,1,0.8210880160331726,0.8960469365119934,0.8721620440483093,0.8780514597892761,0.8247078061103821,0.9131462574005127,0.9308633804321289,0.8464654088020325,0.9312516450881958,0.9177470207214355,0.8831529974937439,1
CGTRNA_RS12490,CGTRNA_RS12485,1,0.9754387736320496,0.8995652794837952,0.8776774406433105,0.9726519584655762,0.9316968321800232,0.9639951586723328,0.9414211511611938,0.9078609347343445,0.9732182025909424,0.8105452060699463,0.9254070937633514,1
CGTRNA_RS12485,CGTRNA_RS12475,0,0.0007291412330232561,0.002755766035988927,0.0010655756341293454,0.0008009742596186697,0.0077039687894284725,0.007169360760599375,0.0020019961521029472,0.0037376657128334045,0.0032141509000211954,0.0005455209175124764,0.002972412039525807,0
CGTRNA_RS12475,CGTRNA_RS12470,0,0.010019793175160885,0.19101887941360474,0.18982182443141937,0.0015237375628203154,0.02956732176244259,0.05721311271190643,0.0481635220348835,0.08278823643922806,0.0038117372896522284,0.008048965595662594,0.06219771304167807,0
CGTRNA_RS12470,CGTRNA_RS12465,1,0.4524734318256378,0.2717364430427551,0.4045698344707489,0.4266822338104248,0.4024382531642914,0.6113353967666626,0.23825423419475555,0.36652660369873047,0.427203506231308,0.6836546063423157,0.42848745435476304,0
CGTRNA_RS12465,CGTRNA_RS12460,1,0.9025928378105164,0.9190912842750549,0.8921239972114563,0.9060165882110596,0.8022959232330322,0.8672822713851929,0.8905596137046814,0.8484084010124207,0.8244861960411072,0.9261929392814636,0.8779050052165985,1
CGTRNA_RS12460,CGTRNA_RS12450,0,0.1515551209449768,0.07176380604505539,0.11734520643949509,0.011747615411877632,0.0510985292494297,0.19780057668685913,0.11507678031921387,0.047907233238220215,0.05876507610082626,0.06254728138446808,0.08856072258204221,0
CGTRNA_RS12450,CGTRNA_RS12435,0,0.0005051526241004467,0.0015131300315260887,0.0011123105650767684,0.00023206295736599714,0.0009041253360919654,0.003964016679674387,0.0008671831456013024,0.0009634060552343726,0.0016883196076378226,0.0001634949294384569,0.0011913201931747607,0
CGTRNA_RS12435,CGTRNA_RS12430,0,0.20253798365592957,0.12525127828121185,0.08489622175693512,0.05349263548851013,0.1482437252998352,0.3381161391735077,0.07811152935028076,0.16941674053668976,0.30516505241394043,0.08960774540901184,0.15948390513658522,0
CGTRNA_RS12430,CGTRNA_RS12425,0,0.3057440221309662,0.17017357051372528,0.147370383143425,0.08009817451238632,0.12886308133602142,0.32897335290908813,0.26184728741645813,0.09385740756988525,0.13005100190639496,0.1591927409172058,0.18061710223555566,0
CGTRNA_RS12425,CGTRNA_RS12420,1,0.968126654624939,0.7598179578781128,0.8644571900367737,0.8406373858451843,0.8757210373878479,0.9035870432853699,0.891998827457428,0.8617961406707764,0.9629247784614563,0.8125418424606323,0.874160885810852,1
CGTRNA_RS12420,CGTRNA_RS12415,0,0.5394508242607117,0.6399801969528198,0.6267945170402527,0.711104154586792,0.7075732946395874,0.6381831169128418,0.7914978265762329,0.3909345269203186,0.8362329006195068,0.6707072854042053,0.6552458643913269,1
CGTRNA_RS12415,CGTRNA_RS12395,0,0.00019796400738414377,0.0004550150188151747,9.630166459828615e-05,0.00013499213673640043,0.0015196495223790407,0.00357985170558095,0.0005004025879316032,0.00041439570486545563,0.0016903076320886612,7.599934906465933e-05,0.0008664879329444375,0
CGTRNA_RS12395,CGTRNA_RS12390,1,0.960791826248169,0.9698251485824585,0.9754073619842529,0.9836388230323792,0.9479455947875977,0.9678311347961426,0.9864802956581116,0.9599441885948181,0.9746347665786743,0.9399010539054871,0.9666400194168091,1
CGTRNA_RS12390,CGTRNA_RS12385,1,0.9737539291381836,0.9706591367721558,0.9386402368545532,0.9218130111694336,0.8402100205421448,0.9354531764984131,0.9676528573036194,0.9247574806213379,0.8887567520141602,0.9404975175857544,0.9302194118499756,1
CGTRNA_RS12385,CGTRNA_RS12380,1,0.9762340784072876,0.9338362812995911,0.933417022228241,0.9313899874687195,0.8270099759101868,0.9406338334083557,0.9311853647232056,0.9208742380142212,0.9277716279029846,0.9332724213600159,0.9255624830722808,1
CGTRNA_RS12380,CGTRNA_RS12375,1,0.8384132385253906,0.9604617953300476,0.8801735639572144,0.8979707360267639,0.9422258138656616,0.941503643989563,0.9678743481636047,0.8907938003540039,0.9593076705932617,0.913935661315918,0.9192660272121429,1
CGTRNA_RS12375,CGTRNA_RS12365,0,0.037809938192367554,0.038498539477586746,0.0404197983443737,0.0039029859472066164,0.057805292308330536,0.09583000838756561,0.13414233922958374,0.02512461692094803,0.10042748600244522,0.005393567029386759,0.05393545718397945,0
CGTRNA_RS12365,CGTRNA_RS12360,1,0.570597767829895,0.7147285342216492,0.7882879972457886,0.6719875335693359,0.4791199862957001,0.5565541982650757,0.6469997763633728,0.47728997468948364,0.5242785811424255,0.6605242490768433,0.6090368598699569,1
CGTRNA_RS12360,CGTRNA_RS12355,0,0.48620158433914185,0.4956310987472534,0.6731686592102051,0.1466357707977295,0.41407310962677,0.4267614185810089,0.20145496726036072,0.18173173069953918,0.3177799582481384,0.15812177956104279,0.35015600770711897,0
CGTRNA_RS12355,CGTRNA_RS12345,0,0.04669657349586487,0.032962579280138016,0.028840428218245506,0.009162711910903454,0.02865435555577278,0.08739838004112244,0.027442332357168198,0.03133496269583702,0.04912877455353737,0.007833903655409813,0.03494550017639995,0
CGTRNA_RS12345,CGTRNA_RS12335,1,0.1637618988752365,0.09440705180168152,0.1756882518529892,0.4439096748828888,0.11641909927129745,0.2587280571460724,0.06263943016529083,0.03861153870820999,0.1156279519200325,0.05211123824119568,0.1521904192864895,0
CGTRNA_RS12325,CGTRNA_RS12320,1,0.9774198532104492,0.9732223749160767,0.9749078750610352,0.9637235403060913,0.9227991700172424,0.9624817371368408,0.9880964159965515,0.9609544277191162,0.975894033908844,0.9717150330543518,0.9671214461326599,1
CGTRNA_RS12295,CGTRNA_RS12290,0,0.4110472500324249,0.3309915065765381,0.321159690618515,0.18267233669757843,0.34471988677978516,0.4222603142261505,0.4243699014186859,0.20419801771640778,0.3121657073497772,0.25899747014045715,0.321258208155632,0
CGTRNA_RS12290,CGTRNA_RS12285,1,0.7556552290916443,0.8926973938941956,0.8471330404281616,0.9403319358825684,0.8672381639480591,0.8628448247909546,0.8950289487838745,0.8255717754364014,0.9015787839889526,0.8073373436927795,0.8595417439937592,1
CGTRNA_RS12285,CGTRNA_RS12280,0,0.33291229605674744,0.14667390286922455,0.09857320040464401,0.04496363550424576,0.13479919731616974,0.34646034240722656,0.16179923713207245,0.12097812443971634,0.15866915881633759,0.06905017048120499,0.16148792654275895,0
CGTRNA_RS12280,CGTRNA_RS12270,0,0.03650118410587311,0.036021772772073746,0.17029264569282532,0.020440494641661644,0.0671696811914444,0.08101305365562439,0.03551160544157028,0.03813526779413223,0.0664600282907486,0.004460140597075224,0.05560058741830289,0
CGTRNA_RS12270,CGTRNA_RS12265,0,0.9597378373146057,0.8115451335906982,0.8318818807601929,0.8507209420204163,0.8705721497535706,0.9373811483383179,0.7441994547843933,0.8615940809249878,0.9028492569923401,0.7440800666809082,0.8514561951160431,1
CGTRNA_RS12265,CGTRNA_RS12250,0,0.0006021704757586122,0.001012310734950006,0.001016840455122292,0.0008694783900864422,0.0044138794764876366,0.008050658740103245,0.003304887330159545,0.0017812191508710384,0.0020975263323634863,0.0004672908689826727,0.0023616261954884977,0
CGTRNA_RS12250,CGTRNA_RS12215,0,0.00012788509775418788,0.0013072640867903829,0.0007082883385010064,0.00022727579926140606,0.0007106751436367631,0.0021896502003073692,0.0008740094490349293,0.0005096677341498435,0.001309994957409799,0.00047801900655031204,0.0008442729813395999,0
CGTRNA_RS12215,CGTRNA_RS12210,1,0.8465242385864258,0.926439642906189,0.9390866756439209,0.8793065547943115,0.8433346152305603,0.9217987060546875,0.945260763168335,0.8668121099472046,0.9068000316619873,0.9119402170181274,0.898730355501175,1
CGTRNA_RS12175,CGTRNA_RS12170,1,0.7828838229179382,0.4707805812358856,0.5774073600769043,0.8131235241889954,0.6283265948295593,0.6762507557868958,0.7419077157974243,0.30763503909111023,0.6428510546684265,0.7341470718383789,0.6375313520431518,1
CGTRNA_RS12170,CGTRNA_RS12150,0,0.004009799566119909,0.003522851038724184,0.0008929656469263136,0.0022431304678320885,0.016240045428276062,0.01542947068810463,0.0025196487549692392,0.0036937862168997526,0.011213610880076885,0.0010784637415781617,0.006084377242950722,0
CGTRNA_RS12110,CGTRNA_RS12105,0,0.5237325429916382,0.4933168590068817,0.6717434525489807,0.7404007315635681,0.6793950796127319,0.5523241758346558,0.7202268838882446,0.5096669793128967,0.48460373282432556,0.5641118884086609,0.5939522325992584,1
CGTRNA_RS12105,CGTRNA_RS12100,1,0.29113948345184326,0.1542331427335739,0.3729558289051056,0.1576329916715622,0.15907083451747894,0.3067285120487213,0.19506092369556427,0.06482056528329849,0.1988910734653473,0.11894048005342484,0.201947383582592,0
CGTRNA_RS12100,CGTRNA_RS12095,1,0.9826735258102417,0.9701122045516968,0.9798716902732849,0.9756580591201782,0.9627400636672974,0.9711366295814514,0.9903689622879028,0.9512607455253601,0.983157217502594,0.9610423445701599,0.9728021442890167,1
CGTRNA_RS12095,CGTRNA_RS12090,1,0.9722787141799927,0.9779992699623108,0.9674424529075623,0.985647976398468,0.9571660757064819,0.9647189378738403,0.9877495169639587,0.9661992788314819,0.9727137684822083,0.9609887003898621,0.9712904691696167,1
CGTRNA_RS12090,CGTRNA_RS12065,0,0.002807463286444545,0.00791188608855009,0.005955795291811228,0.0007579879020340741,0.0014459594385698438,0.005646838806569576,0.004450192209333181,0.003206134308129549,0.0035219904966652393,0.0009311239700764418,0.003663537179818377,0
CGTRNA_RS12065,CGTRNA_RS12060,0,0.6329619884490967,0.3442292809486389,0.9149004220962524,0.13476060330867767,0.5566855072975159,0.6384181380271912,0.6569808125495911,0.3047669529914856,0.45388680696487427,0.5178731679916382,0.5155463680624962,1
CGTRNA_RS12060,CGTRNA_RS12055,0,0.48110756278038025,0.4872913658618927,0.3308732807636261,0.2746473550796509,0.48466673493385315,0.4668283462524414,0.4800339937210083,0.3402726650238037,0.4575302004814148,0.48595336079597473,0.4289204865694046,0
CGTRNA_RS12055,CGTRNA_RS12040,0,0.06182852014899254,0.04280763864517212,0.05375780910253525,0.0065975552424788475,0.02233913168311119,0.1567128747701645,0.0780741423368454,0.02814636006951332,0.01986750029027462,0.02125934325158596,0.04913908755406737,0
CGTRNA_RS12040,CGTRNA_RS12035,1,0.982820987701416,0.9522377252578735,0.9582093954086304,0.9619544744491577,0.8725502490997314,0.9644576907157898,0.9223665595054626,0.8973801732063293,0.9368537664413452,0.9448342323303223,0.9393665254116058,1
CGTRNA_RS12035,CGTRNA_RS12020,0,0.031194522976875305,0.010007772594690323,0.0006010595243424177,0.0022431709803640842,0.018280591815710068,0.02761661447584629,0.013823263347148895,0.005578072741627693,0.0641855001449585,0.009507520124316216,0.01830380887258798,0
CGTRNA_RS12020,CGTRNA_RS12015,1,0.6718406677246094,0.8596382141113281,0.8671876788139343,0.8183843493461609,0.6954267024993896,0.7511380314826965,0.8972291946411133,0.7652552127838135,0.84691321849823,0.8764713406562805,0.8049484610557556,1
CGTRNA_RS12015,CGTRNA_RS12005,0,0.06680183112621307,0.051137760281562805,0.013295513577759266,0.05444120615720749,0.050013910979032516,0.058776844292879105,0.024554219096899033,0.04372169449925423,0.05755852907896042,0.010036456398665905,0.04303379654884339,0
CGTRNA_RS11960,CGTRNA_RS11955,1,0.7926238775253296,0.7449851632118225,0.9152200222015381,0.33368024230003357,0.5944533944129944,0.6683877110481262,0.4000125825405121,0.39397990703582764,0.7271149754524231,0.45446890592575073,0.6024926781654358,1
CGTRNA_RS11925,CGTRNA_RS11910,0,0.0010209671454504132,0.009463360533118248,0.006974144373089075,0.00503696920350194,0.008041155524551868,0.00864293985068798,0.005744037218391895,0.001963605172932148,0.001898647053167224,0.000882254505995661,0.0049668080580886455,0
CGTRNA_RS11910,CGTRNA_RS11905,0,0.21408376097679138,0.08244837820529938,0.14363634586334229,0.014989797957241535,0.09411053359508514,0.2158399522304535,0.2408047765493393,0.09189019352197647,0.07888941466808319,0.1620621383190155,0.13387552918866277,0
CGTRNA_RS11905,CGTRNA_RS11900,0,0.44961896538734436,0.3140091300010681,0.43383440375328064,0.1262996643781662,0.20251095294952393,0.3428282141685486,0.2032124400138855,0.4229012429714203,0.14301185309886932,0.31718912720680237,0.29554159939289093,0
CGTRNA_RS11845,CGTRNA_RS11840,0,0.30443960428237915,0.3152690827846527,0.09208959341049194,0.15977956354618073,0.35363486409187317,0.6632536053657532,0.3503006398677826,0.2237706035375595,0.36055415868759155,0.179757758975029,0.30028494745492934,0
CGTRNA_RS11840,CGTRNA_RS11835,1,0.9261971712112427,0.9256304502487183,0.9484326243400574,0.9446210861206055,0.9017513394355774,0.9507994651794434,0.9511308670043945,0.9172898530960083,0.9596216082572937,0.9347155690193176,0.9360190033912659,1
CGTRNA_RS11835,CGTRNA_RS11795,0,6.949758244445547e-05,0.0008879254455678165,0.0005282241036184132,3.8309546653181314e-05,0.00026380762574262917,0.000558671890757978,0.0006782043492421508,0.0005326931714080274,0.000441830197814852,3.0759485525777563e-05,0.00040299233987752816,0
CGTRNA_RS11795,CGTRNA_RS11790,0,0.8583158850669861,0.6621721386909485,0.9196944236755371,0.44441837072372437,0.864711344242096,0.9053735733032227,0.7926453351974487,0.7563504576683044,0.8470094203948975,0.8074893355369568,0.7858180284500123,1
CGTRNA_RS11790,CGTRNA_RS11785,1,0.9785780906677246,0.9727126359939575,0.9548985362052917,0.970131516456604,0.9375709891319275,0.9668455123901367,0.9863098859786987,0.959588885307312,0.9614945650100708,0.9700631499290466,0.9658193767070771,1
CGTRNA_RS11785,CGTRNA_RS11780,0,0.4432411193847656,0.1611652821302414,0.32811158895492554,0.030567914247512817,0.18668338656425476,0.34202221035957336,0.2221525013446808,0.19615264236927032,0.1940683275461197,0.1969670206308365,0.23011319935321808,0
CGTRNA_RS11780,CGTRNA_RS11775,0,0.40792104601860046,0.43903493881225586,0.42376938462257385,0.2957163155078888,0.4357949197292328,0.5338883399963379,0.3857726752758026,0.5154315829277039,0.4771091938018799,0.5024313926696777,0.44168697893619535,0
CGTRNA_RS11775,CGTRNA_RS11770,1,0.9733901619911194,0.9294702410697937,0.920245349407196,0.9872011542320251,0.9219843745231628,0.9479396343231201,0.9770885109901428,0.9294413328170776,0.9471601843833923,0.9478216171264648,0.9481742560863495,1
CGTRNA_RS11770,CGTRNA_RS11765,1,0.9852675199508667,0.9600807428359985,0.9516087770462036,0.9738934636116028,0.9150844216346741,0.9548624753952026,0.9774366021156311,0.9542396664619446,0.9555574059486389,0.9562200307846069,0.958425110578537,1
CGTRNA_RS11765,CGTRNA_RS11760,1,0.9495911002159119,0.8548589944839478,0.8384969830513,0.8933895826339722,0.7639220356941223,0.8804827332496643,0.9114668965339661,0.7814375162124634,0.8607476949691772,0.8400462865829468,0.8574439823627472,1
CGTRNA_RS11760,CGTRNA_RS11735,0,0.0006745224236510694,0.001323411357589066,0.0009474037797190249,0.0004196683003101498,0.005032397340983152,0.009041821584105492,0.0033236516173928976,0.0007857478340156376,0.004023582208901644,0.00042465803562663496,0.002599686448229477,0
CGTRNA_RS11735,CGTRNA_RS11730,1,0.9708402156829834,0.9081159234046936,0.9044317603111267,0.908953070640564,0.8048345446586609,0.9405512809753418,0.8243856430053711,0.8723955750465393,0.9108434915542603,0.91575688123703,0.8961108386516571,1
CGTRNA_RS11730,CGTRNA_RS11720,0,0.003453419776633382,0.027714231982827187,0.008616093546152115,0.003744342364370823,0.012841436080634594,0.01995319128036499,0.009880051016807556,0.008804626762866974,0.014223814941942692,0.003950900863856077,0.011318210861645639,0
CGTRNA_RS11720,CGTRNA_RS11715,1,0.9871255159378052,0.9715009927749634,0.9468663930892944,0.970206081867218,0.9306787252426147,0.9738777875900269,0.9659060835838318,0.9563964605331421,0.9750855565071106,0.9658297896385193,0.9643473386764526,1
CGTRNA_RS11715,CGTRNA_RS11695,0,0.0008384063257835805,0.0017889890586957335,0.003293184330686927,0.0006976051954552531,0.0006732270703651011,0.0028925235383212566,0.0006223722593858838,0.0004705446772277355,0.0018989723175764084,0.0002449697640258819,0.001342079453752376,0
CGTRNA_RS11695,CGTRNA_RS11685,0,0.002771241357550025,0.013662508688867092,0.0024501346051692963,0.0004715819377452135,0.00795977283269167,0.02061445638537407,0.006041588727384806,0.00929936207830906,0.010228070430457592,0.001440234947949648,0.007493895199149847,0
CGTRNA_RS11685,CGTRNA_RS11680,1,0.9752986431121826,0.9395018219947815,0.9732947945594788,0.9840690493583679,0.9332109093666077,0.9597349762916565,0.9828935265541077,0.9242758750915527,0.9587928056716919,0.9572900533676147,0.9588362455368042,1
CGTRNA_RS11680,CGTRNA_RS11670,0,0.021942080929875374,0.009985579177737236,0.003996825776994228,0.01078980416059494,0.007152236998081207,0.03434234857559204,0.009180146269500256,0.004709845408797264,0.021254127845168114,0.001518849516287446,0.01248718446586281,0
CGTRNA_RS11670,CGTRNA_RS11665,0,0.7618221044540405,0.7696009874343872,0.3543719947338104,0.7156123518943787,0.566887617111206,0.681572437286377,0.3155113160610199,0.4908491373062134,0.582106351852417,0.5934237837791443,0.5831758081912994,1
CGTRNA_RS11665,CGTRNA_RS11660,1,0.9702914357185364,0.9320489168167114,0.9187604784965515,0.951500415802002,0.7753524780273438,0.9215976595878601,0.945525050163269,0.8828212022781372,0.894273042678833,0.9339240193367004,0.9126094698905944,1
CGTRNA_RS11660,CGTRNA_RS11655,1,0.9777700304985046,0.9629415273666382,0.9273601174354553,0.9428831934928894,0.8753264546394348,0.9522671103477478,0.9740742444992065,0.9303798675537109,0.9593846797943115,0.9330958127975464,0.9435483038425445,1
CGTRNA_RS11655,CGTRNA_RS11650,0,0.4704393148422241,0.2143692523241043,0.12325496971607208,0.0819040834903717,0.22955575585365295,0.458536833524704,0.1998428851366043,0.26830264925956726,0.2952021062374115,0.350616455078125,0.26920243054628373,0
CGTRNA_RS11650,CGTRNA_RS11640,0,0.02295951545238495,0.008833817206323147,0.01901562698185444,0.004952371120452881,0.007659051101654768,0.03243091329932213,0.005171370226889849,0.006508076563477516,0.0198593121021986,0.001642495160922408,0.012903254921548068,0
CGTRNA_RS11640,CGTRNA_RS11635,1,0.6181061267852783,0.46098339557647705,0.7318792939186096,0.46415260434150696,0.5780448317527771,0.5978654026985168,0.4910614490509033,0.6388644576072693,0.4209378957748413,0.5919886827468872,0.5593884140253067,1
CGTRNA_RS11635,CGTRNA_RS11620,0,0.012094367295503616,0.026632746681571007,0.03850237652659416,0.0014353592414408922,0.011141616851091385,0.028862377628684044,0.01157059334218502,0.018420815467834473,0.013770539313554764,0.008698085322976112,0.017112887767143547,0
CGTRNA_RS11620,CGTRNA_RS11605,0,0.021668430417776108,0.019191144034266472,0.003218065481632948,0.012343679554760456,0.04806800186634064,0.06952652335166931,0.007192268967628479,0.008916016668081284,0.0634131133556366,0.002770922379568219,0.02563081660773605,0
CGTRNA_RS11605,CGTRNA_RS11600,1,0.5514755249023438,0.7154580354690552,0.5411005020141602,0.7486626505851746,0.72220379114151,0.6492526531219482,0.8369084000587463,0.583450436592102,0.674080491065979,0.5983374714851379,0.6620929956436157,1
CGTRNA_RS11600,CGTRNA_RS11595,1,0.9590169787406921,0.9155880808830261,0.9376972317695618,0.9645645618438721,0.9469218850135803,0.9536293148994446,0.9761682152748108,0.9493425488471985,0.9409185647964478,0.9540289044380188,0.9497876286506652,1
CGTRNA_RS11595,CGTRNA_RS11580,0,0.0015254135942086577,0.004914967343211174,0.0016130261356011033,0.0003468316572252661,0.0012955754064023495,0.00429121870547533,0.0026930547319352627,0.003012959146872163,0.0033153791446238756,0.0010432566050440073,0.002405168247059919,0
CGTRNA_RS11540,CGTRNA_RS11535,1,0.9884578585624695,0.9908540844917297,0.9795599579811096,0.9890714883804321,0.9655246138572693,0.9788910746574402,0.9957025647163391,0.9784899353981018,0.9754692316055298,0.9758679866790771,0.9817888796329498,1
CGTRNA_RS11535,CGTRNA_RS11530,1,0.9774169325828552,0.9864492416381836,0.962012529373169,0.975920557975769,0.9654785394668579,0.9632723331451416,0.9856129288673401,0.9566354155540466,0.9683206081390381,0.9460709691047668,0.9687190055847168,1
CGTRNA_RS11530,CGTRNA_RS11525,1,0.8737044930458069,0.7941809296607971,0.8973296880722046,0.8595464825630188,0.8176493644714355,0.8648011684417725,0.8458560109138489,0.6658825874328613,0.6753061413764954,0.933006763458252,0.8227263629436493,1
CGTRNA_RS11525,CGTRNA_RS11520,0,0.9281336069107056,0.8812170624732971,0.8588456511497498,0.7818354368209839,0.6181310415267944,0.8050055503845215,0.8634772300720215,0.7787869572639465,0.7340123653411865,0.846761167049408,0.8096206068992615,1
CGTRNA_RS11520,CGTRNA_RS11515,0,0.881049633026123,0.7484592199325562,0.7563464045524597,0.7478132247924805,0.6909654140472412,0.7860158085823059,0.6651983261108398,0.6935942769050598,0.6931507587432861,0.7243409752845764,0.7386934041976929,1
CGTRNA_RS11515,CGTRNA_RS11510,1,0.8431410789489746,0.7806114554405212,0.7060009837150574,0.8056291937828064,0.772212564945221,0.7877433896064758,0.783133864402771,0.7683918476104736,0.6523057818412781,0.8001001477241516,0.769927030801773,1
CGTRNA_RS11510,CGTRNA_RS11505,1,0.9745264649391174,0.9493324160575867,0.9514662623405457,0.9719949960708618,0.9032571911811829,0.9547408819198608,0.9789782166481018,0.9083065986633301,0.9674234390258789,0.9258790016174316,0.9485905468463898,1
CGTRNA_RS11505,CGTRNA_RS11490,0,0.0037960039917379618,0.005302045959979296,0.010524854995310307,0.0031387375202029943,0.008688075467944145,0.04029713198542595,0.0044243247248232365,0.006859550252556801,0.009441639296710491,0.0026829831767827272,0.00951553473714739,0
CGTRNA_RS11480,CGTRNA_RS11475,1,0.9306640625,0.9001274108886719,0.9193145632743835,0.924644947052002,0.7940430641174316,0.8269151449203491,0.8595077395439148,0.8265768885612488,0.8662871718406677,0.8790497183799744,0.8727130711078643,1
CGTRNA_RS11475,CGTRNA_RS11455,0,7.304222526727244e-05,0.0009294886840507388,0.00047113600885495543,7.811974501237273e-05,0.0012266032863408327,0.0017403705278411508,0.0004872316203545779,0.000606472953222692,0.0014034371124580503,9.512701217317954e-05,0.0007111029175575822,0
CGTRNA_RS11455,CGTRNA_RS11445,0,0.003875407390296459,0.00811418704688549,0.008398763835430145,0.0008632001699879766,0.0020196193363517523,0.006089511327445507,0.005975022912025452,0.0037880046293139458,0.0020940019749104977,0.0011008484289050102,0.004231856705155223,0
CGTRNA_RS11445,CGTRNA_RS11430,0,0.003994711674749851,0.005217244382947683,0.0075559294782578945,0.003904215293005109,0.010768087580800056,0.025242649018764496,0.0024050248321145773,0.0030012582428753376,0.007679888978600502,0.0011264531640335917,0.00708954626461491,0
CGTRNA_RS11430,CGTRNA_RS11420,0,0.12916406989097595,0.04928014427423477,0.05035972222685814,0.03615942224860191,0.058510005474090576,0.12710054218769073,0.08686673641204834,0.04042491689324379,0.13681918382644653,0.02952587977051735,0.07442106232047081,0
CGTRNA_RS11420,CGTRNA_RS11405,0,0.001384357688948512,0.007392405066639185,0.0008891958277672529,0.0004915189929306507,0.004260878078639507,0.008733449503779411,0.009169093333184719,0.001330390921793878,0.006819325033575296,0.00022198734222911298,0.004069260178948752,0
CGTRNA_RS11375,CGTRNA_RS11370,0,0.9746888279914856,0.976383626461029,0.9306145906448364,0.9762692451477051,0.9346372485160828,0.9628922939300537,0.9724263548851013,0.9332159161567688,0.97003573179245,0.9622660279273987,0.9593429863452911,1
CGTRNA_RS11370,CGTRNA_RS11360,0,0.18099477887153625,0.10707417130470276,0.07787558436393738,0.03579416126012802,0.19716326892375946,0.17073501646518707,0.06450138986110687,0.06550255417823792,0.10487034916877747,0.008042178116738796,0.1012553452514112,0
CGTRNA_RS11360,CGTRNA_RS11355,0,0.9533743858337402,0.9360607862472534,0.9244345426559448,0.8978019952774048,0.9295388460159302,0.9165512323379517,0.9538675546646118,0.8451564311981201,0.8571465015411377,0.8690832257270813,0.9083015501499176,1
CGTRNA_RS11355,CGTRNA_RS11350,1,0.9526273608207703,0.8818351030349731,0.8707395792007446,0.829493522644043,0.9119553565979004,0.9494808316230774,0.8982678651809692,0.8503818511962891,0.9322249889373779,0.8737196922302246,0.8950726151466369,1
CGTRNA_RS11350,CGTRNA_RS11345,1,0.5184003114700317,0.812303364276886,0.7216621041297913,0.6886306405067444,0.546403169631958,0.4933788776397705,0.7364736795425415,0.6064520478248596,0.5417094230651855,0.7861851453781128,0.6451598763465881,1
CGTRNA_RS11345,CGTRNA_RS11325,0,0.008236503228545189,0.004587383475154638,0.0006598113686777651,0.002827518619596958,0.014138244092464447,0.016896668821573257,0.008284090086817741,0.0025802338495850563,0.012281006202101707,0.0007075951434671879,0.007119905488798395,0
CGTRNA_RS11325,CGTRNA_RS11320,1,0.5126616358757019,0.24439293146133423,0.5487309098243713,0.11877907812595367,0.3597128689289093,0.4043431580066681,0.6510362029075623,0.2465861439704895,0.2720032334327698,0.2725960612297058,0.3630842223763466,0
CGTRNA_RS11320,CGTRNA_RS11315,1,0.9381112456321716,0.8776421546936035,0.8394555449485779,0.8003590106964111,0.5731955766677856,0.7941960692405701,0.9501730799674988,0.467936635017395,0.6685440540313721,0.7782554626464844,0.768786883354187,1
CGTRNA_RS11315,CGTRNA_RS11310,0,0.8912776112556458,0.5526662468910217,0.30495402216911316,0.5155680775642395,0.5615714192390442,0.7118558287620544,0.09988881647586823,0.7044006586074829,0.6437765955924988,0.35262319445610046,0.5338582471013069,1
CGTRNA_RS11270,CGTRNA_RS11265,1,0.964152455329895,0.9619216322898865,0.9375951290130615,0.9439475536346436,0.8018905520439148,0.9500928521156311,0.9651046991348267,0.9166528582572937,0.9066804647445679,0.9400442838668823,0.9288082480430603,1
CGTRNA_RS11265,CGTRNA_RS11260,1,0.11532530933618546,0.09587690979242325,0.24630895256996155,0.2772623896598816,0.2077062427997589,0.14495310187339783,0.1443907618522644,0.17206431925296783,0.09435245394706726,0.14592276513576508,0.16441632062196732,0
CGTRNA_RS11260,CGTRNA_RS11250,0,0.058853600174188614,0.04397395998239517,0.0036573593970388174,0.011717465706169605,0.027236949652433395,0.05441594868898392,0.014913737773895264,0.01549984235316515,0.04675251990556717,0.0028216869104653597,0.027984307054430245,0
CGTRNA_RS11250,CGTRNA_RS11245,1,0.9433647990226746,0.819573163986206,0.8800380825996399,0.83370441198349,0.8478254079818726,0.8280131220817566,0.8090205192565918,0.784018337726593,0.8690699338912964,0.7893984913825989,0.840402626991272,1
CGTRNA_RS11245,CGTRNA_RS11240,1,0.8744044303894043,0.9236171841621399,0.914517343044281,0.9299412965774536,0.8798893094062805,0.938845157623291,0.9178215861320496,0.8439438343048096,0.9648745656013489,0.885137140750885,0.9072991847991944,1
CGTRNA_RS11240,CGTRNA_RS11235,1,0.9776046276092529,0.9316399693489075,0.94159334897995,0.9144413471221924,0.8121799826622009,0.9493911266326904,0.9362021088600159,0.8771607875823975,0.940420389175415,0.9114413261413574,0.919207501411438,1
CGTRNA_RS11235,CGTRNA_RS11230,1,0.8976860642433167,0.8741081357002258,0.9131596684455872,0.8884424567222595,0.8797944188117981,0.912981390953064,0.9360043406486511,0.7985820174217224,0.926461935043335,0.8770898580551147,0.8904310286045074,1
CGTRNA_RS11230,CGTRNA_RS11225,1,0.9747200608253479,0.9429657459259033,0.9426199197769165,0.9376890659332275,0.8083313703536987,0.9507663249969482,0.9235193729400635,0.9142266511917114,0.9522984623908997,0.9305428862571716,0.9277679860591889,1
CGTRNA_RS11225,CGTRNA_RS11220,1,0.945458710193634,0.914154589176178,0.888089656829834,0.8980758190155029,0.5945330858230591,0.8669708371162415,0.9477465748786926,0.8388134241104126,0.7458139657974243,0.9031230807304382,0.8542779743671417,1
CGTRNA_RS11220,CGTRNA_RS11215,1,0.697288990020752,0.9051550626754761,0.8207472562789917,0.9377977848052979,0.8375447392463684,0.7928885221481323,0.8183449506759644,0.7327912449836731,0.8768002986907959,0.8740281462669373,0.8293386995792389,1
CGTRNA_RS11215,CGTRNA_RS11210,1,0.9668875932693481,0.9450573325157166,0.9402343034744263,0.9693588614463806,0.9079808592796326,0.9657933115959167,0.979680061340332,0.9286428093910217,0.963016152381897,0.9500688314437866,0.9516720116138458,1
CGTRNA_RS11210,CGTRNA_RS11205,0,0.4051550030708313,0.21678845584392548,0.5568439364433289,0.20694322884082794,0.4334842562675476,0.5082671046257019,0.22886382043361664,0.4176446795463562,0.30085617303848267,0.40240922570228577,0.36772558838129044,0
CGTRNA_RS11205,CGTRNA_RS11200,1,0.9764071106910706,0.9437354803085327,0.9183791875839233,0.9050716161727905,0.8760861754417419,0.9340197443962097,0.9586890339851379,0.8444012999534607,0.9427292346954346,0.9005180597305298,0.9200036942958831,1
CGTRNA_RS11200,CGTRNA_RS11180,0,0.002939962549135089,0.016082359477877617,0.01438708882778883,0.0020579129923135042,0.007193713448941708,0.012424048036336899,0.03361181914806366,0.008974920958280563,0.005681272596120834,0.0006415542447939515,0.010399465227965265,0
CGTRNA_RS11180,CGTRNA_RS11175,1,0.5210220217704773,0.48581475019454956,0.6340380311012268,0.4222276508808136,0.5736045837402344,0.6525967717170715,0.8411399722099304,0.2591474652290344,0.4635239541530609,0.5286799073219299,0.5381795108318329,1
CGTRNA_RS11175,CGTRNA_RS11170,1,0.9732164740562439,0.9491475820541382,0.9642470479011536,0.9767893552780151,0.9080313444137573,0.955834150314331,0.9559308886528015,0.9141197204589844,0.9670828580856323,0.9417142868041992,0.9506113708019257,1
CGTRNA_RS11170,CGTRNA_RS11160,0,0.005055352579802275,0.006083153188228607,0.0032235062681138515,0.022805143147706985,0.02425815910100937,0.017436567693948746,0.024075526744127274,0.0031071307603269815,0.016388030722737312,0.0026527452282607555,0.012508531543426215,0
CGTRNA_RS11160,CGTRNA_RS11155,1,0.9516574144363403,0.9164906740188599,0.8948743343353271,0.7884324789047241,0.7063965797424316,0.8775638937950134,0.904005229473114,0.8032661080360413,0.8314703106880188,0.8150594234466553,0.8489216446876526,1
CGTRNA_RS11155,CGTRNA_RS11145,0,0.055061034858226776,0.1301283985376358,0.1001117154955864,0.042199909687042236,0.035490281879901886,0.10438242554664612,0.030159736052155495,0.07039285451173782,0.018810288980603218,0.026926731690764427,0.061366337724030016,0
CGTRNA_RS11145,CGTRNA_RS11130,0,0.42202040553092957,0.2624809145927429,0.1554599553346634,0.1893673986196518,0.2763027846813202,0.3188258111476898,0.19179461896419525,0.11714977025985718,0.27792736887931824,0.16927683353424072,0.2380605861544609,0
CGTRNA_RS11090,CGTRNA_RS11075,0,0.0032537560909986496,0.0056487261317670345,0.008617943152785301,0.0006465900805778801,0.025019483640789986,0.026813067495822906,0.009013980627059937,0.010671045631170273,0.00799491535872221,0.0023245729971677065,0.010000408120686189,0
CGTRNA_RS11075,CGTRNA_RS11070,1,0.815130352973938,0.8101641535758972,0.8426579833030701,0.9274699687957764,0.8505131602287292,0.9016571044921875,0.7806323170661926,0.8112870454788208,0.9486726522445679,0.8694393038749695,0.8557624042034149,1
CGTRNA_RS11070,CGTRNA_RS11065,0,0.37159526348114014,0.3874497413635254,0.43644970655441284,0.09032087028026581,0.34025582671165466,0.3895057737827301,0.30469536781311035,0.2944919168949127,0.39454537630081177,0.31133773922920227,0.3320647582411766,0
CGTRNA_RS11065,CGTRNA_RS11060,0,0.12801916897296906,0.15650294721126556,0.09024970233440399,0.17198032140731812,0.20737949013710022,0.19314923882484436,0.07642335444688797,0.1160895898938179,0.08826392143964767,0.14103485643863678,0.13690925911068916,0
CGTRNA_RS11060,CGTRNA_RS11040,0,0.0001991094759432599,0.0010636223014444113,0.0006334456265904009,9.301269892603159e-05,0.0009710583253763616,0.002550991252064705,0.000648408371489495,0.0006396962562575936,0.002900161547586322,0.00015388475731015205,0.0009853390612988733,0
CGTRNA_RS11025,CGTRNA_RS11020,1,0.9674007892608643,0.9104604721069336,0.9349143505096436,0.832775890827179,0.822185754776001,0.9403612017631531,0.9282341599464417,0.8765251636505127,0.9720913767814636,0.8852430582046509,0.9070192217826843,1
CGTRNA_RS11020,CGTRNA_RS11015,1,0.9772201180458069,0.9595321416854858,0.9486997127532959,0.9791677594184875,0.9091969728469849,0.9538517594337463,0.966763436794281,0.94500732421875,0.962669849395752,0.9268530607223511,0.9528962135314941,1
CGTRNA_RS10935,CGTRNA_RS10925,0,0.0007844038773328066,0.0038713249377906322,0.002210729056969285,0.0008741868077777326,0.002530324039980769,0.004112407099455595,0.0028842687606811523,0.003341623116284609,0.003219930687919259,0.0007468242547474802,0.002457602263893932,0
CGTRNA_RS10925,CGTRNA_RS10910,0,0.0008239688468165696,0.003984901588410139,0.0016216757940128446,0.0006450885557569563,0.0025814934633672237,0.004388607572764158,0.0009960135212168097,0.0010222168639302254,0.001737177255563438,0.00041538983350619674,0.001821653329534456,0
CGTRNA_RS10910,CGTRNA_RS10905,1,0.9768685102462769,0.9810125827789307,0.9778839349746704,0.9842799305915833,0.9293662309646606,0.9501156210899353,0.9923333525657654,0.9683201313018799,0.9495530128479004,0.9471992254257202,0.9656932532787323,1
CGTRNA_RS10905,CGTRNA_RS10900,1,0.8222338557243347,0.8025849461555481,0.7712793350219727,0.6808252334594727,0.867896556854248,0.6765111088752747,0.7983746528625488,0.6443681716918945,0.9166557192802429,0.6900162696838379,0.7670745849609375,1
CGTRNA_RS10900,CGTRNA_RS10895,1,0.500866711139679,0.7615489363670349,0.7348821759223938,0.80436772108078,0.6990509033203125,0.7171103358268738,0.7354143857955933,0.6073887944221497,0.8279675245285034,0.6375094056129456,0.7026106894016266,1
CGTRNA_RS10895,CGTRNA_RS10870,0,0.0012068437645211816,0.0039748759008944035,0.0008722433121874928,0.00018870425992645323,0.0024528633803129196,0.0044901492074131966,0.011872201226651669,0.0009427045006304979,0.0061125787906348705,0.00031160024809651077,0.0032424764591269194,0
CGTRNA_RS10870,CGTRNA_RS10855,0,0.013804593123495579,0.006466360297054052,0.005133339203894138,0.0011708211386576295,0.009525674395263195,0.03252997249364853,0.006731551140546799,0.005246881395578384,0.028968343511223793,0.0015408314066007733,0.011111836810596288,0
CGTRNA_RS10855,CGTRNA_RS10850,1,0.9721960425376892,0.9249519109725952,0.9040243625640869,0.8835400342941284,0.8049491047859192,0.9412646293640137,0.7470342516899109,0.9059144854545593,0.9603773355484009,0.9140406250953674,0.8958292782306672,1
CGTRNA_RS10800,CGTRNA_RS10790,0,0.005017754156142473,0.004005710128694773,0.0016033989377319813,0.009182624518871307,0.007531261071562767,0.014166277833282948,0.008044389076530933,0.003155789338052273,0.01095674466341734,0.0040016924031078815,0.006766564212739468,0
CGTRNA_RS10790,CGTRNA_RS10785,0,0.35768601298332214,0.21538116037845612,0.5121967792510986,0.08680468797683716,0.29220038652420044,0.638702929019928,0.21160410344600677,0.1138267070055008,0.4995313286781311,0.3179576098918915,0.32458917051553726,0
CGTRNA_RS10785,CGTRNA_RS10760,0,9.317923831986263e-05,0.0011083785211667418,0.00021364337590057403,0.00038939574733376503,0.0018754928605630994,0.0022805703338235617,0.0006670677103102207,0.00041237211553379893,0.0015473045641556382,0.00023773818975314498,0.0008825142656860407,0
CGTRNA_RS10760,CGTRNA_RS10750,0,0.0010065968381240964,0.007375273387879133,0.005791741888970137,0.0012911040103062987,0.0018714115722104907,0.0030728213023394346,0.0045380787923932076,0.0024244310334324837,0.0030260079074651003,0.000957209151238203,0.0031354675884358585,0
CGTRNA_RS10750,CGTRNA_RS10745,1,0.9712455868721008,0.9612613916397095,0.9692903161048889,0.9545853734016418,0.8859414458274841,0.9411815404891968,0.9897361397743225,0.947036862373352,0.9345894455909729,0.9686378836631775,0.9523505985736846,1
CGTRNA_RS10745,CGTRNA_RS10735,0,0.031910259276628494,0.03017803467810154,0.033603690564632416,0.006764530669897795,0.011036946438252926,0.0546271950006485,0.03229648992419243,0.0222873967140913,0.017814690247178078,0.005475908052176237,0.02459951415657997,0
CGTRNA_RS10735,CGTRNA_RS10730,1,0.911131739616394,0.8796486258506775,0.9017413258552551,0.9162521362304688,0.7488284111022949,0.820221483707428,0.9446245431900024,0.7316415309906006,0.7770670652389526,0.8132261037826538,0.8444382965564727,1
CGTRNA_RS10730,CGTRNA_RS10725,1,0.962614119052887,0.9406430125236511,0.9143472909927368,0.8749556541442871,0.7406384348869324,0.9276911616325378,0.9386561512947083,0.8756853342056274,0.9041088223457336,0.8740918636322021,0.8953431844711304,1
CGTRNA_RS10725,CGTRNA_RS10720,1,0.9631175398826599,0.9432464241981506,0.9174894094467163,0.863028883934021,0.7829192280769348,0.8835839033126831,0.9251301884651184,0.8796413540840149,0.8848289847373962,0.8419581055641174,0.8884944021701813,1
CGTRNA_RS10720,CGTRNA_RS10715,0,0.030713891610503197,0.04919271916151047,0.0767420306801796,0.009003185667097569,0.024776512756943703,0.052275560796260834,0.07697547227144241,0.034011825919151306,0.013616427779197693,0.007007354870438576,0.03743149815127254,0
CGTRNA_RS10715,CGTRNA_RS10710,1,0.4889650344848633,0.27037331461906433,0.7089671492576599,0.07339832931756973,0.3910215497016907,0.5387735366821289,0.4386812448501587,0.3027113676071167,0.2915867269039154,0.40323513746261597,0.39077133908867834,0
CGTRNA_RS10710,CGTRNA_RS10705,1,0.9698496460914612,0.96715247631073,0.9410660266876221,0.9731680750846863,0.90767902135849,0.9578863978385925,0.9488359093666077,0.9131506085395813,0.9595313668251038,0.9471235871315002,0.9485443115234375,1
CGTRNA_RS10705,CGTRNA_RS10700,1,0.6272605657577515,0.8310912251472473,0.6610884666442871,0.6784384250640869,0.7159277200698853,0.7090678215026855,0.6683782339096069,0.6226791143417358,0.8418735265731812,0.7718982696533203,0.7127703368663788,1
CGTRNA_RS10700,CGTRNA_RS10695,1,0.49885293841362,0.3161374032497406,0.6951980590820312,0.4990589916706085,0.5235229730606079,0.6730184555053711,0.39877596497535706,0.5405548214912415,0.6884101033210754,0.6608099341392517,0.5494339644908905,1
CGTRNA_RS10695,CGTRNA_RS10690,1,0.7983884811401367,0.8584792613983154,0.7261226177215576,0.8503853678703308,0.7842304110527039,0.8548334240913391,0.8989793658256531,0.7854768633842468,0.8735776543617249,0.7207666635513306,0.8151240110397339,1
CGTRNA_RS10690,CGTRNA_RS10685,1,0.6074265241622925,0.5711066722869873,0.8432003259658813,0.6797819137573242,0.6188634037971497,0.6892685890197754,0.5409381985664368,0.42542096972465515,0.4911397099494934,0.38963010907173157,0.5856776416301728,1
CGTRNA_RS10685,CGTRNA_RS10670,0,0.0008174380054697394,0.0012162657221779227,0.0005618669092655182,0.004145711660385132,0.005438338499516249,0.006354626268148422,0.0071995253674685955,0.000593542936258018,0.0033474406227469444,0.0007895615417510271,0.003046431753318757,0
CGTRNA_RS10670,CGTRNA_RS10665,1,0.6613540649414062,0.5278798341751099,0.6042850017547607,0.49628975987434387,0.4447483420372009,0.5540086030960083,0.4933651387691498,0.41831251978874207,0.4572923183441162,0.6670262813568115,0.5324561864137649,1
CGTRNA_RS10665,CGTRNA_RS10645,0,0.0005328409024514258,0.0011259150924161077,0.00034874092671088874,6.86075072735548e-05,0.0009055284317582846,0.0031906338408589363,0.0005583120509982109,0.0007142716785892844,0.00405395682901144,0.00011609079228946939,0.0011614898052357604,0
CGTRNA_RS10645,CGTRNA_RS10630,0,0.00028982380172237754,0.0015876225661486387,0.00019227463053539395,9.856936958385631e-05,0.0019546349067240953,0.0030562400352209806,0.001104043098166585,0.0008408072753809392,0.0038851150311529636,0.00010290234058629721,0.0013112033055222127,0
CGTRNA_RS10630,CGTRNA_RS10620,0,0.018593361601233482,0.01361439935863018,0.006721699610352516,0.02270198054611683,0.013698294758796692,0.06596919149160385,0.006731620989739895,0.010590431280434132,0.02942480891942978,0.003995035775005817,0.019204082433134317,0
CGTRNA_RS10620,CGTRNA_RS10615,0,0.032700490206480026,0.044721126556396484,0.07991587370634079,0.02802199311554432,0.022668076679110527,0.05473216623067856,0.0248402152210474,0.0503980815410614,0.02431451342999935,0.06496022641658783,0.04272727631032467,0
CGTRNA_RS10615,CGTRNA_RS10610,0,0.040212444961071014,0.3189043402671814,0.5727086663246155,0.057981573045253754,0.05010282248258591,0.16556036472320557,0.30463138222694397,0.09576182067394257,0.013302263803780079,0.0222769808024168,0.16414426593109965,0
CGTRNA_RS10610,CGTRNA_RS10605,0,0.2564000189304352,0.13734754920005798,0.12604886293411255,0.06334953755140305,0.2348320186138153,0.2614055573940277,0.23848631978034973,0.11962857097387314,0.25199997425079346,0.034264665096998215,0.17237630747258664,0
CGTRNA_RS10605,CGTRNA_RS10600,1,0.9797737002372742,0.941217303276062,0.9461279511451721,0.9435626864433289,0.8467125296592712,0.9565623998641968,0.9420119524002075,0.9279590845108032,0.9212581515312195,0.9472822546958923,0.9352468013763428,1
CGTRNA_RS10600,CGTRNA_RS10595,1,0.9439336061477661,0.9350566864013672,0.9683994054794312,0.9714913368225098,0.918793797492981,0.9241359233856201,0.9734603762626648,0.8377490043640137,0.9275414943695068,0.9775369763374329,0.9378098607063293,1
CGTRNA_RS10595,CGTRNA_RS10590,1,0.8756154179573059,0.9450736045837402,0.962984561920166,0.9104109406471252,0.9014244675636292,0.9432101845741272,0.9594553709030151,0.8826224207878113,0.9626414775848389,0.8982731103897095,0.9241711556911468,1
CGTRNA_RS10590,CGTRNA_RS10585,1,0.9793752431869507,0.9682103395462036,0.9423199892044067,0.9510310888290405,0.9116021990776062,0.9335257411003113,0.9821072816848755,0.9557538032531738,0.9087868332862854,0.9530118107795715,0.9485724329948425,1
CGTRNA_RS10585,CGTRNA_RS10580,1,0.9813850522041321,0.9676116704940796,0.9743172526359558,0.9760368466377258,0.9493255019187927,0.9564676880836487,0.9832857847213745,0.966704785823822,0.9625065326690674,0.9553887844085693,0.9673029899597168,1
CGTRNA_RS10580,CGTRNA_RS10575,1,0.9825665354728699,0.9589285850524902,0.9809163212776184,0.9861982464790344,0.9292827248573303,0.9616087079048157,0.9962616562843323,0.9655211567878723,0.9634751081466675,0.9670436382293701,0.9691802680492401,1
CGTRNA_RS10575,CGTRNA_RS10570,1,0.9756582975387573,0.9595938324928284,0.9660961031913757,0.9701260924339294,0.9487623572349548,0.9564718008041382,0.9906390309333801,0.9692135453224182,0.9568653702735901,0.9684144258499146,0.9661840856075287,1
CGTRNA_RS10570,CGTRNA_RS10565,1,0.9807344079017639,0.9766354560852051,0.921957790851593,0.9393914937973022,0.9406360983848572,0.963719367980957,0.9595979452133179,0.9670852422714233,0.9752672910690308,0.9674386382102966,0.9592463731765747,1
CGTRNA_RS10565,CGTRNA_RS10560,1,0.7337436676025391,0.6591826677322388,0.7184982299804688,0.6509706377983093,0.6806231141090393,0.7968065142631531,0.701701819896698,0.6152739524841309,0.8881533145904541,0.653714120388031,0.7098668038845062,1
CGTRNA_RS10560,CGTRNA_RS10555,1,0.9767369627952576,0.9653284549713135,0.9251562356948853,0.9652408957481384,0.9220182299613953,0.9539722204208374,0.9742885828018188,0.9457836151123047,0.9597820043563843,0.9426100254058838,0.9530917227268219,1
CGTRNA_RS10555,CGTRNA_RS10550,1,0.663894772529602,0.8883059620857239,0.8202192187309265,0.8414143323898315,0.6792437434196472,0.7593539953231812,0.8189831972122192,0.8177764415740967,0.741348385810852,0.9283207058906555,0.7958860754966736,1
CGTRNA_RS10550,CGTRNA_RS10545,1,0.9814591407775879,0.9240196943283081,0.9667920470237732,0.9896265268325806,0.9079150557518005,0.9539273381233215,0.9843397736549377,0.9508329033851624,0.96311354637146,0.9407208561897278,0.956274688243866,1
CGTRNA_RS10545,CGTRNA_RS10540,1,0.9508748650550842,0.8949821591377258,0.9428942203521729,0.9668108224868774,0.9047207832336426,0.918203592300415,0.9677126407623291,0.9186384677886963,0.9292880296707153,0.8814939260482788,0.9275619506835937,1
CGTRNA_RS10540,CGTRNA_RS10535,1,0.8991228938102722,0.9599708318710327,0.9276806116104126,0.95015549659729,0.909830629825592,0.9191115498542786,0.9595063924789429,0.9288507699966431,0.8921259045600891,0.9557822942733765,0.930213737487793,1
CGTRNA_RS10535,CGTRNA_RS10530,0,0.04172983020544052,0.04906183481216431,0.04652990400791168,0.03413616865873337,0.03062557987868786,0.12406501173973083,0.022147828713059425,0.026811787858605385,0.08143763989210129,0.016821349039673805,0.04733669348061085,0
CGTRNA_RS10515,CGTRNA_RS10510,0,0.7454728484153748,0.5484965443611145,0.6250659823417664,0.22612635791301727,0.5536187887191772,0.7726861834526062,0.35341233015060425,0.3242560029029846,0.6784346699714661,0.5973691940307617,0.5424938902258873,1
CGTRNA_RS10510,CGTRNA_RS10505,1,0.933153510093689,0.763218104839325,0.7759855389595032,0.7382543683052063,0.7399706244468689,0.833155632019043,0.7002546191215515,0.7746303081512451,0.8505033254623413,0.8338009715080261,0.7942927002906799,1
CGTRNA_RS10505,CGTRNA_RS10500,1,0.9861032366752625,0.9691259860992432,0.9779452681541443,0.9889825582504272,0.9700679183006287,0.9781665205955505,0.9980958700180054,0.9703996181488037,0.9816105365753174,0.9792746305465698,0.9799772143363953,1
CGTRNA_RS10500,CGTRNA_RS10495,0,0.650699257850647,0.6019365787506104,0.6456389427185059,0.4390154480934143,0.7717979550361633,0.7229689955711365,0.6049320101737976,0.632335901260376,0.7446114420890808,0.7389079928398132,0.6552844524383545,1
CGTRNA_RS10460,CGTRNA_RS10455,1,0.978579580783844,0.9506829977035522,0.9491221308708191,0.9584797620773315,0.831019937992096,0.969575822353363,0.9487230181694031,0.9115744829177856,0.9763018488883972,0.9373392462730408,0.9411398828029632,1
CGTRNA_RS10455,CGTRNA_RS10450,1,0.9619776606559753,0.8999794721603394,0.8801673054695129,0.8945326805114746,0.7554184794425964,0.8942092061042786,0.8734370470046997,0.8255453705787659,0.8591726422309875,0.8694066405296326,0.8713846504688263,1
CGTRNA_RS10450,CGTRNA_RS10445,1,0.7323434352874756,0.7743244767189026,0.8269332051277161,0.9089034795761108,0.7193903923034668,0.9023246169090271,0.8371958136558533,0.7560005784034729,0.8340405225753784,0.8152338266372681,0.8106690347194672,1
CGTRNA_RS10445,CGTRNA_RS10440,1,0.9645267128944397,0.8940589427947998,0.8968384265899658,0.8642838001251221,0.772864818572998,0.8790692090988159,0.8789783120155334,0.9038727879524231,0.8851757049560547,0.9058341979980469,0.88455029129982,1
CGTRNA_RS10440,CGTRNA_RS10435,1,0.45778852701187134,0.4644743502140045,0.28654783964157104,0.3543674349784851,0.4900336265563965,0.6630839109420776,0.2886170446872711,0.39705103635787964,0.4855595529079437,0.38340142369270325,0.4270924746990204,0
CGTRNA_RS10435,CGTRNA_RS10415,0,0.0072727203369140625,0.007938354276120663,0.002832351950928569,0.0006169689004309475,0.009897970594465733,0.023635754361748695,0.0015514016849920154,0.00898167584091425,0.027030372992157936,0.0020927409641444683,0.009185031190281735,0
CGTRNA_RS10415,CGTRNA_RS10410,1,0.6765427589416504,0.8203846216201782,0.8684906959533691,0.8330540060997009,0.7811610698699951,0.7975944876670837,0.944017231464386,0.7514158487319946,0.7911880612373352,0.7778428792953491,0.8041691660881043,1
CGTRNA_RS10410,CGTRNA_RS10400,0,0.10311108827590942,0.024939274415373802,0.024406680837273598,0.04022693634033203,0.027492031455039978,0.07413183897733688,0.012147524394094944,0.0202595554292202,0.06639871746301651,0.009481449611485004,0.040259509719908236,0
CGTRNA_RS10400,CGTRNA_RS10390,0,0.021275807172060013,0.009309216402471066,0.0007805094355717301,0.004665288142859936,0.01853586547076702,0.01686273142695427,0.005026737228035927,0.0037037304136902094,0.034444984048604965,0.001562274992465973,0.011616714473348111,0
CGTRNA_RS10390,CGTRNA_RS10385,1,0.7318928241729736,0.6022595763206482,0.5901092886924744,0.4396572411060333,0.696561872959137,0.7073593735694885,0.37858015298843384,0.49148863554000854,0.630148708820343,0.7590759992599487,0.6027133673429489,1
CGTRNA_RS10385,CGTRNA_RS10380,1,0.9624173641204834,0.9580652117729187,0.9569342732429504,0.957741379737854,0.8563481569290161,0.9192735552787781,0.9707297086715698,0.8775507211685181,0.9295266270637512,0.9099617600440979,0.9298548758029938,1
CGTRNA_RS10380,CGTRNA_RS10370,0,0.026161184534430504,0.007875603623688221,0.00801753532141447,0.0036543994210660458,0.014885448850691319,0.03732903674244881,0.005529279820621014,0.008186732418835163,0.02400740049779415,0.005897684954106808,0.01415443061850965,0
CGTRNA_RS10370,CGTRNA_RS10365,0,0.2692986726760864,0.190277099609375,0.3649069666862488,0.48949721455574036,0.2584705650806427,0.4219582676887512,0.4822408854961395,0.35887062549591064,0.3042001724243164,0.5975048542022705,0.3737225323915482,0
CGTRNA_RS10290,CGTRNA_RS10285,1,0.878775417804718,0.8238494992256165,0.901566207408905,0.8833203911781311,0.8623768091201782,0.9040389657020569,0.9523935914039612,0.8194507956504822,0.8641517162322998,0.9241887927055359,0.8814112186431885,1
CGTRNA_RS10285,CGTRNA_RS10275,0,0.01036369614303112,0.006031072232872248,0.016622569411993027,0.0359414666891098,0.025295190513134003,0.025477446615695953,0.004972688853740692,0.01117344107478857,0.027169354259967804,0.004073723219335079,0.01671206490136683,0
CGTRNA_RS10275,CGTRNA_RS10270,1,0.982789933681488,0.9712958335876465,0.9843528866767883,0.9867143630981445,0.9468204379081726,0.9582223296165466,0.9946258664131165,0.9594083428382874,0.9722392559051514,0.9741971492767334,0.9730666399002075,1
CGTRNA_RS10270,CGTRNA_RS10265,1,0.9832706451416016,0.9749101996421814,0.9771348237991333,0.9807164072990417,0.9437006115913391,0.9672152400016785,0.9842504858970642,0.9715425372123718,0.9692366719245911,0.9843988418579102,0.9736376464366913,1
CGTRNA_RS10265,CGTRNA_RS10260,1,0.9882774353027344,0.9878301620483398,0.9788930416107178,0.9694870710372925,0.9646326303482056,0.9805704355239868,0.9939624071121216,0.9812831282615662,0.9710946083068848,0.9879503846168518,0.9803981304168701,1
CGTRNA_RS10260,CGTRNA_RS10255,1,0.9572320580482483,0.9698452949523926,0.921362578868866,0.9685536623001099,0.934428870677948,0.9397048950195312,0.9582825303077698,0.8800702095031738,0.9261636734008789,0.9428367018699646,0.9398480474948883,1
CGTRNA_RS10220,CGTRNA_RS10215,1,0.5925373435020447,0.5404738187789917,0.780796468257904,0.6788021922111511,0.6686055660247803,0.7018423080444336,0.6522125601768494,0.5521762371063232,0.5681205987930298,0.6550554633140564,0.6390622556209564,1
CGTRNA_RS10215,CGTRNA_RS10210,0,0.5400888919830322,0.5226731300354004,0.29577547311782837,0.38273292779922485,0.2931287884712219,0.45522263646125793,0.28932198882102966,0.378155380487442,0.3126319646835327,0.33045393228530884,0.3800185114145279,0
CGTRNA_RS10210,CGTRNA_RS10205,0,0.655893087387085,0.3009640574455261,0.2432204633951187,0.05471867322921753,0.3261100649833679,0.49450522661209106,0.29735884070396423,0.23076476156711578,0.34963366389274597,0.23828664422035217,0.31914554834365844,0
CGTRNA_RS10205,CGTRNA_RS10200,1,0.9734910130500793,0.95658278465271,0.9676655530929565,0.9754737019538879,0.9427775740623474,0.946984589099884,0.9807780385017395,0.9050979614257812,0.9671176671981812,0.9293593764305115,0.9545328259468079,1
CGTRNA_RS10200,CGTRNA_RS10195,0,0.6444332003593445,0.7968166470527649,0.7846893072128296,0.844647228717804,0.7343902587890625,0.7878994345664978,0.7652139067649841,0.7275962233543396,0.7640206217765808,0.7335299253463745,0.7583236753940582,1
CGTRNA_RS10175,CGTRNA_RS10165,0,0.0008550325292162597,0.008962511084973812,0.00482607027515769,0.0008572604856453836,0.00720099825412035,0.010924882255494595,0.011296682991087437,0.006440006196498871,0.006854173261672258,0.0007178460946306586,0.005893546342849732,0
CGTRNA_RS10165,CGTRNA_RS10150,0,0.0027361870743334293,0.00629541277885437,0.0013354263501241803,0.0003732314216904342,0.002244354225695133,0.009147679433226585,0.0049626026302576065,0.0032761560287326574,0.0070062438026070595,0.003323380136862397,0.004070067388238385,0
CGTRNA_RS10150,CGTRNA_RS10145,1,0.8464184999465942,0.905678927898407,0.9441494941711426,0.9343611598014832,0.8261692523956299,0.9310595989227295,0.9327501654624939,0.8841578960418701,0.9472017288208008,0.9474659562110901,0.9099412679672241,1
CGTRNA_RS10145,CGTRNA_RS10140,1,0.9626685976982117,0.9314027428627014,0.91948002576828,0.8539757132530212,0.7973297834396362,0.919815182685852,0.9317721128463745,0.8759954571723938,0.8728126287460327,0.9123072624206543,0.8977559506893158,1
CGTRNA_RS10140,CGTRNA_RS10135,1,0.9792272448539734,0.9281322360038757,0.9286426901817322,0.8957617878913879,0.8935820460319519,0.9393346309661865,0.9229934811592102,0.8553392291069031,0.953035831451416,0.8956885933876038,0.9191737771034241,1
CGTRNA_RS10135,CGTRNA_RS10130,1,0.9831340312957764,0.9608262777328491,0.9897373914718628,0.9877262115478516,0.939540445804596,0.9788427352905273,0.994860053062439,0.9552546143531799,0.9740043878555298,0.984862208366394,0.9748788356781006,1
CGTRNA_RS10130,CGTRNA_RS10125,1,0.9804940223693848,0.9684233069419861,0.9573774933815002,0.9804944396018982,0.939492404460907,0.931789755821228,0.987704873085022,0.8973039984703064,0.9324921369552612,0.9436056613922119,0.9519178092479705,1
CGTRNA_RS10125,CGTRNA_RS10115,0,0.003759011859074235,0.02594796009361744,0.024365073069930077,0.003926508594304323,0.008745678700506687,0.01498651783913374,0.024469351395964622,0.013747945427894592,0.010019274428486824,0.013827064074575901,0.014379438548348843,0
CGTRNA_RS10115,CGTRNA_RS10110,1,0.6944886445999146,0.8149896264076233,0.8526633381843567,0.604546844959259,0.8305541276931763,0.8124642372131348,0.8839294910430908,0.6212539076805115,0.8496936559677124,0.7608632445335388,0.7725447118282318,1
CGTRNA_RS10110,CGTRNA_RS10105,1,0.9837519526481628,0.9819156527519226,0.9409260153770447,0.9709938764572144,0.9503269195556641,0.9783270955085754,0.9847482442855835,0.9819650650024414,0.9726016521453857,0.9636524319648743,0.9709208905696869,1
CGTRNA_RS10105,CGTRNA_RS10100,1,0.9377530813217163,0.9812490940093994,0.8988569974899292,0.9494991302490234,0.9487540125846863,0.9478349685668945,0.9445099234580994,0.9497135877609253,0.9520789980888367,0.9210489392280579,0.9431298732757568,1
CGTRNA_RS10100,CGTRNA_RS10095,1,0.6257616877555847,0.6926693916320801,0.7447177767753601,0.6380584836006165,0.5791575908660889,0.783984899520874,0.4477981925010681,0.48729994893074036,0.8264052867889404,0.5036062002182007,0.6329459458589554,1
CGTRNA_RS10095,CGTRNA_RS10090,0,0.15960031747817993,0.19753216207027435,0.1894877552986145,0.06714069843292236,0.12283820658922195,0.23081959784030914,0.30291593074798584,0.10687381774187088,0.16006344556808472,0.05799643322825432,0.1595268364995718,0
CGTRNA_RS10090,CGTRNA_RS10085,0,0.2706671953201294,0.4435478746891022,0.1971684694290161,0.04979812726378441,0.32185742259025574,0.5706458687782288,0.3834720551967621,0.16820333898067474,0.29563286900520325,0.1653352677822113,0.2866328489035368,0
CGTRNA_RS10085,CGTRNA_RS10080,1,0.9546166062355042,0.9385145902633667,0.9502195119857788,0.9662147164344788,0.9218043088912964,0.9473402500152588,0.9652266502380371,0.9565687775611877,0.9257997870445251,0.9644221663475037,0.9490727365016938,1
CGTRNA_RS10080,CGTRNA_RS10075,1,0.9872803092002869,0.9666886329650879,0.9854056239128113,0.9827486872673035,0.9366472363471985,0.9552227258682251,0.9798238277435303,0.9332471489906311,0.9723459482192993,0.9673802256584167,0.966679036617279,1
CGTRNA_RS10075,CGTRNA_RS10070,1,0.817398190498352,0.8408902883529663,0.6011469960212708,0.7702931761741638,0.7833482027053833,0.7672308683395386,0.8187783360481262,0.7125959992408752,0.776637613773346,0.8139268755912781,0.77022465467453,1
CGTRNA_RS10070,CGTRNA_RS10065,1,0.8367899656295776,0.6863639950752258,0.9755117297172546,0.8806092739105225,0.7824317216873169,0.8034422397613525,0.7315928339958191,0.5030226707458496,0.6542395949363708,0.7960464358329773,0.7650050461292267,1
CGTRNA_RS10065,CGTRNA_RS10060,1,0.970552384853363,0.9341524243354797,0.9052437543869019,0.8192363381385803,0.8490464687347412,0.904181718826294,0.8768603205680847,0.8609465956687927,0.9204283952713013,0.8985121250152588,0.8939160525798797,1
CGTRNA_RS10060,CGTRNA_RS10050,0,0.013742927461862564,0.05100937560200691,0.02080044522881508,0.011330941691994667,0.060621149837970734,0.0528019554913044,0.023790594190359116,0.03981805592775345,0.01606757752597332,0.011345801874995232,0.030132882483303546,0
CGTRNA_RS10050,CGTRNA_RS10040,0,0.03479727730154991,0.034052930772304535,0.0268197413533926,0.0037497645244002342,0.017283840104937553,0.07841350883245468,0.03958231210708618,0.03073994256556034,0.023110050708055496,0.02872057631611824,0.031726994458585976,0
CGTRNA_RS10040,CGTRNA_RS10030,0,0.0683140903711319,0.09312094748020172,0.018616382032632828,0.02608911693096161,0.06142602860927582,0.08655952662229538,0.09223160892724991,0.03069245256483555,0.16132232546806335,0.007704860996454954,0.06460773400031031,0
CGTRNA_RS10030,CGTRNA_RS10025,1,0.946838915348053,0.878929078578949,0.7902247905731201,0.8223258256912231,0.8012914657592773,0.880650520324707,0.8696587085723877,0.7873252630233765,0.9268546104431152,0.8014947772026062,0.8505593955516815,1
CGTRNA_RS10025,CGTRNA_RS10020,1,0.9715599417686462,0.9777305126190186,0.9646814465522766,0.9797375202178955,0.9433574080467224,0.9502419233322144,0.9709662199020386,0.9543759226799011,0.955720067024231,0.9771073460578918,0.9645478308200837,1
CGTRNA_RS10020,CGTRNA_RS10015,0,0.2505332827568054,0.09850914776325226,0.07811469584703445,0.04288043826818466,0.12790165841579437,0.2375747114419937,0.03632809966802597,0.05668839439749718,0.10322984308004379,0.08071208000183105,0.11124723516404629,0
CGTRNA_RS10015,CGTRNA_RS10010,0,0.6223505139350891,0.3902403712272644,0.762626588344574,0.13669364154338837,0.5654390454292297,0.6297124028205872,0.5545139908790588,0.27857857942581177,0.38448232412338257,0.3039236068725586,0.46285610646009445,0
CGTRNA_RS10010,CGTRNA_RS10005,1,0.9753103852272034,0.9755806922912598,0.9543710350990295,0.9670305848121643,0.9374711513519287,0.9743309617042542,0.9885357618331909,0.9495745301246643,0.9781408905982971,0.9468486309051514,0.9647194623947144,1
CGTRNA_RS10005,CGTRNA_RS10000,0,0.8482597470283508,0.7336798310279846,0.6668334007263184,0.4830273389816284,0.7182857990264893,0.7984285354614258,0.6268383860588074,0.6960142254829407,0.7604200839996338,0.7045480012893677,0.7036335349082947,1
CGTRNA_RS10000,CGTRNA_RS09970,0,0.00044914957834407687,0.0014354657614603639,0.0011628674110397696,0.00019063444051425904,0.0025785777252167463,0.006828810553997755,0.0011418273206800222,0.001097349333576858,0.004349884577095509,0.0010208491003140807,0.002025541580223944,0
CGTRNA_RS09970,CGTRNA_RS09960,0,0.007961587980389595,0.013853522017598152,0.013878936879336834,0.0013897919561713934,0.002622600644826889,0.01713193766772747,0.0063574048690497875,0.005820514168590307,0.003727041417732835,0.0025164447724819183,0.007525978237390518,0
CGTRNA_RS09960,CGTRNA_RS09955,1,0.960693359375,0.9254330396652222,0.9428685903549194,0.9672853350639343,0.9502578973770142,0.9660020470619202,0.9496161937713623,0.9442256093025208,0.9635356664657593,0.9584990739822388,0.9528416812419891,1
CGTRNA_RS09955,CGTRNA_RS09950,1,0.9775495529174805,0.9430444240570068,0.8922185301780701,0.9588893055915833,0.8737169504165649,0.9416094422340393,0.926825225353241,0.857858419418335,0.920266330242157,0.9420849680900574,0.9234063148498535,1
CGTRNA_RS09950,CGTRNA_RS09945,0,0.07787975668907166,0.02645048312842846,0.016154000535607338,0.007155386731028557,0.033019058406353,0.1312267929315567,0.028811872005462646,0.026521284133195877,0.055178333073854446,0.025355586782097816,0.04277525544166565,0
CGTRNA_RS09945,CGTRNA_RS09940,0,0.9558584094047546,0.8739206194877625,0.8800597190856934,0.8128324747085571,0.7543683648109436,0.8562338352203369,0.7894123196601868,0.8683761358261108,0.8739970922470093,0.8728614449501038,0.8537920415401459,1
CGTRNA_RS09940,CGTRNA_RS09935,0,0.9716610312461853,0.9316973686218262,0.9359638690948486,0.8965252041816711,0.8374161124229431,0.9254633784294128,0.9474402070045471,0.9186647534370422,0.9326964616775513,0.8317590355873108,0.9129287421703338,1
CGTRNA_RS09935,CGTRNA_RS09930,0,0.2051171064376831,0.34005069732666016,0.06737826764583588,0.23846960067749023,0.488330215215683,0.24715426564216614,0.45290055871009827,0.13610868155956268,0.5034855008125305,0.03485039621591568,0.27138452902436255,0
CGTRNA_RS09930,CGTRNA_RS09920,0,0.020078860223293304,0.05672644451260567,0.052919138222932816,0.008623884990811348,0.04799190163612366,0.053181566298007965,0.06486327201128006,0.08472435921430588,0.024629982188344002,0.010576234199106693,0.042431564349681136,0
CGTRNA_RS09920,CGTRNA_RS09915,0,0.18107786774635315,0.2872365713119507,0.2643275856971741,0.18287508189678192,0.23437495529651642,0.46349164843559265,0.2546393871307373,0.0904361829161644,0.3369114398956299,0.09318645298480988,0.23885571733117103,0
CGTRNA_RS09915,CGTRNA_RS09910,0,0.10194798558950424,0.10943222045898438,0.3697008490562439,0.029452206566929817,0.2510128319263458,0.2610544264316559,0.2534363865852356,0.07674540579319,0.14033322036266327,0.07499701529741287,0.16681125480681658,0
CGTRNA_RS09910,CGTRNA_RS09905,1,0.9371561408042908,0.8847097158432007,0.9316396117210388,0.9704443216323853,0.8581305742263794,0.9069024920463562,0.9061432480812073,0.8658028841018677,0.9007134437561035,0.7981255650520325,0.8959767997264863,1
CGTRNA_RS09905,CGTRNA_RS09900,1,0.8680007457733154,0.7619171142578125,0.7132616639137268,0.8479604125022888,0.8406804203987122,0.8710501194000244,0.8323230147361755,0.7213641405105591,0.8548535108566284,0.8571101427078247,0.8168521285057068,1
CGTRNA_RS09900,CGTRNA_RS09890,0,0.1394156813621521,0.16892631351947784,0.31338661909103394,0.25820258259773254,0.2624422311782837,0.4005926251411438,0.20848138630390167,0.07168502360582352,0.44124388694763184,0.14412565529346466,0.24085020050406455,0
CGTRNA_RS09870,CGTRNA_RS09865,1,0.9661191701889038,0.9629185795783997,0.9074186086654663,0.9029822945594788,0.8524913787841797,0.9315417408943176,0.9329571723937988,0.9405829310417175,0.9361362457275391,0.9625776410102844,0.9295725762844086,1
CGTRNA_RS09865,CGTRNA_RS09860,1,0.6335963010787964,0.8644829392433167,0.7985909581184387,0.8761885166168213,0.7349238395690918,0.7075690627098083,0.6379502415657043,0.6386281847953796,0.7648501992225647,0.7617201805114746,0.7418500423431397,1
CGTRNA_RS09860,CGTRNA_RS09845,0,0.003793339943513274,0.002626292873173952,0.0010866650845855474,0.00017580945859663188,0.007170245982706547,0.02370675839483738,0.0025223323609679937,0.0021600413601845503,0.019151778891682625,0.003102994756773114,0.006549625910702161,0
CGTRNA_RS09845,CGTRNA_RS09840,1,0.9747771620750427,0.9531568288803101,0.9378722310066223,0.9544084668159485,0.8553441166877747,0.928310751914978,0.9615488648414612,0.9384254217147827,0.9160017371177673,0.9135183691978455,0.9333363950252533,1
CGTRNA_RS09840,CGTRNA_RS09835,1,0.6772513389587402,0.8126635551452637,0.5627425312995911,0.767230749130249,0.7242206335067749,0.7883345484733582,0.8486374020576477,0.7308513522148132,0.7851324677467346,0.7650014758110046,0.7462066054344177,1
CGTRNA_RS09835,CGTRNA_RS09830,1,0.8618552684783936,0.7257022857666016,0.7405184507369995,0.8721527457237244,0.7806403636932373,0.8064723014831543,0.8016206622123718,0.7325516939163208,0.7194604873657227,0.7740054726600647,0.7814979732036591,1
CGTRNA_RS09830,CGTRNA_RS09800,0,0.00032901871600188315,0.0016011792467907071,0.0015828717732802033,0.0006722852122038603,0.0009501835447736084,0.001998014049604535,0.000693617039360106,0.000649016466923058,0.0007614289643242955,0.00017792946891859174,0.0009415544482180849,0
CGTRNA_RS09800,CGTRNA_RS09795,0,0.31108608841896057,0.12968236207962036,0.26470258831977844,0.05643300339579582,0.1318141669034958,0.33436915278434753,0.19939766824245453,0.07231006026268005,0.14459043741226196,0.10479169338941574,0.17491772212088108,0
CGTRNA_RS09795,CGTRNA_RS09785,0,0.011136926710605621,0.005546951666474342,0.0040334854274988174,0.006415449548512697,0.008446608670055866,0.023547012358903885,0.004035876598209143,0.0037237212527543306,0.03829603269696236,0.0021441590506583452,0.010732622398063541,0
CGTRNA_RS09785,CGTRNA_RS09780,1,0.8488413095474243,0.83815598487854,0.8052311539649963,0.8864628672599792,0.7645726799964905,0.7701669335365295,0.9268059730529785,0.5875304937362671,0.7446562647819519,0.8270481824874878,0.7999471843242645,1
CGTRNA_RS09780,CGTRNA_RS09775,1,0.8896856307983398,0.9197893738746643,0.8922759294509888,0.9556096792221069,0.871698260307312,0.9326607584953308,0.8835324645042419,0.9224599599838257,0.928463876247406,0.8361582159996033,0.9032334148883819,1
CGTRNA_RS09775,CGTRNA_RS09765,0,0.0476284995675087,0.10903176665306091,0.08152540028095245,0.028457606211304665,0.06077723950147629,0.1312086284160614,0.10770433396100998,0.10771828144788742,0.09401220828294754,0.04858449101448059,0.081664845533669,0
CGTRNA_RS09765,CGTRNA_RS09735,0,0.00034999052877537906,0.0007784950430504978,0.0007869662949815392,0.00038381482590921223,0.002520009409636259,0.005232768598943949,0.0005931741907261312,0.0008764696540310979,0.002232549712061882,9.306912397732958e-05,0.0013847307382093277,0
CGTRNA_RS09735,CGTRNA_RS09730,1,0.9559206366539001,0.9757633209228516,0.912817120552063,0.9416080117225647,0.8864228129386902,0.9073812961578369,0.9599325060844421,0.889707088470459,0.9162408709526062,0.9682517051696777,0.9314045369625091,1
CGTRNA_RS09730,CGTRNA_RS09725,1,0.4448997676372528,0.5169370174407959,0.7794343829154968,0.742437481880188,0.5967704653739929,0.535775899887085,0.6896790862083435,0.4947119951248169,0.4485093951225281,0.6628904938697815,0.5912045985460281,1
CGTRNA_RS09725,CGTRNA_RS09720,1,0.9642355442047119,0.9678283333778381,0.8538821339607239,0.9585429430007935,0.8852716088294983,0.9105313420295715,0.9525492787361145,0.9054595828056335,0.9196925759315491,0.8882898688316345,0.9206283211708068,1
CGTRNA_RS09720,CGTRNA_RS09715,0,0.26659977436065674,0.4447782635688782,0.48575788736343384,0.40279603004455566,0.40592458844184875,0.5785377025604248,0.5185489654541016,0.1607702374458313,0.21837842464447021,0.1560763716697693,0.36381682455539704,0
CGTRNA_RS09715,CGTRNA_RS09710,1,0.9688135981559753,0.9316816329956055,0.9112467765808105,0.9178696274757385,0.805553138256073,0.9016516208648682,0.9709662199020386,0.8401029109954834,0.839688241481781,0.932833731174469,0.9020407497882843,1
CGTRNA_RS09710,CGTRNA_RS09705,1,0.9847507476806641,0.953525960445404,0.9390783905982971,0.9433456659317017,0.9681271314620972,0.9657544493675232,0.9741700887680054,0.9551544189453125,0.9738129377365112,0.9496638774871826,0.9607383668422699,1
CGTRNA_RS09705,CGTRNA_RS09700,1,0.5317445993423462,0.8284657001495361,0.6544490456581116,0.7355877161026001,0.7284462451934814,0.7402599453926086,0.8499515652656555,0.7314004898071289,0.7889860272407532,0.7542454600334167,0.7343536794185639,1
CGTRNA_RS09700,CGTRNA_RS09695,1,0.9712288975715637,0.9331468343734741,0.9408748745918274,0.8915253281593323,0.8764512538909912,0.9406746625900269,0.9413577914237976,0.8965981006622314,0.9656301140785217,0.8595981001853943,0.921708595752716,1
CGTRNA_RS09695,CGTRNA_RS09685,0,0.06081636995077133,0.03619195148348808,0.009409362450242043,0.026338068768382072,0.030113542452454567,0.08190548419952393,0.04695050045847893,0.01344654243439436,0.15489521622657776,0.011999602429568768,0.047206664085388185,0
CGTRNA_RS09685,CGTRNA_RS09680,1,0.7781248688697815,0.9395327568054199,0.9419406652450562,0.932287871837616,0.8388403058052063,0.8923144340515137,0.9277843832969666,0.9283045530319214,0.9402431845664978,0.9595046043395996,0.9078877627849579,1
CGTRNA_RS09680,CGTRNA_RS09675,1,0.5994939804077148,0.6622905731201172,0.7151596546173096,0.8640091419219971,0.7343286871910095,0.6680431365966797,0.8479886054992676,0.5777930021286011,0.45122230052948,0.8827666640281677,0.7003095746040344,1
CGTRNA_RS09675,CGTRNA_RS09670,0,0.18374574184417725,0.04806531220674515,0.059324633330106735,0.04151627793908119,0.15712285041809082,0.2723572254180908,0.04594460874795914,0.0563662014901638,0.1871977299451828,0.05186000466346741,0.11035005860030651,0
CGTRNA_RS09670,CGTRNA_RS09660,0,0.027574174106121063,0.026208894327282906,0.005967446602880955,0.001289371750317514,0.01154914777725935,0.06958211958408356,0.019338682293891907,0.015977410599589348,0.03158876672387123,0.006505339406430721,0.021558135317172857,0
CGTRNA_RS09660,CGTRNA_RS09655,1,0.9742000699043274,0.9264099597930908,0.9696070551872253,0.9745577573776245,0.94109046459198,0.9317659139633179,0.9803651571273804,0.9412722587585449,0.9644296169281006,0.9196792840957642,0.9523377537727356,1
CGTRNA_RS09655,CGTRNA_RS09650,1,0.49567797780036926,0.6303027868270874,0.601998507976532,0.49597862362861633,0.4962226152420044,0.5534729957580566,0.6946588158607483,0.6227555871009827,0.5550652146339417,0.4963805079460144,0.5642513632774353,1
CGTRNA_RS09650,CGTRNA_RS09645,1,0.9803119897842407,0.9739293456077576,0.9834206104278564,0.9432383179664612,0.9486369490623474,0.9668819308280945,0.9925122261047363,0.9514990448951721,0.97780841588974,0.9634963870048523,0.9681735217571259,1
CGTRNA_RS09645,CGTRNA_RS09640,1,0.8590444326400757,0.7335201501846313,0.7393103241920471,0.5980756282806396,0.572686493396759,0.786830723285675,0.9042025804519653,0.42602938413619995,0.7669829726219177,0.3244679868221283,0.6711150676012039,1
CGTRNA_RS09640,CGTRNA_RS09635,1,0.7919414043426514,0.9047011733055115,0.8761622309684753,0.8661155104637146,0.8399440050125122,0.834144651889801,0.8037256002426147,0.9166958332061768,0.8547603487968445,0.8904241919517517,0.8578614950180053,1
CGTRNA_RS09635,CGTRNA_RS09630,0,0.10241135209798813,0.07444668561220169,0.056038182228803635,0.11218087375164032,0.26020488142967224,0.17246487736701965,0.11763787269592285,0.0868690237402916,0.27889344096183777,0.07123403996229172,0.13323812298476695,0
CGTRNA_RS09630,CGTRNA_RS09615,0,0.06611372530460358,0.021693037822842598,0.012426817789673805,0.02384057082235813,0.015473559498786926,0.06807446479797363,0.015570434741675854,0.013100373558700085,0.03083699941635132,0.0061450921930372715,0.02732750759460032,0
CGTRNA_RS09615,CGTRNA_RS09610,1,0.9705010056495667,0.9206984043121338,0.9531736373901367,0.9805801510810852,0.9398408532142639,0.9455982446670532,0.9562838673591614,0.9368844032287598,0.9451519846916199,0.9397580027580261,0.9488470554351807,1
CGTRNA_RS09610,CGTRNA_RS09605,1,0.955577552318573,0.9548729658126831,0.9125635027885437,0.9569054245948792,0.8976658582687378,0.9330017566680908,0.9021744728088379,0.9188262224197388,0.882447361946106,0.9472320675849915,0.9261267185211182,1
CGTRNA_RS09605,CGTRNA_RS09600,1,0.22117038071155548,0.4711579382419586,0.18761911988258362,0.2454942762851715,0.4813898503780365,0.43378469347953796,0.6684457659721375,0.4263339340686798,0.21346187591552734,0.27803319692611694,0.3626891031861305,0
CGTRNA_RS09600,CGTRNA_RS09580,0,0.002231801860034466,0.006739580072462559,0.004144737962633371,0.0008003439288586378,0.002851160243153572,0.014521842822432518,0.004456254653632641,0.00443910202011466,0.010991892777383327,0.002579684369266033,0.005375640070997179,0
CGTRNA_RS09580,CGTRNA_RS09575,1,0.6781947016716003,0.5918936133384705,0.8282498121261597,0.8036628365516663,0.6441152691841125,0.7493636608123779,0.6787204146385193,0.5826907753944397,0.6200360655784607,0.7971518039703369,0.6974078953266144,1
CGTRNA_RS09575,CGTRNA_RS09570,1,0.6917300224304199,0.5140656232833862,0.764178991317749,0.829384446144104,0.7038272023200989,0.707331657409668,0.681494414806366,0.5556520819664001,0.7125008702278137,0.659147322177887,0.6819312632083893,1
CGTRNA_RS09570,CGTRNA_RS09565,1,0.929462730884552,0.9053077697753906,0.8747535943984985,0.8995561599731445,0.7647630572319031,0.8651221394538879,0.8568812012672424,0.7331487536430359,0.8549050688743591,0.8928901553153992,0.8576790630817414,1
CGTRNA_RS09565,CGTRNA_RS09540,0,0.0003147904062643647,0.0008084275177679956,0.00019645632710307837,0.00023913492623250932,0.0041918703354895115,0.004621359519660473,0.0002857769140973687,0.0014836002374067903,0.002120050834491849,0.00030521210283041,0.001456667912134435,0
CGTRNA_RS09540,CGTRNA_RS09535,1,0.8294368386268616,0.9614778161048889,0.9535123109817505,0.9732524752616882,0.90421062707901,0.919197142124176,0.957347571849823,0.9283837676048279,0.936257541179657,0.9298932552337646,0.9292969346046448,1
CGTRNA_RS09535,CGTRNA_RS09520,0,0.0008244774071499705,0.0010772430105134845,0.00011039473611162975,8.397441706620157e-05,0.003200107952579856,0.005313404835760593,0.0005109709454700351,0.001574009540490806,0.0035511082969605923,0.00020042352844029665,0.0016446114670543466,0
CGTRNA_RS09520,CGTRNA_RS09515,1,0.972291886806488,0.9643296003341675,0.9698317646980286,0.948407769203186,0.9017522931098938,0.9654912352561951,0.9555226564407349,0.873755931854248,0.9733522534370422,0.9438018202781677,0.9468537211418152,1
CGTRNA_RS09515,CGTRNA_RS09510,1,0.9082888960838318,0.8341347575187683,0.8749542236328125,0.8841158747673035,0.8116025328636169,0.8509795665740967,0.8649518489837646,0.6904394030570984,0.9228115081787109,0.7434719204902649,0.8385750532150269,1
CGTRNA_RS09510,CGTRNA_RS09495,0,0.013108507730066776,0.01852552779018879,0.004655452910810709,0.015928052365779877,0.00966534111648798,0.04902435466647148,0.04374247416853905,0.009940707124769688,0.025784580036997795,0.003122821683064103,0.019349781959317625,0
CGTRNA_RS09495,CGTRNA_RS09490,1,0.9781794548034668,0.9532901644706726,0.9849891066551208,0.9838054180145264,0.9514084458351135,0.9584208130836487,0.9888460040092468,0.9399375915527344,0.9581450819969177,0.9570332765579224,0.965405535697937,1
CGTRNA_RS09490,CGTRNA_RS09485,1,0.8653168082237244,0.9434115886688232,0.9536726474761963,0.9766479134559631,0.9019016027450562,0.930274486541748,0.8872438669204712,0.91978919506073,0.9446549415588379,0.9531015753746033,0.9276014626026153,1
CGTRNA_RS09485,CGTRNA_RS09460,0,0.0007129452424123883,0.000804371084086597,0.0005661902250722051,0.00012703202082775533,0.0018897438421845436,0.005064456257969141,0.0011420046212151647,0.0005707610980607569,0.0018564104102551937,0.0002718009054660797,0.0013005715707549825,0
CGTRNA_RS09435,CGTRNA_RS09425,0,0.004757412243634462,0.006993690971285105,0.004404039122164249,0.006031002849340439,0.010550135746598244,0.014245630241930485,0.018797026947140694,0.002023207489401102,0.009044292382895947,0.0030312601011246443,0.007987769809551537,0
CGTRNA_RS09425,CGTRNA_RS09405,0,0.0003702375979628414,0.0017374692251905799,0.001099306857213378,0.0005415545892901719,0.0044403537176549435,0.00541198905557394,0.00104672578163445,0.0017154833767563105,0.004563183058053255,0.00016697745013516396,0.0021093280709465036,0
CGTRNA_RS09405,CGTRNA_RS09370,0,0.00011943491699639708,0.00038379302714020014,0.0003681508533190936,0.0004783672629855573,0.0005087615572847426,0.0033397276420146227,0.0003616691392380744,0.00023805644013918936,0.0008049380267038941,0.0001145083733717911,0.0006717407239193562,0
CGTRNA_RS09370,CGTRNA_RS09365,1,0.9656107425689697,0.9262439608573914,0.9277676939964294,0.8538377285003662,0.905238926410675,0.8944490551948547,0.9337819218635559,0.832134485244751,0.9677533507347107,0.8490424156188965,0.9055860280990601,1
CGTRNA_RS09365,CGTRNA_RS09360,0,0.5205926895141602,0.7294237613677979,0.6636492609977722,0.8304355144500732,0.7196951508522034,0.6666932106018066,0.5229560732841492,0.48448970913887024,0.7269405722618103,0.822432816028595,0.6687308758497238,1
CGTRNA_RS09360,CGTRNA_RS09355,1,0.8962336182594299,0.8741774559020996,0.9394885301589966,0.9022892117500305,0.9078783392906189,0.9303817749023438,0.9559438228607178,0.8851985335350037,0.9478428959846497,0.9563862681388855,0.9195820450782776,1
CGTRNA_RS09355,CGTRNA_RS09340,0,0.0007250392809510231,0.0010729971108958125,0.00030507304472848773,0.0005075828521512449,0.0035512885078787804,0.008000783622264862,0.0017257247818633914,0.0014471901813521981,0.003879019059240818,0.0005210278322920203,0.0021735726273618638,0
CGTRNA_RS09340,CGTRNA_RS09335,1,0.4966198205947876,0.6164209246635437,0.6902357339859009,0.8645368218421936,0.6408612132072449,0.5597040057182312,0.7522488236427307,0.44583559036254883,0.5358676910400391,0.7235499024391174,0.6325880527496338,1
CGTRNA_RS09335,CGTRNA_RS09330,0,0.044255390763282776,0.05967387929558754,0.048997800797224045,0.00772138312458992,0.019918983802199364,0.06438448280096054,0.04169629141688347,0.0636608898639679,0.033864740282297134,0.03899146988987923,0.04231653120368719,0
CGTRNA_RS09330,CGTRNA_RS09320,0,0.006358311977237463,0.004358492325991392,0.005334099754691124,0.008743156678974628,0.0057291146367788315,0.01897341199219227,0.004090054426342249,0.0026609571650624275,0.016666295006871223,0.002468832302838564,0.007538272626698017,0
CGTRNA_RS09320,CGTRNA_RS09315,1,0.8535622954368591,0.9117110967636108,0.9265143275260925,0.9068742990493774,0.7876321077346802,0.8795851469039917,0.8986332416534424,0.8605476021766663,0.8551638722419739,0.9429382085800171,0.8823162198066712,1
CGTRNA_RS09315,CGTRNA_RS09310,1,0.9771150350570679,0.9821724891662598,0.9742199182510376,0.9770072102546692,0.9539545178413391,0.9522943496704102,0.9914554357528687,0.9544094800949097,0.9679824113845825,0.9764370918273926,0.9707047939300537,1
CGTRNA_RS09310,CGTRNA_RS09305,1,0.9140651226043701,0.8833461999893188,0.9503148794174194,0.9708423018455505,0.8793318867683411,0.8970953226089478,0.9759275317192078,0.8622279167175293,0.942734956741333,0.908053994178772,0.9183940112590789,1
CGTRNA_RS09305,CGTRNA_RS09290,0,0.009405531920492649,0.00959940068423748,0.006510752718895674,0.047485485672950745,0.027196690440177917,0.03836394473910332,0.05994982644915581,0.010264769196510315,0.0202332790941,0.0037972975987941027,0.023280697851441802,0
CGTRNA_RS09290,CGTRNA_RS09245,0,0.00045728302211500704,0.002020003739744425,0.0004588160081766546,8.990932838059962e-05,0.0005569997010752559,0.0033304239623248577,0.0006435874383896589,0.00039835544885136187,0.0016180729726329446,5.5992568377405405e-05,0.0009629444190068171,0
CGTRNA_RS09230,CGTRNA_RS09225,1,0.5452089309692383,0.670302152633667,0.5376870036125183,0.6569908261299133,0.5578356385231018,0.8102744221687317,0.7426008582115173,0.47831907868385315,0.8103528022766113,0.6497541666030884,0.6459325879812241,1
CGTRNA_RS09225,CGTRNA_RS09220,0,0.2836777865886688,0.737183690071106,0.35763150453567505,0.5069149732589722,0.460255891084671,0.6971385478973389,0.5064218640327454,0.5966154932975769,0.8145821690559387,0.4565141201019287,0.5416936039924621,1
CGTRNA_RS09220,CGTRNA_RS09215,0,0.4254807233810425,0.6079569458961487,0.7259215712547302,0.5738915205001831,0.6262008547782898,0.6531513929367065,0.6008501052856445,0.39066362380981445,0.6102412939071655,0.5853025317192078,0.5799660563468934,1
CGTRNA_RS09215,CGTRNA_RS09210,0,0.2841115891933441,0.26872485876083374,0.11076962947845459,0.02829596772789955,0.29851821064949036,0.5517625212669373,0.10525329411029816,0.22369788587093353,0.39916884899139404,0.2781733274459839,0.2548476133495569,0
CGTRNA_RS09210,CGTRNA_RS09205,0,0.9243088960647583,0.9345115423202515,0.9473128914833069,0.9849668145179749,0.892589271068573,0.9259734153747559,0.9651622772216797,0.8851527571678162,0.9504688382148743,0.9333399534225464,0.9343786656856536,1
CGTRNA_RS09205,CGTRNA_RS09200,0,0.6822823882102966,0.8770226836204529,0.8624427914619446,0.8146525025367737,0.816220760345459,0.9095782041549683,0.878971517086029,0.5258651971817017,0.9730441570281982,0.7053474187850952,0.8045427620410919,1
CGTRNA_RS09145,CGTRNA_RS09125,0,0.006244205869734287,0.004710109438747168,0.00033205116051249206,0.000918328354600817,0.0036349622532725334,0.02018369734287262,0.023809457197785378,0.002136535244062543,0.006811163388192654,0.000441349926404655,0.006922186017618515,0
CGTRNA_RS09090,CGTRNA_RS09085,1,0.725023090839386,0.6368420124053955,0.39527708292007446,0.8131645321846008,0.4981061816215515,0.6840176582336426,0.8118219971656799,0.4843543767929077,0.5920977592468262,0.6085941195487976,0.6249298810958862,1
CGTRNA_RS09085,CGTRNA_RS09075,1,0.1856774240732193,0.26218941807746887,0.205571711063385,0.5324174165725708,0.1770986169576645,0.16861891746520996,0.3755079209804535,0.09564292430877686,0.11898350715637207,0.48691943287849426,0.2608627289533615,0
CGTRNA_RS09075,CGTRNA_RS09060,0,0.18096140027046204,0.09849211573600769,0.1349685937166214,0.3404134511947632,0.20548495650291443,0.26032304763793945,0.3855710029602051,0.15589432418346405,0.25019681453704834,0.17655114829540253,0.2188856855034828,0
CGTRNA_RS09060,CGTRNA_RS09055,0,0.19630418717861176,0.07379189878702164,0.03325920179486275,0.16989277303218842,0.1799629181623459,0.25276416540145874,0.15038654208183289,0.03296557068824768,0.22108998894691467,0.05653715506196022,0.13669544011354445,0
CGTRNA_RS09055,CGTRNA_RS09050,0,0.42433962225914,0.7435415983200073,0.4456382691860199,0.6377038955688477,0.47549325227737427,0.34204259514808655,0.5044969916343689,0.25014427304267883,0.5136612057685852,0.2104048728942871,0.4547466576099396,0
CGTRNA_RS09015,CGTRNA_RS09010,0,0.053941477090120316,0.018035059794783592,0.02567409910261631,0.022290579974651337,0.03137632831931114,0.05561244860291481,0.035055384039878845,0.006025705952197313,0.026398347690701485,0.0064687286503612995,0.028087815921753644,0
CGTRNA_RS09010,CGTRNA_RS09005,0,0.12497801333665848,0.0789790153503418,0.0377778522670269,0.040390968322753906,0.07902629673480988,0.14923904836177826,0.14592614769935608,0.02540590614080429,0.09092812985181808,0.03971150517463684,0.08123628832399846,0
CGTRNA_RS09005,CGTRNA_RS09000,0,0.9033200740814209,0.6413131356239319,0.697832465171814,0.8798807263374329,0.680695116519928,0.7554907202720642,0.7683349251747131,0.46396297216415405,0.6996908783912659,0.7548444867134094,0.7245365500450134,1
CGTRNA_RS09000,CGTRNA_RS08995,0,0.40969318151474,0.19035646319389343,0.1177750676870346,0.2959878444671631,0.2834011912345886,0.16028040647506714,0.20866553485393524,0.040490031242370605,0.23267796635627747,0.035635169595479965,0.19749628566205502,0
CGTRNA_RS08995,CGTRNA_RS08990,1,0.8870330452919006,0.7079113721847534,0.6952358484268188,0.8130388259887695,0.4861530661582947,0.6556431651115417,0.6634412407875061,0.3870773911476135,0.6413384675979614,0.5915940999984741,0.6528466522693634,1
CGTRNA_RS08990,CGTRNA_RS08985,0,0.14321188628673553,0.14675062894821167,0.25586727261543274,0.07162979245185852,0.10671333968639374,0.11916070431470871,0.14506472647190094,0.02119726873934269,0.0666259229183197,0.10821212828159332,0.11844336707144976,0
CGTRNA_RS08985,CGTRNA_RS08980,1,0.6926781535148621,0.5927913784980774,0.5352040529251099,0.8691627979278564,0.45327040553092957,0.664627194404602,0.6054950952529907,0.231314554810524,0.7468667030334473,0.5207826495170593,0.5912192985415459,1
CGTRNA_RS08980,CGTRNA_RS08975,0,0.6038085222244263,0.45445001125335693,0.677121102809906,0.7064329385757446,0.4922332167625427,0.5616613626480103,0.5830534100532532,0.24556535482406616,0.5822820067405701,0.6436048746109009,0.5550212800502777,1
CGTRNA_RS08975,CGTRNA_RS08970,1,0.48474934697151184,0.7693808674812317,0.5941493511199951,0.6637757420539856,0.4370194971561432,0.3714725971221924,0.8529693484306335,0.2373640090227127,0.4466433525085449,0.39825567603111267,0.5255779787898064,1
CGTRNA_RS08970,CGTRNA_RS08965,0,0.2719654440879822,0.27040404081344604,0.175445556640625,0.3093550205230713,0.28184935450553894,0.17876668274402618,0.18874461948871613,0.043774593621492386,0.22759173810482025,0.12375356256961823,0.20716506130993367,0
CGTRNA_RS08965,CGTRNA_RS08960,1,0.4692581593990326,0.22675029933452606,0.41446158289909363,0.8584911227226257,0.3568821847438812,0.5008222460746765,0.5384109020233154,0.2267576903104782,0.42618539929389954,0.6235218048095703,0.4641541391611099,0
CGTRNA_RS08960,CGTRNA_RS08955,0,0.15100882947444916,0.06657594442367554,0.0672764778137207,0.04799275100231171,0.11880393326282501,0.1769135594367981,0.21072755753993988,0.02324766293168068,0.09801524877548218,0.11116272956132889,0.10717246942222118,0
CGTRNA_RS08955,CGTRNA_RS08950,0,0.8712189197540283,0.6715763807296753,0.7539424896240234,0.7632864713668823,0.4339381754398346,0.6253918409347534,0.7640010118484497,0.34157609939575195,0.5212858319282532,0.6029698252677917,0.6349187046289444,1
CGTRNA_RS08950,CGTRNA_RS08945,0,0.4176619052886963,0.4788506031036377,0.3418416976928711,0.3227812647819519,0.25174474716186523,0.15823829174041748,0.2495061755180359,0.05300328508019447,0.3993373215198517,0.08358730375766754,0.2756552595645189,0
CGTRNA_RS08945,CGTRNA_RS08940,0,0.41174739599227905,0.4016508162021637,0.36244288086891174,0.2995019257068634,0.29803013801574707,0.23728814721107483,0.08607381582260132,0.10014814883470535,0.2463824450969696,0.07363836467266083,0.2516904078423977,0
CGTRNA_RS08940,CGTRNA_RS08935,1,0.5990167856216431,0.6911463141441345,0.6480477452278137,0.8459938168525696,0.49964627623558044,0.6658270955085754,0.548387348651886,0.2787632644176483,0.7400633096694946,0.6544371843338013,0.6171329140663147,1
CGTRNA_RS08935,CGTRNA_RS08930,0,0.18699181079864502,0.2140348255634308,0.5608124136924744,0.5390045642852783,0.2745012044906616,0.4029320478439331,0.3506944477558136,0.1874341070652008,0.2698207497596741,0.46274811029434204,0.3448974281549454,0
CGTRNA_RS08930,CGTRNA_RS08925,1,0.5566893815994263,0.5407193899154663,0.5813923478126526,0.6773762106895447,0.5228028893470764,0.6530050039291382,0.8175711035728455,0.24286095798015594,0.43707600235939026,0.41261419653892517,0.5442107483744621,1
CGTRNA_RS08900,CGTRNA_RS08895,0,0.23582811653614044,0.12394275516271591,0.15022452175617218,0.22072653472423553,0.2914753258228302,0.1745612472295761,0.1869649887084961,0.03476424515247345,0.12389303743839264,0.06746520847082138,0.1609845981001854,0
CGTRNA_RS08895,CGTRNA_RS08875,0,0.009152132086455822,0.018416499719023705,0.004834918305277824,0.02441740781068802,0.01125607080757618,0.02468867413699627,0.02775506302714348,0.003872306551784277,0.011978568509221077,0.004403439816087484,0.014077508077025413,0
CGTRNA_RS08875,CGTRNA_RS08870,1,0.8166239857673645,0.8600631356239319,0.838998556137085,0.8235024809837341,0.5395954847335815,0.7210037708282471,0.7914775609970093,0.3836860656738281,0.8252353668212891,0.6641259789466858,0.7264312386512757,1
CGTRNA_RS08870,CGTRNA_RS08865,1,0.5603389739990234,0.6361092329025269,0.3645381033420563,0.8573525547981262,0.5005068778991699,0.6240699291229248,0.6928265690803528,0.2921084761619568,0.47779032588005066,0.6401340365409851,0.5645775079727173,1
CGTRNA_RS08865,CGTRNA_RS08860,1,0.9000478982925415,0.9076939821243286,0.7946239113807678,0.9167171120643616,0.872145414352417,0.8306137323379517,0.9072445631027222,0.6320734620094299,0.8536331057548523,0.8809905052185059,0.8495783686637879,1
CGTRNA_RS08860,CGTRNA_RS08775,0,1.0742327503976412e-05,0.0002196210261899978,2.03749932552455e-05,1.8709466530708596e-05,0.0004346412606537342,0.001512077171355486,0.000274133519269526,6.956288416404277e-05,0.00016581003728788346,2.7228579710936174e-05,0.00027529012659215367,0
CGTRNA_RS08775,CGTRNA_RS08740,0,5.2657342166639864e-05,0.0009554792195558548,0.0007552275783382356,0.00013912003487348557,0.0002819367218762636,0.0007650487241335213,0.0008177005802281201,0.0003319776733405888,0.0003358627436682582,3.783963620662689e-05,0.00044728502543875945,0
CGTRNA_RS08740,CGTRNA_RS08700,0,0.00013131734158378094,0.0005152322701178491,0.00011978677503066137,5.092794162919745e-05,0.0021964169573038816,0.005299868527799845,0.003986567724496126,0.00030036395764909685,0.0008632499375380576,0.00039282062789425254,0.0013856552061042749,0
CGTRNA_RS08700,CGTRNA_RS08675,0,5.996696199872531e-05,0.0005429231678135693,8.183054160326719e-05,7.826380169717595e-05,0.0003151612472720444,0.0010808820370584726,0.00023486539430450648,0.00020547733583953232,0.000380266981665045,0.00011463827104307711,0.0003094275740295416,0
CGTRNA_RS08675,CGTRNA_RS08670,1,0.6303071975708008,0.34278208017349243,0.7680830955505371,0.831581175327301,0.6449458003044128,0.6000930070877075,0.8642732501029968,0.534195601940155,0.687062680721283,0.8370983004570007,0.6740422189235687,1
CGTRNA_RS08670,CGTRNA_RS08655,0,0.0009869851637631655,0.004854921717196703,0.004133112728595734,0.000562091066967696,0.0029298767913132906,0.010033045895397663,0.0031103729270398617,0.003636617213487625,0.006196641828864813,0.0018376049119979143,0.0038281270244624466,0
CGTRNA_RS08655,CGTRNA_RS08650,1,0.3612874150276184,0.2210773378610611,0.3649195730686188,0.2631886601448059,0.3048267066478729,0.31241732835769653,0.42920759320259094,0.2441449910402298,0.3179754316806793,0.2336975783109665,0.305274261534214,0
CGTRNA_RS08650,CGTRNA_RS08535,0,4.6996014134492725e-05,0.00037087989039719105,0.00012868877092842013,0.00010236503294436261,0.0014327685348689556,0.00257093645632267,0.001015458139590919,0.0001795026328181848,0.0005434497725218534,5.109732592245564e-05,0.0006442142570449505,0
CGTRNA_RS08450,CGTRNA_RS08445,0,0.6471783518791199,0.6472943425178528,0.39036017656326294,0.475543737411499,0.24478153884410858,0.4156204164028168,0.1892893761396408,0.20939970016479492,0.5650326013565063,0.25179368257522583,0.4036293923854828,0
CGTRNA_RS08445,CGTRNA_RS08440,0,0.5846518874168396,0.7971742749214172,0.30272331833839417,0.8158488273620605,0.5021154284477234,0.4100618064403534,0.6878780126571655,0.32049569487571716,0.5702295899391174,0.10860957205295563,0.5099788412451745,1
CGTRNA_RS08440,CGTRNA_RS08430,0,0.1029670238494873,0.06577648222446442,0.04303876683115959,0.5479302406311035,0.22226351499557495,0.17907512187957764,0.10807570815086365,0.0827563926577568,0.17813241481781006,0.09048469364643097,0.16205003596842288,0
CGTRNA_RS08420,CGTRNA_RS08415,1,0.8064669370651245,0.8076168298721313,0.670237123966217,0.8333119750022888,0.559758186340332,0.6681433916091919,0.7967842817306519,0.5724828243255615,0.638978898525238,0.7588590383529663,0.7112639486789704,1
CGTRNA_RS08375,CGTRNA_RS08370,1,0.9869359135627747,0.9779829382896423,0.9793093800544739,0.9728362560272217,0.9591238498687744,0.9778776168823242,0.9958022236824036,0.9593465924263,0.9760413765907288,0.9752087593078613,0.9760464906692505,1
CGTRNA_RS08370,CGTRNA_RS08365,1,0.9776406288146973,0.9716551303863525,0.9458770751953125,0.9825463891029358,0.9292109608650208,0.9439879655838013,0.9856550097465515,0.9517999291419983,0.9425114989280701,0.9101024270057678,0.9540987014770508,1
CGTRNA_RS08365,CGTRNA_RS08360,0,0.5125923752784729,0.568244218826294,0.5460138320922852,0.6498110890388489,0.6421098113059998,0.7168300151824951,0.7361484169960022,0.5994914770126343,0.8453937768936157,0.3981872797012329,0.6214822292327881,1
CGTRNA_RS08360,CGTRNA_RS08355,1,0.9835084080696106,0.9721966981887817,0.9748981595039368,0.9789720177650452,0.9511668086051941,0.9723603129386902,0.9970071911811829,0.9573073983192444,0.9729832410812378,0.9754292368888855,0.9735829472541809,1
CGTRNA_RS08355,CGTRNA_RS08350,1,0.9774472117424011,0.9471304416656494,0.9433192610740662,0.9483120441436768,0.8512586951255798,0.9537891745567322,0.9516644477844238,0.928429901599884,0.9415593147277832,0.9545894861221313,0.9397499978542327,1
CGTRNA_RS08350,CGTRNA_RS08345,1,0.9865992069244385,0.9723496437072754,0.9709222316741943,0.9857901334762573,0.9467586278915405,0.9658302068710327,0.9893579483032227,0.9687840342521667,0.9781878590583801,0.9788991212844849,0.9743479013442993,1
CGTRNA_RS08345,CGTRNA_RS08340,1,0.9784258008003235,0.9489176869392395,0.9284824728965759,0.9360807538032532,0.8803596496582031,0.9334477186203003,0.925509512424469,0.8781909942626953,0.9437726140022278,0.9212381839752197,0.9274425387382508,1
CGTRNA_RS08340,CGTRNA_RS08335,1,0.9502660632133484,0.9114986062049866,0.8848876953125,0.8207607865333557,0.785559892654419,0.8969500660896301,0.8884015083312988,0.7651162147521973,0.8832330703735352,0.821933925151825,0.8608607828617096,1
CGTRNA_RS08335,CGTRNA_RS08325,0,0.06399118900299072,0.06419722735881805,0.2614611089229584,0.2841333746910095,0.13366177678108215,0.11623460054397583,0.05314793437719345,0.0675412118434906,0.14516589045524597,0.09810565412044525,0.128763996809721,0
CGTRNA_RS08325,CGTRNA_RS08320,1,0.530680239200592,0.6582719087600708,0.8425750732421875,0.8882846236228943,0.6494361758232117,0.6214742064476013,0.7859129905700684,0.7010783553123474,0.46205762028694153,0.8870539665222168,0.7026825159788131,1
CGTRNA_RS08320,CGTRNA_RS08315,1,0.6673864126205444,0.31794509291648865,0.6132885217666626,0.40529105067253113,0.537081778049469,0.6723717451095581,0.5263341069221497,0.3732219636440277,0.45246660709381104,0.7527115941047668,0.5318098872900009,1
CGTRNA_RS08315,CGTRNA_RS08310,1,0.7072998285293579,0.7047468423843384,0.8367151618003845,0.45115843415260315,0.7291719913482666,0.8330357074737549,0.6307355761528015,0.5058724880218506,0.7912850379943848,0.6715158224105835,0.6861536890268326,1
CGTRNA_RS08310,CGTRNA_RS08305,1,0.9815434217453003,0.97562175989151,0.9520454406738281,0.9208549857139587,0.9265684485435486,0.9602881669998169,0.9833962321281433,0.9528309106826782,0.9629588723182678,0.9689366221427917,0.9585044860839844,1
CGTRNA_RS08305,CGTRNA_RS08300,1,0.7943862676620483,0.7608417868614197,0.8356336951255798,0.8231898546218872,0.7747519016265869,0.7710503339767456,0.8091543912887573,0.7180858850479126,0.6689695119857788,0.8666513562202454,0.7822714984416962,1
CGTRNA_RS08300,CGTRNA_RS08295,0,0.44230225682258606,0.19901616871356964,0.29617470502853394,0.1904175728559494,0.35005277395248413,0.38381433486938477,0.2518530786037445,0.0855623409152031,0.2792418301105499,0.17134937644004822,0.2649784438312054,0
CGTRNA_RS08295,CGTRNA_RS08290,1,0.9819402098655701,0.9720982909202576,0.9639747142791748,0.9543296694755554,0.949065625667572,0.9775754809379578,0.9791799187660217,0.9688768982887268,0.9828948974609375,0.9763888716697693,0.9706324577331543,1
CGTRNA_RS08290,CGTRNA_RS08285,0,0.10848948359489441,0.08774315565824509,0.05151252821087837,0.010172821581363678,0.02772459015250206,0.0873432382941246,0.04503447562456131,0.03628554567694664,0.037879154086112976,0.023207375779747963,0.05153923686593771,0
CGTRNA_RS08285,CGTRNA_RS08280,1,0.9788094758987427,0.9592463970184326,0.9588894844055176,0.97563236951828,0.8971647024154663,0.9416553378105164,0.9260692000389099,0.95188307762146,0.9234892129898071,0.9622675180435181,0.9475106775760651,1
CGTRNA_RS08280,CGTRNA_RS08275,1,0.9503936171531677,0.9700313806533813,0.9374489784240723,0.9825952649116516,0.8801419734954834,0.9291967749595642,0.9668525457382202,0.9498443007469177,0.9529708027839661,0.885249137878418,0.9404724776744843,1
CGTRNA_RS08275,CGTRNA_RS08255,0,0.0009072856046259403,0.0029105336870998144,0.001821594894863665,0.00189302209764719,0.0016167985741049051,0.00562317157164216,0.0015188008546829224,0.0012909566285088658,0.0025325033348053694,0.000436627131421119,0.002055129437940195,0
CGTRNA_RS08255,CGTRNA_RS08250,1,0.6322906613349915,0.8634777069091797,0.7908900380134583,0.8635886311531067,0.6472542881965637,0.6847441792488098,0.9003310799598694,0.75653475522995,0.6971356868743896,0.8261051774024963,0.7662352204322815,1
CGTRNA_RS08250,CGTRNA_RS08245,0,0.939240574836731,0.7603148818016052,0.7507290244102478,0.8256497383117676,0.8131312131881714,0.8029997944831848,0.8625672459602356,0.6665725708007812,0.7942888736724854,0.6132002472877502,0.7828694164752961,1
CGTRNA_RS08245,CGTRNA_RS08210,0,0.00045300304191187024,0.0031790349166840315,0.0015134642599150538,0.0003439273568801582,0.0016589690931141376,0.0041230954229831696,0.00400093337520957,0.000838123494759202,0.0028669473249465227,0.0005183474277146161,0.001949584571411833,0
CGTRNA_RS08210,CGTRNA_RS08205,1,0.9768663048744202,0.9328418374061584,0.938198447227478,0.9682035446166992,0.8386403322219849,0.9408526420593262,0.9271750450134277,0.8320537209510803,0.9211333990097046,0.9027796983718872,0.9178744971752166,1
CGTRNA_RS08205,CGTRNA_RS08200,1,0.9877948760986328,0.9564405679702759,0.9751190543174744,0.9863230586051941,0.9440137147903442,0.9739232063293457,0.985103964805603,0.9565432071685791,0.9745550751686096,0.9661509394645691,0.9705967664718628,1
CGTRNA_RS08200,CGTRNA_RS08190,0,0.19393450021743774,0.2881563603878021,0.2596103847026825,0.19349244236946106,0.2401670217514038,0.32348719239234924,0.3572412133216858,0.18218401074409485,0.21063940227031708,0.14570754766464233,0.23946200758218766,0
CGTRNA_RS08190,CGTRNA_RS08185,1,0.7822525501251221,0.7457807064056396,0.7904003858566284,0.9169068336486816,0.7519000768661499,0.8173708319664001,0.8733564615249634,0.5971232652664185,0.7791003584861755,0.8595246076583862,0.7913716077804566,1
CGTRNA_RS08185,CGTRNA_RS08180,1,0.9418510794639587,0.9604462385177612,0.9694997668266296,0.9824893474578857,0.9416283965110779,0.960176944732666,0.9843707084655762,0.9472306370735168,0.9725517630577087,0.9597374796867371,0.9619982361793518,1
CGTRNA_RS08180,CGTRNA_RS08175,1,0.6616054773330688,0.9032192230224609,0.8170938491821289,0.8877668976783752,0.8007994294166565,0.8137036561965942,0.8059179782867432,0.7768951058387756,0.8881193399429321,0.8361734747886658,0.8191294431686401,1
CGTRNA_RS08175,CGTRNA_RS08170,0,0.3920581340789795,0.34600964188575745,0.5358350872993469,0.10909529775381088,0.5134025812149048,0.7314587235450745,0.5443882346153259,0.3623994290828705,0.3513457179069519,0.3443589508533478,0.42303517982363703,0
CGTRNA_RS08170,CGTRNA_RS08165,1,0.9711582660675049,0.9423828125,0.9376840591430664,0.9345592260360718,0.7979956269264221,0.9413774013519287,0.9528101682662964,0.9067032337188721,0.9434638023376465,0.9222308993339539,0.9250365495681763,1
CGTRNA_RS08165,CGTRNA_RS08160,1,0.9881119728088379,0.9772080183029175,0.9805973172187805,0.9841954112052917,0.962101399898529,0.9769089221954346,0.9953921437263489,0.9771793484687805,0.9796072244644165,0.9784693121910095,0.9799771070480346,1
CGTRNA_RS08160,CGTRNA_RS08140,0,0.0008359907078556716,0.0021627366077154875,0.00022292439825832844,0.0002283098001498729,0.001909645856358111,0.008626861497759819,0.0011299626203253865,0.0012083827750757337,0.006657505873590708,0.0002880604879464954,0.0023270380625035614,0
CGTRNA_RS08140,CGTRNA_RS08135,0,0.8718380331993103,0.8082547187805176,0.6917461156845093,0.9094821214675903,0.7390429377555847,0.8324524164199829,0.8955994248390198,0.7376009821891785,0.7778853178024292,0.7831831574440002,0.8047085225582122,1
CGTRNA_RS08135,CGTRNA_RS08130,0,0.5739820003509521,0.4364730417728424,0.25701704621315,0.3430579900741577,0.40356841683387756,0.46955081820487976,0.09489250183105469,0.3746359348297119,0.4510260224342346,0.37475624680519104,0.37789600193500517,0
CGTRNA_RS08130,CGTRNA_RS08125,1,0.9780657887458801,0.9420918226242065,0.9185080528259277,0.9341733455657959,0.8948572278022766,0.9537848830223083,0.9446770548820496,0.9317898750305176,0.9588282704353333,0.9378783106803894,0.9394654631614685,1
CGTRNA_RS08125,CGTRNA_RS08120,1,0.8060081005096436,0.8916507363319397,0.929450511932373,0.7991682887077332,0.8641401529312134,0.9395345449447632,0.8189288377761841,0.7823039293289185,0.9499676823616028,0.9381762742996216,0.8719329059123992,1
CGTRNA_RS08120,CGTRNA_RS08115,1,0.7182014584541321,0.9012942314147949,0.7260998487472534,0.7960009574890137,0.7530109882354736,0.771553099155426,0.8651916980743408,0.7869263887405396,0.7739934325218201,0.8419805765151978,0.7934252679347992,1
CGTRNA_RS08115,CGTRNA_RS08110,1,0.8114073872566223,0.9258972406387329,0.9128052592277527,0.9667932987213135,0.8889281153678894,0.8899227380752563,0.9433462619781494,0.873177707195282,0.925082802772522,0.9593367576599121,0.9096697568893433,1
CGTRNA_RS08110,CGTRNA_RS08105,1,0.9253552556037903,0.8411036133766174,0.9756689667701721,0.9330488443374634,0.9149163365364075,0.9532583355903625,0.9433054327964783,0.9031773805618286,0.9645078182220459,0.9373148083686829,0.9291656792163849,1
CGTRNA_RS08105,CGTRNA_RS08080,0,0.0007474671001546085,0.004445875994861126,0.0016458563040941954,0.0002746172249317169,0.0027878019027411938,0.00408584950491786,0.003200591541826725,0.0017946177395060658,0.003558709053322673,0.0006646179826930165,0.002320600434904918,0
CGTRNA_RS08080,CGTRNA_RS08075,1,0.9864410161972046,0.9512678980827332,0.9425844550132751,0.9510622620582581,0.9307267665863037,0.9619848728179932,0.9648715853691101,0.9342617392539978,0.9693496227264404,0.9541233777999878,0.9546673595905304,1
CGTRNA_RS08075,CGTRNA_RS08070,1,0.9649298191070557,0.9787091016769409,0.9518548250198364,0.9402719736099243,0.8949707746505737,0.9311415553092957,0.9769323468208313,0.9222164750099182,0.918476939201355,0.960037112236023,0.9439540922641754,1
CGTRNA_RS08070,CGTRNA_RS08065,1,0.8450833559036255,0.9486053586006165,0.9458114504814148,0.9704892039299011,0.8555827736854553,0.8941313624382019,0.9501433968544006,0.8961565494537354,0.906618595123291,0.9474467635154724,0.9160068809986115,1
CGTRNA_RS08065,CGTRNA_RS08060,1,0.9843564033508301,0.9819337725639343,0.9838455319404602,0.9848604202270508,0.9416269063949585,0.9570597410202026,0.9936168193817139,0.962184727191925,0.9715976715087891,0.9755513072013855,0.973663330078125,1
CGTRNA_RS08060,CGTRNA_RS08055,1,0.9647547006607056,0.9601803421974182,0.9808225631713867,0.9792080521583557,0.9207187294960022,0.969584047794342,0.9926216006278992,0.9235585927963257,0.9518507719039917,0.9574390053749084,0.9600738406181335,1
CGTRNA_RS08055,CGTRNA_RS08050,1,0.39720937609672546,0.4128202199935913,0.6129058599472046,0.7753089666366577,0.572059690952301,0.435917466878891,0.6068617105484009,0.45009785890579224,0.37032827734947205,0.5857819318771362,0.5219291359186172,1
CGTRNA_RS08050,CGTRNA_RS08045,1,0.9838775992393494,0.9543007612228394,0.9322034120559692,0.9649921655654907,0.9387906193733215,0.9608018398284912,0.9717438817024231,0.9309712052345276,0.9356419444084167,0.9669290781021118,0.954025250673294,1
CGTRNA_RS08045,CGTRNA_RS08040,1,0.7945451736450195,0.7928358316421509,0.9283350110054016,0.9389169216156006,0.9098207950592041,0.8597486019134521,0.9767299890518188,0.8482233881950378,0.8893099427223206,0.8263530731201172,0.8764818727970123,1
CGTRNA_RS08040,CGTRNA_RS08035,0,0.18194399774074554,0.08657868206501007,0.06807468831539154,0.012893385253846645,0.07044520229101181,0.1808808296918869,0.09090270102024078,0.11027057468891144,0.08922835439443588,0.10128354281187057,0.09925019582733512,0
CGTRNA_RS08035,CGTRNA_RS08030,1,0.5017064213752747,0.7096330523490906,0.4750649034976959,0.5435954928398132,0.5868358612060547,0.7284591794013977,0.7931169867515564,0.521734893321991,0.6862049102783203,0.5542950630187988,0.6100646764039993,1
CGTRNA_RS08030,CGTRNA_RS08025,1,0.9753938913345337,0.9238117337226868,0.9871615171432495,0.9668368697166443,0.9044057130813599,0.9520726799964905,0.9401763677597046,0.8476570844650269,0.9325001239776611,0.7437081336975098,0.9173724114894867,1
CGTRNA_RS08025,CGTRNA_RS08020,1,0.6053140163421631,0.8285965919494629,0.8448753952980042,0.8947288990020752,0.7926464676856995,0.740382730960846,0.8813266158103943,0.7274568676948547,0.828313946723938,0.8396885395050049,0.7983330070972443,1
CGTRNA_RS08020,CGTRNA_RS08015,1,0.9707277417182922,0.9055182337760925,0.9756661653518677,0.9548063278198242,0.9145581722259521,0.9666166305541992,0.9869955778121948,0.9557880759239197,0.9699718356132507,0.9532628655433655,0.9553911626338959,1
CGTRNA_RS08015,CGTRNA_RS08010,1,0.9681636095046997,0.9728062152862549,0.947893500328064,0.9145874977111816,0.799353837966919,0.9360157251358032,0.9679103493690491,0.9183988571166992,0.8978723883628845,0.9272810220718384,0.9250283002853393,1
CGTRNA_RS08010,CGTRNA_RS08005,1,0.9065808057785034,0.9032601118087769,0.8837870955467224,0.8701158165931702,0.8736671805381775,0.8364754319190979,0.915773332118988,0.8073461651802063,0.7455929517745972,0.9173001050949097,0.8659898996353149,1
CGTRNA_RS08005,CGTRNA_RS08000,1,0.9858487248420715,0.9558866620063782,0.9599494338035583,0.9526801705360413,0.953111469745636,0.9704540371894836,0.9836792349815369,0.947044312953949,0.9788986444473267,0.9412568211555481,0.9628809511661529,1
CGTRNA_RS08000,CGTRNA_RS07995,1,0.9787526726722717,0.9632469415664673,0.9459593296051025,0.9426668882369995,0.8811241984367371,0.9507738351821899,0.9371116757392883,0.9292223453521729,0.9594555497169495,0.9411342144012451,0.9429447650909424,1
CGTRNA_RS07995,CGTRNA_RS07990,1,0.9843444228172302,0.981701135635376,0.9754096865653992,0.9871852993965149,0.9300606846809387,0.9539263844490051,0.992849588394165,0.9730426669120789,0.9575086236000061,0.964606523513794,0.9700635015964508,1
CGTRNA_RS07990,CGTRNA_RS07985,1,0.981988787651062,0.9574241638183594,0.9673466682434082,0.9795283079147339,0.9112289547920227,0.954064130783081,0.9813727736473083,0.959336519241333,0.9232500195503235,0.9483113884925842,0.9563851714134216,1
CGTRNA_RS07985,CGTRNA_RS07980,1,0.7966441512107849,0.8537936806678772,0.8143473863601685,0.9052586555480957,0.7729710340499878,0.8257742524147034,0.8132316470146179,0.8513520359992981,0.8662887811660767,0.8942262530326843,0.8393887877464294,1
CGTRNA_RS07980,CGTRNA_RS07975,1,0.9855332970619202,0.9323421120643616,0.9708455801010132,0.9874728918075562,0.9296501874923706,0.9597944617271423,0.9801198244094849,0.9517311453819275,0.9661620855331421,0.9502923488616943,0.9613943934440613,1
CGTRNA_RS07975,CGTRNA_RS07970,1,0.8867631554603577,0.6657532453536987,0.7487568259239197,0.7246888279914856,0.7212472558021545,0.7756727933883667,0.7243497967720032,0.6238742470741272,0.653120219707489,0.6512107849121094,0.7175437152385712,1
CGTRNA_RS07970,CGTRNA_RS07965,1,0.9726870059967041,0.9574507474899292,0.9463644027709961,0.9554855227470398,0.8638689517974854,0.9458305239677429,0.9646019339561462,0.922531247138977,0.9677625894546509,0.9538095593452454,0.9450392484664917,1
CGTRNA_RS07965,CGTRNA_RS07960,1,0.9896961450576782,0.9828173518180847,0.9926085472106934,0.993049681186676,0.9767189025878906,0.9759812355041504,0.9989416003227234,0.9820649027824402,0.9764551520347595,0.9815686345100403,0.9849902153015136,1
CGTRNA_RS07960,CGTRNA_RS07955,0,0.12154798209667206,0.23345854878425598,0.1431722491979599,0.13742290437221527,0.23513394594192505,0.22596575319766998,0.12038597464561462,0.18280282616615295,0.1425563544034958,0.09083297848701477,0.16332795172929765,0
CGTRNA_RS07955,CGTRNA_RS07950,1,0.5024016499519348,0.1538289487361908,0.34261754155158997,0.07235057651996613,0.20023098587989807,0.3353888988494873,0.21415744721889496,0.25028398633003235,0.20818407833576202,0.2135338932275772,0.24929780066013335,0
CGTRNA_RS07950,CGTRNA_RS07945,1,0.8588860034942627,0.9213852286338806,0.9081834554672241,0.9387185573577881,0.8620564341545105,0.9253789782524109,0.9705302715301514,0.807204008102417,0.8488034605979919,0.8871988654136658,0.8928345263004303,1
CGTRNA_RS07945,CGTRNA_RS07940,1,0.9404613971710205,0.9524619579315186,0.9322585463523865,0.9290531277656555,0.9546895623207092,0.9526250958442688,0.9001230001449585,0.9136938452720642,0.9444104433059692,0.9656291604042053,0.9385406136512756,1
CGTRNA_RS07940,CGTRNA_RS07935,1,0.6798251271247864,0.738939106464386,0.8446112871170044,0.9258468151092529,0.8687246441841125,0.8566784262657166,0.7492172718048096,0.8259334564208984,0.878889799118042,0.9344044923782349,0.8303070425987243,1
CGTRNA_RS07935,CGTRNA_RS07930,0,0.053653959184885025,0.03263186290860176,0.03427506610751152,0.005216388031840324,0.024374835193157196,0.07458740472793579,0.03140653297305107,0.045019928365945816,0.04492393136024475,0.017375865951180458,0.03634657748043537,0
CGTRNA_RS07930,CGTRNA_RS07925,0,0.9534710645675659,0.9012868404388428,0.8346002697944641,0.8254730105400085,0.7466398477554321,0.8558452129364014,0.7133264541625977,0.5902734398841858,0.8452738523483276,0.6773657202720642,0.794355571269989,1
CGTRNA_RS07925,CGTRNA_RS07920,0,0.9749767184257507,0.9679534435272217,0.9421609044075012,0.9613733887672424,0.9121239185333252,0.9584863781929016,0.9666638374328613,0.9541903138160706,0.9321542382240295,0.9378159046173096,0.9507899045944214,1
CGTRNA_RS07820,CGTRNA_RS07815,1,0.9616168141365051,0.9545304179191589,0.9565062522888184,0.9614753127098083,0.9379422068595886,0.9725274443626404,0.9689717292785645,0.9464956521987915,0.9741836786270142,0.9576965570449829,0.9591946065425873,1
CGTRNA_RS07765,CGTRNA_RS07745,0,0.00011211503442609683,0.00029181427089497447,3.6992034438299015e-05,8.668527152622119e-05,0.001686995616182685,0.0019466368248686194,0.00042823213152587414,0.00026597402757033706,0.0011176292318850756,6.569602555828169e-05,0.0006038770468876464,0
CGTRNA_RS07745,CGTRNA_RS07740,1,0.9372354745864868,0.9184079766273499,0.9139988422393799,0.9109500050544739,0.8180956840515137,0.916459321975708,0.9614702463150024,0.9414212703704834,0.9513748288154602,0.9413194060325623,0.9210733056068421,1
CGTRNA_RS07740,CGTRNA_RS07720,0,6.130207475507632e-05,0.0002741411153692752,7.606699364259839e-05,4.854304643231444e-05,0.0004211956402286887,0.001720958505757153,6.468558422056958e-05,0.00012359691027086228,0.00041762253385968506,3.914991611964069e-05,0.0003247262320655864,0
CGTRNA_RS07720,CGTRNA_RS07715,0,0.03824121505022049,0.07046964764595032,0.02138596586883068,0.018748659640550613,0.13514015078544617,0.2128669172525406,0.04795705899596214,0.06606192886829376,0.10883437842130661,0.04381110519170761,0.07635170277208089,0
CGTRNA_RS07715,CGTRNA_RS07710,1,0.7554337382316589,0.8881238698959351,0.8672177791595459,0.969268262386322,0.8191774487495422,0.8389975428581238,0.9389789700508118,0.7548896074295044,0.7536712288856506,0.8007298111915588,0.8386488258838654,1
CGTRNA_RS07710,CGTRNA_RS07700,0,0.07496975362300873,0.03841964155435562,0.006754253525286913,0.06401942670345306,0.04689101129770279,0.06702669709920883,0.023619847372174263,0.014343533664941788,0.08326534181833267,0.014593039639294147,0.04339025462977588,0
CGTRNA_RS07700,CGTRNA_RS07695,1,0.6527243852615356,0.535106897354126,0.6847996115684509,0.46838924288749695,0.6519455313682556,0.5798327922821045,0.6203421950340271,0.5515725612640381,0.5357367992401123,0.7142625451087952,0.5994712561368942,1
CGTRNA_RS07695,CGTRNA_RS07690,1,0.9200055599212646,0.9155172109603882,0.8943341970443726,0.9671943187713623,0.8468954563140869,0.9150493144989014,0.9413954615592957,0.8585953116416931,0.9024331569671631,0.9162856340408325,0.9077705621719361,1
CGTRNA_RS07690,CGTRNA_RS07675,0,0.0035381668712943792,0.019392721354961395,0.003931981045752764,0.0017741420306265354,0.012640692293643951,0.020965753123164177,0.02353980392217636,0.01220843754708767,0.01581309176981449,0.0032233698293566704,0.011702815978787839,0
CGTRNA_RS07675,CGTRNA_RS07670,1,0.9426023960113525,0.895203709602356,0.9476611614227295,0.9498203992843628,0.9186500906944275,0.9278343915939331,0.957000195980072,0.8819620013237,0.9464660882949829,0.9137061834335327,0.9280906617641449,1
CGTRNA_RS07670,CGTRNA_RS07665,1,0.9845010638237,0.9612739682197571,0.9680206775665283,0.9503703713417053,0.9544413685798645,0.9757748246192932,0.9750580191612244,0.9430115818977356,0.9831658005714417,0.9573445320129395,0.9652962207794189,1
CGTRNA_RS07635,CGTRNA_RS07630,1,0.9329644441604614,0.8418429493904114,0.8895858526229858,0.8863211870193481,0.825648844242096,0.9167449474334717,0.9553523063659668,0.7249463200569153,0.9201165437698364,0.918513298034668,0.8812036693096161,1
CGTRNA_RS07595,CGTRNA_RS07590,0,0.37444406747817993,0.37787631154060364,0.27332934737205505,0.2468208372592926,0.2616608440876007,0.5477492213249207,0.21663327515125275,0.20901846885681152,0.5599989891052246,0.23165008425712585,0.3299181446433067,0
CGTRNA_RS07590,CGTRNA_RS07585,1,0.9116606712341309,0.8739616870880127,0.8774080276489258,0.9313430786132812,0.871906042098999,0.9358602166175842,0.9213575124740601,0.9130735397338867,0.8517100811004639,0.9056605696678162,0.8993941426277161,1
CGTRNA_RS07555,CGTRNA_RS07550,1,0.9707477688789368,0.9692050218582153,0.9595489501953125,0.9696966409683228,0.9265791773796082,0.9642117619514465,0.9828132390975952,0.9451489448547363,0.9666886329650879,0.9304888844490051,0.9585129022598267,1
CGTRNA_RS07550,CGTRNA_RS07545,1,0.7821955680847168,0.6201789379119873,0.6440594792366028,0.6242570877075195,0.6640028953552246,0.8203056454658508,0.46551331877708435,0.8050181865692139,0.6625362634658813,0.9283580183982849,0.7016425400972366,1
CGTRNA_RS07545,CGTRNA_RS07540,1,0.9578655362129211,0.9463335275650024,0.9478194713592529,0.9556568264961243,0.9275907278060913,0.962944746017456,0.9620277881622314,0.9111306667327881,0.9806048274040222,0.9107503294944763,0.9462724447250366,1
CGTRNA_RS07540,CGTRNA_RS07535,1,0.5205696821212769,0.7937266230583191,0.7157402038574219,0.8144936561584473,0.6806655526161194,0.6350305676460266,0.8695454597473145,0.5212729573249817,0.5876928567886353,0.734636127948761,0.6873373687267303,1
CGTRNA_RS07535,CGTRNA_RS07530,0,0.2712955176830292,0.14426623284816742,0.2104817032814026,0.039780668914318085,0.10524757206439972,0.25337284803390503,0.26962509751319885,0.1225859746336937,0.06651459634304047,0.1608351767063141,0.16440053880214692,0
CGTRNA_RS07530,CGTRNA_RS07515,0,0.011273330077528954,0.011996347457170486,0.0040565854869782925,0.0069818259216845036,0.01635032519698143,0.04562836512923241,0.008005606941878796,0.005407069344073534,0.0096941739320755,0.0021513618994504213,0.012154499138705432,0
CGTRNA_RS07515,CGTRNA_RS07510,1,0.9679739475250244,0.9707761406898499,0.965635359287262,0.9575873613357544,0.9123367667198181,0.9496875405311584,0.9829923510551453,0.9406702518463135,0.9663821458816528,0.9595875144004822,0.9573629379272461,1
CGTRNA_RS07510,CGTRNA_RS07505,1,0.970587968826294,0.9780325293540955,0.9386613965034485,0.9343773126602173,0.9659299254417419,0.9616746306419373,0.9851687550544739,0.9035277366638184,0.9244630336761475,0.9180387258529663,0.9480462014675141,1
CGTRNA_RS07505,CGTRNA_RS07500,1,0.9614922404289246,0.8732957243919373,0.8549337983131409,0.826890766620636,0.9153733253479004,0.9587018489837646,0.8858017325401306,0.9044390916824341,0.9777658581733704,0.9017985463142395,0.9060492932796478,1
CGTRNA_RS07500,CGTRNA_RS07495,1,0.43571150302886963,0.2532804608345032,0.7186158299446106,0.9008311629295349,0.5178288817405701,0.3801872730255127,0.6632100939750671,0.23988668620586395,0.43409138917922974,0.6241287589073181,0.516777203977108,1
CGTRNA_RS07495,CGTRNA_RS07490,1,0.9625887870788574,0.9653946757316589,0.9512283802032471,0.970058798789978,0.9262362122535706,0.9336914420127869,0.9528995752334595,0.9420104026794434,0.9448129534721375,0.96517413854599,0.951409536600113,1
CGTRNA_RS07490,CGTRNA_RS07485,1,0.9842243194580078,0.9601237773895264,0.9613150954246521,0.9760087132453918,0.9566765427589417,0.9689925312995911,0.9711112976074219,0.9581981897354126,0.9709270596504211,0.9628607034683228,0.9670438230037689,1
CGTRNA_RS07485,CGTRNA_RS07480,1,0.9724523425102234,0.9802314639091492,0.9586619734764099,0.9792574644088745,0.9596301913261414,0.9660282731056213,0.9644322395324707,0.9359073042869568,0.9812055826187134,0.910354495048523,0.9608161330223084,1
CGTRNA_RS07480,CGTRNA_RS07475,1,0.727084755897522,0.6800968647003174,0.692962110042572,0.9279844164848328,0.7356183528900146,0.7958997488021851,0.771356463432312,0.7007774710655212,0.5925855040550232,0.8753321766853333,0.7499697864055633,1
CGTRNA_RS07475,CGTRNA_RS07470,1,0.6264092922210693,0.5784401297569275,0.5939511656761169,0.574386715888977,0.5693263411521912,0.7199942469596863,0.7748480439186096,0.4522550404071808,0.6135473251342773,0.6341970562934875,0.6137355357408524,1
CGTRNA_RS07470,CGTRNA_RS07465,1,0.9857343435287476,0.964764416217804,0.9723756909370422,0.9766324758529663,0.94576495885849,0.9686645269393921,0.9646679162979126,0.9582586288452148,0.9742710590362549,0.9811357259750366,0.9692269742488862,1
CGTRNA_RS07465,CGTRNA_RS07455,0,0.45117324590682983,0.31387636065483093,0.352293998003006,0.2717727720737457,0.3160625696182251,0.4651969075202942,0.47726839780807495,0.2039288431406021,0.442842036485672,0.23971328139305115,0.3534128412604332,0
CGTRNA_RS07455,CGTRNA_RS07450,1,0.96811443567276,0.959386944770813,0.9135293364524841,0.8969886898994446,0.9324362277984619,0.9616683125495911,0.948006272315979,0.9140092134475708,0.9787883758544922,0.9318163394927979,0.9404744148254395,1
CGTRNA_RS07450,CGTRNA_RS07445,0,0.1113390251994133,0.09969133883714676,0.08929591625928879,0.026403360068798065,0.032543327659368515,0.130539670586586,0.07440105825662613,0.03502725809812546,0.18902139365673065,0.03365678712725639,0.08219191357493401,0
CGTRNA_RS07445,CGTRNA_RS07435,0,0.1402176171541214,0.05048591271042824,0.06365814059972763,0.03005792945623398,0.0430840365588665,0.17657823860645294,0.03192771598696709,0.05466226860880852,0.08200033009052277,0.07863414287567139,0.07513063326478005,0
CGTRNA_RS07435,CGTRNA_RS07430,0,0.24766305088996887,0.2036409229040146,0.2977038621902466,0.07806558161973953,0.11549094319343567,0.20513086020946503,0.09107612818479538,0.27505144476890564,0.06871656328439713,0.10735442489385605,0.16898937821388244,0
CGTRNA_RS07430,CGTRNA_RS07425,1,0.9899574518203735,0.9888142943382263,0.9795770049095154,0.98568195104599,0.9877035021781921,0.991018533706665,0.9832485914230347,0.9876095652580261,0.9853674173355103,0.9810664653778076,0.9860044777393341,1
CGTRNA_RS07425,CGTRNA_RS07420,1,0.975672721862793,0.9844591617584229,0.9605371356010437,0.980050802230835,0.9531845450401306,0.9609119296073914,0.9693431258201599,0.9620673060417175,0.9484912753105164,0.9564015865325928,0.9651119589805603,1
CGTRNA_RS07395,CGTRNA_RS07365,0,0.00013563157699536532,0.0005047991289757192,0.00021969748195260763,5.455934660858475e-05,0.0015984282363206148,0.001997921848669648,0.0011103939032182097,0.000344405067153275,0.001243457430973649,4.723712117993273e-05,0.0007256531142047606,0
CGTRNA_RS07365,CGTRNA_RS07360,0,0.24787575006484985,0.10985485464334488,0.10477513074874878,0.032869547605514526,0.08210784941911697,0.24777273833751678,0.11645670235157013,0.09104978293180466,0.1224411353468895,0.047846827656030655,0.12030503191053868,0
CGTRNA_RS07360,CGTRNA_RS07350,0,0.00769729632884264,0.033839814364910126,0.015168804675340652,0.0052833640947937965,0.01721532642841339,0.020927492529153824,0.01464870572090149,0.01666335202753544,0.010142592713236809,0.009855526499450207,0.015144227538257837,0
CGTRNA_RS07350,CGTRNA_RS07345,0,0.27249130606651306,0.12621954083442688,0.09599008411169052,0.11229122430086136,0.2148681879043579,0.3970327377319336,0.16595539450645447,0.11579951643943787,0.237397238612175,0.14323875308036804,0.18812839835882186,0
CGTRNA_RS07345,CGTRNA_RS07340,1,0.9733097553253174,0.9772344827651978,0.9582531452178955,0.9663023352622986,0.9539053440093994,0.9648848176002502,0.9648750424385071,0.9514514207839966,0.9802728295326233,0.9546735882759094,0.9645162761211395,1
CGTRNA_RS07340,CGTRNA_RS07335,0,0.471554160118103,0.2182098627090454,0.2721279263496399,0.0518929623067379,0.21288807690143585,0.45484912395477295,0.21130287647247314,0.12968891859054565,0.20216698944568634,0.16450342535972595,0.2389184322208166,0
CGTRNA_RS07335,CGTRNA_RS07330,0,0.8737144470214844,0.8937404155731201,0.8724837899208069,0.8692241311073303,0.854706883430481,0.9046574831008911,0.9597369432449341,0.8664445281028748,0.9280015826225281,0.8753194808959961,0.8898029685020447,1
CGTRNA_RS07330,CGTRNA_RS07325,0,0.9405667781829834,0.9043465852737427,0.8384239077568054,0.9037110805511475,0.8640806078910828,0.9028478860855103,0.8630383610725403,0.8809362649917603,0.8880153894424438,0.81093829870224,0.8796905159950257,1
CGTRNA_RS07325,CGTRNA_RS07320,0,0.9248669147491455,0.5226423144340515,0.7411988377571106,0.5264046788215637,0.8541334867477417,0.8998485803604126,0.4313374161720276,0.5910853147506714,0.960532546043396,0.7688413262367249,0.7220891416072845,1
CGTRNA_RS07320,CGTRNA_RS07315,0,0.9087514281272888,0.6460992693901062,0.8508366942405701,0.6390870213508606,0.8519812226295471,0.8697938919067383,0.679844319820404,0.7428231835365295,0.9557793140411377,0.7332520484924316,0.7878248393535614,1
CGTRNA_RS07315,CGTRNA_RS07310,1,0.979860246181488,0.9662538170814514,0.9608516097068787,0.951199471950531,0.9260707497596741,0.9744529128074646,0.9321712255477905,0.9672357439994812,0.9633874893188477,0.9185314774513245,0.9540014743804932,1
CGTRNA_RS07310,CGTRNA_RS07285,0,0.0013631313340738416,0.007451993878930807,0.002986255567520857,0.000740108429454267,0.0024883339647203684,0.004068118520081043,0.003255437593907118,0.005684478674083948,0.0031724341679364443,0.0005109431804157794,0.003172123531112447,0
CGTRNA_RS07285,CGTRNA_RS07275,0,0.03656158223748207,0.024448450654745102,0.0233867596834898,0.0027678722981363535,0.015002934262156487,0.052386511117219925,0.02706100232899189,0.024570468813180923,0.030169803649187088,0.02064189501106739,0.025699728005565702,0
CGTRNA_RS07275,CGTRNA_RS07270,1,0.977484405040741,0.9843152165412903,0.9400922060012817,0.9724417924880981,0.9446666836738586,0.9519276022911072,0.9844683408737183,0.9580760598182678,0.9679529666900635,0.9794581532478333,0.966088342666626,1
CGTRNA_RS07270,CGTRNA_RS07265,1,0.9592152833938599,0.8700207471847534,0.846649706363678,0.8145994544029236,0.8971787095069885,0.9284889101982117,0.7520689964294434,0.8673439025878906,0.9701465368270874,0.896105170249939,0.8801817417144775,1
CGTRNA_RS07265,CGTRNA_RS07260,1,0.9298215508460999,0.9664083123207092,0.9377748966217041,0.9717568159103394,0.9251940846443176,0.952938973903656,0.9728139638900757,0.9195122718811035,0.9667146801948547,0.9172790050506592,0.946021455526352,1
CGTRNA_RS07260,CGTRNA_RS07255,1,0.8341186046600342,0.9480254054069519,0.9110148549079895,0.9012125730514526,0.8514952063560486,0.8786419034004211,0.9031952023506165,0.9182971715927124,0.8979910016059875,0.9067983031272888,0.8950790226459503,1
CGTRNA_RS07255,CGTRNA_RS07250,0,0.48980072140693665,0.21028932929039001,0.4148513972759247,0.2456209361553192,0.22627349197864532,0.544778048992157,0.5788792371749878,0.1590832620859146,0.2583535611629486,0.2512449026107788,0.3379174888134003,0
CGTRNA_RS07250,CGTRNA_RS07220,0,0.00017264019697904587,0.0005831661983393133,0.0005518215475603938,0.0004962740931659937,0.0008498041424900293,0.003225418971851468,0.00044081846135668457,0.0005133895319886506,0.0010018463945016265,0.0001341540482826531,0.0007969333586515859,0
CGTRNA_RS07220,CGTRNA_RS07215,1,0.9792180061340332,0.9564193487167358,0.9788013100624084,0.9765791296958923,0.9299061298370361,0.9590344429016113,0.992574155330658,0.9449674487113953,0.9380025267601013,0.9531567096710205,0.9608659207820892,1
CGTRNA_RS07200,CGTRNA_RS07180,0,0.0021979506127536297,0.0015788687160238624,0.0029621035791933537,0.0006918827421031892,0.005702188704162836,0.009292960166931152,0.004533615428954363,0.0016024420037865639,0.01118471659719944,0.0021402824204415083,0.00418870109715499,0
CGTRNA_RS07180,CGTRNA_RS07175,1,0.8455549478530884,0.9157279133796692,0.8286365866661072,0.9071412682533264,0.8494157195091248,0.8658735752105713,0.8931519985198975,0.8269423246383667,0.8666152954101562,0.907745361328125,0.8706804990768433,1
CGTRNA_RS07175,CGTRNA_RS07170,1,0.8073339462280273,0.7515918016433716,0.7597605586051941,0.8865660429000854,0.7540268898010254,0.8326525092124939,0.809079110622406,0.6446447968482971,0.813293993473053,0.8644412755966187,0.7923390924930572,1
CGTRNA_RS07170,CGTRNA_RS07140,0,0.0001569934538565576,0.0004892350407317281,0.00019087849068455398,0.00011306939268251881,0.0013410660903900862,0.002315109595656395,0.0006209899438545108,0.0003081441391259432,0.0011505181901156902,7.111861486919224e-05,0.0006757122951967176,0
CGTRNA_RS07045,CGTRNA_RS06945,0,0.00014750586706213653,0.0005641524330712855,0.0004607941082213074,0.004821830429136753,0.003769354661926627,0.012401508167386055,0.0010948245180770755,0.0005737044266425073,0.0016515873139724135,0.00014776672469452024,0.002563302865019068,0
CGTRNA_RS06945,CGTRNA_RS06915,0,0.00012079365114914253,0.0007379532908089459,0.00034993368899449706,0.0002583911700639874,0.0013715357054024935,0.0017370922723785043,0.0028453897684812546,0.0003728393348865211,0.0012513096444308758,4.815349529962987e-05,0.0009093392021895852,0
CGTRNA_RS06915,CGTRNA_RS06895,0,0.004705357365310192,0.00691727502271533,0.0018172365380451083,0.0040474277921020985,0.025338849052786827,0.026511089876294136,0.0030708005651831627,0.0075708613730967045,0.016345202922821045,0.002320538042113185,0.009864463855046779,0
CGTRNA_RS06895,CGTRNA_RS06885,0,0.013510165736079216,0.010518637485802174,0.010414042510092258,0.073246531188488,0.03866800293326378,0.05002499371767044,0.039380501955747604,0.02255508303642273,0.021494185552001,0.020144440233707428,0.029995658434927464,0
CGTRNA_RS06885,CGTRNA_RS06880,1,0.6368946433067322,0.5700899958610535,0.7452030181884766,0.8188408017158508,0.6338528394699097,0.6486749053001404,0.5750466585159302,0.6156709790229797,0.6541215181350708,0.6908989548683167,0.6589294314384461,1
CGTRNA_RS06880,CGTRNA_RS06875,1,0.6220506429672241,0.30100587010383606,0.4187740385532379,0.3183598518371582,0.6081255674362183,0.6398540735244751,0.2711236774921417,0.23661182820796967,0.6138854622840881,0.4048962891101837,0.4434687301516533,0
CGTRNA_RS06875,CGTRNA_RS06865,0,0.052928097546100616,0.03722327575087547,0.028504153713583946,0.035636190325021744,0.03334910422563553,0.07075459510087967,0.04912611469626427,0.024214008823037148,0.04617073014378548,0.01600497215986252,0.03939112424850464,0
CGTRNA_RS06865,CGTRNA_RS06840,0,0.00021839610417373478,0.0013118365313857794,0.0018364264396950603,0.0005467301816679537,0.0008132565999403596,0.002463063457980752,0.0011779627529904246,0.000516796950250864,0.0009605304803699255,0.00031018463778309524,0.001015518413623795,0
CGTRNA_RS06840,CGTRNA_RS06835,1,0.9771787524223328,0.8632999062538147,0.9500507116317749,0.9177718758583069,0.8866668343544006,0.9524621963500977,0.898959755897522,0.9457772970199585,0.9674971103668213,0.8777795433998108,0.923744398355484,1
CGTRNA_RS06835,CGTRNA_RS06830,1,0.9793462753295898,0.9567031264305115,0.9618077874183655,0.9466930627822876,0.8813697099685669,0.9445061087608337,0.9766568541526794,0.9459958672523499,0.9409794211387634,0.9689283967018127,0.9502986609935761,1
CGTRNA_RS06830,CGTRNA_RS06825,1,0.9692270755767822,0.9625095129013062,0.9563455581665039,0.9783007502555847,0.9303111433982849,0.9578238725662231,0.962444007396698,0.9580214619636536,0.9690474271774292,0.9218268394470215,0.9565857648849487,1
CGTRNA_RS06825,CGTRNA_RS06820,0,0.26787540316581726,0.10899778455495834,0.18087580800056458,0.08278042078018188,0.23460495471954346,0.37081319093704224,0.2882504165172577,0.20317064225673676,0.19386768341064453,0.48511767387390137,0.24163539782166482,0
CGTRNA_RS06820,CGTRNA_RS06815,0,0.9779319763183594,0.9482821822166443,0.9554778933525085,0.9490231275558472,0.9070370197296143,0.9659559726715088,0.9375784397125244,0.9602324366569519,0.9773872494697571,0.9445613026618958,0.9523467600345612,1
CGTRNA_RS06815,CGTRNA_RS06785,0,0.00011367935076123103,0.000672538997605443,0.00028152577579021454,0.00024337366630788893,0.002088288078084588,0.0025230138562619686,0.0008900222601369023,0.00040463655022904277,0.0009093072731047869,0.00010079662024509162,0.0008227182428527158,0
CGTRNA_RS06755,CGTRNA_RS06745,0,0.022558579221367836,0.030573586001992226,0.05450962856411934,0.11983755975961685,0.11982583999633789,0.15275603532791138,0.10134556889533997,0.0643124133348465,0.0938221886754036,0.12587937712669373,0.08854207769036293,0
CGTRNA_RS06745,CGTRNA_RS06740,1,0.9849320650100708,0.9737138152122498,0.974118173122406,0.9728710651397705,0.9319536685943604,0.9684461951255798,0.9828376173973083,0.9317336678504944,0.9509901404380798,0.9874920845031738,0.9659088492393494,1
CGTRNA_RS06740,CGTRNA_RS06735,0,0.5970138907432556,0.41747206449508667,0.42109566926956177,0.4639914929866791,0.6652944087982178,0.8225077986717224,0.5213581919670105,0.5333496332168579,0.8666424751281738,0.3782373070716858,0.5686962932348252,1
CGTRNA_RS06735,CGTRNA_RS06730,0,0.3304314911365509,0.5735470056533813,0.6047548055648804,0.5109484195709229,0.5987321734428406,0.7677769660949707,0.6455928683280945,0.3595999777317047,0.756117045879364,0.4116545617580414,0.5559155315160751,1
CGTRNA_RS06670,CGTRNA_RS06665,0,0.021045371890068054,0.021788524463772774,0.020775416865944862,0.0023684450425207615,0.022406194359064102,0.04501466825604439,0.04184279963374138,0.052022747695446014,0.037615906447172165,0.013904678635299206,0.02787847532890737,0
CGTRNA_RS06665,CGTRNA_RS06655,0,0.06265170127153397,0.022312773391604424,0.004463450983166695,0.023181350901722908,0.02655341476202011,0.09352860599756241,0.0569913387298584,0.005910956300795078,0.07695738226175308,0.006927961949259043,0.03794789365492761,0
CGTRNA_RS06655,CGTRNA_RS06650,1,0.9689138531684875,0.9763653874397278,0.9801169037818909,0.9593478441238403,0.9398531913757324,0.9686196446418762,0.9841940402984619,0.9478756189346313,0.9769923090934753,0.968804121017456,0.9671082913875579,1
CGTRNA_RS06650,CGTRNA_RS06645,1,0.9872344136238098,0.9764547944068909,0.9831558465957642,0.9901597499847412,0.9633679986000061,0.9825723171234131,0.9938784241676331,0.9745707511901855,0.9786813259124756,0.9763649106025696,0.9806440532207489,1
CGTRNA_RS06645,CGTRNA_RS06605,0,0.00012701396190095693,0.000595462101045996,0.0004681107238866389,0.00027643603971228004,0.00110632146243006,0.0033792159520089626,0.0003812893992289901,0.0005671197432093322,0.0012393147917464375,0.00012990343384444714,0.0008270187609014101,0
CGTRNA_RS06605,CGTRNA_RS06585,0,0.008869804441928864,0.009919057600200176,0.009491439908742905,0.03609354794025421,0.014236989431083202,0.06893379986286163,0.01410266850143671,0.004808184690773487,0.02731545828282833,0.008745032362639904,0.020251598302274944,0
CGTRNA_RS06585,CGTRNA_RS06570,0,0.001120727858506143,0.0018117023864760995,0.0007008083048276603,0.0012777993688359857,0.00817151553928852,0.011730661615729332,0.0011765810195356607,0.002557543106377125,0.005309074651449919,0.0030933981761336327,0.003694981202716008,0
CGTRNA_RS06570,CGTRNA_RS06560,0,0.08196254819631577,0.10222069919109344,0.0656173974275589,0.04102444648742676,0.1843128502368927,0.24543152749538422,0.3329637050628662,0.05785255506634712,0.21738965809345245,0.13878954946994781,0.14675649367272853,0
CGTRNA_RS06560,CGTRNA_RS06555,0,0.8795772194862366,0.9257503747940063,0.9072442650794983,0.9292121529579163,0.9122000336647034,0.9228476285934448,0.9476786851882935,0.8329997658729553,0.9126427173614502,0.9219042658805847,0.9092057108879089,1
CGTRNA_RS06555,CGTRNA_RS06550,0,0.4915120303630829,0.7258654236793518,0.7065143585205078,0.6790951490402222,0.5852013230323792,0.6446300745010376,0.7526286840438843,0.5917888283729553,0.6264429688453674,0.6033636927604675,0.6407042533159256,1
CGTRNA_RS06550,CGTRNA_RS06540,0,0.46764782071113586,0.39778703451156616,0.36115047335624695,0.12789303064346313,0.2733575403690338,0.3814244866371155,0.21353626251220703,0.3070261478424072,0.23061881959438324,0.29624709486961365,0.30566887110471724,0
CGTRNA_RS06475,CGTRNA_RS06470,0,0.3766282796859741,0.12208551168441772,0.40726837515830994,0.07199843972921371,0.11288740485906601,0.2752363979816437,0.34737613797187805,0.14046615362167358,0.13597939908504486,0.14482034742832184,0.21347464472055436,0
CGTRNA_RS06470,CGTRNA_RS06465,1,0.9698565006256104,0.9570618271827698,0.954386830329895,0.8999202251434326,0.8178135752677917,0.9285668134689331,0.9049531817436218,0.904811680316925,0.9485650062561035,0.8300084471702576,0.9115944087505341,1
CGTRNA_RS06465,CGTRNA_RS06455,0,0.0006768709281459451,0.0020210500806570053,0.0004667944449465722,0.0013779629953205585,0.006407416891306639,0.010227988474071026,0.000500801601447165,0.001061615883372724,0.0025164952967315912,0.0009974398417398334,0.002625443643773906,0
CGTRNA_RS06455,CGTRNA_RS06430,0,0.0013571809977293015,0.0009815861703827977,0.00020325755758676678,0.00399925047531724,0.005117950029671192,0.005574821028858423,0.0011581623693928123,0.0013042937498539686,0.004419154487550259,0.0007377026486210525,0.0024853359514963812,0
CGTRNA_RS06345,CGTRNA_RS06340,1,0.8037201166152954,0.6694847941398621,0.7787705063819885,0.8326240181922913,0.7572532296180725,0.822777271270752,0.8441705703735352,0.652393102645874,0.7364863753318787,0.7338808178901672,0.7631560802459717,1
CGTRNA_RS06340,CGTRNA_RS06335,1,0.945561945438385,0.9343113303184509,0.9286832809448242,0.9417268633842468,0.9146409034729004,0.9420318603515625,0.964022696018219,0.9521039724349976,0.9065247178077698,0.8659088015556335,0.929551637172699,1
CGTRNA_RS06335,CGTRNA_RS06320,0,0.013441010378301144,0.005505358800292015,0.003139961278066039,0.0019022052874788642,0.004613175522536039,0.03432701528072357,0.003552536014467478,0.003426179988309741,0.011621994897723198,0.0006089966627769172,0.008213843411067501,0
CGTRNA_RS06320,CGTRNA_RS06310,0,0.0075384280644357204,0.012712494470179081,0.015152393840253353,0.004707950167357922,0.05932611599564552,0.05061040073633194,0.017789969220757484,0.022239146754145622,0.02920806035399437,0.00796312466263771,0.022724808426573873,0
CGTRNA_RS06310,CGTRNA_RS06245,0,3.9841186662670225e-05,0.0002515980741009116,4.461588468984701e-05,0.00011414696928113699,0.0004486834804993123,0.0011693087872117758,0.00012402510037645698,8.210709347622469e-05,0.0005067922174930573,2.1990577806718647e-05,0.00028031093715981116,0
CGTRNA_RS06245,CGTRNA_RS06225,0,0.0011965431040152907,0.0013945027021691203,0.0008396335761062801,0.0027650767005980015,0.002029156545177102,0.007448538206517696,0.01232291292399168,0.0004387347144074738,0.0028113455045968294,0.0004289305361453444,0.0031675374513724817,0
CGTRNA_RS06225,CGTRNA_RS06215,0,0.001244083628989756,0.003042470198124647,0.0006471829838119447,0.0005020475364290178,0.002696847077459097,0.007438198197633028,0.0008161565638147295,0.0016976877814158797,0.0070444862358272076,0.0003221854567527771,0.0025451345660258084,0
CGTRNA_RS06215,CGTRNA_RS06210,1,0.7715792059898376,0.9632229804992676,0.8785009980201721,0.850353479385376,0.8707523345947266,0.9227198362350464,0.9601261615753174,0.8860200047492981,0.9350048899650574,0.8726678490638733,0.8910947740077972,1
CGTRNA_RS06210,CGTRNA_RS06190,0,0.0011812425218522549,0.0019511851714923978,0.00209780759178102,0.002760800300166011,0.0023497650399804115,0.008590763434767723,0.0011014841729775071,0.0016718984115868807,0.002674356335774064,0.001031105755828321,0.002541040873620659,0
CGTRNA_RS06190,CGTRNA_RS06185,1,0.9629532098770142,0.9120177626609802,0.9269240498542786,0.9542400240898132,0.9053430557250977,0.9351553320884705,0.9556984305381775,0.9472286701202393,0.9194260835647583,0.8874841928482056,0.9306470811367035,1
CGTRNA_RS06185,CGTRNA_RS06175,0,0.018541326746344566,0.02272603288292885,0.06183895841240883,0.0207961555570364,0.02466161921620369,0.1321944147348404,0.04612482711672783,0.023658568039536476,0.030796807259321213,0.018517890945076942,0.03998566009104252,0
CGTRNA_RS06175,CGTRNA_RS06170,1,0.9781415462493896,0.9654885530471802,0.9520598649978638,0.9368383884429932,0.962758481502533,0.9828237891197205,0.9449324607849121,0.9671494960784912,0.9856359958648682,0.9554718732833862,0.9631300449371338,1
CGTRNA_RS06130,CGTRNA_RS06125,1,0.9718738794326782,0.9542039632797241,0.9707668423652649,0.9668844938278198,0.9260411858558655,0.9684638381004333,0.9703971743583679,0.9389330744743347,0.9826446771621704,0.9343007206916809,0.9584509849548339,1
CGTRNA_RS06125,CGTRNA_RS06090,0,0.010678312741219997,0.002973476890474558,0.0003850609064102173,0.0007416568114422262,0.009626880288124084,0.010773549787700176,0.00551958242431283,0.0010787546634674072,0.023316463455557823,0.00037369460915215313,0.006546743257786147,0
CGTRNA_RS06090,CGTRNA_RS05995,0,5.011843313695863e-05,0.0004090122820343822,0.00022577232448384166,2.405780651315581e-05,0.0003776090743485838,0.0009533595875836909,0.00011841770174214616,0.00015065328625496477,0.0004104232357349247,2.3029557269182988e-05,0.00027424532891018316,0
CGTRNA_RS05995,CGTRNA_RS05990,1,0.6903412938117981,0.7776432037353516,0.8189307451248169,0.7071712613105774,0.7263019680976868,0.7771996259689331,0.9049025774002075,0.5215610861778259,0.7339423894882202,0.6561341881752014,0.7314128339290619,1
CGTRNA_RS05990,CGTRNA_RS05985,0,0.1552344113588333,0.10807356983423233,0.13899728655815125,0.016628416255116463,0.07404908537864685,0.10019771009683609,0.060469672083854675,0.04398734122514725,0.10515975207090378,0.024907737970352173,0.08277049828320741,0
CGTRNA_RS05985,CGTRNA_RS05980,1,0.9540225267410278,0.6381508111953735,0.7800092101097107,0.6458621621131897,0.8935035467147827,0.9459303021430969,0.7205229997634888,0.7647216320037842,0.9777740240097046,0.8123053908348083,0.8132802605628967,1
CGTRNA_RS05980,CGTRNA_RS05975,0,0.5966392755508423,0.8052560091018677,0.6132679581642151,0.8388448357582092,0.7325694561004639,0.6462159156799316,0.830310583114624,0.6165474653244019,0.7552098631858826,0.8062549829483032,0.7241116344928742,1
CGTRNA_RS05975,CGTRNA_RS05970,1,0.9788926839828491,0.9104263782501221,0.9413889646530151,0.9735448360443115,0.8786200881004333,0.9446075558662415,0.878167450428009,0.8930231928825378,0.9514532089233398,0.8990568518638611,0.924918121099472,1
CGTRNA_RS05970,CGTRNA_RS05965,0,0.8020837903022766,0.7948566675186157,0.8844993114471436,0.9505048394203186,0.8117222189903259,0.8455018401145935,0.8684293031692505,0.7890108823776245,0.6830517053604126,0.8714549541473389,0.8301115512847901,1
CGTRNA_RS05965,CGTRNA_RS05955,0,0.13584083318710327,0.22613199055194855,0.2612762153148651,0.19691359996795654,0.17592796683311462,0.26804742217063904,0.26552310585975647,0.2821270525455475,0.18738196790218353,0.04247654601931572,0.20416467003524302,0
CGTRNA_RS05955,CGTRNA_RS05950,1,0.9730143547058105,0.9668776988983154,0.8958429098129272,0.9353929758071899,0.9065390825271606,0.9528133273124695,0.9610881209373474,0.9215481281280518,0.9364542365074158,0.9053124785423279,0.9354883313179017,1
CGTRNA_RS05950,CGTRNA_RS05945,1,0.9795950055122375,0.9714770317077637,0.955737292766571,0.9521182775497437,0.9120338559150696,0.9610415101051331,0.9639469385147095,0.9435311555862427,0.9283178448677063,0.9528864622116089,0.9520685374736786,1
CGTRNA_RS05945,CGTRNA_RS05940,1,0.9890407919883728,0.9736607670783997,0.9771060943603516,0.9776493906974792,0.9659861326217651,0.979340672492981,0.9909881949424744,0.9689844250679016,0.983238160610199,0.9821766018867493,0.9788171231746674,1
CGTRNA_RS05940,CGTRNA_RS05935,1,0.985335111618042,0.9855098128318787,0.9846623539924622,0.9746552109718323,0.9283478260040283,0.9695412516593933,0.9849613904953003,0.9709511399269104,0.9785571694374084,0.9789588451385498,0.9741480112075805,1
CGTRNA_RS05935,CGTRNA_RS05930,0,0.13726313412189484,0.053128041326999664,0.02260080724954605,0.041467562317848206,0.12907931208610535,0.28242984414100647,0.02598506398499012,0.028522394597530365,0.25465768575668335,0.061023395508527756,0.10361572410911321,0
CGTRNA_RS05930,CGTRNA_RS05910,0,0.000332999334204942,0.0005372692830860615,0.000532611389644444,0.000934059324208647,0.001497289165854454,0.006980867590755224,0.00040832735248841345,0.0005815908662043512,0.0013544827233999968,0.0005866785068064928,0.0013746175536653027,0
CGTRNA_RS05865,CGTRNA_RS05850,0,0.003055620938539505,0.006697795353829861,0.005149932578206062,0.001440337742678821,0.005458904895931482,0.023602718487381935,0.00579026248306036,0.004935359116643667,0.010160070843994617,0.0010480702621862292,0.006733907270245254,0
CGTRNA_RS05850,CGTRNA_RS05815,0,0.0001298066199524328,0.00294489529915154,0.0015544298803433776,0.0003304159617982805,0.0012802548008039594,0.0013773220125585794,0.0035319000016897917,0.0008370254072360694,0.0012071747332811356,0.0002766316756606102,0.0013469856392475776,0
CGTRNA_RS05815,CGTRNA_RS05810,1,0.8727129101753235,0.9005657434463501,0.981825053691864,0.815110981464386,0.7003753185272217,0.7768635153770447,0.6664495468139648,0.7624921798706055,0.8583067655563354,0.649631917476654,0.798433393239975,1
CGTRNA_RS05810,CGTRNA_RS05805,0,0.8279335498809814,0.8693825602531433,0.8433210253715515,0.9326386451721191,0.8319650888442993,0.8171209692955017,0.7328712940216064,0.8275890946388245,0.8668867349624634,0.928960382938385,0.8478669345378875,1
CGTRNA_RS05805,CGTRNA_RS05785,0,0.000749354250729084,0.0030948484782129526,0.001575162634253502,0.0002460690157022327,0.0007791569805704057,0.002635478973388672,0.0018009038176387548,0.001269203727133572,0.0017308448441326618,0.0003318314265925437,0.0014212854148354381,0
CGTRNA_RS05785,CGTRNA_RS05775,0,0.00044728603097610176,0.0010150587186217308,0.0009819022379815578,0.0002395945630269125,0.0032368924003094435,0.006184362340718508,0.0008993731462396681,0.0016987451817840338,0.003353045554831624,0.00048710740520618856,0.001854336757969577,0
CGTRNA_RS05775,CGTRNA_RS05765,0,0.03156951442360878,0.029254527762532234,0.026751399040222168,0.04036026448011398,0.01305494923144579,0.048340875655412674,0.03659849986433983,0.012331913225352764,0.013516944833099842,0.002890137257054448,0.025466902577318252,0
CGTRNA_RS05765,CGTRNA_RS05760,1,0.9800955057144165,0.921811580657959,0.8914281129837036,0.9068021774291992,0.9137134552001953,0.9129641056060791,0.9428906440734863,0.854464054107666,0.9581908583641052,0.8873522281646729,0.9169712722301483,1
CGTRNA_RS05700,CGTRNA_RS05685,0,0.00345988548360765,0.007464924361556768,0.006243010517209768,0.0010334453545510769,0.0021276280749589205,0.009925063699483871,0.010236053727567196,0.004130365327000618,0.005833073984831572,0.002556723076850176,0.0053010173607617615,0
CGTRNA_RS05685,CGTRNA_RS05665,0,0.0002942414430435747,0.0008236042922362685,0.00083952397108078,0.0001176410005427897,0.0011158515699207783,0.002793693682178855,0.0012370741460472345,0.0007925784448161721,0.000718608614988625,9.32579132495448e-05,0.0008826075078104623,0
CGTRNA_RS05665,CGTRNA_RS05660,1,0.967460572719574,0.9533166289329529,0.944457471370697,0.9593983888626099,0.915055513381958,0.9455599188804626,0.9838563203811646,0.8931100368499756,0.944911003112793,0.9693582653999329,0.947648411989212,1
CGTRNA_RS05660,CGTRNA_RS05655,1,0.9691779613494873,0.9192060828208923,0.9289501905441284,0.9741078615188599,0.92823326587677,0.9218133687973022,0.9672570824623108,0.8944404125213623,0.9713775515556335,0.813286304473877,0.9287850081920623,1
CGTRNA_RS05655,CGTRNA_RS05650,1,0.7045354843139648,0.8532539010047913,0.8366948366165161,0.9174220561981201,0.7483417391777039,0.8523998260498047,0.9215338230133057,0.8227665424346924,0.7867388725280762,0.8531380295753479,0.8296825110912323,1
CGTRNA_RS05650,CGTRNA_RS05645,1,0.7350058555603027,0.664746105670929,0.7955883741378784,0.28862106800079346,0.4142304062843323,0.5849733352661133,0.5047324299812317,0.3208659589290619,0.7096641063690186,0.29690688848495483,0.5315334528684617,1
CGTRNA_RS05645,CGTRNA_RS05630,0,0.009479237720370293,0.006845868192613125,0.0011797695187851787,0.005591732915490866,0.0148973623290658,0.018224084749817848,0.008920910768210888,0.002947071800008416,0.02449675276875496,0.0017035827040672302,0.00942863734671846,0
CGTRNA_RS05630,CGTRNA_RS05625,1,0.9639642834663391,0.934090793132782,0.9379882216453552,0.8944308161735535,0.7736859321594238,0.9272299408912659,0.9384320378303528,0.8712978959083557,0.8964893817901611,0.8682631254196167,0.9005872428417205,1
CGTRNA_RS05625,CGTRNA_RS05620,1,0.7899434566497803,0.7608004212379456,0.7357006669044495,0.6173946261405945,0.617466390132904,0.6794261336326599,0.7469317317008972,0.3382931649684906,0.538612961769104,0.7024453282356262,0.6527014881372452,1
CGTRNA_RS05620,CGTRNA_RS05600,0,0.0006171268178150058,0.0017578027909621596,0.0004602418339345604,0.00026090731262229383,0.003377421060577035,0.006434032227844,0.0003123051137663424,0.001126465038396418,0.0024684008676558733,0.0002510843041818589,0.0017065787367755547,0
CGTRNA_RS05600,CGTRNA_RS05590,0,0.003214318538084626,0.003590516746044159,0.0014628208009526134,0.004282146692276001,0.00497850775718689,0.022190846502780914,0.004788524471223354,0.0043221451342105865,0.008259749971330166,0.002481275936588645,0.005957085255067796,0
CGTRNA_RS05590,CGTRNA_RS05585,1,0.8400567173957825,0.9314742684364319,0.9417855143547058,0.8955185413360596,0.8547690510749817,0.8995647430419922,0.9363298416137695,0.8852944374084473,0.953825831413269,0.8889977931976318,0.9027616739273071,1
CGTRNA_RS05585,CGTRNA_RS05545,0,0.0004783052718266845,0.0018802288686856627,0.0005977081600576639,0.0001768685324350372,0.0008768070838414133,0.0030622782651335,0.0003940512251574546,0.0011957240058109164,0.0027470579370856285,0.00021319530787877738,0.001162222465791274,0
CGTRNA_RS05545,CGTRNA_RS05540,1,0.8964465260505676,0.946031928062439,0.879774272441864,0.9443811774253845,0.9444218277931213,0.9255017042160034,0.8836330771446228,0.8960875868797302,0.9568666219711304,0.890501081943512,0.9163645803928375,1
CGTRNA_RS05540,CGTRNA_RS05535,1,0.8829840421676636,0.9043473601341248,0.9125145673751831,0.9680604934692383,0.8845502138137817,0.922042727470398,0.9654714465141296,0.8793638944625854,0.9132214784622192,0.851661205291748,0.9084217429161072,1
CGTRNA_RS05535,CGTRNA_RS05490,0,0.00010055220627691597,0.0005645033670589328,0.00011495935177663341,0.00023923118715174496,0.002255868399515748,0.0025495560839772224,0.0006857377593405545,0.0003916163695976138,0.0008793975575827062,4.249624180374667e-05,0.0007823918524081819,0
CGTRNA_RS05490,CGTRNA_RS05485,1,0.9838645458221436,0.9764848351478577,0.9802341461181641,0.9847071766853333,0.9557299613952637,0.9720410704612732,0.9952475428581238,0.9532240033149719,0.9687756299972534,0.9803776741027832,0.9750686585903168,1
CGTRNA_RS05485,CGTRNA_RS05475,0,0.007389378268271685,0.002193671418353915,0.0011765239760279655,0.0010461803758516908,0.00585701409727335,0.01795751228928566,0.00234989239834249,0.00209722388535738,0.02161388471722603,0.0010182888945564628,0.006269957032054662,0
CGTRNA_RS05475,CGTRNA_RS05470,1,0.677344560623169,0.8407272100448608,0.846461296081543,0.7282220125198364,0.6012932062149048,0.7019760608673096,0.8872992992401123,0.6484234929084778,0.7293663620948792,0.7693044543266296,0.7430417954921722,1
CGTRNA_RS05470,CGTRNA_RS05465,1,0.9829009175300598,0.9642408490180969,0.980006992816925,0.990598201751709,0.937900185585022,0.9646500945091248,0.9965365529060364,0.9514831900596619,0.9526462554931641,0.9569717049598694,0.9677934944629669,1
CGTRNA_RS05465,CGTRNA_RS05445,0,0.0024512303061783314,0.004696160554885864,0.010546826757490635,0.0028927449602633715,0.002417859388515353,0.011019384488463402,0.006014141719788313,0.0017998488619923592,0.006591922603547573,0.0019610035233199596,0.0050391123164445165,0
CGTRNA_RS05445,CGTRNA_RS05440,1,0.24787873029708862,0.6144350171089172,0.31024476885795593,0.3987925350666046,0.7021908164024353,0.5311164855957031,0.23720785975456238,0.3963111937046051,0.8154958486557007,0.4038340747356415,0.46575073301792147,0
CGTRNA_RS05440,CGTRNA_RS05430,0,0.0555405393242836,0.09754230827093124,0.010394149459898472,0.051269836723804474,0.09390033036470413,0.08894941210746765,0.038793470710515976,0.019651861861348152,0.15040288865566254,0.008943481370806694,0.06153882788494229,0
CGTRNA_RS05430,CGTRNA_RS05425,1,0.9725964069366455,0.9570313692092896,0.9468459486961365,0.9737007021903992,0.942938506603241,0.9547512531280518,0.9913231730461121,0.917676568031311,0.959504246711731,0.9293898344039917,0.9545758008956909,1
CGTRNA_RS05425,CGTRNA_RS05390,0,0.00018910357903223485,0.0004330647934693843,5.9878791944356635e-05,7.399652531603351e-05,0.002025241730734706,0.0037515058647841215,0.000251442426815629,0.0008520508999936283,0.0015093769179657102,0.0001626130979275331,0.0009308274627983337,0
CGTRNA_RS05390,CGTRNA_RS05385,0,0.9709539413452148,0.763032078742981,0.8307819366455078,0.9474005699157715,0.8869725465774536,0.9566445350646973,0.9291321039199829,0.9274833798408508,0.9296141862869263,0.8358786702156067,0.8977893948554992,1
CGTRNA_RS05385,CGTRNA_RS05370,0,0.07042913883924484,0.051230289041996,0.03540966287255287,0.00572566781193018,0.028302911669015884,0.07676935195922852,0.011846325360238552,0.01263190433382988,0.03988576680421829,0.009816688485443592,0.03420477071776986,0
CGTRNA_RS05370,CGTRNA_RS05365,1,0.9794039726257324,0.9738238453865051,0.9527189135551453,0.9431610703468323,0.9308730959892273,0.968252956867218,0.98096764087677,0.9598837494850159,0.9507955312728882,0.9733126759529114,0.9613193452358246,1
CGTRNA_RS05365,CGTRNA_RS05360,1,0.8759400248527527,0.8726305365562439,0.9230769872665405,0.9418421983718872,0.7939810752868652,0.8552978038787842,0.8058032393455505,0.888188898563385,0.9046837091445923,0.9499592781066895,0.8811403751373291,1
CGTRNA_RS05360,CGTRNA_RS05350,0,0.0025455066934227943,0.00644546328112483,0.011603747494518757,0.001683286391198635,0.0036542380694299936,0.008285083808004856,0.0021239989437162876,0.006457478739321232,0.002871830016374588,0.0014385023387148976,0.004710913577582687,0
CGTRNA_RS05350,CGTRNA_RS05345,1,0.9664109349250793,0.969459593296051,0.9559964537620544,0.944118082523346,0.9002020955085754,0.9348469972610474,0.9601762294769287,0.9453575015068054,0.9495033621788025,0.9763454794883728,0.9502416729927063,1
CGTRNA_RS05345,CGTRNA_RS05340,1,0.9797739386558533,0.94773268699646,0.9587489366531372,0.9817801713943481,0.931168258190155,0.9717680811882019,0.9853041768074036,0.9367911219596863,0.9716933369636536,0.9154797792434692,0.9580240488052368,1
CGTRNA_RS05340,CGTRNA_RS05335,1,0.9590070247650146,0.9498348832130432,0.9244591593742371,0.9014490842819214,0.7166444063186646,0.9186980724334717,0.9328256249427795,0.87551349401474,0.8289293646812439,0.9157249927520752,0.8923086106777192,1
CGTRNA_RS05335,CGTRNA_RS05320,0,0.005573208909481764,0.004523919895291328,0.0005856591160409153,0.001790190115571022,0.001595624373294413,0.023148223757743835,0.0007355549023486674,0.0017236119601875544,0.007095457520335913,0.004993858747184277,0.005176530929747969,0
CGTRNA_RS05320,CGTRNA_RS05310,0,0.013424528762698174,0.006400267127901316,0.03280039131641388,0.004767365287989378,0.015989815816283226,0.03573571518063545,0.005672820378094912,0.007997703738510609,0.01679796725511551,0.0016413226258009672,0.014122789748944342,0
CGTRNA_RS05310,CGTRNA_RS05285,0,0.0003384689334779978,0.0013250041520223022,0.0007039651391096413,0.0003403893206268549,0.0016885263612493873,0.0036429481115192175,0.0030855340883135796,0.0006826840108260512,0.0020847513806074858,5.790101567981765e-05,0.0013950172513432335,0
CGTRNA_RS05285,CGTRNA_RS05280,1,0.9870613813400269,0.9764615893363953,0.9563103318214417,0.9804362654685974,0.9421438574790955,0.9719845652580261,0.9783750772476196,0.9727298021316528,0.9807525277137756,0.9356580376625061,0.9681913435459137,1
CGTRNA_RS05245,CGTRNA_RS05225,0,0.000643727951683104,0.002363410545513034,0.0014978154795244336,0.00048011692706495523,0.004126300103962421,0.0039217169396579266,0.004239189438521862,0.001825019484385848,0.002862100023776293,0.0003030687221325934,0.0022262465616222473,0
CGTRNA_RS05170,CGTRNA_RS05145,0,0.00038587304879911244,0.0007536328630521894,7.969564467202872e-05,0.00012300361413508654,0.00267459312453866,0.004528972785919905,0.0005236960714682937,0.0011348503176122904,0.0022926439996808767,0.00021822855342179537,0.0012715190023300238,0
CGTRNA_RS05145,CGTRNA_RS05140,0,0.5648566484451294,0.39355626702308655,0.24112939834594727,0.5353631973266602,0.5315914750099182,0.6122822165489197,0.21871088445186615,0.34787580370903015,0.4378138780593872,0.4177999794483185,0.4300979748368263,0
CGTRNA_RS05140,CGTRNA_RS05135,1,0.9836536049842834,0.9669783711433411,0.9774742722511292,0.980942964553833,0.9579094648361206,0.9683491587638855,0.994044840335846,0.957664430141449,0.9642168283462524,0.9741958975791931,0.9725429832935333,1
CGTRNA_RS05135,CGTRNA_RS05130,0,0.3975278437137604,0.24719573557376862,0.3484298288822174,0.32730531692504883,0.28575026988983154,0.5070894956588745,0.3838864266872406,0.13021260499954224,0.2622714936733246,0.18327674269676208,0.30729457587003706,0
CGTRNA_RS05130,CGTRNA_RS05125,1,0.668043851852417,0.8119032979011536,0.6342265605926514,0.7583845853805542,0.6737276315689087,0.7300710082054138,0.8029106259346008,0.6823632717132568,0.7609114050865173,0.700856626033783,0.7223398864269257,1
CGTRNA_RS05125,CGTRNA_RS05115,0,0.011319168843328953,0.010046789422631264,0.006732746958732605,0.02311350218951702,0.020066412165760994,0.03336258605122566,0.014465061016380787,0.009649461135268211,0.030461758375167847,0.0035053184255957603,0.016272280458360912,0
CGTRNA_RS05115,CGTRNA_RS05110,1,0.9506536722183228,0.9768378138542175,0.9623899459838867,0.9773678779602051,0.9141225814819336,0.9556413888931274,0.972697913646698,0.939200222492218,0.9672118425369263,0.9117022156715393,0.9527825474739074,1
CGTRNA_RS05110,CGTRNA_RS05105,1,0.6964722275733948,0.7782692909240723,0.7732583284378052,0.9300156831741333,0.8713396787643433,0.914185643196106,0.8728693127632141,0.8865797519683838,0.8755690455436707,0.8786565661430359,0.8477215528488159,1
CGTRNA_RS05105,CGTRNA_RS05100,0,0.36443954706192017,0.5723882913589478,0.4569796323776245,0.4738529324531555,0.6759960651397705,0.6710790395736694,0.28073403239250183,0.546660840511322,0.7121486067771912,0.4777609407901764,0.523203992843628,1
CGTRNA_RS05100,CGTRNA_RS05090,0,0.1999712884426117,0.13876108825206757,0.25573647022247314,0.2477830946445465,0.30826014280319214,0.28157055377960205,0.047991424798965454,0.16804637014865875,0.25782307982444763,0.14579401910305023,0.20517375320196152,0
CGTRNA_RS05090,CGTRNA_RS05065,0,0.000747690093703568,0.004478628747165203,0.002141194185242057,0.0005916483351029456,0.0008942359709180892,0.004990334156900644,0.0018453879747539759,0.0012083137407898903,0.0025831738021224737,0.00034764313022606075,0.001982825013692491,0
CGTRNA_RS05045,CGTRNA_RS05030,0,0.0062246304005384445,0.00798794161528349,0.002694106427952647,0.0011644589249044657,0.004033032804727554,0.02501487545669079,0.00412253150716424,0.007421568967401981,0.015730485320091248,0.0072722663171589375,0.00816658977419138,0
CGTRNA_RS05030,CGTRNA_RS05025,1,0.9787074327468872,0.9728714823722839,0.94327712059021,0.954347550868988,0.916601836681366,0.9644739031791687,0.9715285301208496,0.955797016620636,0.9672765731811523,0.970873236656189,0.9595754683017731,1
CGTRNA_RS05025,CGTRNA_RS05020,1,0.9565861225128174,0.8963408470153809,0.8522676825523376,0.777361273765564,0.7312467694282532,0.9084811806678772,0.6480364203453064,0.7891162037849426,0.9357045292854309,0.8319188952445984,0.8327059924602509,1
CGTRNA_RS05020,CGTRNA_RS05015,1,0.9448773264884949,0.8473597764968872,0.8662692904472351,0.8748781681060791,0.6267527937889099,0.8580010533332825,0.8401165008544922,0.8281596899032593,0.7699044346809387,0.8525238037109375,0.8308842837810516,1
CGTRNA_RS05015,CGTRNA_RS05000,0,0.00980272889137268,0.014605756849050522,0.015442798845469952,0.0021675012540072203,0.01243093702942133,0.023787276819348335,0.04362974688410759,0.008904272690415382,0.012166153639554977,0.003770611947402358,0.014670778485015034,0
CGTRNA_RS05000,CGTRNA_RS04980,0,0.00010910478886216879,0.0009705755510367453,0.00041452719597145915,0.00013418040180113167,0.0005660979659296572,0.0011569852940738201,0.00021586360526271164,0.0002846810093615204,0.0006331727490760386,5.171391603653319e-05,0.0004536902477411786,0
CGTRNA_RS04945,CGTRNA_RS04940,1,0.888791561126709,0.9261231422424316,0.9797821044921875,0.9248826503753662,0.8399980664253235,0.930180013179779,0.9448848962783813,0.8467490673065186,0.8597882390022278,0.9403301477432251,0.908150988817215,1
CGTRNA_RS04875,CGTRNA_RS04870,1,0.165138378739357,0.06829702854156494,0.12735503911972046,0.0135361198335886,0.05533891171216965,0.19651810824871063,0.05624674633145332,0.08417199552059174,0.12981365621089935,0.06163638457655907,0.09580523688346147,0
CGTRNA_RS04870,CGTRNA_RS04855,0,0.011257768608629704,0.015305665321648121,0.006809223908931017,0.002266181167215109,0.0143812270835042,0.02324019744992256,0.009491809643805027,0.007420305162668228,0.018484558910131454,0.0007073177257552743,0.01093642549822107,0
CGTRNA_RS04855,CGTRNA_RS04850,0,0.5423806309700012,0.732379674911499,0.5969538688659668,0.4402633607387543,0.553639829158783,0.6208633780479431,0.6337890028953552,0.5242106318473816,0.42765626311302185,0.6854526996612549,0.5757589340209961,1
CGTRNA_RS04850,CGTRNA_RS04845,1,0.9842594861984253,0.9723752737045288,0.9443259239196777,0.971589207649231,0.9696213603019714,0.9784961342811584,0.9893333911895752,0.9665336608886719,0.9817567467689514,0.9867002367973328,0.9744991421699524,1
CGTRNA_RS04845,CGTRNA_RS04840,0,0.7931748628616333,0.9261684417724609,0.8704450130462646,0.7909577488899231,0.9189677834510803,0.9372647404670715,0.9331476092338562,0.8599840998649597,0.9083408117294312,0.9069611430168152,0.8845412254333496,1
CGTRNA_RS04840,CGTRNA_RS04835,1,0.9457237124443054,0.7700911164283752,0.7970647811889648,0.6902775168418884,0.7141509652137756,0.8159328103065491,0.7589184641838074,0.5367516279220581,0.8614773154258728,0.6215891242027283,0.7511977434158326,1
CGTRNA_RS04835,CGTRNA_RS04815,0,0.0019890631083399057,0.002428173553198576,0.021964794024825096,0.015290537849068642,0.012739364057779312,0.017914583906531334,0.01366305910050869,0.0024207676760852337,0.008419480174779892,0.002408005530014634,0.009923782898113132,0
CGTRNA_RS04815,CGTRNA_RS04805,0,0.0021730565931648016,0.0030242791399359703,0.0012884726747870445,0.004183968063443899,0.00861169584095478,0.009010064415633678,0.0020896559581160545,0.0025483849458396435,0.005333988461643457,0.0007085963152348995,0.003897216240875423,0
CGTRNA_RS04805,CGTRNA_RS04800,0,0.07365874201059341,0.021633224561810493,0.08685071021318436,0.05155934765934944,0.14266934990882874,0.26757872104644775,0.045014429837465286,0.0667366161942482,0.1344599723815918,0.1993790566921234,0.10895401705056429,0
CGTRNA_RS04800,CGTRNA_RS04790,0,0.02587764896452427,0.06056606024503708,0.008063319139182568,0.06614142656326294,0.013350825756788254,0.056498561054468155,0.013252793811261654,0.008043106645345688,0.017414655536413193,0.0032709483057260513,0.027247934602200985,0
CGTRNA_RS04790,CGTRNA_RS04740,0,4.943192834616639e-05,0.0007592241163365543,0.00038183448486961424,6.354582001222298e-05,0.0003064083866775036,0.0011157495900988579,0.00029565731529146433,0.0002181376185035333,0.0007952497689984739,9.853238225332461e-06,0.0003995092267359723,0
CGTRNA_RS04740,CGTRNA_RS04735,1,0.5091193914413452,0.6758327484130859,0.3339804708957672,0.556369960308075,0.47358161211013794,0.6082043051719666,0.5985086560249329,0.4115346670150757,0.46542513370513916,0.5667230486869812,0.5199279993772506,1
CGTRNA_RS04735,CGTRNA_RS04730,1,0.9790189266204834,0.9686472415924072,0.9590202569961548,0.9604933857917786,0.9341899156570435,0.9640951156616211,0.9670368432998657,0.9690316915512085,0.978209912776947,0.9708900451660156,0.9650633335113525,1
CGTRNA_RS04730,CGTRNA_RS04725,1,0.989608108997345,0.9772037267684937,0.9905143976211548,0.9939151406288147,0.959967851638794,0.980663537979126,0.99594646692276,0.9742889404296875,0.978115439414978,0.9811983108520508,0.9821421921253204,1
CGTRNA_RS04725,CGTRNA_RS04715,0,0.023715700954198837,0.03225553035736084,0.025002671405673027,0.012888342142105103,0.07794386148452759,0.0735023021697998,0.024371018633246422,0.05905921757221222,0.0452246218919754,0.007919885218143463,0.03818831518292427,0
CGTRNA_RS04715,CGTRNA_RS04710,0,0.41470038890838623,0.1387665867805481,0.38407257199287415,0.07373172044754028,0.21951477229595184,0.5197440385818481,0.2890280485153198,0.14058063924312592,0.186573326587677,0.3197709321975708,0.2686483025550842,0
CGTRNA_RS04710,CGTRNA_RS04695,0,0.0005729948170483112,0.002184581244364381,0.0004447420942597091,0.008381499908864498,0.012000672519207,0.008408451452851295,0.002756471047177911,0.004279259126633406,0.004869068972766399,0.0022662337869405746,0.004616397497011348,0
CGTRNA_RS04695,CGTRNA_RS04665,0,0.00039166893111541867,0.0038326603826135397,0.000512806000187993,0.0001033175503835082,0.0012364232679829001,0.0029711241368204355,0.008374031633138657,0.0007781318854540586,0.0033939387649297714,9.042581950780004e-05,0.0021684528372134084,0
CGTRNA_RS04640,CGTRNA_RS04635,1,0.887938380241394,0.8001545071601868,0.633351743221283,0.7568303942680359,0.7579594254493713,0.7755163908004761,0.6486228108406067,0.5506951808929443,0.9121202826499939,0.7799970507621765,0.7503186166286469,1
CGTRNA_RS04635,CGTRNA_RS04625,0,0.005503626074641943,0.002610147465020418,0.00039162515895441175,0.002587700728327036,0.011235112324357033,0.015762872993946075,0.0023748723324388266,0.0028510286938399076,0.012412359938025475,0.004024514928460121,0.005975386063801125,0
CGTRNA_RS04625,CGTRNA_RS04610,0,0.004987682215869427,0.004568064585328102,0.0030975197441875935,0.005318026058375835,0.006260661408305168,0.027237726375460625,0.006265216041356325,0.002929887967184186,0.010681305080652237,0.0028946988750249147,0.0074240788351744415,0
CGTRNA_RS04610,CGTRNA_RS04590,0,0.00047588811139576137,0.0013630941975861788,0.00031366580515168607,0.0007697443943470716,0.005937353242188692,0.0066891866736114025,0.001374515239149332,0.0010520372306928039,0.0027827080339193344,0.0006408044137060642,0.0021398997341748327,0
CGTRNA_RS04500,CGTRNA_RS04475,0,0.0002568719501141459,0.0005506769521161914,0.0004577675717882812,0.0005549057968892157,0.00187791942153126,0.0046590110287070274,0.00043938870658166707,0.0006199361523613334,0.0013063779333606362,9.807312017073855e-05,0.0010820928633620496,0
CGTRNA_RS04475,CGTRNA_RS04430,0,0.00018726226699072868,0.0004900869098491967,0.00043366628233343363,0.00084556924412027,0.001027740421704948,0.004684165120124817,0.0006043273606337607,0.00048455013893544674,0.0010323814349249005,0.00016483990475535393,0.0009954589084372855,0
CGTRNA_RS04430,CGTRNA_RS04425,1,0.6653655171394348,0.4074036478996277,0.7829185724258423,0.8819586634635925,0.5921956896781921,0.6983665227890015,0.6189394593238831,0.5085861086845398,0.6419823169708252,0.5351330637931824,0.6332849562168121,1
CGTRNA_RS04425,CGTRNA_RS04420,1,0.7979445457458496,0.854800283908844,0.8618398308753967,0.9452001452445984,0.7945793867111206,0.8644350171089172,0.7984448075294495,0.882700502872467,0.8322804570198059,0.9512027502059937,0.8583427727222442,1
CGTRNA_RS04420,CGTRNA_RS04385,0,4.294605241739191e-05,0.0003685130795929581,0.00024861449492163956,0.00013888529792893678,0.0003269777516834438,0.0007519517093896866,0.00021161962649784982,9.818062972044572e-05,0.0003995130828116089,3.3676373277558014e-05,0.0002620878098241519,0
CGTRNA_RS04385,CGTRNA_RS04380,0,0.918636679649353,0.8981456160545349,0.9130008816719055,0.669407069683075,0.7183442711830139,0.8003004193305969,0.5755914449691772,0.6992696523666382,0.935992956161499,0.556657612323761,0.7685346603393555,1
CGTRNA_RS04380,CGTRNA_RS04375,1,0.4984363913536072,0.5366911888122559,0.5956692099571228,0.8731952905654907,0.710959792137146,0.5540040135383606,0.811110258102417,0.4717046022415161,0.4497544467449188,0.6940591931343079,0.6195584386587143,1
CGTRNA_RS04375,CGTRNA_RS04370,1,0.9769790172576904,0.9646091461181641,0.9256638288497925,0.9394824504852295,0.8907901644706726,0.953527569770813,0.9364544153213501,0.9287542700767517,0.9643320441246033,0.9439443945884705,0.9424537301063538,1
CGTRNA_RS04370,CGTRNA_RS04365,1,0.990828812122345,0.9877687096595764,0.9734852313995361,0.990069568157196,0.9801933765411377,0.9819098114967346,0.9953664541244507,0.980250358581543,0.9786479473114014,0.983516275882721,0.9842036545276642,1
CGTRNA_RS04365,CGTRNA_RS04360,1,0.9692949652671814,0.9616845846176147,0.960311770439148,0.9580708146095276,0.9407183527946472,0.9814808964729309,0.9868131279945374,0.9633282423019409,0.9656873345375061,0.9605587720870972,0.9647948861122131,1
CGTRNA_RS04360,CGTRNA_RS04355,0,0.5619500875473022,0.19033190608024597,0.30349409580230713,0.0659431666135788,0.37126415967941284,0.4799947738647461,0.38461899757385254,0.2447575479745865,0.3521965444087982,0.3441202938556671,0.32986715734004973,0
CGTRNA_RS04355,CGTRNA_RS04350,1,0.8821588158607483,0.9685974717140198,0.9580012559890747,0.9450892210006714,0.9183454513549805,0.9469733834266663,0.981826901435852,0.9094483256340027,0.9654589891433716,0.9540331959724426,0.942993301153183,1
CGTRNA_RS04350,CGTRNA_RS04325,0,0.00018041084695141762,0.0019488715333864093,0.0010220196563750505,0.00047165254363790154,0.0015951473033055663,0.0025669827591627836,0.0011072087800130248,0.00033970829099416733,0.0010965937981382012,0.00011030613677576184,0.0010438901648740285,0
CGTRNA_RS04325,CGTRNA_RS04320,1,0.6547067165374756,0.48840630054473877,0.5767621994018555,0.10584887862205505,0.5660215616226196,0.6042081117630005,0.6236889958381653,0.2927744388580322,0.2865539491176605,0.7365314960479736,0.4935502648353577,0
CGTRNA_RS04320,CGTRNA_RS04315,0,0.941987931728363,0.6908681392669678,0.7718974947929382,0.5530065894126892,0.7386761903762817,0.8876994252204895,0.5334388613700867,0.6505300402641296,0.9699199795722961,0.669560432434082,0.7407585084438324,1
CGTRNA_RS04315,CGTRNA_RS04310,0,0.7308499217033386,0.8549069166183472,0.6312253475189209,0.35783588886260986,0.6678941249847412,0.5396155714988708,0.23987948894500732,0.4858778715133667,0.9085371494293213,0.29145902395248413,0.5708081305027009,1
CGTRNA_RS04310,CGTRNA_RS04300,0,0.0019338892307132483,0.0025348218623548746,0.009941983968019485,0.0016314324457198381,0.0057135517708957195,0.006784595549106598,0.001110912300646305,0.0019805196207016706,0.005726960487663746,0.0006619210471399128,0.0038020588282961397,0
CGTRNA_RS04300,CGTRNA_RS04295,1,0.43934452533721924,0.16700054705142975,0.40054401755332947,0.04169975221157074,0.2813245952129364,0.3542342185974121,0.2077627182006836,0.19852270185947418,0.2396598756313324,0.12983877956867218,0.245993173122406,0
CGTRNA_RS04295,CGTRNA_RS04290,0,0.47307735681533813,0.6077511310577393,0.4291389584541321,0.34363019466400146,0.514612078666687,0.5708936452865601,0.551466166973114,0.4682736396789551,0.38735321164131165,0.5227206349372864,0.4868917018175125,0
CGTRNA_RS04290,CGTRNA_RS04285,1,0.9875305891036987,0.9708144068717957,0.9779868721961975,0.9787049889564514,0.937798798084259,0.9700825810432434,0.9922139644622803,0.9558895230293274,0.9754952192306519,0.9804231524467468,0.9726940095424652,1
CGTRNA_RS04280,CGTRNA_RS04260,0,9.467147174291313e-05,0.001000385731458664,0.00018322661344427615,0.00011576932593015954,0.0013754050014540553,0.0014915753854438663,0.0037899399176239967,0.000521173351444304,0.0017526487354189157,0.00014426537381950766,0.0010469060907780658,0
CGTRNA_RS04260,CGTRNA_RS04255,1,0.9618801474571228,0.9595839977264404,0.9346482753753662,0.9350367188453674,0.8255615234375,0.9211680889129639,0.9749912023544312,0.8780533075332642,0.8839256167411804,0.8968822956085205,0.9171731173992157,1
CGTRNA_RS04255,CGTRNA_RS04250,1,0.959898829460144,0.8973259329795837,0.90594083070755,0.7032521963119507,0.8254579305648804,0.9128794074058533,0.8444592952728271,0.759880781173706,0.9364368915557861,0.8098850846290588,0.855541718006134,1
CGTRNA_RS04250,CGTRNA_RS04245,1,0.972415030002594,0.9822278022766113,0.9751742482185364,0.9692284464836121,0.9182009696960449,0.9447298645973206,0.9793533086776733,0.9452422857284546,0.9106056094169617,0.9739731550216675,0.9571150720119477,1
CGTRNA_RS04230,CGTRNA_RS04225,1,0.5264251828193665,0.8013472557067871,0.6489294767379761,0.7086181640625,0.6189845204353333,0.6847265958786011,0.8238801956176758,0.7276051640510559,0.7344359159469604,0.7838019728660583,0.7058754444122315,1
CGTRNA_RS04225,CGTRNA_RS04205,0,0.0004177912196610123,0.0009762420668266714,0.0001058346897480078,0.0028197208885103464,0.008439025841653347,0.009923901408910751,0.0014376313192769885,0.0014789074193686247,0.00537383696064353,0.0008792793960310519,0.003185217121063033,0
CGTRNA_RS04205,CGTRNA_RS04185,0,0.0003638317284639925,0.000915861630346626,0.001133444719016552,0.0005144443712197244,0.0025997606571763754,0.006123013328760862,0.0006844038725830615,0.0012694975594058633,0.002174450783059001,0.00033125022309832275,0.0016109958873130382,0
CGTRNA_RS04185,CGTRNA_RS04170,0,0.0008476053480990231,0.0018657634500414133,0.0008086100569926202,0.0019358635181561112,0.0030789212323725224,0.008938529528677464,0.0004170707834418863,0.0011065859580412507,0.002102124271914363,0.000738656148314476,0.002183973029605113,0
CGTRNA_RS04170,CGTRNA_RS04165,0,0.28347867727279663,0.3741099536418915,0.34773778915405273,0.2996441423892975,0.17476703226566315,0.4629068970680237,0.6895410418510437,0.0744161605834961,0.25081464648246765,0.15687015652656555,0.3114286497235298,0
CGTRNA_RS04165,CGTRNA_RS04160,1,0.9840054512023926,0.9788252115249634,0.9800553321838379,0.9885790944099426,0.9496150612831116,0.9696032404899597,0.9790865182876587,0.9577934741973877,0.968684196472168,0.9780569076538086,0.9734304487705231,1
CGTRNA_RS04160,CGTRNA_RS04145,0,0.005665347911417484,0.0029614418745040894,0.002245528856292367,0.03348369523882866,0.01520426943898201,0.018212364986538887,0.0014301143819466233,0.00785438809543848,0.016424141824245453,0.0012940856395289302,0.010477537824772298,0
CGTRNA_RS04145,CGTRNA_RS04140,1,0.952482283115387,0.7888802289962769,0.9312167763710022,0.6773328185081482,0.7689486742019653,0.8655638694763184,0.6232454180717468,0.7449952960014343,0.9648995399475098,0.7550424337387085,0.8072607338428497,1
CGTRNA_RS04140,CGTRNA_RS04135,1,0.8671579360961914,0.8461587429046631,0.8759476542472839,0.8611352443695068,0.8374327421188354,0.8376094102859497,0.9411218762397766,0.6323281526565552,0.8294851779937744,0.7963561415672302,0.8324733078479767,1
CGTRNA_RS04135,CGTRNA_RS04125,0,0.0025545156095176935,0.006145124323666096,0.007729626260697842,0.001711272168904543,0.010637867264449596,0.01658043824136257,0.015570932999253273,0.011025206185877323,0.007834970019757748,0.000939360645134002,0.008072931371862069,0
CGTRNA_RS04125,CGTRNA_RS04115,0,0.18052220344543457,0.07591311633586884,0.033418554812669754,0.020105881616473198,0.10559473931789398,0.1533188670873642,0.10984503477811813,0.048812538385391235,0.15377232432365417,0.00688215671107173,0.08881854168139398,0
CGTRNA_RS04115,CGTRNA_RS04110,1,0.8637973666191101,0.9038040637969971,0.9128114581108093,0.89439457654953,0.7794439196586609,0.8603214025497437,0.8733845353126526,0.8294071555137634,0.7265886664390564,0.7649649977684021,0.8408918142318725,1
CGTRNA_RS04110,CGTRNA_RS04105,1,0.9824941754341125,0.945681631565094,0.9656891226768494,0.9774472117424011,0.9083353877067566,0.9572285413742065,0.9832859039306641,0.9538480043411255,0.964054524898529,0.9504565000534058,0.9588521003723145,1
CGTRNA_RS04105,CGTRNA_RS04060,0,3.1703712011221796e-05,0.0003245902480557561,5.9079440688947216e-05,4.611054464476183e-05,0.00037866533966735005,0.0011789246927946806,0.0001412379351677373,0.0001370236714137718,0.0005498826503753662,1.614127540960908e-05,0.0002863359510229202,0
CGTRNA_RS04060,CGTRNA_RS04055,0,0.3666691780090332,0.14113551378250122,0.2696866989135742,0.026992851868271828,0.10670426487922668,0.2641504406929016,0.12681159377098083,0.07924720644950867,0.12353359162807465,0.07376255840063095,0.15786938983947038,0
CGTRNA_RS04055,CGTRNA_RS04050,1,0.9803167581558228,0.9594120979309082,0.9552714824676514,0.9514604806900024,0.8860853314399719,0.978460431098938,0.9237320423126221,0.9336933493614197,0.9777946472167969,0.9571137428283691,0.9503340363502503,1
CGTRNA_RS04050,CGTRNA_RS04010,0,0.0007120926748029888,0.006272027734667063,0.012642806395888329,0.0010581929236650467,0.002659337595105171,0.004365276079624891,0.0015835908707231283,0.0010629254393279552,0.0007210293551906943,0.00011325792002025992,0.0031190536989015526,0
CGTRNA_RS04010,CGTRNA_RS04005,1,0.9771960377693176,0.9739325046539307,0.9611499905586243,0.9549438953399658,0.9239238500595093,0.9577733874320984,0.9833414554595947,0.9572519659996033,0.9685055017471313,0.9556422829627991,0.9613660871982574,1
CGTRNA_RS03950,CGTRNA_RS03930,0,0.0009078701259568334,0.002399491611868143,0.0006692959577776492,0.0006212636944837868,0.00977901741862297,0.007706457749009132,0.0002822877140715718,0.0008622995810583234,0.002393351634964347,0.0006621696520596743,0.002628350513987243,0
CGTRNA_RS03905,CGTRNA_RS03895,0,0.06134459003806114,0.043225742876529694,0.0761045441031456,0.012944381684064865,0.025163045153021812,0.10274707525968552,0.07345794141292572,0.0370110347867012,0.04111122712492943,0.03422527760267258,0.05073348600417375,0
CGTRNA_RS03895,CGTRNA_RS03850,0,5.0397175073157996e-05,0.0008749334956519306,0.0004020105116069317,0.00023390044225379825,0.0007947141421027482,0.0014695513527840376,0.0004619833780452609,0.00046302445116452873,0.0006690672598779202,0.00014806503895670176,0.0005567647247517015,0
CGTRNA_RS03850,CGTRNA_RS03845,1,0.9831699728965759,0.9415503740310669,0.9681416749954224,0.9776009917259216,0.91230708360672,0.9628857374191284,0.9842735528945923,0.9538301229476929,0.9655782580375671,0.9563468098640442,0.9605684578418732,1
CGTRNA_RS03820,CGTRNA_RS03810,0,0.15652301907539368,0.07494307309389114,0.06191912293434143,0.11997470259666443,0.10731501132249832,0.13909567892551422,0.08927063643932343,0.09361661970615387,0.11922452598810196,0.06950987130403519,0.10313922613859176,0
CGTRNA_RS03810,CGTRNA_RS03805,1,0.9587700366973877,0.9168052077293396,0.8857455253601074,0.895695149898529,0.7215370535850525,0.9177285432815552,0.8959524035453796,0.8407366275787354,0.8024760484695435,0.8867329955101013,0.8722179591655731,1
CGTRNA_RS03805,CGTRNA_RS03790,0,0.022262997925281525,0.008093098178505898,0.0033206725493073463,0.004321923479437828,0.01581181399524212,0.033761393278837204,0.0032155197113752365,0.00888579711318016,0.0348699688911438,0.005153908859938383,0.01396970939822495,0
CGTRNA_RS03790,CGTRNA_RS03740,0,7.833996642148122e-05,0.00037238516961224377,0.0001619115937501192,7.607744191773236e-05,0.00082014239160344,0.0017379340715706348,0.00021476237452588975,0.00018959681619890034,0.0006951026734896004,5.7553868828108534e-05,0.00044038063679181506,0
CGTRNA_RS03740,CGTRNA_RS03715,0,0.0004302477464079857,0.0016329631907865405,0.0004893258446827531,0.00015174759028013796,0.0020856268238276243,0.002813669852912426,0.0006765142898075283,0.00044652496580965817,0.0036759302020072937,0.00011676936264848337,0.001251931986917043,0
CGTRNA_RS03715,CGTRNA_RS03695,0,0.0013943027006462216,0.001988250995054841,0.002299136482179165,0.00890951044857502,0.015484236180782318,0.011395201086997986,0.00258652213960886,0.004827952943742275,0.008068427443504333,0.001177157275378704,0.005813069769646973,0
CGTRNA_RS03695,CGTRNA_RS03690,0,0.8464498519897461,0.8004767298698425,0.7297899127006531,0.7066795229911804,0.808060884475708,0.8337182402610779,0.917127788066864,0.5190632343292236,0.8305884003639221,0.8454036116600037,0.7837358176708221,1
CGTRNA_RS03690,CGTRNA_RS03685,1,0.9726665616035461,0.9754407405853271,0.9449009895324707,0.9807800054550171,0.9446232914924622,0.9612480998039246,0.9708666205406189,0.9570452570915222,0.9739730358123779,0.9411097764968872,0.9622654378414154,1
CGTRNA_RS03685,CGTRNA_RS03680,1,0.9892277121543884,0.9785471558570862,0.9863594174385071,0.9851718544960022,0.9580963253974915,0.9638269543647766,0.9927355051040649,0.9695314168930054,0.9828822612762451,0.9854327440261841,0.9791811347007752,1
CGTRNA_RS03680,CGTRNA_RS03675,1,0.9842507243156433,0.9794115424156189,0.9818675518035889,0.9791420698165894,0.9370549321174622,0.9679906964302063,0.9956515431404114,0.9672814011573792,0.9705521464347839,0.9692124128341675,0.9732415020465851,1
CGTRNA_RS03675,CGTRNA_RS03670,1,0.8010639548301697,0.8016349673271179,0.851711094379425,0.7682895064353943,0.775472104549408,0.7870094180107117,0.8635154962539673,0.49502795934677124,0.8721237778663635,0.7068185210227966,0.7722666800022125,1
CGTRNA_RS03670,CGTRNA_RS03665,1,0.9130827188491821,0.940033495426178,0.9467178583145142,0.9603174924850464,0.9106073379516602,0.9460505843162537,0.9690927267074585,0.9188216328620911,0.9308413863182068,0.9329162836074829,0.9368481516838074,1
CGTRNA_RS03665,CGTRNA_RS03660,1,0.6017172932624817,0.7306589484214783,0.5633935928344727,0.6842492818832397,0.6610347032546997,0.6840857863426208,0.6730787754058838,0.4441658854484558,0.8851237297058105,0.6385934948921204,0.6566101491451264,1
CGTRNA_RS03660,CGTRNA_RS03655,1,0.9721879959106445,0.962222695350647,0.9299092292785645,0.9253730177879333,0.9000271558761597,0.9498170018196106,0.9600434303283691,0.9058992266654968,0.9623538255691528,0.8952043652534485,0.9363037943840027,1
CGTRNA_RS03655,CGTRNA_RS03645,0,0.3287597894668579,0.15533627569675446,0.3657192587852478,0.26496028900146484,0.35886454582214355,0.4033399522304535,0.30358049273490906,0.3132917582988739,0.38415196537971497,0.2511861324310303,0.312919045984745,0
CGTRNA_RS03645,CGTRNA_RS03640,1,0.5680176019668579,0.5947524309158325,0.5457831621170044,0.5722301006317139,0.6462793946266174,0.6827841401100159,0.6787992715835571,0.6705769896507263,0.6881832480430603,0.6203157901763916,0.6267722129821778,1
CGTRNA_RS03640,CGTRNA_RS03635,0,0.4684699475765228,0.3997088372707367,0.6010282039642334,0.09359245747327805,0.498502641916275,0.5843469500541687,0.5313863158226013,0.37963685393333435,0.2823384702205658,0.6709007024765015,0.45099113807082175,0
CGTRNA_RS03635,CGTRNA_RS03630,1,0.8616495728492737,0.8687933087348938,0.8864657282829285,0.8822671175003052,0.7668008208274841,0.8873594403266907,0.8503227233886719,0.8158165216445923,0.8952385783195496,0.8645263314247131,0.8579240143299103,1
CGTRNA_RS03630,CGTRNA_RS03625,1,0.9719284772872925,0.9505114555358887,0.8922410607337952,0.9273579716682434,0.7841187119483948,0.9453242421150208,0.8699849247932434,0.8853132128715515,0.8675133585929871,0.9072403311729431,0.900153374671936,1
CGTRNA_RS03625,CGTRNA_RS03620,0,0.9805173873901367,0.9748436212539673,0.9604892730712891,0.9830855131149292,0.9121338725090027,0.9692460894584656,0.9889912009239197,0.9567843079566956,0.9674665331840515,0.9599848985671997,0.9653542697429657,1
CGTRNA_RS03620,CGTRNA_RS03610,0,0.06551685929298401,0.016494398936629295,0.1754540354013443,0.023982267826795578,0.05373821407556534,0.16239917278289795,0.03775101527571678,0.037320781499147415,0.09032247215509415,0.013690019026398659,0.06766692362725735,0
CGTRNA_RS03610,CGTRNA_RS03600,0,0.01100993063300848,0.011872510425746441,0.03225129470229149,0.007431337609887123,0.03251779451966286,0.029510773718357086,0.022270118817687035,0.013543426059186459,0.016950704157352448,0.002894261386245489,0.01802521520294249,0
CGTRNA_RS03600,CGTRNA_RS03595,1,0.9474577903747559,0.8648902177810669,0.9316977262496948,0.9510397911071777,0.8687068223953247,0.9390588402748108,0.9505107402801514,0.872198224067688,0.970592737197876,0.9194040894508362,0.9215556979179382,1
CGTRNA_RS03595,CGTRNA_RS03590,0,0.791606068611145,0.7463846802711487,0.8396555185317993,0.6527246236801147,0.7375543713569641,0.7683036923408508,0.6742779016494751,0.5784891843795776,0.664838433265686,0.834038257598877,0.7287872731685638,1
CGTRNA_RS03590,CGTRNA_RS03545,0,0.00064778485102579,0.006350181996822357,0.002376832067966461,0.0005403933464549482,0.0031860920134931803,0.003399132750928402,0.0072401282377541065,0.001958034234121442,0.0018919177819043398,0.00029975888901390135,0.002789025616948493,0
CGTRNA_RS03545,CGTRNA_RS03540,1,0.43676501512527466,0.4772488474845886,0.6177170276641846,0.4768996238708496,0.7046762704849243,0.5726445913314819,0.5511621832847595,0.18402907252311707,0.6640454530715942,0.4657542407512665,0.5150942325592041,1
CGTRNA_RS03540,CGTRNA_RS03535,1,0.9652619361877441,0.9485604763031006,0.9512960314750671,0.9763569831848145,0.8995788097381592,0.9416881203651428,0.9887735843658447,0.9348658919334412,0.9532902836799622,0.9226938486099243,0.94823659658432,1
CGTRNA_RS03535,CGTRNA_RS03530,1,0.9843397736549377,0.9785982370376587,0.9600151181221008,0.9777219891548157,0.9434711933135986,0.9698226451873779,0.97813481092453,0.9624457955360413,0.9783987402915955,0.9759305715560913,0.9708878874778748,1
CGTRNA_RS03530,CGTRNA_RS03520,0,0.0012773869093507528,0.001306215999647975,0.002285208785906434,0.0007906951941549778,0.013446750119328499,0.01251407153904438,0.0018999740714207292,0.002240975620225072,0.01493898592889309,0.0014272056287154555,0.005212746979668737,0
CGTRNA_RS03520,CGTRNA_RS03510,0,0.002923774067312479,0.006754260044544935,0.0003316881775390357,0.00028245625435374677,0.0031949833501130342,0.016310080885887146,0.006985423620790243,0.001994343474507332,0.018806779757142067,0.000396844872739166,0.005798063450492918,0
CGTRNA_RS03510,CGTRNA_RS03505,1,0.9062161445617676,0.9029731750488281,0.9038519859313965,0.9260445833206177,0.7574921250343323,0.7763323783874512,0.9096056222915649,0.8376412391662598,0.6249264478683472,0.8511348962783813,0.8396218597888947,1
CGTRNA_RS03505,CGTRNA_RS03495,0,0.1930357962846756,0.07394331693649292,0.1274169683456421,0.01949598826467991,0.06818521022796631,0.1977233737707138,0.11517933756113052,0.07796322554349899,0.06958957761526108,0.06290944665670395,0.10054422412067651,0
CGTRNA_RS03495,CGTRNA_RS03490,1,0.9798511266708374,0.9810815453529358,0.9794660806655884,0.9741846323013306,0.952505886554718,0.9721121191978455,0.9910545945167542,0.970378577709198,0.9669016599655151,0.9674844145774841,0.9735020637512207,1
CGTRNA_RS03435,CGTRNA_RS03420,0,0.003033350221812725,0.0038517797365784645,0.0018762461841106415,0.003685974981635809,0.00499768229201436,0.01198031846433878,0.0011852893512696028,0.002064995700493455,0.00698393490165472,0.0009226513211615384,0.00405822231550701,0
CGTRNA_RS03410,CGTRNA_RS03405,0,0.21204130351543427,0.08963050693273544,0.16055025160312653,0.021260883659124374,0.10865575075149536,0.26196545362472534,0.14657510817050934,0.08877188712358475,0.13002973794937134,0.05692882835865021,0.12764097116887568,0
CGTRNA_RS03350,CGTRNA_RS03345,1,0.9615785479545593,0.8780946731567383,0.9121726155281067,0.9785860180854797,0.9111547470092773,0.9103946685791016,0.949761152267456,0.9070484638214111,0.9242665767669678,0.9060326814651489,0.9239090144634247,1
CGTRNA_RS03345,CGTRNA_RS03340,1,0.9070497751235962,0.7677838206291199,0.7809857130050659,0.7596451044082642,0.3965572416782379,0.6944084763526917,0.8906890749931335,0.5891247987747192,0.6026721000671387,0.7583245038986206,0.7147240608930587,1
CGTRNA_RS03340,CGTRNA_RS03335,1,0.9330335855484009,0.9336118698120117,0.8792377710342407,0.8850131630897522,0.5950719714164734,0.8831316232681274,0.691840410232544,0.6766626238822937,0.7069272398948669,0.7848039865493774,0.7969334244728088,1
CGTRNA_RS03335,CGTRNA_RS03330,1,0.9328253865242004,0.6523390412330627,0.8035587668418884,0.9585523009300232,0.8522407412528992,0.8949129581451416,0.8200904130935669,0.7993825078010559,0.9396962523460388,0.7640608549118042,0.8417659223079681,1
CGTRNA_RS03330,CGTRNA_RS03325,1,0.6172516345977783,0.8685002326965332,0.7675900459289551,0.7243086099624634,0.6383296251296997,0.6126865744590759,0.6728476285934448,0.6135938167572021,0.7316861748695374,0.7250770330429077,0.6971871376037597,1
CGTRNA_RS03325,CGTRNA_RS03320,0,0.8584287166595459,0.643444836139679,0.7414929866790771,0.24544425308704376,0.41110822558403015,0.7723060250282288,0.5645597577095032,0.39924779534339905,0.8173158764839172,0.45965901017189026,0.5913007482886314,1
CGTRNA_RS03320,CGTRNA_RS03315,0,0.5264041423797607,0.48760953545570374,0.5547235012054443,0.3146352767944336,0.6078124046325684,0.5898666977882385,0.6346893906593323,0.39740264415740967,0.4598163962364197,0.4738064706325531,0.5046766459941864,1
CGTRNA_RS03315,CGTRNA_RS03310,0,0.49532216787338257,0.361655592918396,0.3393731415271759,0.47945162653923035,0.5514997839927673,0.46777576208114624,0.3955032229423523,0.19565348327159882,0.4046071469783783,0.2685070037841797,0.3959348931908607,0
CGTRNA_RS03280,CGTRNA_RS03275,0,0.38060465455055237,0.2857917249202728,0.2905694246292114,0.1397581398487091,0.14935900270938873,0.4574524462223053,0.5041332840919495,0.11959125101566315,0.240626722574234,0.27045026421546936,0.2838336914777756,0
CGTRNA_RS03275,CGTRNA_RS03270,1,0.5026326775550842,0.6318346261978149,0.6136090755462646,0.8879181146621704,0.6652018427848816,0.6591724157333374,0.631046712398529,0.7068532109260559,0.6067418456077576,0.8534751534461975,0.6758485674858093,1
CGTRNA_RS03270,CGTRNA_RS03265,0,0.3138163387775421,0.10343527048826218,0.13960015773773193,0.23499317467212677,0.24896027147769928,0.2984718084335327,0.1445341408252716,0.13589836657047272,0.3039824366569519,0.14170889556407928,0.20654008612036706,0
CGTRNA_RS03265,CGTRNA_RS03250,0,0.016931843012571335,0.009870997630059719,0.0017702027689665556,0.006079421378672123,0.01774057000875473,0.021825725212693214,0.0034722592681646347,0.0065106539987027645,0.0432167686522007,0.0023727966472506523,0.012979123857803643,0
CGTRNA_RS03250,CGTRNA_RS03230,0,0.00020892733300570399,0.0005489405593834817,8.079941471805796e-05,5.524873631657101e-05,0.0012593683786690235,0.0031151578295975924,0.0002206856443081051,0.0005840907106176019,0.0015730852028355002,0.00011588352936087176,0.000776218733881251,0
CGTRNA_RS03230,CGTRNA_RS03205,0,0.0001831859117373824,0.0031245960853993893,0.0011772166471928358,0.0002698555472306907,0.0013636667281389236,0.0018079876899719238,0.0016630198806524277,0.0004557156062219292,0.001268198830075562,0.00012015227548545226,0.0011433595202106517,0
CGTRNA_RS03205,CGTRNA_RS03200,1,0.3698582053184509,0.3412439823150635,0.4628710150718689,0.3649616539478302,0.14647507667541504,0.4432632625102997,0.5808927416801453,0.17962396144866943,0.27325761318206787,0.31897249817848206,0.3481420010328293,0
CGTRNA_RS03200,CGTRNA_RS03195,1,0.9479565620422363,0.9451319575309753,0.880378007888794,0.9123343825340271,0.668986439704895,0.9105051755905151,0.9223204851150513,0.8206184506416321,0.7817630171775818,0.8831890821456909,0.8673183560371399,1
CGTRNA_RS03195,CGTRNA_RS03190,0,0.24846838414669037,0.14186790585517883,0.2133556753396988,0.06501231342554092,0.10015558451414108,0.30297037959098816,0.1194135770201683,0.09352386742830276,0.1408742368221283,0.10711856931447983,0.15327604934573175,0
CGTRNA_RS03190,CGTRNA_RS03185,1,0.7294487953186035,0.8856170177459717,0.892475962638855,0.8446868062019348,0.8312010169029236,0.841143012046814,0.9354584217071533,0.6584033966064453,0.8583545088768005,0.8818796873092651,0.8358668625354767,1
CGTRNA_RS03185,CGTRNA_RS03175,0,0.2948071360588074,0.13132500648498535,0.2486441433429718,0.3079882860183716,0.2631799876689911,0.5332056879997253,0.25807610154151917,0.2768094539642334,0.3659347891807556,0.1128077507019043,0.2792778342962265,0
CGTRNA_RS03175,CGTRNA_RS03165,0,0.015368820168077946,0.020067980512976646,0.007068677339702845,0.018395664170384407,0.013844898901879787,0.0624333955347538,0.026316827163100243,0.005815420299768448,0.015508794225752354,0.0027857227250933647,0.018760620104148983,0
CGTRNA_RS03165,CGTRNA_RS03155,0,0.04896190017461777,0.026163320988416672,0.052259527146816254,0.03019954077899456,0.03084423765540123,0.07003971934318542,0.0170882735401392,0.04093961790204048,0.05078718438744545,0.016984164714813232,0.03842674866318703,0
CGTRNA_RS03155,CGTRNA_RS03150,1,0.9458529353141785,0.9653440117835999,0.9584169387817383,0.9386250376701355,0.9218753576278687,0.9126855134963989,0.977724552154541,0.9036494493484497,0.9045056700706482,0.9426041841506958,0.9371283650398254,1
CGTRNA_RS03150,CGTRNA_RS03145,1,0.9498372673988342,0.8909557461738586,0.8233924508094788,0.9058610200881958,0.6694021224975586,0.8952805399894714,0.6492722630500793,0.653643012046814,0.7895090579986572,0.7982537150382996,0.8025407195091248,1
CGTRNA_RS03145,CGTRNA_RS03140,1,0.9178234338760376,0.8314915299415588,0.7632135152816772,0.8285665512084961,0.4854368567466736,0.7718559503555298,0.702822208404541,0.5806493163108826,0.6505523324012756,0.6671854853630066,0.7199597179889679,1
CGTRNA_RS03140,CGTRNA_RS03135,1,0.9715986251831055,0.9604904651641846,0.953106701374054,0.9681361317634583,0.8852266073226929,0.9394541382789612,0.986379861831665,0.880646288394928,0.8878645896911621,0.9414607882499695,0.9374364197254181,1
CGTRNA_RS03135,CGTRNA_RS03130,0,0.9649189114570618,0.9047074913978577,0.8930627703666687,0.8992674946784973,0.742306113243103,0.9107168912887573,0.745191752910614,0.8409366607666016,0.8085206151008606,0.8719433546066284,0.8581572055816651,1
CGTRNA_RS03130,CGTRNA_RS03125,1,0.9799143075942993,0.9419136047363281,0.9730274677276611,0.9502928256988525,0.8721858263015747,0.9326687455177307,0.9877822399139404,0.932157039642334,0.9277085065841675,0.955314040184021,0.945296460390091,1
CGTRNA_RS03125,CGTRNA_RS03115,0,0.025776417925953865,0.014701444655656815,0.017243679612874985,0.0028341247234493494,0.012107182294130325,0.04505477845668793,0.04454885795712471,0.009774327278137207,0.030223429203033447,0.005987402983009815,0.020825164509005845,0
CGTRNA_RS03115,CGTRNA_RS03100,0,0.0011662051547318697,0.004273103084415197,0.0045529012568295,8.885373244993389e-05,0.000942806014791131,0.004433158785104752,0.006114427000284195,0.001979172695428133,0.0024903209414333105,0.0010002355556935072,0.002704118422116153,0
CGTRNA_RS03100,CGTRNA_RS03095,1,0.700371503829956,0.5964425206184387,0.868309736251831,0.7899527549743652,0.7875761389732361,0.8248148560523987,0.8143958449363708,0.7994863390922546,0.8517864346504211,0.8826449513435364,0.7915781080722809,1
CGTRNA_RS03095,CGTRNA_RS03075,0,0.0003657650086097419,0.001235696137882769,0.0007264619925990701,0.0005654433043673635,0.0010639942483976483,0.004704407416284084,0.0014526539016515017,0.0007145920535549521,0.001704277005046606,0.0005055334186181426,0.0013038824487011879,0
CGTRNA_RS03075,CGTRNA_RS03055,0,0.00036234938306733966,0.0011558325495570898,0.0012694200268015265,0.0006608110852539539,0.001594931585714221,0.00496573094278574,0.0011711311526596546,0.0007686455501243472,0.0015506675699725747,0.0003345849981997162,0.0013834104844136163,0
CGTRNA_RS03055,CGTRNA_RS03040,0,0.0003542878548614681,0.0007349930820055306,0.00012237047485541552,0.00019205277203582227,0.004229145124554634,0.006605724338442087,0.0008274406427517533,0.0008073736680671573,0.0023871075827628374,0.0005708481767214835,0.0016831343717058189,0
CGTRNA_RS03040,CGTRNA_RS03025,0,0.00035145317087881267,0.001210721442475915,0.005987460725009441,0.00465033994987607,0.0016319529386237264,0.010616629384458065,0.0008242854382842779,0.0007048955885693431,0.0007086546393111348,0.00037725293077528477,0.002706364620826207,0
CGTRNA_RS03025,CGTRNA_RS02955,0,6.167835817905143e-05,0.00038104175473563373,0.00014059575914870948,0.0001000544652924873,0.0007291773799806833,0.002262344118207693,0.00038574758218601346,0.00019216208602301776,0.0006372597999870777,6.430777284549549e-05,0.0004954369076585862,0
CGTRNA_RS02955,CGTRNA_RS02900,0,6.286168354563415e-05,0.000780103902798146,0.0006308951997198164,0.0001607615122338757,0.0004246327152941376,0.0007466883398592472,0.00015942944446578622,0.00021671259310096502,0.0003852029622066766,3.459711660980247e-05,0.00036018854698340876,0
CGTRNA_RS02870,CGTRNA_RS02865,1,0.9534292817115784,0.9588395357131958,0.942321240901947,0.9897028207778931,0.9258291721343994,0.961658775806427,0.961342453956604,0.955183207988739,0.954839825630188,0.9742192625999451,0.9577365577220917,1
CGTRNA_RS02865,CGTRNA_RS02800,0,0.00010044199734693393,0.0004058549820911139,0.00024135474814102054,0.00031599466456100345,0.0012489603832364082,0.003548780921846628,0.0003630321298260242,0.00023259143927134573,0.0007319830474443734,3.260417724959552e-05,0.0007221598491014447,0
CGTRNA_RS02800,CGTRNA_RS02795,0,0.8472932577133179,0.7746244072914124,0.8438414931297302,0.9071531295776367,0.8033648133277893,0.8529274463653564,0.8420498371124268,0.5973541140556335,0.7484180927276611,0.7866962552070618,0.8003722846508026,1
CGTRNA_RS02795,CGTRNA_RS02790,0,0.9800510406494141,0.939693033695221,0.9359068274497986,0.9367872476577759,0.9149706959724426,0.946092426776886,0.9573842287063599,0.9476258754730225,0.9211866855621338,0.8777958154678345,0.9357493877410888,1
CGTRNA_RS02790,CGTRNA_RS02785,0,0.9460715651512146,0.868664562702179,0.848638117313385,0.9241343140602112,0.8743856549263,0.9257011413574219,0.9117729663848877,0.8487403392791748,0.9515597820281982,0.9404141306877136,0.9040082573890686,1
CGTRNA_RS02785,CGTRNA_RS02780,1,0.9691726565361023,0.9450255632400513,0.9048866033554077,0.9260271787643433,0.8032809495925903,0.9443331360816956,0.7779381275177002,0.850658118724823,0.8452794551849365,0.8966732025146484,0.8863274991512299,1
CGTRNA_RS02780,CGTRNA_RS02775,0,0.8419396281242371,0.8685070872306824,0.7827208042144775,0.8690117001533508,0.856361448764801,0.8957188725471497,0.805446445941925,0.7929108738899231,0.8338733315467834,0.7957330346107483,0.8342223227024078,1
CGTRNA_RS02775,CGTRNA_RS02770,0,0.9560709595680237,0.9028118252754211,0.8534167408943176,0.9400226473808289,0.8590788245201111,0.9056689739227295,0.8775013089179993,0.893295407295227,0.9181731343269348,0.9159033894538879,0.9021943211555481,1
CGTRNA_RS02770,CGTRNA_RS02765,0,0.9637352228164673,0.9315827488899231,0.8694940209388733,0.8619942665100098,0.7732226848602295,0.9222502112388611,0.5946284532546997,0.7703872919082642,0.8783584833145142,0.8619837760925293,0.8427637159824372,1
CGTRNA_RS02765,CGTRNA_RS02760,0,0.9683232307434082,0.9272704124450684,0.9405747652053833,0.8932123184204102,0.7947834134101868,0.9215639233589172,0.6973804831504822,0.8591589331626892,0.8173207640647888,0.9210682511329651,0.8740656495094299,1
CGTRNA_RS02760,CGTRNA_RS02755,0,0.37043800950050354,0.19176962971687317,0.4524538516998291,0.3244584798812866,0.29693692922592163,0.5486923456192017,0.12356512248516083,0.14131441712379456,0.42671728134155273,0.30203333497047424,0.31783794015645983,0
CGTRNA_RS02755,CGTRNA_RS02715,0,0.00013743287126999348,0.0005465858266688883,0.0001801384350983426,0.00014929448661860079,0.002173654269427061,0.0031601274386048317,9.546086948830634e-05,0.00025175791233778,0.0006748066516593099,0.00017007907445076853,0.0007539337835623883,0
CGTRNA_RS02715,CGTRNA_RS02710,0,0.39075326919555664,0.46673911809921265,0.5777948498725891,0.7473203539848328,0.6128600835800171,0.5575777888298035,0.6683311462402344,0.47519710659980774,0.4689514935016632,0.44013381004333496,0.5405659019947052,1
CGTRNA_RS02710,CGTRNA_RS02705,1,0.9857426881790161,0.9844478964805603,0.9777145385742188,0.973401665687561,0.9739633798599243,0.9708589911460876,0.995121419429779,0.9783409833908081,0.9780769348144531,0.9766251444816589,0.9794293642044067,1
CGTRNA_RS02705,CGTRNA_RS02700,1,0.9662714600563049,0.9413654208183289,0.9430813193321228,0.9808784127235413,0.908846914768219,0.9586535096168518,0.9740579128265381,0.9218378663063049,0.955078125,0.965929388999939,0.9516000330448151,1
CGTRNA_RS02700,CGTRNA_RS02695,1,0.9605511426925659,0.9057417511940002,0.9106194972991943,0.8965633511543274,0.6762484908103943,0.9040209650993347,0.9649618864059448,0.8328930139541626,0.7412696480751038,0.9294856190681458,0.8722355365753174,1
CGTRNA_RS02695,CGTRNA_RS02690,1,0.9735159873962402,0.9546939730644226,0.919399619102478,0.9236524105072021,0.8244850039482117,0.954925537109375,0.9155351519584656,0.885267436504364,0.8761430978775024,0.9204390048980713,0.9148057222366333,1
CGTRNA_RS02690,CGTRNA_RS02680,0,0.009852474555373192,0.015235397033393383,0.0023725663777440786,0.005301294382661581,0.02426004596054554,0.04090020805597305,0.007652407977730036,0.01186316553503275,0.036420807242393494,0.005426765885204077,0.01592851330060512,0
CGTRNA_RS02680,CGTRNA_RS02675,1,0.5078229308128357,0.8856741786003113,0.8024816513061523,0.6190367937088013,0.6294679045677185,0.6313328146934509,0.5059295296669006,0.17938485741615295,0.8120380640029907,0.3002561032772064,0.587342482805252,1
CGTRNA_RS02675,CGTRNA_RS02670,1,0.9805222749710083,0.9730841517448425,0.9887429475784302,0.9788342118263245,0.9254485368728638,0.9523391127586365,0.9914464354515076,0.9752022624015808,0.970007061958313,0.9573609232902527,0.9692987918853759,1
CGTRNA_RS02670,CGTRNA_RS02665,1,0.9690216183662415,0.9474296569824219,0.9461585879325867,0.9352566003799438,0.8236024379730225,0.9596441388130188,0.9285728335380554,0.9179766774177551,0.847801148891449,0.9457951784133911,0.9221258878707885,1
CGTRNA_RS02665,CGTRNA_RS02660,0,0.8592290878295898,0.8503938913345337,0.8737649917602539,0.9106425046920776,0.8604470491409302,0.9299193620681763,0.8509881496429443,0.9172846078872681,0.8984381556510925,0.903691291809082,0.8854799091815948,1
CGTRNA_RS02660,CGTRNA_RS02635,0,0.00036393688060343266,0.0013826079666614532,0.000577467551920563,0.00043158174958080053,0.0017206971533596516,0.004265150986611843,0.00016711311764083803,0.00043336188537068665,0.0007511801086366177,0.00016555425827391446,0.0010258651658659802,0
CGTRNA_RS02635,CGTRNA_RS02630,0,0.4529658257961273,0.545433521270752,0.42662498354911804,0.581899106502533,0.7261006832122803,0.6569861173629761,0.6478410363197327,0.381442666053772,0.7051258683204651,0.6079111099243164,0.5732330918312073,1
CGTRNA_RS02630,CGTRNA_RS02565,0,0.00013241155829746276,0.00038646458415314555,0.0009119871538132429,0.00021161137556191534,0.0007901467615738511,0.0020589218474924564,0.0001568399165989831,0.00029338066815398633,0.0007110094302333891,0.00019783680909313262,0.0005850610104971565,0
CGTRNA_RS02565,CGTRNA_RS02560,1,0.9668816924095154,0.9500505924224854,0.9032654166221619,0.8922501802444458,0.783276379108429,0.9292591214179993,0.8215039968490601,0.8656614422798157,0.8210554122924805,0.8981354236602783,0.8831339657306672,1
CGTRNA_RS02560,CGTRNA_RS02555,1,0.960561215877533,0.9268468618392944,0.9366975426673889,0.9587833285331726,0.923949122428894,0.9442459940910339,0.9746841788291931,0.9233957529067993,0.9638437628746033,0.9453316926956177,0.945833945274353,1
CGTRNA_RS02555,CGTRNA_RS02525,0,0.00022570407600142062,0.0006674801115877926,0.0005623608594760299,0.00010808036313392222,0.0015353700146079063,0.0030268696136772633,0.0004175770445726812,0.0004498989728745073,0.0008463487029075623,8.59290812513791e-05,0.0007925618840090465,0
CGTRNA_RS02525,CGTRNA_RS02455,0,0.00011022810940630734,0.0003430316864978522,0.0002716071321628988,0.0002682996273506433,0.0006660907529294491,0.001952523598447442,0.00036808589356951416,0.00016618070367258042,0.0006475028349086642,4.7716857807245106e-05,0.0004841267196752597,0
CGTRNA_RS02455,CGTRNA_RS02400,0,0.00027816856163553894,0.0012151163537055254,0.002488490426912904,0.0010769248474389315,0.0012914795661345124,0.0036182901822030544,0.0006162041099742055,0.0007184116984717548,0.0012068822979927063,0.0003417098487261683,0.0012851677893195301,0
CGTRNA_RS02400,CGTRNA_RS02360,0,0.00021753759938292205,0.0005466087604872882,0.0012080190936103463,0.0007522606756538153,0.0020318268798291683,0.006040398497134447,0.0006502417963929474,0.0005595005350187421,0.0015904594911262393,0.0001768268848536536,0.001377368021348957,0
CGTRNA_RS02360,CGTRNA_RS02355,1,0.9702416062355042,0.9584985971450806,0.9372267127037048,0.9600465893745422,0.9067555665969849,0.9530273079872131,0.9458645582199097,0.9408431053161621,0.9633280038833618,0.9695720076560974,0.950540405511856,1
CGTRNA_RS02350,CGTRNA_RS02345,1,0.9590681195259094,0.9448904395103455,0.8704765439033508,0.9177582859992981,0.7789917588233948,0.9407021403312683,0.8896898031234741,0.8264161348342896,0.8446599841117859,0.8808993101119995,0.8853552520275116,1
CGTRNA_RS02345,CGTRNA_RS02340,0,0.1884562224149704,0.09433391690254211,0.1968158632516861,0.04935256764292717,0.08178147673606873,0.4081414043903351,0.154107928276062,0.10970393568277359,0.18403370678424835,0.10330814868211746,0.1570035170763731,0
CGTRNA_RS02340,CGTRNA_RS02335,1,0.9515526294708252,0.9227099418640137,0.8759522438049316,0.8946353793144226,0.6530912518501282,0.8811469078063965,0.9358227252960205,0.7824917435646057,0.7467758059501648,0.8620327711105347,0.8506211400032043,1
CGTRNA_RS02335,CGTRNA_RS02330,1,0.970106303691864,0.8904076218605042,0.9049957990646362,0.9635704755783081,0.874295175075531,0.9260090589523315,0.9143216609954834,0.9054632782936096,0.9046633243560791,0.875095784664154,0.9128928482532501,1
CGTRNA_RS02330,CGTRNA_RS02325,0,0.33042779564857483,0.23485244810581207,0.4315991997718811,0.11280415952205658,0.2113417685031891,0.3666623830795288,0.17619435489177704,0.3157501816749573,0.1679886281490326,0.13890452682971954,0.2486525446176529,0
CGTRNA_RS02325,CGTRNA_RS02320,1,0.9701134562492371,0.9597854614257812,0.9725968837738037,0.9571278691291809,0.9397107362747192,0.9703246355056763,0.9594038724899292,0.8973850607872009,0.972746729850769,0.9505971074104309,0.9549791812896729,1
CGTRNA_RS02320,CGTRNA_RS02315,1,0.7907742857933044,0.8395532965660095,0.8819714784622192,0.8958369493484497,0.810302197933197,0.8514887094497681,0.915909469127655,0.7979311347007751,0.9145583510398865,0.8203584551811218,0.8518684327602386,1
CGTRNA_RS02315,CGTRNA_RS02310,1,0.948361337184906,0.8537485599517822,0.836266815662384,0.808358371257782,0.6761505603790283,0.861950159072876,0.5778148770332336,0.7227295637130737,0.766115128993988,0.816667914390564,0.7868163287639618,1
CGTRNA_RS02310,CGTRNA_RS02305,0,0.7268388867378235,0.8951848149299622,0.8831875920295715,0.9055907726287842,0.8536722660064697,0.8262630105018616,0.9625959992408752,0.7330640554428101,0.8682599663734436,0.8183921575546265,0.8473049521446228,1
CGTRNA_RS02305,CGTRNA_RS02300,0,0.8312426209449768,0.8905919790267944,0.8758129477500916,0.920798122882843,0.8549620509147644,0.9379138350486755,0.9186552166938782,0.9171642661094666,0.8929799795150757,0.8912049531936646,0.8931325972080231,1
CGTRNA_RS02300,CGTRNA_RS02290,0,0.016004234552383423,0.010880429297685623,0.0018059941940009594,0.005247520748525858,0.019138844683766365,0.0265406034886837,0.007213755510747433,0.011014454066753387,0.03013608604669571,0.00488507654517889,0.013286699913442135,0
CGTRNA_RS02290,CGTRNA_RS02280,0,0.05461340397596359,0.02612421102821827,0.05458090826869011,0.08733244985342026,0.035306889563798904,0.1281673014163971,0.15980520844459534,0.041125986725091934,0.031895712018013,0.09611965715885162,0.07150717284530402,0
CGTRNA_RS02280,CGTRNA_RS02275,1,0.831024169921875,0.7323636412620544,0.661945104598999,0.8527264595031738,0.7770386338233948,0.7953493595123291,0.8838276863098145,0.732937753200531,0.820415198802948,0.7289260029792786,0.7816554009914398,1
CGTRNA_RS02275,CGTRNA_RS02190,0,8.891585457604378e-05,0.00032964764977805316,0.0001189720569527708,0.00018787605222314596,0.0012550796382129192,0.00229410408064723,0.0005584192695096135,0.00019209887250326574,0.000998837174847722,5.484228313434869e-05,0.0006078792932385114,0
CGTRNA_RS02190,CGTRNA_RS02185,1,0.9908756017684937,0.9644664525985718,0.9867594838142395,0.9799082279205322,0.9553152918815613,0.9762483835220337,0.9959467053413391,0.9762543439865112,0.9821161031723022,0.9778796434402466,0.9785770237445831,1
CGTRNA_RS02185,CGTRNA_RS02180,1,0.9266119003295898,0.8888675570487976,0.7696378827095032,0.8149874210357666,0.5460278987884521,0.7993367314338684,0.5268115401268005,0.5079385638237,0.7234955430030823,0.6379358172416687,0.714165085554123,1
CGTRNA_RS02180,CGTRNA_RS02175,0,0.025990309193730354,0.12952308356761932,0.03806038200855255,0.023787038400769234,0.042903508991003036,0.07026951014995575,0.06522660702466965,0.05299186334013939,0.036985836923122406,0.019962050020694733,0.05057001896202564,0
CGTRNA_RS02175,CGTRNA_RS02150,0,0.0006805086741223931,0.0015115198912099004,0.001366739277727902,0.0005475166835822165,0.007273467723280191,0.007874144241213799,0.0024063566233962774,0.0017197539564222097,0.0030449109617620707,0.0011114786611869931,0.002753639669390395,0
CGTRNA_RS02150,CGTRNA_RS02125,0,0.0009740485111251473,0.0013431968400254846,0.0004057516634929925,0.0014573718653991818,0.0043158805929124355,0.006919155828654766,0.0015532225370407104,0.0004265238530933857,0.003349611070007086,0.00041052905726246536,0.0021155291819013656,0
CGTRNA_RS02125,CGTRNA_RS02100,0,0.0002753113803919405,0.0013222182169556618,0.0013948014238849282,0.000405791710363701,0.0009335721842944622,0.0033724363893270493,0.0009913216345012188,0.0006718634394928813,0.001706326729618013,0.00023354987206403166,0.0011307192980893888,0
CGTRNA_RS02100,CGTRNA_RS02095,1,0.9029161930084229,0.9671332240104675,0.9641698002815247,0.966666042804718,0.9486855864524841,0.9669622182846069,0.931645929813385,0.9528736472129822,0.9749270677566528,0.9526386260986328,0.9528618335723877,1
CGTRNA_RS02095,CGTRNA_RS02065,0,0.0005549610359594226,0.0020588866900652647,0.0010305047035217285,0.00010850012768059969,0.001458647078834474,0.003585903439670801,0.0007140120142139494,0.0013208279851824045,0.002006709109991789,0.0002216016291640699,0.0013060553814284504,0
CGTRNA_RS02065,CGTRNA_RS02050,0,0.0018636643653735518,0.012181475758552551,0.0260471124202013,0.0014818579657003284,0.00524942809715867,0.006707966327667236,0.016425110399723053,0.005512958858162165,0.005498056765645742,0.0022004281636327505,0.008316805912181735,0
CGTRNA_RS02050,CGTRNA_RS02045,1,0.9874380230903625,0.9652603268623352,0.9601380825042725,0.9646412134170532,0.9671786427497864,0.9798699617385864,0.9698675870895386,0.9655790328979492,0.9745098352432251,0.9621487259864807,0.969663143157959,1
CGTRNA_RS02045,CGTRNA_RS02040,0,0.41087326407432556,0.3812192380428314,0.3550407588481903,0.1492348462343216,0.387710303068161,0.5230036973953247,0.11079808324575424,0.26947155594825745,0.305767685174942,0.48531150817871094,0.3378430940210819,0
CGTRNA_RS02040,CGTRNA_RS02005,0,0.0001967135031009093,0.002029906725510955,0.0004293124075047672,0.00011916507355635986,0.0009664121898822486,0.003998713102191687,0.0006324478308670223,0.0005440115346573293,0.003168839728459716,0.00015664265083614737,0.001224216474656714,0
CGTRNA_RS02005,CGTRNA_RS02000,1,0.355807900428772,0.49078285694122314,0.5609611868858337,0.652037501335144,0.4602692127227783,0.4061209261417389,0.7745055556297302,0.35456663370132446,0.6666249632835388,0.6138514280319214,0.5335528165102005,1
CGTRNA_RS02000,CGTRNA_RS01995,1,0.9180098176002502,0.858238935470581,0.7567234039306641,0.8199468851089478,0.6172245740890503,0.8405798673629761,0.7319992184638977,0.5696001648902893,0.8481795191764832,0.6622480750083923,0.7622750461101532,1
CGTRNA_RS01995,CGTRNA_RS01980,0,0.0003678985813166946,0.0014523743884637952,0.0005076271481812,0.00021350513270590454,0.0009202755172736943,0.003414326114580035,0.002645753789693117,0.0008245764183811843,0.004190875217318535,0.00046187947737053037,0.0014999091785284691,0
CGTRNA_RS01980,CGTRNA_RS01945,0,0.0007483951048925519,0.0019278866238892078,0.010130694136023521,0.009317276999354362,0.0071576363407075405,0.01184368971735239,0.0030130664817988873,0.001844539656303823,0.00539652444422245,0.0003146683156955987,0.005169437782024033,0
CGTRNA_RS01945,CGTRNA_RS01915,0,0.0003128501703031361,0.0005995724350214005,0.0003856924013234675,0.0005198583239689469,0.002296950900927186,0.004455880261957645,0.000269426207523793,0.0006698332144878805,0.0016695917584002018,0.00025987328262999654,0.0011439528956543655,0
CGTRNA_RS01870,CGTRNA_RS01865,1,0.9868764281272888,0.9330043196678162,0.9700533151626587,0.9806830883026123,0.9294635653495789,0.9690598845481873,0.990354061126709,0.9468366503715515,0.9669866561889648,0.9624454975128174,0.9635763466358185,1
CGTRNA_RS01795,CGTRNA_RS01790,1,0.6425207257270813,0.2847190499305725,0.6282332539558411,0.10326409339904785,0.4089905321598053,0.5521631240844727,0.5970140695571899,0.2598254382610321,0.26820459961891174,0.3336680233478546,0.4078602910041809,0
CGTRNA_RS01790,CGTRNA_RS01785,0,0.044028881937265396,0.02675321139395237,0.056867435574531555,0.033317822962999344,0.018591878935694695,0.09820502996444702,0.007068917620927095,0.019657203927636147,0.05663415789604187,0.008916572667658329,0.037004111288115385,0
CGTRNA_RS01785,CGTRNA_RS01780,0,0.06434623152017593,0.04282332584261894,0.03704862296581268,0.0159255713224411,0.09437698125839233,0.12485454976558685,0.015814125537872314,0.05161067843437195,0.10880511999130249,0.057351455092430115,0.06129566617310047,0
CGTRNA_RS01780,CGTRNA_RS01775,1,0.9490691423416138,0.9152393341064453,0.8788163661956787,0.9092615246772766,0.8417205810546875,0.9136670231819153,0.9310609102249146,0.8058469891548157,0.9093414545059204,0.8617604970932007,0.8915783822536468,1
CGTRNA_RS01775,CGTRNA_RS01770,1,0.9430005550384521,0.9631197452545166,0.8932620286941528,0.8376984596252441,0.7351657748222351,0.8733733296394348,0.9158523082733154,0.7468553781509399,0.8137767910957336,0.8141227960586548,0.8536227166652679,1
CGTRNA_RS01770,CGTRNA_RS01765,0,0.6230566501617432,0.6635268330574036,0.7422003149986267,0.8488143086433411,0.7343025803565979,0.7599456906318665,0.7192434668540955,0.5475109219551086,0.8714409470558167,0.502220094203949,0.7012261807918548,1
CGTRNA_RS01765,CGTRNA_RS01755,0,0.0025914181023836136,0.009021221660077572,0.009775056503713131,0.001298321527428925,0.0035906736738979816,0.0063884747214615345,0.004063060041517019,0.005746564827859402,0.005182632710784674,0.0011994803790003061,0.004885690414812416,0
CGTRNA_RS01755,CGTRNA_RS01750,1,0.9611119627952576,0.9583070874214172,0.8988955616950989,0.9740191102027893,0.9532796740531921,0.9562157392501831,0.9736918807029724,0.9558335542678833,0.9751294851303101,0.9286908507347107,0.9535174906253815,1
CGTRNA_RS01750,CGTRNA_RS01745,1,0.9713256359100342,0.9345358610153198,0.9157019257545471,0.9039653539657593,0.7986025810241699,0.9089429974555969,0.8969648480415344,0.7759746313095093,0.8860001564025879,0.9045031666755676,0.8896517157554626,1
CGTRNA_RS01745,CGTRNA_RS01740,1,0.9605879783630371,0.9399722218513489,0.9169467687606812,0.8717992305755615,0.7464391589164734,0.9021852016448975,0.9052754044532776,0.8624561429023743,0.8820510506629944,0.8487545251846313,0.8836467683315277,1
CGTRNA_RS01740,CGTRNA_RS01735,1,0.7515244483947754,0.7651621103286743,0.7704293727874756,0.7547876238822937,0.7310009598731995,0.734107494354248,0.8214319944381714,0.6827976107597351,0.673262357711792,0.7854200601577759,0.7469924032688141,1
CGTRNA_RS01710,CGTRNA_RS01705,1,0.9460760354995728,0.9215912818908691,0.8996862173080444,0.846128523349762,0.7129806280136108,0.8934953212738037,0.9063946604728699,0.7747357487678528,0.863720715045929,0.7693880796432495,0.8534197211265564,1
CGTRNA_RS01705,CGTRNA_RS01635,0,8.778859046287835e-05,0.000359212514013052,0.00019860529573634267,4.1842253267532215e-05,0.000322580395732075,0.0013106525875627995,0.00030001450795680285,0.0001608386664884165,0.0003926836361642927,5.187097849557176e-05,0.00032260894258797637,0
CGTRNA_RS01635,CGTRNA_RS01615,0,0.00027504010358825326,0.0022866397630423307,0.0014002929674461484,0.00029971919138915837,0.000827689073048532,0.002677598735317588,0.001708399853669107,0.0009247463312931359,0.0017327152891084552,0.0001468202390242368,0.0012279661546926945,0
CGTRNA_RS01615,CGTRNA_RS01575,0,0.0003609168925322592,0.002170386491343379,0.004134662915021181,0.0003181751526426524,0.0009327969164587557,0.002259615110233426,0.0023160141427069902,0.0008976865792647004,0.0024164761416614056,0.0004548972938209772,0.0016261627635685727,0
CGTRNA_RS01575,CGTRNA_RS01570,1,0.8586947917938232,0.914711594581604,0.9394912123680115,0.9499613642692566,0.8437896966934204,0.8805806040763855,0.9334250688552856,0.9486891627311707,0.8405917882919312,0.96042400598526,0.9070359289646148,1
CGTRNA_RS01570,CGTRNA_RS01565,1,0.9718407392501831,0.9196377396583557,0.9039305448532104,0.9787409901618958,0.9010840654373169,0.9582982659339905,0.9580633044242859,0.9025563597679138,0.9768787622451782,0.8774930834770203,0.9348523855209351,1
CGTRNA_RS01565,CGTRNA_RS01540,0,9.869681525742635e-05,0.0007769384537823498,0.00033430950134061277,3.812713111983612e-05,0.0008802563534118235,0.0023618326522409916,0.0003891048254445195,0.0006195404566824436,0.002037164755165577,6.778834358556196e-05,0.0007603759288031143,0
CGTRNA_RS01540,CGTRNA_RS01535,1,0.25676995515823364,0.4944313168525696,0.4595169425010681,0.590298056602478,0.4276714026927948,0.5219380855560303,0.380349338054657,0.5774559378623962,0.3727176785469055,0.6298527121543884,0.47110014259815214,0
CGTRNA_RS01535,CGTRNA_RS01505,0,0.003705700160935521,0.021021798253059387,0.019902002066373825,0.003646586090326309,0.0036229502875357866,0.019615205004811287,0.002567776245996356,0.0036066470202058554,0.0019781996961683035,0.0007223853608593345,0.008038925018627196,0
CGTRNA_RS01505,CGTRNA_RS01500,0,0.47608938813209534,0.22723934054374695,0.3154227137565613,0.1262061893939972,0.30953237414360046,0.3803137242794037,0.2702676057815552,0.13676512241363525,0.2299875020980835,0.11639505624771118,0.258821901679039,0
CGTRNA_RS01500,CGTRNA_RS01495,0,0.8479138612747192,0.8884614109992981,0.9374977350234985,0.9255017042160034,0.8358724117279053,0.8977596163749695,0.7481445670127869,0.8857548236846924,0.9489113688468933,0.7751669883728027,0.869098448753357,1
CGTRNA_RS01495,CGTRNA_RS01475,0,0.006126308348029852,0.0100992601364851,0.006153811234980822,0.010409974493086338,0.010713865049183369,0.020627355203032494,0.003132348181679845,0.0035838664043694735,0.004989281762391329,0.0026071525644510984,0.007844322337768972,0
CGTRNA_RS01475,CGTRNA_RS01465,0,0.3736816346645355,0.21354588866233826,0.09900917112827301,0.09552305191755295,0.23367206752300262,0.21147072315216064,0.3039458692073822,0.09282152354717255,0.406890332698822,0.04649956524372101,0.2077059827744961,0
CGTRNA_RS01450,CGTRNA_RS01445,1,0.9333361387252808,0.9427971243858337,0.884786069393158,0.9302955865859985,0.9009835720062256,0.901565670967102,0.9256322383880615,0.9217711687088013,0.9338006377220154,0.9199113249778748,0.9194879531860352,1
CGTRNA_RS01445,CGTRNA_RS01440,1,0.8370765447616577,0.6584321856498718,0.6108577847480774,0.3837814927101135,0.45358598232269287,0.6767117381095886,0.4072364270687103,0.3132978677749634,0.7676811814308167,0.4231148064136505,0.5531776010990143,1
CGTRNA_RS01425,CGTRNA_RS01420,1,0.9326616525650024,0.8576587438583374,0.7952424883842468,0.8279641270637512,0.66056227684021,0.8461449146270752,0.7911322116851807,0.5712299346923828,0.8738222718238831,0.7172887325286865,0.7873707354068756,1
CGTRNA_RS01420,CGTRNA_RS01415,1,0.9626318216323853,0.9284806251525879,0.9179612994194031,0.8915820121765137,0.8248788118362427,0.8874254822731018,0.9640401601791382,0.8553001880645752,0.8874255418777466,0.9472335577011108,0.9066959500312806,1
CGTRNA_RS01400,CGTRNA_RS01385,0,0.0027160311583429575,0.002147593768313527,0.0002994863607455045,0.0014788961270824075,0.0027346666902303696,0.007218589540570974,0.005562916863709688,0.00043415886466391385,0.005911741405725479,0.0010461196070536971,0.002955020038643852,0
CGTRNA_RS01385,CGTRNA_RS01380,0,0.5044338703155518,0.7566937208175659,0.7605136632919312,0.6726381778717041,0.6555378437042236,0.6261228919029236,0.6105956435203552,0.2017538696527481,0.7449705004692078,0.7214077115058899,0.6254667893052102,1
CGTRNA_RS01380,CGTRNA_RS01365,0,0.004293044097721577,0.001786709763109684,0.001560640404932201,0.00023017666535452008,0.002118195639923215,0.011336589232087135,0.0013821457978338003,0.0008262158371508121,0.0077048069797456264,0.00031456630676984787,0.003155309072462842,0
CGTRNA_RS01365,CGTRNA_RS01360,1,0.9583622813224792,0.9546569585800171,0.9874212145805359,0.9635815024375916,0.9258500933647156,0.9679757952690125,0.9816221594810486,0.9255746006965637,0.9659550786018372,0.9826867580413818,0.9613686442375183,1
CGTRNA_RS01360,CGTRNA_RS01350,0,0.0002662536280695349,0.0006716409116052091,0.0003157311584800482,0.0004469580599106848,0.0030591993127018213,0.007309483364224434,0.0002151475055143237,0.0006383449072018266,0.0011760718189179897,0.0004956100601702929,0.0014594440726796165,0
CGTRNA_RS01315,CGTRNA_RS01310,1,0.9519115090370178,0.9421014785766602,0.9450766444206238,0.9305433630943298,0.9282253980636597,0.9334275126457214,0.953314483165741,0.9316457509994507,0.9418396353721619,0.8878818154335022,0.9345967590808868,1
CGTRNA_RS01310,CGTRNA_RS01305,1,0.9653007388114929,0.9181234836578369,0.8497090339660645,0.7722665071487427,0.8034558892250061,0.9124096632003784,0.8595995306968689,0.7740800380706787,0.937958836555481,0.8641825914382935,0.8657086312770843,1
CGTRNA_RS01270,CGTRNA_RS01265,1,0.9801212549209595,0.9514284729957581,0.932020902633667,0.9615219235420227,0.9093837141990662,0.9272761344909668,0.9837859869003296,0.9327020049095154,0.90655118227005,0.9737718105316162,0.9458563387393951,1
CGTRNA_RS01265,CGTRNA_RS01260,0,0.15434367954730988,0.16507774591445923,0.19570301473140717,0.4955369830131531,0.2177359014749527,0.2568421959877014,0.25759008526802063,0.14791859686374664,0.2601715624332428,0.1071530282497406,0.2258072793483734,0
CGTRNA_RS01260,CGTRNA_RS01240,0,0.0004988306318409741,0.0018746278947219253,0.0016620251117274165,0.000449539307737723,0.0009064552723430097,0.0024382711853832006,0.0015994817949831486,0.0009594645234756172,0.001371326157823205,0.00024949072394520044,0.001200951260398142,0
CGTRNA_RS01240,CGTRNA_RS01200,0,8.113589137792587e-05,0.0009514413541182876,0.0012140353210270405,0.0001712053344817832,0.0004712775116786361,0.0014383544912561774,0.00030157799483276904,0.0003933486295863986,0.0010363336186856031,8.068645547609776e-05,0.000613939660252072,0
CGTRNA_RS01200,CGTRNA_RS01170,0,0.0009536602301523089,0.0013662318233400583,0.0005349518032744527,0.00030255108140408993,0.0008086533052846789,0.004294173792004585,0.00034562405198812485,0.0005865381099283695,0.0022435893770307302,0.0002958507102448493,0.0011731824284652247,0
CGTRNA_RS01170,CGTRNA_RS01165,0,0.1758202761411667,0.16578218340873718,0.2892938256263733,0.10416186600923538,0.22260496020317078,0.38685983419418335,0.11724462360143661,0.2555229067802429,0.28113311529159546,0.062179625034332275,0.2060603216290474,0
CGTRNA_RS01165,CGTRNA_RS01145,0,0.0003527865628711879,0.0013955608010292053,0.00038791558472439647,0.00015585539222229272,0.0019611117895692587,0.003552151145413518,0.001999078318476677,0.000881712359841913,0.0032058877404779196,0.0002419678494334221,0.0014134027544059791,0
CGTRNA_RS01145,CGTRNA_RS01140,1,0.9734971523284912,0.9481264352798462,0.9525784254074097,0.910283088684082,0.8706858158111572,0.9509152173995972,0.965980589389801,0.9169628620147705,0.9242814779281616,0.9194095730781555,0.9332720637321472,1
CGTRNA_RS01140,CGTRNA_RS01135,1,0.9754270315170288,0.932170033454895,0.8968801498413086,0.9381117820739746,0.8654993772506714,0.9552252292633057,0.9273293614387512,0.9108114242553711,0.9725873470306396,0.9394052028656006,0.9313446938991546,1
CGTRNA_RS01135,CGTRNA_RS01125,0,0.10716567188501358,0.13559401035308838,0.09167781472206116,0.15077543258666992,0.03278178721666336,0.24752360582351685,0.17336241900920868,0.049057651311159134,0.10997387766838074,0.06217000633478165,0.11600822769105434,0
CGTRNA_RS01125,CGTRNA_RS01120,1,0.9758519530296326,0.9286015033721924,0.9408544301986694,0.9282009601593018,0.8955487608909607,0.9389597177505493,0.9451843500137329,0.8827084898948669,0.9357833862304688,0.9020351767539978,0.9273728728294373,1
CGTRNA_RS01120,CGTRNA_RS01115,1,0.9592385292053223,0.9306752681732178,0.9518718719482422,0.968937873840332,0.9303794503211975,0.9773836135864258,0.9345561265945435,0.889530599117279,0.9841184020042419,0.8604236841201782,0.9387115418910981,1
CGTRNA_RS01115,CGTRNA_RS01110,1,0.967462956905365,0.918757975101471,0.9553830623626709,0.9773988723754883,0.9328033328056335,0.9234971404075623,0.9409329295158386,0.9579745531082153,0.923772394657135,0.919775664806366,0.9417758882045746,1
CGTRNA_RS01110,CGTRNA_RS01105,1,0.9198624491691589,0.6256487965583801,0.7494213581085205,0.6057395935058594,0.7876683473587036,0.7612617015838623,0.6224780678749084,0.6035572290420532,0.9397774934768677,0.6183907389640808,0.7233805775642395,1
CGTRNA_RS01105,CGTRNA_RS01100,1,0.9775604009628296,0.8192976713180542,0.9015777111053467,0.7696030735969543,0.9378684759140015,0.9660212397575378,0.8790844082832336,0.9251004457473755,0.985341489315033,0.893441379070282,0.9054896295070648,1
CGTRNA_RS01100,CGTRNA_RS01095,1,0.9711540341377258,0.967913031578064,0.9708583950996399,0.8771241903305054,0.8622323274612427,0.899309515953064,0.9048611521720886,0.9383042454719543,0.9312810897827148,0.9361979365348816,0.9259235918521881,1
CGTRNA_RS01095,CGTRNA_RS01080,0,0.023227019235491753,0.04693875089287758,0.021373562514781952,0.010088128969073296,0.009280342608690262,0.04269661754369736,0.013829398900270462,0.014299163594841957,0.02194553054869175,0.002447939943522215,0.02061264547519386,0
CGTRNA_RS01080,CGTRNA_RS01065,0,0.35408979654312134,0.13955044746398926,0.08304184675216675,0.132370725274086,0.16185849905014038,0.22157545387744904,0.2593512237071991,0.07555804401636124,0.26684167981147766,0.17979182302951813,0.18740295395255088,0
CGTRNA_RS01065,CGTRNA_RS01060,1,0.8705880045890808,0.698509693145752,0.5763489007949829,0.7771252393722534,0.8465034365653992,0.8418341875076294,0.6260503530502319,0.7011858224868774,0.8521965742111206,0.7403554916381836,0.7530697703361511,1
CGTRNA_RS01040,CGTRNA_RS01035,1,0.8963780999183655,0.9239214658737183,0.8789379000663757,0.8327665328979492,0.8763088583946228,0.8849489092826843,0.9429439306259155,0.8604372143745422,0.8143517374992371,0.8872594833374023,0.8798254132270813,1
CGTRNA_RS01035,CGTRNA_RS01000,0,0.0009990717517212033,0.001460516476072371,0.001193871139548719,0.0010268428595736623,0.003933381754904985,0.0076922401785850525,0.0014921664260327816,0.0012739894445985556,0.005399657879024744,0.00027739573852159083,0.0024749133648583666,0
CGTRNA_RS01000,CGTRNA_RS00995,1,0.48102089762687683,0.6933273673057556,0.6359719038009644,0.4605460464954376,0.5015457272529602,0.4408997595310211,0.767825186252594,0.3685002624988556,0.48699620366096497,0.6661564111709595,0.550278976559639,1
CGTRNA_RS00995,CGTRNA_RS00990,1,0.9684929251670837,0.9600056409835815,0.9403582811355591,0.9593691229820251,0.9145503044128418,0.9485819935798645,0.9856249690055847,0.8996450304985046,0.9417891502380371,0.9498395323753357,0.9468256950378418,1
CGTRNA_RS00990,CGTRNA_RS00985,0,0.6907928586006165,0.4007653295993805,0.7096211314201355,0.18039748072624207,0.6237116456031799,0.6357325911521912,0.6404340863227844,0.2859994173049927,0.49995869398117065,0.3809121549129486,0.5048325389623642,1
CGTRNA_RS00985,CGTRNA_RS00980,1,0.9657304883003235,0.9445067644119263,0.9394488334655762,0.950664222240448,0.9531450271606445,0.9477261304855347,0.9782507419586182,0.9162768125534058,0.9612006545066833,0.9339951276779175,0.9490944802761078,1
CGTRNA_RS00960,CGTRNA_RS00950,0,0.0005330669810064137,0.0037700782995671034,0.0011554219527170062,0.0009861697908490896,0.0008370947907678783,0.00416765920817852,0.0009800012921914458,0.0012969712261110544,0.0026935788337141275,0.0008162114536389709,0.001723625382874161,0
CGTRNA_RS00950,CGTRNA_RS00940,0,0.030559560284018517,0.01922188512980938,0.03229970484972,0.03293612599372864,0.06561916321516037,0.0530521459877491,0.039302758872509,0.014369289390742779,0.0885460376739502,0.004473133943974972,0.0380379805341363,0
CGTRNA_RS00940,CGTRNA_RS00935,0,0.9534041285514832,0.9626004695892334,0.9010995626449585,0.913175106048584,0.8771240711212158,0.9158199429512024,0.9639183282852173,0.8757885694503784,0.8932530283927917,0.8538564443588257,0.9110039651393891,1
CGTRNA_RS00935,CGTRNA_RS00895,0,0.0002789983118418604,0.002306672977283597,0.0027319646906107664,0.00040342597640119493,0.000790283374954015,0.0013418608577921987,0.0006080411258153617,0.0004192807537037879,0.000529264216311276,5.276249794405885e-05,0.0009462554782658117,0
CGTRNA_RS00895,CGTRNA_RS00830,0,0.00015309659647755325,0.00043877927237190306,5.7990095228888094e-05,0.0005552970105782151,0.0020718893501907587,0.005061160773038864,0.0005682597984559834,0.00024446859606541693,0.0012898052809759974,0.00017792930884752423,0.0010618676082231105,0
CGTRNA_RS00830,CGTRNA_RS00815,0,0.013760038651525974,0.010506832972168922,0.011967090889811516,0.001970708603039384,0.011251709423959255,0.021397454664111137,0.01351526565849781,0.005207297392189503,0.022734977304935455,0.0013616690412163734,0.011367304460145533,0
CGTRNA_RS00815,CGTRNA_RS00800,0,0.02204391360282898,0.029723025858402252,0.005122336093336344,0.0015670635038986802,0.008645481429994106,0.04380796104669571,0.034444183111190796,0.018029628321528435,0.01579231210052967,0.001712046330794692,0.018088795139919966,0
CGTRNA_RS00800,CGTRNA_RS00760,0,0.00046589007251895964,0.001512761227786541,0.0008260183385573328,0.00023583951406180859,0.0006997848977334797,0.0024068488273769617,0.0002857352374121547,0.0003619138733483851,0.0009826443856582046,4.500303111854009e-05,0.0007822439405572368,0
CGTRNA_RS00760,CGTRNA_RS00755,0,0.5736990571022034,0.5605509877204895,0.37143775820732117,0.8063183426856995,0.5710847973823547,0.5599754452705383,0.5916297435760498,0.35338741540908813,0.5583899617195129,0.3417709171772003,0.5288244426250458,1
CGTRNA_RS00755,CGTRNA_RS00740,0,0.0030542619060724974,0.004426294472068548,0.0033927340991795063,0.00188513717148453,0.003580976277589798,0.010778791271150112,0.0013425229117274284,0.0032615007366985083,0.004315286409109831,0.0006756126531399786,0.0036713117908220736,0
CGTRNA_RS00740,CGTRNA_RS00735,1,0.9671307802200317,0.9628112316131592,0.9561342000961304,0.9735056161880493,0.9475385546684265,0.9690020084381104,0.9829484820365906,0.9721804857254028,0.960945725440979,0.9416359066963196,0.9633832991123199,1
CGTRNA_RS00735,CGTRNA_RS00725,0,0.0013385058846324682,0.0012386894086375833,0.0005514049553312361,0.002648498397320509,0.003441475797444582,0.010904461145401001,0.0011057230876758695,0.0019223019480705261,0.003989162389189005,0.0009827720932662487,0.002812299510696903,0
CGTRNA_RS00725,CGTRNA_RS00710,0,0.014780095778405666,0.007919352501630783,0.003352764993906021,0.003180952975526452,0.006000199355185032,0.03051069937646389,0.006459262687712908,0.006382455118000507,0.012348969466984272,0.004550844430923462,0.0095485596684739,0
CGTRNA_RS00710,CGTRNA_RS00675,0,0.00013835960999131203,0.0002660498721525073,5.429811426438391e-05,0.0005708563257940114,0.001680687302723527,0.0039017810486257076,0.0004994305199943483,0.000271130062174052,0.0011724740033969283,0.00015827194147277623,0.0008713338800589554,0
CGTRNA_RS00675,CGTRNA_RS00670,1,0.899685800075531,0.697002649307251,0.7454397678375244,0.7452430129051208,0.51918625831604,0.7317617535591125,0.5659997463226318,0.555363118648529,0.7225427031517029,0.6566643714904785,0.6838889181613922,1
CGTRNA_RS00670,CGTRNA_RS00665,0,0.8112861514091492,0.518582284450531,0.4560733735561371,0.6299786567687988,0.5489539504051208,0.732674777507782,0.30277785658836365,0.5132789611816406,0.6121483445167542,0.5870803594589233,0.57128347158432,1
CGTRNA_RS00665,CGTRNA_RS00660,0,0.7582730650901794,0.793773353099823,0.8486146330833435,0.8451657891273499,0.7603452205657959,0.8699984550476074,0.8174679279327393,0.8391370177268982,0.9262351393699646,0.7481257319450378,0.8207136332988739,1
CGTRNA_RS00660,CGTRNA_RS00645,0,0.021531401202082634,0.012912995181977749,0.0013693255605176091,0.00377322593703866,0.010791615583002567,0.018011916428804398,0.003893566783517599,0.003575250506401062,0.02721979282796383,0.001170943840406835,0.010425003385171295,0
CGTRNA_RS00645,CGTRNA_RS00635,0,0.04823227599263191,0.017115645110607147,0.10080991685390472,0.07540935277938843,0.02789047174155712,0.10321307927370071,0.1294761300086975,0.03591585531830788,0.05208935588598251,0.025466613471508026,0.0615618696436286,0
CGTRNA_RS00625,CGTRNA_RS00620,1,0.9739108681678772,0.9375739693641663,0.9310480356216431,0.8012753129005432,0.9068523645401001,0.9500840306282043,0.946896493434906,0.8932755589485168,0.9812076687812805,0.8785069584846497,0.9200631260871888,1
CGTRNA_RS00620,CGTRNA_RS00605,0,0.013468870893120766,0.005130626726895571,0.015697237104177475,0.010065417736768723,0.010636402294039726,0.024552859365940094,0.004087462089955807,0.0033211144618690014,0.01023376826196909,0.006043439265340567,0.010323719820007682,0
CGTRNA_RS00605,CGTRNA_RS00600,0,0.9412583708763123,0.8074892163276672,0.8790698051452637,0.9164130091667175,0.8759125471115112,0.9294300675392151,0.8511101603507996,0.9260863065719604,0.9296327829360962,0.6296052932739258,0.8686007559299469,1
CGTRNA_RS00600,CGTRNA_RS00595,0,0.9092760682106018,0.8976656198501587,0.9313157200813293,0.9532201886177063,0.8545234799385071,0.8931000232696533,0.8511644005775452,0.9096105098724365,0.8883761763572693,0.8907504677772522,0.8979002654552459,1
CGTRNA_RS00595,CGTRNA_RS00585,0,0.007270727306604385,0.017153797671198845,0.034264419227838516,0.0059689548797905445,0.0083626639097929,0.0509791262447834,0.02132454887032509,0.013970843516290188,0.012058835476636887,0.0013172063045203686,0.01726711234077811,0
CGTRNA_RS00520,CGTRNA_RS00515,1,0.9269391894340515,0.8780765533447266,0.8479750752449036,0.7364510297775269,0.8403027653694153,0.8798826932907104,0.9354739189147949,0.7703557014465332,0.9008399844169617,0.7854958772659302,0.8501792788505554,1
CGTRNA_RS00515,CGTRNA_RS00510,1,0.6434504389762878,0.42907851934432983,0.6068981885910034,0.7763901948928833,0.5156943798065186,0.5739641189575195,0.6069753170013428,0.3233911395072937,0.5885276198387146,0.5836130380630493,0.5647982954978943,1
CGTRNA_RS00510,CGTRNA_RS00505,0,0.1617855280637741,0.46863749623298645,0.10524959862232208,0.06768101453781128,0.29552456736564636,0.35304170846939087,0.4176962673664093,0.2153867930173874,0.4371573030948639,0.1409362107515335,0.2663096487522125,0
CGTRNA_RS00505,CGTRNA_RS00465,0,0.0005185253103263676,0.0007675490924157202,3.905072662746534e-05,0.00014241313328966498,0.002362809143960476,0.0037931546103209257,0.00041678419802337885,0.00034204850089736283,0.0025900760665535927,9.433012019144371e-05,0.0011066740902606399,0
CGTRNA_RS00465,CGTRNA_RS00455,0,0.08158861100673676,0.056699201464653015,0.039166536182165146,0.24289563298225403,0.10348176211118698,0.16191363334655762,0.051655661314725876,0.06991878151893616,0.08643244951963425,0.042706042528152466,0.09364583119750022,0
CGTRNA_RS00455,CGTRNA_RS00450,0,0.8939130306243896,0.6581401824951172,0.6427213549613953,0.7299931049346924,0.7131455540657043,0.779890775680542,0.3668782114982605,0.6752188801765442,0.7270202040672302,0.6015673279762268,0.6788488626480103,1
CGTRNA_RS00450,CGTRNA_RS00440,0,0.021939093247056007,0.04299343377351761,0.06913856416940689,0.03842268884181976,0.014714808203279972,0.0667724609375,0.02348014898598194,0.05893823504447937,0.005696989130228758,0.004659831523895264,0.03467562538571656,0
CGTRNA_RS00440,CGTRNA_RS00430,0,0.030813734978437424,0.03301757201552391,0.0272042416036129,0.00578130129724741,0.020015709102153778,0.08959183096885681,0.02251903899013996,0.020433560013771057,0.042197633534669876,0.011080244556069374,0.03026548670604825,0
CGTRNA_RS00430,CGTRNA_RS00425,0,0.3783571720123291,0.23933765292167664,0.3692905604839325,0.5140594244003296,0.4754992425441742,0.701139509677887,0.14143088459968567,0.2510721683502197,0.7749561071395874,0.28756973147392273,0.41327124536037446,0
CGTRNA_RS00380,CGTRNA_RS00365,0,0.0029232094530016184,0.0035750330425798893,0.005394848063588142,0.00196582218632102,0.00443993229418993,0.01301366463303566,0.002695300616323948,0.0031724509317427874,0.008466225117444992,0.000832201971206814,0.00464786883094348,0
CGTRNA_RS00365,CGTRNA_RS00360,0,0.38830870389938354,0.3274249732494354,0.38595518469810486,0.18812872469425201,0.2669473886489868,0.3346005380153656,0.4928183853626251,0.06845869868993759,0.2662218511104584,0.15636366605758667,0.2875228114426136,0
CGTRNA_RS00360,CGTRNA_RS00350,0,0.00021547450160142034,0.002192300045862794,0.0010469421977177262,0.000425671722041443,0.0010643835412338376,0.002045860281214118,0.0011940144468098879,0.0010611193720251322,0.0016257013194262981,0.00033322893432341516,0.0011204696362256072,0
CGTRNA_RS00350,CGTRNA_RS00340,0,0.0006049229414202273,0.001610986073501408,0.0006870453944429755,0.00015082737081684172,0.003093568840995431,0.0052227904088795185,0.008204725570976734,0.0026699823793023825,0.005092109087854624,0.000662340666167438,0.0027999298734357582,0
CGTRNA_RS00340,CGTRNA_RS00335,1,0.9206299185752869,0.9379875659942627,0.8176915049552917,0.9086834192276001,0.9053328037261963,0.938555121421814,0.9184455275535583,0.8717743158340454,0.9604305624961853,0.8555559515953064,0.9035086691379547,1
CGTRNA_RS00335,CGTRNA_RS00305,0,0.00018518971046432853,0.0016162468818947673,0.0008787165279500186,0.0002499306865502149,0.0008632499375380576,0.002607688307762146,0.000826834118925035,0.0005970328929834068,0.002107452368363738,0.00014751515118405223,0.0010079856583615765,0
CGTRNA_RS00305,CGTRNA_RS00300,0,0.9669257402420044,0.8959205746650696,0.8724488615989685,0.9120129346847534,0.8022030591964722,0.9311357736587524,0.7285904288291931,0.852702796459198,0.9447727799415588,0.9053171277046204,0.881203007698059,1
CGTRNA_RS00300,CGTRNA_RS00295,0,0.9706428050994873,0.9740201830863953,0.8948280215263367,0.9405386447906494,0.9066071510314941,0.9130938053131104,0.8918921947479248,0.893771231174469,0.9169175624847412,0.9647427797317505,0.9267054378986359,1
CGTRNA_RS00295,CGTRNA_RS00280,0,0.001862409058958292,0.014647582545876503,0.0036694288719445467,0.001875854330137372,0.006514596752822399,0.009874096140265465,0.007188695017248392,0.0067814611829817295,0.005630417261272669,0.001902423333376646,0.005994696449488401,0
CGTRNA_RS00280,CGTRNA_RS00275,0,0.5994057655334473,0.5393993258476257,0.6479225158691406,0.5646713376045227,0.6088818311691284,0.7346846461296082,0.6634066104888916,0.39197251200675964,0.5671489238739014,0.4457298517227173,0.5763223320245743,1
CGTRNA_RS00255,CGTRNA_RS00250,1,0.9650646448135376,0.9777880907058716,0.9339377880096436,0.9785109758377075,0.9658903479576111,0.969445526599884,0.9780600666999817,0.9494710564613342,0.971554696559906,0.9503545165061951,0.9640077710151672,1
CGTRNA_RS00250,CGTRNA_RS00245,1,0.9715255498886108,0.9137108325958252,0.9089138507843018,0.8818272948265076,0.7866259813308716,0.9139969944953918,0.9006657004356384,0.8574970960617065,0.8749187588691711,0.9132199883460999,0.8922902047634125,1
CGTRNA_RS00245,CGTRNA_RS00240,1,0.9687685966491699,0.9615698456764221,0.9248642325401306,0.9303860068321228,0.7950342297554016,0.9333869814872742,0.9290822744369507,0.8757229447364807,0.8950775861740112,0.9160930514335632,0.9129985749721528,1
CGTRNA_RS00240,CGTRNA_RS00235,1,0.9765781164169312,0.9617816209793091,0.9446594715118408,0.9105973839759827,0.8876820802688599,0.9523780345916748,0.9616336822509766,0.9313932657241821,0.9760729670524597,0.9084105491638184,0.9411187171936035,1
CGTRNA_RS00235,CGTRNA_RS00230,1,0.9823047518730164,0.9756616353988647,0.9859682321548462,0.9909301996231079,0.9446194767951965,0.9611825346946716,0.9937012195587158,0.9508577585220337,0.9452630877494812,0.9613761305809021,0.9691865026950837,1
CGTRNA_RS00230,CGTRNA_RS00225,1,0.9771948456764221,0.9686390161514282,0.9544634222984314,0.9458028674125671,0.8986691236495972,0.9506577253341675,0.9727222323417664,0.954375684261322,0.9699942469596863,0.938572347164154,0.9531091511249542,1
CGTRNA_RS00225,CGTRNA_RS00220,1,0.4639103412628174,0.6640163660049438,0.7795110940933228,0.8407371044158936,0.648083508014679,0.6181426048278809,0.5572014451026917,0.3029562532901764,0.7502005100250244,0.6031837463378906,0.622794297337532,1
CGTRNA_RS00150,CGTRNA_RS00145,0,0.33608177304267883,0.3846488296985626,0.3878397047519684,0.1929779350757599,0.33117979764938354,0.3665831983089447,0.4467059075832367,0.2688683271408081,0.3806929290294647,0.4053545296192169,0.35009329319000243,0
CGTRNA_RS00100,CGTRNA_RS00095,1,0.9827070236206055,0.9699890613555908,0.9431158304214478,0.9586833119392395,0.9354102611541748,0.9678155183792114,0.9839819669723511,0.9580628275871277,0.9749283790588379,0.9761900901794434,0.965088427066803,1
CGTRNA_RS00095,CGTRNA_RS00080,0,0.005557886324822903,0.006273537874221802,0.0016945557435974479,0.0025772671215236187,0.003934362903237343,0.017842603847384453,0.0028195586055517197,0.0017237524734809995,0.008461481891572475,0.000603634282015264,0.005148864106740802,0
CGTRNA_RS00080,CGTRNA_RS00055,0,0.0004892029101029038,0.0009942424949258566,0.00035632841172628105,0.008038192987442017,0.004847245290875435,0.010321029461920261,0.0023556591477245092,0.001332334242761135,0.003965598531067371,0.0012534908019006252,0.0033953324280446397,0
CGTRNA_RS00055,CGTRNA_RS00050,1,0.9779663681983948,0.9322129487991333,0.957722008228302,0.8815605044364929,0.824977457523346,0.9584795236587524,0.8907307386398315,0.9071477651596069,0.966295063495636,0.9104428887367249,0.9207535266876221,1
CGTRNA_RS00050,CGTRNA_RS00045,0,0.45599880814552307,0.5706836581230164,0.4677143692970276,0.4382215142250061,0.42670387029647827,0.6403825283050537,0.5368627905845642,0.44688424468040466,0.657023012638092,0.7185873985290527,0.5359062194824219,1
CGTRNA_RS00045,CGTRNA_RS00040,0,0.2173858880996704,0.11208028346300125,0.3498019278049469,0.1543581187725067,0.2278015911579132,0.2829383611679077,0.30011025071144104,0.2651273310184479,0.1373095065355301,0.31676751375198364,0.2363680772483349,0
CGTRNA_RS00040,CGTRNA_RS00035,1,0.7043672204017639,0.4301341474056244,0.6366013288497925,0.6408785581588745,0.6091311573982239,0.6854021549224854,0.5960147380828857,0.34073612093925476,0.5199613571166992,0.5920761227607727,0.5755302906036377,1
