name_1,name_2,true,prob_0,prob_1,prob_2,prob_3,prob_4,prob_5,prob_6,prob_7,prob_8,prob_9,prob,pred
dnaA,SAOUHSC_00002,-1,0.6051794,0.8262054,0.80048126,0.62807137,0.75566494,0.6487794,0.6699336,0.56261283,0.45713562,0.6818097,0.6635873556137085,1
SAOUHSC_00002,SAOUHSC_00003,-1,0.72915304,0.8723675,0.83110124,0.5827119,0.669085,0.9224913,0.80662477,0.67685145,0.2949093,0.31228366,0.6697579175233841,1
SAOUHSC_00003,recF,-1,0.9823114,0.97662747,0.97775453,0.98086554,0.9183525,0.9895068,0.9583771,0.97759265,0.98922807,0.97725415,0.9727870225906372,1
recF,SAOUHSC_00005,-1,0.98570776,0.97204757,0.9865609,0.9808474,0.9458624,0.97201115,0.9978296,0.9722418,0.97674626,0.99210966,0.9781964540481567,1
SAOUHSC_00005,SAOUHSC_00006,-1,0.9838895,0.9444329,0.968842,0.9359617,0.93095714,0.94643867,0.9816394,0.9513104,0.97419924,0.95679,0.9574460983276367,1
SAOUHSC_00006,SAOUHSC_00008,-1,0.25161615,0.19464879,0.2090166,0.10026001,0.1512139,0.36752728,0.11776327,0.10923316,0.058090147,0.10646448,0.16658337973058224,0
SAOUHSC_00008,SAOUHSC_00009,-1,0.3819495,0.40473112,0.42360616,0.21188399,0.468746,0.5134556,0.41344407,0.45293057,0.3467529,0.5786282,0.41961281597614286,0
SAOUHSC_00009,SAOUHSC_00010,-1,0.06531616,0.06451642,0.084153265,0.007581883,0.03053485,0.11654256,0.15489821,0.05262744,0.03220665,0.06453368,0.06729111252352596,0
SAOUHSC_00010,SAOUHSC_00012,-1,0.9881938,0.9687432,0.9603104,0.952099,0.9485847,0.9801884,0.95977813,0.961926,0.97855717,0.96859986,0.9666980683803559,1
SAOUHSC_00012,SAOUHSC_00013,-1,0.016073972,0.029825231,0.015154179,0.013050441,0.03246623,0.04663769,0.013197847,0.008571252,0.021414645,0.0028750107,0.01992664982099086,0
SAOUHSC_00013,SAOUHSC_00014,-1,0.5664379,0.55582917,0.5391582,0.5055178,0.5441429,0.66475385,0.5056614,0.5400146,0.57208574,0.683786,0.5677387595176697,1
SAOUHSC_00014,SAOUHSC_00015,-1,0.98032695,0.9694931,0.9662036,0.9761111,0.9372551,0.95614105,0.99017274,0.97386074,0.9663106,0.9851738,0.9701048791408539,1
SAOUHSC_00015,rplI,-1,0.9917677,0.98525745,0.9831919,0.9824783,0.97292376,0.97668386,0.9967495,0.98332983,0.9779624,0.98359627,0.9833940982818603,1
rplI,SAOUHSC_00018,-1,0.98927116,0.99105024,0.9853559,0.9945379,0.9800289,0.9853536,0.9928671,0.9813578,0.99062914,0.98898315,0.9879434943199158,1
SAOUHSC_00018,SAOUHSC_00019,-1,0.6824252,0.67862463,0.65121585,0.38793764,0.552254,0.6449113,0.3452872,0.5270709,0.53110003,0.5427197,0.5543546468019486,1
SAOUHSC_00019,SAOUHSC_T00018,-1,0.12966976,0.08867755,0.09643715,0.05419433,0.0586735,0.2603247,0.31752118,0.09428061,0.02286003,0.17759186,0.13002306539565325,0
SAOUHSC_T00018,SAOUHSC_T00011,-1,0.9894968,0.9917863,0.9899061,0.9918435,0.9874511,0.99487644,0.99382913,0.98430103,0.98524755,0.98144054,0.9890178501605987,1
SAOUHSC_T00011,SAOUHSC_00020,-1,0.028658649,0.09287132,0.05474015,0.034481753,0.027709302,0.073679164,0.05849733,0.057957314,0.010521281,0.032805774,0.0471922037191689,0
SAOUHSC_00020,SAOUHSC_00021,-1,0.9841749,0.9846723,0.9897646,0.98386395,0.9575341,0.9672122,0.99240386,0.9874291,0.97746307,0.98620445,0.9810722470283508,1
SAOUHSC_00021,SAOUHSC_00022,-1,0.9906524,0.9927366,0.9932475,0.99118894,0.97967315,0.985394,0.9962337,0.9910591,0.9816218,0.99048513,0.9892292320728302,1
SAOUHSC_00022,SAOUHSC_00023,-1,0.9879626,0.9735801,0.9718228,0.9714476,0.9393048,0.98678863,0.9752941,0.97581905,0.98408467,0.976456,0.9742560386657715,1
SAOUHSC_00023,SAOUHSC_00024,-1,0.33610767,0.25377744,0.59901315,0.0843721,0.16846193,0.42861974,0.28828493,0.14441349,0.05513163,0.2013201,0.25595021843910215,0
SAOUHSC_00024,SAOUHSC_00025,-1,0.5273523,0.5056859,0.57811606,0.21314862,0.50640255,0.5371212,0.5348997,0.33853677,0.27344444,0.30484748,0.4319555014371872,0
SAOUHSC_00025,SAOUHSC_00027,-1,0.7456635,0.69748086,0.8009335,0.23346935,0.49162766,0.6983496,0.640386,0.53295493,0.2557135,0.22070411,0.5317282989621163,1
SAOUHSC_00027,SAOUHSC_00029,-1,0.25624484,0.2136824,0.30543405,0.50933844,0.31084213,0.5679813,0.42982295,0.2742019,0.22328275,0.43072408,0.35215548425912857,0
SAOUHSC_00029,SAOUHSC_00030,-1,0.35754842,0.46893692,0.4768637,0.19885516,0.5831775,0.42024377,0.33294344,0.5454207,0.3579595,0.3050553,0.404700443148613,0
SAOUHSC_00030,SAOUHSC_00035,-1,0.031002412,0.016133327,0.030179175,0.012478924,0.011752583,0.048692733,0.008816941,0.0092293015,0.020265741,0.007729908,0.019628104520961642,0
SAOUHSC_00035,SAOUHSC_00036,-1,0.90614176,0.91255313,0.909382,0.95362544,0.8993385,0.9241648,0.8984909,0.83990836,0.9365029,0.9146045,0.9094712197780609,1
SAOUHSC_00036,SAOUHSC_00037,-1,0.97462666,0.97057295,0.94939756,0.9796591,0.93995744,0.94604754,0.9761077,0.9694955,0.9507325,0.9703978,0.9626994729042053,1
SAOUHSC_00037,SAOUHSC_00040,-1,0.00453515,0.0041211373,0.005524796,0.00032535367,0.0027360753,0.021282464,0.0013382745,0.0015398619,0.008624056,0.00033150674,0.005035867576953024,0
SAOUHSC_00040,SAOUHSC_00041,-1,0.6940328,0.6300519,0.5723162,0.5566627,0.65054023,0.6798735,0.47711968,0.5415081,0.53660005,0.7817084,0.6120413601398468,1
SAOUHSC_00041,SAOUHSC_00044,-1,0.0088351285,0.016892726,0.009900316,0.001272112,0.0133547,0.028145794,0.00807166,0.007334566,0.008613353,0.0014300307,0.010385038529057056,0
SAOUHSC_00044,SAOUHSC_00046,-1,0.012321178,0.023954503,0.014156253,0.0009488889,0.008703342,0.044251315,0.029864635,0.009490714,0.01782776,0.0057184678,0.016723705799086018,0
SAOUHSC_00046,SAOUHSC_00047,-1,0.47779405,0.5437701,0.6057341,0.78920114,0.4193123,0.8024131,0.6581907,0.6252308,0.693347,0.53490007,0.6149893343448639,1
SAOUHSC_00047,SAOUHSC_00049,-1,0.6799218,0.65168023,0.71294385,0.68650275,0.7664425,0.7661159,0.5682188,0.6620031,0.6458621,0.8276773,0.6967368364334107,1
SAOUHSC_00049,SAOUHSC_00050,-1,0.9881002,0.9925832,0.9844215,0.9912648,0.9833642,0.9886307,0.997297,0.9742564,0.98041815,0.9828922,0.9863228380680085,1
SAOUHSC_00050,SAOUHSC_00051,-1,0.7919443,0.70140314,0.9336269,0.6745203,0.752814,0.7373821,0.8944081,0.5771289,0.30308896,0.49990287,0.6866219609975814,1
SAOUHSC_00051,SAOUHSC_00052,-1,0.77179086,0.7017114,0.6521316,0.06601555,0.42157197,0.5987661,0.5412139,0.4362009,0.2972856,0.3949101,0.4881598003208637,0
SAOUHSC_00052,SAOUHSC_00053,-1,0.93288,0.9482935,0.9381613,0.96307397,0.8997275,0.931769,0.9605116,0.9092753,0.91246796,0.95605046,0.9352210640907288,1
SAOUHSC_00053,SAOUHSC_00054,-1,0.96720797,0.97647053,0.96618885,0.96617997,0.95460474,0.970102,0.98148865,0.94356394,0.9680739,0.9317028,0.9625583350658417,1
SAOUHSC_00054,SAOUHSC_00055,-1,0.8732585,0.93138295,0.9220896,0.95692927,0.9133914,0.9352875,0.90709186,0.900215,0.9381452,0.9574739,0.9235265135765076,1
SAOUHSC_00055,SAOUHSC_00056,-1,0.7784722,0.9121054,0.88826364,0.8843901,0.8527661,0.8854459,0.6464134,0.922744,0.9248039,0.92931503,0.8624719619750977,1
SAOUHSC_00056,SAOUHSC_00057,-1,0.9642921,0.8188503,0.82761985,0.9244349,0.78388476,0.89184123,0.9099645,0.8716564,0.9080436,0.873107,0.8773694694042206,1
SAOUHSC_00057,SAOUHSC_00058,-1,0.98917645,0.94338214,0.9849364,0.9663422,0.95229435,0.98015946,0.98491853,0.9847364,0.9821539,0.974612,0.9742711842060089,1
SAOUHSC_00058,SAOUHSC_00064,-1,0.0047454163,0.005149251,0.010656382,0.00292381,0.0025147223,0.018018091,0.0022967514,0.0012855564,0.0051976307,0.00029831633,0.0053085927240317686,0
SAOUHSC_00064,SAOUHSC_00065,-1,0.42245525,0.4795238,0.463145,0.23174258,0.46488985,0.46298367,0.5138461,0.54014295,0.27656668,0.70287997,0.45581758469343187,0
SAOUHSC_00065,SAOUHSC_00067,-1,0.64761704,0.62863505,0.708152,0.66946673,0.6261501,0.64683974,0.72799325,0.6365168,0.5228664,0.5575608,0.6371797919273376,1
SAOUHSC_00067,SAOUHSC_00075,-1,0.00037363975,0.0019856922,0.0012367431,0.00055127015,0.0007933982,0.0039607543,0.00073671166,0.0005543182,0.0004009158,0.00013135004,0.0010724793275585399,0
SAOUHSC_00075,SAOUHSC_00076,-1,0.98999906,0.9815533,0.9780957,0.9803993,0.9676405,0.99411124,0.98123103,0.98574877,0.9834782,0.98759675,0.9829853892326355,1
SAOUHSC_00076,SAOUHSC_00077,-1,0.9854647,0.980411,0.98623395,0.9926441,0.9669613,0.97558963,0.99439025,0.9858855,0.97994226,0.98344475,0.9830967426300049,1
SAOUHSC_00077,SAOUHSC_00078,-1,0.9875714,0.9701106,0.96297663,0.9625754,0.9479757,0.989198,0.96532387,0.9708929,0.9794182,0.9804236,0.971646636724472,1
SAOUHSC_00078,SAOUHSC_00079,-1,0.9857819,0.96880215,0.96655416,0.9635203,0.9467235,0.9903401,0.95836365,0.9718447,0.98044944,0.98064077,0.97130206823349,1
SAOUHSC_00079,SAOUHSC_00080,-1,0.9895722,0.9785024,0.9752612,0.9771048,0.96306884,0.9932252,0.9768084,0.98322237,0.98260194,0.9862275,0.9805594921112061,1
SAOUHSC_00080,SAOUHSC_00081,-1,0.9904743,0.9793359,0.97554153,0.97385484,0.9654125,0.992138,0.98033,0.98200333,0.9807668,0.9855683,0.9805425465106964,1
SAOUHSC_00081,SAOUHSC_00082,-1,0.9870643,0.9747461,0.9716017,0.9716953,0.95655984,0.9920919,0.9694144,0.97913015,0.9821238,0.98435855,0.9768786072731018,1
SAOUHSC_00082,SAOUHSC_00083,-1,0.99136764,0.98701245,0.9863604,0.99399275,0.97728294,0.9829988,0.996109,0.9747168,0.98244154,0.98931134,0.9861593604087829,1
SAOUHSC_00083,SAOUHSC_00084,-1,0.5051204,0.29392734,0.44797042,0.054003395,0.23690933,0.57665294,0.3585839,0.34325153,0.15109703,0.29026487,0.3257781155407429,0
SAOUHSC_00084,SAOUHSC_00085,-1,0.8381758,0.88792664,0.9316002,0.84824777,0.84897166,0.9217768,0.94468874,0.6894204,0.9421388,0.9119575,0.8764904260635376,1
SAOUHSC_00085,SAOUHSC_00086,-1,0.54872173,0.5741414,0.45355755,0.19872996,0.40349454,0.5699482,0.4581268,0.53448784,0.2744172,0.6247474,0.46403726041316984,0
SAOUHSC_00086,SAOUHSC_00087,-1,0.39577073,0.3113545,0.6267285,0.14367019,0.2835814,0.6029032,0.6639564,0.3114926,0.10830231,0.37281615,0.3820575922727585,0
SAOUHSC_00087,SAOUHSC_00088,-1,0.7202742,0.74854344,0.8126681,0.6190554,0.7572942,0.695341,0.5504934,0.6673883,0.71783966,0.8210431,0.7109940767288208,1
SAOUHSC_00088,SAOUHSC_00089,-1,0.98776144,0.97144264,0.9648581,0.9635568,0.9499808,0.9894336,0.96761024,0.97294486,0.9797592,0.9811413,0.972848904132843,1
SAOUHSC_00089,SAOUHSC_00090,-1,0.6922564,0.6426627,0.5846226,0.33694577,0.70175856,0.7615333,0.68377024,0.60378265,0.6927843,0.7339226,0.6434039175510406,1
SAOUHSC_00090,SAOUHSC_00091,-1,0.98528725,0.96205497,0.9586392,0.95545423,0.9364322,0.9872038,0.94974506,0.96493614,0.979189,0.9757351,0.9654676914215088,1
SAOUHSC_00091,SAOUHSC_00092,-1,0.98258847,0.9428134,0.9450625,0.9180646,0.9154193,0.9771897,0.9391102,0.9612553,0.9785039,0.96359575,0.952360314130783,1
SAOUHSC_00092,SAOUHSC_00093,-1,0.5581799,0.59245837,0.7648698,0.27105376,0.40972275,0.46703115,0.4338668,0.3558833,0.19115661,0.39449567,0.44387181252241137,0
SAOUHSC_00093,SAOUHSC_00094,-1,0.8781418,0.7611886,0.41310626,0.45443097,0.38301083,0.7496189,0.31042564,0.87806875,0.71840334,0.35335457,0.589974969625473,1
SAOUHSC_00094,SAOUHSC_00097,-1,0.007702569,0.011395835,0.0061087967,0.0007410315,0.0071552307,0.031874415,0.012165069,0.010765437,0.016941577,0.011189325,0.011603928543627262,0
SAOUHSC_00097,SAOUHSC_00099,-1,0.9800216,0.9780264,0.9667497,0.9817197,0.9438942,0.9576698,0.98368955,0.97023976,0.9654728,0.97816527,0.9705648779869079,1
SAOUHSC_00099,SAOUHSC_00100,-1,0.78498137,0.6941935,0.6340202,0.68008846,0.7399818,0.75133926,0.709135,0.63598436,0.61929005,0.8107546,0.7059768557548523,1
SAOUHSC_00100,SAOUHSC_00101,-1,0.9268177,0.795282,0.935548,0.85940105,0.8847367,0.91615963,0.9254147,0.9016745,0.9075098,0.8701568,0.8922700941562652,1
SAOUHSC_00101,SAOUHSC_00106,-1,0.025648309,0.042737562,0.05506537,0.017931731,0.011566066,0.060561825,0.050710205,0.028856568,0.0050486973,0.0077597946,0.030588612938299776,0
SAOUHSC_00106,SAOUHSC_00107,-1,0.92798865,0.9290867,0.9176187,0.93333906,0.9030993,0.9063165,0.91244435,0.90962374,0.92423576,0.9163752,0.918012797832489,1
SAOUHSC_00107,SAOUHSC_00108,-1,0.6970593,0.5087384,0.90886015,0.28686538,0.6949004,0.86911833,0.7610667,0.62046343,0.49339068,0.89587057,0.6736333280801773,1
SAOUHSC_00108,SAOUHSC_00109,-1,0.04995081,0.104762696,0.069374405,0.012976016,0.05376109,0.12219375,0.10758198,0.078408584,0.06159737,0.04516664,0.0705773345194757,0
SAOUHSC_00109,SAOUHSC_00111,-1,0.055950873,0.17116065,0.09009406,0.010445707,0.034931812,0.10234209,0.10008071,0.06953714,0.057793222,0.023193466,0.07155297379940748,0
SAOUHSC_00111,SAOUHSC_00113,-1,0.0047648316,0.013054629,0.015697695,0.0031804345,0.004980757,0.018067827,0.00953751,0.0057602576,0.0048214043,0.002734577,0.008259992324747145,0
SAOUHSC_00113,SAOUHSC_00114,-1,0.31022057,0.22474019,0.72981894,0.08076394,0.2753439,0.51150864,0.49491817,0.17722854,0.15061487,0.16877383,0.3123931594192982,0
SAOUHSC_00114,SAOUHSC_00115,-1,0.9829075,0.96842724,0.96366215,0.9811874,0.9343304,0.9642349,0.98074645,0.9658065,0.9729025,0.9857711,0.9699976086616516,1
SAOUHSC_00115,SAOUHSC_00116,-1,0.9909395,0.98990244,0.9914136,0.98843753,0.979069,0.9843366,0.9973041,0.97997063,0.98315585,0.9866519,0.9871181130409241,1
SAOUHSC_00116,SAOUHSC_00117,-1,0.987286,0.98952305,0.989256,0.99316716,0.9769266,0.9838872,0.9917803,0.9760763,0.9844709,0.9909869,0.9863360404968262,1
SAOUHSC_00117,SAOUHSC_00118,-1,0.9918458,0.9828728,0.98172456,0.98160976,0.9726537,0.99413395,0.98565173,0.98740953,0.98325354,0.9882077,0.9849363029003143,1
SAOUHSC_00118,SAOUHSC_00119,-1,0.98636365,0.9776115,0.9824255,0.9933002,0.9566655,0.97203517,0.994808,0.9812052,0.9745363,0.9858446,0.9804795682430267,1
SAOUHSC_00119,SAOUHSC_00120,-1,0.99114007,0.95721996,0.9830175,0.962692,0.96591693,0.97003764,0.99613893,0.98640597,0.9768783,0.9713713,0.9760818600654602,1
SAOUHSC_00120,SAOUHSC_00121,-1,0.99281317,0.99376804,0.9941717,0.9937146,0.98784417,0.9904987,0.99708736,0.983534,0.9883924,0.98364633,0.9905470430850982,1
SAOUHSC_00121,SAOUHSC_00122,-1,0.99153703,0.97415257,0.9876809,0.9893223,0.9696098,0.9881605,0.9974312,0.99119925,0.9826939,0.9896909,0.9861478388309479,1
SAOUHSC_00122,SAOUHSC_00123,-1,0.9922071,0.99094236,0.99558365,0.9940918,0.9858257,0.9868025,0.9973945,0.98599744,0.9858763,0.9864553,0.9901176750659942,1
SAOUHSC_00123,SAOUHSC_00124,-1,0.99121356,0.9830488,0.98197067,0.9833896,0.97183204,0.99490035,0.98526967,0.9880064,0.9843684,0.98881674,0.9852816224098205,1
SAOUHSC_00124,SAOUHSC_00125,-1,0.9910838,0.9820297,0.97979087,0.98233956,0.9693275,0.9941852,0.9826983,0.9871533,0.9836918,0.9881197,0.984041976928711,1
SAOUHSC_00125,SAOUHSC_00126,-1,0.9919712,0.98395663,0.9937401,0.9972128,0.97823966,0.9868611,0.99789935,0.9854505,0.97936696,0.9858574,0.9880555748939515,1
SAOUHSC_00126,SAOUHSC_00127,-1,0.9889736,0.97987825,0.97800076,0.9802616,0.9635675,0.993332,0.9763605,0.9860567,0.98412955,0.9870636,0.9817624092102051,1
SAOUHSC_00127,SAOUHSC_00128,-1,0.96689165,0.9825335,0.9870829,0.9804407,0.96020144,0.9816444,0.9837726,0.97870994,0.98123074,0.9716834,0.9774191200733184,1
SAOUHSC_00128,SAOUHSC_00129,-1,0.9130788,0.9538321,0.9421021,0.9201239,0.93906564,0.95005536,0.9643464,0.8940259,0.90996915,0.9518126,0.9338411927223206,1
SAOUHSC_00129,SAOUHSC_00132,-1,0.07257266,0.13778035,0.0514556,0.026767457,0.028164301,0.19129723,0.04895494,0.04068046,0.04845793,0.029970543,0.06761014834046364,0
SAOUHSC_00132,SAOUHSC_00133,-1,0.24397163,0.5080293,0.55391645,0.1842715,0.29871067,0.29947606,0.2950225,0.31986707,0.09326975,0.21995023,0.30164851397275927,0
SAOUHSC_00133,SAOUHSC_00135,-1,0.13702868,0.091077305,0.14830744,0.061716482,0.054223277,0.3197712,0.08196034,0.0998289,0.075006604,0.22490138,0.12938216105103492,0
SAOUHSC_00135,SAOUHSC_00136,-1,0.2965796,0.17083997,0.46326864,0.045186125,0.20446172,0.3868324,0.16967157,0.14846657,0.1675267,0.11496249,0.21677957698702813,0
SAOUHSC_00136,SAOUHSC_00137,-1,0.9814064,0.98101896,0.9618345,0.99114996,0.965878,0.9706761,0.9926454,0.976976,0.9741865,0.97866595,0.9774437725543976,1
SAOUHSC_00137,SAOUHSC_00138,-1,0.9915829,0.9828523,0.981437,0.9824777,0.97206783,0.994556,0.98533386,0.9876143,0.98367757,0.9885024,0.9850101828575134,1
SAOUHSC_00138,SAOUHSC_00139,-1,0.9850438,0.971791,0.98609596,0.9821183,0.95121366,0.95797807,0.9601885,0.9827694,0.96234185,0.9792041,0.971874475479126,1
SAOUHSC_00139,SAOUHSC_00141,-1,0.439832,0.5448931,0.6107563,0.4053702,0.42899168,0.49636373,0.66563797,0.45357564,0.258904,0.5314681,0.4835792690515518,0
SAOUHSC_00141,SAOUHSC_00142,-1,0.4826209,0.39596274,0.7150833,0.119080424,0.3902405,0.630185,0.46937475,0.29360226,0.1760475,0.4761727,0.41483700573444365,0
SAOUHSC_00142,SAOUHSC_00143,-1,0.37078086,0.4521377,0.35637072,0.15386058,0.30155122,0.34663385,0.22587687,0.34467965,0.17682461,0.29464468,0.3023360759019852,0
SAOUHSC_00143,SAOUHSC_00144,-1,0.7292407,0.87574744,0.82069767,0.82246536,0.7696618,0.8674873,0.7094701,0.83516055,0.8807341,0.91419536,0.8224860370159149,1
SAOUHSC_00144,SAOUHSC_00145,-1,0.98442197,0.9906194,0.9798489,0.9805328,0.9699575,0.98089314,0.98777825,0.9674787,0.9766023,0.983937,0.9802070021629333,1
SAOUHSC_00145,SAOUHSC_00154,-1,9.4572395e-05,0.0012345233,0.0006654022,8.079156e-05,0.00042566643,0.0016781784,0.000337602,0.00025521536,0.00032472765,4.663111e-05,0.0005143310387211386,0
SAOUHSC_00154,SAOUHSC_00156,-1,0.00022221096,0.0007861629,0.00068485964,0.00018913315,0.001539007,0.0039496175,0.00024431455,0.00050217414,0.0007352298,0.00013719861,0.0008989908223156817,0
SAOUHSC_00156,murQ,-1,0.99052495,0.9767703,0.9787499,0.9781465,0.96489114,0.99260026,0.97793674,0.9857777,0.9840366,0.98650295,0.9815936982631683,1
murQ,SAOUHSC_00158,-1,0.9893447,0.9850154,0.9922351,0.9916295,0.9722251,0.97565854,0.9964251,0.9866235,0.9810052,0.9910518,0.9861213982105255,1
SAOUHSC_00158,SAOUHSC_00160,-1,0.9924726,0.99294907,0.99246746,0.99082255,0.9823214,0.98985934,0.996647,0.989737,0.9883363,0.989878,0.9905490696430206,1
SAOUHSC_00160,SAOUHSC_00162,-1,0.20967893,0.24318299,0.21804154,0.14080216,0.15875149,0.2922858,0.14322662,0.22259994,0.15898618,0.3303886,0.21179442554712297,0
SAOUHSC_00162,SAOUHSC_00163,-1,0.7695867,0.5856898,0.6058731,0.5720438,0.40396374,0.79625404,0.833971,0.2937787,0.31385413,0.33603653,0.5511051505804062,1
SAOUHSC_00163,SAOUHSC_00164,-1,0.9901573,0.97773963,0.9870749,0.9889405,0.95902187,0.97712797,0.99104965,0.9884364,0.9778282,0.98162955,0.9819005966186524,1
SAOUHSC_00164,SAOUHSC_00166,-1,0.9852835,0.96765816,0.9730113,0.9670676,0.9220356,0.98492867,0.96825886,0.97289866,0.98732,0.97213984,0.9700602173805237,1
SAOUHSC_00166,SAOUHSC_00168,-1,0.021979764,0.052472126,0.01825031,0.0023280368,0.038309492,0.08521301,0.038866665,0.050879866,0.03576646,0.019668892,0.03637346257455647,0
SAOUHSC_00168,SAOUHSC_00169,-1,0.9886148,0.9860579,0.98284864,0.9814404,0.95024294,0.9824261,0.9921785,0.9736993,0.98719466,0.9835879,0.9808291137218476,1
SAOUHSC_00169,SAOUHSC_00170,-1,0.9861457,0.97376907,0.97774917,0.98423606,0.9699586,0.9645521,0.9943849,0.98294485,0.9735177,0.9910928,0.9798350930213928,1
SAOUHSC_00170,SAOUHSC_00171,-1,0.9738901,0.9734843,0.97727233,0.9807028,0.9454476,0.96716297,0.98771405,0.97424954,0.96913767,0.97928935,0.9728350758552551,1
SAOUHSC_00171,SAOUHSC_00174,-1,0.00474561,0.0055727963,0.0014373302,0.00091832964,0.002806115,0.009803613,0.0015144879,0.0029538148,0.0071144262,0.0002504187,0.0037116941501153635,0
SAOUHSC_00174,SAOUHSC_00175,-1,0.38426012,0.46583775,0.44839737,0.42602083,0.31448892,0.44248128,0.42610168,0.32559994,0.12618,0.14864628,0.35080141574144363,0
SAOUHSC_00175,SAOUHSC_00176,-1,0.9743563,0.959484,0.96478254,0.98510385,0.9322692,0.9515476,0.94986033,0.96628815,0.9653966,0.96452117,0.9613609731197357,1
SAOUHSC_00176,SAOUHSC_00177,-1,0.9847546,0.9817804,0.9736816,0.9870508,0.9515467,0.96790195,0.99215674,0.9813432,0.97299427,0.9869084,0.9780118703842163,1
SAOUHSC_00177,SAOUHSC_00178,-1,0.99208355,0.9901382,0.99059427,0.9879303,0.98563623,0.9877191,0.9986638,0.9847699,0.9804516,0.99220806,0.9890194952487945,1
SAOUHSC_00178,SAOUHSC_00179,-1,0.8055128,0.81482685,0.8920409,0.67839956,0.700352,0.85543674,0.868464,0.4700506,0.8658456,0.76094043,0.7711869508028031,1
SAOUHSC_00179,SAOUHSC_00180,-1,0.9811068,0.97868985,0.9774006,0.98654664,0.9671451,0.9800982,0.98859996,0.9420254,0.97769356,0.9803553,0.9759661436080933,1
SAOUHSC_00180,SAOUHSC_00181,-1,0.97629505,0.9833471,0.9866664,0.9933086,0.96643484,0.97455066,0.98652995,0.9672805,0.9617673,0.9882327,0.978441309928894,1
SAOUHSC_00181,uhpT,-1,0.023415511,0.033489067,0.02817374,0.0145902345,0.024249023,0.05958658,0.0249552,0.028521834,0.021366239,0.007184939,0.026553236739709975,0
uhpT,SAOUHSC_00187,-1,0.080761194,0.44868335,0.1982114,0.085735686,0.059397705,0.32812312,0.23884943,0.52178323,0.0150949,0.046326555,0.20229665795341134,0
SAOUHSC_00187,SAOUHSC_00188,-1,0.9880279,0.9496031,0.9716587,0.96019214,0.9669987,0.97249633,0.993493,0.95608777,0.973038,0.9607103,0.969230592250824,1
SAOUHSC_00188,SAOUHSC_00190,-1,0.48960054,0.2262805,0.6593229,0.10756402,0.30676404,0.4769415,0.37932482,0.24774708,0.16882116,0.23040429,0.3292770847678185,0
SAOUHSC_00190,SAOUHSC_00192,-1,0.4324787,0.27803513,0.5479011,0.48152435,0.4315512,0.465076,0.20432225,0.3549313,0.26607502,0.38722056,0.3849115580320358,0
SAOUHSC_00192,SAOUHSC_00200,-1,0.0003011967,0.0026975912,0.00051435543,0.00015320673,0.0014531865,0.0060586706,0.0021608092,0.0010361819,0.004481738,0.00060308084,0.0019460017123492435,0
SAOUHSC_00200,SAOUHSC_00205,-1,0.00023009874,0.0010519585,0.00035197038,0.0005211343,0.0007719128,0.0020365315,0.00035131638,0.00040904304,0.00072197063,0.000100216785,0.00065461530466564,0
SAOUHSC_00205,SAOUHSC_00206,-1,0.057011172,0.07234559,0.06443169,0.03643774,0.24452935,0.21253328,0.027843326,0.06762568,0.11459425,0.12097851,0.1018330592662096,0
SAOUHSC_00206,SAOUHSC_00208,-1,0.14776519,0.09825254,0.23517177,0.02663345,0.108369194,0.29728773,0.16380621,0.12282758,0.10733664,0.15438612,0.14618364293128253,0
SAOUHSC_00208,SAOUHSC_00211,-1,0.0059807017,0.008552631,0.03217001,0.007740455,0.01467456,0.03510703,0.005143929,0.0026400527,0.0076113315,0.0006555379,0.012027623964240775,0
SAOUHSC_00211,SAOUHSC_00212,-1,0.497695,0.629962,0.8087122,0.17849036,0.478618,0.67943496,0.7152225,0.30641538,0.17727304,0.48923936,0.49610627740621566,0
SAOUHSC_00212,SAOUHSC_00213,-1,0.7432466,0.8508618,0.7999486,0.8762222,0.81324166,0.901854,0.6345156,0.9280974,0.8677368,0.95373714,0.836946177482605,1
SAOUHSC_00213,SAOUHSC_00214,-1,0.9914054,0.98552215,0.98336923,0.9791105,0.97485596,0.9931907,0.9869818,0.986523,0.9794091,0.9875161,0.9847883939743042,1
SAOUHSC_00214,SAOUHSC_00215,-1,0.94782716,0.93362546,0.9683724,0.9882516,0.90668184,0.9662043,0.84329027,0.90356696,0.9609359,0.9417716,0.9360527515411377,1
SAOUHSC_00215,SAOUHSC_00216,-1,0.7879932,0.8505128,0.8495399,0.9214753,0.86556035,0.86801255,0.7982016,0.77779937,0.89603317,0.9026556,0.851778382062912,1
SAOUHSC_00216,SAOUHSC_00217,-1,0.984605,0.92806906,0.973053,0.9596684,0.93789685,0.95524883,0.9790374,0.97025895,0.9760153,0.96136147,0.9625214278697968,1
SAOUHSC_00217,SAOUHSC_00218,-1,0.9881237,0.93293315,0.9881926,0.96237653,0.9112769,0.9745804,0.993954,0.966911,0.9374307,0.9769717,0.9632750689983368,1
SAOUHSC_00218,SAOUHSC_00219,-1,0.9622135,0.9672543,0.9641274,0.98214805,0.8975737,0.9360303,0.97872776,0.9771065,0.94734013,0.97674674,0.9589268445968628,1
SAOUHSC_00219,SAOUHSC_00220,-1,0.093627855,0.106123716,0.091286525,0.030016854,0.11303931,0.12110929,0.1134609,0.09316409,0.06632779,0.031833347,0.08599896691739559,0
SAOUHSC_00220,SAOUHSC_00221,-1,0.98712105,0.973455,0.9712949,0.9731874,0.95138586,0.9919207,0.96896595,0.981052,0.9823086,0.9835302,0.9764221668243408,1
SAOUHSC_00221,SAOUHSC_00222,-1,0.84369624,0.90009874,0.95434403,0.95267045,0.8735225,0.8912564,0.90901905,0.904802,0.92086744,0.8970928,0.9047369718551636,1
SAOUHSC_00222,SAOUHSC_00223,-1,0.3969894,0.14273146,0.47546893,0.05516239,0.20255908,0.3333878,0.33945358,0.20498778,0.18146865,0.21241972,0.2544628787785769,0
SAOUHSC_00223,ispD,-1,0.5605915,0.65527743,0.77892053,0.39828882,0.53323364,0.5825024,0.48458302,0.4153248,0.22129908,0.4475519,0.5077573180198669,1
ispD,SAOUHSC_00226,-1,0.987081,0.9706922,0.9698778,0.9722108,0.94953424,0.99097764,0.96284175,0.97983354,0.9823572,0.98270524,0.9748111426830292,1
SAOUHSC_00226,SAOUHSC_00227,-1,0.9916142,0.9813458,0.9953489,0.99103224,0.9744141,0.97789687,0.9929151,0.9918506,0.98496056,0.9895868,0.9870965123176575,1
SAOUHSC_00227,SAOUHSC_00228,-1,0.99195254,0.98948044,0.99202025,0.988422,0.9742859,0.98342025,0.9980984,0.9895445,0.98127633,0.99109113,0.9879591703414917,1
SAOUHSC_00228,SAOUHSC_00229,-1,0.7342243,0.7922103,0.91370344,0.3242733,0.6107553,0.7848071,0.6796118,0.44995472,0.34131587,0.58934915,0.6220205277204514,1
SAOUHSC_00229,SAOUHSC_00230,-1,0.50528884,0.33825082,0.70579314,0.13873006,0.24849297,0.39602613,0.47567484,0.18207839,0.11924546,0.3003568,0.3409937463700771,0
SAOUHSC_00230,SAOUHSC_00231,-1,0.99055856,0.9901105,0.98635703,0.98964417,0.97135353,0.9860568,0.99657017,0.98104364,0.9867776,0.99011505,0.986858707666397,1
SAOUHSC_00231,SAOUHSC_00232,-1,0.61221486,0.5791404,0.50440294,0.35095343,0.4846754,0.52851623,0.2380055,0.49419624,0.48427194,0.5523772,0.482875420153141,0
SAOUHSC_00232,SAOUHSC_00233,-1,0.9870225,0.96986896,0.96823055,0.97245663,0.95108515,0.9898167,0.96357465,0.9804291,0.9824072,0.98298895,0.9747880458831787,1
SAOUHSC_00233,SAOUHSC_00235,-1,0.020383956,0.02206749,0.015805028,0.0026569837,0.014795344,0.06458415,0.028565593,0.02106725,0.02583821,0.0156155005,0.023137950571253896,0
SAOUHSC_00235,SAOUHSC_00236,-1,0.9897012,0.9859596,0.9917479,0.99175715,0.9730605,0.9749516,0.9979831,0.989051,0.9781452,0.9885996,0.9860956847667695,1
SAOUHSC_00236,SAOUHSC_00238,-1,0.122363046,0.054029346,0.008967239,0.04263201,0.103810124,0.22432554,0.107751496,0.05411041,0.11609199,0.03780422,0.08718854188919067,0
SAOUHSC_00238,SAOUHSC_00243,-1,6.250339e-05,0.00020185517,5.965873e-05,0.00036187403,0.0008462932,0.0031096456,0.00010270656,0.0001424976,0.0005052111,7.7939745e-05,0.0005470185100421076,0
SAOUHSC_00243,SAOUHSC_00244,-1,0.6325646,0.7316708,0.5200717,0.476252,0.51778895,0.68525004,0.64677656,0.7402083,0.5697642,0.89347285,0.6413819998502731,1
SAOUHSC_00244,SAOUHSC_00247,-1,0.033040654,0.020707358,0.045520183,0.10022999,0.039251305,0.077834,0.09544142,0.051426042,0.015236653,0.018147629,0.049683524295687675,0
SAOUHSC_00247,SAOUHSC_00248,-1,0.6929753,0.6117283,0.68245596,0.7223796,0.6390576,0.7342622,0.55318403,0.7591465,0.5859919,0.91145754,0.6892638981342316,1
SAOUHSC_00248,SAOUHSC_00254,-1,0.002269786,0.010571785,0.0024660998,0.0012209204,0.0019556372,0.016474996,0.002719822,0.0024153271,0.003449302,0.0012519421,0.00447956178104505,0
SAOUHSC_00254,SAOUHSC_00255,-1,0.94989884,0.93984336,0.96880144,0.9894845,0.9085434,0.9116363,0.93991834,0.89932215,0.9267481,0.9746457,0.9408842086791992,1
SAOUHSC_00255,SAOUHSC_00257,-1,0.0026679868,0.027073603,0.02462298,0.004351372,0.007983122,0.012964603,0.017588448,0.008196256,0.0030358545,0.004708098,0.011319232312962413,0
SAOUHSC_00257,SAOUHSC_00258,-1,0.9459841,0.5253532,0.88327384,0.22432813,0.4118443,0.35334906,0.4145125,0.4227731,0.3020676,0.48216185,0.49656476974487307,0
SAOUHSC_00258,SAOUHSC_00259,-1,0.99025065,0.9867989,0.98326516,0.97836155,0.9740928,0.9924709,0.9862147,0.98561,0.9758093,0.9868651,0.9839739024639129,1
SAOUHSC_00259,SAOUHSC_00260,-1,0.99207443,0.9838771,0.9827267,0.9826659,0.9747829,0.9947416,0.9872407,0.98801494,0.9831839,0.9888105,0.9858118653297424,1
SAOUHSC_00260,SAOUHSC_00261,-1,0.9827726,0.98307884,0.9927068,0.9821108,0.97377765,0.9687908,0.9523191,0.97951245,0.97968554,0.9791561,0.9773910641670227,1
SAOUHSC_00261,SAOUHSC_00262,-1,0.8950319,0.9085614,0.87345225,0.82489544,0.85867,0.88148135,0.83786535,0.8601494,0.9221638,0.9190888,0.8781359672546387,1
SAOUHSC_00262,SAOUHSC_00264,-1,0.9723602,0.9405188,0.94964516,0.95812774,0.9497128,0.9505599,0.9841804,0.8227252,0.9322758,0.92478365,0.9384889602661133,1
SAOUHSC_00264,SAOUHSC_00265,-1,0.9678099,0.9348195,0.87263393,0.9505699,0.9221203,0.9222079,0.82287306,0.90479827,0.9522005,0.91261744,0.916265070438385,1
SAOUHSC_00265,SAOUHSC_00266,-1,0.9884505,0.98485327,0.98190415,0.9842859,0.9693852,0.9954344,0.98313904,0.9880817,0.98443323,0.9890122,0.9848979592323304,1
SAOUHSC_00266,SAOUHSC_00267,-1,0.9920736,0.98389375,0.9824736,0.98126733,0.97461534,0.99424905,0.98702854,0.9874292,0.9824691,0.98837215,0.9853871643543244,1
SAOUHSC_00267,SAOUHSC_00268,-1,0.976432,0.97209644,0.9590372,0.9799787,0.9432705,0.9503948,0.97717446,0.966455,0.94711995,0.9670969,0.9639055967330933,1
SAOUHSC_00268,SAOUHSC_00269,-1,0.97319084,0.9167534,0.87555933,0.9370791,0.839872,0.9229288,0.8822313,0.9323039,0.88719,0.933541,0.9100649654865265,1
SAOUHSC_00269,SAOUHSC_00270,-1,0.33285514,0.2130291,0.29758814,0.09475224,0.17287,0.43888965,0.31662723,0.23220146,0.16724966,0.2913582,0.25574208199977877,0
SAOUHSC_00270,SAOUHSC_00271,-1,0.9051835,0.95510375,0.95098984,0.98434865,0.92054784,0.9813805,0.9751422,0.94243044,0.95985967,0.97417533,0.9549161732196808,1
SAOUHSC_00271,SAOUHSC_00272,-1,0.6113848,0.75670314,0.8163453,0.69416416,0.74451447,0.78472894,0.78699434,0.7580846,0.44658592,0.4534241,0.685292974114418,1
SAOUHSC_00272,SAOUHSC_00274,-1,0.30501977,0.22584645,0.26829222,0.11029327,0.2770499,0.5340786,0.25027508,0.24304256,0.23515157,0.36206484,0.28111142516136167,0
SAOUHSC_00274,SAOUHSC_00275,-1,0.99125975,0.99018127,0.98618364,0.99164045,0.9793862,0.98783666,0.99662954,0.9741522,0.9834862,0.990006,0.9870761930942535,1
SAOUHSC_00275,SAOUHSC_00276,-1,0.9835091,0.98165303,0.9892433,0.99028987,0.9707978,0.98446774,0.9969657,0.9737435,0.9809506,0.9640035,0.9815624177455902,1
SAOUHSC_00276,SAOUHSC_00277,-1,0.99338156,0.9927004,0.9790608,0.9891768,0.9815656,0.99384266,0.99665135,0.9829862,0.98562413,0.98885906,0.9883848607540131,1
SAOUHSC_00277,SAOUHSC_00278,-1,0.9899559,0.9920368,0.9945756,0.99640894,0.9806662,0.98207873,0.99695927,0.989944,0.9627657,0.9812046,0.9866595804691315,1
SAOUHSC_00278,SAOUHSC_00279,-1,0.03587634,0.12166985,0.15060201,0.053995162,0.08840324,0.104084216,0.3744581,0.097272985,0.03520006,0.02337721,0.10849391818046569,0
SAOUHSC_00279,SAOUHSC_00280,-1,0.4313696,0.38960162,0.42809156,0.28430048,0.4971836,0.602397,0.45030478,0.51743346,0.49047342,0.49996173,0.4591117262840271,0
SAOUHSC_00280,SAOUHSC_00284,-1,0.00018995472,0.00065056066,0.0004042487,0.00024058967,0.00084918056,0.003105418,0.0002283871,0.00027648982,0.00049007457,9.782345e-05,0.000653272732597543,0
SAOUHSC_00284,SAOUHSC_00285,-1,0.60098827,0.6240145,0.49974987,0.43153495,0.4952927,0.63486356,0.5011659,0.5878314,0.53193706,0.7105622,0.5617940425872803,1
SAOUHSC_00285,SAOUHSC_00287,-1,0.989654,0.9835089,0.97899747,0.9887267,0.96798676,0.97641057,0.9957059,0.9778693,0.97723365,0.9879692,0.9824062407016754,1
SAOUHSC_00287,SAOUHSC_00290,-1,0.77989393,0.4927017,0.74911046,0.13196227,0.39890423,0.6455435,0.40769252,0.4547464,0.33670923,0.38362104,0.47808853089809417,0
SAOUHSC_00290,SAOUHSC_00291,-1,0.4045833,0.21845573,0.61506146,0.068718605,0.231518,0.42808142,0.48255262,0.15601094,0.08495505,0.17029405,0.28602311834692956,0
SAOUHSC_00291,SAOUHSC_00292,-1,0.99165845,0.98374915,0.98226213,0.98329854,0.97381026,0.9950357,0.9866414,0.98814493,0.9836364,0.98895794,0.9857194900512696,1
SAOUHSC_00292,SAOUHSC_00293,-1,0.9885348,0.9861298,0.9891459,0.98865867,0.9674323,0.9731268,0.986715,0.98583084,0.9765316,0.98731107,0.9829416871070862,1
SAOUHSC_00293,SAOUHSC_00296,-1,0.034878712,0.027859941,0.011530784,0.018365564,0.06851749,0.12107243,0.04143615,0.012853767,0.067079134,0.005931016,0.04095249865204096,0
SAOUHSC_00296,SAOUHSC_00298,-1,0.0015966302,0.0031052586,0.0010685613,0.0014552431,0.0048407693,0.0118567515,0.0018895945,0.0023995487,0.003828584,0.0006284761,0.003266941726906225,0
SAOUHSC_00298,SAOUHSC_00300,-1,0.12097839,0.18917625,0.13130155,0.18865238,0.08255351,0.33536908,0.09224358,0.22202587,0.017928155,0.10879133,0.14890201035887002,0
SAOUHSC_00300,SAOUHSC_00303,-1,0.023427226,0.013042982,0.009714749,0.00043887884,0.010778964,0.05779539,0.025594428,0.032552436,0.018739352,0.0026493173,0.01947337224264629,0
SAOUHSC_00303,SAOUHSC_00304,-1,0.57881373,0.60789615,0.44634327,0.5001242,0.5634516,0.6300978,0.51719725,0.7054664,0.6520975,0.8251018,0.6026589721441269,1
SAOUHSC_00304,SAOUHSC_00305,-1,0.9715925,0.9736001,0.9970562,0.99727535,0.9498545,0.96693724,0.977007,0.9209732,0.95305103,0.9488873,0.9656234323978424,1
SAOUHSC_00305,SAOUHSC_00306,-1,0.9873432,0.98414177,0.9807017,0.983307,0.9660966,0.9950331,0.98030275,0.98737764,0.9841628,0.988437,0.9836903512477875,1
SAOUHSC_00306,SAOUHSC_00307,-1,0.99033624,0.982268,0.98069334,0.9819625,0.9697535,0.9947996,0.98401165,0.9871542,0.9837259,0.98843616,0.9843141078948975,1
SAOUHSC_00307,SAOUHSC_00308,-1,0.9908785,0.983086,0.98139924,0.9828933,0.97154754,0.9949666,0.98511875,0.9878368,0.98388904,0.98875755,0.9850373327732086,1
SAOUHSC_00308,SAOUHSC_00309,-1,0.4289817,0.45537236,0.29593503,0.13510647,0.3368332,0.33099705,0.16773522,0.41311738,0.21259403,0.4081591,0.31848315596580506,0
SAOUHSC_00309,SAOUHSC_00314,-1,0.0020960264,0.009130908,0.0045194966,0.00082773285,0.001976833,0.0064349617,0.006659033,0.0038995906,0.0026877108,0.0022972485,0.0040529541322030125,0
SAOUHSC_00314,SAOUHSC_00315,-1,0.86634195,0.6032531,0.8068625,0.23167351,0.57758635,0.7035917,0.74079853,0.61370087,0.4347988,0.73774564,0.6316352963447571,1
SAOUHSC_00315,SAOUHSC_00316,-1,0.9111352,0.92778105,0.96159416,0.9453825,0.904912,0.96799994,0.95713496,0.8575964,0.9141594,0.9444566,0.9292152166366577,1
SAOUHSC_00316,SAOUHSC_00318,-1,0.012999722,0.020256715,0.10156542,0.025671294,0.021161905,0.05694354,0.0145579865,0.010097949,0.009350987,0.009035509,0.02816410269588232,0
SAOUHSC_00318,SAOUHSC_00319,-1,0.9882447,0.98032784,0.9845884,0.9885184,0.9626625,0.9710288,0.99743503,0.9768745,0.9754914,0.9894363,0.9814607918262481,1
SAOUHSC_00319,SAOUHSC_00320,-1,0.99116343,0.96519244,0.9861162,0.9864455,0.980532,0.9778843,0.99698055,0.98109686,0.98071957,0.9751659,0.9821296691894531,1
SAOUHSC_00320,SAOUHSC_00323,-1,0.031484198,0.03742938,0.007305088,0.005506787,0.04400415,0.103907876,0.00963717,0.021006279,0.033116028,0.007098687,0.030049564223736523,0
SAOUHSC_00323,SAOUHSC_00324,-1,0.97150344,0.9249499,0.95356005,0.97554696,0.92613363,0.94963044,0.9700936,0.9641818,0.9613802,0.97821516,0.9575195133686065,1
SAOUHSC_00324,SAOUHSC_00325,-1,0.30862287,0.27445138,0.5407724,0.16058616,0.22134216,0.33288434,0.5164678,0.26103893,0.10504293,0.22463341,0.29458423629403113,0
SAOUHSC_00325,SAOUHSC_00326,-1,0.99018705,0.98412967,0.9816816,0.98391604,0.9714397,0.99532586,0.9848124,0.9880745,0.9841919,0.9889952,0.985275387763977,1
SAOUHSC_00326,SAOUHSC_00327,-1,0.9491213,0.9497429,0.98132795,0.9653125,0.9443724,0.96502244,0.9921583,0.9595518,0.96523696,0.9440564,0.9615902960300445,1
SAOUHSC_00327,SAOUHSC_00331,-1,0.0011334966,0.0018484339,0.0009593017,0.0049712164,0.0023259248,0.011108517,0.00047486086,0.0015293356,0.0023198307,0.0006754207,0.0027346338058123363,0
SAOUHSC_00331,SAOUHSC_00332,-1,0.9836898,0.9822209,0.9773563,0.9794096,0.95824254,0.9934707,0.9723262,0.98502266,0.98352873,0.98714435,0.9802411794662476,1
SAOUHSC_00332,SAOUHSC_00333,-1,0.95482504,0.96553266,0.9906577,0.9881482,0.9643755,0.9741528,0.9953685,0.9592727,0.9558623,0.9678976,0.9716092944145203,1
SAOUHSC_00333,SAOUHSC_00334,-1,0.99013746,0.97705066,0.9744174,0.9760146,0.9627688,0.99217993,0.9765411,0.98295724,0.98229694,0.98551613,0.9799880266189576,1
SAOUHSC_00334,SAOUHSC_00336,-1,0.016269231,0.06260808,0.07082966,0.009817574,0.015984457,0.024058692,0.02392295,0.030002462,0.007130923,0.009784716,0.027040874352678657,0
SAOUHSC_00336,SAOUHSC_00342,-1,0.00033566082,0.0037648126,0.0023875718,0.0003287779,0.00053940126,0.001574619,0.0009893974,0.00073287525,0.0014425559,0.00033777105,0.0012433443043846637,0
SAOUHSC_00342,SAOUHSC_00344,-1,0.60797495,0.59064084,0.8485421,0.3317133,0.69520533,0.64335287,0.7229152,0.54952407,0.46038067,0.60259163,0.6052840918302536,1
SAOUHSC_00344,SAOUHSC_00345,-1,0.96374774,0.98127776,0.9796807,0.99020225,0.9536757,0.967778,0.9889741,0.95406336,0.9649046,0.97777504,0.9722079277038574,1
SAOUHSC_00345,SAOUHSC_00346,-1,0.9830234,0.9792335,0.9927439,0.99587464,0.9735001,0.96247804,0.9967651,0.99095875,0.9681943,0.9908987,0.9833670437335968,1
SAOUHSC_00346,rpsF,-1,0.32479134,0.52906835,0.49175766,0.20071708,0.18244386,0.47219497,0.26061103,0.60207844,0.07798838,0.23792477,0.33795758709311485,0
rpsF,SAOUHSC_00349,-1,0.98574525,0.9856689,0.98816115,0.98325014,0.9629818,0.98252183,0.98944575,0.9742305,0.98295724,0.9917188,0.9826681435108184,1
SAOUHSC_00349,rpsR,-1,0.69192374,0.73432994,0.97556806,0.67974806,0.66674805,0.70934045,0.88977176,0.5522145,0.55296963,0.67269224,0.712530642747879,1
rpsR,SAOUHSC_00354,-1,0.004814724,0.014736448,0.01816498,0.0017042706,0.002178727,0.012441308,0.008884211,0.0046084737,0.002065597,0.0023692325,0.007196797186043114,0
SAOUHSC_00354,SAOUHSC_00355,-1,0.29028025,0.35006133,0.5723075,0.18575726,0.21580808,0.683553,0.6368346,0.36151433,0.048851576,0.26825798,0.3613225933164358,0
SAOUHSC_00355,SAOUHSC_00356,-1,0.2794924,0.3830102,0.2895651,0.10248047,0.28783715,0.31887645,0.36130714,0.40986472,0.1772482,0.37811616,0.2987797990441322,0
SAOUHSC_00356,SAOUHSC_00358,-1,0.09371985,0.428632,0.6344895,0.17731415,0.07665096,0.26227778,0.33169717,0.24190837,0.011712228,0.053003933,0.23114059055224062,0
SAOUHSC_00358,SAOUHSC_00359,-1,0.2004878,0.33040065,0.555626,0.08125019,0.1272926,0.40774715,0.50012875,0.18727997,0.026148105,0.17103632,0.25873975101858376,0
SAOUHSC_00359,SAOUHSC_00366,-1,0.0001488578,0.00063707004,0.00021308432,0.000108671906,0.0006734456,0.001975492,0.00013818755,0.00026704706,0.0004114729,4.128261e-05,0.00046146118656906763,0
SAOUHSC_00366,SAOUHSC_00368,-1,0.004434156,0.0077006007,0.0012697708,0.001787678,0.0029305816,0.02750211,0.0029386824,0.002387582,0.011101683,0.0011155449,0.0063168389606289566,0
SAOUHSC_00368,SAOUHSC_00372,-1,0.00011251388,0.00085573347,0.00053573126,6.8401074e-05,0.0005393586,0.0012498677,0.00014318054,0.00028603149,0.00055269327,2.5913505e-05,0.00043694247942767107,0
SAOUHSC_00372,SAOUHSC_00373,-1,0.98379207,0.9662577,0.96565706,0.96645486,0.943391,0.9892656,0.95455205,0.9770773,0.98156786,0.9809625,0.9708978056907653,1
SAOUHSC_00373,SAOUHSC_00374,-1,0.97707194,0.9480965,0.9603395,0.9470348,0.9494211,0.9484254,0.9728669,0.96629333,0.9682791,0.95673823,0.9594566822052002,1
SAOUHSC_00374,guaA,-1,0.9913543,0.98994607,0.98857224,0.9863065,0.96962637,0.98860973,0.996689,0.9836393,0.9846548,0.9891268,0.9868525087833404,1
guaA,SAOUHSC_00383,-1,0.020526724,0.069396034,0.07455683,0.00951075,0.010456854,0.051024426,0.034948997,0.033079606,0.0057492997,0.0045833304,0.03138328474014997,0
SAOUHSC_00383,SAOUHSC_00384,-1,0.23713031,0.15377586,0.15947682,0.049646698,0.18719347,0.39266655,0.31595436,0.18702613,0.11180301,0.3353493,0.21300224885344504,0
SAOUHSC_00384,SAOUHSC_00386,-1,0.2411054,0.3248905,0.1854167,0.038969975,0.15997411,0.3014324,0.27019423,0.15085326,0.24641448,0.14674577,0.20659968219697475,0
SAOUHSC_00386,SAOUHSC_00387,-1,0.41702163,0.40296894,0.68045616,0.2128508,0.2762279,0.628666,0.5439445,0.3479744,0.21349737,0.49542943,0.42190370708703995,0
SAOUHSC_00387,SAOUHSC_00389,-1,0.43449017,0.4942593,0.34191105,0.13147628,0.33786213,0.5164093,0.27921855,0.59639835,0.42174518,0.5251736,0.4078943908214569,0
SAOUHSC_00389,SAOUHSC_00390,-1,0.18644227,0.20874365,0.14261869,0.09077511,0.10588105,0.25696957,0.16721721,0.11830465,0.06531556,0.19570261,0.15379703640937806,0
SAOUHSC_00390,SAOUHSC_00391,-1,0.20208305,0.23777406,0.3170925,0.1477634,0.19850019,0.12956573,0.27117148,0.16413161,0.043802347,0.094900295,0.18067846707999707,0
SAOUHSC_00391,SAOUHSC_00392,-1,0.24619031,0.4156139,0.24981625,0.11024943,0.18767023,0.34172118,0.29256427,0.55031866,0.12811634,0.2337356,0.27559961676597594,0
SAOUHSC_00392,SAOUHSC_00393,-1,0.1491696,0.10160424,0.14617394,0.02195047,0.06955756,0.25909197,0.17610063,0.1300257,0.0788543,0.2790751,0.14116034898906946,0
SAOUHSC_00393,SAOUHSC_00394,-1,0.17569868,0.26774716,0.6731587,0.010419163,0.13550563,0.26160455,0.44172698,0.20594092,0.07020014,0.272434,0.25144359273836014,0
SAOUHSC_00394,SAOUHSC_00395,-1,0.108285226,0.28374302,0.35423377,0.29190782,0.2044601,0.1873544,0.366133,0.28089777,0.10562536,0.2391405,0.2421780966222286,0
SAOUHSC_00395,SAOUHSC_00397,-1,0.30636424,0.42337042,0.29146653,0.1522314,0.2108562,0.37931678,0.29649696,0.4055185,0.23394974,0.42274356,0.3122314319014549,0
SAOUHSC_00397,SAOUHSC_00398,-1,0.98990786,0.9772072,0.97634697,0.97577775,0.96302325,0.9932031,0.9777973,0.9822491,0.98208094,0.98657817,0.9804171621799469,1
SAOUHSC_00398,SAOUHSC_00399,-1,0.35201752,0.56691474,0.67942667,0.18132684,0.33892936,0.36421084,0.71507365,0.5137148,0.16556153,0.22788595,0.4105061873793602,0
SAOUHSC_00399,SAOUHSC_00400,-1,0.9762873,0.9491659,0.9691991,0.9703786,0.93678534,0.93715143,0.9262521,0.9563384,0.9608564,0.9680989,0.9550513446331024,1
SAOUHSC_00400,SAOUHSC_00402,-1,0.08294303,0.102951504,0.10123812,0.008515385,0.0431097,0.14619766,0.045608904,0.028509183,0.025272239,0.04263958,0.06269853031262755,0
SAOUHSC_00402,SAOUHSC_00404,-1,0.9513763,0.96065384,0.97568387,0.98438627,0.9406771,0.96197766,0.9898793,0.95039606,0.9656372,0.94730353,0.9627971172332763,1
SAOUHSC_00404,SAOUHSC_00405,-1,0.64440036,0.71611077,0.9291824,0.7077622,0.6936872,0.78564763,0.8116911,0.6133317,0.26420224,0.5630693,0.6729084849357605,1
SAOUHSC_00405,SAOUHSC_00406,-1,0.9888365,0.98323536,0.97976685,0.98255295,0.9675699,0.9948411,0.981326,0.98705935,0.98403066,0.98832655,0.9837545216083526,1
SAOUHSC_00406,SAOUHSC_00407,-1,0.9911391,0.9843184,0.9817803,0.97776306,0.9723697,0.99289036,0.98579955,0.98557514,0.97958416,0.9871156,0.9838335335254669,1
SAOUHSC_00407,SAOUHSC_00408,-1,0.96558875,0.98227185,0.9858694,0.9902111,0.9786418,0.9769358,0.9891724,0.98464155,0.9768989,0.96080375,0.9791035354137421,1
SAOUHSC_00408,SAOUHSC_00410,-1,0.11185033,0.07349409,0.18300208,0.015180265,0.03780136,0.21735612,0.028252428,0.04049249,0.073693186,0.0070935735,0.07882159217260779,0
SAOUHSC_00410,SAOUHSC_00411,-1,0.67233825,0.72989017,0.8331994,0.94408906,0.6201203,0.7740445,0.69990987,0.7225673,0.7860063,0.60682315,0.7388988256454467,1
SAOUHSC_00411,SAOUHSC_00412,-1,0.0010634926,0.0036134904,0.0027557898,0.00041703897,0.0017003404,0.0057190126,0.0016676044,0.0018104463,0.0031785392,0.00024993665,0.002217569132335484,0
SAOUHSC_00412,SAOUHSC_00413,-1,0.9840512,0.97515345,0.97834146,0.98249006,0.94048315,0.9675345,0.9902875,0.97130394,0.9773399,0.9905927,0.9757577896118164,1
SAOUHSC_00413,SAOUHSC_00414,-1,0.7242087,0.75902504,0.8113649,0.8042132,0.7844298,0.88296235,0.8826034,0.69673824,0.7160585,0.8634618,0.7925065934658051,1
SAOUHSC_00414,SAOUHSC_00416,-1,0.047361944,0.078565374,0.041262075,0.020613683,0.027115071,0.1781467,0.05316092,0.046425804,0.019421889,0.051466897,0.05635403636842966,0
SAOUHSC_00416,SAOUHSC_00417,-1,0.9694813,0.9836986,0.97609353,0.9935846,0.9742325,0.98515964,0.99233013,0.9655386,0.9813186,0.98010933,0.9801546812057496,1
SAOUHSC_00417,SAOUHSC_00418,-1,0.4403927,0.44713616,0.68200797,0.18836081,0.47007972,0.64618,0.43954697,0.43762526,0.13339296,0.28310636,0.41678288877010344,0
SAOUHSC_00418,SAOUHSC_00420,-1,0.6290227,0.7464024,0.63137704,0.82434434,0.6393354,0.8350027,0.69810945,0.86678654,0.7764103,0.9066867,0.7553477585315704,1
SAOUHSC_00420,SAOUHSC_00421,-1,0.7832209,0.5121918,0.76528513,0.15669918,0.47552663,0.7774665,0.5501485,0.4631469,0.44234604,0.40485737,0.5330888867378235,1
SAOUHSC_00421,SAOUHSC_00422,-1,0.9906943,0.9840246,0.9819167,0.9839347,0.9722585,0.99529195,0.98543215,0.98820937,0.9841359,0.989044,0.9854942202568054,1
SAOUHSC_00422,SAOUHSC_00423,-1,0.63728905,0.5882136,0.7585915,0.26950508,0.43924758,0.5317461,0.66028744,0.452067,0.23333684,0.16632988,0.4736614033579826,0
SAOUHSC_00423,SAOUHSC_00424,-1,0.99253815,0.99206376,0.99184424,0.99370986,0.9881442,0.9908698,0.99672306,0.9851823,0.99011046,0.9927342,0.9913920044898987,1
SAOUHSC_00424,SAOUHSC_00426,-1,0.96620333,0.9690375,0.9872675,0.98936677,0.9530407,0.9542111,0.98835117,0.97022295,0.9581351,0.98767936,0.9723515510559082,1
SAOUHSC_00426,SAOUHSC_00427,-1,0.6417488,0.73401743,0.60138273,0.37636554,0.5037385,0.6249818,0.2989328,0.69405323,0.618374,0.43636513,0.5529959976673127,1
SAOUHSC_00427,SAOUHSC_00429,-1,0.091157,0.037952565,0.102058455,0.015917696,0.052681964,0.15855965,0.078746386,0.027389364,0.07430781,0.022343723,0.06611146070063115,0
SAOUHSC_00429,SAOUHSC_00430,-1,0.9895688,0.98035204,0.97622883,0.9794824,0.9650254,0.99382865,0.9790132,0.98482364,0.9830153,0.98698026,0.9818318605422973,1
SAOUHSC_00430,SAOUHSC_00435,-1,0.035749666,0.12511738,0.062254623,0.037613396,0.020826139,0.09560029,0.021415742,0.023522831,0.032100834,0.027226903,0.04814278017729521,0
SAOUHSC_00435,gltD,-1,0.9869184,0.9817071,0.9756741,0.9818967,0.96151984,0.9875813,0.98378915,0.95309013,0.9816048,0.98193157,0.9775713086128235,1
gltD,SAOUHSC_T00048,-1,0.26636815,0.13838494,0.19732337,0.08266639,0.18873923,0.46725374,0.15611069,0.22008447,0.12546663,0.13632731,0.19787249192595482,0
SAOUHSC_T00048,SAOUHSC_00437,-1,0.9151947,0.84651464,0.41389507,0.31092453,0.5210155,0.78592044,0.38534215,0.9186032,0.80626863,0.3119408,0.6215619653463363,1
SAOUHSC_00437,SAOUHSC_00438,-1,0.97834414,0.8238586,0.973543,0.9630469,0.826546,0.8691773,0.97351795,0.8917395,0.89820695,0.8465794,0.9044559717178344,1
SAOUHSC_00438,SAOUHSC_00439,-1,0.9880793,0.9918616,0.9890474,0.9881511,0.9817295,0.98379993,0.9956175,0.98261034,0.98535204,0.9895096,0.9875758290290833,1
SAOUHSC_00439,SAOUHSC_00440,-1,0.0030885937,0.009463643,0.003432485,0.0041541145,0.017766325,0.018072767,0.0038005672,0.0047043143,0.004899818,0.0020940278,0.007147665531374514,0
SAOUHSC_00440,SAOUHSC_00441,-1,0.14782174,0.25500724,0.21583842,0.1413154,0.18148743,0.28952652,0.13318887,0.27609414,0.19309317,0.24723116,0.2080604076385498,0
SAOUHSC_00441,SAOUHSC_00442,-1,0.7560064,0.8500555,0.82267743,0.84179544,0.803806,0.85243386,0.79344785,0.8726941,0.88479096,0.8648772,0.8342584788799285,1
SAOUHSC_00442,SAOUHSC_00444,-1,0.80504173,0.9023198,0.9570044,0.94217616,0.8875806,0.88222784,0.92008364,0.8212991,0.73036236,0.95738024,0.8805475831031799,1
SAOUHSC_00444,recR,-1,0.9910849,0.992251,0.9791115,0.9908725,0.9760421,0.9901672,0.9961035,0.9838884,0.9896469,0.9886531,0.987782108783722,1
recR,SAOUHSC_00446,-1,0.110106714,0.13258283,0.124808714,0.048540093,0.051151328,0.19173998,0.16744666,0.12883395,0.028258465,0.09091335,0.10743820741772651,0
SAOUHSC_00446,SAOUHSC_R0001,-1,0.090045206,0.33667412,0.49611554,0.084072255,0.31101933,0.19967353,0.17981924,0.14171748,0.061968904,0.093276,0.19943816103041173,0
SAOUHSC_R0001,SAOUHSC_R0006,-1,0.7101603,0.7327646,0.42004946,0.92463833,0.78690577,0.60394603,0.6425356,0.568914,0.83611447,0.3795597,0.6605588287115097,1
SAOUHSC_R0006,SAOUHSC_R00011,-1,0.89651656,0.9296089,0.9484252,0.88364637,0.8716239,0.9388919,0.89295745,0.83465004,0.8872772,0.9710301,0.9054627537727356,1
SAOUHSC_R00011,SAOUHSC_00450,-1,0.08825659,0.19633405,0.09856742,0.043002144,0.06810161,0.2037832,0.07870303,0.2494345,0.030363288,0.055226833,0.11117726601660252,0
SAOUHSC_00450,tmk,-1,0.9903549,0.9862033,0.9926584,0.99541885,0.96814954,0.97527957,0.9984032,0.98090166,0.9789916,0.9835694,0.984993040561676,1
tmk,SAOUHSC_00452,-1,0.8106484,0.8808778,0.7095263,0.8813236,0.7332407,0.8832593,0.62925994,0.8499018,0.8778559,0.77708477,0.8032978475093842,1
SAOUHSC_00452,SAOUHSC_00454,-1,0.095892824,0.090531535,0.1450677,0.07033567,0.08786692,0.11243213,0.093381636,0.0980369,0.05348853,0.050378088,0.08974119387567044,0
SAOUHSC_00454,SAOUHSC_00455,-1,0.98961115,0.97658277,0.9739101,0.976017,0.9611579,0.9925469,0.97423935,0.98239726,0.9825305,0.9855985,0.9794591426849365,1
SAOUHSC_00455,SAOUHSC_00456,-1,0.99118966,0.9934564,0.97930485,0.99311376,0.9795876,0.98873127,0.99399203,0.98405963,0.9837895,0.9849634,0.9872188150882721,1
SAOUHSC_00456,SAOUHSC_00457,-1,0.15735984,0.14971122,0.15408298,0.018785384,0.07888513,0.22698373,0.14776862,0.13865797,0.048077174,0.13428563,0.12545976750552654,0
SAOUHSC_00457,SAOUHSC_00458,-1,0.9917263,0.9839244,0.9816291,0.9791049,0.973352,0.99345773,0.98609436,0.98632884,0.98137724,0.98755956,0.9844554364681244,1
SAOUHSC_00458,SAOUHSC_00459,-1,0.98392826,0.9826313,0.9837494,0.9852755,0.9481592,0.9805167,0.98478746,0.9829007,0.98093736,0.99286085,0.9805746734142303,1
SAOUHSC_00459,SAOUHSC_00461,-1,0.69801676,0.60438234,0.47510645,0.4831407,0.65050876,0.64478564,0.34434193,0.59400606,0.6814499,0.6714417,0.5847180217504502,1
SAOUHSC_00461,SAOUHSC_00462,-1,0.9915291,0.99192864,0.9926406,0.9949944,0.9823845,0.9877669,0.99831396,0.9852617,0.9811887,0.99310607,0.9899114608764649,1
SAOUHSC_00462,SAOUHSC_00463,-1,0.5683305,0.5021536,0.8305651,0.3956015,0.5737425,0.7300781,0.76369816,0.71093214,0.26846826,0.532474,0.5876043856143951,1
SAOUHSC_00463,ksgA,-1,0.9917049,0.98401284,0.993793,0.99561965,0.9749256,0.98704207,0.99481195,0.98092985,0.9877209,0.98585296,0.9876413702964782,1
ksgA,SAOUHSC_00465,-1,0.5899879,0.62039566,0.76795053,0.46777102,0.6137287,0.5933049,0.56297016,0.5534882,0.37646165,0.62529254,0.5771351218223572,1
SAOUHSC_00465,ipk,-1,0.190621,0.44490993,0.6435296,0.071748465,0.36272684,0.3979504,0.6564163,0.29293063,0.10469524,0.19972306,0.336525147408247,0
ipk,SAOUHSC_00467,-1,0.96986896,0.9609421,0.95489836,0.98027635,0.94343805,0.951712,0.9643333,0.95525223,0.95802104,0.9675172,0.9606259584426879,1
SAOUHSC_00467,SAOUHSC_00468,-1,0.98554224,0.98705053,0.96333706,0.9914293,0.9688753,0.97590894,0.97926795,0.97410846,0.974636,0.9793298,0.9779485642910004,1
SAOUHSC_00468,SAOUHSC_00469,-1,0.6275325,0.68004876,0.7956023,0.56208044,0.6332954,0.6992363,0.5461605,0.46515924,0.54246783,0.6391275,0.619071078300476,1
SAOUHSC_00469,SAOUHSC_00470,-1,0.16962247,0.2786714,0.37281126,0.15805142,0.13393393,0.65321773,0.59319514,0.25937337,0.031366535,0.10932953,0.27595727890729904,0
SAOUHSC_00470,glmU,-1,0.8426656,0.7950735,0.63083965,0.53979737,0.5755791,0.74228096,0.2789788,0.8915861,0.82701594,0.7373584,0.6861175447702408,1
glmU,SAOUHSC_00472,-1,0.75514746,0.65847695,0.77370304,0.46810886,0.6632936,0.7930116,0.7707635,0.5168499,0.5505301,0.780259,0.6730143994092941,1
SAOUHSC_00472,SAOUHSC_00474,-1,0.8924485,0.8911149,0.85689485,0.9587517,0.8770953,0.9340771,0.9148054,0.81813735,0.8653876,0.96833915,0.8977051794528961,1
SAOUHSC_00474,SAOUHSC_00475,-1,0.49444577,0.3393643,0.55882484,0.111974105,0.28907362,0.6630701,0.67288417,0.39260215,0.09322904,0.29520583,0.3910673886537552,0
SAOUHSC_00475,SAOUHSC_00477,-1,0.9752647,0.9777345,0.9726463,0.97124326,0.9383112,0.98972434,0.9531466,0.9813262,0.98150945,0.9842269,0.972513347864151,1
SAOUHSC_00477,SAOUHSC_00479,-1,0.9907914,0.980055,0.97687525,0.9753511,0.9663247,0.99243754,0.9813036,0.9828672,0.98106027,0.98615825,0.981322419643402,1
SAOUHSC_00479,SAOUHSC_00480,-1,0.9906491,0.9780791,0.9774595,0.97655946,0.96789736,0.9930696,0.98231083,0.9849362,0.98250073,0.98701745,0.9820479273796081,1
SAOUHSC_00480,SAOUHSC_00481,-1,0.9890475,0.98074585,0.9748189,0.96905965,0.9622081,0.98961765,0.9778043,0.9787746,0.9784792,0.9837665,0.9784322261810303,1
SAOUHSC_00481,SAOUHSC_00482,-1,0.9788598,0.9847412,0.9872816,0.99473494,0.9783763,0.97357315,0.9960398,0.98183876,0.97467893,0.98808837,0.9838212907314301,1
SAOUHSC_00482,SAOUHSC_00483,-1,0.91216063,0.90664357,0.9542021,0.97303474,0.8690121,0.9460276,0.92547226,0.9478039,0.9364274,0.9531417,0.9323926031589508,1
SAOUHSC_00483,SAOUHSC_00484,-1,0.60842717,0.35995024,0.9050958,0.13355914,0.51751083,0.62963754,0.61873066,0.382445,0.23463172,0.51120996,0.49011980891227724,0
SAOUHSC_00484,SAOUHSC_00485,-1,0.9866257,0.97164017,0.9803805,0.99235755,0.9473976,0.96152663,0.9885288,0.97191215,0.9552357,0.9761155,0.9731720268726349,1
SAOUHSC_00485,SAOUHSC_00486,-1,0.49003172,0.5479179,0.3000801,0.22207896,0.47136006,0.48645443,0.302321,0.4559521,0.35596487,0.5399673,0.41721284240484235,0
SAOUHSC_00486,hslO,-1,0.77076906,0.55466104,0.6536704,0.11955517,0.5002485,0.644167,0.6618708,0.39475685,0.43419218,0.4679832,0.5201874129474163,1
hslO,SAOUHSC_00488,-1,0.697542,0.69676304,0.8022598,0.82576954,0.73665804,0.75369585,0.6593107,0.73185706,0.6698082,0.8660004,0.7439664661884308,1
SAOUHSC_00488,SAOUHSC_00489,-1,0.6172986,0.5087021,0.7041398,0.10484419,0.4146801,0.71306014,0.71021855,0.43234053,0.2765223,0.35968086,0.484148720651865,0
SAOUHSC_00489,SAOUHSC_00490,-1,0.9915512,0.9825177,0.98016506,0.9788768,0.971222,0.9936065,0.9848819,0.98575515,0.9817768,0.98750997,0.9837863087654114,1
SAOUHSC_00490,SAOUHSC_00491,-1,0.9893156,0.9795394,0.97537786,0.97905153,0.9636824,0.9934833,0.9768348,0.9844527,0.9831173,0.9866315,0.9811486423015594,1
SAOUHSC_00491,SAOUHSC_00492,-1,0.0268114,0.180798,0.03935121,0.016439933,0.073750615,0.15330358,0.087322205,0.04140438,0.037182726,0.06297524,0.07193392869085073,0
SAOUHSC_00492,lysS,-1,0.9117447,0.7826148,0.6004025,0.63416237,0.7925863,0.7650621,0.5159371,0.8496634,0.92064595,0.83742297,0.7610242187976837,1
lysS,SAOUHSC_R00016,-1,0.06469417,0.065930575,0.018188441,0.011546959,0.029140009,0.18905768,0.119936675,0.05335174,0.06576235,0.12765391,0.07452625120058656,0
SAOUHSC_R00016,SAOUHSC_T00059,-1,0.7152865,0.77153313,0.30110314,0.31081256,0.29603758,0.6374956,0.34656122,0.7527677,0.48693207,0.13686833,0.4755397796630859,0
SAOUHSC_T00059,SAOUHSC_T00053,-1,0.97082937,0.96005154,0.9718369,0.9842614,0.95195216,0.97165966,0.97913855,0.9577655,0.9548561,0.9837592,0.9686110436916351,1
SAOUHSC_T00053,SAOUHSC_T00035,-1,0.98545974,0.9855018,0.9863347,0.9879619,0.96868247,0.98675597,0.9837643,0.97406286,0.9816292,0.9910994,0.9831252336502075,1
SAOUHSC_T00035,SAOUHSC_T00021,-1,0.67169565,0.7844105,0.7720914,0.9414487,0.6926661,0.80789226,0.7139225,0.7616537,0.630265,0.8417053,0.7617751121520996,1
SAOUHSC_T00021,SAOUHSC_T00030,-1,0.9646594,0.96080905,0.97655225,0.9858487,0.9496192,0.9592392,0.9843541,0.964832,0.9590117,0.9872792,0.9692204713821411,1
SAOUHSC_T00030,SAOUHSC_T0004,-1,0.9867582,0.98333746,0.9795132,0.9884392,0.9739246,0.98501986,0.99519134,0.97864354,0.98552626,0.9914242,0.9847777843475342,1
SAOUHSC_T0004,SAOUHSC_T00044,-1,0.40972742,0.48635733,0.7974801,0.17974207,0.32994306,0.57459164,0.2764516,0.3515624,0.42069426,0.2157798,0.40423296838998796,0
SAOUHSC_T00044,SAOUHSC_T0001,-1,0.7590435,0.6926389,0.60780954,0.8439463,0.6130598,0.75127774,0.44078824,0.749099,0.64640343,0.8799379,0.6984004348516464,1
SAOUHSC_T0001,SAOUHSC_R0002,-1,0.72132814,0.6429808,0.51313704,0.9191384,0.71201855,0.6458677,0.8342741,0.31794277,0.50381416,0.72764903,0.6538150697946549,1
SAOUHSC_R0002,SAOUHSC_R0007,-1,0.92342997,0.8026536,0.7717702,0.9634808,0.8706364,0.7989723,0.8141172,0.6719494,0.8998253,0.5832588,0.8100093901157379,1
SAOUHSC_R0007,SAOUHSC_R00012,-1,0.89421386,0.9256377,0.94617504,0.8862173,0.86345726,0.9291285,0.87961304,0.8220495,0.8892316,0.96774423,0.9003468096256256,1
SAOUHSC_R00012,SAOUHSC_00499,-1,0.047001395,0.22250634,0.093345545,0.07180552,0.024876498,0.1690325,0.060664866,0.2299435,0.009580444,0.010721043,0.09394776551052927,0
SAOUHSC_00499,SAOUHSC_00500,-1,0.99201125,0.99045634,0.98401695,0.9920919,0.97433394,0.98832774,0.99407023,0.98315626,0.9844656,0.99026316,0.9873193383216858,1
SAOUHSC_00500,SAOUHSC_00502,-1,0.0047855307,0.008742238,0.006949693,0.00024026528,0.0034975605,0.018894942,0.0028432666,0.003276097,0.0074993363,0.0009308392,0.005765976931434125,0
SAOUHSC_00502,SAOUHSC_00503,-1,0.8961007,0.921198,0.9429918,0.976746,0.89657193,0.95988166,0.9387114,0.9103439,0.95320565,0.95017225,0.93459233045578,1
SAOUHSC_00503,SAOUHSC_00504,-1,0.9864456,0.97653306,0.9774633,0.9789339,0.9545077,0.99349976,0.9711101,0.98331684,0.9844681,0.98521185,0.9791490197181701,1
SAOUHSC_00504,SAOUHSC_00505,-1,0.98133147,0.9727405,0.9826306,0.9917663,0.94941175,0.96374625,0.9879878,0.9869818,0.9686978,0.9875288,0.9772823035717011,1
SAOUHSC_00505,SAOUHSC_00507,-1,0.33888564,0.2824246,0.23269238,0.09801075,0.16993411,0.526684,0.22952552,0.3049568,0.26982027,0.26355806,0.2716492101550102,0
SAOUHSC_00507,SAOUHSC_00508,-1,0.9831241,0.97666955,0.9906793,0.99178463,0.9588801,0.9888046,0.9948129,0.9820966,0.98498356,0.98691607,0.9838751435279847,1
SAOUHSC_00508,gltX,-1,0.25909832,0.33526903,0.72925985,0.11698058,0.21279548,0.311135,0.21221961,0.23177749,0.11121018,0.1700722,0.26898177415132524,0
gltX,SAOUHSC_00510,-1,0.9193249,0.9164391,0.7570114,0.8822942,0.840134,0.9659666,0.9509622,0.86482817,0.8957575,0.79011536,0.8782833397388459,1
SAOUHSC_00510,cysS,-1,0.98301214,0.9630049,0.96640694,0.96660763,0.9235247,0.98363495,0.9476512,0.9760514,0.98136365,0.97496486,0.9666222333908081,1
cysS,SAOUHSC_00512,-1,0.9841836,0.9698639,0.9649834,0.9630588,0.92396575,0.98201,0.9544766,0.96099913,0.97963786,0.97143996,0.9654619038105011,1
SAOUHSC_00512,SAOUHSC_00513,-1,0.9818733,0.9678077,0.9733751,0.98177594,0.935378,0.95413035,0.97757524,0.97967315,0.9678032,0.9823504,0.9701742351055145,1
SAOUHSC_00513,SAOUHSC_00514,-1,0.9879504,0.9744163,0.9693735,0.96976054,0.9422743,0.988973,0.9781214,0.97506183,0.9820898,0.97784674,0.9745867848396301,1
SAOUHSC_00514,SAOUHSC_00515,-1,0.83594626,0.8290138,0.88374346,0.84500337,0.8832045,0.89526516,0.9347582,0.83480126,0.7409434,0.9368053,0.8619484722614288,1
SAOUHSC_00515,secE,-1,0.32841828,0.4324201,0.31032157,0.24728416,0.38068324,0.62245226,0.53143513,0.25932118,0.45435932,0.41096765,0.3977662906050682,0
secE,SAOUHSC_00517,-1,0.95859325,0.92883813,0.9676174,0.9724601,0.91229784,0.9238547,0.9647224,0.94862044,0.95046693,0.9785252,0.9505996406078339,1
SAOUHSC_00517,rplK,-1,0.7772358,0.5967793,0.650443,0.9198045,0.7091544,0.8293563,0.77397376,0.7719227,0.7584667,0.92640287,0.771353942155838,1
rplK,rplA,-1,0.52953374,0.5761527,0.7039607,0.69273514,0.6496611,0.79152936,0.63703585,0.5169529,0.62004167,0.4164702,0.6134073346853256,1
rplA,rplJ,-1,0.38038114,0.5279597,0.5259482,0.22678366,0.49236658,0.5187782,0.772747,0.51376164,0.3410268,0.35107636,0.4650829315185547,0
rplJ,rplL,-1,0.82363707,0.8419203,0.96234804,0.6390943,0.8572719,0.8640104,0.87268835,0.595254,0.75526106,0.8160519,0.8027537345886231,1
rplL,SAOUHSC_00523,-1,0.5141496,0.46007967,0.780563,0.21690547,0.4190256,0.7242374,0.73868054,0.364059,0.12370963,0.41822898,0.4759638883173466,0
SAOUHSC_00523,rpoB,-1,0.84255624,0.73248625,0.5134368,0.6694549,0.7438834,0.73972976,0.3139564,0.6453017,0.8317889,0.70874685,0.6741341143846512,1
rpoB,SAOUHSC_00525,-1,0.90732896,0.93643844,0.95984095,0.9336109,0.8794893,0.94365865,0.966149,0.84518945,0.9626904,0.94414455,0.927854061126709,1
SAOUHSC_00525,SAOUHSC_00526,-1,0.7829488,0.51776445,0.74995583,0.4309261,0.3134775,0.6972343,0.6695876,0.32068813,0.20658787,0.17225243,0.486142298579216,0
SAOUHSC_00526,rpsL,-1,0.6073875,0.7009562,0.88944525,0.43577725,0.6215723,0.6818593,0.44091472,0.65269756,0.5255352,0.44399086,0.6000136196613312,1
rpsL,SAOUHSC_00528,-1,0.76315993,0.715055,0.78637743,0.49115402,0.7429882,0.80873626,0.76595604,0.5683878,0.70342964,0.62257755,0.6967821896076203,1
SAOUHSC_00528,SAOUHSC_00529,-1,0.8813171,0.9164492,0.91065437,0.9738915,0.8397364,0.9329212,0.85505736,0.9100056,0.9412956,0.97588897,0.9137217283248902,1
SAOUHSC_00529,SAOUHSC_00530,-1,0.6787404,0.6272834,0.78939974,0.4717241,0.6267088,0.6949374,0.79499733,0.39214113,0.477731,0.7171701,0.6270833402872086,1
SAOUHSC_00530,SAOUHSC_00532,-1,0.16251834,0.18687408,0.33690456,0.08130759,0.0841483,0.30285937,0.3030054,0.2066462,0.019767975,0.07351022,0.17575420271605252,0
SAOUHSC_00532,SAOUHSC_00533,-1,0.41489506,0.44275448,0.41066182,0.2008609,0.25492656,0.3577736,0.17747365,0.36091346,0.19356629,0.24765289,0.3061478704214096,0
SAOUHSC_00533,SAOUHSC_00534,-1,0.83369875,0.79683113,0.7616988,0.84069204,0.7401132,0.82908434,0.8847923,0.5195536,0.69259024,0.8977125,0.7796766936779023,1
SAOUHSC_00534,SAOUHSC_00535,-1,0.7418295,0.61927545,0.4861477,0.4153919,0.5189449,0.62730694,0.5065973,0.6179772,0.5054134,0.75648665,0.5795370966196061,1
SAOUHSC_00535,SAOUHSC_00536,-1,0.5192101,0.7387566,0.95733696,0.13974147,0.43612227,0.6074721,0.4392181,0.29957294,0.30648965,0.39690682,0.48408270329236985,0
SAOUHSC_00536,SAOUHSC_00537,-1,0.98865145,0.9837683,0.9782043,0.97224,0.9654004,0.9900679,0.9791804,0.97959393,0.97617006,0.98444647,0.9797723174095154,1
SAOUHSC_00537,SAOUHSC_00538,-1,0.3864178,0.32558116,0.5213637,0.3157282,0.3338794,0.5493075,0.2140704,0.4483338,0.4476327,0.34198835,0.3884303018450737,0
SAOUHSC_00538,SAOUHSC_00541,-1,0.009082471,0.017904578,0.0070377328,0.0022894137,0.0043631694,0.038622368,0.019469595,0.008815217,0.011614755,0.0069306656,0.012612996459938585,0
SAOUHSC_00541,SAOUHSC_00542,-1,0.7893348,0.72083515,0.8885393,0.45006013,0.59371495,0.703821,0.70478594,0.63601613,0.5180958,0.40226582,0.6407469004392624,1
SAOUHSC_00542,SAOUHSC_00543,-1,0.9618441,0.88654184,0.9539142,0.89398307,0.9129459,0.9210264,0.97444606,0.9074151,0.942331,0.9080138,0.9262461543083191,1
SAOUHSC_00543,SAOUHSC_00544,-1,0.45658323,0.24363242,0.4505353,0.08885931,0.19500433,0.29373407,0.25982812,0.2115232,0.109407805,0.20533131,0.25144391059875487,0
SAOUHSC_00544,SAOUHSC_00545,-1,0.7924973,0.83298916,0.655268,0.79077655,0.7081995,0.82120866,0.5922019,0.7820633,0.7146776,0.65778,0.7347661912441253,1
SAOUHSC_00545,SAOUHSC_00547,-1,0.971662,0.9529836,0.9747574,0.9496357,0.91546285,0.9465826,0.9638519,0.9135076,0.9557633,0.91723067,0.9461437582969665,1
SAOUHSC_00547,SAOUHSC_00552,-1,0.00056799233,0.0008289792,0.00023255889,0.0011551941,0.000989551,0.0057189506,0.001615403,0.0005261913,0.0020754219,0.00023748852,0.0013947730825748295,0
SAOUHSC_00552,SAOUHSC_00553,-1,0.7990989,0.8922823,0.90697473,0.98137873,0.8684289,0.8776831,0.8715429,0.8394889,0.82937604,0.88617533,0.8752429842948913,1
SAOUHSC_00553,SAOUHSC_00554,-1,0.98936033,0.9836738,0.9787409,0.9889071,0.9598558,0.9823692,0.98658687,0.9782922,0.97931945,0.9901046,0.9817210257053375,1
SAOUHSC_00554,SAOUHSC_00555,-1,0.64198506,0.43949133,0.87151253,0.23119536,0.52451086,0.6922843,0.69449544,0.36315104,0.20577233,0.664013,0.5328411266207695,1
SAOUHSC_00555,SAOUHSC_00556,-1,0.580653,0.775618,0.43901289,0.4463831,0.38119912,0.66615355,0.24665232,0.60956055,0.44100904,0.3851307,0.4971372291445732,0
SAOUHSC_00556,SAOUHSC_00557,-1,0.2248962,0.15448844,0.12341798,0.034637313,0.10737546,0.3033427,0.18229307,0.047761153,0.063257046,0.03631721,0.1277786571532488,0
SAOUHSC_00557,SAOUHSC_00558,-1,0.9743595,0.96612465,0.95854867,0.9844174,0.9364991,0.94827974,0.9827414,0.96879095,0.9563237,0.97413665,0.9650221765041351,1
SAOUHSC_00558,SAOUHSC_00559,-1,0.9918421,0.9843066,0.982726,0.97976357,0.97433513,0.9936135,0.9868544,0.9868145,0.98125833,0.9878613,0.9849375307559967,1
SAOUHSC_00559,SAOUHSC_00560,-1,0.9924858,0.98709434,0.9885381,0.9887393,0.9762542,0.991337,0.9986651,0.9790194,0.9861691,0.98653567,0.9874838054180145,1
SAOUHSC_00560,SAOUHSC_00564,-1,0.00027416358,0.0013736081,0.0012372114,0.00029546316,0.0015750845,0.0031341517,0.0015733301,0.0005225174,0.00054385234,0.0001648613,0.0010694243683246896,0
SAOUHSC_00564,SAOUHSC_00565,-1,0.9919998,0.9835872,0.98206794,0.981984,0.9738176,0.99442434,0.98648286,0.9875048,0.9830078,0.9884198,0.9853296101093292,1
SAOUHSC_00565,SAOUHSC_00567,-1,0.5228735,0.508142,0.6062355,0.35138968,0.5000307,0.5847247,0.38430893,0.34449643,0.5312407,0.3414164,0.4674858570098877,0
SAOUHSC_00567,SAOUHSC_00569,-1,0.6448421,0.64438796,0.54271454,0.28502113,0.60828304,0.56101334,0.42988658,0.5239891,0.6559892,0.6145531,0.5510680079460144,1
SAOUHSC_00569,eutD,-1,0.0029876712,0.009587259,0.013476237,0.0017932397,0.0038587325,0.009089258,0.010554481,0.0050732405,0.005544009,0.00024561054,0.006220973824383691,0
eutD,SAOUHSC_00575,-1,0.9796194,0.98564035,0.9883043,0.9894349,0.97703934,0.97796774,0.9965751,0.9711275,0.97992307,0.9774743,0.9823105990886688,1
SAOUHSC_00575,SAOUHSC_00577,-1,0.08817421,0.09328877,0.10383068,0.010831848,0.047953617,0.1493792,0.11872609,0.09090749,0.043244924,0.09984794,0.08461847677826881,0
SAOUHSC_00577,SAOUHSC_00578,-1,0.98569167,0.97459537,0.97354543,0.9840051,0.9508328,0.970683,0.990332,0.97635233,0.97462964,0.98872477,0.9769392073154449,1
SAOUHSC_00578,SAOUHSC_00579,-1,0.98758817,0.9281618,0.9617517,0.9199984,0.9593961,0.959932,0.99440503,0.98095375,0.9728571,0.932104,0.9597148120403289,1
SAOUHSC_00579,SAOUHSC_00580,-1,0.47441414,0.38154343,0.65667456,0.14513555,0.3683872,0.65089613,0.5855733,0.31137982,0.18228379,0.42263782,0.41789257526397705,0
SAOUHSC_00580,SAOUHSC_00583,-1,0.0018474604,0.0043620532,0.0005596525,0.0006841072,0.0023780467,0.013009037,0.00089108,0.0025180639,0.0041084015,0.0002399098,0.0030597812146879733,0
SAOUHSC_00583,SAOUHSC_00584,-1,0.17277996,0.37002766,0.25619134,0.09344733,0.2598038,0.27865735,0.41761956,0.41590306,0.13490655,0.2556948,0.26550314128398894,0
SAOUHSC_00584,SAOUHSC_00585,-1,0.8587534,0.8879914,0.931996,0.83802927,0.94152117,0.87760895,0.97433,0.8914942,0.7838672,0.9215522,0.8907143771648407,1
SAOUHSC_00585,SAOUHSC_00586,-1,0.808041,0.90569466,0.80917984,0.6766961,0.85917276,0.81237185,0.88453346,0.7619263,0.69777226,0.88393867,0.8099326908588409,1
SAOUHSC_00586,SAOUHSC_00587,-1,0.78065497,0.9077022,0.9378785,0.9657924,0.8453732,0.91507244,0.91238093,0.8756114,0.89100885,0.90217185,0.893364679813385,1
SAOUHSC_00587,SAOUHSC_00588,-1,0.8706052,0.90780306,0.93233544,0.9464971,0.9560692,0.9433872,0.97939336,0.9138269,0.86053044,0.93176,0.9242207825183868,1
SAOUHSC_00588,SAOUHSC_00589,-1,0.9486245,0.9881207,0.98792344,0.9908122,0.98283446,0.984491,0.9950397,0.9853969,0.96270716,0.95998836,0.9785938382148742,1
SAOUHSC_00589,SAOUHSC_00591,-1,0.98662096,0.98927724,0.98805565,0.99235356,0.9799968,0.9835205,0.99491113,0.9900838,0.9829451,0.97919166,0.9866956412792206,1
SAOUHSC_00591,SAOUHSC_00592,-1,0.85417575,0.9543139,0.9548543,0.9769655,0.9328093,0.95796543,0.97914654,0.9741605,0.922827,0.8951505,0.9402368664741516,1
SAOUHSC_00592,SAOUHSC_00596,-1,0.054530006,0.05296319,0.07208302,0.04486451,0.073990874,0.1176228,0.029662138,0.09331607,0.04951167,0.012722187,0.06012664642184973,0
SAOUHSC_00596,SAOUHSC_00598,-1,0.8118738,0.9263057,0.9457465,0.9623133,0.87770474,0.93605554,0.9436413,0.9074428,0.8758588,0.9299822,0.9116924643516541,1
SAOUHSC_00598,SAOUHSC_00599,-1,0.9274865,0.9688598,0.976524,0.9415851,0.9518326,0.9616456,0.9646809,0.9673439,0.9664897,0.9513203,0.9577768385410309,1
SAOUHSC_00599,SAOUHSC_00600,-1,0.9920627,0.98407793,0.9825528,0.9808277,0.9745812,0.9940412,0.9869649,0.98721635,0.9821029,0.98817366,0.9852601289749146,1
SAOUHSC_00600,SAOUHSC_00602,-1,0.9921266,0.99400103,0.9936283,0.9947441,0.9877966,0.9922338,0.9973317,0.99341035,0.9899282,0.98830926,0.9923509955406189,1
SAOUHSC_00602,SAOUHSC_00603,-1,0.5452724,0.5329933,0.60875237,0.49673456,0.58051884,0.63716584,0.4740153,0.64646626,0.519924,0.7238939,0.5765736758708954,1
SAOUHSC_00603,SAOUHSC_00604,-1,0.8501715,0.83732325,0.78845626,0.8835744,0.7419037,0.9252374,0.8867312,0.78491575,0.8879527,0.8080939,0.839436012506485,1
SAOUHSC_00604,SAOUHSC_00605,-1,0.44827774,0.2903253,0.5548868,0.09644527,0.19341497,0.46997064,0.46251765,0.2400852,0.100439504,0.30581945,0.31621825620532035,0
SAOUHSC_00605,SAOUHSC_00606,-1,0.9572092,0.94362533,0.95896816,0.94450307,0.8980038,0.90148807,0.9050783,0.91289747,0.94748324,0.94951004,0.9318766713142395,1
SAOUHSC_00606,SAOUHSC_00607,-1,0.9877905,0.9888592,0.99172413,0.9856365,0.9710744,0.9869058,0.9959783,0.97107095,0.9841008,0.9921255,0.9855266094207764,1
SAOUHSC_00607,SAOUHSC_00608,-1,0.2559741,0.46528736,0.29945108,0.100576624,0.3343429,0.35772192,0.33182174,0.5120923,0.21453409,0.24579215,0.31175942718982697,0
SAOUHSC_00608,SAOUHSC_00609,-1,0.5966885,0.73153406,0.9888446,0.516831,0.8365267,0.8500185,0.96546626,0.65196824,0.18342018,0.88540924,0.7206707239151001,1
SAOUHSC_00609,SAOUHSC_00610,-1,0.4883185,0.60372263,0.7149312,0.548668,0.7090894,0.6698172,0.80616695,0.7040502,0.42842177,0.8402518,0.6513437658548356,1
SAOUHSC_00610,argS,-1,0.9829298,0.9845642,0.98014545,0.98199534,0.95929927,0.99379194,0.97375953,0.98633707,0.98387766,0.9881157,0.9814815998077393,1
argS,SAOUHSC_00612,-1,0.2829728,0.12221192,0.33943164,0.027214907,0.12939273,0.34579703,0.32836282,0.15454377,0.11901043,0.13790895,0.19868470206856728,0
SAOUHSC_00612,SAOUHSC_00613,-1,0.12757014,0.15521267,0.05045193,0.030845905,0.13633923,0.20252334,0.053327728,0.21335846,0.12461264,0.1218748,0.12161168400198222,0
SAOUHSC_00613,SAOUHSC_00614,-1,0.73106694,0.51893926,0.76846176,0.20908952,0.48852563,0.8280947,0.70255536,0.5572481,0.5969632,0.60603154,0.6006976068019867,1
SAOUHSC_00614,SAOUHSC_00615,-1,0.8563457,0.8906149,0.96882373,0.9316442,0.8679346,0.86810714,0.90541494,0.83167374,0.85971034,0.95917207,0.893944138288498,1
SAOUHSC_00615,SAOUHSC_00616,-1,0.990894,0.983381,0.98116136,0.9833941,0.97106624,0.9949176,0.9844951,0.98774034,0.98393893,0.9886081,0.9849596738815307,1
SAOUHSC_00616,SAOUHSC_00617,-1,0.51823467,0.5149232,0.5467805,0.6292469,0.6306235,0.6481978,0.3983223,0.46071467,0.62364703,0.6285916,0.5599282264709473,1
SAOUHSC_00617,SAOUHSC_00618,-1,0.4210765,0.2225804,0.6919081,0.05007836,0.2743622,0.47793832,0.34680673,0.2614087,0.1483444,0.26286927,0.3157373007386923,0
SAOUHSC_00618,SAOUHSC_00619,-1,0.82511073,0.60158825,0.68152535,0.21651399,0.5264952,0.6530436,0.53385407,0.61965156,0.53646904,0.58008546,0.577433729171753,1
SAOUHSC_00619,SAOUHSC_00624,-1,0.0030220998,0.009071437,0.010037347,0.0010285322,0.0016670155,0.0101495655,0.002706954,0.0015883597,0.0020462188,0.0005115903,0.004182911932002753,0
SAOUHSC_00624,SAOUHSC_00625,-1,0.9740069,0.95439357,0.97398114,0.94274485,0.94208,0.9357874,0.9777711,0.9728584,0.9668311,0.95472586,0.9595180332660675,1
SAOUHSC_00625,SAOUHSC_00626,-1,0.9904478,0.98558533,0.9818542,0.9772865,0.9723104,0.9921747,0.9851117,0.9847553,0.97759086,0.9863013,0.9833418130874634,1
SAOUHSC_00626,SAOUHSC_00627,-1,0.99129224,0.9823796,0.9810244,0.9819373,0.97126085,0.9945253,0.984889,0.9870469,0.98354757,0.9883599,0.984626305103302,1
SAOUHSC_00627,SAOUHSC_00628,-1,0.9824884,0.9842054,0.97928405,0.9809483,0.9584783,0.9938326,0.9734895,0.9856567,0.9836183,0.987692,0.9809693574905396,1
SAOUHSC_00628,SAOUHSC_00629,-1,0.99146,0.9835251,0.98114944,0.9783731,0.9719376,0.9931117,0.98520786,0.98552907,0.9809894,0.98718125,0.9838464558124542,1
SAOUHSC_00629,SAOUHSC_00632,-1,0.8204903,0.67649627,0.6544617,0.83160925,0.7387105,0.8696419,0.7532459,0.85742587,0.7800059,0.78033084,0.7762418389320374,1
SAOUHSC_00632,SAOUHSC_00633,-1,0.42614746,0.45656723,0.6935499,0.425661,0.5395016,0.52815145,0.48857164,0.3761314,0.46727112,0.54889715,0.4950449913740158,0
SAOUHSC_00633,SAOUHSC_00638,-1,0.0008710382,0.0015179196,0.0011246053,0.00038832586,0.0036724168,0.008166392,0.0010499745,0.0011052924,0.0017059816,0.00047422803,0.0020076174463611097,0
SAOUHSC_00638,SAOUHSC_00640,-1,0.022708131,0.03733926,0.018429924,0.0047536003,0.019690214,0.096540675,0.0150826415,0.0212549,0.022644069,0.012176662,0.027062007552012803,0
SAOUHSC_00640,SAOUHSC_00642,-1,0.04571903,0.052866932,0.18624339,0.067142695,0.079190366,0.14760882,0.059084,0.07145097,0.036631744,0.036940947,0.07828788869082928,0
SAOUHSC_00642,SAOUHSC_00643,-1,0.7880631,0.59366155,0.9523922,0.656075,0.60850525,0.7474401,0.718113,0.39218426,0.58544844,0.5223634,0.6564246356487274,1
SAOUHSC_00643,SAOUHSC_00644,-1,0.9911829,0.98308665,0.9808754,0.98276156,0.971157,0.9946299,0.98446846,0.9873908,0.98373026,0.9883759,0.984765887260437,1
SAOUHSC_00644,SAOUHSC_00645,-1,0.9113454,0.946526,0.9820212,0.98290455,0.9699966,0.96367055,0.9883361,0.9704289,0.89203113,0.96196425,0.9569224655628205,1
SAOUHSC_00645,SAOUHSC_00647,-1,0.010968182,0.035258193,0.023718966,0.007228748,0.016261121,0.03252315,0.013788087,0.03318375,0.0117856935,0.008115522,0.019283141382038592,0
SAOUHSC_00647,SAOUHSC_00648,-1,0.5981628,0.70629287,0.76942414,0.3105192,0.5528667,0.7591113,0.6320697,0.4551083,0.4941128,0.7321685,0.6009836256504059,1
SAOUHSC_00648,SAOUHSC_00650,-1,0.23686774,0.10360828,0.07705392,0.18828584,0.28573492,0.2227725,0.13847415,0.080390766,0.21252239,0.081864275,0.16275747790932654,0
SAOUHSC_00650,SAOUHSC_00651,-1,0.07291958,0.11471838,0.059469916,0.021773916,0.07312766,0.16036437,0.057460833,0.08767079,0.08328031,0.05603514,0.0786820888519287,0
SAOUHSC_00651,SAOUHSC_00652,-1,0.19245997,0.13966237,0.20912628,0.030472288,0.09197936,0.27101862,0.20714621,0.10745565,0.1203791,0.20220062,0.15719004739075898,0
SAOUHSC_00652,SAOUHSC_00653,-1,0.99038994,0.9920564,0.9970645,0.99641526,0.97531205,0.98843294,0.99605,0.9926113,0.98544365,0.9819334,0.9895709455013275,1
SAOUHSC_00653,SAOUHSC_00654,-1,0.99131536,0.9838256,0.9821839,0.98385215,0.9729762,0.9951414,0.9859885,0.988216,0.98402107,0.9889788,0.9856498956680297,1
SAOUHSC_00654,SAOUHSC_00655,-1,0.6502061,0.6782235,0.9059964,0.69819474,0.66364413,0.65016985,0.8135329,0.44558495,0.23900785,0.63941693,0.6383977308869362,1
SAOUHSC_00655,SAOUHSC_00656,-1,0.9454615,0.96575624,0.99349636,0.98652816,0.97188455,0.96963316,0.9940899,0.9576745,0.9150434,0.98268497,0.9682252764701843,1
SAOUHSC_00656,SAOUHSC_00658,-1,0.99201053,0.9837686,0.98241943,0.9825892,0.974322,0.9946999,0.98691607,0.98785776,0.9832002,0.98870087,0.9856484532356262,1
SAOUHSC_00658,SAOUHSC_00659,-1,0.39759147,0.37656024,0.49367985,0.34245375,0.46622595,0.5248124,0.21692148,0.4978616,0.48064893,0.61132234,0.44080780148506166,0
SAOUHSC_00659,SAOUHSC_00660,-1,0.1106606,0.23980555,0.24538216,0.19928314,0.08698671,0.15906128,0.16274633,0.15793145,0.041414436,0.11318083,0.15164524801075457,0
SAOUHSC_00660,SAOUHSC_00661,-1,0.66579366,0.6810073,0.88341117,0.1464966,0.70188177,0.6756386,0.756249,0.37288228,0.28582227,0.76437956,0.5933562248945237,1
SAOUHSC_00661,SAOUHSC_00662,-1,0.22481148,0.2645304,0.26455262,0.32662764,0.27348182,0.41161087,0.28533682,0.17598194,0.24651419,0.31784266,0.2791290432214737,0
SAOUHSC_00662,SAOUHSC_00664,-1,0.017406197,0.019665213,0.014853313,0.036908742,0.04512767,0.07360564,0.015832977,0.023944423,0.029617278,0.018121785,0.029508324060589074,0
SAOUHSC_00664,SAOUHSC_00665,-1,0.99064976,0.99092096,0.9901029,0.99040174,0.97462606,0.98886955,0.99672294,0.98693264,0.9825177,0.9899565,0.988170075416565,1
SAOUHSC_00665,SAOUHSC_00666,-1,0.98984694,0.9839603,0.98152363,0.98381656,0.9703721,0.99518967,0.9838399,0.9879384,0.98435163,0.98884726,0.984968638420105,1
SAOUHSC_00666,SAOUHSC_00667,-1,0.796484,0.7956617,0.86553437,0.87408006,0.8173814,0.9121735,0.8833865,0.7474437,0.8186806,0.9205014,0.8431327164173126,1
SAOUHSC_00667,SAOUHSC_00668,-1,0.98774624,0.9850309,0.981879,0.98421574,0.96843624,0.9953383,0.98217297,0.98792106,0.98455036,0.988959,0.984624981880188,1
SAOUHSC_00668,SAOUHSC_00669,-1,0.109323494,0.19742848,0.13325252,0.026845664,0.105543315,0.14008062,0.15506211,0.14004155,0.097308606,0.1370089,0.12418952509760857,0
SAOUHSC_00669,SAOUHSC_00670,-1,0.9811338,0.970311,0.9699609,0.9787454,0.9422586,0.96022844,0.98972964,0.98088706,0.9708606,0.9785703,0.9722685754299164,1
SAOUHSC_00670,SAOUHSC_00672,-1,0.030456388,0.023697423,0.02393191,0.005190153,0.010397342,0.04555322,0.014364819,0.013232563,0.009518381,0.0021695567,0.017851175391115248,0
SAOUHSC_00672,SAOUHSC_00673,-1,0.297235,0.22146404,0.24209403,0.13648789,0.12748396,0.36451015,0.18936148,0.20119551,0.077389546,0.39121065,0.22484322562813758,0
SAOUHSC_00673,SAOUHSC_00674,-1,0.8943498,0.9659613,0.9898112,0.6786996,0.9504691,0.8930033,0.96030766,0.937298,0.58706677,0.95901614,0.8815982818603516,1
SAOUHSC_00674,SAOUHSC_00675,-1,0.3867692,0.4885471,0.4133355,0.36053905,0.3957748,0.4372268,0.5530631,0.42003283,0.23675008,0.57404894,0.4266087397933006,0
SAOUHSC_00675,SAOUHSC_00676,-1,0.9912068,0.98064756,0.97848994,0.9793862,0.9678638,0.9931109,0.9814348,0.9847992,0.98295844,0.9867308,0.9826628506183624,1
SAOUHSC_00676,SAOUHSC_00677,-1,0.34336445,0.41663042,0.81020576,0.18531066,0.36651212,0.66715896,0.5590665,0.27641058,0.09657867,0.36157256,0.4082810655236244,0
SAOUHSC_00677,SAOUHSC_00678,-1,0.21098985,0.29145467,0.13034941,0.051201236,0.19915465,0.31351763,0.1500378,0.34497586,0.25493795,0.21125042,0.21578694693744183,0
SAOUHSC_00678,SAOUHSC_00679,-1,0.9560637,0.94494474,0.9455662,0.9693809,0.9363774,0.95643055,0.9535976,0.94792527,0.94063497,0.9794332,0.9530354499816894,1
SAOUHSC_00679,SAOUHSC_00680,-1,0.66920215,0.4590486,0.73930806,0.26078737,0.52988464,0.8159759,0.84711164,0.590765,0.33736727,0.75935227,0.6008802890777588,1
SAOUHSC_00680,SAOUHSC_00681,-1,0.84876835,0.8889735,0.77703613,0.8499028,0.83121026,0.7536496,0.6657791,0.8257868,0.8930916,0.8700963,0.8204294502735138,1
SAOUHSC_00681,SAOUHSC_00682,-1,0.9917887,0.9834938,0.98110473,0.9797346,0.9724077,0.9934754,0.9853438,0.98619705,0.98186296,0.98737717,0.9842785894870758,1
SAOUHSC_00682,SAOUHSC_00684,-1,0.00722211,0.01657833,0.0054075667,0.00080980296,0.004519633,0.022092413,0.012147146,0.017271226,0.008976978,0.007497731,0.010252293740632013,0
SAOUHSC_00684,SAOUHSC_00685,-1,0.62278587,0.6260722,0.7601052,0.78337944,0.7371176,0.7317645,0.6747491,0.63722235,0.5249423,0.7454258,0.6843564331531524,1
SAOUHSC_00685,SAOUHSC_00686,-1,0.30104664,0.37505522,0.25037938,0.27545035,0.2987969,0.3973936,0.27913916,0.32739687,0.16406867,0.42843893,0.30971657335758207,0
SAOUHSC_00686,SAOUHSC_00687,-1,0.6578469,0.39457905,0.82152516,0.17174792,0.54073906,0.72844553,0.79721904,0.37432173,0.26151603,0.62022907,0.5368169516324997,1
SAOUHSC_00687,SAOUHSC_00692,-1,0.00060451316,0.0013460054,0.0011743787,0.0011134364,0.0019444014,0.0055408557,0.0008102928,0.0007824505,0.0011567903,0.00022827479,0.001470139907905832,0
SAOUHSC_00692,SAOUHSC_00693,-1,0.9910024,0.982744,0.9808076,0.98257196,0.97080034,0.99466276,0.98433954,0.9872761,0.9837895,0.9883871,0.984638124704361,1
SAOUHSC_00693,SAOUHSC_00695,-1,0.0068922024,0.018970305,0.008029309,0.0046524103,0.025373198,0.025875788,0.0035143213,0.0069217086,0.0070643146,0.0029490064,0.011024256399832667,0
SAOUHSC_00695,SAOUHSC_00696,-1,0.81672883,0.8314163,0.9459498,0.7208916,0.82155883,0.8644135,0.92906034,0.58473724,0.8597023,0.8888152,0.8263273954391479,1
SAOUHSC_00696,SAOUHSC_00697,-1,0.9765116,0.9872467,0.9800383,0.97885185,0.9502041,0.9765221,0.9887368,0.9630149,0.9776705,0.9868317,0.9765628516674042,1
SAOUHSC_00697,SAOUHSC_00698,-1,0.5141155,0.5961151,0.31952757,0.29162747,0.4805836,0.53240836,0.20326565,0.39549106,0.37121305,0.4777422,0.41820895820856097,0
SAOUHSC_00698,SAOUHSC_00699,-1,0.94392383,0.9699746,0.97408205,0.9664414,0.93388736,0.96641475,0.9661629,0.9323901,0.96852434,0.98280203,0.9604603350162506,1
SAOUHSC_00699,SAOUHSC_00703,-1,0.01082761,0.025523728,0.019072192,0.006185441,0.016498486,0.03246575,0.032716013,0.011409046,0.017363,0.0017372516,0.017379851662553847,0
SAOUHSC_00703,SAOUHSC_00704,-1,0.23071219,0.28030518,0.32494724,0.028614223,0.12920071,0.31395096,0.4464002,0.24203658,0.07248242,0.34349895,0.24121486395597458,0
SAOUHSC_00704,SAOUHSC_00705,-1,0.705955,0.5969653,0.778506,0.3129497,0.44179305,0.5695692,0.5400879,0.5663819,0.31303456,0.24299406,0.5068236604332924,1
SAOUHSC_00705,SAOUHSC_00706,-1,0.7922614,0.80951387,0.56377095,0.3443992,0.46652988,0.7078452,0.38178048,0.8934271,0.6905534,0.45208004,0.6102161556482315,1
SAOUHSC_00706,SAOUHSC_00707,-1,0.9902877,0.9779033,0.9787607,0.9773614,0.96119654,0.98972845,0.9736484,0.9858219,0.9853264,0.98352414,0.9803559005260467,1
SAOUHSC_00707,SAOUHSC_00708,-1,0.98221326,0.91549015,0.98275024,0.9639707,0.9221669,0.92424744,0.98243594,0.9729657,0.9716058,0.9634439,0.9581290006637573,1
SAOUHSC_00708,SAOUHSC_00710,-1,0.569287,0.30461928,0.7831102,0.14763604,0.5049417,0.6029388,0.7157267,0.3272821,0.32100648,0.3186436,0.4595191851258278,0
SAOUHSC_00710,SAOUHSC_00711,-1,0.7770757,0.66971767,0.82185006,0.82372046,0.797856,0.8603931,0.8418538,0.7029678,0.84858644,0.9499156,0.8093936622142792,1
SAOUHSC_00711,SAOUHSC_00712,-1,0.6746062,0.5386845,0.6893606,0.2960406,0.43363944,0.57037807,0.66247267,0.5102267,0.34980908,0.310402,0.5035619884729385,1
SAOUHSC_00712,SAOUHSC_00713,-1,0.9409249,0.939513,0.9043628,0.96705854,0.9106364,0.98248065,0.9465015,0.91336626,0.96536267,0.9667421,0.9436948835849762,1
SAOUHSC_00713,SAOUHSC_00722,-1,0.00012956103,0.0006232122,0.0005283356,0.00017946976,0.00032534095,0.0014825283,0.00013373488,0.00019246264,0.00034776033,0.00010835227,0.00040507579178665764,0
SAOUHSC_00722,SAOUHSC_00723,-1,0.98842,0.98278105,0.979115,0.9825359,0.9644241,0.99413174,0.978202,0.9863893,0.9840608,0.98781496,0.9827874839305878,1
SAOUHSC_00723,SAOUHSC_00724,-1,0.99183536,0.9825899,0.98063666,0.98050594,0.9716675,0.9937057,0.9850255,0.9861205,0.9826897,0.9874821,0.9842258870601654,1
SAOUHSC_00724,SAOUHSC_00725,-1,0.8347705,0.8927505,0.9405413,0.88757205,0.8891465,0.92340356,0.8253719,0.70253223,0.85913724,0.85345197,0.8608677804470062,1
SAOUHSC_00725,SAOUHSC_00726,-1,0.84558356,0.8483498,0.9037055,0.9334839,0.855478,0.9464445,0.9015129,0.9401172,0.9360897,0.95993924,0.9070704281330109,1
SAOUHSC_00726,SAOUHSC_00727,-1,0.9903312,0.98176855,0.9815937,0.9833531,0.9672455,0.99381196,0.97914535,0.98793566,0.98522353,0.9879943,0.98384028673172,1
SAOUHSC_00727,SAOUHSC_00728,-1,0.79878706,0.83210766,0.69666576,0.91893524,0.75589645,0.9207226,0.8367483,0.79168516,0.8794756,0.9512787,0.8382302522659302,1
SAOUHSC_00728,SAOUHSC_00729,-1,0.8468908,0.49813706,0.83827263,0.5326446,0.57537127,0.6927493,0.8370604,0.49894392,0.37917727,0.6024543,0.6301701605319977,1
SAOUHSC_00729,SAOUHSC_00730,-1,0.99213594,0.99004596,0.99384457,0.99450517,0.97891635,0.9867213,0.99734527,0.98963404,0.9826428,0.98999083,0.9895782232284546,1
SAOUHSC_00730,SAOUHSC_00731,-1,0.877598,0.54840535,0.87322474,0.37479553,0.53381187,0.768428,0.85382247,0.6307122,0.47132415,0.67015964,0.6602281957864762,1
SAOUHSC_00731,SAOUHSC_00732,-1,0.98963124,0.9830534,0.9799774,0.9826887,0.9680154,0.99459743,0.9818795,0.9869259,0.98404324,0.9882415,0.9839053690433502,1
SAOUHSC_00732,SAOUHSC_00733,-1,0.58116335,0.45696688,0.6449213,0.122300364,0.46154448,0.6854043,0.63614327,0.37474817,0.2908677,0.5044152,0.4758475013077259,0
SAOUHSC_00733,SAOUHSC_00734,-1,0.880335,0.94606996,0.9488401,0.92705256,0.87571436,0.9306079,0.95130795,0.9386475,0.8583532,0.9598922,0.921682071685791,1
SAOUHSC_00734,SAOUHSC_00735,-1,0.6131244,0.7745424,0.7848311,0.46285233,0.84808195,0.8131644,0.9085641,0.71907026,0.5533575,0.73420346,0.7211791843175888,1
SAOUHSC_00735,SAOUHSC_00737,-1,5.778948e-05,0.00024356748,0.00020204933,0.000100001234,0.0004872186,0.0022378687,7.022453e-05,0.00013787349,0.00044467277,5.680668e-05,0.00040380723294219933,0
SAOUHSC_00737,nrdI,-1,9.022401e-05,0.00039457317,0.00039501349,7.6777535e-05,0.0005084315,0.0014226374,0.0015281448,0.00016984667,0.00035024455,6.291049e-05,0.0004998803618946112,0
nrdI,SAOUHSC_00742,-1,0.97854847,0.9795853,0.97636235,0.9758944,0.94459236,0.9898028,0.95678633,0.9833234,0.9826278,0.9855096,0.9753032743930816,1
SAOUHSC_00742,nrdF,-1,0.97064847,0.97083616,0.9781949,0.9880713,0.95962036,0.98589236,0.98133326,0.9548404,0.9696483,0.9860169,0.9745102465152741,1
nrdF,SAOUHSC_00744,-1,0.28567335,0.35520074,0.87826943,0.10993913,0.25588238,0.47862762,0.6836664,0.21437256,0.07130881,0.38783982,0.37207802534103396,0
SAOUHSC_00744,SAOUHSC_00745,-1,0.05774946,0.038485307,0.019412862,0.03665646,0.03854346,0.20892072,0.009038883,0.017383026,0.04411764,0.024301456,0.04946092749014497,0
SAOUHSC_00745,SAOUHSC_00746,-1,0.780285,0.7520677,0.4971278,0.40341645,0.5725187,0.69557226,0.39347392,0.78702486,0.799933,0.7138475,0.6395267218351364,1
SAOUHSC_00746,SAOUHSC_00747,-1,0.9913472,0.9840208,0.98238206,0.9839084,0.973556,0.9952431,0.9864268,0.98833257,0.9839724,0.989113,0.9858302235603332,1
SAOUHSC_00747,SAOUHSC_00748,-1,0.9917638,0.98388416,0.9825011,0.9834612,0.97415537,0.9950404,0.9868366,0.98822093,0.98368204,0.9889941,0.9858539700508118,1
SAOUHSC_00748,SAOUHSC_00749,-1,0.73918474,0.75480336,0.649347,0.7663078,0.7503602,0.79935193,0.46118048,0.7105141,0.7229686,0.8371489,0.7191167086362839,1
SAOUHSC_00749,SAOUHSC_00754,-1,0.0074860314,0.009062472,0.012387821,0.0015091053,0.007368005,0.018077211,0.01746405,0.004453442,0.0044625425,0.0014635804,0.008373426040634513,0
SAOUHSC_00754,SAOUHSC_00755,-1,0.8692585,0.9598131,0.9481002,0.960816,0.9112236,0.964651,0.96016616,0.9364129,0.9379268,0.8762132,0.9324581503868103,1
SAOUHSC_00755,SAOUHSC_00756,-1,0.2875124,0.40949318,0.64695144,0.5783192,0.23579057,0.47524267,0.3342401,0.32032877,0.08852166,0.44995067,0.38263506442308426,0
SAOUHSC_00756,SAOUHSC_00762,-1,0.0007225162,0.001560679,0.001280845,0.0008062434,0.00087549054,0.0064452374,0.0012174433,0.00057596696,0.0020211267,0.00016446967,0.0015670018241507933,0
SAOUHSC_00762,SAOUHSC_00764,-1,0.023901867,0.084077366,0.04325427,0.0073345243,0.027263667,0.051726922,0.07325192,0.03678287,0.017500125,0.020571427,0.038566495617851616,0
SAOUHSC_00764,SAOUHSC_00765,-1,0.41992867,0.2569041,0.3422456,0.028414048,0.11357585,0.2122718,0.4285937,0.20020312,0.042736493,0.22593148,0.22708048596978186,0
SAOUHSC_00765,SAOUHSC_00766,-1,0.9919076,0.98385143,0.9825893,0.98314667,0.97444814,0.9949377,0.9870476,0.9881402,0.98348826,0.9889406,0.9858497560024262,1
SAOUHSC_00766,SAOUHSC_00767,-1,0.8664972,0.8019763,0.5904038,0.3861502,0.41891196,0.72412974,0.57948256,0.8494961,0.6360591,0.71407175,0.6567178785800933,1
SAOUHSC_00767,secA,-1,0.7591532,0.51705575,0.7716918,0.10745613,0.39160022,0.3915329,0.5311112,0.33819386,0.15125999,0.31309587,0.427215088903904,0
secA,SAOUHSC_00770,-1,0.8987325,0.8872195,0.9847048,0.9288913,0.8316828,0.92986834,0.92549896,0.707627,0.89294446,0.6722424,0.8659412026405334,1
SAOUHSC_00770,SAOUHSC_00771,-1,0.12833738,0.13091224,0.1925977,0.21312587,0.43382233,0.3538418,0.30400473,0.3312402,0.20206563,0.30235618,0.25923040956258775,0
SAOUHSC_00771,SAOUHSC_00772,-1,0.33456355,0.44543758,0.85375446,0.10125305,0.39544067,0.6640251,0.62954915,0.38053763,0.088803194,0.47029537,0.4363659776747227,0
SAOUHSC_00772,SAOUHSC_00773,-1,0.26774085,0.3263277,0.18834016,0.12932242,0.30056694,0.3631536,0.15988468,0.35419214,0.28001413,0.44839573,0.2817938357591629,0
SAOUHSC_00773,SAOUHSC_00774,-1,0.8521597,0.893269,0.92468494,0.9266913,0.8269735,0.9723601,0.9480229,0.85233194,0.944497,0.93909836,0.9080088675022125,1
SAOUHSC_00774,SAOUHSC_00775,-1,0.99205065,0.984383,0.9830555,0.98065126,0.97502244,0.9939478,0.9872903,0.98726857,0.98170054,0.98816377,0.9853533804416656,1
SAOUHSC_00775,SAOUHSC_00776,-1,0.16074748,0.24647549,0.20167415,0.13112268,0.2511874,0.3513994,0.11935753,0.3197562,0.24816035,0.19271371,0.22225943952798843,0
SAOUHSC_00776,SAOUHSC_00778,-1,0.991648,0.9874026,0.98130614,0.98926085,0.9684965,0.99069655,0.98957294,0.9838746,0.98050594,0.9927497,0.9855513870716095,1
SAOUHSC_00778,SAOUHSC_00779,-1,0.9839226,0.9861297,0.99063647,0.9862869,0.98264575,0.99139136,0.97185177,0.9779949,0.98317397,0.9915745,0.9845607936382293,1
SAOUHSC_00779,uvrA,-1,0.96696776,0.82006466,0.95948595,0.7454378,0.8877672,0.8823309,0.9381401,0.9632075,0.9636369,0.9285137,0.9055552423000336,1
uvrA,SAOUHSC_00781,-1,0.24172808,0.34648442,0.14218701,0.122447014,0.1361084,0.39010257,0.3167095,0.23561469,0.17820674,0.19549423,0.23050826489925386,0
SAOUHSC_00781,SAOUHSC_00782,-1,0.9905912,0.9806481,0.97477186,0.95968705,0.98341405,0.98553634,0.99664044,0.9851468,0.98822516,0.9778916,0.9822552680969239,1
SAOUHSC_00782,SAOUHSC_00783,-1,0.9884068,0.98839146,0.9785958,0.9905503,0.97668296,0.9819419,0.99236447,0.9794097,0.9808242,0.9903229,0.984749037027359,1
SAOUHSC_00783,SAOUHSC_00784,-1,0.99020594,0.98578155,0.9804787,0.98398036,0.9611158,0.97843724,0.9884948,0.97651863,0.9847264,0.9839988,0.9813738226890564,1
SAOUHSC_00784,SAOUHSC_00785,-1,0.8743913,0.8348528,0.913737,0.81294745,0.83294713,0.788912,0.9131353,0.7479546,0.83688694,0.9115989,0.8467363476753235,1
SAOUHSC_00785,SAOUHSC_00787,-1,0.12827103,0.062564276,0.04111154,0.009256165,0.09413095,0.24437203,0.055299595,0.061917428,0.09823603,0.0591162,0.08542752368375658,0
SAOUHSC_00787,SAOUHSC_00788,-1,0.99027616,0.97567886,0.974498,0.9784042,0.9580289,0.9892262,0.9705292,0.9834913,0.9828979,0.9841216,0.9787152349948883,1
SAOUHSC_00788,SAOUHSC_00789,-1,0.9012154,0.96219975,0.9639884,0.9551788,0.9263086,0.9820051,0.97183645,0.9490045,0.9733306,0.94013655,0.9525204122066497,1
SAOUHSC_00789,clpP,-1,0.18256001,0.19855641,0.18255979,0.08995342,0.08010597,0.24099857,0.22721441,0.14616555,0.04086814,0.049716756,0.14386990219354628,0
clpP,SAOUHSC_00793,-1,0.007523822,0.010250531,0.027345521,0.0011684614,0.0037213764,0.026923882,0.006508634,0.0023958052,0.0060884925,0.0023660318,0.009429255768191069,0
SAOUHSC_00793,SAOUHSC_00794,-1,0.08023633,0.14264758,0.11010563,0.066760615,0.07265493,0.19480157,0.06475237,0.09192901,0.040891416,0.095934436,0.09607138857245445,0
SAOUHSC_00794,SAOUHSC_00795,-1,0.9581108,0.9581372,0.9579013,0.9816273,0.93557477,0.94035536,0.9688419,0.96050256,0.95095843,0.9754181,0.9587427735328674,1
SAOUHSC_00795,pgk,-1,0.58664274,0.49626064,0.92180645,0.17984706,0.5624866,0.59292364,0.8253882,0.40594038,0.43577498,0.689913,0.569698366522789,1
pgk,tpiA,-1,0.97827244,0.9759419,0.9879673,0.9898034,0.96799415,0.9759659,0.9896273,0.98478204,0.9710395,0.98731726,0.9808711171150207,1
tpiA,SAOUHSC_00798,-1,0.9720833,0.9106845,0.954805,0.9819658,0.89860207,0.9583516,0.9839914,0.9265214,0.9729391,0.9447827,0.9504726827144623,1
SAOUHSC_00798,eno,-1,0.79448664,0.674064,0.8092279,0.63684493,0.7000636,0.7494549,0.82634014,0.6430992,0.7299598,0.64125943,0.7204800486564636,1
eno,SAOUHSC_00800,-1,0.18991807,0.13760555,0.41478738,0.033141337,0.12507255,0.41570696,0.20617165,0.16015139,0.10264466,0.39362103,0.21788205802440644,0
SAOUHSC_00800,secG,-1,0.7376452,0.84807646,0.866113,0.80231136,0.84948593,0.91953254,0.92621285,0.7126005,0.89886385,0.8498576,0.8410699367523193,1
secG,SAOUHSC_00802,-1,0.67828876,0.69103247,0.699156,0.6549606,0.68120277,0.8058201,0.49569473,0.5100163,0.77721804,0.4318134,0.6425203144550323,1
SAOUHSC_00802,SAOUHSC_00803,-1,0.9761895,0.9635618,0.9824892,0.9613202,0.9279085,0.93576396,0.9826347,0.97430646,0.963078,0.9618066,0.9629058957099914,1
SAOUHSC_00803,smpB,-1,0.9866906,0.9877449,0.98256516,0.9854546,0.97512275,0.9786489,0.9949601,0.9604349,0.9735866,0.97266567,0.979787427186966,1
smpB,SAOUHSC_00809,-1,0.0001822778,0.0014451753,0.0009298814,0.00019067767,0.00038649628,0.0017430035,0.00046927974,0.00030361934,0.0003216533,8.334943e-05,0.0006055413716239855,0
SAOUHSC_00809,SAOUHSC_00810,-1,0.9584104,0.9439553,0.9028891,0.96921575,0.88193816,0.92077404,0.93971866,0.9530504,0.9129359,0.92321956,0.9306107223033905,1
SAOUHSC_00810,SAOUHSC_00811,-1,0.42914116,0.44410208,0.40792522,0.35336208,0.3983515,0.47702304,0.27354598,0.406076,0.329171,0.39189553,0.3910593599081039,0
SAOUHSC_00811,SAOUHSC_00812,-1,0.678134,0.63915056,0.42147937,0.36374658,0.6667121,0.6087117,0.33575726,0.5548794,0.6184245,0.6164537,0.5503449231386185,1
SAOUHSC_00812,SAOUHSC_00816,-1,0.14846975,0.099960454,0.16262144,0.01579037,0.04660237,0.20003425,0.22796333,0.11618668,0.021779953,0.059169106,0.10985776875168085,0
SAOUHSC_00816,SAOUHSC_00817,-1,0.39827275,0.48005244,0.4823432,0.64453614,0.3615233,0.34670156,0.5840406,0.30524758,0.06543358,0.357193,0.4025344118475914,0
SAOUHSC_00817,SAOUHSC_00818,-1,0.24087612,0.12716424,0.11728951,0.019125963,0.12429269,0.33378124,0.2703236,0.16342698,0.10735725,0.15516604,0.1658803651109338,0
SAOUHSC_00818,SAOUHSC_00819,-1,0.044218548,0.032309152,0.063886374,0.035971392,0.048635155,0.09894514,0.02382794,0.023919854,0.047325566,0.0378607,0.045689982175827024,0
SAOUHSC_00819,SAOUHSC_00825,-1,4.0774987e-05,0.0013021845,0.00028861908,9.5653326e-05,0.0008198955,0.0016035563,0.0010029692,0.00023056079,0.0010598435,0.0001518945,0.0006595951712370151,0
SAOUHSC_00825,SAOUHSC_00827,-1,0.034432363,0.032369804,0.01815545,0.006268717,0.012048612,0.078381404,0.019755477,0.017498305,0.022491382,0.021478973,0.026288048783317208,0
SAOUHSC_00827,SAOUHSC_00832,-1,0.00026125158,0.0017451106,0.00084755564,0.00012709017,0.0018047112,0.00269034,0.00021213661,0.0005767008,0.0008584964,0.00011537743,0.000923877034074394,0
SAOUHSC_00832,SAOUHSC_00833,-1,0.9044857,0.9400566,0.9451039,0.9763961,0.93237966,0.9572172,0.96729153,0.94150805,0.9532075,0.9689934,0.9486639678478241,1
SAOUHSC_00833,SAOUHSC_00835,-1,0.026920509,0.03928898,0.07053008,0.03807627,0.03866326,0.079079084,0.051175818,0.036292918,0.015621693,0.00965193,0.04053005408495665,0
SAOUHSC_00835,SAOUHSC_00836,-1,0.20370051,0.2907648,0.15840073,0.13777936,0.21803644,0.31106547,0.12112839,0.2633596,0.15298392,0.2675961,0.2124815322458744,0
SAOUHSC_00836,SAOUHSC_00837,-1,0.4356536,0.37459913,0.65102607,0.17354973,0.42934674,0.7218984,0.6471791,0.38593242,0.18374579,0.43717554,0.44401065111160276,0
SAOUHSC_00837,SAOUHSC_00838,-1,0.96494156,0.91646165,0.9617748,0.94339037,0.91731554,0.90917164,0.9632665,0.94901174,0.94555235,0.94160545,0.9412491619586945,1
SAOUHSC_00838,SAOUHSC_00839,-1,0.46990258,0.4531617,0.5179436,0.8122084,0.5439474,0.741397,0.57454926,0.636,0.61113274,0.7590419,0.6119284600019455,1
SAOUHSC_00839,SAOUHSC_00840,-1,0.26456052,0.39520934,0.3832506,0.5463754,0.2324352,0.5616098,0.09313125,0.14798202,0.37028915,0.23675843,0.3231601692736149,0
SAOUHSC_00840,SAOUHSC_00841,-1,0.9917909,0.98364353,0.9824085,0.98345965,0.9734545,0.994811,0.9861841,0.98805153,0.98394364,0.9887661,0.9856513440608978,1
SAOUHSC_00841,SAOUHSC_00842,-1,0.71285856,0.7632437,0.81640387,0.56585336,0.70175856,0.85285026,0.38468954,0.55235046,0.8067257,0.5804597,0.6737193673849106,1
SAOUHSC_00842,SAOUHSC_00843,-1,0.99192274,0.98358804,0.98226005,0.98277134,0.9737816,0.9946676,0.98647887,0.9878277,0.98350513,0.98865736,0.9855460405349732,1
SAOUHSC_00843,SAOUHSC_00844,-1,0.9941316,0.9866287,0.9977551,0.9928145,0.9682457,0.988509,0.99915516,0.995496,0.9772086,0.99107397,0.9891018331050873,1
SAOUHSC_00844,SAOUHSC_00845,-1,0.8747626,0.79935616,0.47038513,0.4817602,0.31699404,0.7101451,0.5311422,0.86708724,0.5721917,0.32418144,0.5948005825281143,1
SAOUHSC_00845,SAOUHSC_00847,-1,0.0014560596,0.0062315776,0.0039155544,0.00035148585,0.0019591977,0.008476286,0.0038964634,0.002380213,0.0053890566,0.0015363221,0.003559221647446975,0
SAOUHSC_00847,SAOUHSC_00848,-1,0.95786965,0.956602,0.96375144,0.98015046,0.94626975,0.9558641,0.9661416,0.96892285,0.9494468,0.9676117,0.9612630248069763,1
SAOUHSC_00848,SAOUHSC_00849,-1,0.9323448,0.9663247,0.97979754,0.9792817,0.94857925,0.9810283,0.9806266,0.9617824,0.9698054,0.96629494,0.9665865659713745,1
SAOUHSC_00849,SAOUHSC_00850,-1,0.9914456,0.98179483,0.98061466,0.9787154,0.9702276,0.9918207,0.981477,0.98458207,0.9833538,0.9860465,0.9830078184604645,1
SAOUHSC_00850,SAOUHSC_00851,-1,0.62845206,0.5686202,0.55876154,0.37653807,0.5405404,0.68260276,0.5702225,0.67600477,0.5987944,0.5582233,0.5758760005235672,1
SAOUHSC_00851,SAOUHSC_00852,-1,0.2125518,0.17705671,0.55628014,0.032224897,0.14514586,0.51626736,0.3445014,0.15722789,0.15311821,0.4031319,0.26975061781704424,0
SAOUHSC_00852,SAOUHSC_00854,-1,0.10102128,0.25553864,0.11836319,0.11204159,0.07392029,0.22643659,0.09726178,0.17076194,0.025734462,0.080304846,0.12613846063613893,0
SAOUHSC_00854,SAOUHSC_00855,-1,0.9938813,0.98930025,0.9961639,0.99592775,0.99186903,0.98894215,0.9987686,0.99174935,0.9872937,0.9932566,0.9927152693271637,1
SAOUHSC_00855,SAOUHSC_00857,-1,0.931546,0.9463491,0.97454214,0.97088426,0.9457105,0.88798606,0.98621446,0.9462614,0.8851409,0.9688667,0.9443501472473145,1
SAOUHSC_00857,SAOUHSC_00858,-1,0.95460224,0.89710385,0.83337724,0.92968065,0.8582251,0.88127315,0.7141877,0.883359,0.90149516,0.90221447,0.8755518555641174,1
SAOUHSC_00858,SAOUHSC_00859,-1,0.98275477,0.9686673,0.97625005,0.9818938,0.94600296,0.9611924,0.9939446,0.97893226,0.9745349,0.98153883,0.9745711922645569,1
SAOUHSC_00859,SAOUHSC_00860,-1,0.98683196,0.98495996,0.9738443,0.9804021,0.9432917,0.9848422,0.98521155,0.9802407,0.9860908,0.98642194,0.9792137205600738,1
SAOUHSC_00860,SAOUHSC_00861,-1,0.88465875,0.88497704,0.9266777,0.8493999,0.84165764,0.80770385,0.54923546,0.73264486,0.76161665,0.90859956,0.8147171437740326,1
SAOUHSC_00861,SAOUHSC_00862,-1,0.51486236,0.39959586,0.7855438,0.17340894,0.38837746,0.64739,0.67277014,0.24038298,0.17215133,0.51790434,0.4512387216091156,0
SAOUHSC_00862,SAOUHSC_00864,-1,0.16391256,0.22339989,0.14664148,0.12062125,0.09416413,0.23865744,0.09907935,0.1248234,0.032095842,0.095826276,0.13392216265201567,0
SAOUHSC_00864,SAOUHSC_00865,-1,0.9893908,0.984071,0.98172784,0.98425084,0.9687171,0.99496263,0.98224604,0.98784363,0.9846137,0.98868036,0.9846503973007202,1
SAOUHSC_00865,SAOUHSC_00866,-1,0.9385409,0.9596247,0.9817072,0.98200184,0.9456248,0.96943706,0.9777606,0.97126424,0.96649766,0.9580562,0.9650515258312226,1
SAOUHSC_00866,SAOUHSC_00867,-1,0.09195812,0.104772985,0.12301054,0.04704338,0.04437611,0.33178827,0.10432325,0.082728855,0.059026882,0.20846672,0.11974951177835465,0
SAOUHSC_00867,SAOUHSC_00868,-1,0.8806268,0.88816327,0.9383929,0.98783594,0.8995522,0.9316164,0.9571703,0.9528502,0.8922368,0.91496557,0.9243410468101502,1
SAOUHSC_00868,SAOUHSC_00869,-1,0.96874726,0.9422083,0.8905247,0.9497673,0.91284835,0.9132713,0.9141194,0.96173257,0.94981176,0.9568609,0.9359891831874847,1
SAOUHSC_00869,SAOUHSC_00870,-1,0.99113995,0.9816458,0.98019034,0.98234725,0.9684987,0.9939579,0.98169565,0.9861224,0.98406315,0.9874357,0.9837096869945526,1
SAOUHSC_00870,SAOUHSC_00871,-1,0.987463,0.9651256,0.9920544,0.98686254,0.9674594,0.9824009,0.99389315,0.98558336,0.9735567,0.9862175,0.9820616543292999,1
SAOUHSC_00871,SAOUHSC_00872,-1,0.98128945,0.9838636,0.9797558,0.98139703,0.95477444,0.9927648,0.9705722,0.985626,0.983401,0.9877034,0.9801147639751434,1
SAOUHSC_00872,SAOUHSC_00874,-1,0.12371693,0.111539766,0.15203317,0.008404942,0.09821903,0.27139556,0.12029203,0.12758447,0.051513135,0.062585615,0.11272846478968859,0
SAOUHSC_00874,SAOUHSC_00876,-1,0.0003275768,0.0015238778,0.011796812,0.008360363,0.004148867,0.008923331,0.0019753978,0.00090920937,0.0015238763,0.0010949235,0.00405842340842355,0
SAOUHSC_00876,SAOUHSC_00877,-1,0.967084,0.96572703,0.9808528,0.98135066,0.9419192,0.9700893,0.9862912,0.9710051,0.9704436,0.98777163,0.9722534537315368,1
SAOUHSC_00877,SAOUHSC_00878,-1,0.26738453,0.6747097,0.22874413,0.16224283,0.2746615,0.4803909,0.20065972,0.45889497,0.28401625,0.30295783,0.3334662362933159,0
SAOUHSC_00878,SAOUHSC_00879,-1,0.6560105,0.4926831,0.8873842,0.2219613,0.46231684,0.62372106,0.5692851,0.25735915,0.3318,0.1918413,0.4694362565875053,0
SAOUHSC_00879,SAOUHSC_00880,-1,0.37063247,0.20090972,0.4343197,0.0774404,0.13268504,0.2928937,0.347102,0.14544356,0.08121203,0.15582962,0.2238468237221241,0
SAOUHSC_00880,SAOUHSC_00881,-1,0.9550606,0.97008836,0.96609056,0.9814545,0.9524223,0.96150094,0.9924277,0.9447804,0.95359963,0.9493352,0.9626760244369507,1
SAOUHSC_00881,SAOUHSC_00891,-1,0.00022804833,0.00035784493,0.0001465967,0.00027476228,0.002071975,0.0032786264,0.00039924894,0.00030015496,0.0007324464,0.000101755984,0.0007891459899838082,0
SAOUHSC_00891,SAOUHSC_00892,-1,0.07995887,0.1705669,0.40250802,0.0054905214,0.09399356,0.18900572,0.2705433,0.18434685,0.022138327,0.08149584,0.15000479170121253,0
SAOUHSC_00892,SAOUHSC_00893,-1,0.09592528,0.16845636,0.08427895,0.020772977,0.091966815,0.2522502,0.11302519,0.076334454,0.16979115,0.05288609,0.11256874557584524,0
SAOUHSC_00893,rocD,-1,0.75758225,0.6686742,0.8105077,0.58397853,0.6710744,0.6937772,0.55519956,0.70023096,0.6235842,0.8399742,0.6904583215713501,1
rocD,SAOUHSC_00895,-1,0.77244407,0.77763146,0.88659835,0.7111736,0.85284346,0.7142391,0.8328705,0.74868095,0.81857264,0.8448467,0.7959900856018066,1
SAOUHSC_00895,SAOUHSC_00896,-1,0.39854738,0.30918315,0.4047408,0.24484527,0.40682384,0.6372889,0.56934625,0.3784929,0.29785195,0.6079719,0.42550923824310305,0
SAOUHSC_00896,pgi,-1,0.0015610869,0.007102621,0.0024884546,0.00031244065,0.012640668,0.01631112,0.04943401,0.0025550579,0.0052263252,0.018736776,0.011636856020777487,0
pgi,SAOUHSC_00901,-1,0.21242784,0.14547163,0.5366431,0.02463171,0.13228312,0.34802595,0.26543283,0.1440291,0.0950262,0.32096744,0.22249389085918664,0
SAOUHSC_00901,SAOUHSC_00902,-1,0.98296326,0.97890586,0.96854025,0.9856791,0.9543997,0.96118027,0.9957058,0.97224426,0.9700995,0.9875002,0.9757218182086944,1
SAOUHSC_00902,SAOUHSC_00903,-1,0.8312996,0.87190336,0.7867399,0.8393378,0.8123263,0.9370871,0.85599744,0.76207685,0.86678696,0.8423486,0.8405903935432434,1
SAOUHSC_00903,SAOUHSC_00904,-1,0.9230136,0.75347555,0.885826,0.7248606,0.7549732,0.77452004,0.828636,0.702443,0.8730191,0.5625787,0.7783345758914948,1
SAOUHSC_00904,SAOUHSC_00905,-1,0.9912428,0.98340243,0.982001,0.98346317,0.9725396,0.99502003,0.98583966,0.9881202,0.9840403,0.9889011,0.98545703291893,1
SAOUHSC_00905,SAOUHSC_00906,-1,0.88070196,0.67627543,0.5831354,0.70558107,0.6940739,0.755841,0.53085035,0.5067462,0.6917416,0.68251765,0.6707464575767517,1
SAOUHSC_00906,SAOUHSC_00907,-1,0.5035287,0.4661665,0.73641545,0.12865005,0.2979866,0.6998517,0.59119165,0.38740554,0.1719889,0.29162794,0.4274813041090965,0
SAOUHSC_00907,SAOUHSC_00910,-1,0.00032129043,0.0005304506,0.0022545392,0.0010650449,0.0021134664,0.00742838,0.0005639948,0.0005715028,0.0014764807,0.00018696199,0.001651211199350655,0
SAOUHSC_00910,SAOUHSC_00911,-1,0.08623398,0.041396867,0.037439708,0.014023959,0.057666164,0.12661822,0.051452734,0.052510954,0.0576093,0.08198186,0.060693374928087,0
SAOUHSC_00911,SAOUHSC_00912,-1,0.71378607,0.7471569,0.57758427,0.64604175,0.760023,0.7675826,0.65204185,0.72513247,0.6974001,0.75069034,0.7037439346313477,1
SAOUHSC_00912,SAOUHSC_00914,-1,0.8000539,0.5594499,0.69981694,0.10322015,0.27021286,0.7091002,0.70732635,0.42264447,0.27018976,0.11167383,0.46536883562803266,0
SAOUHSC_00914,SAOUHSC_00915,-1,0.9921314,0.9839286,0.9828125,0.98238695,0.9749284,0.9946363,0.9873262,0.98792106,0.98298657,0.98873633,0.9857794344425201,1
SAOUHSC_00915,SAOUHSC_00916,-1,0.98957825,0.9847958,0.9822646,0.9845966,0.97130466,0.995529,0.9846297,0.9883566,0.9844674,0.9892072,0.9854729771614075,1
SAOUHSC_00916,SAOUHSC_00917,-1,0.9921839,0.98402375,0.98283297,0.98169696,0.97488815,0.9943153,0.9872332,0.98763394,0.9825585,0.9884592,0.9855825960636139,1
SAOUHSC_00917,SAOUHSC_00920,-1,0.017534666,0.11799519,0.047009703,0.0029766497,0.026731841,0.034069248,0.022882618,0.038981702,0.0058868756,0.0030831045,0.03171515949070454,0
SAOUHSC_00920,SAOUHSC_00921,-1,0.98701125,0.94030595,0.9814803,0.9156577,0.9539297,0.9578658,0.972683,0.98148197,0.97575635,0.967085,0.9633257031440735,1
SAOUHSC_00921,SAOUHSC_00923,-1,0.4853889,0.34712067,0.6018407,0.12149558,0.21075693,0.501576,0.5128616,0.2465277,0.062497485,0.21563083,0.33056963942945006,0
SAOUHSC_00923,SAOUHSC_00924,-1,0.9907176,0.98228365,0.980238,0.9825976,0.96885496,0.9942964,0.98261005,0.9870272,0.984044,0.9880875,0.9840756952762604,1
SAOUHSC_00924,SAOUHSC_00925,-1,0.9939376,0.9850965,0.99342906,0.99517685,0.9721375,0.98920333,0.998375,0.99253994,0.984041,0.9877413,0.9891678094863892,1
SAOUHSC_00925,SAOUHSC_00926,-1,0.9913532,0.98270375,0.9810926,0.98299587,0.97059005,0.9943483,0.9835055,0.98723996,0.9841176,0.9880783,0.9846025109291077,1
SAOUHSC_00926,SAOUHSC_00927,-1,0.98951995,0.92875075,0.9717807,0.972225,0.9678903,0.9342996,0.9937667,0.9774783,0.97537655,0.9522135,0.9663301467895508,1
SAOUHSC_00927,SAOUHSC_00928,-1,0.90780586,0.49612767,0.89210975,0.33854854,0.5737612,0.61589974,0.834652,0.5125136,0.2703068,0.7611046,0.6202829748392105,1
SAOUHSC_00928,SAOUHSC_00929,-1,0.98475647,0.9679599,0.99542654,0.98650557,0.95079404,0.97733617,0.99664044,0.9652837,0.9737892,0.9798022,0.9778294205665589,1
SAOUHSC_00929,SAOUHSC_00930,-1,0.99153465,0.9882222,0.9892749,0.9916551,0.9669125,0.98367536,0.99491304,0.98286164,0.9820802,0.9884432,0.985957282781601,1
SAOUHSC_00930,SAOUHSC_00931,-1,0.99136174,0.9840668,0.98245984,0.98397505,0.97368294,0.99527,0.9865244,0.98837477,0.9839851,0.9891447,0.9858845353126526,1
SAOUHSC_00931,SAOUHSC_00932,-1,0.991413,0.98439556,0.9915926,0.9923114,0.9726311,0.9779652,0.99750304,0.9886584,0.978567,0.98655367,0.9861590981483459,1
SAOUHSC_00932,spxA,-1,0.008126857,0.041551206,0.02572638,0.0036093486,0.015349219,0.021144511,0.03135899,0.018074268,0.0048975954,0.018870233,0.018870860850438476,0
spxA,SAOUHSC_00935,-1,0.22622317,0.25997624,0.5979779,0.023376776,0.11360465,0.34532714,0.23679756,0.22942209,0.039784193,0.27677703,0.23492667209357024,0
SAOUHSC_00935,SAOUHSC_00936,-1,0.69866556,0.39723015,0.93014294,0.24452144,0.6587789,0.7399413,0.6100684,0.3536849,0.34138438,0.32388774,0.5298305690288544,1
SAOUHSC_00936,SAOUHSC_00937,-1,0.97808874,0.9598509,0.94224983,0.98088354,0.94568187,0.94440234,0.9383857,0.95970863,0.95257956,0.9843095,0.9586140632629394,1
SAOUHSC_00937,SAOUHSC_00941,-1,0.015922328,0.012738776,0.005764432,0.0036033753,0.0075545986,0.062928535,0.007101134,0.0055332254,0.017217748,0.0032487637,0.014161291648633778,0
SAOUHSC_00941,SAOUHSC_00942,-1,0.98095644,0.97038513,0.9745203,0.98987305,0.9385688,0.9527564,0.9905868,0.97285795,0.9656204,0.98401755,0.9720142841339111,1
SAOUHSC_00942,ppnK,-1,0.9872298,0.9809033,0.98235357,0.9880777,0.9601095,0.97003764,0.99443203,0.97898126,0.9765527,0.99092937,0.9809606909751892,1
ppnK,SAOUHSC_00944,-1,0.99053895,0.9809302,0.98077697,0.9830522,0.9671589,0.9939431,0.9795526,0.98630166,0.9854284,0.9874696,0.9835152626037598,1
SAOUHSC_00944,SAOUHSC_00945,-1,0.9010059,0.94145113,0.88571197,0.85511917,0.8539802,0.90190107,0.9233223,0.7689725,0.89737815,0.85566086,0.8784503281116486,1
SAOUHSC_00945,SAOUHSC_00946,-1,0.98495656,0.9804512,0.9875089,0.9931887,0.9520536,0.96369064,0.9891102,0.9836749,0.97571236,0.98135054,0.9791697561740875,1
SAOUHSC_00946,SAOUHSC_00947,-1,0.45235455,0.58151877,0.62515056,0.39822504,0.501683,0.55682516,0.63785493,0.5106178,0.26263967,0.5239925,0.5050861954689025,1
SAOUHSC_00947,SAOUHSC_00949,-1,0.05861178,0.038123753,0.016065469,0.0106169935,0.027230226,0.09973066,0.015561623,0.016717883,0.023568725,0.008377711,0.0314604826271534,0
SAOUHSC_00949,SAOUHSC_00950,-1,0.81474555,0.8446848,0.9777243,0.832984,0.76786053,0.7607333,0.9447927,0.67711073,0.6669263,0.8282362,0.811579841375351,1
SAOUHSC_00950,SAOUHSC_00951,-1,0.426928,0.45871094,0.40978912,0.16912524,0.3628593,0.41522783,0.1990118,0.41732523,0.24708031,0.32435337,0.3430411159992218,0
SAOUHSC_00951,SAOUHSC_00954,-1,0.0079736635,0.008891675,0.0037059637,0.015113407,0.0052676187,0.017831093,0.003799293,0.0022472409,0.0055336663,0.0004661864,0.007082980670384131,0
SAOUHSC_00954,SAOUHSC_00955,-1,0.99068415,0.9859578,0.9828011,0.97831523,0.9733682,0.9923323,0.9855871,0.98534197,0.9780685,0.98660165,0.9839057981967926,1
SAOUHSC_00955,prfC,-1,0.97905535,0.9847245,0.98001957,0.9807445,0.9535336,0.99258894,0.9698822,0.98571587,0.9830352,0.9878998,0.9797199487686157,1
prfC,SAOUHSC_00957,-1,0.757186,0.65655625,0.6001124,0.37335956,0.6914801,0.826474,0.6883993,0.5441477,0.69485754,0.56064636,0.639321917295456,1
SAOUHSC_00957,SAOUHSC_00958,-1,0.6857108,0.40374893,0.80007106,0.26817268,0.4340944,0.5788078,0.57142717,0.29179975,0.2679678,0.57703406,0.4878834396600723,0
SAOUHSC_00958,SAOUHSC_00959,-1,0.9878245,0.9843591,0.98497653,0.9898107,0.9615648,0.97423226,0.99380714,0.9660091,0.97232276,0.9860834,0.9800990223884583,1
SAOUHSC_00959,SAOUHSC_00960,-1,0.9377438,0.5011224,0.81722206,0.31532964,0.5865998,0.83179367,0.7016469,0.7548023,0.78260887,0.56772435,0.6796593815088272,1
SAOUHSC_00960,SAOUHSC_00962,-1,0.025779616,0.1302262,0.14435959,0.040770806,0.024325913,0.079534605,0.052659787,0.053482164,0.007306606,0.016241224,0.057468650536611675,0
SAOUHSC_00962,SAOUHSC_00964,-1,0.0012949711,0.016861206,0.0034613686,0.00089024106,0.0023166004,0.011797195,0.0066755777,0.0017051153,0.0038901318,0.0007010014,0.004959340865025297,0
SAOUHSC_00964,SAOUHSC_00965,-1,0.9861805,0.9901477,0.9894604,0.9862308,0.96720135,0.99229455,0.9895797,0.98527086,0.98664635,0.9915428,0.986455500125885,1
SAOUHSC_00965,SAOUHSC_00966,-1,0.16506292,0.119229466,0.23287904,0.03465256,0.14282012,0.28126,0.49879423,0.3708596,0.09654197,0.2124243,0.21545242071151732,0
SAOUHSC_00966,SAOUHSC_00967,-1,0.001127482,0.004631024,0.00074723386,0.00021333233,0.0020082959,0.011060637,0.002891964,0.0020946579,0.005131601,0.002358992,0.0032265220041153954,0
SAOUHSC_00967,SAOUHSC_00968,-1,0.51557136,0.4399993,0.6749525,0.5108211,0.5360004,0.57550246,0.2489912,0.4484394,0.34932166,0.74090356,0.5040502920746803,1
SAOUHSC_00968,SAOUHSC_00969,-1,0.9904371,0.99379754,0.98956054,0.9926345,0.98088557,0.98836803,0.99734455,0.97602654,0.9801507,0.9848555,0.987406051158905,1
SAOUHSC_00969,SAOUHSC_00970,-1,0.9888797,0.98498887,0.98220134,0.9846006,0.9702978,0.9955023,0.9837583,0.98825186,0.9845454,0.9891566,0.9852182745933533,1
SAOUHSC_00970,SAOUHSC_00972,-1,0.0036093157,0.014618858,0.005683891,0.0017444912,0.012134497,0.018803062,0.0017341947,0.0043339687,0.0034935575,0.001066663,0.006722249847371131,0
SAOUHSC_00972,SAOUHSC_00976,-1,0.00026529856,0.0012019646,0.0014433408,0.00020785892,0.001603028,0.0024942176,0.0011516158,0.0007097191,0.001042378,9.9145924e-05,0.0010218567244010047,0
SAOUHSC_00976,SAOUHSC_00979,-1,0.008052068,0.017453218,0.017908957,0.00747401,0.015940716,0.027108677,0.0112899365,0.0072726104,0.008628807,0.0024661701,0.012359516974538565,0
SAOUHSC_00979,SAOUHSC_00981,-1,0.0004316603,0.0012056488,0.00080712786,0.0009691345,0.00514739,0.009389224,0.00088853185,0.0011448512,0.0013658816,0.00095240766,0.002230185832013376,0
SAOUHSC_00981,SAOUHSC_00982,-1,0.83804387,0.93635106,0.9453003,0.9833861,0.8894063,0.8924017,0.88230234,0.92925024,0.8374342,0.9711085,0.910498458147049,1
SAOUHSC_00982,SAOUHSC_00983,-1,0.9901873,0.9824617,0.9800719,0.98302925,0.9672677,0.99414134,0.9808333,0.98692626,0.98418075,0.9879878,0.9837087273597718,1
SAOUHSC_00983,SAOUHSC_00984,-1,0.9919199,0.982828,0.9815427,0.98071265,0.97223383,0.993636,0.9852781,0.98663175,0.9827693,0.987672,0.9845224261283875,1
SAOUHSC_00984,SAOUHSC_00985,-1,0.9913935,0.9761792,0.97699857,0.9812032,0.960445,0.98704714,0.97633165,0.9855524,0.9824765,0.98448944,0.9802116513252258,1
SAOUHSC_00985,SAOUHSC_00992,-1,0.0026429142,0.011553667,0.008710055,0.000948128,0.0020345792,0.0073737437,0.008602426,0.004243001,0.0017763526,0.0013225727,0.004920743888942525,0
SAOUHSC_00992,SAOUHSC_00993,-1,0.947954,0.98717785,0.9842173,0.99134195,0.982405,0.96738154,0.9967794,0.980614,0.9572067,0.97926843,0.97743461728096,1
SAOUHSC_00993,SAOUHSC_00998,-1,8.692458e-05,0.00025904115,0.000113793656,0.00019631028,0.00061747007,0.003293751,0.00015550657,0.00017195167,0.00052281446,4.810131e-05,0.0005465664780786028,0
SAOUHSC_00998,SAOUHSC_01003,-1,0.00027280825,0.0004382325,0.00020122202,0.0007039671,0.0023597686,0.005851253,0.0002593367,0.0004857495,0.0017891199,0.00025412004,0.001261557757970877,0
SAOUHSC_01003,SAOUHSC_01008,-1,0.00012361907,0.0004646664,0.00027167134,0.000149852,0.0007011023,0.0017556237,0.00012384655,0.0003766905,0.00042317636,7.087204e-05,0.0004461120297492016,0
SAOUHSC_01008,SAOUHSC_01009,-1,0.98660284,0.98268217,0.9795423,0.98231703,0.9609852,0.9935404,0.97538143,0.98616606,0.9839781,0.9877321,0.9818927645683289,1
SAOUHSC_01009,SAOUHSC_01010,-1,0.993469,0.99146605,0.9968771,0.99611956,0.9775826,0.9895287,0.99928063,0.9936779,0.9852438,0.98993975,0.9913185060024261,1
SAOUHSC_01010,SAOUHSC_01011,-1,0.99202853,0.98182255,0.97978157,0.98008233,0.967825,0.9908774,0.98238367,0.9838982,0.9825277,0.98480743,0.9826034367084503,1
SAOUHSC_01011,SAOUHSC_01012,-1,0.97802114,0.9662508,0.96981394,0.9754048,0.9352706,0.9533421,0.9802082,0.9763733,0.9617491,0.98283374,0.9679267704486847,1
SAOUHSC_01012,SAOUHSC_01013,-1,0.98335296,0.9657321,0.9749403,0.9741576,0.9345623,0.97884136,0.9505419,0.9827183,0.982442,0.9810211,0.9708309948444367,1
SAOUHSC_01013,SAOUHSC_01014,-1,0.9915039,0.9592448,0.9763682,0.96039927,0.9662937,0.9859463,0.9814706,0.9845668,0.9820922,0.98147833,0.9769364058971405,1
SAOUHSC_01014,SAOUHSC_01015,-1,0.99100375,0.97901624,0.9786622,0.98108053,0.96097875,0.9900507,0.9801938,0.9820524,0.986313,0.9831209,0.9812472224235534,1
SAOUHSC_01015,SAOUHSC_01016,-1,0.9924546,0.9915277,0.9911483,0.996915,0.98203576,0.9855864,0.9966463,0.99201113,0.9819499,0.9847022,0.9894977271556854,1
SAOUHSC_01016,purH,-1,0.96219575,0.8865918,0.9446686,0.86090523,0.8908422,0.95786154,0.94882417,0.95291466,0.9688188,0.8983286,0.927195131778717,1
purH,SAOUHSC_01018,-1,0.9897581,0.97705823,0.9771425,0.9921688,0.9689524,0.9778086,0.99524707,0.9595405,0.97260165,0.97654444,0.9786822259426117,1
SAOUHSC_01018,SAOUHSC_01023,-1,0.025415791,0.058719344,0.07727251,0.026747301,0.012495819,0.080165096,0.065317445,0.05216084,0.0048989025,0.008804112,0.041199716227129105,0
SAOUHSC_01023,SAOUHSC_01025,-1,0.19180539,0.3760001,0.3084146,0.17037818,0.16126642,0.23328975,0.31992528,0.37369943,0.075670056,0.22188401,0.24323332235217093,0
SAOUHSC_01025,SAOUHSC_01026,-1,0.85037696,0.8077562,0.5752478,0.3239055,0.50828767,0.7660804,0.7411395,0.7382912,0.68782973,0.40813118,0.6407046109437943,1
SAOUHSC_01026,SAOUHSC_01027,-1,0.9080212,0.79879516,0.6496794,0.68879825,0.74349177,0.81689477,0.7670212,0.809548,0.7826378,0.80218863,0.7767076194286346,1
SAOUHSC_01027,SAOUHSC_01028,-1,0.4232202,0.47332236,0.35017744,0.3973069,0.45774737,0.51596016,0.3871404,0.5610757,0.4317656,0.7691112,0.4766827285289764,0
SAOUHSC_01028,SAOUHSC_01029,-1,0.9844938,0.98109627,0.98032963,0.9889023,0.95464015,0.9835998,0.9824999,0.9846458,0.98419565,0.98912287,0.9813526093959808,1
SAOUHSC_01029,SAOUHSC_01031,-1,0.29690984,0.15041356,0.40959692,0.039552294,0.10942479,0.30368963,0.19014227,0.1224777,0.05971006,0.13041903,0.18123360984027387,0
SAOUHSC_01031,SAOUHSC_01032,-1,0.99166447,0.9827505,0.9812327,0.9823822,0.97171026,0.9943452,0.98496455,0.98725605,0.9836388,0.98816025,0.9848104953765869,1
SAOUHSC_01032,SAOUHSC_01034,-1,0.76337993,0.7528827,0.9049808,0.8140149,0.77966976,0.89168227,0.89248997,0.63062096,0.4804988,0.79806685,0.7708286941051483,1
SAOUHSC_01034,SAOUHSC_A00992,-1,0.9771896,0.99448574,0.99339575,0.9936599,0.99019563,0.99157506,0.99786806,0.9907336,0.98127425,0.98662776,0.9897005379199981,1
SAOUHSC_A00992,SAOUHSC_01039,-1,0.0001273176,0.0006051234,0.00041180511,0.000104962906,0.0007947748,0.0024418286,0.00021338076,0.00024507372,0.0004220846,9.0136135e-05,0.0005456487633637153,0
SAOUHSC_01039,SAOUHSC_01040,-1,0.6671421,0.6051214,0.4360976,0.26603872,0.5749725,0.5926182,0.30763912,0.72253925,0.6272018,0.61952955,0.5418900221586227,1
SAOUHSC_01040,SAOUHSC_01041,-1,0.9885973,0.9818392,0.98399574,0.9857595,0.96106064,0.9744954,0.99735916,0.9696135,0.97873056,0.9808672,0.9802318155765534,1
SAOUHSC_01041,SAOUHSC_01042,-1,0.84492385,0.87400043,0.98798144,0.7760052,0.776718,0.8825654,0.79076827,0.55264574,0.82451683,0.9336743,0.8243799448013306,1
SAOUHSC_01042,SAOUHSC_01043,-1,0.9902823,0.98487735,0.9900255,0.9836021,0.9679149,0.9845994,0.9978073,0.96661246,0.9808444,0.98602843,0.9832594156265259,1
SAOUHSC_01043,SAOUHSC_01044,-1,0.52235454,0.39504606,0.7645756,0.1568021,0.32797414,0.6116816,0.46658906,0.31011385,0.17982309,0.2785457,0.40135057270526886,0
SAOUHSC_01044,SAOUHSC_01045,-1,0.274123,0.358,0.4366855,0.21383676,0.33535945,0.49800512,0.76110715,0.4056213,0.16520602,0.24118194,0.36891262531280516,0
SAOUHSC_01045,SAOUHSC_01046,-1,0.9812597,0.97200954,0.98204803,0.9872528,0.9586801,0.94632924,0.9958926,0.98306954,0.9590433,0.9639081,0.9729492902755738,1
SAOUHSC_01046,SAOUHSC_01047,-1,0.9917819,0.9835401,0.98208237,0.98309344,0.9732189,0.99474657,0.9862072,0.9876534,0.98358804,0.9885764,0.985448831319809,1
SAOUHSC_01047,SAOUHSC_01048,-1,0.991539,0.986821,0.98686135,0.98746973,0.97137,0.9834993,0.9926352,0.98609704,0.98221457,0.98196304,0.9850470185279846,1
SAOUHSC_01048,SAOUHSC_01049,-1,0.99087006,0.98311704,0.98166275,0.9848382,0.9676478,0.99355334,0.9806632,0.98722196,0.98512566,0.9877925,0.9842492461204528,1
SAOUHSC_01049,SAOUHSC_01050,-1,0.8411052,0.8977333,0.9522198,0.92076933,0.88325584,0.8848662,0.93234676,0.86460495,0.8549342,0.9499955,0.8981831073760986,1
SAOUHSC_01050,SAOUHSC_01051,-1,0.49472883,0.33006734,0.5955043,0.14861232,0.20038176,0.39277887,0.5831273,0.2853275,0.08100699,0.33232835,0.3443863555788994,0
SAOUHSC_01051,SAOUHSC_01055,-1,0.0034561334,0.0062386035,0.018378936,0.0010600116,0.005064492,0.015484003,0.0031609777,0.0033347777,0.0012282577,0.0012721351,0.005867832782678306,0
SAOUHSC_01055,SAOUHSC_01058,-1,0.5476428,0.44925842,0.6839732,0.11702027,0.3373264,0.5837313,0.33362782,0.41604644,0.33887857,0.12375824,0.3931263484060764,0
SAOUHSC_01058,SAOUHSC_01062,-1,0.057231653,0.070526436,0.028474528,0.004205894,0.028907595,0.1557808,0.048067648,0.033852816,0.036178634,0.016434204,0.04796602153219283,0
SAOUHSC_01062,SAOUHSC_01063,-1,0.19044411,0.28480458,0.15984575,0.14037526,0.07570297,0.47754806,0.09612388,0.12188225,0.18181132,0.26495656,0.19934947565197944,0
SAOUHSC_01063,SAOUHSC_01064,-1,0.7466594,0.6133645,0.6808995,0.16851735,0.5065485,0.6410065,0.38205752,0.5259147,0.54241323,0.49014285,0.5297524154186248,1
SAOUHSC_01064,SAOUHSC_01066,-1,0.20206872,0.24426383,0.09230872,0.13445699,0.06778618,0.33821607,0.18952252,0.06594757,0.09634287,0.026705625,0.14576190877705814,0
SAOUHSC_01066,SAOUHSC_01067,-1,0.99174416,0.9931084,0.9937774,0.99500114,0.986291,0.98875004,0.99867654,0.98932445,0.9796929,0.99444735,0.9910813331604004,1
SAOUHSC_01067,SAOUHSC_01068,-1,0.20440693,0.25014213,0.57290125,0.14316249,0.14344084,0.53335124,0.48901993,0.21213534,0.043379787,0.23705436,0.2828994307667017,0
SAOUHSC_01068,SAOUHSC_01069,-1,0.98161733,0.9857295,0.9816074,0.9833024,0.958407,0.99369764,0.9738157,0.9867877,0.9837448,0.9885012,0.9817210614681244,1
SAOUHSC_01069,SAOUHSC_01070,-1,0.98857534,0.9423727,0.9836564,0.9768094,0.9650236,0.9846506,0.9973776,0.9720272,0.9789339,0.971088,0.9760514616966247,1
SAOUHSC_01070,SAOUHSC_01072,-1,0.008283399,0.0069964468,0.0058048046,0.0023740747,0.004685871,0.048614495,0.0009348464,0.0029402284,0.010098426,0.0012718084,0.00920043993392028,0
SAOUHSC_01072,SAOUHSC_01074,-1,0.17323522,0.39016178,0.410882,0.71385497,0.39729506,0.6650569,0.5485671,0.53213865,0.39858943,0.72753125,0.4957312360405922,0
SAOUHSC_01074,coaD,-1,0.9799156,0.96981305,0.9787617,0.9754915,0.9576503,0.95919085,0.992084,0.9825461,0.9622351,0.975821,0.9733509242534637,1
coaD,SAOUHSC_01077,-1,0.014056336,0.051495925,0.03824139,0.013905695,0.013250805,0.018938258,0.016602721,0.016160036,0.0049891267,0.011586207,0.019922649953514338,0
SAOUHSC_01077,SAOUHSC_01082,-1,0.002268629,0.010573112,0.007427217,0.00039188872,0.0023835632,0.006571082,0.008273061,0.003032168,0.0023693196,0.0035900255,0.004688006645301357,0
SAOUHSC_01082,SAOUHSC_01084,-1,0.9900542,0.98461396,0.9823237,0.9845879,0.97186345,0.9954991,0.9850833,0.9884094,0.98444015,0.9892089,0.9856083989143372,1
SAOUHSC_01084,SAOUHSC_01085,-1,0.96552056,0.9825409,0.9395891,0.96285635,0.96446013,0.9506948,0.9774928,0.9402781,0.9669627,0.9434089,0.9593804359436036,1
SAOUHSC_01085,SAOUHSC_01086,-1,0.9917593,0.99006623,0.99245363,0.99324185,0.98145854,0.98688203,0.99791265,0.9859855,0.9813468,0.98915046,0.9890257000923157,1
SAOUHSC_01086,SAOUHSC_01087,-1,0.9921201,0.9843388,0.9830507,0.98101103,0.975082,0.9940674,0.9873221,0.98739225,0.98195744,0.98826176,0.985460352897644,1
SAOUHSC_01087,SAOUHSC_01088,-1,0.98164815,0.9744945,0.9806832,0.97694534,0.9718514,0.98097783,0.9896041,0.9678701,0.9769331,0.9879405,0.978894829750061,1
SAOUHSC_01088,SAOUHSC_01089,-1,0.9813611,0.982427,0.97760767,0.98890024,0.9646001,0.971717,0.99263364,0.9752952,0.9708321,0.98515856,0.979053258895874,1
SAOUHSC_01089,SAOUHSC_01090,-1,0.8120731,0.6446905,0.91173315,0.75245935,0.8410643,0.900487,0.8676787,0.7046655,0.57058686,0.9590956,0.7964534044265748,1
SAOUHSC_01090,SAOUHSC_01091,-1,0.08493378,0.17352964,0.17608356,0.13226242,0.2691222,0.24126951,0.17794204,0.26265925,0.12192421,0.08935951,0.17290861383080483,0
SAOUHSC_01091,pheS,-1,0.53171015,0.5951301,0.5978651,0.7200557,0.60662025,0.6651362,0.61761403,0.59415436,0.54455835,0.75466925,0.6227513492107392,1
pheS,pheT,-1,0.98808557,0.9808352,0.98026323,0.98259115,0.9606607,0.99196243,0.9740922,0.9862038,0.9848859,0.98707443,0.9816654562950134,1
pheT,SAOUHSC_01096,-1,0.07357234,0.07273198,0.09052938,0.0057892227,0.031038012,0.115278706,0.110165484,0.1178449,0.018223958,0.029898874,0.0665072858799249,0
SAOUHSC_01096,SAOUHSC_01097,-1,0.99398077,0.9941477,0.9938777,0.996226,0.9848061,0.9890046,0.9986708,0.99278283,0.98839515,0.99125135,0.9923143088817596,1
SAOUHSC_01097,SAOUHSC_01098,-1,0.9038476,0.965154,0.98892987,0.9573286,0.94552135,0.95461667,0.9774907,0.9470809,0.97111917,0.9320687,0.9543157577514648,1
SAOUHSC_01098,SAOUHSC_01099,-1,0.98873127,0.98022336,0.9837272,0.9800827,0.9543333,0.98665154,0.98119015,0.9765958,0.98577935,0.9937781,0.9811092793941498,1
SAOUHSC_01099,SAOUHSC_01100,-1,0.54778737,0.63436687,0.7571039,0.61573917,0.6138998,0.59845656,0.6767978,0.4924683,0.3755685,0.750569,0.6062757313251496,1
SAOUHSC_01100,uvrC,-1,0.36824703,0.21218577,0.41699424,0.059501655,0.15983757,0.3068342,0.21541364,0.15962528,0.105309784,0.17177449,0.21757236644625663,0
uvrC,SAOUHSC_01103,-1,0.8422208,0.8168591,0.66832936,0.78386503,0.7564239,0.8832475,0.8438916,0.6466999,0.8529935,0.7160328,0.7810563504695892,1
SAOUHSC_01103,sdhA,-1,0.9581075,0.78332514,0.9208185,0.6624999,0.8111198,0.8565716,0.84497374,0.932291,0.93977857,0.8317454,0.8541231095790863,1
sdhA,sdhB,-1,0.99160856,0.97822577,0.97825855,0.97916776,0.96021724,0.9876524,0.97847795,0.98195684,0.98386526,0.98108906,0.9800519406795501,1
sdhB,SAOUHSC_01106,-1,0.5718801,0.32653475,0.6309074,0.1275038,0.20528959,0.37256986,0.42444596,0.23207155,0.10615506,0.27047694,0.32678350135684014,0
SAOUHSC_01106,SAOUHSC_01107,-1,0.9911417,0.9900306,0.99329615,0.9940412,0.97030836,0.99019235,0.999222,0.9769117,0.98267996,0.99238217,0.9880206167697907,1
SAOUHSC_01107,SAOUHSC_01108,-1,0.99165976,0.9832737,0.9824151,0.9839463,0.9725249,0.9945545,0.9848473,0.9880646,0.98473734,0.98854613,0.9854569613933564,1
SAOUHSC_01108,SAOUHSC_01109,-1,0.28129572,0.17858872,0.33008438,0.10023911,0.2013079,0.5514923,0.28491938,0.42951682,0.14476675,0.33383986,0.28360509127378464,0
SAOUHSC_01109,SAOUHSC_01110,-1,0.81170356,0.8576769,0.4890834,0.54327106,0.28436586,0.6634535,0.41910186,0.86606896,0.5435112,0.1864143,0.5664650678634644,1
SAOUHSC_01110,SAOUHSC_01113,-1,0.010476855,0.048142336,0.01810462,0.0007548569,0.009377292,0.038704187,0.010515786,0.012948117,0.006348552,0.0025743735,0.015794697584351525,0
SAOUHSC_01113,SAOUHSC_01114,-1,0.19050533,0.25139314,0.2141775,0.23222157,0.18762048,0.25619024,0.14776248,0.25730133,0.123903096,0.35694683,0.22180219888687133,0
SAOUHSC_01114,SAOUHSC_01115,-1,0.8424858,0.9129484,0.75598776,0.96005076,0.8564799,0.9499002,0.9265516,0.8757916,0.88618463,0.9115949,0.8877975583076477,1
SAOUHSC_01115,SAOUHSC_01118,-1,0.3648946,0.31316593,0.3162175,0.118989415,0.15305027,0.40915492,0.39803967,0.33014166,0.10633661,0.11201656,0.26220071539282797,0
SAOUHSC_01118,SAOUHSC_01122,-1,9.6631346e-05,0.00081504555,0.00080000097,5.6668876e-05,0.00068540516,0.002057438,0.00017134543,0.00021105183,0.00028908698,3.499978e-05,0.0005217673933657352,0
SAOUHSC_01122,SAOUHSC_01123,-1,0.9902004,0.98459214,0.9823692,0.984693,0.97179884,0.9954511,0.98504215,0.98839146,0.984473,0.9891702,0.9856181442737579,1
SAOUHSC_01123,SAOUHSC_01128,-1,0.0005919828,0.0011297087,0.0005230609,0.0011911222,0.0012423926,0.006582546,0.0011501313,0.00052365015,0.0021456135,0.0005019749,0.0015582183201331644,0
SAOUHSC_01128,SAOUHSC_01129,-1,0.9843142,0.9879072,0.9886776,0.98573214,0.97167367,0.988227,0.9918928,0.973632,0.9844621,0.98795956,0.9844478249549866,1
SAOUHSC_01129,SAOUHSC_01130,-1,0.6083686,0.52701575,0.73396003,0.6724427,0.69454205,0.75929385,0.4690938,0.68392247,0.60568476,0.7930523,0.6547376275062561,1
SAOUHSC_01130,SAOUHSC_01131,-1,0.3205401,0.47915217,0.6429586,0.1730387,0.30196434,0.30353343,0.585047,0.37374035,0.09720875,0.23972854,0.35169119834899903,0
SAOUHSC_01131,SAOUHSC_01134,-1,0.0033793382,0.0040786904,0.0070178667,0.0011739559,0.003958946,0.020367347,0.00069923984,0.0012676647,0.006048339,0.00031774805,0.004830913554178551,0
SAOUHSC_01134,SAOUHSC_01135,-1,0.0014671128,0.023318011,0.020796869,0.009319134,0.004457378,0.0045010033,0.0075440314,0.0024301254,0.0012643773,0.003945883,0.007904392515774817,0
SAOUHSC_01135,SAOUHSC_01136,-1,0.44541332,0.66226983,0.66895324,0.35713,0.5634939,0.7752402,0.41391984,0.2980181,0.65793216,0.291727,0.5134097576141358,1
SAOUHSC_01136,SAOUHSC_01137,-1,0.4652324,0.2316686,0.4125064,0.037710562,0.34826207,0.5124509,0.30850166,0.3139722,0.24907893,0.41069818,0.3290081888437271,0
SAOUHSC_01137,SAOUHSC_01139,-1,0.0009877553,0.0032995262,0.0012045847,0.00070958456,0.0038512126,0.0074968734,0.0005157256,0.0014127971,0.0023466763,0.00032652047,0.002215125615475699,0
SAOUHSC_01139,SAOUHSC_01141,-1,0.76880527,0.8064305,0.9477616,0.9574164,0.8764178,0.8708739,0.8883352,0.9110818,0.766237,0.94685507,0.874021464586258,1
SAOUHSC_01141,SAOUHSC_01142,-1,0.525786,0.49624562,0.4166478,0.23623128,0.3454611,0.45765412,0.35892597,0.36665553,0.20007433,0.40928468,0.3812966406345367,0
SAOUHSC_01142,mraW,-1,0.989014,0.98429424,0.98474485,0.9885981,0.9769508,0.98465425,0.9940271,0.97319824,0.98390293,0.9398822,0.9799266755580902,1
mraW,SAOUHSC_01144,-1,0.98993254,0.9858977,0.9840959,0.99369705,0.9727757,0.9871354,0.9957593,0.9769562,0.985775,0.99200386,0.9864028632640839,1
SAOUHSC_01144,SAOUHSC_01145,-1,0.98262316,0.9833935,0.9841431,0.9841967,0.9505037,0.9881522,0.9644736,0.9877082,0.9849371,0.9871182,0.9797249436378479,1
SAOUHSC_01145,mraY,-1,0.6405666,0.5291913,0.82680875,0.211244,0.7242232,0.7882828,0.76537824,0.45438313,0.51359487,0.7416816,0.6195354476571083,1
mraY,murD,-1,0.9868437,0.97971296,0.9861155,0.9899004,0.9607559,0.96595216,0.9920534,0.98688394,0.9729771,0.9845195,0.9805714547634125,1
murD,SAOUHSC_01148,-1,0.9916087,0.9917928,0.9859129,0.99092275,0.97581905,0.9874513,0.9962967,0.9836785,0.9847823,0.99043506,0.9878700077533722,1
SAOUHSC_01148,SAOUHSC_01149,-1,0.7483757,0.69109774,0.7957757,0.670606,0.78765774,0.8345575,0.8001188,0.7561084,0.7591333,0.9004048,0.7743835687637329,1
SAOUHSC_01149,SAOUHSC_01150,-1,0.9688823,0.9164954,0.9542542,0.8734117,0.9218754,0.91144127,0.9758457,0.90934867,0.9595986,0.951519,0.9342672288417816,1
SAOUHSC_01150,SAOUHSC_01152,-1,0.292088,0.16662997,0.5297816,0.06046945,0.15492205,0.3940588,0.33914393,0.14950989,0.06284039,0.20372285,0.23531669080257417,0
SAOUHSC_01152,SAOUHSC_01153,-1,0.9284587,0.8953065,0.9029346,0.8482488,0.86434096,0.8710954,0.8629841,0.80980307,0.92805326,0.84836936,0.8759594798088074,1
SAOUHSC_01153,SAOUHSC_01154,-1,0.9917645,0.9774394,0.9751537,0.9801848,0.960624,0.98703504,0.97655237,0.9837722,0.98122066,0.983797,0.979754364490509,1
SAOUHSC_01154,SAOUHSC_01155,-1,0.98792464,0.9842099,0.9745796,0.9860995,0.9673707,0.986591,0.99142694,0.9784713,0.98820794,0.99092543,0.9835806846618652,1
SAOUHSC_01155,SAOUHSC_01156,-1,0.563475,0.39196816,0.7440676,0.28960913,0.41379187,0.3992537,0.5276677,0.27070567,0.2333502,0.36787286,0.42017619162797926,0
SAOUHSC_01156,SAOUHSC_01158,-1,0.9671625,0.9507662,0.94585127,0.97756356,0.9238973,0.9234921,0.9226098,0.9524483,0.92407656,0.9665968,0.9454464375972748,1
SAOUHSC_01158,ileS,-1,0.85414714,0.91728437,0.9612444,0.8306347,0.86982334,0.8631748,0.8787984,0.7488146,0.8956928,0.87843364,0.8698048233985901,1
ileS,SAOUHSC_01160,-1,0.43143082,0.27745926,0.7237541,0.06780076,0.30547914,0.47712094,0.39848322,0.1715409,0.1740769,0.23266217,0.3259808212518692,0
SAOUHSC_01160,lspA,-1,0.029448621,0.2094702,0.085265495,0.006825642,0.07319746,0.11383957,0.28759533,0.06610735,0.035123464,0.021660987,0.0928534114267677,0
lspA,SAOUHSC_01163,-1,0.9892591,0.9813695,0.97956556,0.9828511,0.96207905,0.9920472,0.9756507,0.98647225,0.9840326,0.9872048,0.9820531845092774,1
SAOUHSC_01163,SAOUHSC_01164,-1,0.25160563,0.39716852,0.2223331,0.17759849,0.20192343,0.5488451,0.1788016,0.100217886,0.29360855,0.120106556,0.2492208868265152,0
SAOUHSC_01164,SAOUHSC_01165,-1,0.57428724,0.4854441,0.45647988,0.35579008,0.54510206,0.58080256,0.37650883,0.49249485,0.4929149,0.50351167,0.4863336145877838,0
SAOUHSC_01165,pyrB,-1,0.9653226,0.8982778,0.9614447,0.89055187,0.86439145,0.9238157,0.9865137,0.89869237,0.9508064,0.9563996,0.9296216189861297,1
pyrB,pyrC,-1,0.9930666,0.97169256,0.9947122,0.98496515,0.9724627,0.97638774,0.99814695,0.9881361,0.98127365,0.98533314,0.984617680311203,1
pyrC,SAOUHSC_01169,-1,0.9903601,0.938942,0.9793829,0.9371843,0.9692243,0.982976,0.99521315,0.9915623,0.9789425,0.9688301,0.9732617616653443,1
SAOUHSC_01169,carB,-1,0.98685217,0.97496134,0.97591466,0.9827459,0.9390106,0.9825697,0.96511513,0.9821777,0.985499,0.9800136,0.9754859805107117,1
carB,SAOUHSC_01171,-1,0.98645675,0.9901075,0.99192,0.9968875,0.9797681,0.99000794,0.9962745,0.9852685,0.96488076,0.9905878,0.9872159242630005,1
SAOUHSC_01171,pyrE,-1,0.9910584,0.9816349,0.9762135,0.9807889,0.95908874,0.99214715,0.9858198,0.9804219,0.98696935,0.98305655,0.9817199230194091,1
pyrE,SAOUHSC_01173,-1,0.98397034,0.99104667,0.99064505,0.9872792,0.98379534,0.9885231,0.9885663,0.9774468,0.9819772,0.9875581,0.986080813407898,1
SAOUHSC_01173,SAOUHSC_01174,-1,0.093706675,0.17704603,0.22709505,0.02565107,0.044015113,0.1860083,0.13088574,0.09581101,0.018249646,0.084173076,0.10826417114585637,0
SAOUHSC_01174,gmk,-1,0.009790983,0.023177948,0.019045055,0.0074417843,0.0093714865,0.041958153,0.0055038743,0.002212984,0.0129490495,0.0015715926,0.013302291021682322,0
gmk,rpoZ,-1,0.99232835,0.9834063,0.9809561,0.9796647,0.9718315,0.9923479,0.9858822,0.98557454,0.9813093,0.98615474,0.9839455604553222,1
rpoZ,SAOUHSC_01178,-1,0.276609,0.2176173,0.40291768,0.019328842,0.19483954,0.39562258,0.23921748,0.21937571,0.1687389,0.44138387,0.25756509099155667,0
SAOUHSC_01178,SAOUHSC_01179,-1,0.98857427,0.98264027,0.98024523,0.98272365,0.96492064,0.9939419,0.9787213,0.9867389,0.9844978,0.987962,0.9830965995788574,1
SAOUHSC_01179,SAOUHSC_01180,-1,0.33706874,0.28000322,0.67624074,0.09038679,0.21457537,0.49129573,0.41194642,0.15489084,0.07408129,0.3272594,0.3057748511433601,0
SAOUHSC_01180,SAOUHSC_01182,-1,0.01104647,0.033629928,0.0133865895,0.0021933226,0.014769716,0.024707753,0.0037190828,0.008801395,0.0065462724,0.0005222774,0.011932280712062492,0
SAOUHSC_01182,SAOUHSC_01183,-1,0.9892255,0.9831625,0.9807359,0.9834896,0.96559566,0.99376935,0.978808,0.98728824,0.9845433,0.9880771,0.9834695160388947,1
SAOUHSC_01183,SAOUHSC_01184,-1,0.99053353,0.9826005,0.9808369,0.9829894,0.967825,0.993707,0.98068714,0.98728365,0.98459685,0.98796993,0.9839029908180237,1
SAOUHSC_01184,SAOUHSC_01185,-1,0.9912191,0.9868183,0.9848227,0.9851726,0.9699271,0.98071873,0.9964428,0.98091877,0.9789354,0.99263257,0.9847608089447022,1
SAOUHSC_01185,SAOUHSC_01186,-1,0.9944651,0.99443465,0.9977938,0.99692506,0.98973316,0.9908318,0.99970126,0.99612826,0.9876059,0.9925725,0.9940191507339478,1
SAOUHSC_01186,SAOUHSC_01187,-1,0.9868228,0.9830493,0.98047507,0.98275524,0.9617284,0.9933972,0.9735175,0.98620516,0.98498863,0.9874742,0.9820413410663604,1
SAOUHSC_01187,SAOUHSC_01188,-1,0.6602655,0.45303863,0.810838,0.41553912,0.47865346,0.7019335,0.6424671,0.41160363,0.3187445,0.49176773,0.5384851157665252,1
SAOUHSC_01188,SAOUHSC_01189,-1,0.992001,0.9829624,0.98164123,0.9824793,0.9719679,0.993918,0.98476,0.9873722,0.9839726,0.9880679,0.9849142551422119,1
SAOUHSC_01189,SAOUHSC_01190,-1,0.99333334,0.992247,0.9958635,0.9925965,0.9869457,0.9912369,0.9982294,0.9946236,0.9851603,0.98986137,0.9920097589492798,1
SAOUHSC_01190,SAOUHSC_01192,-1,0.003288014,0.028245647,0.011476179,0.0008743727,0.007998925,0.01790701,0.0016689552,0.007606878,0.0031551144,0.000556988,0.008277808257844299,0
SAOUHSC_01192,SAOUHSC_01193,-1,0.98041207,0.9631281,0.9903707,0.98873943,0.9588922,0.9475623,0.9944408,0.98741555,0.96997136,0.9850523,0.9765984773635864,1
SAOUHSC_01193,SAOUHSC_01194,-1,0.9803273,0.86372197,0.9685359,0.96471816,0.8659599,0.94703573,0.8989054,0.9234501,0.92328656,0.8680315,0.9203972518444061,1
SAOUHSC_01194,SAOUHSC_01196,-1,0.46948057,0.53923404,0.64512986,0.40225464,0.47549927,0.54143876,0.4675848,0.48173693,0.3208881,0.42951626,0.47727632224559785,0
SAOUHSC_01196,SAOUHSC_01197,-1,0.9828029,0.9804236,0.9864792,0.9856083,0.95891374,0.9583442,0.98841035,0.98584944,0.97491485,0.97421414,0.9775960803031921,1
SAOUHSC_01197,SAOUHSC_01198,-1,0.989916,0.97442526,0.97412354,0.9763543,0.9528123,0.9888303,0.970709,0.9804219,0.98331404,0.98175204,0.9772658765316009,1
SAOUHSC_01198,SAOUHSC_01199,-1,0.9912953,0.9769407,0.9749609,0.9785252,0.95491564,0.9845703,0.9778276,0.9817298,0.9819818,0.98039556,0.9783142864704132,1
SAOUHSC_01199,acpP,-1,0.14804061,0.25192037,0.21415761,0.064468175,0.22342953,0.3112104,0.44096956,0.24134038,0.17648566,0.21986453,0.22918868213891982,0
acpP,rnc,-1,0.6930107,0.6039316,0.8626179,0.2159329,0.5741576,0.72001374,0.75952065,0.45882297,0.2580526,0.7911893,0.5937249958515167,1
rnc,SAOUHSC_01204,-1,0.81597894,0.8780512,0.900441,0.9213584,0.8455929,0.8408071,0.75987077,0.8823415,0.9127158,0.9334188,0.8690576434135437,1
SAOUHSC_01204,SAOUHSC_01205,-1,0.9909245,0.97805315,0.9736705,0.9729385,0.9582416,0.98436344,0.97251236,0.97705215,0.98091793,0.9773009,0.9765974938869476,1
SAOUHSC_01205,SAOUHSC_01206,-1,0.9889875,0.97972685,0.9739773,0.97290224,0.9563383,0.98686254,0.9723589,0.9739152,0.98164004,0.9786056,0.9765314519405365,1
SAOUHSC_01206,SAOUHSC_01207,-1,0.8919831,0.7783292,0.91047764,0.82366735,0.79697245,0.73495376,0.87481606,0.8380027,0.8625116,0.8408453,0.8352559089660645,1
SAOUHSC_01207,rpsP,-1,0.2976263,0.54894435,0.69139194,0.15992685,0.2679551,0.45875704,0.5801361,0.27049872,0.05061296,0.21519095,0.35410403199493884,0
rpsP,rimM,-1,0.23237501,0.14154537,0.15090252,0.05635066,0.09134986,0.38855624,0.11457129,0.15048866,0.106916204,0.3513034,0.17843592204153538,0
rimM,trmD,-1,0.9898794,0.9809844,0.9789524,0.98236156,0.96360356,0.9926897,0.9766544,0.98585874,0.98428553,0.9869213,0.9822191059589386,1
trmD,rplS,-1,0.7287326,0.6333442,0.62753296,0.38094518,0.64721185,0.63199854,0.45196462,0.57557595,0.5037004,0.7452344,0.5926240593194961,1
rplS,rbgA,-1,0.0009714632,0.0054253996,0.0027932022,0.00031981588,0.0009435015,0.0024842776,0.0027454055,0.0016236503,0.0020855027,0.0008216634,0.0020213881973177193,0
rbgA,rnhB,-1,0.99149644,0.98269284,0.9800691,0.98273885,0.9694439,0.9937936,0.98248196,0.98667645,0.9838845,0.9875247,0.9840802371501922,1
rnhB,sucC,-1,0.8368452,0.8922694,0.90671235,0.98126394,0.88049114,0.8953168,0.8607611,0.8562967,0.8720908,0.9071763,0.8889223754405975,1
sucC,SAOUHSC_01218,-1,0.9923739,0.98891854,0.98284644,0.9928077,0.970403,0.98785067,0.99189484,0.9812933,0.9835341,0.9888575,0.9860780000686645,1
SAOUHSC_01218,SAOUHSC_01219,-1,0.621482,0.42729315,0.67524934,0.15736598,0.45303723,0.6871701,0.7411303,0.44727737,0.21890844,0.49576974,0.49246836453676224,0
SAOUHSC_01219,SAOUHSC_01220,-1,0.9857448,0.9827555,0.98850685,0.9859873,0.96015394,0.9812965,0.99652016,0.9547139,0.9798601,0.95286477,0.9768403768539429,1
SAOUHSC_01220,SAOUHSC_01221,-1,0.4676293,0.42473358,0.44360632,0.08588917,0.35432148,0.49261826,0.48009068,0.44141906,0.20326456,0.17874792,0.35723203495144845,0
SAOUHSC_01221,SAOUHSC_01222,-1,0.7953064,0.8079229,0.3797826,0.3260878,0.39061496,0.6795652,0.278748,0.85535944,0.748485,0.35711,0.5618982285261154,1
SAOUHSC_01222,SAOUHSC_01223,-1,0.84162635,0.862284,0.9051049,0.8430508,0.8372063,0.9261094,0.9411291,0.7544552,0.89206326,0.9103115,0.8713340759277344,1
SAOUHSC_01223,SAOUHSC_01224,-1,0.6438109,0.763153,0.85811776,0.6064246,0.5324089,0.7418993,0.6683407,0.49958774,0.22029649,0.44173825,0.5975777700543403,1
SAOUHSC_01224,SAOUHSC_01225,-1,0.9907588,0.97714186,0.97016597,0.97452074,0.95483935,0.98658776,0.9771841,0.9782519,0.9814767,0.97889584,0.9769823014736175,1
SAOUHSC_01225,hslU,-1,0.7849928,0.86457413,0.9480079,0.76105094,0.81646746,0.7621155,0.88323194,0.69392174,0.91568214,0.85393333,0.828397786617279,1
hslU,SAOUHSC_01228,-1,0.99227947,0.9921481,0.9909922,0.99132,0.98125994,0.99059224,0.9976633,0.98545355,0.98158854,0.9915895,0.989488685131073,1
SAOUHSC_01228,SAOUHSC_01230,-1,0.8643362,0.94306827,0.98380333,0.9907968,0.916267,0.95016265,0.96798956,0.89852923,0.85922855,0.98199844,0.9356180012226105,1
SAOUHSC_01230,SAOUHSC_01233,-1,0.00020947085,0.00079387537,0.0005311759,0.00049100735,0.0032352095,0.005868765,0.0012879622,0.0010932559,0.0011302986,0.00043471134,0.0015075732066179627,0
SAOUHSC_01233,tsf,-1,0.8759325,0.9119364,0.8324455,0.8411798,0.89217937,0.8032014,0.8665285,0.8321145,0.852972,0.8913691,0.8599859058856965,1
tsf,pyrH,-1,0.5755651,0.43390697,0.6972161,0.13718109,0.44748098,0.7043916,0.63825774,0.37280604,0.2987271,0.577833,0.48833657056093216,0
pyrH,frr,-1,0.98482525,0.97934514,0.9799523,0.9883632,0.9614566,0.9743251,0.990663,0.9723312,0.97522527,0.98651165,0.9792998731136322,1
frr,SAOUHSC_01237,-1,0.18996018,0.10051353,0.089177094,0.05375184,0.06223928,0.2991353,0.066462524,0.105191894,0.101713315,0.2821648,0.13503097742795944,0
SAOUHSC_01237,SAOUHSC_01238,-1,0.989638,0.98783135,0.9809246,0.9849579,0.96095777,0.9882661,0.98967147,0.976541,0.98726207,0.992836,0.9838886201381684,1
SAOUHSC_01238,SAOUHSC_01239,-1,0.25454178,0.337284,0.39454356,0.1516209,0.35220188,0.5017653,0.34674516,0.2787119,0.36007136,0.39452958,0.33720154166221616,0
SAOUHSC_01239,SAOUHSC_01240,-1,0.98009574,0.976281,0.97351444,0.9794231,0.9470562,0.95875233,0.98048556,0.9795637,0.96570563,0.97782564,0.9718703329563141,1
SAOUHSC_01240,polC,-1,0.8912384,0.68800396,0.9317417,0.826431,0.64820987,0.61740535,0.7477229,0.48669627,0.56575996,0.5665533,0.6969762712717056,1
polC,SAOUHSC_01242,-1,0.71537215,0.792299,0.88116086,0.7918599,0.752471,0.76574934,0.8944558,0.6482012,0.5938543,0.76335573,0.7598779320716857,1
SAOUHSC_01242,nusA,-1,0.97149533,0.86621535,0.96075886,0.90311015,0.90669656,0.9255852,0.95869464,0.9769519,0.9671699,0.9431668,0.9379844665527344,1
nusA,SAOUHSC_01244,-1,0.98928374,0.9925759,0.98343325,0.98801655,0.98255473,0.9906556,0.991482,0.977931,0.98251057,0.98890406,0.9867347419261933,1
SAOUHSC_01244,SAOUHSC_01245,-1,0.9904171,0.9800776,0.98059124,0.9816954,0.96750057,0.9936917,0.9798888,0.9854095,0.9853182,0.9873308,0.983192092180252,1
SAOUHSC_01245,infB,-1,0.98085815,0.97298247,0.9939107,0.98872983,0.96818274,0.9448308,0.99316996,0.9917903,0.96994036,0.9907654,0.979516065120697,1
infB,rbfA,-1,0.2038946,0.21362187,0.40732437,0.071770005,0.15705882,0.3631994,0.38987792,0.16073057,0.0827719,0.12064403,0.21708934977650643,0
rbfA,SAOUHSC_01248,-1,0.31451508,0.2966314,0.43577617,0.06225487,0.2198865,0.51569664,0.38282672,0.19775033,0.17653146,0.42920446,0.30310736373066904,0
SAOUHSC_01248,SAOUHSC_01249,-1,0.9784269,0.9728293,0.96671605,0.98123723,0.9407354,0.9524956,0.98225284,0.96786344,0.9636754,0.9812569,0.9687488973140717,1
SAOUHSC_01249,rpsO,-1,0.8148935,0.8694197,0.8965338,0.9588263,0.8394217,0.86405665,0.8772056,0.7583956,0.84943604,0.89422816,0.8622417032718659,1
rpsO,SAOUHSC_01251,-1,0.3701274,0.43932968,0.6071614,0.085164465,0.26494265,0.27582476,0.3740144,0.18820465,0.077063814,0.27982387,0.2961657099425793,0
SAOUHSC_01251,SAOUHSC_01252,-1,0.67127216,0.5154352,0.78416336,0.40705553,0.6720552,0.8681903,0.8001756,0.6059168,0.57097006,0.83372474,0.6728958934545517,1
SAOUHSC_01252,SAOUHSC_01253,-1,0.46087292,0.21923976,0.6310239,0.044455614,0.3865491,0.3988998,0.37962157,0.20192525,0.2812072,0.16300309,0.31667981557548047,0
SAOUHSC_01253,SAOUHSC_01254,-1,0.9907784,0.9932179,0.99052584,0.9937005,0.9685268,0.9823914,0.9981347,0.9780834,0.9800579,0.9693345,0.9844751238822937,1
SAOUHSC_01254,SAOUHSC_01255,-1,0.9729784,0.96429557,0.96687376,0.9676611,0.94411314,0.9701971,0.94685465,0.9144079,0.95108616,0.9778528,0.9576320588588715,1
SAOUHSC_01255,SAOUHSC_01256,-1,0.98977566,0.97713137,0.9734626,0.9770098,0.9606471,0.9923807,0.9747093,0.98148125,0.9822584,0.9848961,0.9793752193450928,1
SAOUHSC_01256,SAOUHSC_01257,-1,0.9883844,0.96882373,0.96187496,0.96343344,0.9440843,0.9843382,0.96042335,0.96859753,0.97966075,0.9736974,0.9693318128585815,1
SAOUHSC_01257,SAOUHSC_01258,-1,0.7942845,0.8074673,0.8912604,0.6122083,0.8525054,0.8673908,0.87018317,0.64039737,0.8064623,0.66519034,0.7807349860668182,1
SAOUHSC_01258,SAOUHSC_01259,-1,0.9919893,0.9921754,0.9956457,0.99166954,0.98241323,0.99071133,0.9990826,0.9863368,0.9807061,0.99161196,0.9902342021465301,1
SAOUHSC_01259,SAOUHSC_01260,-1,0.9468595,0.976746,0.96309125,0.98817706,0.9567224,0.9867595,0.9614726,0.96881914,0.9786336,0.9681666,0.9695447564125061,1
SAOUHSC_01260,SAOUHSC_01261,-1,0.4879132,0.3596229,0.4443131,0.16472642,0.28862363,0.55916613,0.29820347,0.36135927,0.24814036,0.35273457,0.3564803048968315,0
SAOUHSC_01261,recA,-1,0.7692405,0.70319366,0.72169155,0.6515388,0.78029764,0.75601435,0.7769612,0.69451225,0.7143989,0.86017984,0.74280287027359,1
recA,SAOUHSC_01263,-1,0.4590543,0.6015199,0.75087154,0.13614777,0.27024263,0.4521459,0.37497532,0.24599145,0.270931,0.17183065,0.3733710452914238,0
SAOUHSC_01263,SAOUHSC_01265,-1,0.5648418,0.3026434,0.6146423,0.06198615,0.19495615,0.48421347,0.42725012,0.31335008,0.08399588,0.1859473,0.32338266670703886,0
SAOUHSC_01265,SAOUHSC_01266,-1,0.73869133,0.65673655,0.63678825,0.26646665,0.6796965,0.7359353,0.5307778,0.51948744,0.6611057,0.68488175,0.611056724190712,1
SAOUHSC_01266,SAOUHSC_01267,-1,0.9900219,0.9752683,0.97180647,0.96958494,0.9599951,0.99037236,0.9765022,0.97743195,0.98048794,0.9830552,0.9774526298046112,1
SAOUHSC_01267,SAOUHSC_01268,-1,0.52693135,0.5382509,0.5582826,0.084473304,0.4458772,0.72135323,0.5866029,0.33265293,0.22315285,0.57141286,0.45889901742339134,0
SAOUHSC_01268,SAOUHSC_01269,-1,0.77906483,0.79069996,0.88113976,0.92523575,0.7964408,0.8467303,0.7874678,0.84723467,0.84145385,0.93651336,0.8431981027126312,1
SAOUHSC_01269,SAOUHSC_01270,-1,0.98799086,0.977572,0.96610576,0.9645919,0.9500369,0.9832072,0.96821415,0.96822906,0.9773201,0.96930754,0.9712575495243072,1
SAOUHSC_01270,SAOUHSC_01271,-1,0.98592514,0.9905052,0.99056804,0.9861108,0.9793292,0.99261045,0.9938045,0.98218924,0.9828478,0.9909786,0.9874869048595428,1
SAOUHSC_01271,SAOUHSC_01272,-1,0.70771956,0.71831286,0.509528,0.454295,0.7396042,0.7634199,0.7126499,0.40161446,0.62161195,0.45941234,0.6088168144226074,1
SAOUHSC_01272,mutL,-1,0.97555476,0.9440895,0.9585386,0.9667413,0.9181629,0.9684243,0.9913,0.9243389,0.96957767,0.9488659,0.9565593779087067,1
mutL,SAOUHSC_01274,-1,0.99244064,0.9921962,0.98946863,0.9887097,0.98118705,0.9913133,0.9976154,0.985803,0.9795271,0.99284345,0.9891104459762573,1
SAOUHSC_01274,SAOUHSC_01275,-1,0.08760705,0.16269054,0.13257974,0.013406289,0.032194413,0.25929138,0.07688631,0.06247086,0.1435574,0.13603456,0.11067185448482633,0
SAOUHSC_01275,glpK,-1,0.8663158,0.84482497,0.9265489,0.70660895,0.8118366,0.87153816,0.78887826,0.70195484,0.7745942,0.84936833,0.8142468988895416,1
glpK,SAOUHSC_01278,-1,0.81858414,0.8738462,0.93995124,0.5289963,0.86818105,0.8209305,0.71166044,0.64276004,0.60980415,0.87123245,0.7685946464538574,1
SAOUHSC_01278,SAOUHSC_01279,-1,0.7935388,0.44085494,0.8531367,0.29883146,0.46134946,0.698662,0.72905636,0.44501778,0.45146558,0.62381923,0.5795732319355011,1
SAOUHSC_01279,miaA,-1,0.9743895,0.96085536,0.94086826,0.9763961,0.93369,0.94813573,0.9388901,0.94891864,0.9578366,0.9674264,0.9547406733036041,1
miaA,SAOUHSC_01281,-1,0.990655,0.9925857,0.9752216,0.9932476,0.9759299,0.9863788,0.9904134,0.9780753,0.9808373,0.9855156,0.9848860263824463,1
SAOUHSC_01281,SAOUHSC_01283,-1,0.03829795,0.029442187,0.040776223,0.00819441,0.020663606,0.06344774,0.0129854735,0.0146213705,0.02735646,0.0055527757,0.026133820181712508,0
SAOUHSC_01283,SAOUHSC_01284,-1,0.9769536,0.9158004,0.9425095,0.909608,0.93726563,0.93097955,0.9481165,0.95969355,0.965923,0.94633746,0.9433187186717987,1
SAOUHSC_01284,SAOUHSC_01285,-1,0.27803996,0.30695856,0.26398563,0.15445921,0.17061742,0.25713295,0.20978817,0.22492315,0.11693568,0.2008734,0.21837141290307044,0
SAOUHSC_01285,SAOUHSC_01287,-1,0.9758336,0.96982145,0.9855689,0.9870549,0.9225414,0.94011295,0.98459613,0.98598355,0.9512395,0.98216957,0.968492192029953,1
SAOUHSC_01287,SAOUHSC_01288,-1,0.11249315,0.09798429,0.18362658,0.025035467,0.0504959,0.20954008,0.29295558,0.09003415,0.03200957,0.11148985,0.12056646160781384,0
SAOUHSC_01288,SAOUHSC_01289,-1,0.0014380018,0.0060551483,0.0018722517,0.00028244845,0.0020765755,0.0104459785,0.0062960563,0.0025115474,0.004844605,0.0039532776,0.003977589061832987,0
SAOUHSC_01289,SAOUHSC_01290,-1,0.10119743,0.1420004,0.07782131,0.015728846,0.19854666,0.24109414,0.22236095,0.1641327,0.06756177,0.15270534,0.13831495568156243,0
SAOUHSC_01290,SAOUHSC_01291,-1,0.0035570422,0.014285894,0.0064868564,0.0038545795,0.009082566,0.029463984,0.011576663,0.0071430053,0.008711977,0.0025438585,0.009670642577111721,0
SAOUHSC_01291,SAOUHSC_01292,-1,0.00431029,0.032714963,0.015793374,0.0051164906,0.036096193,0.026084527,0.009479766,0.009213243,0.009155727,0.008593086,0.01565576591528952,0
SAOUHSC_01292,SAOUHSC_01293,-1,0.02421021,0.025324313,0.01616745,0.021336481,0.026805852,0.12563615,0.01019308,0.021878755,0.039683197,0.018188275,0.032942375913262364,0
SAOUHSC_01293,SAOUHSC_01294,-1,0.9898135,0.9846803,0.9822674,0.9845567,0.9715503,0.9955029,0.98481447,0.98833543,0.9844573,0.98919034,0.9855168581008911,1
SAOUHSC_01294,SAOUHSC_01295,-1,0.9903514,0.984454,0.98230314,0.98444986,0.97221756,0.995465,0.9854209,0.9883989,0.9843291,0.98919636,0.9856586158275604,1
SAOUHSC_01295,SAOUHSC_01296,-1,0.8720541,0.9260325,0.94596404,0.9800732,0.92386585,0.90945256,0.97353977,0.93417746,0.88145834,0.95513994,0.9301757752895355,1
SAOUHSC_01296,SAOUHSC_01297,-1,0.50386393,0.5121992,0.64465255,0.17017315,0.46828616,0.62506884,0.6969723,0.56346697,0.19971979,0.48372656,0.4868129476904869,0
SAOUHSC_01297,SAOUHSC_01298,-1,0.6730262,0.7788435,0.8618918,0.90732086,0.77981186,0.8031585,0.7046028,0.61570776,0.61565286,0.80387056,0.7543886721134185,1
SAOUHSC_01298,SAOUHSC_01299,-1,0.9917271,0.98392934,0.98250234,0.9835517,0.9741316,0.9950798,0.986823,0.98824966,0.9837157,0.98902327,0.9858733534812927,1
SAOUHSC_01299,SAOUHSC_01300,-1,0.98027635,0.9818865,0.9777628,0.9886033,0.97482926,0.9876058,0.9884925,0.97858274,0.9751381,0.96590763,0.9799085021018982,1
SAOUHSC_01300,SAOUHSC_01301,-1,0.99215436,0.98394644,0.98281056,0.9820231,0.97491467,0.99448276,0.987285,0.98777026,0.98277974,0.9886089,0.9856775820255279,1
SAOUHSC_01301,SAOUHSC_01304,-1,0.006605439,0.09144437,0.028566254,0.0051515475,0.0150980055,0.035179168,0.026954977,0.045304745,0.004988701,0.005872283,0.02651654938235879,0
SAOUHSC_01304,SAOUHSC_01305,-1,0.9352304,0.94956243,0.9554406,0.95534,0.9332799,0.9614521,0.98640597,0.94385225,0.9571629,0.95504624,0.9532772779464722,1
SAOUHSC_01305,SAOUHSC_01306,-1,0.99038357,0.9797828,0.9720859,0.9838785,0.9697021,0.9869825,0.99148816,0.97885,0.9840613,0.98702997,0.9824244856834412,1
SAOUHSC_01306,SAOUHSC_1307a,-1,4.564435e-05,0.0007638214,0.0005206406,9.304073e-05,0.0007542757,0.0011818277,0.0003358224,0.00044015585,0.0010150346,7.105625e-05,0.0005221319657721324,0
SAOUHSC_1307a,SAOUHSC_01310,-1,0.9384869,0.9622897,0.9319817,0.97796464,0.9149208,0.92689085,0.9456157,0.9680644,0.9353342,0.97989017,0.9481439054012298,1
SAOUHSC_01310,SAOUHSC_01311,-1,0.8211886,0.55084676,0.8212088,0.21746439,0.54227567,0.679753,0.7790674,0.46400267,0.28100836,0.6205669,0.5777382552623749,1
SAOUHSC_01311,SAOUHSC_01312,-1,0.99157494,0.9834294,0.98172665,0.98270535,0.97307503,0.9948352,0.98610866,0.9877268,0.9834907,0.98871315,0.9853385865688324,1
SAOUHSC_01312,SAOUHSC_01313,-1,0.9676785,0.9474194,0.9492519,0.979661,0.9006691,0.9338425,0.94395745,0.9521463,0.93997526,0.9477612,0.946236252784729,1
SAOUHSC_01313,SAOUHSC_01314,-1,0.9911996,0.9795289,0.9766051,0.9774583,0.9662568,0.992636,0.9809663,0.9834811,0.98168766,0.98589694,0.9815716803073883,1
SAOUHSC_01314,SAOUHSC_01316,-1,0.39635184,0.32347688,0.6762833,0.43439594,0.4073964,0.5765161,0.43211454,0.39708158,0.29934463,0.14819127,0.40911524891853335,0
SAOUHSC_01316,SAOUHSC_01318,-1,0.0022944913,0.003237517,0.008089624,0.0042248922,0.0069120885,0.0114487205,0.004103285,0.0050135734,0.0034221283,0.0008228414,0.004956916184164583,0
SAOUHSC_01318,SAOUHSC_01320,-1,0.005334872,0.028873308,0.011913215,0.004031716,0.0152341435,0.020935016,0.020685049,0.020413365,0.0067211613,0.007048584,0.014119042875245213,0
SAOUHSC_01320,SAOUHSC_01321,-1,0.9906418,0.98708194,0.99311006,0.99355406,0.97445023,0.97963834,0.9947409,0.9878853,0.97670555,0.99069124,0.9868499398231506,1
SAOUHSC_01321,SAOUHSC_01322,-1,0.99293983,0.97802854,0.9931403,0.9902981,0.98417866,0.98744947,0.9977789,0.98846453,0.9893247,0.9889479,0.9890550911426544,1
SAOUHSC_01322,SAOUHSC_01323,-1,0.9385082,0.8950222,0.89125,0.88945043,0.8591632,0.86896324,0.7885617,0.79253584,0.9266879,0.88025165,0.8730394423007966,1
SAOUHSC_01323,SAOUHSC_01327,-1,0.0026551196,0.01220845,0.003704339,0.00096648315,0.006626633,0.010495582,0.011554188,0.010346592,0.007891389,0.0011891725,0.0067637947737239305,0
SAOUHSC_01327,rpmG,-1,0.83777934,0.97570574,0.97299045,0.97104806,0.95114005,0.96327406,0.97816116,0.9690339,0.9296434,0.92442596,0.9473202109336853,1
rpmG,rpsN,-1,0.0061388137,0.015176094,0.010724837,0.00045832605,0.0060529504,0.027940726,0.019784793,0.011016563,0.011551461,0.016794361,0.012563892532489263,0
rpsN,SAOUHSC_01330,-1,0.32963514,0.53038764,0.38101435,0.28627297,0.39314362,0.44296616,0.282347,0.35868603,0.25957328,0.5515132,0.3815539389848709,0
SAOUHSC_01330,SAOUHSC_01332,-1,0.85591644,0.91869015,0.85259414,0.9182659,0.8485324,0.97337335,0.9300421,0.9080393,0.95233786,0.9351705,0.909296202659607,1
SAOUHSC_01332,SAOUHSC_01334,-1,0.0019578815,0.0026769342,0.002452497,0.00085624156,0.0015214354,0.007878666,0.0015964676,0.0011753546,0.004053593,0.0002693579,0.0024438428663415834,0
SAOUHSC_01334,SAOUHSC_01336,-1,0.2876008,0.35092574,0.33963335,0.50355893,0.2580329,0.38373947,0.28796557,0.2868728,0.08355203,0.29275823,0.3074639797210693,0
SAOUHSC_01336,SAOUHSC_01337,-1,0.6490868,0.5787317,0.7726018,0.86368734,0.8363786,0.76160586,0.53151023,0.68747604,0.73619944,0.83559895,0.7252876698970795,1
SAOUHSC_01337,SAOUHSC_01338,-1,0.26526213,0.20105043,0.60238236,0.13823211,0.18973447,0.5234748,0.4265097,0.14731927,0.112624794,0.3572964,0.29638864994049074,0
SAOUHSC_01338,SAOUHSC_01339,-1,0.9914928,0.98239774,0.98344314,0.9827523,0.9735957,0.991975,0.9812155,0.984904,0.9880533,0.9839935,0.9843822956085205,1
SAOUHSC_01339,SAOUHSC_01340,-1,0.16603778,0.27667016,0.10082828,0.061552733,0.26325804,0.27506107,0.12961784,0.274896,0.21793482,0.48873365,0.225459036976099,0
SAOUHSC_01340,SAOUHSC_01341,-1,0.66970104,0.4996866,0.750726,0.16079578,0.4721535,0.6913206,0.5321657,0.40571868,0.34549594,0.6435269,0.5171290755271911,1
SAOUHSC_01341,SAOUHSC_01346,-1,0.0043260413,0.018824166,0.024460733,0.013901142,0.0056519005,0.0077941176,0.008059866,0.009517134,0.003479553,0.0021006085,0.009811526187695563,0
SAOUHSC_01346,SAOUHSC_01347,-1,0.5679767,0.4716329,0.6850131,0.21942717,0.3658588,0.55946314,0.41593224,0.44165376,0.27058497,0.3126655,0.43102082908153533,0
SAOUHSC_01347,SAOUHSC_01348,-1,0.49553853,0.43110788,0.90175295,0.1364429,0.34049433,0.612997,0.6020831,0.23085587,0.25564986,0.54811543,0.45550378412008286,0
SAOUHSC_01348,SAOUHSC_01351,-1,0.026178755,0.03582247,0.03334503,0.0040942617,0.030110963,0.05090735,0.0154620195,0.02313322,0.036212493,0.0026522658,0.025791882700286806,0
SAOUHSC_01351,SAOUHSC_01352,-1,0.98871994,0.9761309,0.971554,0.9760527,0.94413304,0.98171324,0.98344654,0.9808581,0.98045963,0.9826999,0.9765767931938172,1
SAOUHSC_01352,SAOUHSC_01354,-1,0.6590663,0.69759375,0.7601271,0.3010525,0.6594426,0.7080883,0.6495682,0.48556325,0.52650875,0.46777636,0.5914787143468857,1
SAOUHSC_01354,SAOUHSC_01356,-1,0.2856236,0.23197427,0.51577467,0.043516137,0.109586634,0.34460872,0.35402212,0.12873133,0.05238466,0.17722991,0.22434520572423935,0
SAOUHSC_01356,SAOUHSC_01357,-1,0.9905897,0.98211396,0.977122,0.97709906,0.9630251,0.98632497,0.98169017,0.97677594,0.980548,0.97757155,0.9792860448360443,1
SAOUHSC_01357,SAOUHSC_01358,-1,0.9739484,0.9481075,0.9661402,0.9553128,0.930819,0.9528839,0.9602015,0.98491347,0.96646535,0.9814133,0.9620205402374268,1
SAOUHSC_01358,SAOUHSC_01359,-1,0.78531903,0.75911146,0.8844899,0.66439396,0.66934216,0.82257223,0.67356735,0.61341393,0.49049824,0.513393,0.687610125541687,1
SAOUHSC_01359,SAOUHSC_01361,-1,0.29163748,0.32056868,0.10288679,0.041113358,0.15290537,0.3972114,0.22247534,0.19507204,0.16614337,0.033870634,0.1923884466290474,0
SAOUHSC_01361,SAOUHSC_01363,-1,0.2876201,0.27553424,0.5353027,0.046168275,0.1975775,0.38033497,0.18362875,0.1130287,0.101156496,0.21769664,0.23380483761429788,0
SAOUHSC_01363,SAOUHSC_01365,-1,0.044619747,0.06926256,0.16522318,0.037954606,0.07558579,0.122979,0.05504848,0.0555245,0.021462813,0.03383979,0.06815004609525203,0
SAOUHSC_01365,SAOUHSC_01366,-1,0.372802,0.1852959,0.27516657,0.118162885,0.1674239,0.4152023,0.16991352,0.12414713,0.16602923,0.21371973,0.22078631371259688,0
SAOUHSC_01366,SAOUHSC_01367,-1,0.9923131,0.98240185,0.9810982,0.98036283,0.9718993,0.9926113,0.9850989,0.9868071,0.98260266,0.98704207,0.9842237234115601,1
SAOUHSC_01367,trpD,-1,0.9898598,0.98516124,0.9887209,0.996255,0.9661287,0.9776172,0.99699235,0.9797813,0.97954476,0.99247694,0.9852538228034973,1
trpD,trpC,-1,0.9915829,0.99120146,0.98655665,0.9908046,0.9748935,0.98826635,0.99395585,0.9805342,0.9863192,0.98949754,0.9873612225055695,1
trpC,SAOUHSC_01370,-1,0.99159485,0.98148805,0.98208976,0.98296016,0.97126645,0.9940439,0.9839405,0.9880474,0.9852154,0.98814964,0.9848796129226685,1
SAOUHSC_01370,SAOUHSC_01371,-1,0.9892284,0.98221934,0.98204994,0.98378444,0.96703213,0.99425215,0.97941005,0.9886607,0.9855265,0.9883771,0.9840540766716004,1
SAOUHSC_01371,trpA,-1,0.9925127,0.9822729,0.98240525,0.9833732,0.9712773,0.9929706,0.98453355,0.9880952,0.98421353,0.98766303,0.9849317312240601,1
trpA,SAOUHSC_01373,-1,0.49249431,0.5867714,0.43721753,0.2602903,0.46912423,0.544957,0.38459337,0.6162888,0.41904563,0.51100194,0.47217845022678373,0
SAOUHSC_01373,SAOUHSC_01374,-1,0.98890287,0.9739521,0.9880818,0.9809821,0.9582383,0.97122407,0.99455863,0.97650975,0.97588664,0.9799272,0.9788263499736786,1
SAOUHSC_01374,SAOUHSC_01375,-1,0.30524284,0.19056708,0.43389347,0.09236232,0.15683948,0.43315852,0.43145502,0.17584674,0.040745087,0.1640497,0.24241602420806885,0
SAOUHSC_01375,SAOUHSC_01383,-1,0.00035902037,0.0018914298,0.002941144,0.00061422953,0.002751462,0.004133831,0.0023404108,0.0013723857,0.00216464,9.137846e-05,0.0018659931258298457,0
SAOUHSC_01383,SAOUHSC_01392,-1,0.001575825,0.008688512,0.02218639,0.0045647724,0.0024188764,0.006935471,0.009396908,0.0019026143,0.0015416972,0.00021814885,0.005942921461246442,0
SAOUHSC_01392,SAOUHSC_01394,-1,0.06603105,0.12092343,0.3117883,0.029080827,0.038914002,0.07736047,0.05022267,0.031580564,0.028773116,0.04046399,0.07951384168118239,0
SAOUHSC_01394,SAOUHSC_01395,-1,0.920912,0.81674045,0.9087973,0.82241297,0.8453212,0.832675,0.9161725,0.74113053,0.9105088,0.87729394,0.8591964721679688,1
SAOUHSC_01395,SAOUHSC_01396,-1,0.9898018,0.98499054,0.9858459,0.98191494,0.96065074,0.9879067,0.9926862,0.9766831,0.9826375,0.9928323,0.9835949778556824,1
SAOUHSC_01396,SAOUHSC_01397,-1,0.9295169,0.9417705,0.94332683,0.9488098,0.9173651,0.9693562,0.98492396,0.88204455,0.9609693,0.9499122,0.9427995324134827,1
SAOUHSC_01397,SAOUHSC_01398,-1,0.9918797,0.9941425,0.9972718,0.9972475,0.97917825,0.990103,0.99799395,0.9936045,0.98383605,0.98576057,0.9911017775535583,1
SAOUHSC_01398,SAOUHSC_01399,-1,0.77815634,0.7208075,0.8970144,0.70538664,0.8268139,0.80896616,0.91007686,0.5683453,0.59073853,0.74002564,0.7546331226825714,1
SAOUHSC_01399,SAOUHSC_01400,-1,0.9810175,0.9277368,0.9695294,0.9178257,0.924867,0.9752238,0.98702264,0.97522205,0.97128737,0.9641428,0.9593874990940094,1
SAOUHSC_01400,SAOUHSC_01401,-1,0.9898016,0.97183174,0.9734865,0.9789083,0.9485313,0.98428345,0.9690965,0.9815336,0.98219514,0.9814059,0.9761074006557464,1
SAOUHSC_01401,SAOUHSC_01406,-1,0.002561356,0.013282347,0.00941992,0.001309895,0.0040737176,0.014044558,0.0019805017,0.0030483608,0.0021820134,0.00042278063,0.005232544918544591,0
SAOUHSC_01406,SAOUHSC_01407,-1,0.9721844,0.9761403,0.9761808,0.9860974,0.9239202,0.9429798,0.99361205,0.9757569,0.95862025,0.9809633,0.9686455428600311,1
SAOUHSC_01407,SAOUHSC_01408,-1,0.9801343,0.9868316,0.984519,0.98346573,0.9546986,0.98132586,0.9847274,0.97405106,0.9787046,0.9895024,0.9797960519790649,1
SAOUHSC_01408,SAOUHSC_01440,-1,4.810337e-05,0.0002319198,4.2736054e-05,6.442144e-05,0.00047075172,0.001644661,0.00014971987,0.00011172796,0.0006208946,1.0610952e-05,0.0003395546712454234,0
SAOUHSC_01440,SAOUHSC_01443,-1,0.15902486,0.054542612,0.21675265,0.025756113,0.102656566,0.30103976,0.073093936,0.08705624,0.1008965,0.042728323,0.11635475605726242,0
SAOUHSC_01443,SAOUHSC_01456,-1,4.462861e-05,0.00034282752,0.00021330852,7.8091885e-05,0.00096120744,0.0031876175,0.00031490182,0.0001886528,0.00072577136,3.3995853e-05,0.0006091003328037914,0
SAOUHSC_01456,recU,-1,0.000354663,0.0018740313,0.00096304313,0.00045393198,0.00075301016,0.0028357154,0.00087295746,0.0006541471,0.00096255646,9.4774805e-05,0.0009818830803851597,0
recU,SAOUHSC_01467,-1,0.9867146,0.97878,0.9796262,0.9253812,0.95885134,0.9767018,0.9859151,0.98807377,0.983054,0.97763133,0.974072927236557,1
SAOUHSC_01467,SAOUHSC_01489,-1,0.00058362744,0.0011943283,0.00017796578,0.00017140753,0.0016157699,0.0076975194,0.0005543098,0.00041016802,0.0034424113,8.320759e-05,0.0015930715089780279,0
SAOUHSC_01489,SAOUHSC_01494,-1,5.8523525e-05,0.0007694242,0.00028399297,6.903679e-05,0.00025798279,0.0007657491,0.00027356984,0.0001935292,0.00030633505,4.5632165e-05,0.00030237755781854504,0
SAOUHSC_01494,SAOUHSC_01497,-1,0.0608735,0.052801717,0.026233075,0.033226866,0.09239831,0.18424274,0.110696524,0.09869489,0.06560357,0.16092871,0.08856999035924673,0
SAOUHSC_01497,SAOUHSC_01504,-1,0.00017110935,0.0012365652,0.0008271986,0.00024205878,0.00052449486,0.002232843,0.00030098655,0.0003076777,0.00038861195,4.186724e-05,0.0006273413291637553,0
SAOUHSC_01504,SAOUHSC_01544,-1,8.20146e-05,0.00045358052,0.00017490322,0.00015044556,0.0017670979,0.005668561,0.0008649345,0.00034368056,0.0010745024,0.00013489768,0.001071461785613792,0
SAOUHSC_01544,SAOUHSC_01572,-1,2.5416859e-05,0.0003946789,7.293107e-05,1.8453113e-05,0.0002426422,0.000694648,0.00010138793,0.00011239914,0.00034234108,8.113048e-06,0.00020130113616687595,0
SAOUHSC_01572,SAOUHSC_01575,-1,0.13718878,0.5075659,0.14339334,0.10595313,0.06775301,0.3078022,0.103183374,0.56071013,0.037186995,0.08836676,0.20591036304831506,0
SAOUHSC_01575,SAOUHSC_01576,-1,0.98897386,0.9582302,0.9815048,0.97956336,0.9300206,0.9828866,0.9902163,0.96438146,0.9641164,0.96004057,0.9699934124946594,1
SAOUHSC_01576,SAOUHSC_01577,-1,0.9895485,0.9824373,0.9733789,0.9891179,0.9499113,0.9860782,0.9738791,0.9588495,0.97998,0.9523065,0.9735487222671508,1
SAOUHSC_01577,SAOUHSC_01578,-1,0.4964459,0.4256058,0.6534929,0.7703262,0.6322499,0.82012236,0.6708007,0.5861682,0.5810849,0.6953244,0.6331621319055557,1
SAOUHSC_01578,SAOUHSC_01579,-1,0.789404,0.67302847,0.8762935,0.548248,0.7005868,0.8634825,0.89134884,0.66974604,0.24015512,0.3016771,0.6553970292210579,1
SAOUHSC_01579,SAOUHSC_01582,-1,0.07581652,0.28542113,0.38213196,0.32486528,0.11534808,0.21390423,0.38052267,0.27132928,0.012225626,0.08565269,0.2147217473015189,0
SAOUHSC_01582,SAOUHSC_01590,-1,0.00030340697,0.0023109184,0.0012841112,0.0005003352,0.0011817005,0.0038784586,0.0004372342,0.00090883265,0.00086766755,5.3131287e-05,0.0011725796564860502,0
SAOUHSC_01590,SAOUHSC_01594,-1,0.0035775919,0.0050289743,0.011391118,0.0017765302,0.004373491,0.013414251,0.0056162803,0.0031142342,0.0028663897,0.0008966463,0.0052055506384931505,0
SAOUHSC_01594,SAOUHSC_01597,-1,0.01161075,0.018135212,0.0049686395,0.0005584818,0.008993206,0.048455875,0.01632424,0.014037724,0.016097883,0.009933098,0.014911511004902423,0
SAOUHSC_01597,SAOUHSC_01599,-1,0.026873345,0.067419395,0.046696655,0.020777322,0.028030382,0.0575436,0.03710805,0.044054464,0.022694964,0.050292507,0.04014906845986843,0
SAOUHSC_01599,SAOUHSC_01600,-1,0.44602492,0.27847543,0.73031014,0.098272815,0.29794997,0.5797959,0.6145808,0.22251274,0.19802237,0.428347,0.3894292086362839,0
SAOUHSC_01600,SAOUHSC_01607,-1,0.00014993016,0.0011420916,0.000588769,0.00026812596,0.00042458516,0.0019297678,0.00026295008,0.0003054902,0.0003207738,2.9576406e-05,0.0005422060103228432,0
SAOUHSC_01607,SAOUHSC_01608,-1,0.401809,0.43234062,0.5656798,0.76094604,0.46908712,0.59890234,0.5279129,0.38548508,0.33728427,0.7356377,0.5215084910392761,1
SAOUHSC_01608,SAOUHSC_01627,-1,4.381126e-05,0.0001669733,5.788644e-05,0.00012291921,0.00044220564,0.0019118431,6.453371e-05,6.0684495e-05,0.00050327776,2.147235e-05,0.0003395607242055121,0
SAOUHSC_01627,SAOUHSC_01628,-1,0.99089557,0.9918161,0.9907359,0.98694265,0.98000115,0.9921868,0.9964844,0.9805707,0.98332953,0.9922859,0.9885248661041259,1
SAOUHSC_01628,SAOUHSC_01630,-1,0.0042130346,0.014948427,0.029160077,0.0046269596,0.0097022075,0.021278007,0.0063526235,0.005400283,0.003488554,0.00090678345,0.010007695580134169,0
SAOUHSC_01630,SAOUHSC_01666,-1,2.3171386e-05,0.00027325284,0.00011128806,3.272454e-05,0.0002248413,0.0007253738,0.00012034078,8.527662e-05,0.00036384058,1.2709312e-05,0.00019728192055481485,0
SAOUHSC_01666,rpsT,-1,3.0014804e-05,0.00024249512,3.2965407e-05,3.1736323e-05,0.0002452876,0.0008042661,0.000112303154,9.063941e-05,0.0004430837,9.089086e-06,0.0002041880694378051,0
rpsT,SAOUHSC_01704,-1,0.00013232596,0.0017267269,0.0011465166,6.361597e-05,0.00086861884,0.0020925675,0.0003758336,0.00053839164,0.00095904217,3.682544e-05,0.0007940464653074742,0
SAOUHSC_01704,SAOUHSC_01728,-1,4.5242192e-05,0.00022921545,6.325277e-05,5.1462524e-05,0.00047663174,0.001761686,0.00012591564,0.00010548547,0.00053871784,1.1261713e-05,0.00034088714091922155,0
SAOUHSC_01728,SAOUHSC_01734,-1,0.00630165,0.0072918525,0.03263123,0.0031163604,0.005646089,0.042283017,0.0058206716,0.004233806,0.011659614,0.002358267,0.01213425570167601,0
SAOUHSC_01734,SAOUHSC_01761a,-1,2.7539105e-05,0.0002551482,3.9712595e-05,7.178732e-05,0.00029913196,0.0011793049,0.000118026735,0.00010508849,0.00053387525,1.529794e-05,0.0002644912492542062,0
SAOUHSC_01761a,SAOUHSC_01765,-1,0.0005413357,0.0064127175,0.005682681,0.00087986945,0.0014632555,0.008783562,0.0011119912,0.0018221422,0.00046416043,0.00017100303,0.0027332718382240273,0
SAOUHSC_01765,SAOUHSC_01768,-1,8.809627e-05,0.00027599707,0.00042971328,0.0003028342,0.00061443273,0.0021497698,9.6763484e-05,0.00017456466,0.00048804222,8.157033e-05,0.0004701784055214375,0
SAOUHSC_01768,SAOUHSC_01783,-1,8.453635e-05,0.00025572247,0.00022235676,0.00014326915,0.00092523015,0.003518752,0.00022002804,0.00014884645,0.0007215697,1.83522e-05,0.0006258663315747981,0
SAOUHSC_01783,SAOUHSC_01803,-1,2.2696777e-05,0.00034233322,9.3491646e-05,8.740326e-05,0.00025447184,0.0009158398,0.00015503442,0.00010696209,0.00044198905,2.4611827e-05,0.00024448339390801264,0
SAOUHSC_01803,SAOUHSC_01814,-1,9.806376e-05,0.00071800867,0.00029390331,0.00017282747,0.00033230355,0.0010489359,0.00018743625,0.0001911949,0.0003843531,2.6183772e-05,0.00034532107038103276,0
SAOUHSC_01814,SAOUHSC_01816,-1,0.013937395,0.012513953,0.008424688,0.001481347,0.0057068053,0.03226825,0.0061758487,0.00466734,0.0111996755,0.0010628379,0.009743813914246858,0
SAOUHSC_01816,SAOUHSC_01819,-1,0.014704427,0.05723793,0.04878723,0.009836496,0.011559626,0.030107997,0.021160908,0.030152198,0.005546102,0.0133566065,0.024244951969012617,0
SAOUHSC_01819,SAOUHSC_01826,-1,0.0011326374,0.009464858,0.0057893978,0.0021004695,0.0014055409,0.009006302,0.0025740808,0.0025683967,0.0012841785,0.00023119146,0.003555705299368128,0
SAOUHSC_01826,SAOUHSC_01828,-1,0.00015259728,0.00045999498,0.00013710823,0.0002864059,0.0015331872,0.004308483,0.000111528476,0.0003812805,0.00074559543,0.00022505492,0.0008341236032720189,0
SAOUHSC_01828,rpsD,-1,0.531246,0.41140956,0.6135293,0.7325394,0.7075167,0.6442205,0.55142105,0.42930102,0.4780716,0.7323916,0.5831646710634232,1
rpsD,SAOUHSC_01831,-1,0.1668283,0.27171233,0.3413386,0.0888755,0.07667627,0.44001198,0.2699505,0.3130165,0.025088158,0.06061111,0.2054109275341034,0
SAOUHSC_01831,SAOUHSC_01832,-1,0.80059934,0.59252745,0.76282936,0.3656391,0.60479677,0.7067097,0.74407727,0.71112245,0.74910843,0.5715922,0.660900205373764,1
SAOUHSC_01832,SAOUHSC_01833,-1,0.98869604,0.9674278,0.977945,0.9742383,0.9464085,0.98824376,0.9629888,0.984616,0.98773104,0.97849953,0.9756794750690461,1
SAOUHSC_01833,SAOUHSC_01834,-1,0.4235398,0.27265546,0.56178564,0.19725323,0.2907804,0.6689308,0.44433147,0.2583429,0.2501399,0.585703,0.39534626007080076,0
SAOUHSC_01834,SAOUHSC_01838,-1,0.00036480406,0.00075287966,0.00032417307,0.00055197364,0.0023585698,0.0050808126,0.00030065532,0.00040937387,0.001239446,0.00015681659,0.0011539504572283476,0
SAOUHSC_01838,SAOUHSC_01840,-1,0.030304532,0.019693604,0.01704677,0.0062417975,0.015169004,0.050022747,0.0061616087,0.009420329,0.030078467,0.0029875762,0.018712643580511213,0
SAOUHSC_01840,SAOUHSC_01844,-1,0.0067815636,0.002992051,0.00028738347,0.0022331434,0.004304729,0.019208184,0.0008224726,0.00073371583,0.012724661,0.0002004608,0.005028836445126217,0
SAOUHSC_01844,SAOUHSC_01847,-1,0.00016987129,0.0010558761,0.00059097854,0.00023174916,0.00062019465,0.002217453,0.00022478063,0.00023288147,0.0003038881,7.920486e-05,0.0005726877825509291,0
SAOUHSC_01847,SAOUHSC_01849,-1,0.9911574,0.9922816,0.99608773,0.9955719,0.9869486,0.99026483,0.99587905,0.99291885,0.9860579,0.9901206,0.9917288482189178,1
SAOUHSC_01849,SAOUHSC_01863,-1,4.8055786e-05,0.00039586003,0.00011459719,0.00010661831,0.00033592322,0.0010881055,0.000121552424,0.00016498078,0.00043035933,1.8767741e-05,0.0002824820307068876,0
SAOUHSC_01863,SAOUHSC_01872,-1,5.814425e-05,0.00058639277,0.00019426132,4.817986e-05,0.0004372271,0.0011104093,0.0001509341,0.00020564064,0.00047364953,1.2956048e-05,0.0003277794880887086,0
SAOUHSC_01872,SAOUHSC_01877,-1,0.00014453167,0.0009814543,0.0007063743,0.00033191944,0.00040656517,0.0016892178,0.00023978628,0.00028412297,0.00054968765,5.1839823e-05,0.0005385499338444788,0
SAOUHSC_01877,SAOUHSC_01878,-1,0.99135214,0.9782555,0.97904694,0.9800218,0.96368974,0.99176854,0.9814521,0.9842952,0.984425,0.9855985,0.9819905459880829,1
SAOUHSC_01878,SAOUHSC_01884,-1,0.00075233745,0.010215609,0.022480061,0.00045399257,0.0044571897,0.009824094,0.0056659416,0.0018188513,0.0010917952,0.00020613943,0.005696601225645281,0
SAOUHSC_01884,SAOUHSC_01891,-1,0.0013326216,0.0014248915,0.0035755394,0.00074373547,0.0006980974,0.0069905194,0.00045162378,0.00029210685,0.0019139269,0.00012760176,0.0017550664051668718,0
SAOUHSC_01891,SAOUHSC_01893,-1,0.98193496,0.9797665,0.98023814,0.9797317,0.9506293,0.99231106,0.9633845,0.98439956,0.98639774,0.98573434,0.9784527778625488,1
SAOUHSC_01893,SAOUHSC_01894,-1,0.992401,0.9922053,0.99460346,0.9936587,0.97767514,0.9902896,0.99907357,0.985918,0.97785735,0.99187094,0.9895553112030029,1
SAOUHSC_01894,SAOUHSC_01897,-1,0.00017910532,0.0006381514,0.0004650714,0.00038630495,0.0006584457,0.002351344,0.00022521138,0.0003655269,0.00075222406,0.00010932453,0.0006130709785793442,0
SAOUHSC_01897,SAOUHSC_01898,-1,0.9216869,0.9677372,0.9741349,0.9662785,0.9517109,0.97124535,0.9759508,0.9498228,0.96210635,0.9591732,0.9599846839904785,1
SAOUHSC_01898,SAOUHSC_01900,-1,0.05080815,0.092771,0.24891363,0.01574701,0.052080344,0.12545201,0.020865332,0.060503308,0.037878033,0.018211897,0.07232307195663452,0
SAOUHSC_01900,SAOUHSC_01902,-1,0.00092944875,0.004459535,0.003086941,0.00035270667,0.0045325463,0.008519822,0.00076055207,0.0018216757,0.0015547363,0.0003402415,0.0026358204893767835,0
SAOUHSC_01902,SAOUHSC_01903,-1,0.5786073,0.78999424,0.71156734,0.7294433,0.6210378,0.8492343,0.8049499,0.6946543,0.66116846,0.85686946,0.7297526359558105,1
SAOUHSC_01903,SAOUHSC_01904,-1,0.9918551,0.98368335,0.98330325,0.9851151,0.9728527,0.99490756,0.98588127,0.98914295,0.98460644,0.9891012,0.9860448896884918,1
SAOUHSC_01904,SAOUHSC_01910,-1,0.00034121372,0.0013565697,0.00048577084,0.00031799293,0.0012479099,0.004192834,0.00094788044,0.0005367072,0.00095233606,6.139345e-05,0.0010440607962664216,0
SAOUHSC_01910,SAOUHSC_01914,-1,0.00071661745,0.0045788754,0.007358096,0.0005638245,0.0035215488,0.005695172,0.0076374453,0.003601924,0.00310477,0.00027144767,0.0037049721489893273,0
SAOUHSC_01914,SAOUHSC_01918,-1,0.001023377,0.0038548105,0.0023534389,0.00035560693,0.0011965921,0.0034487152,0.0022422236,0.00046091626,0.0013944894,0.00019255695,0.0016522726786206477,0
SAOUHSC_01918,SAOUHSC_01919,-1,0.5793858,0.79175884,0.7898312,0.46736118,0.7370309,0.65638775,0.7737955,0.7844592,0.64069605,0.8874812,0.7108187645673751,1
SAOUHSC_01919,SAOUHSC_01920,-1,0.95226234,0.6011565,0.8733927,0.20421724,0.49584517,0.72653913,0.7547367,0.56768167,0.5299598,0.36064813,0.6066439375281334,1
SAOUHSC_01920,SAOUHSC_01921,-1,0.96417457,0.9849903,0.9881308,0.9772925,0.97846556,0.9790975,0.9891031,0.98332226,0.97345096,0.9619675,0.9779995024204254,1
SAOUHSC_01921,SAOUHSC_01922,-1,0.69882345,0.6954982,0.8893004,0.72239876,0.6701111,0.82746613,0.51373756,0.4909854,0.67824304,0.6862275,0.6872791588306427,1
SAOUHSC_01922,SAOUHSC_01929,-1,9.539481e-05,0.0004504794,0.00017550577,0.000113968395,0.00042535245,0.0012554857,0.00012129816,0.0001616552,0.00060061744,2.6106978e-05,0.00034258642972417874,0
SAOUHSC_01929,SAOUHSC_01937,-1,1.5720101e-05,0.00021793682,2.883665e-05,3.833308e-05,0.00022524467,0.0007879929,0.000108061504,7.331676e-05,0.00034665078,7.246029e-06,0.00018493392954042065,0
SAOUHSC_01937,SAOUHSC_01944,-1,0.00022297373,0.0006029374,0.0018000999,0.00081233337,0.0018676851,0.006317621,0.0033343295,0.0003147499,0.0009330698,0.0001818462,0.0016387645940994845,0
SAOUHSC_01944,SAOUHSC_01956,-1,7.218974e-05,0.0006658907,0.00042792468,7.9729856e-05,0.00023644896,0.00082816754,0.00015881678,0.00013797818,0.00021076949,3.7506776e-05,0.0002855422688298859,0
SAOUHSC_01956,SAOUHSC_01957,-1,0.95124805,0.94930524,0.95296353,0.973646,0.93274057,0.94134456,0.9813701,0.94185555,0.9539339,0.9470316,0.9525439083576203,1
SAOUHSC_01957,SAOUHSC_01964,-1,0.00018644075,0.00084672135,0.003388131,0.00021100756,0.0017061813,0.002014205,0.000191374,0.0004063664,0.00080867525,4.6809142e-05,0.0009805911900912178,0
SAOUHSC_01964,SAOUHSC_01968,-1,0.0008138171,0.003908217,0.0008303216,0.0001381471,0.0013870213,0.005903391,0.0017939628,0.001275681,0.0048070215,0.00024248913,0.002110006948350929,0
SAOUHSC_01968,SAOUHSC_01969,-1,0.4313064,0.37389117,0.36607763,0.38675115,0.44822472,0.5341864,0.25415006,0.40609708,0.3753022,0.3590192,0.3935006022453308,0
SAOUHSC_01969,SAOUHSC_01971,-1,0.0141949095,0.0207618,0.014838917,0.0010125214,0.012014038,0.054824952,0.053230308,0.019726893,0.020348497,0.025867824,0.023682066018227487,0
SAOUHSC_01971,SAOUHSC_01972,-1,0.49517295,0.51480263,0.3338064,0.3246723,0.5210698,0.57950205,0.48878163,0.5363219,0.5115535,0.75102085,0.5056704044342041,1
SAOUHSC_01972,SAOUHSC_01982,-1,0.00013206011,0.00089859363,0.0005443907,0.00012515538,0.000386092,0.0014288349,0.00018012126,0.00022635431,0.0006728345,3.58835e-05,0.0004630320272553945,0
SAOUHSC_01982,SAOUHSC_01985,-1,0.0008138461,0.0017578185,0.0012726948,0.00038713624,0.00082505116,0.0033456404,0.00044346994,0.00057397434,0.0010725438,0.000115989664,0.0010608164928271435,0
SAOUHSC_01985,SAOUHSC_02000,-1,2.5222676e-05,0.0005011303,0.00015895616,4.7533278e-05,0.00017989143,0.000533876,0.00011379083,0.00011099556,0.00027367627,1.3504825e-05,0.00019585773425205842,0
SAOUHSC_02000,SAOUHSC_02001,-1,0.35390177,0.32598045,0.4797752,0.16450919,0.29427582,0.5341991,0.62082106,0.42037344,0.22016534,0.35398775,0.376798914372921,0
SAOUHSC_02001,SAOUHSC_02006,-1,0.0014483733,0.008446786,0.008420737,0.00093774695,0.0034958706,0.0047790674,0.0034135915,0.0029530076,0.002171681,0.0002249567,0.003629181817814242,0
SAOUHSC_02006,SAOUHSC_02015,-1,6.972633e-05,0.0007377129,0.00056414434,8.9539964e-05,0.00032167995,0.0012356692,0.00026053074,0.00025483433,0.0006950599,3.0049174e-05,0.00042589468648657203,0
SAOUHSC_02015,SAOUHSC_02084,-1,9.4663075e-05,0.0006528603,0.00056240085,0.0003682014,0.0022195808,0.007741004,0.0009847071,0.00043893966,0.0012408799,0.00035267204,0.0014655909428256564,0
SAOUHSC_02084,SAOUHSC_02085,-1,0.7106111,0.6061583,0.79534453,0.5768624,0.718692,0.8780589,0.85117996,0.6289598,0.6652132,0.83293474,0.7264014959335328,1
SAOUHSC_02085,SAOUHSC_02086,-1,0.35617334,0.30506852,0.30823752,0.61872536,0.44080165,0.6906266,0.29307318,0.4289488,0.48347223,0.8756552,0.48007823824882506,0
SAOUHSC_02086,SAOUHSC_02087,-1,0.98894376,0.9766798,0.9932791,0.9962808,0.98524004,0.99071723,0.99303347,0.969161,0.97035706,0.988581,0.9852273225784302,1
SAOUHSC_02087,SAOUHSC_02089,-1,0.5029647,0.564443,0.32586518,0.09136853,0.27140164,0.45685557,0.28296727,0.5601978,0.30202866,0.5502914,0.3908383704721928,0
SAOUHSC_02089,SAOUHSC_02090,-1,0.93769825,0.9359791,0.9591738,0.9118345,0.9043699,0.9376227,0.969191,0.8868058,0.9402288,0.941209,0.9324112892150879,1
SAOUHSC_02090,SAOUHSC_02095,-1,0.00305142,0.012337762,0.007886358,0.000620509,0.007839509,0.011630044,0.0036191363,0.0027837455,0.0023473832,0.00042398498,0.005253985206945799,0
SAOUHSC_02095,SAOUHSC_02096,-1,0.99255794,0.9800836,0.9851921,0.9777023,0.9781069,0.9915938,0.9979352,0.98394644,0.9842918,0.98052955,0.9851939618587494,1
SAOUHSC_02096,SAOUHSC_02097,-1,0.24550803,0.30104688,0.20702127,0.06452215,0.13663314,0.53528863,0.1099664,0.10686309,0.38445377,0.1067175,0.21980208531022072,0
SAOUHSC_02097,SAOUHSC_02103,-1,0.0025093623,0.011555125,0.0024046528,0.00028834457,0.0029491785,0.014184789,0.002357152,0.0024236494,0.0052040806,0.0012385395,0.004511487344279886,0
SAOUHSC_02103,SAOUHSC_02108,-1,0.001119784,0.015240653,0.00790878,0.00093276403,0.007674062,0.007999822,0.0073051676,0.0035741262,0.0014798216,0.0005096397,0.0053744620352517815,0
SAOUHSC_02108,SAOUHSC_02110,-1,0.08257675,0.067071296,0.08722751,0.020697245,0.028896134,0.15422371,0.08159585,0.058818564,0.035384864,0.13306107,0.07495529931038618,0
SAOUHSC_02110,SAOUHSC_02119,-1,0.00011416962,0.0008493711,0.00033135473,0.00011125316,0.0004839019,0.0015162575,0.00016014157,0.0002535315,0.00046159863,3.123567e-05,0.0004312815399316605,0
SAOUHSC_02119,SAOUHSC_02127,-1,0.00023110355,0.00043895328,0.0015619196,0.00019311225,0.00062761287,0.0032879706,0.00026869128,0.00041433604,0.0010502738,7.9189755e-05,0.0008153162933012936,0
SAOUHSC_02127,SAOUHSC_02129,-1,0.9893584,0.99389833,0.99417996,0.996159,0.9891815,0.98829275,0.99818015,0.9886413,0.98636883,0.989086,0.9913346290588378,1
SAOUHSC_02129,SAOUHSC_02134,-1,0.0005970286,0.001199437,0.0031850263,0.0012642758,0.0028858955,0.010071775,0.0036269873,0.00072183,0.0014618093,0.0002799837,0.002529404844972305,0
SAOUHSC_02134,SAOUHSC_02135,-1,0.9899375,0.9844909,0.98190767,0.9861818,0.9612726,0.98739344,0.9900508,0.9790835,0.9891637,0.9901724,0.9839654207229614,1
SAOUHSC_02135,SAOUHSC_02136,-1,0.366874,0.29982555,0.87735164,0.07911835,0.31664371,0.5290506,0.5468816,0.22751568,0.24671978,0.4685436,0.39585245177149775,0
SAOUHSC_02136,SAOUHSC_02139,-1,0.00027305805,0.002034476,0.001599241,0.00020837961,0.0017495453,0.0028909054,0.0010855369,0.00035049772,0.0007083029,0.000102239,0.0011002181949152146,0
SAOUHSC_02139,SAOUHSC_02140,-1,0.8773178,0.93207866,0.912668,0.93057287,0.8943517,0.90623885,0.92304057,0.95236474,0.9265036,0.93981075,0.919494754076004,1
SAOUHSC_02140,SAOUHSC_02142,-1,0.34638983,0.2200241,0.56293654,0.03582757,0.18607742,0.4294022,0.19122326,0.1650286,0.08631612,0.1869137,0.24101393446326255,0
SAOUHSC_02142,SAOUHSC_02144,-1,0.021039948,0.01725914,0.005548412,0.007385173,0.006962107,0.05064799,0.00895501,0.009388284,0.015964808,0.006352253,0.014950312301516533,0
SAOUHSC_02144,SAOUHSC_02146,-1,0.0014141,0.0049034785,0.003588252,0.00059676945,0.0025914954,0.0063498425,0.0014489678,0.0022531021,0.002015845,0.00037568164,0.002553753452957608,0
SAOUHSC_02146,SAOUHSC_02150,-1,0.004559571,0.008707399,0.04111022,0.004121917,0.0121657625,0.016790858,0.0051499447,0.0043341885,0.0039857198,0.0008954318,0.010182101238751785,0
SAOUHSC_02150,SAOUHSC_02158,-1,0.004774482,0.03351658,0.0034435403,0.0013783271,0.004381032,0.016933486,0.003140294,0.0025400694,0.0057142344,0.0006171142,0.0076439157885033636,0
SAOUHSC_02158,SAOUHSC_02164,-1,0.0024699117,0.0014258676,0.0020004935,0.0005430298,0.0013827317,0.0044387034,0.0006802506,0.0018153952,0.0020663992,0.00012995051,0.0016952733145444653,0
SAOUHSC_02164,SAOUHSC_02166,-1,0.09621996,0.18730003,0.04743134,0.08550102,0.06669336,0.30073115,0.09772379,0.04364934,0.15603854,0.030513724,0.11118022445589304,0
SAOUHSC_02166,SAOUHSC_02169,-1,0.0014634077,0.010423285,0.004822238,0.00083687226,0.0038091484,0.010909431,0.00057751324,0.002763519,0.0011650227,0.0005056857,0.003727612260263413,0
SAOUHSC_02169,SAOUHSC_02175,-1,0.0002793816,0.0023415415,0.00016254612,5.520218e-05,0.0004008896,0.0022378352,0.00046099094,0.00039060484,0.0020767527,8.2878956e-05,0.000848862362181535,0
SAOUHSC_02175,SAOUHSC_02218,-1,0.00013753708,0.0009569155,0.00085234776,0.01688753,0.003592783,0.013893407,0.0012189517,0.000757367,0.0017686144,0.0006652285,0.004073068231809885,0
SAOUHSC_02218,SAOUHSC_02226,-1,0.00030048282,0.0007033093,0.0010187858,0.00052045024,0.0020348094,0.0058461786,0.0031703436,0.0006088243,0.0012636209,0.00022624317,0.0015693048160756006,0
SAOUHSC_02226,SAOUHSC_02232,-1,0.005741083,0.0047818036,0.0062016947,0.0026113768,0.010989053,0.01167133,0.0033270856,0.0029530525,0.0071973316,0.0006470577,0.005612086871406063,0
SAOUHSC_02232,SAOUHSC_02235,-1,0.73659617,0.7826901,0.4505111,0.3744899,0.12750025,0.56621194,0.34406745,0.8245018,0.29401672,0.0336834,0.4534268852323294,0
SAOUHSC_02235,SAOUHSC_02236,-1,0.68674326,0.51147574,0.7131783,0.193447,0.4686206,0.7939311,0.57235783,0.53481144,0.26866284,0.35221067,0.5095438778400421,1
SAOUHSC_02236,SAOUHSC_02237,-1,0.50440943,0.37375876,0.931907,0.044930905,0.5063529,0.7124861,0.6714665,0.45333344,0.25344416,0.59465253,0.5046741753816605,1
SAOUHSC_02237,SAOUHSC_02239,-1,0.06643259,0.13396546,0.07691915,0.03789544,0.04881908,0.14878596,0.1311718,0.14507645,0.021305261,0.08899468,0.08993658777326345,0
SAOUHSC_02239,SAOUHSC_02244,-1,0.0005275759,0.0016375771,0.001714214,0.00037585798,0.0034255972,0.0050894497,0.0015566251,0.0009981153,0.0011977603,0.00016185355,0.0016684626156347805,0
SAOUHSC_02244,SAOUHSC_02247,-1,0.2196128,0.3394082,0.41231182,0.13663656,0.057057425,0.25563747,0.364278,0.222451,0.019996097,0.049442455,0.20768318083137274,0
SAOUHSC_02247,SAOUHSC_02256,-1,0.0002666367,0.0010991148,0.00034165164,0.00015268769,0.0011080693,0.003275974,0.00035718406,0.00043222756,0.0006334396,6.3842526e-05,0.0007730827797786333,0
SAOUHSC_02256,SAOUHSC_02258,-1,0.020284241,0.03979246,0.028275935,0.013746094,0.030311184,0.0597673,0.030246,0.007706091,0.020817738,0.0021176958,0.025306473718956113,0
SAOUHSC_02258,SAOUHSC_02259,-1,0.47203222,0.5497344,0.35757068,0.26386735,0.4725087,0.66178244,0.5691182,0.4119981,0.61193013,0.65709,0.5027632236480712,1
SAOUHSC_02259,SAOUHSC_02261,-1,0.00720007,0.034349494,0.02934364,0.0026410697,0.022335103,0.018747851,0.012643484,0.012020268,0.0048348443,0.0023762078,0.014649203210137785,0
SAOUHSC_02261,SAOUHSC_02262,-1,0.9916932,0.98726845,0.9797708,0.982875,0.97906494,0.9923466,0.9929659,0.98350936,0.9872454,0.98376554,0.9860505104064942,1
SAOUHSC_02262,SAOUHSC_02264,-1,0.9702063,0.9801736,0.9818494,0.98748547,0.9577197,0.96756226,0.9841885,0.9828081,0.96553934,0.9782674,0.9755800008773804,1
SAOUHSC_02264,SAOUHSC_02265,-1,0.9039655,0.9609837,0.9767267,0.9574173,0.9412853,0.9753033,0.9817009,0.9189733,0.959608,0.8649103,0.9440874338150025,1
SAOUHSC_02265,SAOUHSC_02266,-1,0.28310284,0.27584758,0.7896414,0.07832834,0.27787825,0.65562063,0.48209432,0.29560554,0.12934594,0.6505648,0.3918029621243477,0
SAOUHSC_02266,SAOUHSC_02274,-1,0.00010148573,0.0005480026,0.00020314031,0.00011991615,0.0003768024,0.0015474227,0.00022076227,0.00020374518,0.0004685489,3.22717e-05,0.00038220979877223726,0
SAOUHSC_02274,SAOUHSC_02276,-1,0.6685989,0.39821336,0.70278406,0.14435197,0.35521272,0.55333924,0.673759,0.34238264,0.22948845,0.40533167,0.44734619855880736,0
SAOUHSC_02276,SAOUHSC_A02169,-1,0.00060319173,0.00088857283,0.0010103568,0.00047850865,0.0017776805,0.0058464757,0.0006960247,0.0007716315,0.0018285138,0.00020931991,0.0014110276111750863,0
SAOUHSC_A02169,SAOUHSC_02281,-1,0.20991124,0.29407594,0.11310116,0.11578883,0.12459571,0.3141155,0.07011599,0.28621894,0.20123665,0.3363797,0.20655396655201913,0
SAOUHSC_02281,SAOUHSC_02282,-1,0.98845804,0.98234975,0.98547643,0.98081136,0.94985163,0.98493546,0.99529207,0.9696568,0.9856868,0.987649,0.9810167372226715,1
SAOUHSC_02282,SAOUHSC_02283,-1,0.98904437,0.98315406,0.9807204,0.9761941,0.96884155,0.98834026,0.9799647,0.9820798,0.9786466,0.9837305,0.9810716271400451,1
SAOUHSC_02283,SAOUHSC_02284,-1,0.8123451,0.81071496,0.8874155,0.9432883,0.8714222,0.88261336,0.9033334,0.89153004,0.91432965,0.9446049,0.8861597418785095,1
SAOUHSC_02284,SAOUHSC_02285,-1,0.9889125,0.9901649,0.9949467,0.9962354,0.9715591,0.98864347,0.9980083,0.99134195,0.98706645,0.9887413,0.9895620048046112,1
SAOUHSC_02285,SAOUHSC_02286,-1,0.99030876,0.9691864,0.98942775,0.9879285,0.9607519,0.9782427,0.99688464,0.9803592,0.97982836,0.9809061,0.9813824355602264,1
SAOUHSC_02286,SAOUHSC_02287,-1,0.99327886,0.9932726,0.9955277,0.9966327,0.99064,0.990006,0.9992651,0.9924095,0.99053836,0.99489385,0.9936464667320252,1
SAOUHSC_02287,leuD,-1,0.99174416,0.9809663,0.98087394,0.97933465,0.9703745,0.99283,0.98459977,0.9858244,0.9829549,0.98695993,0.9836462616920472,1
leuD,SAOUHSC_02289,-1,0.9878369,0.9824145,0.9837644,0.9840045,0.95484996,0.9871382,0.98988885,0.9709676,0.98928624,0.9927058,0.9822856962680817,1
SAOUHSC_02289,SAOUHSC_A02189,-1,7.536742e-05,0.00027389865,0.00011890129,0.0005660543,0.00069234177,0.0046576406,0.00018662303,0.00024504217,0.00068043923,0.00014484527,0.000764115373021923,0
SAOUHSC_A02189,SAOUHSC_02314,-1,0.00012016397,0.0006867537,0.0006437242,0.0005436378,0.00035620335,0.001892188,0.00027602364,0.00025734064,0.0005913448,8.9463145e-05,0.000545684323151363,0
SAOUHSC_02314,SAOUHSC_02315,-1,0.9915439,0.9848283,0.9825593,0.9788577,0.9741381,0.99327105,0.98661834,0.986365,0.9802463,0.98749435,0.9845922350883484,1
SAOUHSC_02315,SAOUHSC_02319,-1,0.00029227373,0.00062417163,0.00032263144,0.000100378325,0.00096280687,0.0029843086,0.0003612121,0.000475507,0.0008911263,0.00015535732,0.000716977333649993,0
SAOUHSC_02319,SAOUHSC_02323,-1,0.012601112,0.042480975,0.021997903,0.004065154,0.017885689,0.04409856,0.020101625,0.012591517,0.007986866,0.0028084435,0.018661784403957427,0
SAOUHSC_02323,SAOUHSC_02324,-1,0.98956126,0.9924494,0.99038774,0.99229145,0.98322576,0.99271494,0.99796313,0.9813346,0.9875475,0.986425,0.989390081167221,1
SAOUHSC_02324,SAOUHSC_02335,-1,0.0002288719,0.0023935384,0.0018748813,0.0004927039,0.0005946489,0.0036015064,0.0005550764,0.00053851045,0.00037932163,4.765883e-05,0.0010706718061555876,0
SAOUHSC_02335,SAOUHSC_02367,-1,6.831659e-05,0.00027698878,0.00023239349,0.00017982128,0.0011235313,0.0032156757,0.00032949113,0.00017357046,0.0007822698,3.351372e-05,0.0006415572217520094,0
SAOUHSC_02367,SAOUHSC_02371,-1,0.00024051144,0.00092411664,0.0007350309,0.000253027,0.0014301444,0.0034091428,0.0023671912,0.00040953854,0.0006044642,0.00012709005,0.0010500257310923188,0
SAOUHSC_02371,SAOUHSC_02375,-1,0.00032681788,0.0056447764,0.010336773,0.00068458257,0.0043162494,0.0050132666,0.0077721872,0.0011697676,0.0015299391,9.3363175e-05,0.003688772247551242,0
SAOUHSC_02375,SAOUHSC_02378,-1,0.002809895,0.0018233446,0.00023904144,0.0018069845,0.002306381,0.009935162,0.00091617886,0.0007932883,0.004720405,0.00030215504,0.0025652836004155686,0
SAOUHSC_02378,deoD,-1,0.010759518,0.017619586,0.060331043,0.0046197968,0.017515045,0.03720808,0.008956136,0.0077685383,0.00597787,0.0022076303,0.01729632425121963,0
deoD,SAOUHSC_02388,-1,0.00028137336,0.0031284317,0.0005956761,0.000102469334,0.00046759454,0.0023536638,0.00050119363,0.00038912374,0.0016016968,0.000116162875,0.0009537385907606222,0
SAOUHSC_02388,SAOUHSC_02389,-1,0.97763807,0.96920353,0.97137165,0.97917676,0.92542356,0.964748,0.9827289,0.97742987,0.97435707,0.9895374,0.9711614847183228,1
SAOUHSC_02389,SAOUHSC_02390,-1,0.8229888,0.83884984,0.63285375,0.5071129,0.60828185,0.7620105,0.24954432,0.808713,0.79968405,0.49806112,0.6528100192546844,1
SAOUHSC_02390,SAOUHSC_02394,-1,0.0022860856,0.013542183,0.021176718,0.0011978649,0.003022113,0.021068245,0.004518921,0.0058520297,0.0017904688,0.00041450787,0.0074869136849883946,0
SAOUHSC_02394,SAOUHSC_02400,-1,0.0001241954,0.00062641356,0.00027390494,5.257405e-05,0.0007636619,0.0020107687,0.00021134202,0.00027001716,0.0005177842,3.6270132e-05,0.0004886932143563172,0
SAOUHSC_02400,SAOUHSC_02401,-1,0.9744025,0.97290176,0.9588984,0.97723037,0.94369704,0.9530049,0.9791748,0.9679568,0.96336615,0.9693659,0.965999859571457,1
SAOUHSC_02401,SAOUHSC_02402,-1,0.9777249,0.9149794,0.94182307,0.86303455,0.88377035,0.95630157,0.98227304,0.95177406,0.9224006,0.9397114,0.9333792924880981,1
SAOUHSC_02402,SAOUHSC_02403,-1,0.984027,0.9723859,0.97095436,0.9726995,0.94423157,0.9908868,0.96305424,0.9794526,0.9823641,0.9817338,0.9741789937019348,1
SAOUHSC_02403,SAOUHSC_02411,-1,6.791659e-05,0.0004678977,0.00012354928,8.804553e-05,0.0003153347,0.0014593424,0.00016291793,0.00013396627,0.00076332514,1.16983565e-05,0.00035939939471063553,0
SAOUHSC_02411,SAOUHSC_02425,-1,1.881846e-05,0.00047742747,9.480761e-05,4.5700715e-05,0.00019676867,0.00047310736,0.00011048931,0.00012356779,0.00027507343,1.268985e-05,0.000182845066410664,0
SAOUHSC_02425,SAOUHSC_02432,-1,4.249134e-05,0.00024854366,7.044177e-05,4.624627e-05,0.00052249496,0.001296503,0.00012574083,0.00012583616,0.00041584426,3.7501588e-05,0.000293164383401745,0
SAOUHSC_02432,SAOUHSC_02436,-1,0.0002478836,0.0006777327,0.0013966955,0.0002848029,0.0010579723,0.003578721,0.00034052087,0.00043148446,0.0007380065,0.00020463548,0.0008958455393440091,0
SAOUHSC_02436,SAOUHSC_02457,-1,0.00013268404,0.0011265498,0.00037553345,0.00021869515,0.0003495397,0.0013704259,0.00028711563,0.00029425885,0.00035134633,3.1160667e-05,0.00045373095308605117,0
SAOUHSC_02457,SAOUHSC_A02331,-1,0.5930169,0.46327582,0.86126316,0.21126044,0.33184874,0.68759644,0.7142983,0.3027525,0.37708795,0.82707864,0.5369478911161423,1
SAOUHSC_A02331,SAOUHSC_02462,-1,0.00010375493,0.00065021694,0.00021295152,0.000107486194,0.00033836567,0.0016653927,0.00017026647,0.00016602692,0.00049027195,2.329835e-05,0.000392803161048505,0
SAOUHSC_02462,SAOUHSC_02463,-1,0.961751,0.98438954,0.97731215,0.9698223,0.9252378,0.9850748,0.9578723,0.9826438,0.9755429,0.9864877,0.970613420009613,1
SAOUHSC_02463,SAOUHSC_02469,-1,0.0005310976,0.00062719104,0.000843559,0.0045272904,0.0040494637,0.009024219,0.0008015843,0.0010086577,0.0022696718,0.0004304219,0.00241131559596397,0
SAOUHSC_02469,SAOUHSC_02515,-1,7.4656615e-05,0.00022382125,8.26496e-05,0.0002898318,0.0013486365,0.005618203,0.00016953374,0.0001659883,0.00075233454,3.6489288e-05,0.0008762144567299402,0
SAOUHSC_02515,SAOUHSC_02519,-1,0.00021179044,0.0008739536,0.0005892737,0.00048649742,0.0005928846,0.002934409,0.00047569358,0.00031596152,0.00054419355,8.240517e-05,0.0007107062672730535,0
SAOUHSC_02519,SAOUHSC_02520,-1,0.39797255,0.50009376,0.28921098,0.24031518,0.41591206,0.44237962,0.3544121,0.39627108,0.3650724,0.38471782,0.3786357566714287,0
SAOUHSC_02520,SAOUHSC_02523,-1,0.004903786,0.009079848,0.0038793616,0.00077270315,0.0023318431,0.017053442,0.0074255294,0.0031127008,0.0057640765,0.0044763098,0.005879960063612089,0
SAOUHSC_02523,SAOUHSC_02524,-1,0.6779923,0.7984646,0.684189,0.9114408,0.8134592,0.89839596,0.75951177,0.84354174,0.76821256,0.80411947,0.7959327399730682,1
SAOUHSC_02524,SAOUHSC_02528,-1,0.00014710655,0.00027670292,0.00036099486,0.0015381986,0.0017269256,0.006177333,0.0003374305,0.00020479121,0.001294855,0.00013380607,0.0012198144497233443,0
SAOUHSC_02528,SAOUHSC_02530,-1,0.00890243,0.010494824,0.0028069024,0.0030638205,0.0036034095,0.041805062,0.006508702,0.0062431754,0.010736196,0.006501688,0.010066620982252061,0
SAOUHSC_02530,SAOUHSC_02531,-1,0.9865772,0.98466855,0.9808782,0.983235,0.9657991,0.9949549,0.9798028,0.98725253,0.9843009,0.9885645,0.9836033642292022,1
SAOUHSC_02531,SAOUHSC_02533,-1,0.011254553,0.015548077,0.0039017217,0.00785499,0.0077294363,0.027133273,0.004621014,0.005219249,0.010047923,0.0017554498,0.009506568650249392,0
SAOUHSC_02533,moaC,-1,0.0010998454,0.0024797386,0.0021828597,0.0091207875,0.025841136,0.022013474,0.00625479,0.0016765265,0.003813195,0.0014534696,0.007593582198023796,0
moaC,SAOUHSC_02550,-1,0.0035979012,0.0032861896,0.00019661034,0.0009083781,0.0041351737,0.011957841,0.0003904495,0.0018804311,0.0050638285,0.00063313777,0.0032049940928118303,0
SAOUHSC_02550,ureA,-1,0.0003187766,0.00058100524,0.00019681445,0.00022299202,0.00036490793,0.002478207,0.00020727213,0.00015561008,0.00090014166,4.028955e-05,0.0005466016660648165,0
ureA,ureB,-1,0.9832839,0.9874325,0.9959232,0.99540925,0.96206963,0.97890025,0.99852186,0.9695065,0.97934604,0.99096894,0.9841362059116363,1
ureB,ureC,-1,0.98314446,0.9855845,0.9808612,0.9828013,0.9619942,0.9945591,0.9766622,0.9867612,0.9839265,0.98848623,0.9824780881404876,1
ureC,ureE,-1,0.9880678,0.973284,0.9784201,0.98601246,0.9532589,0.97088736,0.9971157,0.97352153,0.97191375,0.98027724,0.9772758781909943,1
ureE,SAOUHSC_02563,-1,0.9900367,0.9842522,0.981785,0.98422456,0.97111917,0.99534816,0.9845185,0.9881662,0.984315,0.9889964,0.9852761924266815,1
SAOUHSC_02563,SAOUHSC_02564,-1,0.9911768,0.98622596,0.9931063,0.99556816,0.9696739,0.9796262,0.9981555,0.98711795,0.97999877,0.98713607,0.9867785513401032,1
SAOUHSC_02564,SAOUHSC_02565,-1,0.9902299,0.9833007,0.98119456,0.9833647,0.97030604,0.9950996,0.98415357,0.9877706,0.9840179,0.98869556,0.9848133146762847,1
SAOUHSC_02565,SAOUHSC_02571,-1,0.00068615546,0.006588417,0.007931621,0.00077698193,0.0017853854,0.0023250333,0.0038189036,0.0015431644,0.0006514957,0.00027329425,0.0026380451949080453,0
SAOUHSC_02571,SAOUHSC_02575,-1,0.0034918957,0.004457097,0.00033716392,0.0009074313,0.0022832346,0.014268627,0.0007743168,0.00097511534,0.0057791043,0.0005116952,0.003378568164771423,0
SAOUHSC_02575,SAOUHSC_02576,-1,0.43965143,0.659903,0.6361936,0.16157821,0.44653407,0.7113781,0.47783512,0.41299865,0.31046566,0.20856167,0.4465099468827248,0
SAOUHSC_02576,SAOUHSC_02577,-1,0.7848859,0.8824642,0.45541844,0.44753,0.4726304,0.7762688,0.30262664,0.7746365,0.75473386,0.4111136,0.606230828166008,1
SAOUHSC_02577,SAOUHSC_02585,-1,8.498315e-05,0.00040428602,0.00030374908,0.000116549774,0.00039905976,0.0013712165,0.00014899383,0.00017438832,0.00047362584,2.8385342e-05,0.0003505237616991508,0
SAOUHSC_02585,SAOUHSC_02588,-1,0.007931265,0.016158124,0.009327133,0.0014313979,0.005854865,0.03738493,0.004598578,0.0057117324,0.009022138,0.0015493719,0.009896953694988043,0
SAOUHSC_02588,SAOUHSC_02589,-1,0.15727776,0.10739709,0.1295533,0.06774521,0.40819445,0.358798,0.08076895,0.16204077,0.24275638,0.3337522,0.2048284098505974,0
SAOUHSC_02589,SAOUHSC_02591,-1,0.006803142,0.0065215947,0.014021468,0.0012653664,0.004131437,0.025021944,0.0012429234,0.00303694,0.007420533,0.00061739865,0.007008274737745524,0
SAOUHSC_02591,SAOUHSC_02592,-1,0.9914231,0.9814063,0.9773647,0.9792571,0.96809214,0.993029,0.9818619,0.98490244,0.9819874,0.98617756,0.9825501620769501,1
SAOUHSC_02592,SAOUHSC_02596,-1,0.0008873804,0.002311367,0.0003044437,0.00036542758,0.0012614345,0.005756703,0.0010065085,0.0005649805,0.0014808434,0.00024891098,0.0014187999826390297,0
SAOUHSC_02596,SAOUHSC_02599,-1,0.0031092155,0.0033593152,0.004318758,0.0015947442,0.0025830409,0.014141606,0.0016071574,0.0024450656,0.0032474697,0.0004013481,0.0036807720665819944,0
SAOUHSC_02599,SAOUHSC_02608,-1,0.00012725109,0.0010506564,0.0011846997,0.00011038979,0.00035463326,0.001559741,0.00023222738,0.00022346326,0.0002936994,2.5667357e-05,0.0005162428655239637,0
SAOUHSC_02608,SAOUHSC_02609,-1,0.02806787,0.028311636,0.04671166,0.0442272,0.029989159,0.07712526,0.040826056,0.028553953,0.04394973,0.005093082,0.037285560835152866,0
SAOUHSC_02609,SAOUHSC_02611,-1,0.0013463014,0.0035093916,0.0019461939,0.0011633615,0.00542204,0.008715371,0.0006416753,0.0015208641,0.0023364075,0.0009275653,0.002752917114412412,0
SAOUHSC_02611,SAOUHSC_02613,-1,0.053244933,0.030093158,0.06148094,0.017860604,0.016207982,0.08168565,0.03237953,0.025104309,0.022463534,0.005725266,0.03462459030561149,0
SAOUHSC_02613,SAOUHSC_02621,-1,0.0001371586,0.00062839786,0.0004842623,0.00011467895,0.00047527475,0.0018305305,0.00030455607,0.00026057198,0.0006906284,6.94163e-05,0.0004995475705072749,0
SAOUHSC_02621,SAOUHSC_02622,-1,0.2917459,0.43951392,0.74025923,0.23340878,0.50268567,0.44169065,0.50774354,0.40506566,0.18611355,0.3935947,0.41418216079473497,0
SAOUHSC_02622,SAOUHSC_02625,-1,0.0014684359,0.0020272867,0.012796277,0.00720095,0.003733985,0.01701044,0.0010787711,0.0022772711,0.0034930778,0.0006896754,0.005177616904256865,0
SAOUHSC_02625,SAOUHSC_02626,-1,0.99106514,0.98136073,0.9777359,0.98069745,0.9680162,0.9935712,0.9812152,0.9858613,0.98300475,0.9871347,0.9829662561416626,1
SAOUHSC_02626,SAOUHSC_02628,-1,0.0071093417,0.008704321,0.028851878,0.0067744977,0.008629701,0.024812827,0.007722537,0.004892458,0.0064586136,0.0010283156,0.010498449113219977,0
SAOUHSC_02628,SAOUHSC_02631,-1,0.0051706885,0.0036845258,0.0010467088,0.0018657253,0.004476027,0.01809009,0.001017758,0.001988587,0.005239985,0.0003470783,0.004292717354837805,0
SAOUHSC_02631,SAOUHSC_02638,-1,0.00017060679,0.0013429092,0.0011876747,0.0002409875,0.0014952716,0.0021025646,0.0027386085,0.00087011495,0.0009283027,9.667458e-05,0.0011173715036420617,0
SAOUHSC_02638,SAOUHSC_02643,-1,0.0072148927,0.025683528,0.03212726,0.007943155,0.0048456397,0.024574494,0.012518108,0.011768261,0.0027351023,0.00201901,0.01314294517505914,0
SAOUHSC_02643,SAOUHSC_02644,-1,0.9884937,0.9837814,0.9808885,0.98339176,0.96735257,0.99490696,0.9810625,0.9874419,0.98443556,0.98851323,0.9840268015861511,1
SAOUHSC_02644,SAOUHSC_02645,-1,0.5875096,0.61241657,0.9069462,0.6125309,0.69791067,0.7738801,0.9463581,0.6091012,0.5345839,0.55389076,0.6835127949714661,1
SAOUHSC_02645,SAOUHSC_02646,-1,0.99101794,0.98333186,0.98128617,0.9829199,0.9718755,0.99490404,0.9850591,0.9876974,0.9838785,0.9886872,0.985065758228302,1
SAOUHSC_02646,SAOUHSC_02649,-1,0.00053186464,0.0024312967,0.000909089,0.00023098501,0.0018659009,0.003928914,0.00053273333,0.00068510673,0.0007615776,0.00013643959,0.0012013907806249335,0
SAOUHSC_02649,SAOUHSC_02652,-1,0.0026177145,0.0072346744,0.009962591,0.0043328246,0.0059078364,0.0122698825,0.005340618,0.0030671807,0.003910697,0.0024438147,0.005708783422596753,0
SAOUHSC_02652,SAOUHSC_02657,-1,0.0062562744,0.015234916,0.009691236,0.0016765001,0.004291202,0.014473268,0.004977169,0.006850118,0.0042285626,0.0005685195,0.006824776431312784,0
SAOUHSC_02657,SAOUHSC_02659,-1,0.000836942,0.0099261785,0.0015471958,0.0012796792,0.0052941297,0.007023286,0.005158985,0.0024915363,0.0030703598,0.0015328922,0.0038161184755153956,0
SAOUHSC_02659,SAOUHSC_02660,-1,0.9700565,0.9853072,0.9915649,0.9931847,0.9736336,0.96773326,0.99569494,0.98748183,0.96895766,0.97869533,0.9812309920787812,1
SAOUHSC_02660,SAOUHSC_02663,-1,0.0014817367,0.0021943143,0.0010940541,0.0060354075,0.002526281,0.008378622,0.0011261833,0.0023790558,0.0023741608,0.000366065,0.00279558805632405,0
SAOUHSC_02663,SAOUHSC_02664,-1,0.0024469423,0.0052678995,0.0031522184,0.000827229,0.011934248,0.011344169,0.0012300289,0.0030485957,0.00290322,0.0008455011,0.004300005198456347,0
SAOUHSC_02664,SAOUHSC_02665,-1,0.83745825,0.6586668,0.44139957,0.3547149,0.31030166,0.61844933,0.33256403,0.72153157,0.5319098,0.5521599,0.5359155833721161,1
SAOUHSC_02665,SAOUHSC_02666,-1,0.13416074,0.11263813,0.47446004,0.011242186,0.07840862,0.19287205,0.16858265,0.1064599,0.042186033,0.104938716,0.1425949060358107,0
SAOUHSC_02666,SAOUHSC_02669,-1,0.00025413072,0.00096051994,0.0021564686,0.00020595752,0.0011709115,0.0038315202,0.00083581515,0.00037977443,0.00078919186,5.888539e-05,0.0010643175282893935,0
SAOUHSC_02669,SAOUHSC_02670,-1,0.26939222,0.2633252,0.14754309,0.29994074,0.13755777,0.6125879,0.14010336,0.1282066,0.24464867,0.2424938,0.24857993721961974,0
SAOUHSC_02670,SAOUHSC_02674,-1,0.00021962018,0.0009961539,0.0010727604,0.00020376571,0.000565418,0.0026380785,0.0002955192,0.00034389063,0.0004945403,8.6753236e-05,0.000691650013322942,0
SAOUHSC_02674,SAOUHSC_02696,-1,4.431989e-05,0.00023931144,0.00016255681,5.033978e-05,0.00034145938,0.0011292761,0.00012811407,0.000103813516,0.00039550164,2.1582286e-05,0.0002616274940010044,0
SAOUHSC_02696,SAOUHSC_02702,-1,0.00044056305,0.00051302084,0.0004905258,0.002948706,0.005947406,0.0068256096,0.0006210065,0.0009624684,0.0019477737,0.0005084499,0.002120552977430634,0
SAOUHSC_02702,SAOUHSC_02706,-1,0.002382161,0.0211488,0.04536716,0.0020654616,0.0055488828,0.023713619,0.012292707,0.007922302,0.0010991299,0.00041109615,0.01219513191608712,0
SAOUHSC_02706,SAOUHSC_02708,-1,0.2618544,0.1646081,0.5550652,0.034163825,0.15162939,0.34672713,0.35289738,0.17744623,0.05321675,0.2374645,0.23350729383528232,0
SAOUHSC_02708,SAOUHSC_02709,-1,0.106044255,0.1713599,0.26275054,0.01806674,0.14238694,0.25144273,0.5054521,0.26282215,0.070940636,0.1704772,0.19617431815713643,0
SAOUHSC_02709,SAOUHSC_02710,-1,0.9808034,0.9643305,0.9687122,0.97267365,0.93401766,0.9577129,0.9949165,0.9342357,0.970319,0.9531275,0.9630848944187165,1
SAOUHSC_02710,SAOUHSC_02723,-1,0.00011570619,0.0014859884,0.0024669233,0.00019030589,0.0008784637,0.0011732175,0.0020744167,0.00042214186,0.00067302433,3.0305937e-05,0.0009510493868219782,0
SAOUHSC_02723,SAOUHSC_02724,-1,0.94742066,0.98896205,0.9824499,0.98904425,0.9668867,0.982776,0.9942897,0.9633565,0.97561806,0.97749627,0.976830005645752,1
SAOUHSC_02724,SAOUHSC_02725,-1,0.5243501,0.49133834,0.81745744,0.14340726,0.3309694,0.6445728,0.49261022,0.23853396,0.32978523,0.33908436,0.43521090894937514,0
SAOUHSC_02725,SAOUHSC_02727,-1,0.23928362,0.23592134,0.092433,0.04111309,0.3025641,0.6143526,0.13950698,0.111921236,0.37580106,0.07251336,0.22254103757441043,0
SAOUHSC_02727,SAOUHSC_02729,-1,0.062145878,0.083873056,0.04115287,0.012847639,0.031833377,0.14901476,0.03657842,0.050687246,0.025730131,0.034437798,0.05283011691644788,0
SAOUHSC_02729,SAOUHSC_02731,-1,0.80521655,0.6813249,0.47592258,0.6154963,0.6047701,0.7471216,0.32450974,0.57278866,0.8211757,0.61719906,0.6265525162220001,1
SAOUHSC_02731,SAOUHSC_02736,-1,0.044345286,0.033918004,0.032145225,0.019722454,0.024558382,0.098876484,0.027567068,0.007850436,0.045000672,0.0026659663,0.03366499771364033,0
SAOUHSC_02736,SAOUHSC_02750,-1,0.00019126329,0.0006801218,0.0005927978,0.00013990929,0.0008337402,0.002503099,0.0003333598,0.00041412833,0.0012264731,4.9014678e-05,0.0006963907319004648,0
SAOUHSC_02750,SAOUHSC_02751,-1,0.36922738,0.268627,0.24524385,0.4774615,0.34677237,0.48845354,0.28825948,0.38084984,0.45950225,0.4148006,0.37391977906227114,0
SAOUHSC_02751,SAOUHSC_02759,-1,0.0005919611,0.0025863992,0.0009800947,0.0001373122,0.00072990876,0.0036446983,0.0004033325,0.0005620608,0.002002769,6.400602e-05,0.0011702542440616525,0
SAOUHSC_02759,SAOUHSC_02761,-1,0.0069799027,0.0051922393,0.0021609953,0.0019755391,0.003506581,0.022221804,0.0022893702,0.0015911259,0.0074126422,0.00054252637,0.005387272580992431,0
SAOUHSC_02761,SAOUHSC_02773,-1,0.0007274672,0.001106685,0.00014166374,0.0015108581,0.014721142,0.019736122,0.00360695,0.002996545,0.006216309,0.0026882677,0.0053452010237379,0
SAOUHSC_02773,SAOUHSC_02779,-1,0.00022412193,0.00160543,0.0064749797,0.00016104199,0.00060989294,0.0025575068,0.00029954835,0.0004599612,0.0007895822,0.00010155029,0.0013283615407999605,0
SAOUHSC_02779,SAOUHSC_02780,-1,0.9783968,0.92774457,0.9390275,0.9102678,0.84056765,0.95568705,0.9190661,0.9276445,0.97505254,0.91531473,0.9288769125938415,1
SAOUHSC_02780,SAOUHSC_02782,-1,0.00059736986,0.0063257446,0.0041154237,0.00048591767,0.0036500809,0.01046004,0.00067762483,0.0024018977,0.0007091289,0.00032681884,0.0029750046494882556,0
SAOUHSC_02782,SAOUHSC_02793,-1,0.00024511974,0.00066231604,0.00089520146,0.00033633504,0.0028023124,0.0048829634,0.0022486933,0.0003416186,0.00104315,6.859822e-05,0.0013526308088330553,0
SAOUHSC_02793,SAOUHSC_02794,-1,0.3683543,0.27851212,0.59823656,0.10291731,0.14907213,0.365144,0.509204,0.18842065,0.077757224,0.3384422,0.29760604798793794,0
SAOUHSC_02794,SAOUHSC_02795,-1,0.28268823,0.20309132,0.2442182,0.08418561,0.16031726,0.4914426,0.2639499,0.20152226,0.15513593,0.1783552,0.22649065032601357,0
SAOUHSC_02795,SAOUHSC_02800,-1,0.00010898532,0.0006958914,0.0013104535,0.00017186052,0.00060243567,0.0023251846,0.00022498924,0.00024668683,0.00035504086,2.4016203e-05,0.0006065544190278161,0
SAOUHSC_02800,SAOUHSC_02816,-1,5.8283036e-05,0.00014883878,8.078308e-05,0.00033055682,0.00034604178,0.0024832617,0.00023472148,9.499485e-05,0.00046921129,8.432774e-05,0.00043310205983289053,0
SAOUHSC_02816,SAOUHSC_02820,-1,0.02337625,0.11670428,0.10900816,0.030001255,0.020158859,0.0543393,0.04888826,0.062219936,0.004584029,0.009157599,0.047843792894855144,0
SAOUHSC_02820,SAOUHSC_02821,-1,0.99128115,0.9812252,0.99299014,0.98601043,0.9652367,0.9765972,0.9949828,0.98426914,0.9777793,0.9492254,0.9799597501754761,1
SAOUHSC_02821,SAOUHSC_02822,-1,0.35696644,0.2784329,0.57946503,0.060934287,0.18935968,0.3051662,0.40946987,0.20072022,0.0950185,0.2623434,0.27378765530884264,0
SAOUHSC_02822,SAOUHSC_02823,-1,0.46601635,0.51708084,0.6377645,0.37303135,0.73793477,0.5395548,0.83160615,0.51640296,0.47980613,0.8514697,0.5950667530298233,1
SAOUHSC_02823,SAOUHSC_02827,-1,0.001087275,0.0144070815,0.028711423,0.00088187034,0.0035151795,0.004279946,0.010358268,0.0029823398,0.0017507835,0.00048250763,0.006845667498419061,0
SAOUHSC_02827,SAOUHSC_02828,-1,0.5062257,0.4120974,0.53908527,0.059459634,0.2901732,0.47329032,0.32179394,0.37649032,0.19875894,0.4927158,0.3670090548694134,0
SAOUHSC_02828,SAOUHSC_02830,-1,0.021236137,0.051691048,0.030827768,0.015951933,0.035615828,0.0457263,0.04236809,0.038952634,0.023384959,0.05216933,0.03579240273684263,0
SAOUHSC_02830,SAOUHSC_02832,-1,0.1591612,0.34418714,0.47411776,0.1463887,0.119650856,0.49338877,0.46077392,0.33124352,0.028697718,0.04573499,0.2603344552218914,0
SAOUHSC_02832,SAOUHSC_02833,-1,0.98063505,0.9791696,0.9730076,0.9829668,0.94544494,0.9627761,0.9899613,0.9801624,0.970856,0.97942454,0.9744404375553131,1
SAOUHSC_02833,SAOUHSC_02836,-1,0.023115223,0.036668286,0.07867777,0.01724698,0.039421555,0.070959456,0.040471822,0.039369173,0.009098604,0.02110672,0.037613559328019616,0
SAOUHSC_02836,SAOUHSC_02842,-1,0.00056196976,0.0019372994,0.000108770706,9.41766e-05,0.0005849125,0.0046852105,0.00021482895,0.00028180878,0.0027613582,0.0001790821,0.001140941745688906,0
SAOUHSC_02842,SAOUHSC_02843,-1,0.11769562,0.14406736,0.17785606,0.02009783,0.07427326,0.27658424,0.09143834,0.13059251,0.18559693,0.17191777,0.13901199102401735,0
SAOUHSC_02843,SAOUHSC_02853,-1,5.2307507e-05,0.00034443187,0.00021277009,3.9805793e-05,0.0003394319,0.0009037723,6.359752e-05,0.00011130844,0.00021568354,1.8863777e-05,0.00023019727395876544,0
SAOUHSC_02853,SAOUHSC_02855,-1,0.02765471,0.03479546,0.035317603,0.0017554015,0.014166463,0.05388774,0.05076422,0.029191738,0.017860822,0.051273584,0.031666774302721024,0
SAOUHSC_02855,SAOUHSC_02860,-1,0.0019240938,0.010505931,0.0035878515,0.0010450936,0.0044041956,0.0066104345,0.0025961155,0.003953623,0.0023159117,0.0005073378,0.003745058859931305,0
SAOUHSC_02860,SAOUHSC_02862,-1,0.20203985,0.28449884,0.2607155,0.14966184,0.12270176,0.36323306,0.18033434,0.266474,0.07250745,0.09780992,0.1999976582825184,0
SAOUHSC_02862,SAOUHSC_02867,-1,0.020511342,0.09864803,0.111377954,0.034133524,0.009459249,0.068248235,0.05553363,0.037601225,0.004561372,0.0052446625,0.044531921902671454,0
SAOUHSC_02867,SAOUHSC_02872,-1,0.0011901265,0.0015674873,0.0013611892,0.0021490045,0.0014207806,0.008436471,0.0005077099,0.00054002117,0.002116056,0.00013300503,0.0019421851262450217,0
SAOUHSC_02872,SAOUHSC_02873,-1,0.58225936,0.62789196,0.32164767,0.26834655,0.5885901,0.57858485,0.28960422,0.494644,0.6427391,0.51919323,0.49135010242462157,0
SAOUHSC_02873,SAOUHSC_02874,-1,0.36354005,0.3316983,0.52318543,0.24193694,0.24306305,0.33111262,0.11980672,0.20796093,0.14963539,0.2334583,0.27453977316617967,0
SAOUHSC_02874,SAOUHSC_02890,-1,2.1199943e-05,0.00041424308,7.966085e-05,5.180592e-05,0.00020425065,0.00055363233,0.000114271556,0.000104818086,0.00028047158,7.6212596e-06,0.0001831975259392493,0
SAOUHSC_02890,SAOUHSC_02891,-1,0.55363387,0.78825426,0.6025194,0.68266195,0.58872426,0.7150769,0.48575285,0.72601753,0.67408997,0.8501499,0.6666880935430527,1
SAOUHSC_02891,SAOUHSC_02892,-1,0.7458219,0.76909345,0.84692824,0.7172734,0.6555307,0.7799733,0.71667266,0.509082,0.77630913,0.4778074,0.699449223279953,1
SAOUHSC_02892,SAOUHSC_02893,-1,0.5536912,0.56925,0.65496814,0.77066046,0.76419926,0.79688144,0.8732825,0.7239122,0.700834,0.82716477,0.7234843909740448,1
SAOUHSC_02893,SAOUHSC_02897,-1,0.00023106829,0.0006525372,0.00036970965,0.0005922224,0.0008734201,0.0048026093,0.00031527577,0.00037933447,0.0009997222,0.00014501704,0.0009360916403238662,0
SAOUHSC_02897,SAOUHSC_02898,-1,0.9899381,0.98186475,0.9785629,0.9808396,0.96773595,0.9941636,0.98111886,0.9859157,0.9836809,0.9876879,0.9831508219242096,1
SAOUHSC_02898,SAOUHSC_02899,-1,0.7809068,0.73872393,0.6113671,0.7495665,0.764321,0.7747255,0.6309045,0.5977847,0.72037536,0.7629218,0.7131597220897674,1
SAOUHSC_02899,SAOUHSC_02900,-1,0.9563901,0.95218116,0.9656336,0.95494205,0.9357583,0.92425126,0.92223537,0.94983906,0.9335705,0.97169894,0.9466500282287598,1
SAOUHSC_02900,SAOUHSC_02909,-1,0.003624591,0.014636137,0.017152969,0.0032048305,0.0022389116,0.011568635,0.011104179,0.0038938955,0.0018887322,0.00014928309,0.0069462162675336,0
SAOUHSC_02909,SAOUHSC_02910,-1,0.6767402,0.79715085,0.8219598,0.5689438,0.7030996,0.7642562,0.8010949,0.61401355,0.46384454,0.9074532,0.711855661869049,1
SAOUHSC_02910,SAOUHSC_02912,-1,0.008781267,0.03426228,0.028313039,0.0023833036,0.006191339,0.033654593,0.018397313,0.014196291,0.0063950685,0.0042663687,0.015684086293913425,0
SAOUHSC_02912,SAOUHSC_02915,-1,0.05872874,0.05230543,0.047031462,0.0075285016,0.022575393,0.07967237,0.04102419,0.044609156,0.027325839,0.040271074,0.0421072150580585,0
SAOUHSC_02915,SAOUHSC_02920,-1,0.0075464444,0.008216836,0.012128428,0.007956803,0.05739194,0.063368015,0.0504497,0.008863234,0.030692197,0.0069415895,0.02535551870241761,0
SAOUHSC_02920,SAOUHSC_02923,-1,0.0040231775,0.011179,0.014095605,0.00079437793,0.0059553236,0.012576953,0.0052645016,0.0051627792,0.0028095772,0.00061039825,0.006247169332345948,0
SAOUHSC_02923,SAOUHSC_02925,-1,0.034823947,0.054492563,0.032881003,0.010334636,0.028042318,0.10988809,0.020738956,0.01581874,0.018340714,0.005917259,0.03312782268039882,0
SAOUHSC_02925,SAOUHSC_02926,-1,0.6564565,0.61387837,0.2906532,0.27745265,0.42072847,0.5583723,0.26772374,0.6756133,0.5542593,0.41325787,0.47283956706523894,0
SAOUHSC_02926,SAOUHSC_02928,-1,0.00052742334,0.0009006938,0.0010437027,0.0007088019,0.0014343112,0.00546282,0.0002863469,0.00071625627,0.0013205764,0.0001022388,0.0012503171499702148,0
SAOUHSC_02928,SAOUHSC_02934,-1,0.00021749134,0.0022220672,0.0022043807,0.00030042924,0.00082914945,0.004676403,0.00039606157,0.0005697743,0.00028706965,9.512592e-05,0.001179795238567749,0
SAOUHSC_02934,SAOUHSC_02935,-1,0.29715988,0.41336572,0.23612766,0.17481488,0.3704259,0.4595479,0.36942652,0.47098568,0.3888596,0.6552058,0.38359195441007615,0
SAOUHSC_02935,SAOUHSC_02939,-1,0.0007258156,0.00089880853,0.000775489,0.0013103891,0.0010851709,0.005798204,0.00038554225,0.0003337509,0.001526877,0.00015214615,0.0012992193427635358,0
SAOUHSC_02939,SAOUHSC_02948,-1,6.6140885e-05,0.000425677,0.00048773346,0.000314909,0.00039935127,0.0017257786,0.00013627746,0.00012055971,0.00028980526,4.6196197e-05,0.0004012428798887413,0
SAOUHSC_02948,SAOUHSC_02958,-1,7.081125e-05,0.0005510117,0.00024400846,4.959398e-05,0.0005713952,0.0013422704,8.7870576e-05,0.00018268912,0.00035745898,1.7585107e-05,0.0003474694802207523,0
SAOUHSC_02958,SAOUHSC_02960,-1,0.48223197,0.63845634,0.4348096,0.7061533,0.50138175,0.61860794,0.27918062,0.2523406,0.6366662,0.6669297,0.5216758012771606,1
SAOUHSC_02960,SAOUHSC_02973,-1,5.6270917e-05,0.00076316786,0.00020733911,0.00016682765,0.000267352,0.0011288696,0.00015306448,0.00015551782,0.00023929821,1.5745218e-05,0.00031534528698102805,0
SAOUHSC_02973,SAOUHSC_02974,-1,0.4973359,0.28099403,0.5446106,0.058494203,0.3926706,0.4254887,0.54418504,0.30217415,0.25240535,0.19529898,0.3493657596409321,0
SAOUHSC_02974,SAOUHSC_02975,-1,0.92429227,0.75535613,0.6289148,0.6484812,0.7935984,0.8439863,0.6689534,0.8374388,0.8334787,0.6797165,0.7614216506481171,1
SAOUHSC_02975,SAOUHSC_02976,-1,0.9873407,0.9631496,0.98410726,0.97503847,0.96125007,0.98544824,0.9909791,0.96443224,0.97050506,0.98364514,0.976589584350586,1
SAOUHSC_02976,SAOUHSC_02979,-1,0.019041149,0.017709766,0.005869789,0.011798685,0.036054913,0.05528522,0.00893364,0.014072828,0.01477366,0.010058577,0.019359822664409877,0
SAOUHSC_02979,SAOUHSC_02992,-1,0.00050906185,0.0012935128,0.0003228382,0.00014867878,0.0003879287,0.0022783545,0.00013989142,0.0001476,0.0007753119,8.9406356e-05,0.0006092584459111095,0
SAOUHSC_02992,SAOUHSC_02993,-1,0.9874006,0.96959627,0.9548577,0.9586081,0.9413503,0.9834078,0.94637334,0.96991175,0.97848713,0.9670675,0.9657060444355011,1
SAOUHSC_02993,SAOUHSC_02994,-1,0.19862276,0.3272785,0.2088409,0.12649363,0.2258631,0.2600276,0.17607228,0.2501595,0.13738035,0.2570594,0.21677980124950408,0
SAOUHSC_02994,SAOUHSC_03002,-1,0.00053901935,0.0048680226,0.0035361303,0.001277312,0.0008653467,0.004176496,0.0011670114,0.00084127847,0.0010888864,0.00017510696,0.001853461038263049,0
SAOUHSC_03002,SAOUHSC_03003,-1,0.9879556,0.97861785,0.96515894,0.9656331,0.95610714,0.98605496,0.97148025,0.9736453,0.9767493,0.9743126,0.973571503162384,1
SAOUHSC_03003,SAOUHSC_03004,-1,0.9808817,0.9685731,0.962317,0.95866823,0.93142784,0.98702973,0.9463588,0.9680473,0.97971517,0.9749256,0.9657944440841675,1
SAOUHSC_03004,SAOUHSC_03005,-1,0.9856039,0.9638913,0.95713687,0.96306,0.9341635,0.9868065,0.9461153,0.96502644,0.9786005,0.97362244,0.9654026865959168,1
SAOUHSC_03005,SAOUHSC_03022,-1,0.00013130945,0.0016125732,0.0007530777,0.00016463448,0.00060960813,0.0011382046,0.0002842281,0.00044257782,0.0004472841,4.318816e-05,0.000562668568090885,0
SAOUHSC_03022,SAOUHSC_03024,-1,0.0074968976,0.014724856,0.008775009,0.001975952,0.004498284,0.020524729,0.011554222,0.008714691,0.01057646,0.005880578,0.00947216774802655,0
SAOUHSC_03024,SAOUHSC_03025,-1,0.58306247,0.36199835,0.74742645,0.15516281,0.4138798,0.6447562,0.6694102,0.29899064,0.24532159,0.6033497,0.4723358228802681,0
SAOUHSC_03025,SAOUHSC_03028,-1,0.018005317,0.075262606,0.03279195,0.018248245,0.021718165,0.052319244,0.029336689,0.039633367,0.005990441,0.0120451925,0.030535121634602546,0
SAOUHSC_03028,SAOUHSC_03030,-1,0.6383778,0.60040677,0.7786945,0.1824354,0.41753656,0.63795084,0.4627968,0.36658445,0.5040948,0.23171078,0.48205886632204054,0
SAOUHSC_03030,SAOUHSC_03032,-1,0.05933458,0.044744886,0.04305729,0.002166666,0.022910113,0.05780491,0.06560783,0.0724041,0.018312432,0.022154422,0.0408497229218483,0
SAOUHSC_03032,SAOUHSC_03033,-1,0.7171727,0.61994827,0.7122688,0.51287425,0.61338234,0.7494376,0.6670503,0.6052115,0.6352537,0.47139677,0.6303996235132218,1
SAOUHSC_03033,SAOUHSC_03034,-1,0.5268702,0.2434171,0.64726764,0.050191488,0.47700775,0.6447078,0.60354614,0.33187526,0.31437427,0.4242305,0.42634881250560286,0
SAOUHSC_03034,SAOUHSC_03036,-1,0.0028948449,0.011180837,0.003793944,0.0018007166,0.013533281,0.016772455,0.0027937177,0.004052697,0.0032457663,0.0015866841,0.006165494315791875,0
SAOUHSC_03036,SAOUHSC_03037,-1,0.98318666,0.97071546,0.968138,0.968069,0.9427217,0.99037933,0.9565385,0.9715524,0.9804448,0.9794182,0.9711164057254791,1
SAOUHSC_03037,SAOUHSC_03037a,-1,0.80800635,0.69999146,0.81376535,0.36683783,0.47932568,0.75595826,0.81600034,0.46006334,0.30990043,0.3655531,0.5875402152538299,1
SAOUHSC_03037a,SAOUHSC_03040,-1,0.9743721,0.94702643,0.98256165,0.98173636,0.9138897,0.9047364,0.9611403,0.9598909,0.94446397,0.9796991,0.9549516856670379,1
SAOUHSC_03040,SAOUHSC_03042,-1,0.20619719,0.15077291,0.114277415,0.24221013,0.27108166,0.5040328,0.22029154,0.1864652,0.35513845,0.53690803,0.2787375323474407,0
SAOUHSC_03042,SAOUHSC_3042a,-1,0.8913364,0.95598686,0.9858661,0.991655,0.94312674,0.9667817,0.969284,0.9348894,0.96749645,0.9659585,0.957238107919693,1
SAOUHSC_3042a,SAOUHSC_03045,-1,0.015851075,0.08678193,0.031842567,0.02544897,0.025581643,0.025704324,0.032286294,0.025559526,0.008298503,0.04723821,0.03245930373668671,0
SAOUHSC_03045,dnaA,-1,5.757792e-05,0.0011119732,0.0005875502,8.272254e-05,0.00042295313,0.0012281716,0.0005664018,0.00031698012,0.0007519893,4.858607e-05,0.0005174905953026609,0
rpmH,rnpA,-1,0.19435728,0.1266956,0.18088025,0.042889632,0.1120796,0.37257582,0.17621261,0.1854117,0.09364312,0.24508238,0.1729827992618084,0
rnpA,trmE,-1,0.7838795,0.8334985,0.8692718,0.8826591,0.72284937,0.81977445,0.7250157,0.84772444,0.8090746,0.951234,0.8244981408119202,1
trmE,SAOUHSC_03052,-1,0.9710653,0.94654834,0.92708176,0.95026165,0.9130777,0.94640875,0.97311616,0.926159,0.9651274,0.9741278,0.9492973923683167,1
SAOUHSC_03052,gidB,-1,0.9831468,0.96815425,0.9487342,0.8973642,0.92227703,0.973247,0.956953,0.9269921,0.97548234,0.9416218,0.9493972718715668,1
gidB,SAOUHSC_03049,-1,0.9836228,0.98929274,0.98824954,0.99114746,0.9771979,0.9862536,0.99227905,0.98667485,0.98102975,0.977684,0.9853431701660156,1
SAOUHSC_03049,SAOUHSC_03048,-1,0.092049964,0.09060932,0.18267055,0.014129368,0.045470156,0.2256672,0.15724276,0.07904868,0.027151652,0.10560838,0.10196480201557279,0
SAOUHSC_03048,SAOUHSC_03047,-1,0.71014285,0.769599,0.90837026,0.91605985,0.7824094,0.81115973,0.75998086,0.79103005,0.71711856,0.9113338,0.8077204406261445,1
SAOUHSC_03047,SAOUHSC_03046,-1,0.8938554,0.86259884,0.89500844,0.9534146,0.89263046,0.9263684,0.9072326,0.9107739,0.86913055,0.9388089,0.9049822092056274,1
SAOUHSC_03046,SAOUHSC_03041,-1,0.0018367094,0.011816767,0.006756602,0.0010945919,0.00408582,0.0146669485,0.002450932,0.0034891362,0.0012059691,0.0006850551,0.004808853141730652,0
SAOUHSC_03041,SAOUHSC_03035,-1,0.006145395,0.144418,0.07956813,0.03230168,0.01311445,0.07868099,0.049815312,0.07505779,0.002495849,0.0022586735,0.04838562740478665,0
SAOUHSC_03035,SAOUHSC_03031,-1,0.0007805411,0.0039620292,0.0009514758,0.00014902311,0.0015402496,0.007540629,0.0013356541,0.0011774023,0.005014768,0.00025100244,0.0022702774294884875,0
SAOUHSC_03031,SAOUHSC_03027,-1,0.00015382502,0.0007643495,0.0002584333,0.00027066362,0.0009750141,0.0030002238,0.00014341256,0.0002739655,0.0005686497,5.942422e-05,0.0006467961273301625,0
SAOUHSC_03027,SAOUHSC_03026,-1,0.92808557,0.6861926,0.73036987,0.63371307,0.7486961,0.8236501,0.5253165,0.7320833,0.9390069,0.87502545,0.762213945388794,1
SAOUHSC_03026,SAOUHSC_03023,-1,0.0056579895,0.015065665,0.024032215,0.001400113,0.0049145618,0.020456417,0.004021137,0.002498675,0.0057091736,0.0005667442,0.00843226905562915,0
SAOUHSC_03023,SAOUHSC_03021,-1,0.0028632216,0.010855399,0.005910298,0.0016502874,0.015456867,0.018825267,0.0027843309,0.0043279333,0.0035403648,0.0012855773,0.006749954610131681,0
SAOUHSC_03021,SAOUHSC_03020,-1,0.9716441,0.9759587,0.9693405,0.98366696,0.9439787,0.9589094,0.98306876,0.9476511,0.96740854,0.97737277,0.9678999543190002,1
SAOUHSC_03020,SAOUHSC_03019,-1,0.9567264,0.9719616,0.98110473,0.9845799,0.9417596,0.97608644,0.97172487,0.9606214,0.9783283,0.9810886,0.9703981816768646,1
SAOUHSC_03019,SAOUHSC_03018,-1,0.9792522,0.9566357,0.93626803,0.8924791,0.8872888,0.96862704,0.9225429,0.9009755,0.96976143,0.9353401,0.9349170923233032,1
SAOUHSC_03018,SAOUHSC_03017,-1,0.74264675,0.6227238,0.93330956,0.25852615,0.49717733,0.7176113,0.6926203,0.3958616,0.6049601,0.6379723,0.6103409171104431,1
SAOUHSC_03017,SAOUHSC_03016,-1,0.76924527,0.78610647,0.9592658,0.40096185,0.8209006,0.8174502,0.6343393,0.57030183,0.8482177,0.7466476,0.7353436678647995,1
SAOUHSC_03016,hisZ,-1,0.25752974,0.18570074,0.4101343,0.028571282,0.13367455,0.2802897,0.31777987,0.16308247,0.08042724,0.33986026,0.21970501355826855,0
hisZ,hisG,-1,0.97458005,0.90137833,0.9786277,0.9164117,0.8954357,0.9691671,0.976193,0.8764325,0.92906696,0.96212286,0.9379415869712829,1
hisG,SAOUHSC_03013,-1,0.98265755,0.9646542,0.955267,0.95351666,0.93333083,0.9842843,0.9375004,0.967224,0.9799794,0.9744636,0.9632877945899964,1
SAOUHSC_03013,SAOUHSC_03012,-1,0.9930665,0.9912752,0.98682994,0.9930395,0.974675,0.98892033,0.99661726,0.98408663,0.98672915,0.9824343,0.9877673745155334,1
SAOUHSC_03012,hisB,-1,0.9901117,0.97805315,0.97217536,0.97462595,0.96177953,0.9913858,0.9761529,0.9781837,0.98063105,0.9829594,0.978605854511261,1
hisB,hisH,-1,0.9796016,0.9420984,0.9170445,0.8704422,0.8960712,0.9599989,0.88601,0.913492,0.97395676,0.9385165,0.9277232110500335,1
hisH,SAOUHSC_03009,-1,0.98079437,0.9589419,0.9370047,0.90239644,0.89674056,0.97348034,0.93143237,0.93774414,0.9742652,0.9433681,0.9436168074607849,1
SAOUHSC_03009,SAOUHSC_03008,-1,0.9737312,0.940992,0.9191636,0.84019315,0.8850544,0.9693607,0.8373549,0.89050734,0.97334164,0.9374961,0.9167195081710815,1
SAOUHSC_03008,SAOUHSC_03006,-1,0.070212245,0.07065998,0.10579314,0.04289647,0.036669265,0.12755878,0.11640468,0.045544885,0.040539093,0.049278125,0.07055566683411599,0
SAOUHSC_03006,SAOUHSC_03001,-1,0.00092512043,0.011836878,0.023691522,0.0026042762,0.0031270194,0.003940361,0.012187437,0.0029599287,0.0020355252,0.0016311784,0.006493924651294947,0
SAOUHSC_03001,SAOUHSC_03000,-1,0.02802937,0.035548154,0.024994636,0.0036003808,0.010818034,0.048138272,0.014292586,0.011366016,0.011534932,0.016910363,0.020523274363949896,0
SAOUHSC_03000,SAOUHSC_02999,-1,0.9719344,0.96903265,0.96505547,0.9767095,0.94057596,0.95882547,0.9851265,0.96613514,0.9684807,0.97261184,0.9674487590789795,1
SAOUHSC_02999,SAOUHSC_02998,-1,0.986242,0.9675203,0.9600177,0.9578951,0.9443515,0.9872351,0.9537154,0.96679294,0.9793997,0.9772348,0.9680404484272003,1
SAOUHSC_02998,SAOUHSC_02997,-1,0.40982533,0.2788269,0.40724275,0.1909225,0.19811441,0.45811087,0.27032822,0.26822725,0.16255483,0.19065608,0.2834809124469757,0
SAOUHSC_02997,SAOUHSC_02996,-1,0.9826038,0.97339493,0.9708183,0.9744813,0.95359635,0.96431637,0.9872223,0.9767251,0.97116905,0.98101526,0.9735342741012574,1
SAOUHSC_02996,SAOUHSC_02995,-1,0.68746656,0.76223296,0.7421592,0.79560906,0.7629649,0.7910065,0.7795996,0.7893467,0.7753821,0.860751,0.7746518552303314,1
SAOUHSC_02995,SAOUHSC_02991,-1,0.00058406516,0.0021187186,0.0018998258,0.00096179283,0.0009088716,0.0037557385,0.000882357,0.0010012238,0.0014081454,0.0002725467,0.0013793285324936733,0
SAOUHSC_02991,SAOUHSC_02990,-1,0.86205405,0.661705,0.8853244,0.27715042,0.5820613,0.6567522,0.59105814,0.7433656,0.7740517,0.7952364,0.6828759282827377,1
SAOUHSC_02990,secY,-1,0.9203533,0.62584305,0.90551305,0.83853936,0.38042095,0.51867944,0.7554395,0.55364597,0.541744,0.3581226,0.6398301213979721,1
secY,SAOUHSC_02988,-1,0.9785445,0.9602163,0.9750572,0.97635233,0.9320605,0.94807273,0.9797069,0.97205055,0.9665234,0.9709601,0.9659544408321381,1
SAOUHSC_02988,SAOUHSC_02987,-1,0.98566055,0.9656352,0.9608955,0.9485381,0.9469736,0.9842895,0.95057636,0.9643172,0.97988665,0.97543365,0.966220635175705,1
SAOUHSC_02987,SAOUHSC_02986,-1,0.98813725,0.9729408,0.96502817,0.9638734,0.94993204,0.9887994,0.9691247,0.9678604,0.9786594,0.979707,0.9724062502384185,1
SAOUHSC_02986,SAOUHSC_02985,-1,0.95467246,0.8632102,0.79525584,0.79281974,0.8634767,0.8582477,0.7749244,0.8361216,0.935828,0.9388096,0.8613366186618805,1
SAOUHSC_02985,SAOUHSC_02984,-1,0.98442864,0.9767162,0.9862182,0.971436,0.97393143,0.9839251,0.99223953,0.9728845,0.9653701,0.95812553,0.9765275299549103,1
SAOUHSC_02984,SAOUHSC_02983,-1,0.98402905,0.95648277,0.94479066,0.9039961,0.9152124,0.97104234,0.94304085,0.9463085,0.97826356,0.9564449,0.9499611139297486,1
SAOUHSC_02983,SAOUHSC_02982,-1,0.5649596,0.6492269,0.7526283,0.45382425,0.4997236,0.5674879,0.70873815,0.43673483,0.34756058,0.6147979,0.5595682024955749,1
SAOUHSC_02982,SAOUHSC_02980,-1,0.6513498,0.5871636,0.7580695,0.23108149,0.63050556,0.7959406,0.68788004,0.59521997,0.5620708,0.6308531,0.6130134463310242,1
SAOUHSC_02980,SAOUHSC_02978,-1,0.026962083,0.07285056,0.011649057,0.021440512,0.043620907,0.09560096,0.049956933,0.02045787,0.057631254,0.013310693,0.041348083317279814,0
SAOUHSC_02978,SAOUHSC_02972,-1,0.0009095438,0.00962353,0.02108672,0.0010893258,0.0028324353,0.005537336,0.004446891,0.0031729706,0.001782602,0.0002646667,0.005074602269451134,0
SAOUHSC_02972,SAOUHSC_02971,-1,0.45401564,0.41248685,0.708707,0.116931096,0.20997041,0.44564515,0.459625,0.23064895,0.080472946,0.39258638,0.3511089414358139,0
SAOUHSC_02971,SAOUHSC_02970,-1,0.49417144,0.57036316,0.7742512,0.48652464,0.5186289,0.5178245,0.55685055,0.46695685,0.15381671,0.39571112,0.4935099080204964,0
SAOUHSC_02970,SAOUHSC_A02811,-1,0.99180925,0.9724397,0.9850732,0.9911476,0.9719813,0.9911816,0.99551594,0.98340476,0.97416884,0.9891479,0.9845870077610016,1
SAOUHSC_A02811,SAOUHSC_02969,-1,0.15350991,0.27166638,0.18326801,0.117422365,0.2880404,0.36046892,0.14362946,0.26415566,0.2620229,0.2120049,0.22561889216303826,0
SAOUHSC_02969,SAOUHSC_02968,-1,0.9257403,0.7958774,0.87319976,0.7880222,0.7201948,0.90953785,0.93450904,0.8103358,0.8684252,0.62909776,0.8254940152168274,1
SAOUHSC_02968,SAOUHSC_02967,-1,0.88745785,0.9525961,0.9681202,0.97133535,0.9144747,0.9319152,0.95607567,0.95619667,0.93296194,0.97064674,0.9441780507564544,1
SAOUHSC_02967,SAOUHSC_02965,-1,0.9698542,0.906352,0.94332635,0.9302286,0.9295413,0.93806046,0.92755145,0.93390644,0.9652905,0.9066292,0.9350740432739257,1
SAOUHSC_02965,SAOUHSC_02964,-1,0.97038656,0.9765569,0.9836272,0.9783299,0.9567472,0.97594404,0.9829919,0.95166165,0.97801274,0.9669621,0.9721220135688782,1
SAOUHSC_02964,SAOUHSC_02963,-1,0.95283467,0.93428004,0.8561671,0.8198289,0.7482615,0.8854104,0.78572136,0.94731224,0.87361324,0.8542012,0.8657630681991577,1
SAOUHSC_02963,SAOUHSC_02962,-1,0.97266924,0.72453237,0.93548864,0.4553417,0.6904947,0.92280996,0.84431285,0.79168266,0.83713174,0.7567908,0.793125468492508,1
SAOUHSC_02962,SAOUHSC_02961,-1,0.48635218,0.6283332,0.6116474,0.59235156,0.5517006,0.8080362,0.8010779,0.5504606,0.75611025,0.69673723,0.6482807129621506,1
SAOUHSC_02961,SAOUHSC_02957,-1,0.0003932332,0.0028179646,0.019461073,0.00040623214,0.0006457265,0.0030381614,0.0042047966,0.00066401175,0.0008564741,0.00016070633,0.0032648379725287668,0
SAOUHSC_02957,nsaR,-1,0.9284285,0.94426525,0.97191644,0.961001,0.9127862,0.95550287,0.9394689,0.9389616,0.9636224,0.98598355,0.9501936674118042,1
nsaR,nsaS,-1,0.9922536,0.99201906,0.99111,0.99339896,0.98505545,0.99102443,0.99694574,0.9893677,0.98992604,0.991707,0.9912808060646057,1
nsaS,SAOUHSC_02954,-1,0.77432257,0.376754,0.8301391,0.35661036,0.37211347,0.53195584,0.6097163,0.34334368,0.26759064,0.42370534,0.48862512707710265,0
SAOUHSC_02954,SAOUHSC_02953,-1,0.97758776,0.9466596,0.9456323,0.90648735,0.89755625,0.97433096,0.9048043,0.9592571,0.97707707,0.9598977,0.944929039478302,1
SAOUHSC_02953,SAOUHSC_02950,-1,0.08974928,0.15638945,0.22959526,0.014313049,0.043192014,0.1438696,0.1904239,0.06633682,0.024803711,0.07904119,0.10377142624929547,0
SAOUHSC_02950,SAOUHSC_A02794,-1,0.03918628,0.05273641,0.06909012,0.050011046,0.10222697,0.098927945,0.03307446,0.036619604,0.031131573,0.015327679,0.05283320900052786,0
SAOUHSC_A02794,SAOUHSC_02949,-1,0.9763979,0.9569445,0.97364265,0.9805605,0.9311937,0.9370545,0.967927,0.9704517,0.95685124,0.97968704,0.963071072101593,1
SAOUHSC_02949,SAOUHSC_02947,-1,0.38700688,0.5027547,0.4386581,0.30775037,0.4109547,0.5396055,0.5833886,0.287318,0.39670876,0.093994565,0.39481401816010475,0
SAOUHSC_02947,SAOUHSC_02945,-1,0.8593204,0.897814,0.94525737,0.8052889,0.8841008,0.8869661,0.9216436,0.91343874,0.7465134,0.9610507,0.882139402627945,1
SAOUHSC_02945,SAOUHSC_02944,-1,0.94182885,0.90852547,0.96822476,0.9716657,0.9370352,0.9396727,0.9723033,0.9445702,0.94033813,0.97541136,0.9499575614929199,1
SAOUHSC_02944,SAOUHSC_02943,-1,0.07072278,0.0677424,0.059874553,0.010473162,0.021915741,0.05802968,0.035795894,0.037623193,0.027585719,0.03111828,0.04208814036101103,0
SAOUHSC_02943,SAOUHSC_02942,-1,0.53516287,0.54852027,0.4487875,0.18228951,0.5847034,0.59397703,0.42919806,0.472892,0.45285687,0.39923137,0.46476188600063323,0
SAOUHSC_02942,SAOUHSC_02941,-1,0.9825607,0.9739773,0.9396904,0.94796515,0.91005135,0.973336,0.9441015,0.93974364,0.9724427,0.93796676,0.9521835505962372,1
SAOUHSC_02941,SAOUHSC_02940,-1,0.25779128,0.20662671,0.3294391,0.11047351,0.18694282,0.38815078,0.1983362,0.34294257,0.1411477,0.2600675,0.24219181686639785,0
SAOUHSC_02940,SAOUHSC_02937,-1,0.5697692,0.7641374,0.3971634,0.23503041,0.31616697,0.60108,0.22834913,0.77803946,0.57399076,0.33340964,0.4797136351466179,0
SAOUHSC_02937,SAOUHSC_02936,-1,0.6375465,0.6864185,0.7078757,0.27025768,0.5269382,0.62911636,0.5344251,0.42061833,0.29718217,0.3803357,0.5090714186429978,1
SAOUHSC_02936,SAOUHSC_02933,-1,0.09041435,0.053372037,0.104845576,0.010950164,0.03879252,0.14192496,0.02205942,0.023582367,0.06784902,0.01358606,0.056737647764384745,0
SAOUHSC_02933,SAOUHSC_02932,-1,0.84442866,0.8721408,0.74464774,0.864095,0.80849946,0.91526234,0.8465788,0.6590839,0.88261676,0.9446105,0.8381963908672333,1
SAOUHSC_02932,SAOUHSC_02931,-1,0.55200315,0.4534752,0.6114642,0.08178023,0.32677585,0.38377392,0.3069868,0.3147023,0.11791312,0.36074105,0.35096158385276793,0
SAOUHSC_02931,SAOUHSC_02930,-1,0.049201984,0.11027526,0.100875534,0.041105557,0.08104787,0.118589245,0.067765005,0.10571184,0.06703,0.071824744,0.08134270384907723,0
SAOUHSC_02930,SAOUHSC_02929,-1,0.8695774,0.94811165,0.90768766,0.9274683,0.87914664,0.95857537,0.93362415,0.9373851,0.9620446,0.9159221,0.9239542961120606,1
SAOUHSC_02929,SAOUHSC_02927,-1,0.5082092,0.53148866,0.33030695,0.20309606,0.27961713,0.3959538,0.11750991,0.5346114,0.32547173,0.30885053,0.35351153984665873,0
SAOUHSC_02927,SAOUHSC_02924,-1,0.04602024,0.027240854,0.039960433,0.01028075,0.013715048,0.060763825,0.007180893,0.014859357,0.016438337,0.004016521,0.024047625670209526,0
SAOUHSC_02924,SAOUHSC_02922,-1,0.009864474,0.013979366,0.06588512,0.0062164827,0.005783275,0.026756577,0.01706682,0.011812102,0.0055005606,0.0015267944,0.01643915702588856,0
SAOUHSC_02922,SAOUHSC_02921,-1,0.37184364,0.29179943,0.5121151,0.11214328,0.3565351,0.54354477,0.53718984,0.33986893,0.1688972,0.4372663,0.3671203598380089,0
SAOUHSC_02921,panB,-1,0.4514874,0.65635246,0.46421495,0.537964,0.5011506,0.81289893,0.6809475,0.3943676,0.6781363,0.38931403,0.5566833734512329,1
panB,panC,-1,0.9842838,0.95795524,0.9545022,0.9507863,0.9255393,0.98173183,0.9533649,0.9647445,0.9788951,0.96774876,0.9619552016258239,1
panC,SAOUHSC_02916,-1,0.99280995,0.97824854,0.9916136,0.9652065,0.9842035,0.9890345,0.9969435,0.99315554,0.9833527,0.974511,0.9849079370498657,1
SAOUHSC_02916,SAOUHSC_02914,-1,0.00046446625,0.002408601,0.00020452154,0.00021921936,0.0014725364,0.0076669054,0.0007728041,0.0006422948,0.005759842,0.00020265763,0.0019813848790363408,0
SAOUHSC_02914,SAOUHSC_02913,-1,0.9776037,0.9834322,0.9765762,0.9772616,0.9498923,0.9919986,0.96646935,0.98384815,0.98238534,0.98696333,0.9776430726051331,1
SAOUHSC_02913,SAOUHSC_02911,-1,0.0023379594,0.0054061413,0.004678393,0.0028898183,0.012908912,0.0121980095,0.0039803865,0.0032956034,0.004003085,0.002585381,0.005428368970751762,0
SAOUHSC_02911,SAOUHSC_02908,-1,0.018980457,0.01614117,0.016789567,0.008648751,0.03702481,0.06635017,0.026691265,0.016504683,0.010896149,0.007118193,0.02251452156342566,0
SAOUHSC_02908,SAOUHSC_02907,-1,0.14413874,0.16401835,0.28504226,0.0292587,0.09904446,0.32481143,0.46443748,0.16191804,0.038135048,0.21363965,0.19244441520422698,0
SAOUHSC_02907,SAOUHSC_02906,-1,0.9865423,0.98738706,0.984378,0.99329996,0.9721789,0.9811964,0.9931283,0.9790994,0.97889084,0.9867108,0.984281188249588,1
SAOUHSC_02906,SAOUHSC_02905,-1,0.99130046,0.98223656,0.98125374,0.98164415,0.9714424,0.99456775,0.9852722,0.98713857,0.9834034,0.988482,0.9846741259098053,1
SAOUHSC_02905,SAOUHSC_02904,-1,0.038517002,0.034407243,0.15785395,0.032642644,0.049893714,0.14308032,0.045440964,0.044526316,0.04688585,0.04005755,0.06333055570721627,0
SAOUHSC_02904,SAOUHSC_02901,-1,0.017684413,0.021514935,0.04618566,0.0036241226,0.025411904,0.029282654,0.023110233,0.023037922,0.023766931,0.0035159795,0.021713475533761083,0
SAOUHSC_02901,SAOUHSC_02896,-1,0.00045208895,0.0019450904,0.0014168015,0.00072675897,0.0013184237,0.0049037905,0.0007726009,0.0006518228,0.00053653,0.00016163023,0.001288553782796953,0
SAOUHSC_02896,SAOUHSC_02895,-1,0.9780891,0.9584016,0.97940236,0.98231035,0.9278314,0.9466922,0.9811316,0.9796556,0.9676808,0.981623,0.9682818114757538,1
SAOUHSC_02895,SAOUHSC_02894,-1,0.9891649,0.99030024,0.9869884,0.9858888,0.97101194,0.98991627,0.9953134,0.97978586,0.98405707,0.99071014,0.9863137006759644,1
SAOUHSC_02894,SAOUHSC_02889,-1,0.0050929305,0.004653537,0.0007130852,0.002909196,0.004281543,0.027244044,0.0011585741,0.00087127724,0.00925313,0.00048017982,0.005665749809122644,0
SAOUHSC_02889,SAOUHSC_02888,-1,0.35020253,0.41362277,0.2053227,0.25586233,0.2748933,0.41191974,0.2359422,0.50548244,0.39302102,0.33952045,0.33857894837856295,0
SAOUHSC_02888,SAOUHSC_02887,-1,0.47825074,0.5954902,0.5317692,0.4111012,0.33082718,0.51156414,0.35555506,0.34936497,0.07576951,0.27541468,0.3915106885135174,0
SAOUHSC_02887,SAOUHSC_02886,-1,0.36419213,0.29231367,0.80139446,0.073897205,0.26959303,0.5921428,0.73366725,0.2466477,0.057316404,0.3490636,0.37802282758057115,0
SAOUHSC_02886,SAOUHSC_02885,-1,0.22612281,0.4286466,0.525413,0.39171717,0.20362037,0.33943182,0.25264254,0.2849622,0.080835216,0.24895552,0.29823472276329993,0
SAOUHSC_02885,SAOUHSC_02883,-1,0.7120563,0.4341629,0.67509294,0.14876205,0.28622484,0.41514257,0.54773784,0.31904027,0.16738568,0.30113214,0.4006737515330315,0
SAOUHSC_02883,SAOUHSC_02882,-1,0.6501581,0.573607,0.76652884,0.2642843,0.3971802,0.49576554,0.57210195,0.5570116,0.33315372,0.43482095,0.5044612258672714,1
SAOUHSC_02882,SAOUHSC_02881,-1,0.97975737,0.95629907,0.96298915,0.96363336,0.92247236,0.9799052,0.9278529,0.97609353,0.9807653,0.97627264,0.9626040875911712,1
SAOUHSC_02881,SAOUHSC_02880,-1,0.9900737,0.98774165,0.9750018,0.98378986,0.9627192,0.98658615,0.98750114,0.9745179,0.983617,0.98458225,0.9816130638122559,1
SAOUHSC_02880,SAOUHSC_02879,-1,0.9636619,0.9785144,0.9958599,0.9868668,0.9616688,0.9843876,0.9829208,0.9392242,0.96506834,0.98521644,0.9743389129638672,1
SAOUHSC_02879,SAOUHSC_02877,-1,0.9873554,0.9819688,0.9795741,0.9791832,0.95199263,0.98568416,0.9838048,0.9816265,0.98251677,0.9858646,0.9799570977687836,1
SAOUHSC_02877,SAOUHSC_02876,-1,0.6853194,0.5734849,0.62424636,0.73762584,0.71758556,0.85479325,0.75400615,0.45367888,0.7358484,0.81679505,0.6953383833169937,1
SAOUHSC_02876,SAOUHSC_02875,-1,0.99143666,0.9928989,0.99748975,0.99780834,0.9817701,0.9898409,0.9970476,0.991703,0.98470426,0.98735905,0.9912058532238006,1
SAOUHSC_02875,SAOUHSC_02871,-1,0.0009637971,0.0018873475,0.007886192,0.0049504586,0.0015486286,0.010143712,0.0008678545,0.00079042924,0.00224973,0.00065330975,0.0031941459397785365,0
SAOUHSC_02871,SAOUHSC_02869,-1,0.72675014,0.7832641,0.8933682,0.91796404,0.8461821,0.8431948,0.88070846,0.8803353,0.82858056,0.91356397,0.8513911604881287,1
SAOUHSC_02869,SAOUHSC_02868,-1,0.50015616,0.5345055,0.9780082,0.33620882,0.68106097,0.7126539,0.8523452,0.5376298,0.20398386,0.8639632,0.620051558315754,1
SAOUHSC_02868,SAOUHSC_02866,-1,0.06353445,0.082563065,0.019854445,0.09193672,0.17245637,0.1445627,0.060635623,0.056284167,0.11405054,0.047272533,0.08531506210565568,0
SAOUHSC_02866,SAOUHSC_02865,-1,0.56321776,0.2916246,0.676124,0.15583374,0.24490239,0.5116314,0.54132617,0.29559648,0.15800413,0.4421419,0.38804025650024415,0
SAOUHSC_02865,SAOUHSC_02864,-1,0.97437775,0.96776515,0.9383985,0.982658,0.929086,0.93966156,0.9638055,0.965571,0.960392,0.97224903,0.9593964517116547,1
SAOUHSC_02864,SAOUHSC_02863,-1,0.9867215,0.9892366,0.98770046,0.9934424,0.97437334,0.96965027,0.99278903,0.9606705,0.96416223,0.97952867,0.9798274993896484,1
SAOUHSC_02863,SAOUHSC_02861,-1,0.00014098606,0.0005714878,0.00044630174,0.00016559611,0.001734957,0.0036428026,0.00011240214,0.00033225032,0.0005384669,0.00020982987,0.0007895080532762222,0
SAOUHSC_02861,SAOUHSC_02859,-1,0.0012505208,0.0025466923,0.0016269084,0.0016559503,0.003637727,0.013544056,0.002613878,0.002010299,0.003957604,0.00052331504,0.0033366950461640953,0
SAOUHSC_02859,SAOUHSC_02858,-1,0.047513843,0.047653724,0.06961839,0.005606643,0.029209092,0.14505114,0.11797017,0.038507372,0.056645907,0.050277088,0.06080533629283309,0
SAOUHSC_02858,SAOUHSC_02857,-1,0.8524523,0.9384841,0.9457908,0.95061535,0.90568227,0.96686673,0.9526202,0.8934639,0.947388,0.9007696,0.9254133224487304,1
SAOUHSC_02857,SAOUHSC_02856,-1,0.023068184,0.035859223,0.04453175,0.006086487,0.021772912,0.10352896,0.0284798,0.01628464,0.058047503,0.022199098,0.035985856084153056,0
SAOUHSC_02856,SAOUHSC_02852,-1,0.0018822934,0.016844936,0.00621772,0.0011759301,0.0046194587,0.014206916,0.00177758,0.0035450272,0.0015485266,0.00021682608,0.005203521389921662,0
SAOUHSC_02852,SAOUHSC_02851,-1,0.4419246,0.46900854,0.37914276,0.1472758,0.2571997,0.49909547,0.31590354,0.21747896,0.18946064,0.22735257,0.31438425928354263,0
SAOUHSC_02851,SAOUHSC_02850,-1,0.9820937,0.9624691,0.93734777,0.9261726,0.92811877,0.9463732,0.9390296,0.97240365,0.9654735,0.97081256,0.9530294418334961,1
SAOUHSC_02850,SAOUHSC_02849,-1,0.97564256,0.87987465,0.9640733,0.90649307,0.89741033,0.89200413,0.97827256,0.91162384,0.954428,0.8583189,0.9218141376972199,1
SAOUHSC_02849,SAOUHSC_02848,-1,0.64070183,0.35366368,0.6578123,0.16870053,0.38093066,0.50496197,0.5063506,0.28037435,0.26436675,0.46346244,0.422132508456707,0
SAOUHSC_02848,SAOUHSC_02846,-1,0.19128369,0.16694604,0.45709217,0.034429923,0.15127742,0.34506744,0.4420255,0.14505987,0.112429455,0.19550863,0.22411201447248458,0
SAOUHSC_02846,SAOUHSC_02845,-1,0.8861429,0.9037463,0.9306373,0.96790576,0.89657885,0.9323381,0.9532306,0.93926096,0.9314163,0.9637738,0.9305030882358551,1
SAOUHSC_02845,SAOUHSC_02844,-1,0.45833704,0.45475084,0.5922256,0.28270724,0.48493326,0.47714272,0.22925152,0.4818,0.49738342,0.45984456,0.4418376192450523,0
SAOUHSC_02844,SAOUHSC_02841,-1,0.011893749,0.02835547,0.013879616,0.0019077428,0.006983416,0.032061383,0.013030365,0.011763088,0.007267867,0.0031163604,0.013025905820541084,0
SAOUHSC_02841,SAOUHSC_02840,-1,0.99056864,0.9870103,0.9891942,0.9886795,0.9726517,0.98782605,0.99089944,0.9678119,0.987576,0.9929864,0.9855204164981842,1
SAOUHSC_02840,SAOUHSC_02839,-1,0.98672515,0.9508581,0.97259814,0.9731901,0.9587009,0.9543926,0.9898408,0.9750514,0.96720624,0.97818166,0.9706745147705078,1
SAOUHSC_02839,SAOUHSC_02838,-1,0.9740322,0.9312977,0.99665684,0.9884397,0.90832055,0.98301154,0.9887936,0.9322534,0.9137465,0.9852411,0.9601793169975281,1
SAOUHSC_02838,SAOUHSC_02837,-1,0.9020513,0.8193342,0.8893037,0.9623748,0.86069155,0.91581637,0.8881781,0.9147906,0.8634352,0.94480306,0.8960778892040253,1
SAOUHSC_02837,SAOUHSC_02834,-1,0.008841684,0.019955833,0.012264591,0.004299492,0.03624062,0.035208125,0.004919102,0.010318725,0.0050451006,0.00823905,0.014533232105895877,0
SAOUHSC_02834,SAOUHSC_02831,-1,0.013723411,0.02507485,0.023506006,0.0029165319,0.0063551078,0.024774607,0.04180321,0.013074569,0.0054416433,0.009079986,0.01657499244902283,0
SAOUHSC_02831,SAOUHSC_02829,-1,0.0016826108,0.0046776156,0.0013705089,0.0007874629,0.0053621447,0.009091788,0.00036392093,0.0022132273,0.0024831542,0.0002521249,0.002828455826966092,0
SAOUHSC_02829,SAOUHSC_02826,-1,0.0045868433,0.006906088,0.001513507,0.00014442502,0.0024639706,0.015144783,0.0013519234,0.001775089,0.007647187,0.00036717852,0.004190099483821541,0
SAOUHSC_02826,SAOUHSC_02825,-1,0.65853053,0.71179587,0.8782497,0.7300002,0.87375,0.84019315,0.9623741,0.81026447,0.7084788,0.8028881,0.7976524889469147,1
SAOUHSC_02825,SAOUHSC_02824,-1,0.98268265,0.95083576,0.9788387,0.9786851,0.9549891,0.9586214,0.93844545,0.9612362,0.9503203,0.9705496,0.9625204145908356,1
SAOUHSC_02824,SAOUHSC_02819,-1,8.453441e-05,0.0007915024,0.00030901228,0.00011502382,0.00036428848,0.0010299294,0.00017288038,0.00017326437,0.0003046063,2.4758956e-05,0.0003369800797372591,0
SAOUHSC_02819,SAOUHSC_02818,-1,0.9872072,0.98433316,0.9807276,0.98328835,0.9660944,0.9949308,0.9801063,0.9872079,0.9843588,0.98849297,0.9836747407913208,1
SAOUHSC_02818,SAOUHSC_02817,-1,0.98643136,0.98869544,0.9790575,0.97570723,0.9683049,0.9901528,0.98099744,0.98057556,0.96675444,0.98428637,0.9800962984561921,1
SAOUHSC_02817,SAOUHSC_02815,-1,0.0144519005,0.045027886,0.0683173,0.025955694,0.016450059,0.043039214,0.026807277,0.022476656,0.009882413,0.020677935,0.029308633506298067,0
SAOUHSC_02815,SAOUHSC_02812,-1,0.00974825,0.03916881,0.033942882,0.0013559904,0.0074193566,0.005705728,0.026914382,0.017481826,0.004392499,0.0028734992,0.01490032229339704,0
SAOUHSC_02812,SAOUHSC_02811,-1,0.2266273,0.26428875,0.19310527,0.042358126,0.115616016,0.40533882,0.24856478,0.17819731,0.14086758,0.22058795,0.20355519093573093,0
SAOUHSC_02811,SAOUHSC_02810,-1,0.7570495,0.8584633,0.8934165,0.9290911,0.8292766,0.916935,0.88066393,0.91579527,0.9306289,0.9090591,0.8820379257202149,1
SAOUHSC_02810,SAOUHSC_02809,-1,0.48022398,0.44005692,0.82190746,0.38114083,0.2899401,0.58977956,0.6646757,0.27862248,0.19443735,0.25574186,0.43965262472629546,0
SAOUHSC_02809,SAOUHSC_02808,-1,0.98813266,0.96608055,0.978621,0.9679217,0.9574118,0.97246367,0.9790053,0.9761488,0.966726,0.96666664,0.9719178080558777,1
SAOUHSC_02808,SAOUHSC_02806,-1,0.981959,0.96884096,0.9552681,0.97612447,0.9466023,0.95895743,0.9765987,0.94674397,0.9615929,0.9838378,0.9656525552272797,1
SAOUHSC_02806,SAOUHSC_02805,-1,0.8896498,0.63930815,0.85794455,0.16263507,0.49927914,0.8144834,0.73301494,0.54701716,0.5217596,0.4156422,0.6080734059214592,1
SAOUHSC_02805,SAOUHSC_02804,-1,0.56320184,0.21656975,0.782927,0.8261602,0.6780162,0.8542059,0.6306464,0.4945335,0.8529331,0.52890474,0.6428098618984223,1
SAOUHSC_02804,SAOUHSC_02803,-1,0.8151638,0.850202,0.8338965,0.8836494,0.8952739,0.8476634,0.8487696,0.8828169,0.8764755,0.9084243,0.8642335414886475,1
SAOUHSC_02803,SAOUHSC_02802,-1,0.7550423,0.7694778,0.83708215,0.92181194,0.6764008,0.84489775,0.81420374,0.7708379,0.8290479,0.9179597,0.8136761963367463,1
SAOUHSC_02802,SAOUHSC_02801,-1,0.6929777,0.2645979,0.7159844,0.13674876,0.24155024,0.42193377,0.5466196,0.33700693,0.1799074,0.3777325,0.3915059193968773,0
SAOUHSC_02801,SAOUHSC_02799,-1,0.015599623,0.026058223,0.023199724,0.0042558378,0.008925153,0.04717839,0.05503239,0.013730814,0.0062593766,0.011224236,0.021146377036347985,0
SAOUHSC_02799,SAOUHSC_02798,-1,0.95178163,0.9042567,0.8036584,0.9396589,0.7789614,0.8703442,0.570018,0.9353117,0.9081527,0.7359571,0.8398100733757019,1
SAOUHSC_02798,SAOUHSC_02797,-1,0.706391,0.69189763,0.56482285,0.08829145,0.5009727,0.6570178,0.61443865,0.3825433,0.39497304,0.42772385,0.5029072269797326,1
SAOUHSC_02797,SAOUHSC_02796,-1,0.9907822,0.98549044,0.9824324,0.9775757,0.9731524,0.99261427,0.9859325,0.9854256,0.9781636,0.98692816,0.9838497340679169,1
SAOUHSC_02796,SAOUHSC_02791,-1,0.00013978103,0.00092608214,0.00051699596,0.0002640925,0.0008627544,0.002979657,0.00022369603,0.00033499798,0.0005493535,7.26638e-05,0.0006870074248581659,0
SAOUHSC_02791,SAOUHSC_02790,-1,0.9715788,0.96443754,0.9762733,0.97953546,0.9033958,0.9351928,0.9624046,0.97449917,0.951836,0.9722373,0.9591390728950501,1
SAOUHSC_02790,SAOUHSC_02789,-1,0.26526412,0.4660263,0.5913967,0.20103867,0.22770204,0.4993249,0.6277219,0.28047043,0.14670879,0.2396227,0.3545276537537575,0
SAOUHSC_02789,SAOUHSC_02788,-1,0.8825784,0.88720536,0.96581066,0.97351956,0.8696055,0.9359526,0.90809166,0.84383553,0.89605653,0.9451683,0.9107824087142944,1
SAOUHSC_02788,SAOUHSC_02785,-1,0.074164115,0.06642176,0.13440064,0.24097502,0.16274177,0.28767666,0.2619864,0.085890286,0.15747747,0.06784152,0.1539575643837452,0
SAOUHSC_02785,SAOUHSC_02784,-1,0.99426883,0.99048793,0.9941137,0.9978137,0.98732775,0.98939514,0.99794894,0.9934455,0.9855124,0.9900905,0.9920404374599456,1
SAOUHSC_02784,SAOUHSC_02783,-1,0.078833945,0.115027495,0.057757664,0.07892999,0.033631615,0.2091468,0.047812752,0.09971358,0.017676534,0.07125012,0.08097804915159941,0
SAOUHSC_02783,SAOUHSC_02781,-1,0.047409333,0.10043051,0.12803121,0.045808546,0.04220789,0.113006465,0.13091308,0.0671089,0.012517348,0.0614296,0.07488628812134265,0
SAOUHSC_02781,SAOUHSC_02778,-1,0.007474271,0.010123289,0.00411096,0.0009467361,0.006480472,0.029287616,0.0073989574,0.0076562036,0.010711974,0.009038139,0.009322861873079092,0
SAOUHSC_02778,SAOUHSC_02777,-1,0.364758,0.26255864,0.42475793,0.048088778,0.28043666,0.5813476,0.4239978,0.20952477,0.27318326,0.1983582,0.306701161339879,0
SAOUHSC_02777,SAOUHSC_02776,-1,0.32899064,0.20440516,0.3076254,0.047007717,0.113270566,0.40882194,0.45944962,0.2420789,0.048678473,0.18763116,0.23479595854878427,0
SAOUHSC_02776,SAOUHSC_02775,-1,0.9722536,0.97962755,0.9791881,0.99128854,0.94976896,0.972732,0.9874325,0.9626028,0.97181153,0.9868524,0.9753557980060578,1
SAOUHSC_02775,SAOUHSC_02774,-1,0.040189702,0.14461213,0.062149633,0.032487184,0.061425034,0.068370044,0.0660471,0.06464938,0.02539294,0.10230179,0.0667624944821,0
SAOUHSC_02774,SAOUHSC_02772,-1,0.0017831994,0.027126223,0.005754149,0.0019618808,0.0074240286,0.0147463605,0.008720028,0.003447226,0.0067250365,0.0016945178,0.00793826497392729,0
SAOUHSC_02772,SAOUHSC_02771,-1,0.8716612,0.82180184,0.95738924,0.96268994,0.8609184,0.94654876,0.87716085,0.85623574,0.9010991,0.9473424,0.900284743309021,1
SAOUHSC_02771,SAOUHSC_02770,-1,0.14594588,0.14907779,0.2342547,0.022841254,0.0377784,0.11621475,0.12589647,0.10469882,0.015113798,0.041285157,0.09931070199236273,0
SAOUHSC_02770,SAOUHSC_02769,-1,0.99282265,0.9857394,0.9864175,0.9911364,0.9753313,0.98544097,0.9923688,0.98464215,0.9820455,0.9898887,0.9865833342075347,1
SAOUHSC_02769,SAOUHSC_02768,-1,0.96416914,0.93459815,0.9770106,0.9728453,0.9703133,0.9809273,0.9757263,0.9656871,0.9823818,0.9660841,0.9689743161201477,1
SAOUHSC_02768,SAOUHSC_02767,-1,0.9395766,0.7953278,0.63587517,0.83583826,0.85508144,0.8564298,0.60289574,0.82054967,0.9221532,0.83747333,0.8101200997829437,1
SAOUHSC_02767,SAOUHSC_02766,-1,0.9939234,0.9923647,0.9964515,0.9955247,0.98821735,0.98981315,0.9990571,0.9943746,0.98545295,0.9907394,0.9925918877124786,1
SAOUHSC_02766,SAOUHSC_02765,-1,0.99108887,0.9829137,0.98101246,0.98232186,0.97160846,0.9947685,0.98507386,0.98730785,0.9836626,0.98854715,0.9848305284976959,1
SAOUHSC_02765,SAOUHSC_02764,-1,0.99126697,0.98345095,0.9816389,0.98310494,0.97260547,0.9950307,0.98588246,0.9879203,0.9836366,0.988813,0.9853350281715393,1
SAOUHSC_02764,SAOUHSC_02763,-1,0.9913643,0.98361504,0.9817394,0.9830894,0.97298974,0.99500793,0.9860412,0.9878681,0.98369575,0.98885447,0.985426527261734,1
SAOUHSC_02763,SAOUHSC_02762,-1,0.96820575,0.9122604,0.91631854,0.9257106,0.91358685,0.9250337,0.89778167,0.89312804,0.95203656,0.91952586,0.9223587989807129,1
SAOUHSC_02762,SAOUHSC_02760,-1,0.08916985,0.14066087,0.25166708,0.09225589,0.13598122,0.15793754,0.11715148,0.086342365,0.051208694,0.056878455,0.11792534403502941,0
SAOUHSC_02760,SAOUHSC_02757,-1,0.050463744,0.039242476,0.07391808,0.012256177,0.01794544,0.13208276,0.09202048,0.027211655,0.029373156,0.017309504,0.04918234758079052,0
SAOUHSC_02757,SAOUHSC_02756,-1,0.9908077,0.9827676,0.97997224,0.9820581,0.970263,0.99460703,0.98370916,0.98691654,0.98354936,0.988193,0.984284371137619,1
SAOUHSC_02756,SAOUHSC_02755,-1,0.38664618,0.66971654,0.64313734,0.2582381,0.34135416,0.5952683,0.29496056,0.3859352,0.096924774,0.2425804,0.39147615507245065,0
SAOUHSC_02755,SAOUHSC_02754,-1,0.44600686,0.3544924,0.72614324,0.2717554,0.23462668,0.60819364,0.40612265,0.2144405,0.20519796,0.29704648,0.37640258073806765,0
SAOUHSC_02754,SAOUHSC_02753,-1,0.9828826,0.9452918,0.9499376,0.9234111,0.9058811,0.9640202,0.95036435,0.9622078,0.9755467,0.95928574,0.9518828988075256,1
SAOUHSC_02753,SAOUHSC_02752,-1,0.22576961,0.1959789,0.55219597,0.01604114,0.12971158,0.3095909,0.294254,0.21813866,0.06650007,0.27541968,0.22836005184799432,0
SAOUHSC_02752,SAOUHSC_02747,-1,0.00023360066,0.0011272243,0.0011555804,0.00021326038,0.00046365763,0.0022463782,0.0002512464,0.00039520537,0.0006518491,0.00016086547,0.0006898867926793173,0
SAOUHSC_02747,SAOUHSC_02746,-1,0.989823,0.98256046,0.98911333,0.9962612,0.9811357,0.9887637,0.9981273,0.98578686,0.9764627,0.9891037,0.9877137899398803,1
SAOUHSC_02746,SAOUHSC_02745,-1,0.11835141,0.17500238,0.13289073,0.068626,0.065137506,0.1856623,0.10359005,0.17046532,0.042220104,0.23454475,0.1296490553766489,0
SAOUHSC_02745,SAOUHSC_02744,-1,0.15856583,0.20255801,0.1137286,0.07522975,0.13238472,0.20705616,0.11769239,0.28477463,0.15129009,0.20327292,0.16465531066060066,0
SAOUHSC_02744,SAOUHSC_02743,-1,0.99123293,0.9816439,0.9776614,0.9781137,0.9689635,0.9932468,0.9826673,0.98437047,0.9818643,0.9866652,0.9826429486274719,1
SAOUHSC_02743,SAOUHSC_02742,-1,0.9877336,0.98602986,0.992027,0.9909051,0.97175646,0.974542,0.9936141,0.9889971,0.9773244,0.989142,0.9852071642875672,1
SAOUHSC_02742,SAOUHSC_02741,-1,0.9909609,0.9812569,0.97844386,0.9796061,0.9687918,0.99390143,0.9827541,0.98517877,0.98253495,0.9874153,0.9830844104290009,1
SAOUHSC_02741,SAOUHSC_02740,-1,0.5627711,0.7858887,0.63425845,0.330987,0.6026561,0.5625137,0.42270005,0.51041,0.3184789,0.3406025,0.5071266502141952,1
SAOUHSC_02740,SAOUHSC_02739,-1,0.61419576,0.63503504,0.81081635,0.26673397,0.76684105,0.6835533,0.87618476,0.44467753,0.4956655,0.40871206,0.6002415299415589,1
SAOUHSC_02739,SAOUHSC_02737,-1,0.42096183,0.4667656,0.6518642,0.24117863,0.41592526,0.6166886,0.5165571,0.41568214,0.41320527,0.2208088,0.43796374201774596,0
SAOUHSC_02737,SAOUHSC_02734,-1,0.010626369,0.008306157,0.0012027149,0.007939658,0.0080035245,0.05073625,0.0026171368,0.0017780811,0.021287696,0.0016618272,0.011415941349696368,0
SAOUHSC_02734,SAOUHSC_02733,-1,0.7544733,0.7038537,0.65215844,0.58056766,0.6478239,0.7362219,0.43715602,0.77375805,0.8050208,0.6983334,0.6789367258548736,1
SAOUHSC_02733,SAOUHSC_02732,-1,0.9819983,0.9869894,0.97743756,0.9686756,0.9628536,0.98884094,0.9750004,0.97401226,0.9610415,0.98329854,0.9760148108005524,1
SAOUHSC_02732,SAOUHSC_02728,-1,0.00010953239,0.0004040383,0.00023763822,7.8466765e-05,0.0005614782,0.0021891377,0.00020007604,0.00022697888,0.00056609255,0.00011245414,0.00046858932182658464,0
SAOUHSC_02728,SAOUHSC_02726,-1,0.010874048,0.015623426,0.00893461,0.015357191,0.053872485,0.075871184,0.040129695,0.019215778,0.021207986,0.013228978,0.02743153804913163,0
SAOUHSC_02726,SAOUHSC_02722,-1,0.00020032669,0.00039132193,0.00068068696,0.0010651489,0.0015403399,0.0053613405,0.00033102385,0.00045617504,0.0010895977,0.00010837046,0.001122433186537819,0
SAOUHSC_02722,SAOUHSC_02721,-1,0.690252,0.7241912,0.7438349,0.93033266,0.6223051,0.7881268,0.8359479,0.5515338,0.6249164,0.87220275,0.7383643507957458,1
SAOUHSC_02721,SAOUHSC_02720,-1,0.72555685,0.5347376,0.8975347,0.30247837,0.7638632,0.8570013,0.7247866,0.5347707,0.38072014,0.7731281,0.6494577586650848,1
SAOUHSC_02720,SAOUHSC_02719,-1,0.14557646,0.10958545,0.035610188,0.089984074,0.16311036,0.25441903,0.0484656,0.21076377,0.15189086,0.0660017,0.12754074856638908,0
SAOUHSC_02719,SAOUHSC_02718,-1,0.99181765,0.9854695,0.9913117,0.9888554,0.97449297,0.9819888,0.9978419,0.9818905,0.98553497,0.984925,0.9864128410816193,1
SAOUHSC_02718,SAOUHSC_02717,-1,0.8485765,0.83089,0.9789441,0.79947716,0.8619656,0.8830926,0.93787,0.7763612,0.7236565,0.97842205,0.8619255721569061,1
SAOUHSC_02717,SAOUHSC_A02577,-1,0.99092156,0.9841663,0.9822401,0.98411876,0.97293687,0.99534935,0.98596215,0.98834026,0.98413295,0.9891426,0.9857310891151428,1
SAOUHSC_A02577,SAOUHSC_02716,-1,0.8787708,0.9117021,0.9507534,0.96735984,0.91566795,0.94390076,0.921816,0.9540532,0.9366177,0.9795054,0.9360147178173065,1
SAOUHSC_02716,SAOUHSC_02715,-1,0.9887941,0.9845278,0.9814409,0.98387074,0.9695058,0.99533206,0.98318374,0.9878281,0.98432183,0.98889184,0.9847696900367737,1
SAOUHSC_02715,SAOUHSC_02714,-1,0.98429585,0.9766663,0.98520356,0.98553634,0.9674178,0.9663462,0.9926341,0.9821046,0.96978635,0.9844331,0.9794424176216125,1
SAOUHSC_02714,SAOUHSC_02713,-1,0.990946,0.9836016,0.9813051,0.983381,0.9718776,0.9950682,0.98513556,0.98785114,0.9838345,0.9887491,0.9851749777793884,1
SAOUHSC_02713,SAOUHSC_02712,-1,0.9937185,0.9938758,0.9948244,0.9967403,0.98499966,0.9915683,0.9976207,0.9880952,0.9833975,0.99248725,0.9917327642440796,1
SAOUHSC_02712,SAOUHSC_02711,-1,0.9760384,0.9847229,0.99070895,0.9882879,0.97998184,0.9883692,0.996689,0.97251713,0.98395205,0.97732484,0.9838592290878296,1
SAOUHSC_02711,SAOUHSC_02705,-1,0.00015366172,0.001305912,0.00037601762,0.00080162863,0.0005156642,0.002338965,0.00018483763,0.00028657579,0.00028896847,4.1649015e-05,0.0006293880032899324,0
SAOUHSC_02705,SAOUHSC_02704,-1,0.031337615,0.062894106,0.14068504,0.01989062,0.044468213,0.08879023,0.01384981,0.040809546,0.028877564,0.026253827,0.04978565666824579,0
SAOUHSC_02704,gpmA,-1,0.3902632,0.4827954,0.3444229,0.062001232,0.30807075,0.3767339,0.34391204,0.525406,0.22128776,0.5503601,0.36052532531321047,0
gpmA,SAOUHSC_02701,-1,0.04812535,0.059884537,0.053619295,0.006566846,0.02593366,0.10763213,0.1923392,0.062222477,0.018699728,0.060657747,0.06356809670105576,0
SAOUHSC_02701,SAOUHSC_02700,-1,0.9618695,0.95880413,0.9520634,0.962415,0.9062669,0.940379,0.96823114,0.9805543,0.93644226,0.98021674,0.954724234342575,1
SAOUHSC_02700,SAOUHSC_02699,-1,0.8819729,0.9335489,0.97035587,0.984275,0.91512305,0.9374515,0.96968704,0.8955561,0.88818717,0.95416003,0.9330317556858063,1
SAOUHSC_02699,SAOUHSC_02698,-1,0.98758614,0.9705562,0.9608137,0.96912724,0.9411661,0.986987,0.96422327,0.97523016,0.9802975,0.9760219,0.9712009191513061,1
SAOUHSC_02698,SAOUHSC_02697,-1,0.9860761,0.9611265,0.9601889,0.9601511,0.92846036,0.98102915,0.9490149,0.9690147,0.9803176,0.96981305,0.9645192384719848,1
SAOUHSC_02697,SAOUHSC_02695,-1,0.02170208,0.04235456,0.044694323,0.010280216,0.010661188,0.07873838,0.054071795,0.03125549,0.0054930523,0.010312952,0.030956403445452453,0
SAOUHSC_02695,SAOUHSC_02694,-1,0.9813255,0.9794974,0.98685336,0.99380827,0.96383744,0.9749142,0.9914535,0.97758806,0.97681314,0.9896598,0.9815750658512116,1
SAOUHSC_02694,SAOUHSC_02693,-1,0.9893915,0.9802596,0.9946624,0.9950167,0.9789708,0.99130285,0.9981606,0.9875446,0.9737435,0.99119157,0.9880244135856628,1
SAOUHSC_02693,SAOUHSC_02692,-1,0.1785704,0.3499278,0.19389829,0.13167363,0.1256535,0.32782137,0.1985459,0.3732025,0.057355504,0.20644805,0.21430969797074795,0
SAOUHSC_02692,SAOUHSC_02691,-1,0.9890789,0.9768133,0.9722023,0.97513556,0.9592566,0.9920439,0.97229236,0.98061526,0.9823952,0.9845026,0.9784335970878602,1
SAOUHSC_02691,SAOUHSC_02690,-1,0.5248173,0.6008457,0.4986711,0.2679014,0.57452375,0.62468296,0.67397875,0.4018331,0.4083227,0.34270215,0.49182788729667665,0
SAOUHSC_02690,SAOUHSC_02689,-1,0.49232143,0.34173357,0.7285512,0.10491271,0.25027996,0.51115775,0.53536993,0.2308903,0.13352583,0.31921068,0.36479533910751344,0
SAOUHSC_02689,SAOUHSC_02688,-1,0.48395038,0.5850701,0.63080996,0.39372632,0.6379279,0.8355307,0.7839193,0.515766,0.7257768,0.43309495,0.602557235956192,1
SAOUHSC_02688,SAOUHSC_02687,-1,0.3700479,0.44068006,0.44316888,0.3948906,0.33135965,0.49613768,0.18764012,0.29896265,0.15383396,0.3488977,0.34656191915273665,0
SAOUHSC_02687,SAOUHSC_02686,-1,0.3394944,0.3382169,0.75745386,0.14475118,0.26439625,0.41520274,0.5692652,0.2601302,0.10083578,0.44491604,0.36346625313162806,0
SAOUHSC_02686,SAOUHSC_02685,-1,0.84409213,0.8890119,0.48097187,0.5438468,0.55915827,0.7875221,0.44202933,0.90731174,0.7817184,0.57842845,0.6814090937376023,1
SAOUHSC_02685,SAOUHSC_02684,-1,0.906769,0.89806956,0.9179448,0.8816002,0.8594238,0.89536107,0.9188543,0.6981779,0.9449679,0.8706064,0.8791774928569793,1
SAOUHSC_02684,SAOUHSC_02683,-1,0.98374987,0.9546348,0.9824294,0.9298914,0.96153164,0.9805501,0.9963612,0.9669262,0.9674692,0.9690348,0.9692578613758087,1
SAOUHSC_02683,SAOUHSC_02682,-1,0.9825404,0.9730162,0.9716883,0.96685994,0.9461234,0.98825246,0.95182985,0.9797497,0.9826624,0.980844,0.97235666513443,1
SAOUHSC_02682,SAOUHSC_02681,-1,0.71847904,0.41733634,0.7484091,0.23545964,0.3728462,0.5171433,0.4649161,0.30528316,0.31717846,0.5361588,0.46332101374864576,0
SAOUHSC_02681,SAOUHSC_02680,-1,0.9342996,0.97993475,0.97005635,0.98938197,0.9660498,0.9792779,0.99366134,0.9159276,0.976354,0.95395577,0.9658899068832397,1
SAOUHSC_02680,SAOUHSC_02679,-1,0.9894179,0.9758346,0.9723327,0.96829474,0.95759934,0.99084467,0.9750759,0.97516054,0.9795288,0.98412603,0.9768215239048004,1
SAOUHSC_02679,SAOUHSC_02678,-1,0.9867555,0.9657063,0.962775,0.9656864,0.9416237,0.9877919,0.9527472,0.9713825,0.98080176,0.97767293,0.9692943155765533,1
SAOUHSC_02678,SAOUHSC_02677,-1,0.9891901,0.98680747,0.9842877,0.99300236,0.9735323,0.9829446,0.9914792,0.9798864,0.97888196,0.98289317,0.9842905282974244,1
SAOUHSC_02677,SAOUHSC_02676,-1,0.9902757,0.9907425,0.9967317,0.9947697,0.9826574,0.98293954,0.9958997,0.99038523,0.9832614,0.99199307,0.9899655878543854,1
SAOUHSC_02676,SAOUHSC_02675,-1,0.9230519,0.9781669,0.9846096,0.97647893,0.9637476,0.98164004,0.99160665,0.9727086,0.9720688,0.94194573,0.9686024725437165,1
SAOUHSC_02675,SAOUHSC_02671,-1,0.02320729,0.10221597,0.08414374,0.01346545,0.021228204,0.04139486,0.04353343,0.051127113,0.010671695,0.02625704,0.04172447919845581,0
SAOUHSC_02671,SAOUHSC_02668,-1,0.006406197,0.016632339,0.004466624,0.0011587975,0.005000078,0.040360194,0.015898513,0.008364708,0.010926223,0.005578984,0.011479265743400902,0
SAOUHSC_02668,SAOUHSC_02667,-1,0.4776853,0.47425878,0.4109615,0.399206,0.5229847,0.568081,0.27180257,0.49332047,0.49572483,0.5898568,0.47038819789886477,0
SAOUHSC_02667,SAOUHSC_02662,-1,0.0002706228,0.0019827362,0.0009732508,0.00033536088,0.0007286404,0.0026238929,0.0002890068,0.00042467343,0.00046428427,7.606975e-05,0.0008168538151949178,0
SAOUHSC_02662,SAOUHSC_02661,-1,0.9628417,0.9249349,0.945836,0.8851317,0.87818325,0.9556147,0.8780269,0.96492624,0.97501004,0.9668302,0.9337335646152496,1
SAOUHSC_02661,SAOUHSC_02658,-1,0.041248355,0.025719495,0.02548751,0.005008673,0.018082323,0.06638453,0.007964296,0.008894168,0.019575557,0.0045834854,0.02229483942501247,0
SAOUHSC_02658,SAOUHSC_02656,-1,0.7881105,0.8905546,0.64844275,0.19806589,0.45904332,0.7150752,0.62675893,0.89480644,0.6923917,0.53017956,0.6443428888916969,1
SAOUHSC_02656,SAOUHSC_02655,-1,0.2041012,0.19636399,0.40021834,0.027026474,0.14167564,0.4552675,0.46482113,0.19509771,0.07906473,0.30989793,0.24735346287488938,0
SAOUHSC_02655,SAOUHSC_02654,-1,0.9740464,0.9479551,0.9282013,0.9671482,0.91353035,0.918912,0.87964684,0.97741145,0.9430114,0.9371215,0.9386984527111053,1
SAOUHSC_02654,SAOUHSC_02653,-1,0.8851376,0.9187177,0.95876414,0.9546908,0.93538207,0.9308294,0.9711238,0.89971036,0.84693253,0.9699287,0.9271217107772827,1
SAOUHSC_02653,SAOUHSC_02651,-1,0.00067615596,0.0012740181,0.0015678857,0.009313282,0.011368696,0.01724446,0.0033971032,0.0022303243,0.0031837486,0.002469035,0.005272470827912911,0
SAOUHSC_02651,SAOUHSC_02650,-1,0.20230268,0.3951846,0.13412789,0.039468206,0.22921339,0.27776253,0.104067735,0.24094374,0.11795065,0.3658017,0.21068231165409088,0
SAOUHSC_02650,SAOUHSC_02648,-1,0.004884611,0.028803313,0.015477127,0.0035004418,0.005813903,0.009380069,0.009548183,0.010961257,0.0053970525,0.003353307,0.009711926407180726,0
SAOUHSC_02648,SAOUHSC_02647,-1,0.63429624,0.48025158,0.76786804,0.102254584,0.36758694,0.57526237,0.6217102,0.38059542,0.20108013,0.37728575,0.45081912279129027,0
SAOUHSC_02647,SAOUHSC_02641,-1,0.0033008705,0.011131678,0.0024649692,0.00060688675,0.0034119016,0.02115517,0.005069963,0.0053119557,0.008403523,0.0013604758,0.006221739266766235,0
SAOUHSC_02641,SAOUHSC_02640,-1,0.99197996,0.98369145,0.98236346,0.9824391,0.97426385,0.9946764,0.9868945,0.9878455,0.98316944,0.9887046,0.9856028258800507,1
SAOUHSC_02640,SAOUHSC_02635,-1,0.00076279865,0.0034897742,0.0009969847,0.00035946362,0.0034489643,0.005645323,0.00059331505,0.0017361052,0.0027359452,0.00021349415,0.001998216807260178,0
SAOUHSC_02635,SAOUHSC_02634,-1,0.9814801,0.9844764,0.99323624,0.9971637,0.9708487,0.9880945,0.9968616,0.97693455,0.964342,0.9885288,0.9841966569423676,1
SAOUHSC_02634,SAOUHSC_02630,-1,0.0008116355,0.0022643674,0.0051011154,0.0003685008,0.004663628,0.0062669585,0.0027461145,0.0012819276,0.0014943364,0.00016152303,0.002516010729596019,0
SAOUHSC_02630,SAOUHSC_02629,-1,0.9847028,0.9854612,0.9886464,0.9862314,0.95830584,0.9805797,0.97019696,0.9843724,0.9816037,0.98923695,0.9809337258338928,1
SAOUHSC_02629,SAOUHSC_02627,-1,0.125061,0.09833844,0.078421265,0.011279721,0.10302121,0.17763868,0.11439637,0.123018175,0.07092242,0.015288591,0.09173858799040317,0
SAOUHSC_02627,SAOUHSC_02624,-1,0.07090954,0.06967883,0.070054635,0.031125456,0.051574238,0.23263286,0.03315932,0.021894068,0.07239907,0.030760447,0.06841884609311819,0
SAOUHSC_02624,SAOUHSC_02623,-1,0.9700192,0.972687,0.9659225,0.978642,0.9476633,0.94946265,0.9881493,0.9744114,0.9536997,0.9843637,0.9685020744800568,1
SAOUHSC_02623,SAOUHSC_02620,-1,0.0031954206,0.013226257,0.010111179,0.0005257372,0.0027360623,0.014657745,0.004151465,0.0030876661,0.0049301023,0.00086800574,0.005748964013764635,0
SAOUHSC_02620,SAOUHSC_02619,-1,0.43530858,0.54678696,0.69140947,0.29142138,0.33612114,0.7553639,0.5053577,0.23683551,0.3970007,0.37847355,0.45740788578987124,0
SAOUHSC_02619,SAOUHSC_02618,-1,0.9901944,0.9829453,0.980744,0.9830659,0.9692833,0.99477875,0.98288345,0.9875581,0.9841408,0.98848224,0.9844076275825501,1
SAOUHSC_02618,SAOUHSC_02616,-1,0.9897571,0.9860017,0.98189354,0.9769125,0.9714381,0.9917602,0.98444235,0.9844261,0.97608304,0.9862006,0.9828915178775788,1
SAOUHSC_02616,SAOUHSC_02615,-1,0.82525146,0.8077733,0.4455001,0.6522476,0.6173848,0.76291335,0.30555376,0.87031955,0.69005597,0.50330424,0.648030412197113,1
SAOUHSC_02615,SAOUHSC_02614,-1,0.97282815,0.9119487,0.97326994,0.91545194,0.9139739,0.92256063,0.95474315,0.97838324,0.9681111,0.91983974,0.9431110501289368,1
SAOUHSC_02614,SAOUHSC_02612,-1,0.03471612,0.08517821,0.02270328,0.006175023,0.047706135,0.06993762,0.057184823,0.04098788,0.03191049,0.0112105645,0.04077101447619498,0
SAOUHSC_02612,SAOUHSC_02610,-1,0.0032926695,0.02097615,0.010937421,0.0045638583,0.009498216,0.017703358,0.012536654,0.016787339,0.009430284,0.004406261,0.011013221088796854,0
SAOUHSC_02610,SAOUHSC_02607,-1,0.005755983,0.011314356,0.017930824,0.00075920345,0.003547297,0.01377477,0.012133726,0.0062652607,0.0085184565,0.0038712109,0.008387108775787055,0
SAOUHSC_02607,SAOUHSC_02606,-1,0.99150753,0.98287183,0.9810418,0.9819736,0.97215056,0.9945526,0.98536706,0.9873897,0.983258,0.9883813,0.9848493993282318,1
SAOUHSC_02606,SAOUHSC_02605,-1,0.6188935,0.4355428,0.6077736,0.21676324,0.40752763,0.5946883,0.5642305,0.4838441,0.45150357,0.2700481,0.4650815352797508,0
SAOUHSC_02605,SAOUHSC_02604,-1,0.74215937,0.7059897,0.64054626,0.5942593,0.80150443,0.720467,0.7671251,0.67072177,0.6783992,0.74552554,0.7066697716712952,1
SAOUHSC_02604,SAOUHSC_02603,-1,0.298194,0.4877423,0.77918416,0.18324669,0.29524395,0.6722574,0.7265212,0.2648875,0.04912788,0.31309214,0.4069497246295214,0
SAOUHSC_02603,SAOUHSC_02600,-1,0.0045028836,0.027731912,0.019572355,0.0017745495,0.022199225,0.021740926,0.034933843,0.006549576,0.0042709936,0.0036490369,0.014692530035972595,0
SAOUHSC_02600,SAOUHSC_02597,-1,0.14951101,0.15476796,0.13621685,0.01050841,0.037376028,0.17827463,0.12421275,0.12041198,0.025989158,0.07235065,0.10096194231882691,0
SAOUHSC_02597,SAOUHSC_02595,-1,0.1265028,0.125334,0.23917484,0.060022727,0.11141646,0.26846275,0.11880569,0.05489095,0.07336546,0.0554196,0.1233395267277956,0
SAOUHSC_02595,SAOUHSC_02594,-1,0.90181625,0.9304863,0.92704415,0.98050267,0.9027328,0.92347467,0.92904526,0.9115093,0.90082794,0.9732747,0.928071403503418,1
SAOUHSC_02594,SAOUHSC_02593,-1,0.9913408,0.9914142,0.99295187,0.99257284,0.98112077,0.98898125,0.9979479,0.9771634,0.98102134,0.98883337,0.9883347690105438,1
SAOUHSC_02593,SAOUHSC_02590,-1,0.04339767,0.06725325,0.20784125,0.10840061,0.043500833,0.12684795,0.02332674,0.03976192,0.034333695,0.04577247,0.07404363863170146,0
SAOUHSC_02590,SAOUHSC_02587,-1,0.013762421,0.01776857,0.0074522444,0.0021452815,0.00843112,0.03269107,0.003838399,0.0063551017,0.007000088,0.0025320724,0.010197636624798178,0
SAOUHSC_02587,SAOUHSC_02584,-1,0.005773358,0.024512047,0.055775497,0.0039527067,0.01125812,0.014061632,0.008538201,0.009868032,0.0043197586,0.0007258211,0.013878517365083099,0
SAOUHSC_02584,SAOUHSC_02583,-1,0.69196767,0.7544186,0.9017753,0.50758064,0.836475,0.8591709,0.931715,0.73518854,0.7390172,0.5454651,0.7502774000167847,1
SAOUHSC_02583,SAOUHSC_02582,-1,0.28812975,0.37776187,0.34024748,0.20050202,0.32435063,0.37098423,0.2635063,0.3642346,0.31589323,0.31118846,0.3156798556447029,0
SAOUHSC_02582,SAOUHSC_02581,-1,0.98433155,0.98340076,0.9712817,0.9745129,0.937336,0.98405516,0.972153,0.96340555,0.9790351,0.97470486,0.972421658039093,1
SAOUHSC_02581,SAOUHSC_A02450,-1,0.16702338,0.14408755,0.35328004,0.047039963,0.07298643,0.2973243,0.213552,0.07735647,0.028326796,0.085655205,0.14866321329027415,0
SAOUHSC_A02450,SAOUHSC_02580,-1,0.35746342,0.5161688,0.2819572,0.24905075,0.4993693,0.57190126,0.3519588,0.50505894,0.3696832,0.82311267,0.4525724336504936,0
SAOUHSC_02580,SAOUHSC_02579,-1,0.48597705,0.44506657,0.5149067,0.35354227,0.2652703,0.5935279,0.36299923,0.2510369,0.28021786,0.26261696,0.38151617646217345,0
SAOUHSC_02579,SAOUHSC_02574,-1,0.002774598,0.010044287,0.047629036,0.0012669631,0.0063807224,0.010134726,0.005276006,0.0045984294,0.002657574,0.00055877893,0.009132112079532817,0
SAOUHSC_02574,SAOUHSC_02573,-1,0.6847938,0.7628354,0.7656442,0.55032027,0.6207925,0.78992444,0.8352208,0.376271,0.856972,0.61191297,0.6854687333106995,1
SAOUHSC_02573,SAOUHSC_02572,-1,0.26891264,0.35323504,0.66655856,0.31780037,0.3924264,0.6729096,0.70505184,0.37592214,0.24574924,0.53954273,0.45381085872650145,0
SAOUHSC_02572,SAOUHSC_02570,-1,0.0026122401,0.008068866,0.018637503,0.0034415235,0.0081201615,0.02003961,0.01243219,0.003520652,0.003137255,0.0015804111,0.008159041218459607,0
SAOUHSC_02570,SAOUHSC_02569,-1,0.98927194,0.9915962,0.9872351,0.98565465,0.9763022,0.98862493,0.992856,0.9810826,0.9847938,0.99204177,0.9869459271430969,1
SAOUHSC_02569,SAOUHSC_02568,-1,0.7836887,0.72563475,0.69577557,0.62222797,0.7917458,0.73823786,0.5630544,0.56669295,0.66091496,0.7338647,0.6881837666034698,1
SAOUHSC_02568,SAOUHSC_02566,-1,0.045322508,0.1500874,0.11240299,0.054940086,0.07202692,0.11435273,0.0860515,0.028898383,0.03452165,0.021883348,0.07204875238239765,0
SAOUHSC_02566,SAOUHSC_02557,-1,0.00011338564,0.0017639693,0.00055520015,0.00012969798,0.00041789532,0.0012018512,0.00061603467,0.0004015042,0.0012342623,0.00011336532,0.0006547166012751404,0
SAOUHSC_02557,SAOUHSC_02554,-1,0.0060430667,0.03662631,0.028554732,0.0013789698,0.025868429,0.022360032,0.021851538,0.016408326,0.00586369,0.0012085601,0.01661636526696384,0
SAOUHSC_02554,SAOUHSC_02553,-1,0.6006292,0.73842984,0.44030398,0.17150842,0.39715803,0.7313066,0.6478572,0.50762385,0.32923985,0.39673734,0.49607943147420885,0
SAOUHSC_02553,SAOUHSC_02552,-1,0.7613806,0.8212032,0.88630044,0.8993448,0.79442143,0.82910967,0.867671,0.84580106,0.78433526,0.87148523,0.8361052691936492,1
SAOUHSC_02552,SAOUHSC_02551,-1,0.9622226,0.96925324,0.97365665,0.9922719,0.9436017,0.9837677,0.96703637,0.970548,0.97153765,0.986789,0.972068476676941,1
SAOUHSC_02551,SAOUHSC_02549,-1,0.0037224924,0.012841074,0.020690473,0.0024236732,0.012606037,0.022936821,0.0068527837,0.013702475,0.0069351234,0.0021276465,0.010483859805390239,0
SAOUHSC_02549,SAOUHSC_02547,-1,0.9911015,0.99225724,0.97663003,0.98643255,0.97242206,0.9883472,0.9900862,0.98651725,0.98233825,0.98845357,0.9854585826396942,1
SAOUHSC_02547,SAOUHSC_02546,-1,0.9898962,0.9744486,0.9776037,0.97715944,0.96155274,0.9926066,0.9763634,0.9833069,0.9837338,0.9860067,0.9802677989006042,1
SAOUHSC_02546,SAOUHSC_02545,-1,0.8316882,0.8506786,0.87686473,0.96447057,0.91170156,0.943798,0.8090318,0.7849359,0.9189865,0.9576471,0.884980297088623,1
SAOUHSC_02545,SAOUHSC_02544,-1,0.9457379,0.89392304,0.9525377,0.8586339,0.86897236,0.93603617,0.9718863,0.82974863,0.90307754,0.864585,0.90251384973526,1
SAOUHSC_02544,SAOUHSC_02542,-1,0.6735581,0.6270926,0.6213403,0.9066812,0.7213771,0.85932726,0.8555911,0.82687885,0.7442945,0.73776895,0.7573909938335419,1
SAOUHSC_02542,SAOUHSC_02541,-1,0.9890985,0.97400564,0.97258157,0.9679106,0.9559968,0.98901653,0.97339517,0.9770359,0.9808886,0.98257524,0.9762504518032074,1
SAOUHSC_02541,SAOUHSC_02540,-1,0.9869465,0.9855399,0.98604333,0.99364454,0.97245824,0.9873719,0.99651504,0.9824508,0.98127985,0.97813374,0.9850383877754212,1
SAOUHSC_02540,SAOUHSC_02538,-1,0.9848403,0.8963,0.98274624,0.96254206,0.9425638,0.98551536,0.9866514,0.98011047,0.9784993,0.9692701,0.9669039011001587,1
SAOUHSC_02538,mobA,-1,0.97570574,0.9577154,0.9764477,0.96911144,0.91350394,0.95301867,0.9947972,0.9793806,0.96851003,0.9827183,0.967090904712677,1
mobA,SAOUHSC_02536,-1,0.9887375,0.98741484,0.98928833,0.99389786,0.96605015,0.984995,0.9893382,0.9830875,0.9829276,0.9905365,0.9856273531913757,1
SAOUHSC_02536,SAOUHSC_02535,-1,0.3130906,0.62562996,0.9535303,0.05126982,0.4561601,0.5408864,0.53991574,0.4498403,0.1522344,0.4845853,0.4567142926156521,0
SAOUHSC_02535,SAOUHSC_02534,-1,0.99071676,0.98371243,0.9818954,0.98374563,0.97196716,0.99522406,0.9853599,0.9880933,0.98421806,0.98894566,0.9853878378868103,1
SAOUHSC_02534,SAOUHSC_02532,-1,0.031682964,0.12456408,0.055227417,0.040787734,0.037210897,0.09748586,0.034978956,0.03590623,0.06442445,0.04473039,0.05669989809393883,0
SAOUHSC_02532,SAOUHSC_02529,-1,0.03226872,0.072656125,0.076886944,0.04396461,0.055909157,0.11515501,0.011153434,0.0093237655,0.03820115,0.004905115,0.04604240329936147,0
SAOUHSC_02529,SAOUHSC_02527,-1,0.12312949,0.18347983,0.13866806,0.02492369,0.22383325,0.29730523,0.17971124,0.20111504,0.17770343,0.15400264,0.17038718834519387,0
SAOUHSC_02527,SAOUHSC_02525,-1,0.8696422,0.79371005,0.8700432,0.7473373,0.68446326,0.8218866,0.8567524,0.5300876,0.853212,0.55784047,0.7584975063800812,1
SAOUHSC_02525,SAOUHSC_02522,-1,0.17613652,0.1704455,0.06931449,0.034519486,0.11376081,0.17982526,0.087268114,0.041979033,0.100276366,0.038635124,0.10121607035398483,0
SAOUHSC_02522,SAOUHSC_02521,-1,0.26138362,0.34892663,0.3012438,0.3340261,0.48711658,0.37656254,0.3245871,0.16463888,0.21342921,0.34593904,0.315785351395607,0
SAOUHSC_02521,SAOUHSC_02518,-1,0.00010249827,0.00020371233,0.00011232564,6.5827786e-05,0.00046952226,0.0020264953,0.00013170902,0.0001407644,0.00060820405,3.8194277e-05,0.0003899253326380858,0
SAOUHSC_02518,SAOUHSC_02517,-1,0.9560081,0.89395523,0.8816107,0.9446659,0.90599155,0.89952487,0.7809539,0.95448256,0.9421262,0.91863793,0.9077956914901734,1
SAOUHSC_02517,SAOUHSC_02516,-1,0.7544193,0.7078859,0.69201976,0.84726834,0.7056787,0.71543074,0.40716964,0.6489631,0.71933675,0.7531188,0.695129108428955,1
SAOUHSC_02516,SAOUHSC_02512a,-1,0.0778175,0.17469786,0.2195946,0.04872124,0.046569224,0.09337307,0.13149223,0.08940851,0.013310855,0.03807893,0.09330640118569136,0
SAOUHSC_02512a,rplC,-1,0.98360974,0.988475,0.9959251,0.98990977,0.9750891,0.99171007,0.993398,0.9679916,0.9834553,0.9880606,0.9857624292373657,1
rplC,rplD,-1,0.97397035,0.96818495,0.9954943,0.99506843,0.9164931,0.95338446,0.993583,0.93526214,0.96004206,0.978852,0.9670334815979004,1
rplD,rplW,-1,0.98620415,0.98059016,0.96772164,0.9660041,0.95741755,0.98343974,0.9828632,0.9640697,0.9848114,0.97182536,0.9744947016239166,1
rplW,rplB,-1,0.85951585,0.8797267,0.8636818,0.7395528,0.8057814,0.77709,0.8599725,0.78053963,0.9097941,0.80034196,0.8275996744632721,1
rplB,rpsS,-1,0.69102407,0.8029171,0.9418595,0.5604028,0.7638189,0.82332766,0.84083647,0.44798735,0.75027096,0.6434788,0.7265923649072648,1
rpsS,rplV,-1,0.9269172,0.92823714,0.98973507,0.922866,0.9400574,0.96844965,0.97206527,0.80918145,0.9545165,0.987372,0.9399397611618042,1
rplV,rpsC,-1,0.935199,0.9004809,0.95266646,0.90110976,0.9088517,0.9310507,0.9769192,0.7163708,0.9604246,0.85157144,0.9034644603729248,1
rpsC,rplP,-1,0.9915381,0.9839044,0.992552,0.9904478,0.9677762,0.98800784,0.9990343,0.9870441,0.98314786,0.9899093,0.9873361885547638,1
rplP,SAOUHSC_02504,-1,0.9921243,0.978609,0.98220885,0.9758146,0.97315145,0.98963016,0.99134314,0.98785985,0.98542744,0.98105234,0.9837221145629883,1
SAOUHSC_02504,rpsQ,-1,0.9380842,0.9466858,0.995205,0.9690796,0.94226855,0.9756962,0.9648978,0.8379037,0.94646496,0.9889921,0.9505277872085571,1
rpsQ,rplN,-1,0.93164265,0.9364323,0.930957,0.95352834,0.91184944,0.96755284,0.9514881,0.94470567,0.9660176,0.9730409,0.9467214822769165,1
rplN,rplX,-1,0.7977314,0.8558064,0.9694748,0.7284141,0.849439,0.87093496,0.8882642,0.6698263,0.8794132,0.7597043,0.8269008696079254,1
rplX,rplE,-1,0.9762206,0.97663283,0.99650943,0.99571073,0.9565109,0.9790809,0.96579033,0.95024496,0.95545864,0.98595065,0.973811000585556,1
rplE,rpsN,-1,0.9493799,0.9578647,0.9921643,0.96369517,0.9494468,0.9837225,0.980825,0.897657,0.9625724,0.97370625,0.9611034035682678,1
rpsN,rpsH,-1,0.76187223,0.7590331,0.88837165,0.7706676,0.7963982,0.8548206,0.91575706,0.63787496,0.9075269,0.9159218,0.8208244144916534,1
rpsH,rplF,-1,0.9599289,0.97647554,0.9762409,0.98444146,0.9670517,0.9828511,0.9848816,0.96643907,0.9764538,0.9671013,0.9741865217685699,1
rplF,rplR,-1,0.9737572,0.9878622,0.98857605,0.98730105,0.9813323,0.9897321,0.98946875,0.9755874,0.98437613,0.98568064,0.9843673884868622,1
rplR,rpsE,-1,0.97292894,0.9618019,0.9911959,0.97310925,0.93868446,0.96609956,0.980409,0.94219416,0.9662221,0.9842954,0.9676940739154816,1
rpsE,rpmD,-1,0.983922,0.9907216,0.99059933,0.9899813,0.9839787,0.98885095,0.99232566,0.978813,0.97991866,0.9901909,0.9869302093982697,1
rpmD,rplO,-1,0.9851115,0.9909076,0.9955938,0.9938242,0.9895536,0.993841,0.9939478,0.9892372,0.98504686,0.98739165,0.9904455125331879,1
rplO,secY,-1,0.98723245,0.9757208,0.97113824,0.9589367,0.94813335,0.98381656,0.9708849,0.9750792,0.98569554,0.9652546,0.9721892356872559,1
secY,adk,-1,0.9874758,0.9788075,0.9872373,0.97395676,0.97344786,0.9862931,0.9966394,0.9743918,0.9815165,0.97073513,0.9810501098632812,1
adk,infA,-1,0.6849447,0.88463235,0.82479334,0.8467743,0.79882395,0.9281597,0.91545224,0.88745284,0.81053835,0.865264,0.844683575630188,1
infA,rpmJ,-1,0.6512622,0.41923356,0.8256314,0.44771877,0.6387667,0.8356677,0.707401,0.493004,0.49004945,0.78142166,0.6290156453847885,1
rpmJ,rpsM,-1,0.801528,0.7894134,0.73965317,0.5557369,0.7906869,0.7132727,0.52575344,0.6265689,0.81137407,0.76598656,0.7119974017143249,1
rpsM,SAOUHSC_02486,-1,0.9843339,0.9876317,0.99486244,0.9911795,0.9726652,0.9920289,0.9929469,0.9655329,0.9817157,0.9929365,0.985583359003067,1
SAOUHSC_02486,SAOUHSC_02485,-1,0.90545356,0.9808941,0.97503394,0.97776294,0.9573463,0.96590805,0.98242044,0.9519964,0.9714665,0.9411229,0.9609405100345612,1
SAOUHSC_02485,rplQ,-1,0.96990144,0.98319733,0.9815249,0.98545235,0.97776085,0.9828777,0.9935526,0.9772056,0.9723967,0.9770563,0.9800925731658936,1
rplQ,cbiO,-1,0.12554201,0.0632088,0.05213765,0.007775266,0.077621885,0.2654304,0.10307413,0.099203594,0.07092582,0.11620018,0.09811197337694466,0
cbiO,cbiO,-1,0.9900743,0.98092484,0.9760031,0.9793035,0.9661986,0.99358314,0.97949785,0.9842109,0.9829291,0.9867134,0.9819438755512238,1
cbiO,SAOUHSC_02481,-1,0.9893419,0.9768478,0.972817,0.97480494,0.96005654,0.9922564,0.97277814,0.98011446,0.98205435,0.98484474,0.9785916328430175,1
SAOUHSC_02481,truA,-1,0.99308854,0.9918374,0.9915058,0.99346256,0.9835706,0.98958933,0.99684864,0.988207,0.98777026,0.98705053,0.9902930617332458,1
truA,rplM,-1,0.3506354,0.30983084,0.27364329,0.21368572,0.40217662,0.38405514,0.23575637,0.34622103,0.2766169,0.3466089,0.3139230221509933,0
rplM,rpsI,-1,0.99028724,0.9873349,0.9880349,0.9867474,0.9738127,0.99048203,0.9882904,0.9842399,0.98228884,0.99524546,0.9866763770580291,1
rpsI,SAOUHSC_02476,-1,0.12810436,0.08124003,0.09251561,0.015113316,0.06097096,0.16793309,0.14103022,0.09140465,0.041530292,0.071534425,0.08913769489154219,0
SAOUHSC_02476,SAOUHSC_02475,-1,0.99073106,0.9837134,0.9784966,0.97464955,0.96988773,0.99182224,0.9831126,0.982871,0.9797882,0.98544556,0.9820517897605896,1
SAOUHSC_02475,SAOUHSC_02474,-1,0.9885144,0.9904156,0.99317414,0.99600774,0.9836672,0.984894,0.997528,0.98688227,0.97737604,0.98334473,0.988180410861969,1
SAOUHSC_02474,SAOUHSC_02473,-1,0.9886595,0.98618203,0.97903216,0.9741932,0.96899784,0.9909105,0.9829617,0.9819313,0.9737197,0.9845707,0.9811158657073975,1
SAOUHSC_02473,SAOUHSC_02472,-1,0.96411365,0.9809286,0.97416514,0.9652402,0.9229896,0.98468214,0.951686,0.9811094,0.9772432,0.98435664,0.9686514556407928,1
SAOUHSC_02472,SAOUHSC_02471,-1,0.9234207,0.8599221,0.9269246,0.9155752,0.9230347,0.9335006,0.90108,0.8631738,0.7764653,0.69719154,0.8720288574695587,1
SAOUHSC_02471,SAOUHSC_02470,-1,0.04591584,0.06474961,0.047221236,0.19789504,0.027937729,0.14691623,0.06809523,0.061236992,0.047247995,0.06509199,0.07723078839480876,0
SAOUHSC_02470,SAOUHSC_02468,-1,0.1759796,0.2628465,0.18313313,0.07472544,0.1077321,0.2551564,0.11039571,0.19039123,0.10548328,0.18868124,0.1654524624347687,0
SAOUHSC_02468,SAOUHSC_02467,-1,0.98644674,0.9248381,0.9835721,0.95701414,0.9139908,0.9661233,0.9913602,0.96794474,0.9691322,0.93130195,0.9591724276542664,1
SAOUHSC_02467,SAOUHSC_02465,-1,0.09130782,0.15415438,0.0877147,0.019831607,0.06808247,0.20254506,0.11443538,0.035154562,0.11241509,0.006601425,0.08922424912452698,0
SAOUHSC_02465,SAOUHSC_02464,-1,0.5647322,0.65245914,0.749816,0.4787244,0.4970912,0.7888131,0.52284175,0.2883082,0.60514605,0.6514129,0.5799344956874848,1
SAOUHSC_02464,SAOUHSC_02461,-1,0.0015850262,0.007954733,0.0023037307,0.00051184103,0.0015494247,0.009219299,0.0036867426,0.0025028966,0.0037712762,0.0011105457,0.0034195516258478166,0
SAOUHSC_02461,SAOUHSC_02460,-1,0.85139805,0.8619589,0.88757056,0.96032506,0.85419714,0.876002,0.780635,0.8682911,0.8435536,0.951469,0.8735400438308716,1
SAOUHSC_02460,SAOUHSC_02459,-1,0.37289828,0.22941814,0.47945768,0.08955898,0.21209894,0.53411394,0.57063544,0.32659853,0.090640046,0.19396488,0.3099384859204292,0
SAOUHSC_02459,SAOUHSC_02458,-1,0.123198874,0.18874715,0.2353898,0.20025875,0.49896646,0.347005,0.28558713,0.1637215,0.18531094,0.122542605,0.23507282212376596,0
SAOUHSC_02458,SAOUHSC_02456,-1,0.007367161,0.024850776,0.019680984,0.0051468355,0.024947163,0.028524807,0.009145241,0.009009936,0.0049099256,0.0027289547,0.013631178415380418,0
SAOUHSC_02456,SAOUHSC_02455,-1,0.13790062,0.12498331,0.20465349,0.019286726,0.05952174,0.2372491,0.2854076,0.07531987,0.028782194,0.118650146,0.12917548026889564,0
SAOUHSC_02455,SAOUHSC_02454,-1,0.9831672,0.98191446,0.967767,0.98455447,0.9577076,0.98326457,0.9804657,0.957875,0.9799753,0.96655,0.9743241250514985,1
SAOUHSC_02454,SAOUHSC_02453,-1,0.96802545,0.9514695,0.9744491,0.99124837,0.9399535,0.9652823,0.978904,0.95635104,0.97192496,0.92800933,0.9625617563724518,1
SAOUHSC_02453,SAOUHSC_02452,-1,0.99084383,0.982956,0.98749465,0.9806307,0.9687462,0.98490083,0.9970664,0.98041147,0.98266494,0.988358,0.9844072997570038,1
SAOUHSC_02452,SAOUHSC_02451,-1,0.9780227,0.9744111,0.9838554,0.9782966,0.94774127,0.9732776,0.98965055,0.94553643,0.96137154,0.9796708,0.9711834013462066,1
SAOUHSC_02451,SAOUHSC_02450,-1,0.93894255,0.8903632,0.9459698,0.9303917,0.9268799,0.89204776,0.86101305,0.8943161,0.9491734,0.899549,0.9128646492958069,1
SAOUHSC_02450,SAOUHSC_02449,-1,0.9919963,0.9901476,0.989897,0.98713726,0.9735885,0.98588294,0.9983258,0.9867557,0.98213553,0.99029833,0.987616503238678,1
SAOUHSC_02449,SAOUHSC_02448,-1,0.43038484,0.4177972,0.6618109,0.5910307,0.5460122,0.5788239,0.3203997,0.51075435,0.41483137,0.39856344,0.48704086542129515,0
SAOUHSC_02448,SAOUHSC_02447,-1,0.72372544,0.669998,0.6506913,0.91917205,0.7576337,0.8134555,0.712323,0.7205676,0.7190648,0.90797704,0.759460836648941,1
SAOUHSC_02447,SAOUHSC_02445,-1,0.44510722,0.3980775,0.8212826,0.12750491,0.40467456,0.5648754,0.7500781,0.3420127,0.17352055,0.61365795,0.4640791520476341,0
SAOUHSC_02445,SAOUHSC_02444,-1,0.5862328,0.6405074,0.46745977,0.27996764,0.4933994,0.5761913,0.18261121,0.5987573,0.5057866,0.48563135,0.4816544786095619,0
SAOUHSC_02444,SAOUHSC_02443,-1,0.6089528,0.60566145,0.6044002,0.5715228,0.6535654,0.6461153,0.7282536,0.6068522,0.53950703,0.8159984,0.6380829155445099,1
SAOUHSC_02443,SAOUHSC_02442,-1,0.986962,0.9841059,0.9714126,0.9821164,0.9648126,0.98604685,0.9807501,0.97766966,0.98882157,0.9911978,0.9813895463943482,1
SAOUHSC_02442,SAOUHSC_02441,-1,0.9583394,0.9534698,0.9835898,0.99226433,0.9617769,0.96999633,0.98184025,0.9823073,0.95441127,0.98621845,0.9724213898181915,1
SAOUHSC_02441,SAOUHSC_02435,-1,0.0113351615,0.048208646,0.051106896,0.013201324,0.006307487,0.045311823,0.025368936,0.01954848,0.0030362299,0.002541969,0.022596695367246865,0
SAOUHSC_02435,SAOUHSC_02434,-1,0.9870614,0.9710118,0.96646774,0.96932894,0.9505393,0.9891827,0.96081096,0.9756835,0.9816259,0.9816189,0.9733331143856049,1
SAOUHSC_02434,SAOUHSC_02433,-1,0.9883917,0.98720926,0.9832048,0.98720175,0.9678166,0.9842041,0.99222,0.97546434,0.98505604,0.99053425,0.9841302812099457,1
SAOUHSC_02433,SAOUHSC_02430,-1,0.2778516,0.1697072,0.293596,0.05989549,0.13097116,0.4510474,0.20236626,0.18765806,0.14003569,0.29222593,0.22053547836840154,0
SAOUHSC_02430,SAOUHSC_02428,-1,0.99062395,0.9895346,0.9883943,0.9895502,0.9772017,0.98713034,0.99351114,0.9798252,0.99012256,0.98870474,0.9874598741531372,1
SAOUHSC_02428,SAOUHSC_02427,-1,0.9912066,0.983352,0.9811823,0.9826624,0.9722679,0.994834,0.9853351,0.9875765,0.9836529,0.9885973,0.9850666940212249,1
SAOUHSC_02427,SAOUHSC_02426,-1,0.436692,0.5075817,0.29829285,0.21588571,0.39354405,0.483525,0.20870076,0.42216712,0.3887323,0.45528987,0.38104113936424255,0
SAOUHSC_02426,SAOUHSC_02424,-1,0.26310194,0.5212385,0.429606,0.065709606,0.25484678,0.48043576,0.36544085,0.19046542,0.11903023,0.05206421,0.27419392839074136,0
SAOUHSC_02424,SAOUHSC_02423,-1,0.9712667,0.9760791,0.9934508,0.9940344,0.952541,0.9568569,0.991595,0.96908945,0.9543887,0.9882164,0.9747518420219421,1
SAOUHSC_02423,SAOUHSC_02422,-1,0.9924444,0.9942511,0.9858995,0.9918059,0.9845818,0.991585,0.99662834,0.98691934,0.9859619,0.98323464,0.9893311977386474,1
SAOUHSC_02422,SAOUHSC_02420,-1,0.57635254,0.49990645,0.77862436,0.12491103,0.46481943,0.6345389,0.49885333,0.32448888,0.21319187,0.6004296,0.47161163613200185,0
SAOUHSC_02420,SAOUHSC_02419,-1,0.9257571,0.9501124,0.9847366,0.98082477,0.92541635,0.9712,0.95359814,0.8767485,0.8928331,0.97711015,0.943833714723587,1
SAOUHSC_02419,SAOUHSC_02418,-1,0.5881007,0.7610079,0.5238587,0.7765601,0.6442405,0.85785824,0.68455577,0.7775159,0.9048958,0.78653836,0.730513197183609,1
SAOUHSC_02418,SAOUHSC_02416,-1,0.0016237091,0.0028342893,0.0009319214,0.001233503,0.005696844,0.008648682,0.0004835058,0.0017364136,0.005417131,0.00058642245,0.002919242178904824,0
SAOUHSC_02416,SAOUHSC_R0005,-1,0.90379083,0.9028992,0.7352405,0.8812704,0.8654262,0.8999725,0.8772303,0.7834524,0.9248104,0.8467513,0.8620844006538391,1
SAOUHSC_R0005,SAOUHSC_T00029,-1,0.2809152,0.26629683,0.18392056,0.5181784,0.23328052,0.30618563,0.42349273,0.16668567,0.45279717,0.25040722,0.30821599513292314,0
SAOUHSC_T00029,SAOUHSC_R00010,-1,0.14558958,0.20329034,0.070809364,0.14236161,0.35918182,0.22898954,0.40659326,0.11552658,0.30976337,0.032878578,0.20149840489029885,0
SAOUHSC_R00010,SAOUHSC_R00015,-1,0.8388075,0.8658399,0.868665,0.9188095,0.7406986,0.8621655,0.8015576,0.7490479,0.8649657,0.9070519,0.841760903596878,1
SAOUHSC_R00015,SAOUHSC_T00010,-1,0.7972623,0.79763156,0.36939564,0.50465804,0.3979691,0.719004,0.39449137,0.85847455,0.6453837,0.26760858,0.575187885761261,1
SAOUHSC_T00010,SAOUHSC_T00020,-1,0.9919029,0.9875992,0.9827744,0.98811126,0.97058046,0.9908685,0.9886343,0.983715,0.98325974,0.99181443,0.9859260141849517,1
SAOUHSC_T00020,SAOUHSC_T00061,-1,0.9747647,0.97997403,0.99079543,0.9881501,0.9705834,0.98428106,0.9941631,0.9867033,0.97065794,0.98102623,0.9821099281311035,1
SAOUHSC_T00061,SAOUHSC_T00058,-1,0.74922633,0.7152796,0.60413027,0.88708276,0.72914284,0.81262845,0.6623754,0.7408154,0.67477393,0.9485946,0.7524049580097198,1
SAOUHSC_T00058,SAOUHSC_T00017,-1,0.9889381,0.98944634,0.9860155,0.9907985,0.98047084,0.9928155,0.990296,0.98134565,0.9846619,0.988558,0.9873346269130707,1
SAOUHSC_T00017,SAOUHSC_02412,-1,0.9877289,0.97530526,0.97654563,0.97198474,0.95849735,0.99272454,0.97835964,0.98164135,0.983525,0.98478603,0.9791098415851593,1
SAOUHSC_02412,SAOUHSC_T00037,-1,0.98715997,0.96610844,0.9689983,0.960755,0.9405224,0.9878304,0.9616086,0.9669859,0.9818342,0.9780017,0.9699804842472076,1
SAOUHSC_T00037,SAOUHSC_02409,-1,0.0011455172,0.0067786286,0.0029863468,0.002386896,0.008451652,0.0099211885,0.007243814,0.0025296554,0.0031128281,0.0004392442,0.00449957704404369,0
SAOUHSC_02409,SAOUHSC_02407,-1,0.60557514,0.6545686,0.6828478,0.26764712,0.47459966,0.58044183,0.36339262,0.46863455,0.39100853,0.55917686,0.5047892719507218,1
SAOUHSC_02407,SAOUHSC_02406,-1,0.98895556,0.9890019,0.97841215,0.9807061,0.95403296,0.9866118,0.9934018,0.97756684,0.98635703,0.9876814,0.9822727560997009,1
SAOUHSC_02406,glmM,-1,0.96849746,0.9600767,0.98329777,0.9759361,0.93419963,0.9561039,0.9851219,0.9460989,0.9648748,0.97097605,0.9645183265209198,1
glmM,SAOUHSC_02404,-1,0.9767123,0.6809811,0.9786804,0.69899315,0.67492706,0.7444382,0.6615799,0.85872656,0.840919,0.78906554,0.7905023157596588,1
SAOUHSC_02404,SAOUHSC_02399,-1,0.008211309,0.021780377,0.018612463,0.0054229083,0.022950068,0.027470563,0.0287154,0.014636699,0.008103555,0.0052237124,0.016112705506384373,0
SAOUHSC_02399,SAOUHSC_02397,-1,0.452018,0.27771252,0.8272841,0.17058203,0.37883887,0.5946954,0.5588316,0.20993087,0.16606902,0.39830735,0.4034269705414772,0
SAOUHSC_02397,SAOUHSC_02396,-1,0.89248055,0.92351013,0.98126286,0.96382916,0.91039574,0.9050703,0.91559833,0.8970243,0.8728354,0.98361504,0.9245621800422669,1
SAOUHSC_02396,SAOUHSC_02393,-1,0.36344478,0.20278761,0.20206141,0.46320286,0.2714971,0.62530494,0.6712123,0.23557474,0.3644972,0.66263574,0.4062218710780144,0
SAOUHSC_02393,SAOUHSC_02391,-1,0.0038701957,0.01541464,0.034969043,0.0029202062,0.008681274,0.020334965,0.011309887,0.0072745658,0.010672228,0.014845875,0.013029288034886122,0
SAOUHSC_02391,SAOUHSC_02387,-1,9.4390845e-05,0.0017764273,0.00064046466,0.00012776564,0.002047018,0.002523064,0.0025688135,0.00041399495,0.0010469182,0.00010213259,0.0011340989491145591,0
SAOUHSC_02387,SAOUHSC_02386,-1,0.096416235,0.089785695,0.13016143,0.03187668,0.050613843,0.20896003,0.10148812,0.074583866,0.02902125,0.09342021,0.09063273575156927,0
SAOUHSC_02386,SAOUHSC_02385,-1,0.9818975,0.97986096,0.97323805,0.9761724,0.9507973,0.9914839,0.9638804,0.98189414,0.982742,0.9855628,0.9767529487609863,1
SAOUHSC_02385,SAOUHSC_02384,-1,0.9731814,0.9894432,0.9868541,0.9850954,0.9751483,0.98656404,0.9941573,0.9663473,0.9780555,0.9840864,0.9818932890892029,1
SAOUHSC_02384,SAOUHSC_02383,-1,0.039928965,0.060852952,0.08075378,0.006576356,0.020681573,0.06466243,0.046818838,0.034745947,0.039808456,0.036290705,0.04311199993826449,0
SAOUHSC_02383,SAOUHSC_02382,-1,0.5843929,0.7286956,0.88517755,0.40617615,0.44642094,0.67160547,0.669474,0.49207756,0.07097274,0.32799804,0.52829909324646,1
SAOUHSC_02382,SAOUHSC_02381,-1,0.24028435,0.35002452,0.34832355,0.30374527,0.19030252,0.3366538,0.32665706,0.19101378,0.10174764,0.2636948,0.26524472907185553,0
SAOUHSC_02381,SAOUHSC_02379,-1,0.001522985,0.003358621,0.0048479284,0.007303632,0.004125825,0.011681377,0.003705825,0.0026566705,0.0027905088,0.00036873537,0.004236210798262618,0
SAOUHSC_02379,SAOUHSC_02377,-1,0.59012246,0.8094448,0.89923877,0.7779181,0.67931503,0.8644926,0.48688918,0.6466354,0.6094088,0.8563653,0.7219830453395844,1
SAOUHSC_02377,SAOUHSC_02376,-1,0.9930084,0.9925894,0.98862976,0.99137557,0.981575,0.9891906,0.9987729,0.98486465,0.9804247,0.9893564,0.9889787375926972,1
SAOUHSC_02376,SAOUHSC_02374,-1,0.056353457,0.04607682,0.050853264,0.0060155336,0.023684602,0.10041359,0.02079824,0.018819584,0.01608316,0.006857771,0.03459560214541853,0
SAOUHSC_02374,SAOUHSC_02373,-1,0.9891202,0.97574437,0.9719646,0.9730861,0.95935196,0.9918381,0.97302234,0.9790066,0.981959,0.9844831,0.9779576361179352,1
SAOUHSC_02373,SAOUHSC_02372,-1,0.35074937,0.5096351,0.5716718,0.34191054,0.2442081,0.59457624,0.34340814,0.3150042,0.2525307,0.3717752,0.38954693675041197,0
SAOUHSC_02372,SAOUHSC_02370,-1,0.011537809,0.0192171,0.037413172,0.003732818,0.0061048116,0.02812911,0.01768146,0.005940847,0.008023519,0.0014873927,0.013926804065704346,0
SAOUHSC_02370,SAOUHSC_02369,-1,0.85257524,0.9425723,0.9581578,0.97910964,0.9293061,0.9551783,0.9785383,0.95025337,0.9356608,0.9089322,0.939028400182724,1
SAOUHSC_02369,pyrG,-1,0.5615204,0.49351633,0.47194204,0.5214859,0.5165706,0.62999874,0.39437482,0.5991607,0.58828807,0.8176454,0.5594502985477448,1
pyrG,SAOUHSC_02366,-1,0.250459,0.3343772,0.18439528,0.16460976,0.15277876,0.3776546,0.15910064,0.28030196,0.06124878,0.17822404,0.21431500166654588,0
SAOUHSC_02366,SAOUHSC_02365,-1,0.26764053,0.13523597,0.30295995,0.028742427,0.11828824,0.25300348,0.25543973,0.12589233,0.06098623,0.10971747,0.16579063478857278,0
SAOUHSC_02365,SAOUHSC_02364,-1,0.8616344,0.9594881,0.95259875,0.9540214,0.92020947,0.9483315,0.9709869,0.93053913,0.94187164,0.8997942,0.9339475452899932,1
SAOUHSC_02364,SAOUHSC_02363,-1,0.94776535,0.84386224,0.88370365,0.533809,0.74975836,0.85979134,0.63325965,0.87454265,0.87289274,0.85018003,0.8049565017223358,1
SAOUHSC_02363,rho,-1,0.6086455,0.5188641,0.6597586,0.18115635,0.54510903,0.7875135,0.6489088,0.5228558,0.5482432,0.57682556,0.5597880497574806,1
rho,rpmE2,-1,0.70972866,0.75048035,0.88587457,0.85220146,0.78885585,0.7591102,0.84527284,0.71459234,0.62490356,0.8806631,0.7811682939529419,1
rpmE2,SAOUHSC_02360,-1,0.09308489,0.06738518,0.08400882,0.0074969227,0.034119613,0.11732386,0.07661538,0.062951915,0.024636585,0.06641738,0.0634040545206517,0
SAOUHSC_02360,prfA,-1,0.98517615,0.9705799,0.966777,0.9683775,0.9453961,0.99009955,0.95829576,0.9767903,0.98147446,0.9807906,0.9723757386207581,1
prfA,SAOUHSC_02358,-1,0.97788405,0.98872185,0.98922867,0.9876407,0.9723298,0.98939824,0.9932257,0.9751567,0.98318934,0.98257345,0.9839348495006561,1
SAOUHSC_02358,SAOUHSC_02357,-1,0.9711946,0.6930674,0.95058566,0.78155833,0.6892742,0.78500956,0.7962989,0.7572628,0.7232208,0.8582256,0.8005697906017304,1
SAOUHSC_02357,SAOUHSC_02356,-1,0.99096537,0.98177093,0.9784847,0.97570455,0.96903193,0.9927582,0.98366076,0.9836795,0.98067945,0.98666,0.9823395371437073,1
SAOUHSC_02356,SAOUHSC_02355,-1,0.44642997,0.46391147,0.40484196,0.33528072,0.5316205,0.5085765,0.4572278,0.54425466,0.46515176,0.5943362,0.4751631557941437,0
SAOUHSC_02355,glyA,-1,0.91879094,0.7601353,0.9072648,0.7886989,0.75515306,0.8737233,0.9399618,0.79035383,0.93868905,0.8424288,0.8515199840068817,1
glyA,upp,-1,0.98437566,0.9845792,0.9834261,0.97674674,0.95533276,0.9822447,0.98792994,0.96553564,0.98283994,0.98850083,0.9791511476039887,1
upp,SAOUHSC_02352,-1,0.9917843,0.99313366,0.9878773,0.9950701,0.98367864,0.9868203,0.9985832,0.986828,0.98513424,0.99148107,0.9900390803813934,1
SAOUHSC_02352,SAOUHSC_02351,-1,0.9465992,0.9599586,0.9939521,0.99796855,0.9503698,0.98238605,0.9771615,0.94256544,0.9456814,0.9889675,0.9685610115528107,1
SAOUHSC_02351,SAOUHSC_02350,-1,0.9501448,0.9463959,0.97096723,0.9779081,0.9317239,0.95255816,0.98655707,0.9434298,0.9679568,0.9532345,0.9580876231193542,1
SAOUHSC_02350,SAOUHSC_02349,-1,0.98196375,0.9875937,0.9950472,0.99871844,0.98499954,0.9889095,0.99306,0.98080945,0.95689344,0.9942296,0.9862224638462067,1
SAOUHSC_02349,SAOUHSC_02347,-1,0.9114213,0.9160927,0.8849604,0.9483292,0.9022173,0.9452985,0.917348,0.9503638,0.9039548,0.9277583,0.9207744359970093,1
SAOUHSC_02347,SAOUHSC_02346,-1,0.9881494,0.96993005,0.97176427,0.9716483,0.9508016,0.99007875,0.9679496,0.9782693,0.9823749,0.9814872,0.9752453386783599,1
SAOUHSC_02346,SAOUHSC_02345,-1,0.9864478,0.92692196,0.9769117,0.95013237,0.9609406,0.9491934,0.98816305,0.98473054,0.9801674,0.9688211,0.9672429978847503,1
SAOUHSC_02345,SAOUHSC_02343,-1,0.99268275,0.9923422,0.98931986,0.988156,0.97881275,0.98980564,0.9961008,0.989874,0.9832442,0.9905809,0.9890919089317322,1
SAOUHSC_02343,SAOUHSC_02341,-1,0.9689113,0.9428884,0.963694,0.9518973,0.9460582,0.95013773,0.98267424,0.9657342,0.9684492,0.9588494,0.9599293887615203,1
SAOUHSC_02341,atpC,-1,0.98847455,0.9891894,0.9824877,0.9824107,0.97302353,0.9896082,0.9962879,0.964584,0.9835775,0.9890849,0.9838728368282318,1
atpC,SAOUHSC_02339,-1,0.10872754,0.2777098,0.45492712,0.105405375,0.08786996,0.42080733,0.33136728,0.18551593,0.020855578,0.09426306,0.20874489787966014,0
SAOUHSC_02339,SAOUHSC_02338,-1,0.09403915,0.16004032,0.1020812,0.06862851,0.12279204,0.1483972,0.09011262,0.12210531,0.065937884,0.2539598,0.12280940487980843,0
SAOUHSC_02338,SAOUHSC_02337,-1,0.69586813,0.71896636,0.47544056,0.44122404,0.6977614,0.66901946,0.29740137,0.5286408,0.7061794,0.6136407,0.5844142258167266,1
SAOUHSC_02337,fabZ,-1,0.99140227,0.99490166,0.9958995,0.99669033,0.986923,0.9877288,0.99922484,0.99385875,0.98083216,0.9881085,0.991556978225708,1
fabZ,SAOUHSC_02334,-1,0.050487157,0.12054462,0.077129506,0.008712991,0.02785362,0.13085663,0.24243471,0.074202985,0.012788503,0.04029468,0.0785305405035615,0
SAOUHSC_02334,SAOUHSC_02333,-1,0.082886785,0.07716218,0.06653697,0.01213556,0.039393213,0.18993716,0.09945923,0.0692427,0.043215804,0.1228854,0.0802854998037219,0
SAOUHSC_02333,SAOUHSC_02332,-1,0.38681945,0.16909252,0.27170056,0.25578192,0.23814684,0.72205484,0.45105296,0.3203034,0.1813406,0.6984979,0.3694791004061699,0
SAOUHSC_02332,SAOUHSC_02331,-1,0.6379015,0.65698975,0.5424441,0.20986383,0.69495696,0.76697034,0.6183319,0.54325444,0.5558999,0.7507596,0.5977372333407402,1
SAOUHSC_02331,SAOUHSC_02330,-1,0.9907394,0.98398864,0.98182034,0.9837741,0.9723451,0.9952734,0.9855201,0.9881078,0.98405755,0.98901147,0.9854637980461121,1
SAOUHSC_02330,SAOUHSC_02329,-1,0.99125075,0.9836633,0.9817542,0.98326254,0.9728463,0.9950765,0.9859329,0.9879572,0.9837704,0.988885,0.9854399025440216,1
SAOUHSC_02329,thiE,-1,0.9889993,0.98621565,0.97907484,0.9848947,0.9424073,0.985933,0.98550606,0.97341615,0.98454237,0.9774461,0.9788435459136963,1
thiE,SAOUHSC_02327,-1,0.92745703,0.8791194,0.63530546,0.6088331,0.51386327,0.8065924,0.6047197,0.9246265,0.79448783,0.49168137,0.7186686068773269,1
SAOUHSC_02327,SAOUHSC_02326,-1,0.052256983,0.10504846,0.15059406,0.0034861765,0.03273252,0.11126805,0.22007611,0.064486705,0.02325855,0.08520802,0.08484156387858093,0
SAOUHSC_02326,SAOUHSC_02325,-1,0.97869205,0.9741785,0.98940057,0.98743224,0.9776304,0.9870511,0.99492764,0.98342913,0.98066556,0.98696536,0.9840372562408447,1
SAOUHSC_02325,SAOUHSC_02322,-1,0.000118305834,0.0003904566,0.00021212953,0.0006351165,0.0020636183,0.0040879203,0.00033200777,0.0003032988,0.000832392,0.00019384814,0.0009169093740638345,0
SAOUHSC_02322,SAOUHSC_02321,-1,0.98984164,0.99080956,0.98992133,0.9924338,0.9783857,0.99268854,0.9941766,0.9800169,0.9877453,0.991508,0.9887527346611023,1
SAOUHSC_02321,SAOUHSC_02320,-1,0.08893052,0.15073438,0.11268994,0.047331393,0.14319813,0.14257516,0.13619809,0.10147731,0.07938492,0.29578546,0.12983053028583527,0
SAOUHSC_02320,ddl,-1,0.0005841829,0.0032802164,0.0024027068,0.00024389144,0.0009503021,0.0035042327,0.0018606122,0.0013100873,0.0030555918,0.00075168564,0.0017943509272299707,0
ddl,SAOUHSC_02317,-1,0.98793757,0.9830808,0.977351,0.984666,0.9501469,0.9743257,0.99188113,0.97542506,0.97973704,0.98835015,0.9792901396751403,1
SAOUHSC_02317,SAOUHSC_02316,-1,0.4697861,0.6326413,0.64192486,0.17470518,0.33215058,0.4681768,0.20710097,0.36120838,0.20775624,0.20197716,0.36974276006221773,0
SAOUHSC_02316,SAOUHSC_02313,-1,0.05616133,0.22393478,0.27257183,0.053553123,0.020741422,0.14216807,0.18426031,0.14599648,0.007711546,0.011515288,0.11186141888611019,0
SAOUHSC_02313,SAOUHSC_02312,-1,0.92641544,0.9499908,0.9179205,0.96447784,0.9161426,0.9421674,0.9505004,0.96593225,0.9432557,0.9632158,0.9440018773078919,1
SAOUHSC_02312,SAOUHSC_02311,-1,0.98316944,0.9745482,0.97079825,0.98281574,0.9562384,0.9544251,0.9745338,0.96979415,0.9632286,0.97937924,0.9708930909633636,1
SAOUHSC_02311,SAOUHSC_02310,-1,0.9768422,0.9832152,0.9845648,0.9883434,0.9603216,0.9738019,0.9912444,0.9672873,0.962834,0.9610507,0.9749505519866943,1
SAOUHSC_02310,SAOUHSC_02309,-1,0.0851891,0.0741343,0.16659811,0.04080889,0.04324656,0.11482026,0.048045192,0.11857312,0.05202729,0.023958348,0.07674011625349522,0
SAOUHSC_02309,SAOUHSC_02308,-1,0.9832094,0.98045695,0.9746,0.97708756,0.95402265,0.9929706,0.96858037,0.98270774,0.98281336,0.9859056,0.9782354176044464,1
SAOUHSC_02308,SAOUHSC_02307,-1,0.9899759,0.98045635,0.97459584,0.9698446,0.9658366,0.99087536,0.9811777,0.97989744,0.9793684,0.98438865,0.9796416819095611,1
SAOUHSC_02307,acpS,-1,0.99170256,0.9599658,0.9908133,0.9918364,0.9643931,0.9799137,0.9893831,0.99047405,0.9785708,0.97875065,0.9815803527832031,1
acpS,SAOUHSC_02305,-1,0.91239965,0.923876,0.9880792,0.77570087,0.91816646,0.9324477,0.9301875,0.7733984,0.9652973,0.9424127,0.9061965703964233,1
SAOUHSC_02305,SAOUHSC_02304,-1,0.8389115,0.9700967,0.975321,0.9707897,0.93463993,0.94845355,0.9780434,0.8900721,0.9273488,0.95851326,0.9392189860343934,1
SAOUHSC_02304,SAOUHSC_02303,-1,0.98627007,0.9760962,0.9760438,0.9773329,0.95419186,0.99393547,0.9721967,0.9829832,0.98250234,0.9850431,0.9786595642566681,1
SAOUHSC_02303,SAOUHSC_02300,-1,0.0029293436,0.01577406,0.06128907,0.00832919,0.025924064,0.027670868,0.030828316,0.006585593,0.0064431187,0.00043971636,0.01862133379036095,0
SAOUHSC_02300,SAOUHSC_02299,-1,0.98650944,0.9756698,0.9698534,0.97385496,0.9464522,0.99228317,0.97157544,0.98151016,0.98182505,0.98036116,0.9759894788265229,1
SAOUHSC_02299,SAOUHSC_02298,-1,0.9829235,0.9569765,0.95292443,0.93786937,0.923546,0.9781558,0.93657935,0.9640256,0.9792069,0.9670803,0.9579287767410278,1
SAOUHSC_02298,SAOUHSC_02297,-1,0.4332972,0.33100104,0.7050092,0.0762435,0.232196,0.38285118,0.32359406,0.2171772,0.09624109,0.28659347,0.3084203951060772,0
SAOUHSC_02297,SAOUHSC_02296,-1,0.988499,0.9803733,0.9710888,0.9678752,0.9591787,0.98948354,0.9768315,0.97603244,0.97631454,0.9819166,0.9767593622207642,1
SAOUHSC_02296,SAOUHSC_02294,-1,0.012684659,0.034425598,0.028642546,0.009067913,0.0081372075,0.046088547,0.03736455,0.017479682,0.0077682137,0.02773315,0.022939206659793855,0
SAOUHSC_02294,SAOUHSC_T00034,-1,0.9916457,0.9836728,0.9818824,0.9830214,0.973504,0.9949083,0.98626643,0.9879265,0.983557,0.98879296,0.9855177402496338,1
SAOUHSC_T00034,SAOUHSC_T00025,-1,0.7090201,0.6806348,0.7321177,0.719223,0.71143514,0.745343,0.6260071,0.70077634,0.6021875,0.9057117,0.7132456421852111,1
SAOUHSC_T00025,SAOUHSC_R0004,-1,0.92094934,0.95645094,0.958563,0.8698569,0.8927237,0.95710164,0.91568893,0.93825716,0.87432426,0.9828102,0.9266726076602936,1
SAOUHSC_R0004,SAOUHSC_R0009,-1,0.7854985,0.55442166,0.44444123,0.85121953,0.72074074,0.5919854,0.7075402,0.43527776,0.75938946,0.34087417,0.6191388666629791,1
SAOUHSC_R0009,SAOUHSC_R00014,-1,0.92614746,0.94011754,0.95210356,0.94018644,0.9113184,0.970533,0.9356812,0.895001,0.9161278,0.9761468,0.9363363265991211,1
SAOUHSC_R00014,SAOUHSC_02280,-1,7.705766e-05,0.00015510584,1.5652606e-05,0.00013167561,0.000912476,0.002634469,5.8055386e-05,0.00014908366,0.00070777396,7.40881e-05,0.0004915437750241836,0
SAOUHSC_02280,SAOUHSC_02279,-1,0.9904524,0.9825359,0.98176706,0.98477924,0.96704733,0.9935661,0.98082405,0.9882405,0.98516405,0.9883399,0.9842716515064239,1
SAOUHSC_02279,SAOUHSC_02278,-1,0.9755093,0.9899245,0.99291176,0.99665767,0.9865743,0.9879267,0.99578315,0.99242,0.98262745,0.9701152,0.9870450019836425,1
SAOUHSC_02278,SAOUHSC_02277,-1,0.9856918,0.9644912,0.9760142,0.9736733,0.942915,0.97865546,0.9641824,0.9856706,0.9823364,0.9818508,0.9735481142997742,1
SAOUHSC_02277,SAOUHSC_02275,-1,0.0024813407,0.008724167,0.0019602785,0.00054759806,0.0018814194,0.012613667,0.015524209,0.004398346,0.0056515746,0.0030666108,0.005684921069769189,0
SAOUHSC_02275,SAOUHSC_02273,-1,0.000488475,0.0057534217,0.0018122317,0.00044545106,0.0024290471,0.0039113825,0.0028500585,0.0019093832,0.0013231346,0.00025407475,0.0021176660258788614,0
SAOUHSC_02273,SAOUHSC_02272,-1,0.23579238,0.148777,0.3256517,0.017022451,0.114408016,0.2929738,0.33485696,0.1244212,0.055824775,0.1661518,0.18158800769597291,0
SAOUHSC_02272,SAOUHSC_02271,-1,0.7969729,0.81687194,0.92786,0.6048222,0.71583706,0.8343411,0.9489421,0.6156886,0.58010566,0.9476863,0.7789127945899963,1
SAOUHSC_02271,SAOUHSC_02270,-1,0.8207679,0.83729506,0.5571192,0.5073522,0.7048682,0.7791721,0.46701923,0.7596197,0.73676133,0.62838936,0.6798364251852036,1
SAOUHSC_02270,SAOUHSC_02269,-1,0.6688026,0.7765666,0.83220446,0.6911156,0.8119987,0.8681775,0.920777,0.7461667,0.72497445,0.66622365,0.7707007348537445,1
SAOUHSC_02269,SAOUHSC_02268,-1,0.8060298,0.7996887,0.89695877,0.90868396,0.83199644,0.8157283,0.76693076,0.7607716,0.77915186,0.91576374,0.8281703889369965,1
SAOUHSC_02268,SAOUHSC_02267,-1,0.98936844,0.97610027,0.97204024,0.9741022,0.944622,0.98798454,0.979168,0.97629404,0.9840485,0.9784798,0.9762207984924316,1
SAOUHSC_02267,SAOUHSC_02260,-1,0.00011347152,0.00030454763,8.1503305e-05,0.00028511425,0.0005627263,0.0021931797,9.692085e-05,0.0002486005,0.0004375903,4.931723e-05,0.0004372971543489257,0
SAOUHSC_02260,SAOUHSC_02257,-1,0.00029794395,0.0011669399,0.0009310473,0.00020375387,0.0014217389,0.0045305234,0.0011472793,0.0010475059,0.0022087859,0.0008071567,0.0013762675036559813,0
SAOUHSC_02257,groES,-1,0.018189935,0.03126202,0.23526388,0.00711188,0.02822797,0.050557192,0.046647877,0.024913043,0.0136301275,0.004219529,0.046002345904707906,0
groES,groEL,-1,0.8815276,0.8871254,0.9373455,0.9431896,0.90877116,0.8676884,0.83146954,0.90193343,0.89503103,0.97543854,0.9029520213603973,1
groEL,SAOUHSC_02251,-1,0.038675636,0.041595954,0.056509167,0.0068302206,0.026125805,0.13918503,0.12131454,0.036735464,0.045048654,0.0630817,0.0575102164875716,0
SAOUHSC_02251,SAOUHSC_02250,-1,0.9869372,0.9850775,0.9819826,0.9842466,0.9670039,0.9951632,0.9807388,0.9879251,0.98474437,0.9889019,0.9842721223831177,1
SAOUHSC_02250,SAOUHSC_02249,-1,0.33492738,0.31355658,0.37801123,0.5882149,0.43185717,0.42434457,0.4591026,0.28153908,0.27216956,0.6457692,0.4129492223262787,0
SAOUHSC_02249,SAOUHSC_02248,-1,0.67436135,0.67749,0.7474333,0.7830736,0.6391358,0.7101799,0.7263852,0.74823135,0.54825187,0.8862813,0.7140823662281036,1
SAOUHSC_02248,SAOUHSC_02246,-1,0.0012719448,0.0031232461,0.0017466863,0.0001921007,0.0019852559,0.008758158,0.0023289653,0.0017619979,0.0050349184,0.0007606239,0.0026963897864334284,0
SAOUHSC_02246,SAOUHSC_02245,-1,0.8779931,0.9349807,0.9115501,0.9598457,0.90762633,0.96801054,0.9218082,0.9275099,0.95775044,0.9083385,0.9275413513183594,1
SAOUHSC_02245,SAOUHSC_02243,-1,0.012814614,0.03312502,0.09204802,0.0034064937,0.014858652,0.035076898,0.013426367,0.014839907,0.0046210275,0.0026104008,0.022682739957235753,0
SAOUHSC_02243,SAOUHSC_02241,-1,0.98289376,0.9838117,0.987368,0.98481905,0.9606093,0.98583555,0.9970543,0.97007346,0.9809522,0.9766902,0.9810107469558715,1
SAOUHSC_02241,SAOUHSC_02238,-1,0.0059591704,0.015276744,0.008600533,0.0005800876,0.0050370363,0.014614681,0.013020936,0.018215887,0.005658304,0.0030673281,0.009003070770995691,0
SAOUHSC_02238,SAOUHSC_02234,-1,0.0016794042,0.0016626834,0.0013672312,0.00019955097,0.005185726,0.010032648,0.0013304488,0.0021481314,0.0025128452,0.00041392568,0.0026532595191383736,0
SAOUHSC_02234,SAOUHSC_02233,-1,0.28729975,0.13920137,0.26060426,0.12486537,0.31773913,0.30759156,0.4874187,0.28885683,0.70276934,0.67792994,0.3594276264309883,0
SAOUHSC_02233,SAOUHSC_02228,-1,0.00054317835,0.002188107,0.0011032658,0.00071327784,0.002752119,0.009057207,0.0017851765,0.0013092428,0.0008113103,0.00058133766,0.0020844222221057863,0
SAOUHSC_02228,SAOUHSC_02227,-1,0.5149649,0.46677357,0.6705727,0.5510731,0.6019656,0.61251956,0.5005617,0.5338482,0.40891677,0.5444926,0.540568870306015,1
SAOUHSC_02227,SAOUHSC_02225,-1,0.00061268045,0.001105187,0.0013864976,0.0009600671,0.0022971237,0.00790513,0.00077017286,0.0010820625,0.001584993,0.00023583726,0.0017939751691301354,0
SAOUHSC_02225,SAOUHSC_02224,-1,0.99231094,0.9837128,0.9824408,0.9821336,0.9741068,0.99425346,0.9868291,0.9876249,0.98278946,0.98836064,0.9854562520980835,1
SAOUHSC_02224,SAOUHSC_02223,-1,0.9676442,0.9714497,0.9671652,0.9777594,0.96079904,0.9866265,0.9383379,0.95735663,0.958037,0.952035,0.9637210607528687,1
SAOUHSC_02223,SAOUHSC_02222,-1,0.9901252,0.9905269,0.99089146,0.98639184,0.98494905,0.992796,0.9951814,0.98378336,0.9826507,0.9947607,0.9892056584358215,1
SAOUHSC_02222,SAOUHSC_02221,-1,0.9853068,0.98582935,0.98179615,0.9839726,0.9658959,0.9951522,0.97987217,0.987532,0.98435116,0.98892987,0.9838638186454773,1
SAOUHSC_02221,SAOUHSC_02220,-1,0.88915485,0.94348866,0.9283287,0.97430867,0.8900118,0.8982169,0.86698204,0.8808701,0.90152216,0.93671644,0.910960030555725,1
SAOUHSC_02220,SAOUHSC_02219,-1,0.9892994,0.9839801,0.9769755,0.99185556,0.97028095,0.9795747,0.99628514,0.9760252,0.984898,0.9802228,0.9829397380352021,1
SAOUHSC_02219,SAOUHSC_02217,-1,0.17597538,0.27637854,0.40834776,0.12764634,0.21113306,0.2674116,0.35145757,0.3253294,0.09727816,0.13874581,0.23797036111354827,0
SAOUHSC_02217,SAOUHSC_02216,-1,0.9846728,0.97699577,0.9857092,0.9902799,0.95589876,0.96003884,0.99368006,0.9709436,0.9613169,0.984943,0.9764478802680969,1
SAOUHSC_02216,SAOUHSC_02215,-1,0.9901174,0.982171,0.980669,0.97727245,0.9668461,0.98965764,0.97882503,0.9819296,0.9831487,0.9831708,0.9813807725906372,1
SAOUHSC_02215,SAOUHSC_02214,-1,0.98267424,0.98721105,0.97170746,0.99101275,0.96871686,0.9750716,0.9814071,0.9621523,0.9785313,0.97898626,0.977747094631195,1
SAOUHSC_02214,SAOUHSC_02213,-1,0.79608715,0.77156764,0.5519149,0.483465,0.23209926,0.5829901,0.35972548,0.5528483,0.33858374,0.04465449,0.4713936001062393,0
SAOUHSC_02213,SAOUHSC_02212,-1,0.9786456,0.95468134,0.9465422,0.8890883,0.9566105,0.9532358,0.9701329,0.97758585,0.9582498,0.86648315,0.9451255440711975,1
SAOUHSC_02212,SAOUHSC_02211,-1,0.9889005,0.98500556,0.98224515,0.984655,0.97031,0.9955012,0.98374057,0.98828757,0.9845741,0.98917526,0.9852394878864288,1
SAOUHSC_02211,SAOUHSC_02210,-1,0.99211425,0.98335356,0.98239714,0.9832432,0.9733274,0.9945092,0.98613864,0.9881779,0.983763,0.9886383,0.985566258430481,1
SAOUHSC_02210,SAOUHSC_02209,-1,0.7232643,0.63293976,0.8215323,0.3034382,0.73817545,0.8322342,0.86933875,0.7543456,0.4661663,0.7832756,0.6924710422754288,1
SAOUHSC_02209,SAOUHSC_02208,-1,0.99110675,0.98418725,0.9824323,0.98418427,0.97335017,0.99535507,0.986273,0.9884233,0.9841183,0.9891883,0.9858618676662445,1
SAOUHSC_02208,SAOUHSC_02207,-1,0.99199367,0.9838981,0.9826658,0.9829493,0.9746086,0.9948352,0.98708713,0.98805565,0.98339635,0.98886544,0.9858355224132538,1
SAOUHSC_02207,SAOUHSC_02206,-1,0.9918821,0.9838756,0.98273885,0.98353773,0.9743045,0.99498135,0.98691756,0.9882883,0.98378915,0.98898965,0.985930472612381,1
SAOUHSC_02206,SAOUHSC_02205,-1,0.98586166,0.97450286,0.9775889,0.980366,0.95059747,0.98597205,0.96652526,0.9862106,0.98255086,0.98581403,0.9775989651679993,1
SAOUHSC_02205,SAOUHSC_02204,-1,0.95979893,0.7233677,0.8895077,0.39017704,0.83267814,0.9447242,0.905996,0.9212315,0.8703383,0.4943671,0.7932186663150788,1
SAOUHSC_02204,SAOUHSC_02203,-1,0.899496,0.60427755,0.876237,0.9153235,0.9001553,0.81173325,0.93208337,0.8544268,0.8729085,0.9143923,0.8581033527851105,1
SAOUHSC_02203,SAOUHSC_02202,-1,0.99200857,0.98384154,0.9825557,0.983307,0.9742759,0.99487644,0.98691595,0.98822725,0.983508,0.98891664,0.9858432948589325,1
SAOUHSC_02202,SAOUHSC_02200,-1,0.88213277,0.8872263,0.8417244,0.8862399,0.84383005,0.9710823,0.8085389,0.8831162,0.9197533,0.9117508,0.883539491891861,1
SAOUHSC_02200,SAOUHSC_02199,-1,0.9257963,0.86764205,0.932952,0.88032126,0.855989,0.911816,0.8906931,0.7902163,0.74868274,0.9745368,0.8778645515441894,1
SAOUHSC_02199,SAOUHSC_02198,-1,0.90069866,0.9489674,0.8698753,0.94952023,0.91319895,0.95150506,0.93547463,0.8313554,0.97069615,0.9437773,0.9215069115161896,1
SAOUHSC_02198,SAOUHSC_02197,-1,0.9160814,0.9643287,0.9643248,0.9523635,0.9351817,0.9762198,0.8778364,0.9325627,0.9654748,0.88423425,0.9368607997894287,1
SAOUHSC_02197,SAOUHSC_02196,-1,0.9910091,0.9892458,0.9849709,0.99038136,0.9639816,0.9837881,0.9726052,0.9884063,0.9814767,0.9856077,0.98314728140831,1
SAOUHSC_02196,SAOUHSC_02195,-1,0.9901051,0.98706245,0.98349273,0.9786032,0.97431326,0.992438,0.9862643,0.9856113,0.97514087,0.98686326,0.9839894473552704,1
SAOUHSC_02195,SAOUHSC_02194,-1,0.73845065,0.88348454,0.7048375,0.837421,0.7490406,0.7276456,0.7157138,0.6002661,0.6633413,0.8913448,0.7511545836925506,1
SAOUHSC_02194,SAOUHSC_02193,-1,0.9921731,0.9840149,0.98291767,0.9819846,0.9750573,0.99447376,0.98738754,0.9877884,0.98270434,0.9886137,0.9857115328311921,1
SAOUHSC_02193,SAOUHSC_02191,-1,0.9650129,0.98308975,0.97386396,0.91951126,0.8850132,0.93910843,0.9794165,0.86604714,0.7978746,0.9569596,0.9265897393226623,1
SAOUHSC_02191,SAOUHSC_02190,-1,0.8941729,0.9163836,0.9127572,0.83889043,0.880081,0.95206714,0.96809435,0.8632184,0.8917216,0.97349924,0.9090885937213897,1
SAOUHSC_02190,SAOUHSC_02189,-1,0.95240134,0.86166775,0.8557933,0.9331486,0.82321423,0.88188684,0.8277967,0.7675729,0.8669078,0.93842334,0.8708812773227692,1
SAOUHSC_02189,SAOUHSC_02188,-1,0.9913642,0.9840785,0.98247015,0.9839835,0.9737152,0.99527675,0.9865471,0.9883877,0.9839799,0.9891532,0.9858956217765809,1
SAOUHSC_02188,SAOUHSC_02187,-1,0.99110234,0.9841789,0.9824241,0.9841707,0.9733362,0.9953553,0.986273,0.98842,0.9841122,0.9891868,0.9858559548854828,1
SAOUHSC_02187,SAOUHSC_02186,-1,0.9913618,0.9840634,0.9824635,0.9839776,0.9736875,0.9952715,0.986529,0.9883882,0.983988,0.9891485,0.9858878970146179,1
SAOUHSC_02186,SAOUHSC_02185,-1,0.9875879,0.9852375,0.9819024,0.9843352,0.96839076,0.99535847,0.9820593,0.9879492,0.98450786,0.9890188,0.9846347391605377,1
SAOUHSC_02185,SAOUHSC_02184,-1,0.9927368,0.99370015,0.99221396,0.9949974,0.9908276,0.9953919,0.9947747,0.9882364,0.98469424,0.9874362,0.9915009379386902,1
SAOUHSC_02184,SAOUHSC_02183,-1,0.20500208,0.21048634,0.22034146,0.14090078,0.27962708,0.34066352,0.07827646,0.10804403,0.21950555,0.16648108,0.19693283811211587,0
SAOUHSC_02183,SAOUHSC_02182,-1,0.9724413,0.96694237,0.9508593,0.96536267,0.96277076,0.943897,0.98847973,0.9808833,0.9522533,0.98089796,0.9664787709712982,1
SAOUHSC_02182,SAOUHSC_02181,-1,0.99203575,0.9838208,0.98293245,0.98084414,0.9736045,0.9930271,0.9859254,0.986947,0.9826439,0.98739505,0.9849176049232483,1
SAOUHSC_02181,SAOUHSC_02180,-1,0.9769994,0.94218695,0.92466366,0.96868336,0.95740044,0.91247994,0.9674143,0.9583385,0.95994395,0.9312148,0.9499325335025788,1
SAOUHSC_02180,SAOUHSC_02179,-1,0.98163116,0.970557,0.9806177,0.97496706,0.9619446,0.9898136,0.9708966,0.97351354,0.962546,0.9849333,0.9751420557498932,1
SAOUHSC_02179,SAOUHSC_02178,-1,0.9340143,0.9767207,0.97776115,0.991322,0.95890665,0.9766628,0.9861084,0.9771016,0.9673632,0.960645,0.9706605851650238,1
SAOUHSC_02178,SAOUHSC_02177,-1,0.80491877,0.64074075,0.9083123,0.46302366,0.82573646,0.7982467,0.77990013,0.6840889,0.5064669,0.7503881,0.716182267665863,1
SAOUHSC_02177,SAOUHSC_02176,-1,0.05832107,0.1768419,0.13484202,0.043155275,0.058474973,0.09936177,0.11504319,0.09759372,0.039634515,0.12180411,0.09450725466012955,0
SAOUHSC_02176,SAOUHSC_02174,-1,0.11577326,0.06067261,0.03490157,0.012557463,0.052749548,0.21346082,0.14366679,0.054640446,0.049411234,0.043468785,0.07813025237992406,0
SAOUHSC_02174,SAOUHSC_02173,-1,0.9804122,0.97153366,0.9778478,0.98661953,0.9688786,0.968234,0.9861489,0.9871869,0.9667789,0.9791875,0.9772827982902527,1
SAOUHSC_02173,SAOUHSC_02171,-1,0.6279142,0.7134589,0.37649378,0.1980214,0.4266637,0.56373733,0.33082512,0.81144476,0.43417767,0.55877334,0.5041510179638863,1
SAOUHSC_02171,SAOUHSC_02170,-1,0.043804854,0.024941728,0.21834697,0.13312815,0.23960257,0.13986503,0.17158528,0.048216864,0.07907283,0.11245434,0.12110186070203781,0
SAOUHSC_02170,SAOUHSC_02167,-1,0.0049420195,0.029324757,0.019602144,0.0058369166,0.0071362928,0.012274717,0.011474338,0.010777641,0.0021004865,0.005554672,0.010902398475445807,0
SAOUHSC_02167,SAOUHSC_02161,-1,0.26601595,0.4919738,0.59133345,0.11021548,0.1075097,0.33916607,0.32335994,0.25598788,0.039518267,0.06461296,0.25896934866905214,0
SAOUHSC_02161,SAOUHSC_02160,-1,0.98549926,0.9785214,0.9918005,0.98662704,0.9617491,0.9869383,0.99773526,0.969569,0.9684115,0.9890913,0.9815942645072937,1
SAOUHSC_02160,SAOUHSC_02157,-1,0.0020989012,0.0011752129,0.0024239616,0.00067745947,0.0025405528,0.008545979,0.0006181941,0.0012648989,0.0017571569,0.00016730379,0.00212696206435794,0
SAOUHSC_02157,SAOUHSC_02156,-1,0.028273223,0.040790386,0.027379332,0.013816634,0.015313385,0.067819394,0.0102372505,0.021942552,0.024317771,0.015299329,0.026518925745040178,0
SAOUHSC_02156,SAOUHSC_02155,-1,0.124478914,0.08615407,0.20774402,0.09810733,0.14208134,0.26664233,0.072790354,0.10855949,0.16925155,0.07003583,0.13458452224731446,0
SAOUHSC_02155,SAOUHSC_02154,-1,0.9871542,0.98125714,0.9792956,0.98221314,0.9599066,0.99322546,0.97439486,0.98583275,0.9843764,0.9873939,0.9815050005912781,1
SAOUHSC_02154,SAOUHSC_02153,-1,0.9908957,0.9799489,0.9804982,0.9820401,0.9665706,0.99348056,0.9786287,0.98581547,0.9851035,0.9871394,0.9830121099948883,1
SAOUHSC_02153,SAOUHSC_02152,-1,0.9898317,0.9702774,0.9760734,0.97827464,0.9545144,0.9865459,0.9675193,0.9850308,0.9838168,0.9831796,0.9775063931941986,1
SAOUHSC_02152,SAOUHSC_02151,-1,0.9910512,0.9778488,0.97934175,0.98097235,0.9636886,0.9913401,0.9776612,0.98568654,0.98572904,0.98566806,0.9818987667560577,1
SAOUHSC_02151,SAOUHSC_02149,-1,0.007539317,0.010429045,0.011177071,0.008857284,0.014352038,0.022104092,0.018893136,0.006095309,0.008236324,0.0015781502,0.010926176595967263,0
SAOUHSC_02149,SAOUHSC_02148,-1,0.8849641,0.92857146,0.9548517,0.9740044,0.9015484,0.94342124,0.9515539,0.92610043,0.9244348,0.95939887,0.934884923696518,1
SAOUHSC_02148,SAOUHSC_02147,-1,0.9890462,0.97711366,0.9798986,0.98077416,0.95906824,0.991469,0.9715963,0.9872564,0.98541445,0.9851076,0.9806744635105134,1
SAOUHSC_02147,SAOUHSC_02145,-1,0.0077637825,0.051139563,0.14529108,0.04508721,0.013795838,0.04162619,0.04382588,0.03156989,0.0039304625,0.0041780476,0.03882079389877617,0
SAOUHSC_02145,SAOUHSC_02143,-1,0.0019714565,0.0077086934,0.0032182657,0.00047705809,0.0021409201,0.0097304005,0.003957809,0.002889512,0.00590425,0.0041327965,0.004213116175378673,0
SAOUHSC_02143,SAOUHSC_02141,-1,0.01433978,0.008276861,0.0051032044,0.011775857,0.0071795047,0.060780633,0.0055270283,0.0025174934,0.018318221,0.0011228924,0.013494147593155504,0
SAOUHSC_02141,SAOUHSC_02138,-1,0.0005719603,0.002256479,0.0027214058,0.0029249806,0.0041467864,0.010644595,0.0012839988,0.0015371647,0.0013158508,0.00047971754,0.00278829391754698,0
SAOUHSC_02138,SAOUHSC_02137,-1,0.9503647,0.9785135,0.97702235,0.9771684,0.962297,0.98420024,0.9760092,0.9807676,0.97565293,0.9720763,0.9734072208404541,1
SAOUHSC_02137,SAOUHSC_02133,-1,0.017218433,0.03740184,0.025490887,0.013703971,0.03954424,0.061602417,0.01673902,0.016721575,0.013625769,0.009068975,0.02511171279475093,0
SAOUHSC_02133,nadE,-1,0.9911397,0.97354394,0.97187364,0.97010124,0.95605946,0.9836044,0.9833486,0.9810936,0.98118347,0.9769788,0.9768926799297333,1
nadE,SAOUHSC_02131,-1,0.5853544,0.5419393,0.5769717,0.39070368,0.56949115,0.8159934,0.6358968,0.46924573,0.6139286,0.4803731,0.5679897934198379,1
SAOUHSC_02131,SAOUHSC_02130,-1,0.9914172,0.98145235,0.97043353,0.9769485,0.9604689,0.9872962,0.9868844,0.9764235,0.9780981,0.97769123,0.9787113964557648,1
SAOUHSC_02130,SAOUHSC_02126,-1,0.0018199926,0.017190658,0.0119014885,0.0037237213,0.00606929,0.0055286717,0.01683829,0.008176874,0.0031590473,0.0016476326,0.007605566561687737,0
SAOUHSC_02126,SAOUHSC_02125,-1,0.8610908,0.9306217,0.9443486,0.9520378,0.8984028,0.9518626,0.97428936,0.9079977,0.9185573,0.91709083,0.9256299436092377,1
SAOUHSC_02125,SAOUHSC_02124,-1,0.32640478,0.18401028,0.42804953,0.046395794,0.1586148,0.39806294,0.21089984,0.17486404,0.104999065,0.28487015,0.23171712309122086,0
SAOUHSC_02124,SAOUHSC_02123,-1,0.98265725,0.9686367,0.97401273,0.9781446,0.9317797,0.98327476,0.9483734,0.9822409,0.9836745,0.98187095,0.9714665472507477,1
SAOUHSC_02123,SAOUHSC_02122,-1,0.98482764,0.9681514,0.9820149,0.9875287,0.95688444,0.981364,0.9955089,0.9767647,0.978995,0.9872461,0.9799285769462586,1
SAOUHSC_02122,SAOUHSC_02121,-1,0.9929424,0.98975194,0.99632627,0.9969694,0.97776103,0.98537904,0.9981496,0.99142575,0.98028827,0.9891769,0.9898170590400696,1
SAOUHSC_02121,gatC,-1,0.021344006,0.058453467,0.044215288,0.012945541,0.0247037,0.059059523,0.013550997,0.023107318,0.01185926,0.0059322566,0.027517135627567767,0
gatC,gatA,-1,0.9784635,0.97528005,0.9776384,0.98542064,0.95077586,0.9399111,0.98825645,0.9859885,0.95639896,0.98229104,0.9720424532890319,1
gatA,gatB,-1,0.9887176,0.9791256,0.98947525,0.98806286,0.9610618,0.97617185,0.9910006,0.97090185,0.9763963,0.9834178,0.9804331541061402,1
gatB,SAOUHSC_02115,-1,0.8909506,0.7954316,0.89910936,0.7473062,0.81939054,0.918617,0.82226837,0.7304636,0.7359437,0.7354671,0.8094948112964631,1
SAOUHSC_02115,SAOUHSC_02114,-1,0.028481396,0.060099144,0.020289917,0.0033925006,0.04057697,0.07651974,0.023726625,0.06374202,0.04562303,0.031488895,0.039394023804925384,0
SAOUHSC_02114,SAOUHSC_02113,-1,0.8299559,0.7030707,0.8787879,0.5613557,0.5347741,0.6762146,0.7000988,0.3995316,0.70070165,0.36737028,0.6351861208677292,1
SAOUHSC_02113,SAOUHSC_02112,-1,0.77679616,0.9458953,0.8778851,0.8911091,0.8929068,0.92900205,0.9614188,0.81212044,0.9493755,0.8172732,0.8853782474994659,1
SAOUHSC_02112,SAOUHSC_02111,-1,0.331399,0.56921256,0.93590695,0.48652306,0.5833737,0.54607016,0.7580285,0.53421754,0.2695414,0.45460325,0.5468876153230667,1
SAOUHSC_02111,SAOUHSC_02109,-1,0.048386723,0.030959938,0.052651588,0.018176246,0.03167855,0.13575551,0.05089317,0.051869523,0.030827876,0.008020442,0.04592195637524128,0
SAOUHSC_02109,SAOUHSC_02107,-1,0.0019243686,0.008004706,0.0041697314,0.0018874183,0.009192012,0.011220009,0.00178414,0.002765984,0.0030839166,0.00094731804,0.004497960465960205,0
SAOUHSC_02107,SAOUHSC_02106,-1,0.9904046,0.98974,0.98150516,0.9854661,0.96967244,0.9902738,0.9927826,0.98284674,0.9884557,0.98902076,0.9860167920589447,1
SAOUHSC_02106,SAOUHSC_02105,-1,0.34818497,0.56752557,0.80565965,0.34928378,0.4400574,0.54796696,0.5492473,0.22278987,0.2319003,0.3231378,0.4385753616690636,0
SAOUHSC_02105,SAOUHSC_02104,-1,0.89531976,0.9202965,0.9651636,0.9706873,0.9160805,0.92436314,0.8970377,0.9743481,0.9084776,0.96828294,0.9340057134628296,1
SAOUHSC_02104,SAOUHSC_02102,-1,0.0021643457,0.010463925,0.0077808704,0.0034119405,0.008798716,0.012874973,0.0054577165,0.0046254126,0.0030603805,0.0016991122,0.006033739226404577,0
SAOUHSC_02102,SAOUHSC_02101,-1,0.39573324,0.28100747,0.26971987,0.11236495,0.31647673,0.6215661,0.58113664,0.31482908,0.25367,0.3730272,0.3519531309604645,0
SAOUHSC_02101,SAOUHSC_02100,-1,0.9776428,0.9666075,0.97678095,0.9920555,0.9300077,0.9539994,0.9877467,0.97047067,0.9681165,0.9783362,0.9701763927936554,1
SAOUHSC_02100,SAOUHSC_02099,-1,0.9883041,0.9700351,0.97204834,0.9799,0.941525,0.98320925,0.9665999,0.98070717,0.9829127,0.9812754,0.9746516883373261,1
SAOUHSC_02099,SAOUHSC_02098,-1,0.99112976,0.9779342,0.975851,0.9775917,0.9577861,0.98703456,0.9793179,0.98244363,0.98392886,0.9796173,0.9792634963989257,1
SAOUHSC_02098,SAOUHSC_02093,-1,0.00012094681,0.00040965632,0.00027247085,0.00044151823,0.0008060345,0.003161992,0.00022964989,0.00022677316,0.000557245,7.372634e-05,0.0006300013017607852,0
SAOUHSC_02093,SAOUHSC_02092,-1,0.96403813,0.93254447,0.89562005,0.94292974,0.91174436,0.90778357,0.80987436,0.96902466,0.930543,0.9419648,0.9206067144870758,1
SAOUHSC_02092,SAOUHSC_02091,-1,0.8271515,0.87988794,0.94601357,0.836912,0.88674784,0.8687025,0.97262585,0.8250026,0.78087616,0.9236804,0.8747600317001343,1
SAOUHSC_02091,SAOUHSC_02088,-1,0.0005061964,0.0034021968,0.000805075,7.63826e-05,0.0009640501,0.004000267,0.0010023,0.0013649662,0.0026453035,0.00036711094,0.0015133848479308653,0
SAOUHSC_02088,SAOUHSC_02083,-1,6.905845e-05,0.00048914604,0.0004437833,8.52837e-05,0.00086709735,0.0024780051,0.00025691357,0.00023299787,0.0006195779,2.8620409e-05,0.0005570483699557371,0
SAOUHSC_02083,SAOUHSC_02081,-1,0.97011244,0.7399469,0.91566056,0.7524484,0.7202308,0.91296494,0.9259173,0.80833495,0.7754378,0.9326215,0.845367556810379,1
SAOUHSC_02081,SAOUHSC_02080,-1,0.7364826,0.8266038,0.65829474,0.637158,0.4900769,0.6846009,0.44081363,0.88470644,0.50636435,0.58997923,0.6455080538988114,1
SAOUHSC_02080,SAOUHSC_02079,-1,0.99080676,0.98085046,0.9792984,0.9767509,0.9670428,0.99032176,0.9783199,0.98254234,0.9824972,0.9844764,0.9812906920909882,1
SAOUHSC_02079,SAOUHSC_02078,-1,0.9903719,0.98702645,0.9875241,0.99518293,0.9890891,0.99224615,0.99689454,0.9826482,0.98841125,0.9838799,0.9893274486064911,1
SAOUHSC_02078,SAOUHSC_02077,-1,0.8618292,0.9471226,0.9458863,0.95482093,0.9268652,0.91986936,0.94915086,0.91128653,0.9134166,0.91236,0.9242607653141022,1
SAOUHSC_02077,SAOUHSC_02076,-1,0.99208295,0.9827227,0.9809978,0.9829894,0.9705153,0.99360317,0.9844714,0.9871354,0.98348266,0.987743,0.9845743775367737,1
SAOUHSC_02076,SAOUHSC_02074,-1,0.087504625,0.053196806,0.014574234,0.021756863,0.04276784,0.21297792,0.021043736,0.024546575,0.033797853,0.031833936,0.05440003862604499,0
SAOUHSC_02074,SAOUHSC_02073,-1,0.9032406,0.90302,0.91731566,0.9028645,0.8310412,0.86271375,0.8764396,0.7488355,0.87540346,0.8896798,0.8710554122924805,1
SAOUHSC_02073,SAOUHSC_02072,-1,0.990353,0.9844973,0.98231167,0.9844686,0.9723169,0.99548197,0.9854672,0.98841715,0.98433506,0.9892182,0.9856867015361785,1
SAOUHSC_02072,SAOUHSC_02071,-1,0.43933314,0.58801395,0.7385171,0.90721464,0.6076584,0.57885194,0.42981476,0.2980797,0.4232296,0.40251055,0.5413223773241043,1
SAOUHSC_02071,SAOUHSC_02070,-1,0.9552709,0.93511826,0.9119216,0.97107327,0.95581204,0.9150158,0.88077235,0.9718622,0.9381439,0.9363438,0.9371334135532379,1
SAOUHSC_02070,SAOUHSC_02069,-1,0.99010324,0.9760066,0.98052436,0.98176754,0.9553389,0.9922323,0.9719375,0.9845677,0.9890346,0.9838837,0.9805396437644959,1
SAOUHSC_02069,SAOUHSC_02068,-1,0.99215686,0.98413694,0.9829999,0.98149914,0.97510487,0.994278,0.98737234,0.98759556,0.98240197,0.98845196,0.9855997562408447,1
SAOUHSC_02068,SAOUHSC_02067,-1,0.98534197,0.9858505,0.98190075,0.98406786,0.965964,0.9951573,0.97987217,0.98759216,0.98442453,0.98896205,0.9839133322238922,1
SAOUHSC_02067,SAOUHSC_02066,-1,0.990837,0.9863188,0.9835069,0.978734,0.97468495,0.9928116,0.98669106,0.98610866,0.97756606,0.98718715,0.9844446241855621,1
SAOUHSC_02066,SAOUHSC_02065,-1,0.91356105,0.87189305,0.5928195,0.7041879,0.3668876,0.77995247,0.5427783,0.9040948,0.69242334,0.1401505,0.6508748576045036,1
SAOUHSC_02065,SAOUHSC_02064,-1,0.5170728,0.58015394,0.81313825,0.24005128,0.22130466,0.58903474,0.6856271,0.41268742,0.13504475,0.11415551,0.4308270446956158,0
SAOUHSC_02064,SAOUHSC_02063,-1,0.97286546,0.9823049,0.9477916,0.98910105,0.9634503,0.96766716,0.99261934,0.93268746,0.9580551,0.9697785,0.9676320791244507,1
SAOUHSC_02063,SAOUHSC_02062,-1,0.9901352,0.98407745,0.98184717,0.98414004,0.97097695,0.99524873,0.9843718,0.98804176,0.98443896,0.98891574,0.9852193772792817,1
SAOUHSC_02062,SAOUHSC_02061,-1,0.990496,0.98293334,0.98095196,0.9834756,0.9691453,0.99452674,0.98288053,0.9873825,0.9844864,0.98837864,0.9844657003879547,1
SAOUHSC_02061,SAOUHSC_02060,-1,0.99174744,0.98259467,0.9817067,0.9824452,0.9718815,0.9941224,0.9846407,0.9872397,0.98405284,0.9881395,0.9848570644855499,1
SAOUHSC_02060,SAOUHSC_02059,-1,0.93951416,0.92819864,0.9879777,0.9438412,0.89322203,0.95383954,0.9806224,0.8796163,0.89480156,0.9522921,0.935392564535141,1
SAOUHSC_02059,SAOUHSC_02058,-1,0.9913573,0.98405623,0.98244566,0.9839588,0.97366226,0.99526596,0.9865073,0.9883627,0.98397696,0.989139,0.9858732223510742,1
SAOUHSC_02058,SAOUHSC_02057,-1,0.98834294,0.9846663,0.9818117,0.9843548,0.96814585,0.9951311,0.9817891,0.98784703,0.98469764,0.9888294,0.9845615804195404,1
SAOUHSC_02057,SAOUHSC_02056,-1,0.97161156,0.8171486,0.93894047,0.62022537,0.64247537,0.9203215,0.9616183,0.95207655,0.8331129,0.9114908,0.8569021463394165,1
SAOUHSC_02056,SAOUHSC_02055,-1,0.9917021,0.9830944,0.9816773,0.9828001,0.9722169,0.9944692,0.98520637,0.9874363,0.98385555,0.9883671,0.9850825309753418,1
SAOUHSC_02055,SAOUHSC_02054,-1,0.99143016,0.9838837,0.9820403,0.98475105,0.9712301,0.9946515,0.98418206,0.98803246,0.98464084,0.98865855,0.9853500664234162,1
SAOUHSC_02054,SAOUHSC_02053,-1,0.9915616,0.9830256,0.9815351,0.9835184,0.97026765,0.9941487,0.9842048,0.9872695,0.984068,0.9881957,0.9847795069217682,1
SAOUHSC_02053,SAOUHSC_02052,-1,0.9917244,0.9828368,0.982727,0.98376155,0.9728271,0.994099,0.98341405,0.98789364,0.9857578,0.9882004,0.9853241741657257,1
SAOUHSC_02052,SAOUHSC_02051,-1,0.86737615,0.94470644,0.9145452,0.94995826,0.94380015,0.9158874,0.9542741,0.97194964,0.9300662,0.9447695,0.9337333083152771,1
SAOUHSC_02051,SAOUHSC_02050,-1,0.29881176,0.39750177,0.50463134,0.13946687,0.33064547,0.5845453,0.51177466,0.58707994,0.3645724,0.18144225,0.39004717767238617,0
SAOUHSC_02050,SAOUHSC_02049,-1,0.9863563,0.9829547,0.98220474,0.98409134,0.9628833,0.9943614,0.9740757,0.9870893,0.9864737,0.9876967,0.9828187108039856,1
SAOUHSC_02049,SAOUHSC_02048,-1,0.9879923,0.97981834,0.9939206,0.9859914,0.96226615,0.96260935,0.9984282,0.98979455,0.97255653,0.99162346,0.9825000941753388,1
SAOUHSC_02048,SAOUHSC_02047,-1,0.99163204,0.98955417,0.9919861,0.9867121,0.97480786,0.98824036,0.99746704,0.98309606,0.981369,0.9909083,0.9875773072242737,1
SAOUHSC_02047,SAOUHSC_02046,-1,0.6380346,0.62946725,0.6204798,0.7863841,0.76394165,0.85180134,0.8135917,0.71330655,0.58089244,0.8694059,0.7267305374145507,1
SAOUHSC_02046,SAOUHSC_02044,-1,0.7150948,0.6488271,0.88065356,0.7116316,0.6229595,0.7410364,0.70994395,0.54669946,0.2261499,0.8585948,0.6661591038107872,1
SAOUHSC_02044,SAOUHSC_02043,-1,0.9803775,0.93065697,0.9842331,0.96835196,0.9536784,0.91743004,0.99199367,0.9583095,0.9086775,0.87959313,0.9473301768302917,1
SAOUHSC_02043,SAOUHSC_02042,-1,0.9625351,0.9888911,0.9896686,0.98855233,0.98833567,0.9908046,0.9962861,0.9866635,0.98217916,0.94702893,0.9820945143699646,1
SAOUHSC_02042,SAOUHSC_02041,-1,0.9932505,0.9932743,0.9962222,0.9964532,0.98974556,0.9914622,0.99813265,0.9939714,0.98916394,0.9883159,0.9929991781711578,1
SAOUHSC_02041,SAOUHSC_02040,-1,0.9913407,0.9761766,0.9723494,0.97816724,0.9594583,0.9868089,0.9790854,0.9829988,0.9801806,0.9836966,0.9790262520313263,1
SAOUHSC_02040,SAOUHSC_02038,-1,0.9901602,0.97898394,0.9792446,0.9829509,0.9622671,0.992776,0.9817552,0.98391044,0.9877401,0.98526096,0.9825049459934234,1
SAOUHSC_02038,SAOUHSC_02037,-1,0.9819544,0.9871476,0.9915891,0.99412256,0.97843736,0.98837554,0.9949128,0.98690885,0.98833966,0.977949,0.9869736969470978,1
SAOUHSC_02037,SAOUHSC_02036,-1,0.97504544,0.95902777,0.9692641,0.958526,0.9494892,0.9641252,0.90661454,0.8992526,0.96503127,0.8051314,0.9351507484912872,1
SAOUHSC_02036,SAOUHSC_02035,-1,0.7567155,0.5085895,0.7272735,0.3900103,0.66954273,0.8590028,0.86151785,0.69594824,0.55670166,0.76779336,0.6793095469474792,1
SAOUHSC_02035,SAOUHSC_02034,-1,0.9485399,0.929366,0.98496056,0.9891715,0.93103606,0.95650274,0.9860686,0.97579867,0.9479112,0.97276807,0.9622123301029205,1
SAOUHSC_02034,SAOUHSC_02033,-1,0.9908496,0.9862227,0.9875073,0.9908608,0.98246473,0.97205114,0.989152,0.9868668,0.9855536,0.9830973,0.9854625999927521,1
SAOUHSC_02033,SAOUHSC_02031,-1,0.9878281,0.99106157,0.990016,0.9876115,0.9758188,0.98400366,0.99326813,0.9847999,0.9818475,0.98829204,0.9864547193050385,1
SAOUHSC_02031,SAOUHSC_02030,-1,0.98770326,0.9845973,0.98877794,0.9925714,0.96738154,0.9741312,0.9931399,0.9848718,0.9837843,0.98669326,0.9843652009963989,1
SAOUHSC_02030,SAOUHSC_02029,-1,0.9825875,0.96676195,0.9783228,0.96369433,0.948853,0.9547409,0.9715402,0.9738953,0.96410465,0.9780171,0.9682517766952514,1
SAOUHSC_02029,SAOUHSC_02028,-1,0.99029386,0.97390544,0.97591305,0.97613347,0.9556529,0.9885527,0.972329,0.98298925,0.9847749,0.98261833,0.9783162891864776,1
SAOUHSC_02028,SAOUHSC_02027,-1,0.9912985,0.9833936,0.98219264,0.9758338,0.9751243,0.98972243,0.9854705,0.9859431,0.98104423,0.9846365,0.983465951681137,1
SAOUHSC_02027,SAOUHSC_02026,-1,0.98819166,0.92437863,0.9209689,0.9438673,0.8778058,0.988383,0.99010485,0.972146,0.9424539,0.93847793,0.9486778020858765,1
SAOUHSC_02026,SAOUHSC_02025,-1,0.6807339,0.7091793,0.76829267,0.89941645,0.746659,0.78561085,0.6797314,0.6714086,0.6285637,0.91246873,0.7482064604759217,1
SAOUHSC_02025,SAOUHSC_02023,-1,0.9544137,0.97632444,0.94389206,0.9935945,0.9480783,0.95212215,0.9798034,0.970661,0.94886285,0.96519786,0.9632950246334075,1
SAOUHSC_02023,SAOUHSC_02022,-1,0.99198395,0.99009687,0.9841282,0.9894078,0.9790207,0.984779,0.9964188,0.9821795,0.98275375,0.9907224,0.9871490955352783,1
SAOUHSC_02022,SAOUHSC_02021,-1,0.9902137,0.9785529,0.99519795,0.9934403,0.97634417,0.9905379,0.9987144,0.9863909,0.97804475,0.99007875,0.9877515614032746,1
SAOUHSC_02021,SAOUHSC_02020,-1,0.8664432,0.7628151,0.89304376,0.66506463,0.49066088,0.86144435,0.86811095,0.6003913,0.2925327,0.37941188,0.6679918825626373,1
SAOUHSC_02020,SAOUHSC_02019,-1,0.98496914,0.9806853,0.9797312,0.98235583,0.9541549,0.99061835,0.9673003,0.98627543,0.98430574,0.9870242,0.9797420382499695,1
SAOUHSC_02019,SAOUHSC_02018,-1,0.39189345,0.30535224,0.68311006,0.074658036,0.3052334,0.49534282,0.58779484,0.29958522,0.2547697,0.85056525,0.4248305022716522,0
SAOUHSC_02018,SAOUHSC_02017,-1,0.18501201,0.14663666,0.0353617,0.24582903,0.13957006,0.23066099,0.15550068,0.09330161,0.1721334,0.17362043,0.15776265785098076,0
SAOUHSC_02017,SAOUHSC_02016,-1,0.98952824,0.98477197,0.9825068,0.98489285,0.9708172,0.995442,0.9840852,0.98839843,0.98480105,0.9891749,0.9854418635368347,1
SAOUHSC_02016,SAOUHSC_02014,-1,0.00096531166,0.008248981,0.003534638,0.0006453028,0.0023687978,0.009574278,0.0004507326,0.0020647785,0.0006804528,0.00034902524,0.002888229879317805,0
SAOUHSC_02014,SAOUHSC_02013,-1,0.27575725,0.35726163,0.3356133,0.35021192,0.39168495,0.44035012,0.33622643,0.44934398,0.3131208,0.4422305,0.36918008923530576,0
SAOUHSC_02013,SAOUHSC_02012,-1,0.48652232,0.66969514,0.8171471,0.2367798,0.40814385,0.78038055,0.749605,0.4189713,0.08349072,0.37983152,0.5030567266047001,1
SAOUHSC_02012,recX,-1,0.29688537,0.42828128,0.58381164,0.13832402,0.3204592,0.43347237,0.74449664,0.28508866,0.16032599,0.3115198,0.3702664956450462,0
recX,SAOUHSC_02010,-1,0.9892617,0.96533686,0.9922083,0.9913173,0.9675881,0.9843165,0.9925541,0.9845217,0.9810407,0.98884046,0.9836985766887665,1
SAOUHSC_02010,SAOUHSC_02009,-1,0.9487137,0.9089802,0.8122463,0.87402076,0.8981552,0.89165115,0.9380917,0.8971691,0.92815214,0.91985166,0.9017031967639924,1
SAOUHSC_02009,SAOUHSC_02008,-1,0.9912031,0.99156964,0.9883043,0.9886898,0.97569966,0.98768824,0.99664605,0.9872056,0.9836885,0.9911046,0.9881799519062042,1
SAOUHSC_02008,SAOUHSC_02005,-1,0.006901701,0.006879997,0.0013710989,0.0029916954,0.006303519,0.017839447,0.0031607358,0.0037675467,0.008395446,0.00157777,0.005918895697686821,0
SAOUHSC_02005,SAOUHSC_02004,-1,0.50327945,0.6280545,0.6825907,0.22831988,0.38092503,0.5041823,0.4211598,0.3903283,0.1796101,0.4483475,0.4366797566413879,0
SAOUHSC_02004,SAOUHSC_02003,-1,0.37331876,0.42122993,0.51615953,0.48195478,0.42144012,0.54284114,0.33809158,0.38985732,0.31124273,0.4664191,0.42625550031661985,0
SAOUHSC_02003,SAOUHSC_02002,-1,0.9858519,0.98108995,0.98931456,0.9917701,0.9412153,0.9854527,0.99765056,0.970188,0.9684726,0.9869431,0.9797948777675629,1
SAOUHSC_02002,SAOUHSC_01999,-1,0.000122911,0.00051527575,0.00022263976,0.00010195832,0.00081731926,0.0020237986,0.00032304693,0.00022410142,0.000515997,9.764303e-05,0.0004964691128407139,0
SAOUHSC_01999,SAOUHSC_01998,-1,0.97444516,0.8526325,0.9774943,0.87607723,0.84990346,0.8899216,0.9767726,0.9672946,0.9394195,0.8852801,0.9189241051673889,1
SAOUHSC_01998,SAOUHSC_01997,-1,0.6613628,0.6623187,0.83170915,0.6186235,0.75665224,0.70162994,0.82979786,0.7636666,0.62511694,0.8555511,0.7306428909301758,1
SAOUHSC_01997,SAOUHSC_R0003,-1,0.11824547,0.11179604,0.25888038,0.0045363316,0.05307189,0.106725596,0.13921428,0.057665266,0.024387315,0.056980245,0.09315028013661504,0
SAOUHSC_R0003,SAOUHSC_T00028,-1,0.1492602,0.09111615,0.04514635,0.04759228,0.045951743,0.087455854,0.021815231,0.08158319,0.1012111,0.036388204,0.0707520293071866,0
SAOUHSC_T00028,SAOUHSC_T0003,-1,0.9502878,0.9353008,0.96389246,0.9787573,0.9281729,0.9587711,0.9701876,0.9433729,0.94804394,0.9810334,0.955782026052475,1
SAOUHSC_T0003,SAOUHSC_R0008,-1,0.18230467,0.22237515,0.32840458,0.12802376,0.27578902,0.2640015,0.41379973,0.125994,0.10282555,0.174394,0.22179119437932968,0
SAOUHSC_R0008,SAOUHSC_R00013,-1,0.6901843,0.8313542,0.7670157,0.8911065,0.6857347,0.70529026,0.7481673,0.634063,0.82154906,0.8215078,0.7595972776412964,1
SAOUHSC_R00013,SAOUHSC_T00060,-1,0.69122285,0.75466114,0.26256174,0.19965756,0.2150133,0.59234136,0.36762902,0.6718955,0.42839846,0.10758745,0.4290968380868435,0
SAOUHSC_T00060,SAOUHSC_T00055,-1,0.90329856,0.88620675,0.9217106,0.9691975,0.87652355,0.92811745,0.94486094,0.927991,0.9164755,0.97554255,0.924992436170578,1
SAOUHSC_T00055,SAOUHSC_T00036,-1,0.976651,0.9663611,0.9780552,0.9846107,0.96054107,0.96675664,0.98013574,0.96420544,0.96689576,0.9886971,0.9732909739017487,1
SAOUHSC_T00036,SAOUHSC_T00033,-1,0.9900935,0.99377996,0.9814821,0.99139786,0.98731315,0.99160206,0.9938225,0.9856181,0.988598,0.99051195,0.9894219219684601,1
SAOUHSC_T00033,SAOUHSC_T00024,-1,0.96524525,0.9797648,0.9923275,0.99053544,0.96893936,0.98663366,0.9953157,0.95528126,0.97509277,0.97746086,0.9786596596240997,1
SAOUHSC_T00024,SAOUHSC_T00032,-1,0.9726907,0.97830755,0.9875366,0.9867965,0.96821564,0.9776777,0.98884034,0.98125035,0.9674448,0.9833492,0.9792109370231629,1
SAOUHSC_T00032,SAOUHSC_T0007,-1,0.9538657,0.9515888,0.97582495,0.9722381,0.96433467,0.96329176,0.9768789,0.9705116,0.95737326,0.9641103,0.9650018095970154,1
SAOUHSC_T0007,SAOUHSC_T00045,-1,0.74676913,0.62985367,0.91778326,0.9629957,0.75597894,0.7464764,0.7582103,0.6043011,0.6202888,0.82212514,0.7564782440662384,1
SAOUHSC_T00045,SAOUHSC_T0002,-1,0.970656,0.9676567,0.96981245,0.9782338,0.9572879,0.969772,0.96545553,0.9440996,0.9652582,0.97276884,0.9661000967025757,1
SAOUHSC_T0002,SAOUHSC_T00041,-1,0.9667254,0.97053665,0.9836232,0.9827864,0.977936,0.97975,0.97028035,0.9587574,0.9762484,0.9661393,0.9732783138751984,1
SAOUHSC_T00041,SAOUHSC_T00040,-1,0.9078183,0.75714636,0.7655174,0.85106945,0.889735,0.88541347,0.7632606,0.79718506,0.8598517,0.9555564,0.8432553768157959,1
SAOUHSC_T00040,SAOUHSC_T00052,-1,0.8419878,0.8227323,0.83580935,0.83967865,0.8297944,0.797635,0.6415726,0.6442007,0.7550868,0.8525662,0.7861063778400421,1
SAOUHSC_T00052,SAOUHSC_T00014,-1,0.9835226,0.98131895,0.9833326,0.9886471,0.9725221,0.9810526,0.98822653,0.9680765,0.96973336,0.9789025,0.9795334815979004,1
SAOUHSC_T00014,SAOUHSC_T00051,-1,0.8714822,0.92453486,0.9564481,0.974883,0.9275048,0.9610447,0.9281077,0.9235187,0.92900026,0.9588385,0.9355362832546235,1
SAOUHSC_T00051,SAOUHSC_T00039,-1,0.8743988,0.97584367,0.9628709,0.94725466,0.95415515,0.95196587,0.98273605,0.96025383,0.9574315,0.9513921,0.95183025598526,1
SAOUHSC_T00039,SAOUHSC_T00013,-1,0.98587316,0.97335386,0.9884433,0.9962215,0.9756027,0.97248745,0.98891383,0.98506016,0.9661295,0.9902896,0.9822375059127808,1
SAOUHSC_T00013,SAOUHSC_T00043,-1,0.9230788,0.959373,0.9549236,0.9533003,0.93402934,0.9541604,0.96319485,0.95535105,0.9412055,0.9547231,0.9493339955806732,1
SAOUHSC_T00043,SAOUHSC_T00054,-1,0.98461974,0.98597765,0.99522954,0.99415636,0.97589463,0.9840234,0.9940368,0.99239403,0.98475647,0.98900014,0.9880088746547699,1
SAOUHSC_T00054,SAOUHSC_T00057,-1,0.96776146,0.9713692,0.97214967,0.9839468,0.9390046,0.9616533,0.98452604,0.96095103,0.96064276,0.9862778,0.9688282668590545,1
SAOUHSC_T00057,SAOUHSC_T00056,-1,0.96562904,0.9638734,0.9728865,0.9821988,0.9411331,0.96792465,0.97887355,0.9596439,0.9622313,0.979397,0.967379117012024,1
SAOUHSC_T00056,SAOUHSC_T00027,-1,0.9883514,0.9822714,0.98337215,0.98863673,0.96141315,0.9813899,0.9853667,0.9754383,0.97905767,0.9881674,0.9813464760780335,1
SAOUHSC_T00027,SAOUHSC_T00016,-1,0.9845626,0.9856146,0.9893563,0.9960334,0.9792306,0.9887052,0.9812926,0.9776071,0.9848025,0.9863781,0.9853582859039307,1
SAOUHSC_T00016,SAOUHSC_T00015,-1,0.9209299,0.9202399,0.9784247,0.9301968,0.92682153,0.9483152,0.90428674,0.91355866,0.93595713,0.9632844,0.9342015027999878,1
SAOUHSC_T00015,SAOUHSC_T00023,-1,0.9673067,0.97474307,0.98385316,0.9907387,0.9718369,0.97492695,0.98148346,0.9782247,0.9738665,0.9806509,0.9777631044387818,1
SAOUHSC_T00023,SAOUHSC_T00031,-1,0.06789503,0.06977705,0.018286012,0.2630202,0.09383032,0.2549298,0.04114079,0.06900487,0.08859804,0.17436516,0.11408472768962383,0
SAOUHSC_T00031,SAOUHSC_01992,-1,0.0031315128,0.010647071,0.01679903,0.0019815867,0.0070439004,0.014897369,0.0037307434,0.0029762334,0.0028954118,0.0004718972,0.0064574755961075425,0
SAOUHSC_01992,SAOUHSC_01991,-1,0.64600885,0.6048109,0.86452436,0.67230475,0.6981304,0.765002,0.90673363,0.5256763,0.4038296,0.5497292,0.6636750072240829,1
SAOUHSC_01991,SAOUHSC_01990,-1,0.9915759,0.9808097,0.97771686,0.98121655,0.96381354,0.9915575,0.9799254,0.98238677,0.9835361,0.9845656,0.9817103922367096,1
SAOUHSC_01990,SAOUHSC_01989,-1,0.65971357,0.6061982,0.75144786,0.43679056,0.6398646,0.73025393,0.69911915,0.31716457,0.501204,0.42386797,0.5765624433755875,1
SAOUHSC_01989,SAOUHSC_01988,-1,0.9946982,0.9913832,0.9955605,0.9970982,0.9911463,0.9933163,0.99965614,0.9941201,0.9807732,0.9933068,0.9931059062480927,1
SAOUHSC_01988,SAOUHSC_01987,-1,0.23771742,0.30198574,0.19422384,0.12246063,0.18572298,0.3101133,0.10247731,0.30085307,0.15755014,0.26468626,0.21777907013893127,0
SAOUHSC_01987,SAOUHSC_01986,-1,0.9749131,0.988812,0.9826425,0.9885507,0.9777499,0.9841875,0.9927685,0.9718805,0.980121,0.97688854,0.9818514287471771,1
SAOUHSC_01986,SAOUHSC_01984,-1,0.0079426635,0.017339855,0.024530262,0.004539173,0.0036480192,0.018821497,0.009036363,0.0059837494,0.0035471118,0.005720713,0.01011094069108367,0
SAOUHSC_01984,fumC,-1,0.7039402,0.80609965,0.45699906,0.3728067,0.6735252,0.6779023,0.31346613,0.65693974,0.68598247,0.6331485,0.5980809956789017,1
fumC,SAOUHSC_01981,-1,0.09554775,0.04097729,0.11295809,0.006358122,0.024549317,0.1000537,0.029537033,0.03453435,0.028154435,0.009898381,0.04825684665702283,0
SAOUHSC_01981,SAOUHSC_01980,-1,0.988017,0.9905406,0.9859452,0.9869272,0.9769385,0.9884127,0.9932866,0.9818398,0.9880624,0.9915319,0.9871501922607422,1
SAOUHSC_01980,SAOUHSC_01979,-1,0.17894408,0.4585487,0.55628395,0.09388058,0.20981129,0.36164325,0.30553633,0.1597963,0.19811301,0.28875026,0.2811307743191719,0
SAOUHSC_01979,SAOUHSC_01978,-1,0.637377,0.62955225,0.69575286,0.3395032,0.52304244,0.71218807,0.59147775,0.48275146,0.5624657,0.3843151,0.555842587351799,1
SAOUHSC_01978,SAOUHSC_01977,-1,0.7104519,0.7942725,0.7774702,0.8025258,0.7553677,0.7710643,0.6892449,0.7609844,0.70348334,0.84807974,0.7612944781780243,1
SAOUHSC_01977,SAOUHSC_01976,-1,0.12362458,0.48415798,0.46804902,0.20725195,0.13072884,0.6057146,0.49976918,0.2668818,0.027637348,0.06272879,0.287654410302639,0
SAOUHSC_01976,SAOUHSC_01975,-1,0.14619707,0.2598039,0.10266699,0.044576865,0.14461197,0.26169607,0.066311665,0.35114715,0.24114795,0.25493476,0.18730943687260151,0
SAOUHSC_01975,SAOUHSC_01974,-1,0.9782773,0.9398845,0.9626505,0.9511641,0.9134852,0.95319456,0.96760356,0.97827274,0.97114617,0.9772483,0.9592926979064942,1
SAOUHSC_01974,SAOUHSC_01973,-1,0.9903993,0.947585,0.9663666,0.9392511,0.9691521,0.97101295,0.99070066,0.9786691,0.9754869,0.96206516,0.9690688848495483,1
SAOUHSC_01973,SAOUHSC_01967,-1,0.0004602138,0.0019370746,0.004418028,0.00092009146,0.0009900725,0.0042461534,0.000571426,0.0006983482,0.0011113823,7.390563e-05,0.0015426695928908885,0
SAOUHSC_01967,SAOUHSC_01966,-1,0.98943317,0.9765355,0.9775773,0.9823927,0.9508176,0.9885752,0.9764516,0.9821358,0.986249,0.9822346,0.9792402505874633,1
SAOUHSC_01966,SAOUHSC_01963,-1,0.004524219,0.0084819775,0.006607614,0.0074993186,0.011227343,0.015529455,0.001744212,0.004516695,0.0057218364,0.0014512815,0.006730395182967186,0
SAOUHSC_01963,hemE,-1,0.97024435,0.9520603,0.9675916,0.9556612,0.92494065,0.9550013,0.9506761,0.9848717,0.97094816,0.9803964,0.9612391650676727,1
hemE,hemH,-1,0.9872577,0.9834754,0.98415214,0.989993,0.9660354,0.97933465,0.9883095,0.98317784,0.97501594,0.9926514,0.9829402983188629,1
hemH,SAOUHSC_01960,-1,0.9904412,0.99012977,0.99549574,0.99399084,0.97823244,0.98204356,0.9963058,0.99386376,0.98499477,0.9871081,0.9892606019973755,1
SAOUHSC_01960,SAOUHSC_01958,-1,0.45711643,0.27102995,0.7544683,0.07718181,0.31188,0.52512383,0.61612123,0.3354534,0.26083574,0.42573398,0.40349446758627894,0
SAOUHSC_01958,SAOUHSC_T00038,-1,0.007170745,0.0064981156,0.0056171594,0.003723877,0.003409882,0.022285447,0.020090476,0.0077645504,0.00831854,0.003395539,0.00882743305992335,0
SAOUHSC_T00038,SAOUHSC_T00012,-1,0.8847437,0.8246281,0.88571906,0.95003754,0.82985145,0.92038774,0.9280446,0.9076354,0.89596575,0.9620359,0.8989049255847931,1
SAOUHSC_T00012,SAOUHSC_T00042,-1,0.9753002,0.97592175,0.97836876,0.9765686,0.9690887,0.9819074,0.98141,0.9615469,0.9721519,0.9697656,0.9742029786109925,1
SAOUHSC_T00042,SAOUHSC_T00026,-1,0.97484326,0.95890516,0.989234,0.9843225,0.95101815,0.9818899,0.9840722,0.9766514,0.9724924,0.9827856,0.9756214499473572,1
SAOUHSC_T00026,SAOUHSC_T00022,-1,0.9746722,0.9787873,0.9953527,0.99233276,0.9718341,0.98785245,0.9913387,0.9861452,0.9705717,0.97818726,0.9827074348926544,1
SAOUHSC_T00022,SAOUHSC_T0009,-1,0.92770875,0.92660534,0.9527691,0.9722704,0.9092969,0.9592505,0.97734505,0.94857055,0.9360079,0.9851386,0.9494963109493255,1
SAOUHSC_T0009,SAOUHSC_T00019,-1,0.99369764,0.9939971,0.98979455,0.9952236,0.9899087,0.9934394,0.9968552,0.99191904,0.9906797,0.99211985,0.9927634716033935,1
SAOUHSC_T00019,SAOUHSC_T00050,-1,0.111883976,0.108020626,0.09001614,0.023667008,0.03864015,0.14129785,0.083945975,0.08796396,0.027534688,0.08676596,0.07997363302856683,0
SAOUHSC_T00050,SAOUHSC_01955,-1,8.842628e-05,0.00045241741,0.0006386193,0.00011347185,0.00046939316,0.0021989755,0.00023982745,0.0002605548,0.00059989974,4.100161e-05,0.0005102587132569169,0
SAOUHSC_01955,SAOUHSC_01954,-1,0.9810096,0.9595753,0.96078783,0.9715844,0.9405817,0.94993335,0.99246633,0.943756,0.95652163,0.9625646,0.9618780672550201,1
SAOUHSC_01954,SAOUHSC_01953,-1,0.0044570565,0.032548543,0.04344972,0.0050219456,0.00977953,0.02933601,0.021414908,0.010904062,0.005690012,0.0029022952,0.016550407907925547,0
SAOUHSC_01953,SAOUHSC_01952,-1,0.9502462,0.95256686,0.9772543,0.97020215,0.9173444,0.91767013,0.9471058,0.9139954,0.8571874,0.9114143,0.9314986944198609,1
SAOUHSC_01952,SAOUHSC_01951,-1,0.99208343,0.9836422,0.98260766,0.98106647,0.9738985,0.9938487,0.986441,0.9870256,0.98267233,0.988013,0.9851298928260803,1
SAOUHSC_01951,SAOUHSC_01950,-1,0.9835374,0.86353487,0.96214074,0.9503827,0.95682245,0.9705996,0.9919993,0.95905536,0.97097385,0.95189,0.9560936272144318,1
SAOUHSC_01950,SAOUHSC_01949,-1,0.98041886,0.9625617,0.94398695,0.96832436,0.9545442,0.9515014,0.97980654,0.96356946,0.9492783,0.9828877,0.963687950372696,1
SAOUHSC_01949,SAOUHSC_01948,-1,0.9903981,0.99394816,0.9884451,0.99373674,0.9819146,0.99089354,0.9941956,0.9813404,0.9835119,0.98812324,0.9886507391929626,1
SAOUHSC_01948,SAOUHSC_01947,-1,0.9912101,0.9797014,0.9794433,0.9835278,0.96262974,0.9905862,0.9819798,0.98391384,0.98946536,0.9801461,0.9822603642940522,1
SAOUHSC_01947,SAOUHSC_01945,-1,0.9914486,0.9772171,0.97920114,0.97974193,0.9712017,0.99037886,0.98496693,0.98373085,0.9893401,0.98116964,0.982839685678482,1
SAOUHSC_01945,SAOUHSC_01942,-1,0.0027903933,0.009400038,0.006336562,0.0013956686,0.0019154925,0.00679386,0.00914389,0.0032462755,0.003527623,0.0018313392,0.004638114164117723,0
SAOUHSC_01942,SAOUHSC_01941,-1,0.7788664,0.87973094,0.95270187,0.94330734,0.8283448,0.8572889,0.9131919,0.86542106,0.7790298,0.8902887,0.8688171744346619,1
SAOUHSC_01941,SAOUHSC_01939,-1,0.9857007,0.99015236,0.98762214,0.9949471,0.9702542,0.97851986,0.99516594,0.98947066,0.97874624,0.9806871,0.9851266264915466,1
SAOUHSC_01939,SAOUHSC_01938,-1,0.8424799,0.9092041,0.8815032,0.8725688,0.89163244,0.9551778,0.9511507,0.841177,0.8903715,0.84851044,0.8883775889873504,1
SAOUHSC_01938,SAOUHSC_01936,-1,0.74201226,0.8716652,0.80597633,0.86699486,0.82923144,0.8887403,0.92446667,0.7575345,0.85776305,0.8853416,0.8429726183414459,1
SAOUHSC_01936,SAOUHSC_01935,-1,0.4549314,0.42924124,0.336155,0.08916811,0.5715188,0.6636588,0.4875171,0.42152658,0.33909112,0.43011037,0.422291848808527,0
SAOUHSC_01935,SAOUHSC_01934,-1,0.59807223,0.39949778,0.91355,0.6952268,0.6066267,0.49871224,0.4189235,0.3153581,0.40162686,0.5615528,0.5409147024154664,1
SAOUHSC_01934,SAOUHSC_01933,-1,0.9664979,0.9729381,0.9815043,0.9738849,0.91543174,0.97404665,0.9323509,0.9840567,0.9800524,0.9845759,0.9665339529514313,1
SAOUHSC_01933,SAOUHSC_01932,-1,0.9892161,0.9649475,0.9702513,0.97072893,0.9402725,0.980294,0.9726957,0.9771643,0.98341227,0.9720878,0.9721070468425751,1
SAOUHSC_01932,SAOUHSC_01931,-1,0.40462452,0.29161036,0.36052734,0.2712722,0.26442888,0.2506167,0.19294858,0.09075401,0.14028236,0.14323384,0.24102988019585608,0
SAOUHSC_01931,SAOUHSC_01930,-1,0.79664433,0.62087756,0.41722837,0.6457255,0.65819114,0.68557745,0.67476463,0.63122827,0.71507883,0.39559552,0.6240911602973938,1
SAOUHSC_01930,SAOUHSC_01928,-1,0.00038424387,0.0037400282,0.011984209,0.00064274156,0.0007115789,0.0028597983,0.0038164987,0.0007218733,0.00094629143,0.00012945628,0.002593671911745332,0
SAOUHSC_01928,SAOUHSC_01926,-1,0.2658194,0.49189234,0.2694576,0.68487006,0.5283975,0.7296179,0.4173243,0.5360473,0.33709255,0.47873846,0.47392573952674866,0
SAOUHSC_01926,SAOUHSC_01925,-1,0.97240055,0.9514303,0.9854781,0.9850276,0.9739925,0.9826473,0.99438834,0.9698676,0.94041646,0.987918,0.9743566811084747,1
SAOUHSC_01925,SAOUHSC_01924,-1,0.98430526,0.9485139,0.99175954,0.9873692,0.9273696,0.9833553,0.9932252,0.957825,0.93469894,0.9818961,0.9690318048000336,1
SAOUHSC_01924,SAOUHSC_01923,-1,0.83457035,0.8038243,0.855392,0.97046757,0.8111373,0.88746786,0.7774938,0.82919145,0.8314263,0.9061899,0.8507160842418671,1
SAOUHSC_01923,SAOUHSC_01917,-1,0.00030788776,0.0019454208,0.0007727834,0.00031484597,0.00130606,0.0043830196,0.00031998634,0.00044138316,0.0004889053,9.2849376e-05,0.001037314171117032,0
SAOUHSC_01917,SAOUHSC_01916,-1,0.75120217,0.7487459,0.7969958,0.8579711,0.8757153,0.79769623,0.8795238,0.8086646,0.6620887,0.9530771,0.8131680727005005,1
SAOUHSC_01916,SAOUHSC_01915,-1,0.98849165,0.9837326,0.98611337,0.9913169,0.9626475,0.9756935,0.9922033,0.9835191,0.97926503,0.9880396,0.9831022560596466,1
SAOUHSC_01915,SAOUHSC_01913,-1,0.23272984,0.141234,0.30110013,0.17910475,0.14234903,0.16646226,0.091559455,0.05191616,0.07678838,0.2642646,0.16475086137652398,0
SAOUHSC_01913,SAOUHSC_01912,-1,0.97311825,0.9541374,0.9392671,0.9825,0.9350644,0.9427437,0.95228165,0.9568323,0.95586115,0.9671547,0.9558960616588592,1
SAOUHSC_01912,SAOUHSC_01911,-1,0.058292434,0.050784793,0.1798671,0.07191049,0.019273186,0.08529744,0.095876664,0.035670217,0.03215232,0.03552249,0.06646471451967954,0
SAOUHSC_01911,SAOUHSC_01909,-1,0.006323563,0.0152123915,0.0074082403,0.0030807222,0.013636939,0.020482851,0.005543862,0.0063541858,0.008598508,0.0013417816,0.008798304502852261,0
SAOUHSC_01909,SAOUHSC_01908,-1,0.8638708,0.5155215,0.83571047,0.33664215,0.5158191,0.8479639,0.7778335,0.64573526,0.783908,0.505145,0.6628149747848511,1
SAOUHSC_01908,SAOUHSC_01907,-1,0.7975413,0.72642213,0.8645412,0.26611772,0.5511824,0.7367721,0.62679017,0.5454534,0.5482374,0.29698142,0.5960039258003235,1
SAOUHSC_01907,SAOUHSC_01901,-1,0.0147448275,0.15904583,0.14701837,0.027472818,0.015639529,0.065510765,0.04417166,0.07546284,0.0041290736,0.0023251218,0.05555208395235241,0
SAOUHSC_01901,SAOUHSC_01899,-1,0.05872174,0.15597308,0.11631269,0.025982931,0.028952906,0.15603094,0.18166222,0.07067127,0.008939835,0.031642266,0.08348898673430086,0
SAOUHSC_01899,SAOUHSC_01896,-1,0.0035710742,0.0127860755,0.07887768,0.0069438573,0.0070735137,0.01599986,0.008847079,0.0035975182,0.0055379244,0.003207445,0.014644202659837902,0
SAOUHSC_01896,SAOUHSC_01895,-1,0.19652653,0.5399733,0.38206628,0.15108448,0.23976295,0.4016135,0.17093678,0.2895738,0.123239055,0.1909119,0.26856885850429535,0
SAOUHSC_01895,SAOUHSC_01890,-1,0.0034114753,0.007749382,0.0024586548,0.0009647039,0.003591252,0.014007427,0.0034515085,0.0031547036,0.006525537,0.00084028416,0.004615492810262367,0
SAOUHSC_01890,SAOUHSC_01889,-1,0.5975466,0.558109,0.6140051,0.7691352,0.6663403,0.6860916,0.58296686,0.5557997,0.5831196,0.70339113,0.6316505014896393,1
SAOUHSC_01889,SAOUHSC_01888,-1,0.9918459,0.98905873,0.98863226,0.98880035,0.97549593,0.9881774,0.9983893,0.98170173,0.9823413,0.99085236,0.9875295281410217,1
SAOUHSC_01888,SAOUHSC_01887,-1,0.99269307,0.98271805,0.9923288,0.99312395,0.9742422,0.97914,0.99518466,0.9895722,0.98159534,0.98826426,0.9868862569332123,1
SAOUHSC_01887,ribH,-1,0.9887762,0.98291063,0.9908052,0.98578346,0.97459465,0.98537403,0.99657774,0.9822328,0.9739002,0.97238195,0.9833336889743804,1
ribH,SAOUHSC_01883,-1,0.0017540399,0.0021063038,0.0046392246,0.0016365102,0.003933683,0.0082125785,0.00082248787,0.0021315617,0.002976995,0.00034868706,0.002856207173317671,0
SAOUHSC_01883,SAOUHSC_01882,-1,0.96382064,0.9323096,0.8321434,0.91819406,0.8095137,0.91305506,0.691671,0.95962036,0.92204756,0.90387625,0.8846251666545868,1
SAOUHSC_01882,SAOUHSC_01879,-1,0.05896462,0.5421921,0.49349552,0.18674016,0.08184772,0.23873027,0.2931165,0.15542127,0.0095786415,0.04638605,0.21064728647470474,0
SAOUHSC_01879,SAOUHSC_01876,-1,0.006819364,0.01691681,0.0030860354,0.0010511581,0.007279296,0.040992074,0.0059779272,0.008686335,0.014123297,0.0047519403,0.010968423646409065,0
SAOUHSC_01876,leuS,-1,0.8573272,0.8515287,0.7164651,0.919925,0.7980518,0.8649859,0.73373055,0.8284009,0.85835254,0.9119525,0.8340720176696778,1
leuS,SAOUHSC_01874,-1,0.9830615,0.9933103,0.9827398,0.9847778,0.97747207,0.98238355,0.9912452,0.97839165,0.97902757,0.98943293,0.9841842353343964,1
SAOUHSC_01874,SAOUHSC_01873,-1,0.48581132,0.3126129,0.5693134,0.20509502,0.33868727,0.37191185,0.21391237,0.2365504,0.31797644,0.39228114,0.3444152131676674,0
SAOUHSC_01873,SAOUHSC_01871,-1,0.12691577,0.20763797,0.09024121,0.10862918,0.16634841,0.15324116,0.14429696,0.06899822,0.056211047,0.06277119,0.11852911114692688,0
SAOUHSC_01871,SAOUHSC_01870,-1,0.99125326,0.98577744,0.9745857,0.9814052,0.9612511,0.9887509,0.9895937,0.9785931,0.98208845,0.97838116,0.981167995929718,1
SAOUHSC_01870,SAOUHSC_01869,-1,0.98063886,0.9534471,0.97284114,0.9676065,0.94671786,0.95586,0.97287977,0.9663263,0.96999043,0.9582924,0.964460039138794,1
SAOUHSC_01869,SAOUHSC_01868,-1,0.007236175,0.007235641,0.006727104,0.006193806,0.011786149,0.026050799,0.005585987,0.005292543,0.011055049,0.0015452995,0.008870855183340609,0
SAOUHSC_01868,SAOUHSC_01867,-1,0.9853812,0.97856724,0.9780311,0.989664,0.95503324,0.966165,0.99454665,0.97858226,0.9704254,0.97816116,0.9774557292461395,1
SAOUHSC_01867,SAOUHSC_01866,-1,0.1669153,0.23317032,0.3226888,0.13213888,0.32964215,0.41889805,0.16116703,0.08232507,0.36172816,0.23002176,0.243869549036026,0
SAOUHSC_01866,trmB,-1,0.9862984,0.98769844,0.99117714,0.9921118,0.97156584,0.990586,0.99766177,0.97876644,0.98306173,0.9915838,0.9870511353015899,1
trmB,SAOUHSC_01864,-1,0.8972537,0.61144066,0.80136096,0.27921632,0.4067206,0.8140778,0.5429151,0.52891564,0.52637655,0.2936163,0.5701893627643585,1
SAOUHSC_01864,SAOUHSC_01861,-1,0.23525809,0.29658297,0.108622044,0.14981417,0.25994506,0.2447699,0.14298399,0.16530311,0.1414834,0.22308998,0.19678527116775513,0
SAOUHSC_01861,SAOUHSC_01860,-1,0.8924788,0.95452565,0.95362896,0.93945354,0.9242863,0.95995504,0.9894055,0.905052,0.91184324,0.9565596,0.9387188673019409,1
SAOUHSC_01860,SAOUHSC_01859,-1,0.6844315,0.61616224,0.8905591,0.5507619,0.61005855,0.8258868,0.69193834,0.42284045,0.5073657,0.7289298,0.6528934329748154,1
SAOUHSC_01859,SAOUHSC_01858,-1,0.9766516,0.9786621,0.9739672,0.99088365,0.93907607,0.9642219,0.98193353,0.960012,0.9654842,0.98274106,0.9713633298873902,1
SAOUHSC_01858,SAOUHSC_01857,-1,0.9764241,0.969701,0.9775372,0.9787013,0.9167122,0.9654833,0.9739515,0.97503823,0.9751823,0.98950076,0.9698231935501098,1
SAOUHSC_01857,murC,-1,0.9870265,0.9822569,0.98311853,0.97748315,0.95004004,0.98450106,0.9867642,0.9579612,0.98094964,0.98711586,0.9777217090129853,1
murC,SAOUHSC_01855,-1,0.85828096,0.6802961,0.6203599,0.6849938,0.7770202,0.7434963,0.59052795,0.5708567,0.7454403,0.7545346,0.7025806844234467,1
SAOUHSC_01855,SAOUHSC_01854,-1,0.8985947,0.77736986,0.9065929,0.61923087,0.62840074,0.81157583,0.8490734,0.60956246,0.7687784,0.5430815,0.741226065158844,1
SAOUHSC_01854,SAOUHSC_01853,-1,0.5350624,0.49046937,0.9375044,0.26713595,0.50317925,0.7604194,0.79214257,0.42320806,0.18783262,0.60080165,0.5497755676507949,1
SAOUHSC_01853,SAOUHSC_01852,-1,0.045432314,0.11711214,0.076747335,0.057274915,0.057863504,0.09809034,0.056974098,0.111008346,0.058101498,0.10565392,0.0784258410334587,0
SAOUHSC_01852,SAOUHSC_01851,-1,0.09117741,0.08474826,0.12946178,0.014232424,0.04708961,0.20688958,0.24677041,0.09604792,0.05906602,0.102606535,0.10780899608507752,0
SAOUHSC_01851,SAOUHSC_01850,-1,0.8499355,0.8644076,0.80224586,0.697473,0.72713476,0.77330244,0.7132539,0.9343744,0.80969304,0.6258137,0.7797634184360505,1
SAOUHSC_01850,SAOUHSC_01846,-1,0.0075148907,0.020376079,0.016129434,0.00063860166,0.0061362367,0.02253184,0.011391828,0.011056413,0.008684011,0.0037996538,0.01082589869038202,0
SAOUHSC_01846,SAOUHSC_01845,-1,0.62443507,0.6527575,0.43185335,0.22660646,0.36732623,0.5503916,0.11706698,0.778296,0.5092998,0.3848076,0.4642840623855591,0
SAOUHSC_01845,SAOUHSC_01843,-1,0.58314127,0.29437453,0.8224476,0.09574269,0.4415397,0.5044656,0.46080366,0.23095405,0.1988104,0.18885659,0.38211360573768616,0
SAOUHSC_01843,SAOUHSC_01841,-1,0.25278786,0.2705573,0.058683846,0.087036125,0.1125842,0.12896985,0.18762653,0.11141651,0.084036864,0.21750735,0.15112064443528653,0
SAOUHSC_01841,SAOUHSC_01839,-1,0.0065763434,0.029581899,0.010725879,0.011760113,0.013655128,0.017658547,0.01395894,0.013439491,0.008230646,0.005519598,0.013110658433288336,0
SAOUHSC_01839,SAOUHSC_01837,-1,0.047283087,0.05226004,0.059399847,0.02860841,0.035912413,0.17875236,0.041875914,0.015563113,0.07089543,0.016256379,0.054680699948221445,0
SAOUHSC_01837,SAOUHSC_01836,-1,0.8487981,0.894063,0.8535965,0.96280366,0.8200638,0.9002012,0.8715233,0.8836744,0.8897807,0.9669166,0.8891421318054199,1
SAOUHSC_01836,SAOUHSC_01835,-1,0.7567005,0.53246444,0.87781245,0.25232106,0.39411208,0.662051,0.530387,0.31123954,0.58031434,0.47168455,0.5369086980819702,1
SAOUHSC_01835,SAOUHSC_01830,-1,0.0030634913,0.0022323204,0.00027389708,0.0019804866,0.006234975,0.012326855,0.0011769135,0.0014278432,0.009225299,0.00042654254,0.00383686235290952,0
SAOUHSC_01830,SAOUHSC_01827,-1,0.0032299766,0.0061496133,0.007528674,0.0021097523,0.0038996201,0.013182473,0.0032189633,0.0030861895,0.0036273266,0.0014084325,0.004744102142285556,0
SAOUHSC_01827,SAOUHSC_01825,-1,0.35559553,0.16880426,0.6040237,0.06569929,0.25190848,0.43346915,0.30062088,0.18306024,0.1980034,0.1120375,0.26732224225997925,0
SAOUHSC_01825,SAOUHSC_01824,-1,0.9882077,0.95555663,0.96962506,0.96811295,0.9385525,0.97702616,0.9710756,0.98030543,0.9819658,0.97356945,0.9703997254371644,1
SAOUHSC_01824,SAOUHSC_01823,-1,0.97264457,0.9771061,0.9862193,0.98715067,0.9503828,0.985347,0.990839,0.95267874,0.979924,0.980641,0.9762933194637299,1
SAOUHSC_01823,tpx,-1,0.68627775,0.6019,0.6140199,0.46289515,0.66297394,0.637012,0.6565089,0.61433476,0.56489676,0.73369485,0.6234513998031617,1
tpx,SAOUHSC_01821,-1,0.67803216,0.5130089,0.9656452,0.17620833,0.71917355,0.8151649,0.82635117,0.54337835,0.3196247,0.80316025,0.6359747514128685,1
SAOUHSC_01821,SAOUHSC_01820,-1,0.8765083,0.80764955,0.61884975,0.6313844,0.7884506,0.78797793,0.630195,0.73037857,0.8535563,0.7532984,0.7478248775005341,1
SAOUHSC_01820,SAOUHSC_01818,-1,0.007880083,0.019065013,0.005548154,0.008243829,0.019172784,0.02916108,0.0045714574,0.0058092754,0.009943185,0.0030276338,0.011242249608039856,0
SAOUHSC_01818,SAOUHSC_01817,-1,0.5747774,0.5922396,0.64003175,0.7506798,0.5192824,0.79374015,0.7396236,0.38567376,0.41278684,0.9391653,0.6348000645637513,1
SAOUHSC_01817,SAOUHSC_01815,-1,0.012788278,0.031799026,0.047915537,0.011832763,0.021348635,0.06923172,0.010139534,0.00835679,0.004183358,0.0033858255,0.022098146565258502,0
SAOUHSC_01815,SAOUHSC_01813,-1,0.05098657,0.032128662,0.01752732,0.0068275593,0.016040996,0.030731246,0.008188405,0.017845096,0.014138463,0.0013929855,0.019580730120651424,0
SAOUHSC_01813,SAOUHSC_01812,-1,0.6350516,0.4686205,0.8681723,0.78596556,0.66731024,0.6895252,0.558729,0.58769864,0.6265999,0.3994406,0.6287113517522812,1
SAOUHSC_01812,SAOUHSC_01811,-1,0.98005337,0.9637992,0.96332204,0.97043455,0.92455876,0.9660348,0.96631455,0.96995896,0.9810006,0.9744219,0.9659898757934571,1
SAOUHSC_01811,SAOUHSC_01810,-1,0.88938797,0.7196117,0.8327902,0.3903046,0.62018603,0.76417416,0.6812805,0.6053717,0.6334041,0.5002416,0.6636752516031266,1
SAOUHSC_01810,SAOUHSC_01809,-1,0.97118425,0.9718937,0.97432756,0.9797609,0.95198333,0.9850661,0.9812808,0.96312016,0.96782625,0.9857186,0.9732161700725556,1
SAOUHSC_01809,SAOUHSC_01808,-1,0.99189603,0.9803452,0.97959006,0.9793253,0.9607734,0.9916589,0.98225474,0.98514974,0.9867162,0.98476213,0.9822471737861633,1
SAOUHSC_01808,SAOUHSC_01807,-1,0.53102905,0.7439817,0.8181475,0.5973627,0.7093917,0.5114996,0.7049766,0.6293303,0.20133755,0.47995788,0.592701455950737,1
SAOUHSC_01807,SAOUHSC_01806,-1,0.9833669,0.97096217,0.9870817,0.9861268,0.95140886,0.96489227,0.99282616,0.97506,0.9735971,0.98598367,0.9771305620670319,1
SAOUHSC_01806,SAOUHSC_01802,-1,0.1359181,0.10666445,0.061336976,0.011008279,0.028190637,0.12127856,0.055854693,0.075997226,0.023715148,0.013553437,0.06335175018757581,0
SAOUHSC_01802,SAOUHSC_01801,-1,0.9801461,0.9793012,0.9893907,0.9828912,0.95678794,0.98116636,0.989946,0.96503437,0.9776423,0.9926405,0.9794946670532226,1
SAOUHSC_01801,SAOUHSC_01800,-1,0.343557,0.23271954,0.39659917,0.08770459,0.1646965,0.4614,0.43910804,0.2301308,0.09840202,0.19120793,0.2645525611937046,0
SAOUHSC_01800,SAOUHSC_01799,-1,0.9880344,0.97536296,0.98085815,0.9758055,0.95661986,0.9877051,0.9725301,0.9881605,0.9839131,0.98473346,0.9793723225593567,1
SAOUHSC_01799,SAOUHSC_01798,-1,0.62300104,0.39386347,0.63261294,0.21540754,0.3375416,0.5027871,0.6141361,0.34077868,0.14830004,0.35050207,0.4158930599689484,0
SAOUHSC_01798,SAOUHSC_01797,-1,0.598206,0.6596558,0.49817044,0.40433213,0.6747884,0.6150158,0.44894052,0.47274143,0.51846504,0.5429356,0.5433251172304153,1
SAOUHSC_01797,SAOUHSC_01796,-1,0.99023426,0.9921529,0.97829366,0.9894596,0.9690253,0.98936856,0.9913505,0.9752238,0.98578066,0.98720396,0.9848093152046203,1
SAOUHSC_01796,coaE,-1,0.9923126,0.9925785,0.9958738,0.99607897,0.991909,0.9885306,0.99886614,0.9920374,0.9832909,0.9927775,0.992425549030304,1
coaE,SAOUHSC_01794,-1,0.46673375,0.49669808,0.6005727,0.099610016,0.25021064,0.52098763,0.43675074,0.26227808,0.17151453,0.31850407,0.3623860239982605,0
SAOUHSC_01794,nrdR,-1,0.8116921,0.81029767,0.71548337,0.48457533,0.61030596,0.7407361,0.33686858,0.7402039,0.70124334,0.58351886,0.6534925282001496,1
nrdR,SAOUHSC_01792,-1,0.9841292,0.97082394,0.9750635,0.96852016,0.9324072,0.98367125,0.959619,0.9835805,0.98565453,0.9749667,0.9718436002731323,1
SAOUHSC_01792,SAOUHSC_01791,-1,0.9907431,0.97934943,0.9713648,0.9762651,0.95065606,0.98486227,0.9862703,0.9799087,0.9823829,0.9774884,0.9779291033744812,1
SAOUHSC_01791,SAOUHSC_01789,-1,0.9637202,0.99105215,0.9862523,0.9902412,0.98046714,0.9851441,0.9900573,0.9837835,0.95808303,0.9491736,0.9777974545955658,1
SAOUHSC_01789,thrS,-1,0.57505035,0.64255446,0.43307766,0.460981,0.6195276,0.5466659,0.5116792,0.5143125,0.7934003,0.66602963,0.5763278573751449,1
thrS,SAOUHSC_01787,-1,0.78027326,0.82498294,0.92709035,0.671603,0.8029522,0.8790604,0.7501072,0.60740703,0.777649,0.94900167,0.7970127046108246,1
SAOUHSC_01787,infC,-1,0.6751493,0.70390415,0.78680146,0.8544431,0.7107931,0.7612154,0.7733972,0.73218185,0.67917,0.8169335,0.7493989050388337,1
infC,rpmI,-1,0.7773495,0.7798084,0.91073674,0.70374125,0.83202195,0.75710464,0.88659114,0.5676989,0.64554924,0.88237906,0.7742980778217315,1
rpmI,rplT,-1,0.79140323,0.7804493,0.85822713,0.8050393,0.81308585,0.9236573,0.79881185,0.5608525,0.8635083,0.90457845,0.8099613189697266,1
rplT,SAOUHSC_01782,-1,0.6029232,0.3991594,0.82670724,0.13418394,0.43961838,0.63822424,0.66579103,0.35324165,0.1648394,0.55234516,0.47770336717367173,0
SAOUHSC_01782,SAOUHSC_01781,-1,0.9781143,0.9749858,0.97133595,0.9830364,0.9488805,0.9650164,0.96868074,0.972836,0.9721389,0.9847115,0.9719736516475678,1
SAOUHSC_01781,SAOUHSC_01780,-1,0.9860033,0.9717031,0.9950483,0.99570423,0.94320333,0.98613334,0.9985554,0.9858406,0.96790344,0.9866862,0.9816781282424927,1
SAOUHSC_01780,tig,-1,0.8464367,0.790955,0.63552856,0.60554564,0.60723704,0.6175244,0.5443159,0.9043426,0.7275364,0.5149838,0.6794405937194824,1
tig,clpX,-1,0.6727876,0.63661385,0.76742804,0.17736685,0.6774155,0.7089537,0.7149959,0.4563081,0.42142397,0.62343293,0.5856726437807083,1
clpX,engB,-1,0.9223144,0.48625246,0.80714935,0.31600416,0.45813385,0.6713717,0.76923776,0.5523032,0.37305796,0.56396616,0.5919790983200073,1
engB,hemA,-1,0.85688376,0.8975896,0.6401812,0.5997271,0.7748854,0.8140119,0.74896127,0.9391695,0.8611538,0.74535114,0.7877914667129516,1
hemA,SAOUHSC_01775,-1,0.99295545,0.9851863,0.9908288,0.9969663,0.98714364,0.99089664,0.99829906,0.9898002,0.9845534,0.99028444,0.9906914234161377,1
SAOUHSC_01775,hemC,-1,0.81346494,0.9313196,0.91661316,0.9469322,0.8998943,0.8505888,0.9120973,0.873993,0.8521428,0.93007,0.89271160364151,1
hemC,SAOUHSC_01773,-1,0.99167985,0.99008274,0.99539936,0.995732,0.98609054,0.9873252,0.999038,0.9860446,0.9850538,0.99315506,0.9909601092338562,1
SAOUHSC_01773,SAOUHSC_01772,-1,0.98199445,0.95917994,0.9777065,0.98582053,0.9465384,0.9495339,0.9841796,0.98005897,0.96616244,0.98545283,0.9716627538204193,1
SAOUHSC_01772,SAOUHSC_01771,-1,0.9701676,0.9617165,0.9756957,0.9727198,0.9387749,0.9612696,0.97844845,0.94775337,0.96676254,0.98149294,0.9654801368713379,1
SAOUHSC_01771,SAOUHSC_01770,-1,0.8270636,0.5057027,0.9075661,0.316157,0.45091075,0.80336577,0.65194273,0.56176084,0.62543184,0.5267989,0.6176700204610824,1
SAOUHSC_01770,SAOUHSC_01769,-1,0.9105001,0.96603614,0.92287654,0.9541582,0.88465893,0.9275153,0.936184,0.9559797,0.94307727,0.9757946,0.9376780807971954,1
SAOUHSC_01769,valS,-1,0.12841322,0.13505445,0.14952283,0.08171193,0.27358612,0.2605179,0.11841809,0.27337766,0.18802078,0.14823733,0.17568603083491324,0
valS,SAOUHSC_01766,-1,0.98781806,0.98558205,0.98470986,0.9897097,0.9581699,0.97985464,0.98564774,0.96069336,0.9812456,0.96297,0.9776400864124298,1
SAOUHSC_01766,SAOUHSC_01764,-1,0.5918816,0.4935568,0.67255104,0.0716398,0.33705273,0.5532621,0.44296408,0.32901263,0.2116274,0.23796631,0.39415144696831705,0
SAOUHSC_01764,SAOUHSC_01763,-1,0.8702816,0.92783594,0.90050066,0.95775807,0.9295272,0.9299069,0.9097979,0.85243404,0.9280498,0.86151,0.9067602097988129,1
SAOUHSC_01763,SAOUHSC_01762,-1,0.74400616,0.6909962,0.5910156,0.5583247,0.5152728,0.67826736,0.72896045,0.7232816,0.488565,0.8545652,0.6573255091905594,1
SAOUHSC_01762,SAOUHSC_01761,-1,0.020505337,0.026206486,0.017291307,0.0017877206,0.010967137,0.050817814,0.040383264,0.02555715,0.018154118,0.05096537,0.02626357026165351,0
SAOUHSC_01761,SAOUHSC_01760,-1,0.8324764,0.8783579,0.8856412,0.9559636,0.9202293,0.932687,0.96131796,0.9340826,0.8953453,0.94404006,0.9140141308307648,1
SAOUHSC_01760,SAOUHSC_01759,-1,0.19842167,0.29550943,0.16242191,0.119766146,0.1516721,0.36642766,0.078406036,0.18917248,0.11084378,0.12489452,0.1797535724937916,0
SAOUHSC_01759,SAOUHSC_01758,-1,0.9893689,0.9769392,0.97303647,0.9782836,0.9442713,0.9864925,0.9804658,0.975036,0.98528045,0.9780863,0.9767260611057281,1
SAOUHSC_01758,rplU,-1,0.41943008,0.57653934,0.37497073,0.45891255,0.5730402,0.5443555,0.5384381,0.46795586,0.33315915,0.69836503,0.49851665198802947,0
rplU,SAOUHSC_01756,-1,0.99149764,0.9908358,0.9838426,0.9896175,0.97336316,0.99361974,0.99048066,0.9857617,0.98563033,0.9928095,0.987745863199234,1
SAOUHSC_01756,rpmA,-1,0.9874159,0.97664267,0.98326665,0.9955444,0.9617898,0.9805057,0.99185914,0.97433907,0.9750212,0.99117124,0.9817555725574494,1
rpmA,obgE,-1,0.3113461,0.19975318,0.3357869,0.053426526,0.15204671,0.33570445,0.25540543,0.17464504,0.06486887,0.21020351,0.2093186728656292,0
obgE,SAOUHSC_01752,-1,0.99285007,0.9944573,0.988469,0.9929882,0.9826409,0.99111664,0.99487907,0.98731315,0.9847304,0.98766065,0.9897105455398559,1
SAOUHSC_01752,ruvA,-1,0.9921139,0.9880064,0.9959971,0.99694717,0.9706914,0.98931575,0.9984977,0.990759,0.98877877,0.9904932,0.9901600360870362,1
ruvA,ruvB,-1,0.9725227,0.9791016,0.99319166,0.9879824,0.97331953,0.9709627,0.9920789,0.98844534,0.97845894,0.9821642,0.981822794675827,1
ruvB,queA,-1,0.9821485,0.9136277,0.96754175,0.9765162,0.96072006,0.96627915,0.99103993,0.9512654,0.9728549,0.9278211,0.9609814703464508,1
queA,tgt,-1,0.9842401,0.9706281,0.98301685,0.9913552,0.9660398,0.95767903,0.9926006,0.9843958,0.9702496,0.98765457,0.9787859618663788,1
tgt,SAOUHSC_01747,-1,0.97289807,0.9547419,0.9921213,0.98176855,0.93233865,0.9771591,0.9952179,0.9409556,0.9548501,0.9660131,0.9668064177036285,1
SAOUHSC_01747,SAOUHSC_01746,-1,0.57693833,0.53521496,0.5587695,0.1353813,0.36933577,0.49239117,0.31391034,0.3554969,0.413139,0.2737953,0.40243725925683976,0
SAOUHSC_01746,SAOUHSC_01744,-1,0.90788126,0.51703084,0.82174414,0.20886165,0.42678356,0.6451741,0.5783039,0.4507999,0.5731787,0.48885316,0.5618611186742782,1
SAOUHSC_01744,SAOUHSC_01743,-1,0.98815787,0.9870395,0.99281186,0.9868818,0.9703693,0.971302,0.99781585,0.98031396,0.9670834,0.9834148,0.9825190305709839,1
SAOUHSC_01743,SAOUHSC_01742,-1,0.31130314,0.4208217,0.39077345,0.27078864,0.2654514,0.35785475,0.2608619,0.37398008,0.15573391,0.3098223,0.3117391258478165,0
SAOUHSC_01742,SAOUHSC_01741,-1,0.9897078,0.9925753,0.9858272,0.99061906,0.9778625,0.98789436,0.99696964,0.97620267,0.9827902,0.98721844,0.9867667138576508,1
SAOUHSC_01741,SAOUHSC_01739,-1,0.990968,0.9826686,0.98159146,0.9772404,0.966303,0.99063915,0.9826774,0.98456514,0.98961836,0.98174316,0.9828014612197876,1
SAOUHSC_01739,hisS,-1,0.56593686,0.53632164,0.78061116,0.44463935,0.43570772,0.7848742,0.2624528,0.4587692,0.46697077,0.39042568,0.5126709401607513,1
hisS,aspS,-1,0.9804947,0.97012097,0.9774308,0.97994226,0.94128215,0.9585503,0.99440163,0.9740666,0.97125554,0.9825757,0.9730120658874511,1
aspS,SAOUHSC_01736,-1,0.02813701,0.071408935,0.016648842,0.02289592,0.036323547,0.054497506,0.019336585,0.013671782,0.043141197,0.0046959133,0.031075723702088,0
SAOUHSC_01736,SAOUHSC_01735,-1,0.97216624,0.9452218,0.97106725,0.95039463,0.91043204,0.9586194,0.9439605,0.98566175,0.9753001,0.97617674,0.9589000403881073,1
SAOUHSC_01735,SAOUHSC_01730,-1,0.00084508193,0.0012923159,0.0042537265,0.0010395596,0.0012696026,0.0050780685,0.00037868647,0.00037551194,0.0016456547,0.00014899923,0.001632720722409431,0
SAOUHSC_01730,SAOUHSC_01729,-1,0.7612178,0.8077054,0.85755694,0.7149906,0.75959384,0.8589291,0.7233779,0.73938745,0.76289725,0.4734257,0.7459081947803498,1
SAOUHSC_01729,SAOUHSC_01727,-1,0.00070189516,0.0037046645,0.0013410551,9.099483e-05,0.0010992959,0.003582341,0.0027654988,0.0017200409,0.003061067,0.0017272432,0.0019794096486293713,0
SAOUHSC_01727,SAOUHSC_01724,-1,0.010481383,0.0080015175,0.022622641,0.0024793458,0.006208049,0.03097584,0.0017371748,0.004842256,0.008963296,0.001751416,0.00980629186378792,0
SAOUHSC_01724,SAOUHSC_01723,-1,0.97796065,0.9740248,0.95864207,0.9801626,0.9375434,0.9515002,0.9889366,0.9773955,0.9620854,0.98091817,0.9689169347286224,1
SAOUHSC_01723,alaS,-1,0.7688278,0.73554283,0.8416683,0.8901514,0.7914471,0.7787497,0.71405923,0.7058385,0.7654405,0.84347427,0.7835199654102325,1
alaS,SAOUHSC_01721,-1,0.930064,0.992676,0.9794292,0.9899335,0.982646,0.9814991,0.99494576,0.9693555,0.9702207,0.97602254,0.9766792297363281,1
SAOUHSC_01721,SAOUHSC_01720,-1,0.9906116,0.9767041,0.9926376,0.9957798,0.9578285,0.9816197,0.9943265,0.9850167,0.98332787,0.984825,0.9842677414417267,1
SAOUHSC_01720,SAOUHSC_01719,-1,0.991236,0.9776663,0.99336886,0.99654853,0.98316216,0.98844343,0.9971568,0.9905456,0.98653567,0.99100864,0.9895671963691711,1
SAOUHSC_01719,SAOUHSC_01718,-1,0.100455225,0.15240055,0.111367665,0.0236575,0.048434615,0.22958179,0.21588907,0.086665764,0.05275785,0.11388783,0.1135097861289978,0
SAOUHSC_01718,SAOUHSC_01717,-1,0.98409134,0.977777,0.97741854,0.9900154,0.9515668,0.9626192,0.9945296,0.9761353,0.9728838,0.98906606,0.9776103079319001,1
SAOUHSC_01717,SAOUHSC_01716,-1,0.98449177,0.97324944,0.98282146,0.9915228,0.9471356,0.9695635,0.9947671,0.9794623,0.973374,0.9928301,0.9789218127727508,1
SAOUHSC_01716,SAOUHSC_01715,-1,0.99225444,0.97683454,0.97804093,0.9767158,0.9654398,0.9888837,0.9881839,0.9837901,0.9824761,0.9816754,0.9814294695854187,1
SAOUHSC_01715,greA,-1,0.9389476,0.98751855,0.9855137,0.97972304,0.97291917,0.97710085,0.98785937,0.98449636,0.975936,0.9558188,0.9745833396911621,1
greA,SAOUHSC_01712,-1,0.21357144,0.18866579,0.28780144,0.022674447,0.10849412,0.37872154,0.28567794,0.13353813,0.03942463,0.17717177,0.18357412461191416,0
SAOUHSC_01712,SAOUHSC_01711,-1,0.9689152,0.9746574,0.9780843,0.9823804,0.9568219,0.97558177,0.98066497,0.9663625,0.97008514,0.97034824,0.9723901867866516,1
SAOUHSC_01711,SAOUHSC_01710,-1,0.9921236,0.9902764,0.99701184,0.9945936,0.9851467,0.98948115,0.9992301,0.991339,0.9817253,0.9898114,0.9910739123821258,1
SAOUHSC_01710,SAOUHSC_01709,-1,0.970719,0.9630552,0.9810069,0.98243827,0.9455287,0.95505536,0.9874073,0.9821448,0.96084356,0.9839929,0.9712191939353942,1
SAOUHSC_01709,SAOUHSC_01708,-1,0.9923181,0.9779027,0.9800293,0.97835654,0.9665332,0.98746,0.9847744,0.98636913,0.9838717,0.98353773,0.9821152806282043,1
SAOUHSC_01708,SAOUHSC_01707,-1,0.99209523,0.98986053,0.9933266,0.98585767,0.9787046,0.9871556,0.9956073,0.9927959,0.9848717,0.9846311,0.9884906232357025,1
SAOUHSC_01707,SAOUHSC_01706,-1,0.4126552,0.31103942,0.6930213,0.046657328,0.3040242,0.49838042,0.54670334,0.308544,0.19492923,0.5447811,0.3860735524445772,0
SAOUHSC_01706,SAOUHSC_01705,-1,0.38157248,0.40047574,0.30583677,0.03774598,0.41509354,0.56392175,0.71194047,0.43382832,0.19233118,0.29832724,0.37410734705626963,0
SAOUHSC_01705,SAOUHSC_01702,-1,0.07532917,0.14236142,0.05286576,0.01721932,0.051112942,0.12507886,0.04697919,0.10158647,0.01981638,0.088646986,0.07209964878857136,0
SAOUHSC_01702,SAOUHSC_01701,-1,0.9900733,0.9879185,0.9859484,0.9879251,0.973448,0.98932624,0.9892578,0.97936195,0.9820443,0.99352634,0.9858829915523529,1
SAOUHSC_01701,SAOUHSC_01700,-1,0.987037,0.95471096,0.9748161,0.9664856,0.94232666,0.97544515,0.9630272,0.98533875,0.9831042,0.9746021,0.9706893742084504,1
SAOUHSC_01700,SAOUHSC_01699,-1,0.99217,0.9888067,0.9957105,0.9958895,0.984908,0.98482925,0.99900246,0.99152756,0.9867858,0.99016273,0.9909792482852936,1
SAOUHSC_01699,SAOUHSC_01698,-1,0.9924979,0.9910457,0.9906105,0.9937255,0.9811,0.9888474,0.9963898,0.99201965,0.9846568,0.98813504,0.9899028301239013,1
SAOUHSC_01698,SAOUHSC_01697,-1,0.9887828,0.98702335,0.99288654,0.9948732,0.9799188,0.9740447,0.9953005,0.9905801,0.97571063,0.98722726,0.9866347849369049,1
SAOUHSC_01697,SAOUHSC_01696,-1,0.991712,0.97467774,0.976034,0.9769534,0.9650828,0.9866454,0.98395866,0.98631674,0.9826989,0.9843548,0.9808434426784516,1
SAOUHSC_01696,SAOUHSC_01695,-1,0.99059063,0.96891683,0.98418653,0.96723896,0.97465265,0.9894611,0.97983956,0.98778886,0.9894897,0.97762865,0.9809793472290039,1
SAOUHSC_01695,SAOUHSC_01694,-1,0.98624784,0.9840882,0.9773524,0.99046576,0.96454036,0.97787833,0.9858573,0.985571,0.9775785,0.9849104,0.9814490139484405,1
SAOUHSC_01694,SAOUHSC_01693,-1,0.8993691,0.84139246,0.9700646,0.86433166,0.89024264,0.95669585,0.91300774,0.82879376,0.837054,0.96559256,0.8966544389724731,1
SAOUHSC_01693,SAOUHSC_01692,-1,0.66356087,0.54669046,0.6275213,0.24206372,0.6088277,0.68996906,0.66381675,0.48214346,0.47426432,0.61079997,0.5609657600522041,1
SAOUHSC_01692,SAOUHSC_01691,-1,0.9810407,0.9413648,0.96209645,0.96720946,0.8670493,0.9638812,0.9681381,0.91757417,0.9349567,0.91236115,0.9415672063827515,1
SAOUHSC_01691,holA,-1,0.7549083,0.82263625,0.8167157,0.8522369,0.6912212,0.7663924,0.60802317,0.77087677,0.7214579,0.7025057,0.7506974339485168,1
holA,SAOUHSC_01688,-1,0.021971056,0.072158806,0.041074272,0.013773138,0.04293227,0.052564953,0.031834118,0.01701417,0.017920196,0.012430164,0.03236731411889195,0
SAOUHSC_01688,SAOUHSC_01687,-1,0.537321,0.47415027,0.7410117,0.18803506,0.44224158,0.7013457,0.7466334,0.3433295,0.3134708,0.6121962,0.5099735155701637,1
SAOUHSC_01687,SAOUHSC_01686,-1,0.66104937,0.7885688,0.69611883,0.88245386,0.7582056,0.814333,0.70962805,0.7817633,0.6671628,0.8696318,0.7628915429115295,1
SAOUHSC_01686,SAOUHSC_01685,-1,0.682109,0.8668618,0.8188703,0.8670655,0.7889779,0.8188022,0.8249494,0.8117144,0.8514102,0.8526254,0.8183386147022247,1
SAOUHSC_01685,SAOUHSC_01684,-1,0.9527303,0.9752824,0.9693824,0.90196,0.9699769,0.9629873,0.9824838,0.9228475,0.95746845,0.9053139,0.9500432968139648,1
SAOUHSC_01684,dnaK,-1,0.81925744,0.6499329,0.79660684,0.60819894,0.6897057,0.67604375,0.7436416,0.62882733,0.802968,0.7636234,0.7178806006908417,1
dnaK,SAOUHSC_01682,-1,0.97319627,0.7092705,0.93409187,0.72015697,0.7589227,0.8923657,0.8888929,0.9116773,0.8519143,0.69363683,0.8334125280380249,1
SAOUHSC_01682,prmA,-1,0.9929218,0.99006814,0.9914054,0.9973026,0.9790221,0.9888453,0.9979278,0.98767066,0.9831681,0.987771,0.9896102905273437,1
prmA,SAOUHSC_01680,-1,0.99053836,0.9793232,0.9939064,0.9915063,0.97979885,0.9882779,0.9977206,0.9791123,0.9731629,0.98911285,0.9862459659576416,1
SAOUHSC_01680,SAOUHSC_01679,-1,0.9896556,0.9895117,0.99379975,0.9956598,0.97041893,0.970193,0.99654615,0.991863,0.9770586,0.9900701,0.9864776730537415,1
SAOUHSC_01679,rpsU,-1,0.110949524,0.19755444,0.22095379,0.04909101,0.14309321,0.18182962,0.17756024,0.11542325,0.09911971,0.23944843,0.15350232198834418,0
rpsU,SAOUHSC_01677,-1,0.3789055,0.73707485,0.9093546,0.1487834,0.5004273,0.7060087,0.5798854,0.3519255,0.27703896,0.4636949,0.5053099140524864,1
SAOUHSC_01677,SAOUHSC_01676,-1,0.9813192,0.9535144,0.9943362,0.9661607,0.93291026,0.92201966,0.99296135,0.9700751,0.96149755,0.9699002,0.9644694566726685,1
SAOUHSC_01676,SAOUHSC_01675,-1,0.99041027,0.98691404,0.987316,0.99165124,0.97099304,0.98800266,0.99479413,0.972436,0.9885204,0.9940213,0.9865059077739715,1
SAOUHSC_01675,SAOUHSC_01673,-1,0.5706482,0.34931526,0.7303852,0.16095471,0.38076013,0.59474665,0.5238553,0.30430713,0.11596265,0.36292017,0.4093855403363705,0
SAOUHSC_01673,SAOUHSC_01672,-1,0.98993903,0.9700721,0.9682599,0.97144634,0.94773924,0.9810159,0.9820859,0.9767565,0.9820342,0.97223914,0.9741588234901428,1
SAOUHSC_01672,SAOUHSC_01671,-1,0.9912707,0.9917974,0.9736887,0.98426586,0.97151744,0.9915485,0.99186313,0.98316014,0.9866437,0.9898886,0.9855644166469574,1
SAOUHSC_01671,SAOUHSC_01670,-1,0.9932545,0.9884896,0.9969191,0.99770457,0.97014225,0.98748857,0.9980007,0.9893367,0.98275524,0.9910132,0.9895104467868805,1
SAOUHSC_01670,era,-1,0.987102,0.97658914,0.976617,0.97930694,0.9439524,0.98855036,0.97914463,0.9838454,0.9849247,0.9833047,0.97833371758461,1
era,SAOUHSC_01667,-1,0.986628,0.9903478,0.99534357,0.99609464,0.98576945,0.98763263,0.9976902,0.9890615,0.9859432,0.9893142,0.9903825163841248,1
SAOUHSC_01667,SAOUHSC_01665,-1,0.001070414,0.0024112011,0.0070060543,0.0020851602,0.005906593,0.011107716,0.0012611804,0.0027653056,0.0018097423,0.0005922638,0.0036015630525071175,0
SAOUHSC_01665,SAOUHSC_01664,-1,0.9914539,0.9890998,0.9963348,0.99593854,0.9679564,0.9815752,0.99862725,0.9927846,0.9797318,0.99008125,0.9883583545684814,1
SAOUHSC_01664,SAOUHSC_01663,-1,0.969666,0.9872873,0.9910908,0.9935733,0.9732181,0.988438,0.9911372,0.9684132,0.98765075,0.9861002,0.9836574792861938,1
SAOUHSC_01663,SAOUHSC_01662,-1,0.64500844,0.69982266,0.7982269,0.5710866,0.7668829,0.6221934,0.7013947,0.6746854,0.60025954,0.6236991,0.6703259646892548,1
SAOUHSC_01662,SAOUHSC_01661,-1,0.69878024,0.5943689,0.96983093,0.17044127,0.69806767,0.72717613,0.76894087,0.505957,0.511007,0.5436862,0.6188256204128265,1
SAOUHSC_01661,SAOUHSC_01660,-1,0.9904021,0.9875836,0.9924612,0.99492526,0.9755967,0.97877544,0.9947454,0.9880147,0.98178685,0.98867905,0.9872970283031464,1
SAOUHSC_01660,SAOUHSC_01659,-1,0.78406096,0.6991424,0.82488775,0.58124197,0.74342114,0.7858656,0.81240577,0.69469273,0.76000506,0.5731254,0.7258848786354065,1
SAOUHSC_01659,SAOUHSC_01658,-1,0.98935544,0.98408484,0.98710257,0.9924458,0.97577375,0.9695209,0.9973479,0.9833702,0.9780031,0.99194115,0.9848945677280426,1
SAOUHSC_01658,SAOUHSC_01657,-1,0.55264777,0.48144987,0.80723107,0.14449762,0.3772782,0.619158,0.65105444,0.28560942,0.19066697,0.48313883,0.4592732235789299,0
SAOUHSC_01657,SAOUHSC_01656,-1,0.9598028,0.79642326,0.93456316,0.7912776,0.8261045,0.893343,0.95497483,0.903781,0.94255036,0.8319315,0.8834751963615417,1
SAOUHSC_01656,SAOUHSC_01655,-1,0.9904849,0.9746042,0.97973037,0.9777243,0.9608198,0.9913049,0.9748185,0.9844432,0.9850598,0.98528326,0.9804273188114166,1
SAOUHSC_01655,SAOUHSC_01653,-1,0.16048494,0.26759806,0.19332111,0.06867942,0.16491562,0.21475661,0.23988456,0.20696458,0.09776625,0.3343799,0.194875106215477,0
SAOUHSC_01653,SAOUHSC_01652,-1,0.95925885,0.6606919,0.9250669,0.39869383,0.5953544,0.8340351,0.61450154,0.73795724,0.83367836,0.68067735,0.723991546034813,1
SAOUHSC_01652,rpmG,-1,0.6960234,0.73502266,0.7998624,0.8324321,0.56948704,0.7658956,0.71013236,0.6131653,0.4798412,0.7126916,0.6914553672075272,1
rpmG,SAOUHSC_01650,-1,0.13455462,0.12229389,0.2595232,0.020103563,0.07859192,0.26567334,0.17281857,0.10182245,0.04072705,0.23781799,0.14339266084134578,0
SAOUHSC_01650,SAOUHSC_01647,-1,0.009843993,0.0075162277,0.024977863,0.2488699,0.059867598,0.05912474,0.02752089,0.016206635,0.02315734,0.03891112,0.051599630247801544,0
SAOUHSC_01647,SAOUHSC_01646,-1,0.98195624,0.94752365,0.9676368,0.9398714,0.942569,0.95825946,0.9639328,0.9848878,0.9769652,0.9619011,0.9625503480434418,1
SAOUHSC_01646,SAOUHSC_01645,-1,0.991914,0.96338785,0.9745298,0.97049564,0.9681084,0.9762646,0.99363434,0.9856696,0.977138,0.96913403,0.9770276248455048,1
SAOUHSC_01645,SAOUHSC_01644,-1,0.98671186,0.9705954,0.9729272,0.97002894,0.9411953,0.98808366,0.9658544,0.97703797,0.98467815,0.9770778,0.9734190702438354,1
SAOUHSC_01644,SAOUHSC_01643,-1,0.82358927,0.5320675,0.9280581,0.4891618,0.5287219,0.6545373,0.8262731,0.4554,0.24094123,0.8683472,0.6347097396850586,1
SAOUHSC_01643,SAOUHSC_01641,-1,0.9256519,0.96807504,0.9801011,0.97247106,0.93576574,0.9717995,0.98733574,0.95273983,0.9676866,0.9698669,0.9631493389606476,1
SAOUHSC_01641,SAOUHSC_01640,-1,0.9631851,0.9525683,0.9542562,0.97207016,0.9251762,0.96908635,0.98339313,0.92832625,0.9391751,0.95994806,0.9547184824943542,1
SAOUHSC_01640,SAOUHSC_01639,-1,0.99024147,0.98390657,0.98206586,0.9840777,0.971171,0.9953297,0.98488706,0.9882514,0.98426926,0.98903376,0.9853233754634857,1
SAOUHSC_01639,SAOUHSC_01638,-1,0.9918712,0.98357517,0.98244035,0.98304814,0.97392136,0.99481714,0.9866942,0.988146,0.9836306,0.9888401,0.9856984257698059,1
SAOUHSC_01638,SAOUHSC_01637,-1,0.9899817,0.9843313,0.98206234,0.9843496,0.9712463,0.9953969,0.9846797,0.9882942,0.9844049,0.9890907,0.9853837668895722,1
SAOUHSC_01637,SAOUHSC_01636,-1,0.109871924,0.087395914,0.24643242,0.11398528,0.19782963,0.19298498,0.099530004,0.12776785,0.121071026,0.09358847,0.13904575034976005,0
SAOUHSC_01636,SAOUHSC_01635,-1,0.98027796,0.96196276,0.9724563,0.9735165,0.9271854,0.98137254,0.93894076,0.98218316,0.9834611,0.9805101,0.9681866586208343,1
SAOUHSC_01635,gcvT,-1,0.87281036,0.9016763,0.88325363,0.9468429,0.8802501,0.89460754,0.86223364,0.9309757,0.8582788,0.9554519,0.8986380875110627,1
gcvT,SAOUHSC_01633,-1,0.9808984,0.97421354,0.97804487,0.98262477,0.9354603,0.95804226,0.9846549,0.97924906,0.96960866,0.9822823,0.972507905960083,1
SAOUHSC_01633,SAOUHSC_01632,-1,0.9879475,0.9707008,0.97045714,0.971482,0.93097675,0.9862342,0.96414983,0.9771677,0.983448,0.97551346,0.9718077421188355,1
SAOUHSC_01632,SAOUHSC_01629,-1,0.051537,0.032732595,0.090121776,0.011241709,0.03293732,0.12795341,0.040839836,0.019893099,0.053134464,0.011441269,0.04718324784189463,0
SAOUHSC_01629,SAOUHSC_01626,-1,0.15038793,0.2032513,0.16934364,0.0081683695,0.073852256,0.17220011,0.059392888,0.13162768,0.07042668,0.0071000108,0.10457508624531328,0
SAOUHSC_01626,SAOUHSC_01625,-1,0.94819,0.92611897,0.9545051,0.93046504,0.92199844,0.90705997,0.98045707,0.90184003,0.93543166,0.95836174,0.9364427983760834,1
SAOUHSC_01625,SAOUHSC_01624,-1,0.091596864,0.11988145,0.27977797,0.0036085597,0.06568843,0.1978023,0.07149017,0.11288373,0.026738063,0.093103364,0.10625709122978151,0
SAOUHSC_01624,SAOUHSC_01623,-1,0.98495996,0.9701233,0.9684255,0.96472,0.9296297,0.968391,0.971086,0.97894484,0.98098475,0.9750163,0.9692281365394593,1
SAOUHSC_01623,SAOUHSC_01622,-1,0.989584,0.99104905,0.99007237,0.9931168,0.985573,0.98906285,0.9988841,0.9835041,0.9758929,0.98602915,0.9882768332958222,1
SAOUHSC_01622,nusB,-1,0.9456087,0.9468702,0.9707496,0.9907704,0.9497834,0.98390406,0.97979975,0.95655805,0.9565471,0.9669672,0.9647558450698852,1
nusB,xseA,-1,0.99083745,0.99121284,0.9922569,0.995566,0.9779097,0.97924626,0.99551874,0.9893241,0.9842539,0.98813576,0.9884261608123779,1
xseA,SAOUHSC_01619,-1,0.9879632,0.98150843,0.96997184,0.96466815,0.96116936,0.98686475,0.99008864,0.97411484,0.9766855,0.9710761,0.9764110803604126,1
SAOUHSC_01619,SAOUHSC_01618,-1,0.98855555,0.979186,0.9722596,0.9623965,0.9572668,0.98416847,0.9718148,0.9830016,0.9879345,0.96994036,0.9756524205207825,1
SAOUHSC_01618,SAOUHSC_01617,-1,0.20924072,0.22870791,0.21037878,0.040474232,0.13883728,0.2872242,0.43180168,0.27173606,0.048963554,0.15476729,0.20221317000687122,0
SAOUHSC_01617,SAOUHSC_01615,-1,0.9759889,0.97740924,0.96308273,0.99059415,0.93874556,0.95397943,0.9908295,0.97653955,0.9668551,0.9811343,0.9715158522129059,1
SAOUHSC_01615,SAOUHSC_01614,-1,0.8730243,0.8759414,0.89932746,0.8937707,0.8298742,0.91710997,0.9183746,0.8412152,0.89963126,0.92775196,0.8876021027565002,1
SAOUHSC_01614,SAOUHSC_01613,-1,0.99153274,0.9912688,0.9919405,0.9906407,0.97630847,0.98128873,0.99888194,0.9890245,0.9773885,0.9899527,0.9878227591514588,1
SAOUHSC_01613,SAOUHSC_01612,-1,0.99037045,0.97964835,0.9797167,0.9775586,0.95284843,0.9890427,0.98654675,0.9817621,0.98675334,0.9803574,0.9804604887962342,1
SAOUHSC_01612,SAOUHSC_01611,-1,0.99046624,0.9784412,0.98237747,0.9755493,0.964368,0.9781353,0.9920148,0.9660809,0.98124987,0.97781575,0.9786498785018921,1
SAOUHSC_01611,SAOUHSC_01610,-1,0.5576672,0.38314894,0.6968478,0.10968328,0.30496287,0.67137015,0.4775755,0.39130244,0.16973324,0.3220409,0.40843323096632955,0
SAOUHSC_01610,SAOUHSC_01609,-1,0.9914861,0.9844674,0.99596834,0.99149644,0.97842395,0.984389,0.99915504,0.9892806,0.9870585,0.9880865,0.9889811873435974,1
SAOUHSC_01609,SAOUHSC_01606,-1,0.19664524,0.5209705,0.47596648,0.26456627,0.29924282,0.4375708,0.35171038,0.21166378,0.07530394,0.1797527,0.30133929550647737,0
SAOUHSC_01606,SAOUHSC_01605,-1,0.8628399,0.8534176,0.7273751,0.70898926,0.83115554,0.7548136,0.75905716,0.73831266,0.8201465,0.85208327,0.7908190548419952,1
SAOUHSC_01605,SAOUHSC_01604,-1,0.48316684,0.3330218,0.6503537,0.21329758,0.31602073,0.6099577,0.5952606,0.31093124,0.0996235,0.38236496,0.3993998676538467,0
SAOUHSC_01604,SAOUHSC_01603,-1,0.9860772,0.97448546,0.9731596,0.95024055,0.96522164,0.98653674,0.9875334,0.9730726,0.9833919,0.96958554,0.9749304592609406,1
SAOUHSC_01603,SAOUHSC_01602,-1,0.9773476,0.9625754,0.9690252,0.940012,0.91273534,0.96715605,0.93862253,0.9763782,0.9863281,0.95107734,0.958125776052475,1
SAOUHSC_01602,SAOUHSC_01601,-1,0.9741031,0.9663363,0.98265594,0.9853375,0.9478234,0.9479402,0.9900707,0.97338796,0.9620591,0.9751725,0.9704886674880981,1
SAOUHSC_01601,SAOUHSC_01598,-1,0.0012907571,0.0017226844,0.00067966926,0.0011015523,0.0045119193,0.008196301,0.0005348499,0.0018886952,0.0036761365,0.00040016873,0.002400273343664594,0
SAOUHSC_01598,SAOUHSC_01596,-1,0.03171127,0.04170488,0.017170554,0.019561742,0.026526373,0.08103828,0.033797614,0.010667779,0.027938543,0.00612941,0.029624644294381143,0
SAOUHSC_01596,SAOUHSC_01595,-1,0.99023426,0.9939585,0.98475987,0.98724985,0.9836622,0.9915445,0.995242,0.9843193,0.9841451,0.9920853,0.9887200832366944,1
SAOUHSC_01595,SAOUHSC_01593,-1,0.00057022035,0.0018569195,0.0002603837,0.00043337242,0.0043176883,0.007436882,0.00031396706,0.0010920521,0.0019334495,0.00025542104,0.0018470355746103451,0
SAOUHSC_01593,SAOUHSC_01592,-1,0.6744774,0.7057615,0.4956129,0.36605778,0.6310951,0.5864901,0.3075053,0.58362573,0.5170123,0.55089426,0.5418532371520997,1
SAOUHSC_01592,SAOUHSC_01591,-1,0.91623837,0.6373178,0.9259243,0.48056293,0.70704645,0.884358,0.74314475,0.72894925,0.83562285,0.8197619,0.7678926527500153,1
SAOUHSC_01591,SAOUHSC_01589,-1,0.11929159,0.15676813,0.06952932,0.02639249,0.047204334,0.15462364,0.117714085,0.07376179,0.049571324,0.017558934,0.08324156347662211,0
SAOUHSC_01589,SAOUHSC_01588,-1,0.99066645,0.97428894,0.97645086,0.972798,0.95439607,0.9860715,0.97678566,0.9836345,0.9830624,0.97627646,0.9774430811405181,1
SAOUHSC_01588,SAOUHSC_01587,-1,0.990407,0.9792312,0.976661,0.9798663,0.9564904,0.9898636,0.9856736,0.98565465,0.9860979,0.98253435,0.9812479972839355,1
SAOUHSC_01587,SAOUHSC_01586,-1,0.8044424,0.7408046,0.72536564,0.52653575,0.6875311,0.71694696,0.37874928,0.7699538,0.7727849,0.73798454,0.6861098974943161,1
SAOUHSC_01586,SAOUHSC_01585,-1,0.99150366,0.98015445,0.9875323,0.9884101,0.97897094,0.9866612,0.99131715,0.9854653,0.9924747,0.98776376,0.9870253562927246,1
SAOUHSC_01585,SAOUHSC_01584,-1,0.69519675,0.56174004,0.59879255,0.5884592,0.6337803,0.81377804,0.7767493,0.68748736,0.50243855,0.9080394,0.6766461491584778,1
SAOUHSC_01584,SAOUHSC_01583,-1,0.98710656,0.9790199,0.9794153,0.9816523,0.9586048,0.992405,0.9696714,0.9868583,0.98510194,0.9870207,0.9806856215000153,1
SAOUHSC_01583,SAOUHSC_01580,-1,0.45642087,0.5498858,0.66683674,0.83435476,0.5543533,0.72901356,0.70083743,0.6528244,0.6251433,0.7619045,0.6531574636697769,1
SAOUHSC_01580,SAOUHSC_A01514,-1,0.00022713603,0.0004589341,0.0006450029,0.0003038626,0.002375019,0.006373665,0.0009425069,0.00058929226,0.0011547188,0.0002119292,0.0013282066604006105,0
SAOUHSC_A01514,SAOUHSC_01574,-1,0.9846526,0.9568421,0.970725,0.96438295,0.9149062,0.98262596,0.9435647,0.97375184,0.98744464,0.9649893,0.9643885314464569,1
SAOUHSC_01574,SAOUHSC_01573,-1,0.9708623,0.9581326,0.98907983,0.9949763,0.9533794,0.97650427,0.9781228,0.9607559,0.9441444,0.98334074,0.9709298551082611,1
SAOUHSC_01573,SAOUHSC_01571,-1,0.011907483,0.00572928,0.0044995504,0.0062233093,0.0074232304,0.024795517,0.005773262,0.004252632,0.019418243,0.003963106,0.00939856143668294,0
SAOUHSC_01571,SAOUHSC_01570,-1,0.7911124,0.7653582,0.73014015,0.70183814,0.7269142,0.71548206,0.74514216,0.88220906,0.6644432,0.7877538,0.751039344072342,1
SAOUHSC_01570,SAOUHSC_01569,-1,0.97722304,0.75323105,0.9392857,0.7096879,0.6457544,0.928916,0.9112008,0.9376521,0.8008976,0.48539892,0.8089247494935989,1
SAOUHSC_01569,SAOUHSC_01568,-1,0.13446385,0.20852686,0.38687485,0.24908538,0.14001308,0.23278375,0.3053849,0.07214523,0.10409424,0.3986164,0.22319885566830636,0
SAOUHSC_01568,SAOUHSC_01567,-1,0.967356,0.9583646,0.9575393,0.9845677,0.957909,0.9504524,0.96761554,0.92502886,0.93152785,0.986867,0.9587228298187256,1
SAOUHSC_01567,SAOUHSC_01566,-1,0.98592526,0.98573446,0.9819046,0.9841471,0.9666717,0.9952459,0.98055124,0.98767316,0.9844228,0.9889821,0.9841258287429809,1
SAOUHSC_01566,SAOUHSC_01565,-1,0.99033827,0.9907443,0.99166304,0.98790956,0.98241544,0.991914,0.9817359,0.9860221,0.98440695,0.9955458,0.9882695317268372,1
SAOUHSC_01565,SAOUHSC_01563,-1,0.99263096,0.9925515,0.99395597,0.9925276,0.9892085,0.994058,0.99739355,0.9739694,0.98850757,0.9867353,0.9901538372039795,1
SAOUHSC_01563,SAOUHSC_01562,-1,0.99245816,0.9963568,0.9862886,0.9956368,0.99246097,0.9957192,0.99488735,0.9864852,0.98691696,0.98814094,0.991535097360611,1
SAOUHSC_01562,SAOUHSC_01561,-1,0.98382527,0.9587881,0.97097474,0.9703986,0.9223448,0.9824369,0.94674397,0.98007685,0.98436815,0.9752704,0.9675227761268616,1
SAOUHSC_01561,SAOUHSC_01560,-1,0.98890036,0.9760414,0.9702114,0.9750629,0.94128305,0.98904496,0.97774893,0.9766925,0.9832105,0.9794058,0.9757601797580719,1
SAOUHSC_01560,SAOUHSC_01559,-1,0.9855328,0.96874446,0.979105,0.9814562,0.96700627,0.984325,0.97274035,0.9574682,0.9735626,0.97930557,0.974924647808075,1
SAOUHSC_01559,SAOUHSC_01558,-1,0.9331173,0.93154174,0.91355014,0.8758013,0.93171513,0.91596353,0.72947395,0.9121997,0.7875599,0.9599631,0.8890885770320892,1
SAOUHSC_01558,SAOUHSC_01557,-1,0.96327555,0.95876515,0.9727626,0.83537155,0.95258284,0.96698886,0.98664707,0.9320969,0.91833365,0.9811995,0.9468023657798768,1
SAOUHSC_01557,SAOUHSC_01556,-1,0.98321545,0.97447455,0.9686009,0.989553,0.97037995,0.95768136,0.984107,0.9848043,0.9566614,0.98606163,0.9755539536476135,1
SAOUHSC_01556,SAOUHSC_01555,-1,0.9883059,0.9667578,0.9749195,0.972254,0.939067,0.9893505,0.964378,0.98015094,0.98636043,0.9789305,0.97404745221138,1
SAOUHSC_01555,SAOUHSC_01553,-1,0.012765099,0.027594082,0.01041816,0.0030334743,0.015038151,0.02826729,0.020231145,0.016469343,0.014617312,0.0015375393,0.014997159549966454,0
SAOUHSC_01553,SAOUHSC_01552,-1,0.98740107,0.9528132,0.9833297,0.9562108,0.95730203,0.9662357,0.9917467,0.9823482,0.9527002,0.98737293,0.9717460572719574,1
SAOUHSC_01552,SAOUHSC_01551,-1,0.49052036,0.5529735,0.69136107,0.8102739,0.7551165,0.5259245,0.57243544,0.382773,0.53652096,0.63247126,0.5950370520353317,1
SAOUHSC_01551,SAOUHSC_01550,-1,0.9899337,0.9747649,0.97210205,0.97953075,0.95642424,0.9897086,0.97055686,0.98353106,0.9821876,0.9845278,0.9783267617225647,1
SAOUHSC_01550,SAOUHSC_01549,-1,0.9891301,0.97267133,0.9783243,0.97522867,0.95831746,0.99244326,0.9754047,0.9822676,0.984643,0.98540395,0.9793834328651428,1
SAOUHSC_01549,SAOUHSC_01548,-1,0.22094977,0.17750742,0.21369366,0.071646154,0.11218417,0.24311781,0.10567798,0.19054462,0.13416223,0.15551035,0.1624994158744812,0
SAOUHSC_01548,SAOUHSC_01547,-1,0.98162144,0.9920347,0.95726234,0.96827155,0.9576956,0.9728176,0.9820051,0.96980745,0.9670328,0.9832825,0.9731831073760986,1
SAOUHSC_01547,SAOUHSC_01546,-1,0.9898918,0.9872676,0.9834818,0.97869056,0.9742305,0.9923259,0.98612934,0.98549503,0.9743934,0.98677677,0.9838682830333709,1
SAOUHSC_01546,SAOUHSC_01545,-1,0.9911051,0.9841878,0.98242503,0.984176,0.9733518,0.9953572,0.98628026,0.9884226,0.98410714,0.9891895,0.9858602344989776,1
SAOUHSC_01545,SAOUHSC_01543,-1,0.02928863,0.032727703,0.031014642,0.1411175,0.095041856,0.09658878,0.20858093,0.05350216,0.115446575,0.050817795,0.08541265688836575,0
SAOUHSC_01543,SAOUHSC_01542,-1,0.9825392,0.9861525,0.9814499,0.98319733,0.9623397,0.9946327,0.9768627,0.986943,0.98398864,0.9887562,0.9826861917972565,1
SAOUHSC_01542,SAOUHSC_01541,-1,0.9881474,0.9710799,0.9777072,0.9774851,0.96865124,0.988802,0.98964965,0.9698997,0.96397793,0.9905481,0.978594821691513,1
SAOUHSC_01541,SAOUHSC_01540,-1,0.9467708,0.9257765,0.9362101,0.925056,0.90765184,0.96141833,0.94662577,0.89176756,0.77035,0.978383,0.9190009832382202,1
SAOUHSC_01540,SAOUHSC_01539,-1,0.21653916,0.035411466,0.06646754,0.0395361,0.14627203,0.13279484,0.04306963,0.14749473,0.076792076,0.10416678,0.10085443630814553,0
SAOUHSC_01539,SAOUHSC_01538,-1,0.98023015,0.9862535,0.98102856,0.9823147,0.9591808,0.9940842,0.9744698,0.9864339,0.9835159,0.98858005,0.9816091537475586,1
SAOUHSC_01538,SAOUHSC_01537,-1,0.9894276,0.9857537,0.985241,0.99272877,0.9695988,0.9884468,0.9881037,0.9727364,0.9785271,0.9827625,0.9833326458930969,1
SAOUHSC_01537,SAOUHSC_01536,-1,0.9920544,0.9838527,0.9827269,0.98277354,0.9747253,0.9947801,0.987223,0.9880678,0.9832453,0.9888402,0.9858289301395416,1
SAOUHSC_01536,SAOUHSC_01535,-1,0.977942,0.902943,0.9472711,0.9421984,0.90285075,0.9269722,0.8997822,0.9494572,0.85627985,0.89225256,0.9197949290275573,1
SAOUHSC_01535,SAOUHSC_01533,-1,0.98120296,0.9858104,0.96489483,0.9886088,0.9770762,0.98166275,0.9758446,0.9451774,0.9795002,0.94883853,0.9728616595268249,1
SAOUHSC_01533,SAOUHSC_01532,-1,0.8828968,0.7900008,0.88084584,0.9078733,0.734172,0.8546859,0.85492057,0.65669113,0.9134133,0.89503896,0.8370538532733918,1
SAOUHSC_01532,SAOUHSC_01531,-1,0.9908827,0.98428273,0.9823936,0.98429775,0.9730459,0.99540854,0.9860479,0.9884359,0.9841926,0.98920804,0.9858195722103119,1
SAOUHSC_01531,SAOUHSC_01530,-1,0.99136055,0.9840686,0.982457,0.98397005,0.97369766,0.9952739,0.986537,0.98838156,0.9839752,0.9891491,0.9858870506286621,1
SAOUHSC_01530,SAOUHSC_01529,-1,0.98639935,0.98324007,0.9941434,0.9903949,0.95668536,0.9805252,0.9467523,0.95787865,0.9684062,0.98734236,0.9751767814159393,1
SAOUHSC_01529,SAOUHSC_01528,-1,0.774108,0.8640677,0.8369143,0.91616976,0.78902507,0.85506403,0.88097495,0.8651618,0.79796195,0.81342846,0.8392875969409943,1
SAOUHSC_01528,SAOUHSC_01527,-1,0.97592735,0.9105707,0.83524173,0.9296036,0.9355181,0.9360129,0.9450758,0.90890867,0.8658829,0.9663709,0.9209112584590912,1
SAOUHSC_01527,SAOUHSC_01526,-1,0.95117825,0.9639118,0.99060076,0.9819585,0.9737116,0.98557574,0.96309185,0.9715686,0.97379297,0.9853593,0.9740749359130859,1
SAOUHSC_01526,SAOUHSC_01525,-1,0.97038925,0.96168756,0.9720699,0.9818626,0.8949092,0.95022833,0.9750457,0.9898252,0.9112257,0.9721586,0.9579402029514312,1
SAOUHSC_01525,SAOUHSC_01524,-1,0.9898635,0.98727775,0.9833981,0.97860736,0.97414005,0.99230397,0.98606014,0.9854378,0.97437006,0.98674,0.9838198721408844,1
SAOUHSC_01524,SAOUHSC_01523,-1,0.9828504,0.96513677,0.9755177,0.9808176,0.93388706,0.9781613,0.9773365,0.98025095,0.9767482,0.96894264,0.9719649136066437,1
SAOUHSC_01523,SAOUHSC_01522,-1,0.9909504,0.986095,0.9834194,0.97869813,0.9745999,0.9928695,0.9867233,0.9861585,0.9780043,0.9872395,0.9844757914543152,1
SAOUHSC_01522,SAOUHSC_01521,-1,0.8411793,0.8760574,0.8509452,0.7198402,0.71973294,0.8101081,0.831901,0.7595672,0.75743675,0.7172254,0.7883993506431579,1
SAOUHSC_01521,SAOUHSC_01520,-1,0.99180424,0.98390645,0.98255205,0.9834102,0.97432476,0.99503285,0.98693544,0.9882327,0.98365736,0.9890016,0.9858857572078705,1
SAOUHSC_01520,SAOUHSC_01519,-1,0.99176604,0.9851197,0.9834622,0.9799073,0.97520113,0.9934928,0.98722714,0.98700243,0.9805778,0.98779815,0.9851554691791534,1
SAOUHSC_01519,SAOUHSC_01518,-1,0.9921572,0.9841824,0.98302746,0.981386,0.97514194,0.9942424,0.98740494,0.98757404,0.9822676,0.9884257,0.985580974817276,1
SAOUHSC_01518,SAOUHSC_01517,-1,0.78706187,0.8059624,0.8090758,0.9258721,0.88553035,0.8738565,0.9326804,0.90296876,0.81987125,0.93542176,0.867830115556717,1
SAOUHSC_01517,SAOUHSC_01516,-1,0.81167126,0.9272396,0.94002366,0.9668013,0.9085239,0.97091836,0.9606297,0.9474323,0.8960055,0.8849644,0.9214209973812103,1
SAOUHSC_01516,SAOUHSC_01515,-1,0.9878867,0.97866863,0.99452275,0.9944492,0.97338474,0.96385396,0.994267,0.990434,0.9638521,0.98295987,0.9824278950691223,1
SAOUHSC_01515,SAOUHSC_01514,-1,0.0135499025,0.03698867,0.019007333,0.005593567,0.027396468,0.037445366,0.015341012,0.01212267,0.0112403,0.0020804834,0.01807657703757286,0
SAOUHSC_01514,SAOUHSC_01513,-1,0.57846636,0.64851916,0.4811825,0.78817457,0.5471926,0.7115531,0.75890344,0.38170865,0.6382885,0.7572612,0.6291250050067901,1
SAOUHSC_01513,SAOUHSC_01512,-1,0.7888169,0.7091299,0.9124839,0.4731482,0.7902258,0.83853894,0.75239927,0.5964414,0.6824912,0.82957345,0.7373248964548111,1
SAOUHSC_01512,SAOUHSC_01511,-1,0.93531436,0.9557888,0.96073824,0.9854067,0.9300274,0.9386484,0.98476666,0.9331819,0.8787909,0.9733701,0.9476033449172974,1
SAOUHSC_01511,SAOUHSC_01510,-1,0.9914839,0.98455244,0.982529,0.9796521,0.9719084,0.9925422,0.9854429,0.9850448,0.980639,0.98679745,0.98405921459198,1
SAOUHSC_01510,SAOUHSC_01508,-1,0.95879656,0.95841694,0.97939485,0.97700304,0.94876087,0.95641035,0.9889472,0.98110026,0.96502715,0.9771724,0.9691029608249664,1
SAOUHSC_01508,SAOUHSC_01507,-1,0.65831554,0.89539343,0.9095872,0.8840193,0.81435853,0.87467426,0.94531846,0.83314896,0.7788759,0.8767782,0.8470469772815704,1
SAOUHSC_01507,SAOUHSC_01505,-1,0.17351167,0.18528421,0.25836796,0.23604088,0.40347034,0.38847172,0.30876312,0.22631957,0.19886105,0.43562627,0.2814716771245003,0
SAOUHSC_01505,SAOUHSC_01503,-1,0.16266963,0.10926217,0.2113757,0.011656608,0.06964246,0.25997058,0.07475402,0.09609969,0.08091423,0.024600713,0.11009457949548959,0
SAOUHSC_01503,SAOUHSC_01502,-1,0.9867844,0.948609,0.96347386,0.9564809,0.94507265,0.9739108,0.9700464,0.9824664,0.9790289,0.97449183,0.9680365145206451,1
SAOUHSC_01502,SAOUHSC_01501,-1,0.81852615,0.73892444,0.5335332,0.67660815,0.6944811,0.7916854,0.62685394,0.66863763,0.7802547,0.66247463,0.6991979360580445,1
SAOUHSC_01501,SAOUHSC_01500,-1,0.33672562,0.32813102,0.9377742,0.0793367,0.24077073,0.47367677,0.53825736,0.19298814,0.10160577,0.63611645,0.3865382745862007,0
SAOUHSC_01500,SAOUHSC_01499,-1,0.34650913,0.5333174,0.43543985,0.19445999,0.284713,0.41703558,0.49579352,0.5203908,0.18190777,0.36651143,0.3776078477501869,0
SAOUHSC_01499,cmk,-1,0.044730414,0.027038347,0.034232657,0.013467478,0.029377136,0.084251106,0.015445726,0.013970863,0.03680121,0.0058903154,0.03052052538841963,0
cmk,SAOUHSC_01495,-1,0.97372955,0.9798106,0.9825382,0.99404556,0.9678814,0.9704865,0.99481595,0.97811264,0.9673169,0.9897026,0.9798439919948578,1
SAOUHSC_01495,SAOUHSC_A01436,-1,0.044487182,0.062188316,0.05122545,0.0068052947,0.02747522,0.08277619,0.0347599,0.06248069,0.040104058,0.052276906,0.046457920735701916,0
SAOUHSC_A01436,rpsA,-1,0.16187236,0.2421314,0.055017438,0.02884879,0.08923924,0.18887112,0.08613744,0.31250742,0.14746745,0.1303836,0.14424762390553952,0
rpsA,engA,-1,0.62133366,0.32864618,0.77580345,0.17539173,0.36279702,0.5100239,0.43327737,0.25908113,0.20432386,0.48914003,0.4159818321466446,0
engA,gpsA,-1,0.9881973,0.9445231,0.98426443,0.96978134,0.9448651,0.94990677,0.9953738,0.95447797,0.97385085,0.93475264,0.963999330997467,1
gpsA,SAOUHSC_01490,-1,0.39579767,0.4855835,0.5282031,0.19825193,0.3892581,0.43941343,0.5434538,0.44108617,0.2215598,0.64556724,0.4288174778223038,0
SAOUHSC_01490,SAOUHSC_01488,-1,0.6692351,0.62797445,0.6592852,0.5193431,0.22159785,0.64149356,0.69418025,0.50602436,0.15001298,0.059819482,0.4748966313898563,0
SAOUHSC_01488,ubiE,-1,0.8199813,0.8559295,0.8624506,0.9406015,0.82574326,0.8781539,0.7452067,0.8165334,0.7159299,0.969502,0.8430032074451447,1
ubiE,SAOUHSC_01486,-1,0.99281126,0.99477184,0.9973612,0.9968575,0.9906237,0.9931638,0.9991466,0.9929605,0.9900082,0.9947789,0.9942483484745026,1
SAOUHSC_01486,ndk,-1,0.5441834,0.57870644,0.86174464,0.17891605,0.64522904,0.6967351,0.802608,0.5067994,0.38345003,0.6303054,0.5828677490353584,1
ndk,SAOUHSC_01484,-1,0.11145501,0.10032124,0.18915328,0.050003875,0.058087934,0.26705292,0.16791987,0.0981177,0.043397084,0.21650161,0.1302010528743267,0
SAOUHSC_01484,SAOUHSC_01483,-1,0.11063316,0.21063174,0.16188996,0.10360724,0.15123875,0.21492599,0.13461399,0.21358964,0.13092127,0.19249879,0.16245505288243295,0
SAOUHSC_01483,aroB,-1,0.9896274,0.98760134,0.98669696,0.9897682,0.9677801,0.97805375,0.9947801,0.97587335,0.97853446,0.9911261,0.9839841842651367,1
aroB,SAOUHSC_01481,-1,0.98875993,0.9773906,0.9930356,0.9902977,0.9582353,0.9695956,0.99817693,0.9878563,0.9761264,0.9904413,0.9829915702342987,1
SAOUHSC_01481,SAOUHSC_01480,-1,0.7264341,0.79816145,0.77145207,0.76067716,0.6947979,0.86586535,0.91295356,0.54609615,0.87297,0.7994317,0.7748839378356933,1
SAOUHSC_01480,SAOUHSC_01479,-1,0.9915451,0.9746525,0.9923293,0.99655473,0.971691,0.9850795,0.9967404,0.98691285,0.9803943,0.98886603,0.9864765763282776,1
SAOUHSC_01479,SAOUHSC_01478,-1,0.98919743,0.9688435,0.9748054,0.9743029,0.95072484,0.9871168,0.9716607,0.9783894,0.9885131,0.97558486,0.9759138941764831,1
SAOUHSC_01478,SAOUHSC_01477,-1,0.7825493,0.74814063,0.6277246,0.57227165,0.7592563,0.77948505,0.64571124,0.74548346,0.7238276,0.79236615,0.71768159866333,1
SAOUHSC_01477,SAOUHSC_01476,-1,0.06806041,0.061969988,0.11619258,0.0105468165,0.043598052,0.16678752,0.16774604,0.066299126,0.04503472,0.0960369,0.08422721568495035,0
SAOUHSC_01476,SAOUHSC_01475,-1,0.16306914,0.31996518,0.24190477,0.12108379,0.18759866,0.3051014,0.17158207,0.3205823,0.2478777,0.30004787,0.237881288677454,0
SAOUHSC_01475,SAOUHSC_01474,-1,0.99205065,0.9917004,0.9942073,0.9907399,0.9824938,0.98250914,0.9985633,0.98999107,0.98010767,0.9847399,0.9887103140354156,1
SAOUHSC_01474,SAOUHSC_01473,-1,0.9921616,0.97904885,0.980722,0.98147726,0.9689581,0.9907147,0.99028516,0.9842784,0.9866577,0.9810777,0.9835381388664246,1
SAOUHSC_01473,SAOUHSC_01472,-1,0.94896716,0.9003916,0.9409165,0.9447267,0.905715,0.95178425,0.94746333,0.94008595,0.9493453,0.9386141,0.9368009805679322,1
SAOUHSC_01472,asnC,-1,0.8025451,0.6679772,0.5060439,0.48816228,0.5945634,0.7018608,0.42528307,0.49427387,0.6716236,0.5316882,0.5884021431207657,1
asnC,SAOUHSC_01470,-1,0.2612846,0.14475001,0.30928144,0.07985441,0.16066727,0.38128716,0.29446435,0.14948657,0.15262285,0.11943379,0.2053132437169552,0
SAOUHSC_01470,SAOUHSC_01469,-1,0.98841035,0.955567,0.9709948,0.9557416,0.9504824,0.97121364,0.9834646,0.9818576,0.9789525,0.97344667,0.9710131168365479,1
SAOUHSC_01469,SAOUHSC_01468,-1,0.98820674,0.9889224,0.97105026,0.9798353,0.95779973,0.9858821,0.988608,0.9767911,0.98572445,0.9863559,0.9809175968170166,1
SAOUHSC_01468,SAOUHSC_01464,-1,0.00015080652,0.00054651033,0.00028328394,0.00016613095,0.0010886908,0.0028126694,8.254562e-05,0.00027609576,0.0005454654,9.427184e-05,0.0006046470552973915,0
SAOUHSC_01464,SAOUHSC_01463,-1,0.98250777,0.971944,0.9592656,0.9809329,0.94578934,0.95513254,0.9650932,0.976451,0.96963245,0.9786852,0.968543392419815,1
SAOUHSC_01463,SAOUHSC_01462,-1,0.9858168,0.9858323,0.9898962,0.9906721,0.9707115,0.99121445,0.99760824,0.96584004,0.9859585,0.97930646,0.9842856585979461,1
SAOUHSC_01462,SAOUHSC_01460,-1,0.0064549986,0.017108088,0.012924415,0.0017209405,0.019118633,0.021263879,0.003822809,0.0048820637,0.005629537,0.0024969154,0.009542227978818119,0
SAOUHSC_01460,SAOUHSC_01459,-1,0.77974826,0.80044836,0.8173803,0.7612608,0.7661315,0.78175104,0.87777287,0.7146554,0.63707304,0.782661,0.7718882620334625,1
SAOUHSC_01459,SAOUHSC_01455,-1,0.09506724,0.23557733,0.47072518,0.09071762,0.10355945,0.2915245,0.038713407,0.07291407,0.08124891,0.08239991,0.15624476186931133,0
SAOUHSC_01455,SAOUHSC_01454,-1,0.9902694,0.98312825,0.98263896,0.98370236,0.97261626,0.972806,0.9975786,0.96921474,0.96743405,0.9831878,0.9802576422691345,1
SAOUHSC_01454,SAOUHSC_01452,-1,0.27939773,0.38474196,0.3899633,0.20835954,0.20688538,0.35163942,0.39049152,0.30426294,0.204493,0.2605216,0.29807563722133634,0
SAOUHSC_01452,SAOUHSC_01451,-1,0.8485862,0.8953313,0.92267364,0.9091274,0.84078914,0.91339487,0.9437764,0.83680475,0.94195515,0.93016833,0.8982607245445251,1
SAOUHSC_01451,SAOUHSC_01450,-1,0.99010974,0.9942109,0.992984,0.99285823,0.98594725,0.98570764,0.99858105,0.9875659,0.98396486,0.9867329,0.9898662447929383,1
SAOUHSC_01450,SAOUHSC_01448,-1,0.6532282,0.6185112,0.8823535,0.3068644,0.77912575,0.6990484,0.86652964,0.46901157,0.47391233,0.65684,0.6405425041913986,1
SAOUHSC_01448,SAOUHSC_01447,-1,0.9857958,0.92608243,0.94828176,0.95629174,0.9282968,0.9162049,0.9586038,0.9221736,0.9607545,0.9312842,0.9433769583702087,1
SAOUHSC_01447,SAOUHSC_01441,-1,0.8272227,0.85432416,0.77624995,0.80083513,0.8222299,0.81737715,0.7587651,0.4880326,0.84850556,0.7233642,0.771690645813942,1
SAOUHSC_01441,SAOUHSC_01439,-1,0.004405683,0.01039408,0.019136386,0.024391342,0.018445715,0.068665184,0.03567519,0.006211663,0.017388029,0.006828516,0.021154178818687797,0
SAOUHSC_01439,SAOUHSC_01438,-1,0.93657523,0.94723153,0.97203076,0.98396826,0.93161774,0.94063807,0.94776785,0.97804815,0.95591563,0.9749044,0.95686976313591,1
SAOUHSC_01438,SAOUHSC_01437,-1,0.91885144,0.94520235,0.9721422,0.9817358,0.8766302,0.9133537,0.90841967,0.94471306,0.93613815,0.97699195,0.9374178528785706,1
SAOUHSC_01437,SAOUHSC_01436,-1,0.99228233,0.99266654,0.99412495,0.9921587,0.9757256,0.98793095,0.99890363,0.9814308,0.9791876,0.9922943,0.9886705458164216,1
SAOUHSC_01436,thyA,-1,0.3109523,0.55624557,0.61878216,0.09270352,0.29641822,0.5452593,0.23444831,0.19443657,0.2443865,0.2756206,0.33692530542612076,0
thyA,SAOUHSC_01434,-1,0.670493,0.7101691,0.7983904,0.6754261,0.70945644,0.8017735,0.89490837,0.7483077,0.7243608,0.7659888,0.7499274253845215,1
SAOUHSC_01434,SAOUHSC_01433,-1,0.987382,0.9891637,0.99127495,0.9842665,0.96660656,0.98837936,0.9916872,0.98933375,0.9821237,0.9930433,0.9863260984420776,1
SAOUHSC_01433,SAOUHSC_01432,-1,0.7337508,0.84129703,0.85456145,0.90158826,0.7777572,0.8372158,0.88317865,0.84768194,0.8922279,0.86210144,0.8431360483169555,1
SAOUHSC_01432,SAOUHSC_01431,-1,0.9907371,0.97465175,0.97504944,0.97781634,0.9582055,0.9891719,0.9738279,0.98100543,0.9856591,0.98023146,0.978635597229004,1
SAOUHSC_01431,SAOUHSC_01430,-1,0.9849076,0.9583368,0.9862885,0.94585663,0.9406107,0.96483475,0.98967725,0.96481824,0.97349334,0.97748405,0.9686307847499848,1
SAOUHSC_01430,SAOUHSC_01429,-1,0.98886096,0.97984415,0.97965884,0.9765041,0.9663984,0.9860895,0.9868181,0.975047,0.9869806,0.97824126,0.9804442942142486,1
SAOUHSC_01429,SAOUHSC_01427,-1,0.6077961,0.43906865,0.7835458,0.08891231,0.31092554,0.37154505,0.30855903,0.28966424,0.16367662,0.37259513,0.37362884283065795,0
SAOUHSC_01427,SAOUHSC_01425,-1,0.5893357,0.7978036,0.7670135,0.22639023,0.39694315,0.6315838,0.5546569,0.45835546,0.21577598,0.21698293,0.48548412322998047,0
SAOUHSC_01425,murG,-1,0.98112506,0.9593681,0.9929044,0.963892,0.93236965,0.9436259,0.99433,0.9874996,0.9685897,0.9839043,0.9707608759403229,1
murG,SAOUHSC_01423,-1,0.9906621,0.981687,0.98007464,0.98558724,0.9660331,0.98621494,0.99354255,0.9483553,0.98082644,0.9820887,0.9795072019100189,1
SAOUHSC_01423,SAOUHSC_01422,-1,0.58936644,0.45530528,0.7008435,0.24291058,0.7004903,0.78681797,0.8200877,0.66271,0.3209203,0.7643084,0.6043760433793068,1
SAOUHSC_01422,SAOUHSC_01421,-1,0.2630955,0.33007115,0.22711328,0.04314246,0.32169503,0.4923795,0.22793268,0.33992615,0.22020559,0.3993478,0.28649091348052025,0
SAOUHSC_01421,SAOUHSC_01420,-1,0.09058882,0.1876107,0.10640694,0.18193153,0.10228798,0.14684312,0.08865939,0.16682251,0.07375831,0.1688207,0.13137299939990044,0
SAOUHSC_01420,SAOUHSC_01419,-1,0.9868483,0.97039163,0.9741635,0.9761796,0.9380662,0.98357844,0.97147167,0.9805326,0.9844864,0.9790502,0.9744768500328064,1
SAOUHSC_01419,sucA,-1,0.41377562,0.42362353,0.3397613,0.36390728,0.3978002,0.47891057,0.2832874,0.4257132,0.4521147,0.45382503,0.40327188372612,0
sucA,SAOUHSC_01416,-1,0.99200916,0.9913264,0.9957187,0.9849235,0.9810804,0.98703605,0.99913657,0.9889261,0.9809039,0.9934496,0.9894510447978974,1
SAOUHSC_01416,SAOUHSC_01415,-1,0.507359,0.74758905,0.8841907,0.28462124,0.3438693,0.6453336,0.52972895,0.3617747,0.1200076,0.27910486,0.4703579001128674,0
SAOUHSC_01415,SAOUHSC_01414,-1,0.94738543,0.97336763,0.9945016,0.9466465,0.9452136,0.9689223,0.99068946,0.90811026,0.9336511,0.9798938,0.9588381707668304,1
SAOUHSC_01414,SAOUHSC_01413,-1,0.4897073,0.25889733,0.3067045,0.06663516,0.31779423,0.5805643,0.29719713,0.24026972,0.24854915,0.24924509,0.3055563926696777,0
SAOUHSC_01413,SAOUHSC_01412,-1,0.98191637,0.98188776,0.99303275,0.9912856,0.96565,0.9537964,0.9957232,0.9892492,0.9715216,0.9843118,0.9808374762535095,1
SAOUHSC_01412,SAOUHSC_01411,-1,0.6581585,0.70789146,0.95351213,0.28007042,0.6707714,0.688447,0.91998506,0.50290287,0.3517996,0.68977094,0.642330938577652,1
SAOUHSC_01411,SAOUHSC_01405,-1,0.00045136164,0.0014472405,0.0013499708,0.0004836907,0.0018880366,0.0067221294,0.00027761114,0.0006403408,0.0012550796,0.00012247867,0.0014637939893873408,0
SAOUHSC_01405,SAOUHSC_01403,-1,0.10345375,0.24924202,0.15627253,0.087443314,0.20494467,0.17695946,0.1713342,0.12903874,0.082062125,0.21592084,0.15766716450452806,0
SAOUHSC_01403,SAOUHSC_01402,-1,0.30077183,0.22718397,0.49600014,0.093292855,0.18407646,0.5583102,0.50080204,0.23341596,0.0502597,0.32915848,0.2973271649330854,0
SAOUHSC_01402,SAOUHSC_01391,-1,9.83872e-05,0.00026766674,0.00010365297,4.1706564e-05,0.0009415537,0.001662511,0.00022947391,0.00014027613,0.0007541606,2.4708881e-05,0.00042640976698749,0
SAOUHSC_01391,SAOUHSC_01389,-1,0.29149258,0.2417824,0.4007813,0.08135324,0.13219526,0.46015462,0.51543045,0.24800168,0.031126611,0.14183912,0.2544157266616821,0
SAOUHSC_01389,SAOUHSC_01388,-1,0.9379541,0.93303263,0.98982626,0.96453154,0.88354164,0.9706348,0.996628,0.9386678,0.92050374,0.98018754,0.9515508055686951,1
SAOUHSC_01388,SAOUHSC_01387,-1,0.6810777,0.6781762,0.7807647,0.44762313,0.79359263,0.6611692,0.40858948,0.64124846,0.7461705,0.6686789,0.6507090926170349,1
SAOUHSC_01387,SAOUHSC_01386,-1,0.983401,0.96484584,0.9718741,0.9765441,0.93876123,0.9721826,0.99525684,0.9649636,0.97362,0.98091066,0.9722359955310822,1
SAOUHSC_01386,SAOUHSC_01385,-1,0.9620437,0.9781191,0.98932785,0.98208225,0.958091,0.9734035,0.9878396,0.96523,0.9709962,0.96545565,0.9732588827610016,1
SAOUHSC_01385,SAOUHSC_01384,-1,0.98970544,0.9801924,0.9692827,0.99065214,0.96066475,0.97754395,0.99430585,0.97543573,0.9805225,0.98456997,0.9802875459194184,1
SAOUHSC_01384,SAOUHSC_01382,-1,0.00046826983,0.0014410053,0.0026184816,0.00088802655,0.0010768952,0.0054349536,0.0007481004,0.0005853254,0.00086839666,0.0002507807,0.0014380235224962234,0
SAOUHSC_01382,SAOUHSC_01381,-1,0.9917449,0.98092544,0.9820269,0.98119056,0.97069174,0.99339586,0.9850746,0.9863975,0.98438877,0.9874927,0.9843328893184662,1
SAOUHSC_01381,SAOUHSC_01380,-1,0.19928183,0.30298796,0.24170287,0.09219648,0.21550447,0.41381106,0.113871895,0.2853612,0.25193292,0.11105033,0.22277010083198548,0
SAOUHSC_01380,SAOUHSC_01379,-1,0.9915564,0.9824343,0.98103726,0.9830692,0.97018236,0.9942942,0.98388815,0.98745525,0.983679,0.9882516,0.9845847725868225,1
SAOUHSC_01379,SAOUHSC_01378,-1,0.9914385,0.98131347,0.9815855,0.9834343,0.9683262,0.99342334,0.98091394,0.98777014,0.9850126,0.987782,0.9841000020503998,1
SAOUHSC_01378,SAOUHSC_01377,-1,0.99068654,0.9707414,0.9751779,0.9787974,0.95296985,0.98435503,0.97585565,0.98321265,0.983014,0.98119676,0.9776007115840912,1
SAOUHSC_01377,SAOUHSC_01376,-1,0.75165784,0.6828366,0.7505707,0.7477396,0.8191363,0.83755994,0.8760806,0.62153774,0.48842987,0.746776,0.7322325199842453,1
SAOUHSC_01376,SAOUHSC_01364,-1,7.4568314e-05,0.0007054362,0.0004753819,5.946606e-05,0.00029803798,0.000828683,0.00018097478,0.00015251755,0.00027901135,2.615323e-05,0.00030802304136159366,0
SAOUHSC_01364,SAOUHSC_01362,-1,0.007121732,0.011950424,0.07103748,0.017564587,0.008549456,0.013835702,0.033288848,0.013507371,0.0030359903,0.001489916,0.018138150440063328,0
SAOUHSC_01362,SAOUHSC_01360,-1,0.004908775,0.003930993,0.0067283344,0.0012239972,0.004824378,0.020213397,0.001434374,0.0017896745,0.007155071,0.00040343578,0.00526124300668016,0
SAOUHSC_01360,SAOUHSC_01353,-1,6.738855e-05,0.00036603396,0.0008679235,0.0004197903,0.0004394094,0.0029090066,0.00016638555,0.00014273367,0.00036547065,5.978105e-05,0.0005803923173516523,0
SAOUHSC_01353,SAOUHSC_01350,-1,0.00018692188,0.00032988784,6.197864e-05,0.0008537527,0.001368639,0.004843938,0.0015764207,0.000232456,0.00078977615,0.00020008234,0.0010443853425385896,0
SAOUHSC_01350,SAOUHSC_01349,-1,0.062196575,0.09612692,0.039343953,0.0028068917,0.057847384,0.14134353,0.09642232,0.084764875,0.0705004,0.10370718,0.07550600403919816,0
SAOUHSC_01349,SAOUHSC_1342a,-1,7.9575126e-05,0.00021722047,0.0002490503,0.00016457669,0.0005446248,0.002344871,0.00012880763,0.00014912547,0.00049294886,3.3974302e-05,0.0004404774594149785,0
SAOUHSC_1342a,SAOUHSC_01333,-1,0.00017801923,0.0011565529,0.00096993777,0.000514338,0.00067970325,0.001648348,0.00029346487,0.00026950098,0.00030979223,3.7386824e-05,0.0006057044156477787,0
SAOUHSC_01333,SAOUHSC_01331,-1,0.005638852,0.0046086838,0.0026447147,0.0015148758,0.0023149722,0.012385908,0.0029854237,0.0009876738,0.0060304487,0.0011202737,0.004023182566743344,0
SAOUHSC_01331,SAOUHSC_01326,-1,0.00017372625,0.00062162476,0.00030601138,8.7639615e-05,0.001069494,0.0022579697,0.00017996466,0.0003939243,0.0006293346,4.9830684e-05,0.0005769519993918948,0
SAOUHSC_01326,SAOUHSC_01325,-1,0.8674049,0.7436765,0.8736776,0.19592275,0.652533,0.8431522,0.8309841,0.637171,0.56784314,0.5293279,0.6741693094372749,1
SAOUHSC_01325,SAOUHSC_01324,-1,0.98540324,0.9820121,0.9779744,0.9810722,0.9583704,0.9928992,0.97096515,0.98539525,0.9839272,0.98719,0.9805209100246429,1
SAOUHSC_01324,SAOUHSC_01319,-1,0.000400953,0.00067195145,0.00191894,0.0014795328,0.0025042323,0.007615695,0.00056090107,0.00074440904,0.0019344516,0.00029498243,0.0018126048526028171,0
SAOUHSC_01319,SAOUHSC_01317,-1,0.054833826,0.062190946,0.071140386,0.026509093,0.09213268,0.12970777,0.06918258,0.08445764,0.06476962,0.07395816,0.07288827020674944,0
SAOUHSC_01317,SAOUHSC_01315,-1,0.017613934,0.018449312,0.035541378,0.001432549,0.01090042,0.070054814,0.023506783,0.010214126,0.026962481,0.004799258,0.021947505581192673,0
SAOUHSC_01315,SAOUHSC_01307,-1,0.00014571703,0.0013736108,0.0008627011,0.00040813512,0.00081318454,0.0024072244,0.0003304774,0.00031769837,0.00041700795,4.606625e-05,0.0007121822949557099,0
SAOUHSC_01307,SAOUHSC_01282,-1,0.00036109783,0.005738283,0.0028786107,0.00073455897,0.0008829306,0.00563069,0.00085157773,0.0017229961,0.00051128573,4.981101e-05,0.0019361841907084454,0
SAOUHSC_01282,SAOUHSC_01264,-1,2.7967486e-05,0.0001724431,2.3324426e-05,8.56306e-05,0.00027756745,0.001439478,0.00014042467,7.5534845e-05,0.00040289597,2.8094035e-05,0.0002673360602784669,0
SAOUHSC_01264,SAOUHSC_01213,-1,0.00013467224,0.00047546148,0.0003354686,0.0008833715,0.0028339066,0.008442881,0.0010695542,0.00035935032,0.0012689021,0.00014537548,0.0015948943109833635,0
SAOUHSC_01213,SAOUHSC_01200,-1,8.1122045e-05,0.00079649495,0.00033005644,0.0001282923,0.00032529936,0.0010900104,0.0003122647,0.00025618024,0.000572041,5.900585e-05,0.00039507673027401325,0
SAOUHSC_01200,rpmB,-1,5.0435352e-05,0.0009046846,0.00035642722,5.1989187e-05,0.00047215406,0.0007232736,0.00010366206,0.00019792456,0.00027433014,2.1899832e-05,0.0003156780618155608,0
rpmB,SAOUHSC_01181,-1,5.5424673e-05,0.0010177962,0.00054235995,0.00013250537,0.00030849007,0.0006227473,0.00034829794,0.00024385772,0.0003935175,4.2352982e-05,0.0003707349711476127,0
SAOUHSC_01181,SAOUHSC_01175,-1,0.00011423246,0.0013210488,0.0011191207,0.0001020697,0.00043552555,0.0011302922,0.0008724735,0.00048556065,0.0010753671,0.00010533912,0.0006761029864719604,0
SAOUHSC_01175,SAOUHSC_01138,-1,7.22837e-05,0.0002108523,0.00011807796,0.00015755309,0.0006390772,0.0030223865,0.00014397403,0.0001359313,0.00068515114,3.7725134e-05,0.0005223012340138666,0
SAOUHSC_01138,SAOUHSC_T0006,-1,0.0015339799,0.0053557083,0.0017986643,0.000178497,0.0016973176,0.005770146,0.00084410736,0.0028807125,0.0021614735,0.00014119457,0.002236180096224416,0
SAOUHSC_T0006,SAOUHSC_01133,-1,0.0043067224,0.02345907,0.003547504,0.0034692218,0.012537173,0.020370392,0.014394163,0.011187363,0.012139442,0.012181665,0.011759271658957005,0
SAOUHSC_01133,SAOUHSC_01127,-1,0.0012267891,0.0032737462,0.00084517855,0.00017040108,0.00086718315,0.004702048,0.00063873676,0.0006850281,0.0027246939,0.00041413662,0.0015547941336990334,0
SAOUHSC_01127,SAOUHSC_01125,-1,0.9487151,0.9433601,0.95236796,0.98085886,0.9379484,0.9599388,0.9577143,0.93790615,0.93141997,0.9696376,0.9519867241382599,1
SAOUHSC_01125,SAOUHSC_01124,-1,0.9512993,0.9711709,0.9734018,0.9830391,0.9424293,0.9793739,0.97878325,0.96340644,0.9705417,0.9811034,0.9694549083709717,1
SAOUHSC_01124,SAOUHSC_01121,-1,0.01064126,0.034474097,0.013535943,0.0039883642,0.034978718,0.041646983,0.04249084,0.024403136,0.02044379,0.021768384,0.02483715149573982,0
SAOUHSC_01121,SAOUHSC_01120,-1,0.33947507,0.45009476,0.78710973,0.38200724,0.28284585,0.6895457,0.6626384,0.34030855,0.08070139,0.37968832,0.43944150283932687,0
SAOUHSC_01120,SAOUHSC_A01081,-1,0.30981338,0.36384788,0.295311,0.17437638,0.5122084,0.6439181,0.7808419,0.36067876,0.39907297,0.15271729,0.39927860647439956,0
SAOUHSC_A01081,SAOUHSC_01119,-1,0.058472205,0.15938237,0.14707416,0.026069896,0.071227394,0.095048256,0.12887439,0.12795456,0.06999254,0.15316178,0.10372575577348471,0
SAOUHSC_01119,SAOUHSC_01112,-1,0.00023683776,0.0013251993,0.0008923719,0.00025787187,0.0006188057,0.0018676932,0.00017612737,0.0003412119,0.00037162,6.7102475e-05,0.0006154841437819413,0
SAOUHSC_01112,SAOUHSC_01111,-1,0.9911864,0.98483723,0.9832839,0.9787837,0.9746163,0.9920931,0.98464143,0.9853383,0.9814705,0.98680156,0.9843052387237549,1
SAOUHSC_01111,SAOUHSC_01101,-1,3.3264467e-05,0.00023429951,3.3413646e-05,3.7816262e-05,0.0002724685,0.001129336,9.635164e-05,6.9275586e-05,0.00030471262,1.1667449e-05,0.0002222605635324726,0
SAOUHSC_01101,SAOUHSC_01095,-1,6.523213e-05,0.00041108087,0.00020496194,8.924681e-05,0.0008890971,0.0028982242,0.0003613213,0.00034505432,0.00096518936,6.59161e-05,0.0006295324084931054,0
SAOUHSC_01095,SAOUHSC_01081,-1,0.00013821914,0.0008657945,0.0005660446,0.0017637516,0.00041140168,0.0022010647,0.0002087901,0.00027172267,0.00030019935,0.00012969215,0.0006856680498458445,0
SAOUHSC_01081,SAOUHSC_01079,-1,0.5805225,0.38285828,0.6739853,0.21020979,0.3142508,0.55274314,0.5478435,0.266269,0.29562834,0.20775527,0.4032065898180008,0
SAOUHSC_01079,SAOUHSC_01076,-1,0.016138867,0.02150574,0.0041927244,0.0086205825,0.025250768,0.031169515,0.0029561904,0.009644245,0.021094492,0.005138366,0.014571148925460875,0
SAOUHSC_01076,SAOUHSC_01073,-1,0.04326258,0.026623465,0.05368534,0.12280639,0.049026623,0.12156556,0.096214086,0.05207698,0.058388405,0.03379601,0.06574454382061959,0
SAOUHSC_01073,SAOUHSC_01071,-1,0.1730115,0.44445002,0.59707093,0.24798435,0.1355838,0.3447404,0.10657008,0.12088253,0.12526086,0.1431914,0.24387458637356757,0
SAOUHSC_01071,SAOUHSC_01065,-1,0.0006140305,0.0031072623,0.0013426726,0.00023724952,0.0036048067,0.0056594443,0.003712166,0.0011663453,0.0020611354,0.0001949895,0.0021700102239265106,0
SAOUHSC_01065,SAOUHSC_01061,-1,0.00047352246,0.0016654689,0.0006815903,7.872429e-05,0.00062899734,0.0037290994,0.0004242482,0.00035045747,0.0013589036,0.00013621003,0.0009527221991447732,0
SAOUHSC_01061,SAOUHSC_01060,-1,0.9920348,0.9901585,0.98579204,0.9897406,0.9693051,0.9865738,0.99578327,0.9794131,0.9834514,0.9935982,0.9865850865840912,1
SAOUHSC_01060,SAOUHSC_01055a,-1,9.506036e-05,0.00025969994,8.2700135e-05,0.0003617085,0.0011952161,0.0035766843,0.00012823139,0.00021761494,0.000905199,0.0001437137,0.0006965828288230114,0
SAOUHSC_01055a,SAOUHSC_01054,-1,0.0003348518,0.0012457875,0.0006054022,0.0002444532,0.0022965195,0.0046340846,0.00022536522,0.00058174174,0.00091488915,0.000105527535,0.001118862246221397,0
SAOUHSC_01054,SAOUHSC_01053,-1,0.8898624,0.87208843,0.61212987,0.47227728,0.6943907,0.81263644,0.44496053,0.9248789,0.83960027,0.71156585,0.7274390697479248,1
SAOUHSC_01053,def,-1,0.00013230387,0.00072667556,0.0002530883,0.00062206155,0.00041357952,0.0029201491,0.00021137024,0.00021575595,0.00035996424,3.752137e-05,0.0005892469722311944,0
def,SAOUHSC_01037,-1,0.15001097,0.15958472,0.30478278,0.095795594,0.06817429,0.40277758,0.40049094,0.11180609,0.024512317,0.1317489,0.18496841751039028,0
SAOUHSC_01037,SAOUHSC_01036,-1,0.80181247,0.8384959,0.76597255,0.9572484,0.8250816,0.867541,0.7834863,0.8665088,0.82986593,0.94313294,0.8479145884513855,1
SAOUHSC_01036,SAOUHSC_01035,-1,0.9729298,0.9745575,0.9763395,0.97472423,0.928758,0.98166674,0.943962,0.98326254,0.98058796,0.9846636,0.9701451897621155,1
SAOUHSC_01035,SAOUHSC_01030,-1,0.0014346213,0.004622628,0.0005127891,0.0002602395,0.001618429,0.012138775,0.0011275671,0.0019400535,0.005950052,0.00039199003,0.0029997144010849297,0
SAOUHSC_01030,SAOUHSC_01024,-1,8.271126e-05,0.0004221356,0.00033248257,0.000162901,0.00037427395,0.001294981,0.00013927146,0.00014920281,0.00022140813,5.1812738e-05,0.00032311805080098566,0
SAOUHSC_01024,SAOUHSC_01022,-1,0.015593227,0.061738815,0.008751062,0.011057181,0.03131531,0.061669853,0.02384019,0.024623679,0.038090367,0.012596955,0.02892766408622265,0
SAOUHSC_01022,SAOUHSC_01021,-1,0.99279624,0.9922304,0.9966251,0.9963026,0.9862344,0.9900737,0.99704105,0.99426836,0.98780406,0.9917719,0.9925147831439972,1
SAOUHSC_01021,SAOUHSC_01019,-1,0.9920991,0.9838248,0.98273706,0.98247105,0.9746328,0.99459434,0.9870662,0.9878743,0.9831787,0.9886858,0.9857164144515991,1
SAOUHSC_01019,SAOUHSC_01007,-1,0.00029000817,0.00037431123,0.00045866563,0.0009882827,0.0018478965,0.00757181,0.00036726188,0.000422051,0.0010701678,0.00021559208,0.0013606046893983148,0
SAOUHSC_01007,SAOUHSC_01005,-1,0.018981215,0.023649955,0.018966885,0.007332321,0.0089579215,0.05982438,0.053548608,0.017107239,0.015405692,0.018874217,0.024264843435958028,0
SAOUHSC_01005,SAOUHSC_01002,-1,0.046069324,0.076279,0.04023017,0.013394285,0.04668927,0.051419936,0.042265,0.070953466,0.051281773,0.046751186,0.04853334091603756,0
SAOUHSC_01002,SAOUHSC_01001,-1,0.9889695,0.965255,0.978841,0.9667891,0.9600213,0.9857328,0.9693006,0.9862695,0.98395336,0.9836232,0.9768755435943604,1
SAOUHSC_01001,SAOUHSC_01000,-1,0.99085873,0.97345144,0.97765917,0.96807253,0.9668756,0.9883405,0.9835361,0.98156434,0.9806122,0.982644,0.9793614685535431,1
SAOUHSC_01000,SAOUHSC_00999,-1,0.9876197,0.9896044,0.9884053,0.9841675,0.9711341,0.9902981,0.98865557,0.9777184,0.98616296,0.99496037,0.9858726441860199,1
SAOUHSC_00999,SAOUHSC_00997,-1,0.022324733,0.03857192,0.03804891,0.0040677413,0.006939092,0.036391802,0.024687734,0.015056427,0.004478969,0.0074328072,0.019800013769418,0
SAOUHSC_00997,SAOUHSC_00996,-1,0.9858971,0.992661,0.9899371,0.97945184,0.98191977,0.98933965,0.9964251,0.9812678,0.9810058,0.98322904,0.9861134231090546,1
SAOUHSC_00996,SAOUHSC_00995,-1,0.43860587,0.34467667,0.79175466,0.13222021,0.24970827,0.52996975,0.38154355,0.22747804,0.096350856,0.3918526,0.35841604694724083,0
SAOUHSC_00995,SAOUHSC_00994,-1,0.45534718,0.4929637,0.37666437,0.26507008,0.50874805,0.53244996,0.309453,0.37680387,0.5729561,0.50183094,0.4392287254333496,0
SAOUHSC_00994,SAOUHSC_00991,-1,0.26518342,0.13397613,0.15390895,0.11642656,0.107322305,0.29281172,0.16999371,0.11994686,0.09590201,0.10341501,0.15588866844773291,0
SAOUHSC_00991,SAOUHSC_00989,-1,0.83224446,0.7099784,0.80388147,0.67412174,0.7118487,0.78005904,0.73459184,0.67763895,0.7256709,0.707696,0.7357731461524963,1
SAOUHSC_00989,SAOUHSC_00988,-1,0.38067278,0.29878795,0.5045997,0.2741381,0.20888346,0.56268805,0.41294596,0.15195663,0.07538091,0.20281251,0.30728660374879835,0
SAOUHSC_00988,SAOUHSC_00987,-1,0.95580554,0.98521596,0.97951794,0.9849029,0.9708068,0.9869748,0.99168986,0.9757862,0.9768707,0.9501547,0.9757725417613983,1
SAOUHSC_00987,SAOUHSC_00986,-1,0.9806454,0.98632884,0.9898774,0.98643255,0.97275853,0.98458683,0.9956627,0.9792583,0.97955036,0.9911893,0.9846290230751038,1
SAOUHSC_00986,SAOUHSC_00980,-1,0.00012448446,0.0006831383,0.00026765576,0.00024884572,0.0005622446,0.0025481535,0.00033986723,0.00031149664,0.00067218684,9.6313146e-05,0.000585438625421375,0
SAOUHSC_00980,SAOUHSC_00978,-1,0.050908115,0.048393358,0.043494105,0.0097197695,0.022024158,0.09601099,0.15467574,0.036468424,0.015382326,0.03154032,0.0508617302402854,0
SAOUHSC_00978,SAOUHSC_00977,-1,0.90915287,0.92131567,0.92338693,0.9194715,0.86102515,0.95992714,0.9272954,0.90307075,0.9124055,0.8907477,0.9127798616886139,1
SAOUHSC_00977,SAOUHSC_00975,-1,0.0005825651,0.0032822813,0.00050206715,0.0004181101,0.0006847608,0.0034233124,0.0009367682,0.0005140555,0.0020315717,0.00025312448,0.0012628616794245317,0
SAOUHSC_00975,SAOUHSC_00971,-1,0.0007855184,0.007847063,0.011483071,0.0021283673,0.0036063658,0.006835489,0.005011987,0.0022290323,0.0010838546,0.00032414804,0.004133489704690874,0
SAOUHSC_00971,SAOUHSC_00963,-1,9.988687e-05,0.001055564,0.00035231115,0.00010676491,0.00031277828,0.0009225696,0.0008184349,0.00021696399,0.00050688686,1.9223244e-05,0.0004411383870319696,0
SAOUHSC_00963,SAOUHSC_00961,-1,0.0159634,0.04133697,0.016217114,0.0071477285,0.032355927,0.03247991,0.007715051,0.01113915,0.010204212,0.0028488091,0.01774082682095468,0
SAOUHSC_00961,SAOUHSC_T0008,-1,0.22171941,0.46200672,0.762536,0.22592175,0.3904637,0.6243095,0.4685883,0.50601846,0.12903792,0.3805721,0.4171173840761185,0
SAOUHSC_T0008,SAOUHSC_T00049,-1,0.99411774,0.9936592,0.99408114,0.99438167,0.9868331,0.9939052,0.9983892,0.9926711,0.9889487,0.99097824,0.9927965223789215,1
SAOUHSC_T00049,SAOUHSC_00953,-1,7.206393e-05,0.00037304382,0.0003589087,0.00017982471,0.0014521048,0.0023620056,0.0007805184,0.00016183719,0.0005015507,3.8107537e-05,0.0006279965375142638,0
SAOUHSC_00953,SAOUHSC_00952,-1,0.9911937,0.9835708,0.98181134,0.9837775,0.9718893,0.9949599,0.98509914,0.987912,0.9841507,0.9887314,0.9853095829486846,1
SAOUHSC_00952,SAOUHSC_00948,-1,0.0004900724,0.0071845716,0.009572957,0.00057196675,0.00611808,0.004924277,0.013361219,0.0015643791,0.0019943842,0.0003446018,0.004612650885246694,0
SAOUHSC_00948,SAOUHSC_00940,-1,0.00019415504,0.0005052791,0.0010904933,0.00026268122,0.0010292585,0.0039602686,0.00041217875,0.00024045777,0.001206369,6.472761e-05,0.0008965868859377224,0
SAOUHSC_00940,SAOUHSC_00939,-1,0.82057697,0.8549389,0.86247325,0.955901,0.8109509,0.9123687,0.8818515,0.7518926,0.8736609,0.9274975,0.8652112305164337,1
SAOUHSC_00939,SAOUHSC_00938,-1,0.9817351,0.9833179,0.99018925,0.98314655,0.9650326,0.9895359,0.9675646,0.9842143,0.9819969,0.9937683,0.9820501387119294,1
SAOUHSC_00938,SAOUHSC_00933,-1,0.00030949106,0.002701581,0.00162504,0.0003269946,0.001077051,0.0037082778,0.00048158315,0.00078094,0.0008095858,6.353413e-05,0.0011884078558068722,0
SAOUHSC_00933,SAOUHSC_00922,-1,0.0002988731,0.0008642466,0.00042695034,0.00037780937,0.00049358804,0.0025075579,0.00021764297,0.00028350117,0.00051660155,3.7966365e-05,0.0006024737402185564,0
SAOUHSC_00922,SAOUHSC_00919,-1,0.00012956695,0.00037774723,0.00015428569,0.00038958585,0.0013136832,0.0034260496,0.0001371187,0.00026350474,0.00054761214,0.0002312296,0.0006970383736188523,0
SAOUHSC_00919,SAOUHSC_00913,-1,0.0006120921,0.0042490843,0.003747156,0.00081894675,0.00094729546,0.0039814664,0.00095200306,0.0007147927,0.00091949024,8.503909e-05,0.001702736594597809,0
SAOUHSC_00913,SAOUHSC_00909,-1,0.0004089653,0.0013660796,0.0029506977,0.00032257978,0.0009984409,0.0043820958,0.0016129194,0.0005293359,0.00046838121,0.00013440245,0.0013173897954402492,0
SAOUHSC_00909,SAOUHSC_00908,-1,0.91911966,0.95980966,0.9524883,0.96369547,0.90924877,0.93883073,0.9688428,0.9506346,0.9521184,0.958437,0.947322541475296,1
SAOUHSC_00908,SAOUHSC_00899,-1,7.8654055e-05,0.00058137643,0.0001848891,0.00010469422,0.0011895214,0.0015595611,0.0005555975,0.00034418286,0.000792293,2.021391e-05,0.0005410983560068417,0
SAOUHSC_00899,SAOUHSC_00898,-1,0.9908645,0.98333734,0.98176134,0.98342425,0.97167295,0.99505967,0.98526824,0.9879212,0.9840736,0.98884654,0.9852229595184326,1
SAOUHSC_00898,SAOUHSC_00897,-1,0.4448845,0.29817882,0.51277673,0.053557076,0.17787303,0.41021726,0.3244326,0.20055486,0.15593006,0.19215287,0.27705578282475474,0
SAOUHSC_00897,SAOUHSC_00890,-1,9.302858e-05,0.0006453656,0.00021284634,0.00019719482,0.00069083745,0.0020278823,0.00023969145,0.00023602237,0.00042318684,6.2056526e-05,0.0004828112265386153,0
SAOUHSC_00890,SAOUHSC_00889,-1,0.6743671,0.68378973,0.6440843,0.47429267,0.7219655,0.66702497,0.43692532,0.5427518,0.7220376,0.68779457,0.6255033493041993,1
SAOUHSC_00889,SAOUHSC_00888,-1,0.9903491,0.98569393,0.98132586,0.9774718,0.9710588,0.9917675,0.9839495,0.9839027,0.9778248,0.98559946,0.9828943490982056,1
SAOUHSC_00888,SAOUHSC_00887,-1,0.9676052,0.9675932,0.9669192,0.9584783,0.95112056,0.9823556,0.98591864,0.9470846,0.9756918,0.95754683,0.9660313844680786,1
SAOUHSC_00887,SAOUHSC_00886,-1,0.98195875,0.9836461,0.97967815,0.9814663,0.95641094,0.99351424,0.9709778,0.9853858,0.98404497,0.98730785,0.9804390847682953,1
SAOUHSC_00886,SAOUHSC_00885,-1,0.9922493,0.99453586,0.9925425,0.99254763,0.9901601,0.9897615,0.99842215,0.9935824,0.98405707,0.9886525,0.9916511058807373,1
SAOUHSC_00885,SAOUHSC_00884,-1,0.99164164,0.9820337,0.98048884,0.9805142,0.9709815,0.99366206,0.9842656,0.98591787,0.98317283,0.987619,0.9840297281742096,1
SAOUHSC_00884,SAOUHSC_00883,-1,0.99079776,0.98383063,0.98202264,0.9839972,0.9719775,0.99516165,0.9852181,0.9881078,0.98429894,0.98893785,0.9854350090026855,1
SAOUHSC_00883,SAOUHSC_00882,-1,0.53636426,0.37888172,0.872004,0.08518733,0.3740173,0.46546897,0.5345388,0.29815298,0.105770566,0.51944804,0.41698339506983756,0
SAOUHSC_00882,SAOUHSC_00875,-1,0.00018874183,0.0011382175,0.0005368751,0.00015506354,0.00045126444,0.001346452,0.0003408905,0.00035847802,0.000517055,4.1755913e-05,0.0005074793873063755,0
SAOUHSC_00875,SAOUHSC_00873,-1,0.081226215,0.08452164,0.039408013,0.0036872507,0.04644694,0.1972322,0.06666704,0.05029263,0.038966842,0.03704744,0.06454962112475186,0
SAOUHSC_00873,SAOUHSC_00863,-1,7.080693e-05,0.00016778322,7.364118e-05,0.00042102145,0.0006994449,0.0038546312,0.00023817741,0.0001313558,0.0006423208,8.465267e-05,0.0006383835563610774,0
SAOUHSC_00863,SAOUHSC_00853,-1,4.5825527e-05,0.00033191626,0.000103167804,3.5522124e-05,0.00033463127,0.0010682112,0.00015578973,0.00011511105,0.00036345684,1.5789848e-05,0.0002569421625594259,0
SAOUHSC_00853,SAOUHSC_00846,-1,0.00021912008,0.00034239184,0.00044743763,0.00068802555,0.001624323,0.006065488,0.00026458848,0.00057411165,0.0010326433,0.00015230973,0.0011410439037717879,0
SAOUHSC_00846,SAOUHSC_00834,-1,0.000108545864,0.0013406677,0.001171293,0.0002023811,0.00040334748,0.00091159396,0.0003038122,0.00020497895,0.00042473318,6.028552e-05,0.0005131638950842899,0
SAOUHSC_00834,SAOUHSC_00831,-1,0.0020161355,0.017145697,0.019097015,0.0021264986,0.004128869,0.0052375523,0.011965794,0.006553282,0.0026466397,0.003663552,0.007458103518001735,0
SAOUHSC_00831,SAOUHSC_00830,-1,0.22584806,0.5291873,0.7699551,0.14917277,0.18942526,0.60459346,0.7023495,0.37115586,0.03899018,0.28233907,0.3863016556948423,0
SAOUHSC_00830,SAOUHSC_00828,-1,0.35697097,0.5523352,0.66798514,0.25002623,0.4252848,0.7506144,0.43659854,0.32058463,0.44384784,0.33128887,0.4535536617040634,0
SAOUHSC_00828,SAOUHSC_00826,-1,0.010549499,0.06006008,0.06463895,0.009622831,0.012118343,0.022479497,0.020803005,0.021562908,0.005986791,0.018351546,0.02461734488606453,0
SAOUHSC_00826,SAOUHSC_00824,-1,0.005958854,0.0036888449,0.0026254784,0.00137143,0.0020656579,0.0129019,0.0029818553,0.0029433558,0.0055921194,0.00096712046,0.004109661671100185,0
SAOUHSC_00824,SAOUHSC_00823,-1,0.8335994,0.9257361,0.94175726,0.96345425,0.9142746,0.94800687,0.94657385,0.93237686,0.94838697,0.9424736,0.9296639740467072,1
SAOUHSC_00823,SAOUHSC_00822,-1,0.3091998,0.41132936,0.44856244,0.060510978,0.22941464,0.49541643,0.30830124,0.2553042,0.08942578,0.38862908,0.2996093951165676,0
SAOUHSC_00822,SAOUHSC_00821,-1,0.7385165,0.63136786,0.8206642,0.7099696,0.6842065,0.697803,0.66961265,0.6683002,0.5500174,0.85397345,0.702443140745163,1
SAOUHSC_00821,SAOUHSC_00820,-1,0.93644315,0.95082724,0.9315071,0.9790932,0.89985627,0.96949744,0.9532403,0.92197186,0.9370863,0.98119855,0.9460721373558044,1
SAOUHSC_00820,SAOUHSC_00808,-1,6.768789e-05,0.0005703519,0.00032405162,7.595711e-05,0.0003317616,0.00094146037,0.00013651559,0.00013400985,0.00024590653,2.479655e-05,0.00028524990266305396,0
SAOUHSC_00808,SAOUHSC_00807,-1,0.67181116,0.8568403,0.94069463,0.9525415,0.7461942,0.8144298,0.92424613,0.8342173,0.7238263,0.8660164,0.8330817699432373,1
SAOUHSC_00807,SAOUHSC_00806,-1,0.98630166,0.9906116,0.98546165,0.98761946,0.9778893,0.989259,0.9898118,0.976736,0.98758394,0.9894733,0.9860747694969177,1
SAOUHSC_00806,SAOUHSC_00792,-1,3.1052867e-05,0.00044566745,0.00013419065,2.7393051e-05,0.00026658663,0.0008071186,9.742298e-05,0.00011628534,0.00030154953,1.6132379e-05,0.00022433994745370002,0
SAOUHSC_00792,SAOUHSC_T0005,-1,0.005535677,0.0034962995,0.0007773861,0.0015590749,0.0024132829,0.012975633,0.00087530335,0.001682072,0.0065008593,0.000422648,0.003623823614907451,0
SAOUHSC_T0005,SAOUHSC_00786,-1,7.220997e-05,0.0002971423,0.00011733728,0.00014519566,0.00035778972,0.0014274477,8.3164115e-05,0.00013849502,0.00035824196,3.851703e-05,0.00030355407179740725,0
SAOUHSC_00786,SAOUHSC_00763,-1,2.5437617e-05,0.00023652497,4.155356e-05,4.0275107e-05,0.00046912138,0.0015216273,0.00011800468,0.000104780505,0.00056367915,1.3343762e-05,0.000313434803410928,0
SAOUHSC_00763,SAOUHSC_00760,-1,0.008433759,0.022942657,0.04023342,0.004787457,0.01773061,0.02856645,0.009429954,0.010721128,0.0073222136,0.0036950293,0.015386267704889179,0
SAOUHSC_00760,SAOUHSC_00759,-1,0.4101071,0.22431515,0.5430033,0.096907966,0.21035306,0.425965,0.42740923,0.18857718,0.15281975,0.25249803,0.2931955806910992,0
SAOUHSC_00759,SAOUHSC_00758,-1,0.99015456,0.986827,0.98126966,0.9925516,0.96571344,0.9832341,0.98433363,0.9778978,0.9807501,0.9885163,0.9831248223781586,1
SAOUHSC_00758,SAOUHSC_00757,-1,0.9763362,0.96214473,0.9632551,0.97347105,0.93750083,0.9537403,0.9674932,0.9790579,0.9650607,0.97412586,0.965218585729599,1
SAOUHSC_00757,SAOUHSC_00753,-1,0.009438581,0.006937166,0.002862179,0.0015605453,0.0051172143,0.030400632,0.002198239,0.0028144203,0.015721077,0.0006673647,0.007771741866599768,0
SAOUHSC_00753,murB,-1,0.65080476,0.5964979,0.48863426,0.47545654,0.6513287,0.6439459,0.48402575,0.5465615,0.6187195,0.6831269,0.5839101672172546,1
murB,SAOUHSC_00751,-1,0.991979,0.99171835,0.9862823,0.99057996,0.9790523,0.9921876,0.991554,0.98118675,0.98396367,0.99022883,0.9878732800483704,1
SAOUHSC_00751,SAOUHSC_00740,-1,8.884983e-05,0.0005614421,0.00026872943,0.00015134021,0.00039926387,0.0017324075,0.000119564706,0.00016480093,0.00024500478,3.0205785e-05,0.0003761609139473876,0
SAOUHSC_00740,SAOUHSC_00739,-1,0.9820422,0.9824406,0.9870503,0.97269243,0.96093464,0.9906011,0.9908856,0.9511177,0.97821295,0.98777837,0.9783755898475647,1
SAOUHSC_00739,SAOUHSC_00738,-1,0.7615896,0.7192624,0.61714554,0.32282004,0.42789003,0.5931362,0.15174744,0.74607843,0.65634435,0.38129532,0.5377309352159501,1
SAOUHSC_00738,SAOUHSC_00736,-1,0.51247317,0.25700796,0.54640377,0.076198466,0.22291426,0.4366518,0.42377713,0.21721345,0.13965836,0.23423408,0.30665324404835703,0
SAOUHSC_00736,SAOUHSC_00721,-1,0.0001293344,0.00034577367,0.000116630945,0.0024542361,0.0018261255,0.0050439737,0.00028381054,0.00023936898,0.0013112257,0.00023683911,0.0011987318728643003,0
SAOUHSC_00721,SAOUHSC_00720,-1,0.9930754,0.9892576,0.9782589,0.9907189,0.97013,0.9892431,0.9925132,0.984644,0.98091036,0.9895038,0.9858255207538604,1
SAOUHSC_00720,SAOUHSC_00719,-1,0.98447794,0.9748579,0.98856425,0.9932912,0.96183,0.9666362,0.99549,0.9856048,0.9726567,0.9899239,0.9813332974910736,1
SAOUHSC_00719,SAOUHSC_00718,-1,0.8945532,0.8993031,0.95366263,0.96730185,0.9097511,0.93629336,0.9345418,0.8069469,0.78867596,0.9196063,0.9010636210441589,1
SAOUHSC_00718,SAOUHSC_00717,-1,0.1227935,0.17887387,0.09393872,0.04227104,0.13409777,0.12595038,0.13598354,0.16326322,0.084369555,0.1467281,0.12282696962356568,0
SAOUHSC_00717,SAOUHSC_00716,-1,0.12719902,0.364565,0.31853938,0.10514883,0.2764996,0.3057561,0.39493653,0.17587988,0.18041852,0.0978704,0.2346813276410103,0
SAOUHSC_00716,SAOUHSC_00715,-1,0.986191,0.9617207,0.97037405,0.9691544,0.9224531,0.9855415,0.9542012,0.9713944,0.98631966,0.9698232,0.9677173256874084,1
SAOUHSC_00715,SAOUHSC_00714,-1,0.98838156,0.9724923,0.97591126,0.9760818,0.9511978,0.99014276,0.9672967,0.9822327,0.9847235,0.98293614,0.9771396517753601,1
SAOUHSC_00714,SAOUHSC_00702,-1,0.00013575878,0.00069704,0.0002860975,3.3120315e-05,0.00033254686,0.0013670106,0.00017620971,0.00014461494,0.0006730468,1.7612532e-05,0.00038630580638709944,0
SAOUHSC_00702,SAOUHSC_00701,-1,0.5613695,0.6651203,0.93100506,0.44939673,0.5801408,0.84257346,0.6127211,0.40762433,0.32140607,0.5154428,0.5886800140142441,1
SAOUHSC_00701,SAOUHSC_00700,-1,0.99206156,0.9836382,0.9823024,0.98199713,0.9740982,0.9944371,0.9867294,0.9875859,0.9829432,0.9884821,0.9854275226593018,1
SAOUHSC_00700,SAOUHSC_00694,-1,4.6777997e-05,0.0011453803,0.000380049,8.083525e-05,0.0007436642,0.001110479,0.0012279629,0.00020521048,0.00052100746,5.9590722e-05,0.0005520957343833288,0
SAOUHSC_00694,SAOUHSC_00691,-1,0.00045218677,0.0036837521,0.0006016438,0.0001920621,0.0008969889,0.0038952958,0.0016981548,0.0012029359,0.0033455228,0.00040262987,0.0016371172954677605,0
SAOUHSC_00691,SAOUHSC_00690,-1,0.5166144,0.48393434,0.53634405,0.32084212,0.43822134,0.44942454,0.2548448,0.44156098,0.37645912,0.46958104,0.4287826716899872,0
SAOUHSC_00690,SAOUHSC_00689,-1,0.99141645,0.991699,0.9886694,0.9900301,0.98301226,0.9906478,0.9959189,0.9863813,0.9903674,0.99345964,0.9901602268218994,1
SAOUHSC_00689,SAOUHSC_00688,-1,0.9929262,0.98808366,0.99803185,0.9952631,0.97688735,0.9853228,0.9989671,0.9942218,0.9795646,0.9905307,0.9899799168109894,1
SAOUHSC_00688,SAOUHSC_00683,-1,0.0047048256,0.011616934,0.0054435744,0.0009364666,0.003590237,0.014648837,0.006518913,0.004264335,0.004887265,0.0009243469,0.005753573478432372,0
SAOUHSC_00683,SAOUHSC_00671,-1,8.861359e-05,0.0008576607,0.0008744718,8.537255e-05,0.00084855367,0.0010393255,0.0004123947,0.00027970408,0.00032795055,2.4777239e-05,0.00048388243794761365,0
SAOUHSC_00671,SAOUHSC_00663,-1,0.00033485977,0.0013217976,0.00039566727,6.7214234e-05,0.0004038026,0.0014420493,0.0004780427,0.0006221677,0.00089958013,9.552608e-05,0.0006060707397409715,0
SAOUHSC_00663,SAOUHSC_00646,-1,0.0004473404,0.00085227744,0.0002795385,0.0035255165,0.00645791,0.015503764,0.0024273654,0.0017010511,0.0025846532,0.0014844467,0.0035263863363070415,0
SAOUHSC_00646,SAOUHSC_00641,-1,0.0021783423,0.0032714768,0.010751137,0.004602653,0.0063724257,0.016695881,0.012057266,0.002692841,0.0032980386,0.0012627894,0.006318285083398223,0
SAOUHSC_00641,SAOUHSC_00639,-1,0.022885766,0.023041246,0.007491752,0.0025814837,0.012535043,0.07172832,0.015655525,0.017331854,0.024916146,0.009929179,0.020809631375595928,0
SAOUHSC_00639,SAOUHSC_00637,-1,0.024484288,0.070929945,0.016016068,0.00314666,0.032533538,0.046356488,0.037418425,0.05220391,0.020222653,0.04579525,0.034910722309723495,0
SAOUHSC_00637,SAOUHSC_00636,-1,0.9890373,0.9727367,0.9719238,0.975655,0.9526968,0.9890932,0.9670182,0.981003,0.98309666,0.9822108,0.9764471471309661,1
SAOUHSC_00636,SAOUHSC_00634,-1,0.9893053,0.97169197,0.975322,0.9734752,0.95467544,0.99062145,0.96659654,0.9816467,0.9834832,0.9831918,0.9770009636878967,1
SAOUHSC_00634,SAOUHSC_00622,-1,2.9743314e-05,0.00047418868,0.00016088202,5.0236915e-05,0.00017473233,0.000646494,0.00017072508,0.00012454229,0.00042080999,2.8640095e-05,0.00022809946804045467,0
SAOUHSC_00622,SAOUHSC_00621,-1,0.31214347,0.3012467,0.24870183,0.19782978,0.48296803,0.5263111,0.25944528,0.36676082,0.42432833,0.72121966,0.3840955004096031,0
SAOUHSC_00621,SAOUHSC_00620,-1,0.017205462,0.038577583,0.027745109,0.012857003,0.048290998,0.051353753,0.022004658,0.010623519,0.017169883,0.005806687,0.025163465505465867,0
SAOUHSC_00620,SAOUHSC_00582,-1,2.1507047e-05,0.00042523036,8.976995e-05,4.396981e-05,0.00017106859,0.00049458985,0.00011926943,9.015839e-05,0.00026327092,6.9082867e-06,0.00017257426457035764,0
SAOUHSC_00582,SAOUHSC_00581,-1,0.9858673,0.9856008,0.98171616,0.98397577,0.96626675,0.99516,0.9801847,0.98757285,0.98439556,0.9888983,0.983963817358017,1
SAOUHSC_00581,SAOUHSC_00573,-1,0.00026850612,0.00093835965,0.00029234283,0.00017118899,0.0020303663,0.0031601992,0.00044149088,0.0004852719,0.0009983077,0.00015220726,0.0008938240833231248,0
SAOUHSC_00573,SAOUHSC_00572,-1,0.01533171,0.041851044,0.021202452,0.0069667995,0.018708924,0.03581815,0.010047728,0.009787638,0.008212979,0.0024549577,0.0170382380252704,0
SAOUHSC_00572,SAOUHSC_00571,-1,0.99207985,0.98982686,0.9917246,0.993412,0.98039734,0.9915181,0.9923508,0.98505425,0.98606837,0.99149305,0.9893925249576568,1
SAOUHSC_00571,SAOUHSC_00562,-1,0.00030338817,0.0011469657,0.0014410801,0.00037229332,0.0022788642,0.0032998838,0.0034211231,0.0005657048,0.0006878476,0.000108730055,0.0013625880797917488,0
SAOUHSC_00562,SAOUHSC_00561,-1,0.27054527,0.69796383,0.6692698,0.07238254,0.19595012,0.32690403,0.5161646,0.31430852,0.021994628,0.053360812,0.31388441622257235,0
SAOUHSC_00561,SAOUHSC_00551,-1,2.6113727e-05,0.00042423749,0.0001298211,4.3846452e-05,0.0001821989,0.0005861508,0.000105704785,9.574641e-05,0.00023789938,8.491256e-06,0.0001840210287809896,0
SAOUHSC_00551,SAOUHSC_00550,-1,0.9849695,0.96842515,0.9952552,0.98315734,0.9542564,0.974801,0.99668527,0.9354502,0.98313224,0.98332995,0.9759462237358093,1
SAOUHSC_00550,SAOUHSC_00549,-1,0.9820574,0.92574,0.96830386,0.9719107,0.9236803,0.94567215,0.9648404,0.9644766,0.9659675,0.94249195,0.9555140852928161,1
SAOUHSC_00549,SAOUHSC_00548,-1,0.66497904,0.5117967,0.72474587,0.48361593,0.38355005,0.65690786,0.7031197,0.3545852,0.32309172,0.3396455,0.5146037578582764,1
SAOUHSC_00548,SAOUHSC_A00526,-1,0.0015882802,0.0026798921,0.002763682,0.004298784,0.0005731071,0.006321855,0.000280915,0.00035199456,0.0023073228,0.00094233814,0.002210817069862969,0
SAOUHSC_A00526,SAOUHSC_00540,-1,0.00037201017,0.0008540196,0.00056805264,0.0001868118,0.0017017218,0.00475031,0.00064739055,0.0008776584,0.001404623,0.00020454923,0.0011567147230380215,0
SAOUHSC_00540,SAOUHSC_00539,-1,0.9911152,0.98366886,0.981679,0.9834914,0.9723362,0.995035,0.9854175,0.9879584,0.98398036,0.98884374,0.9853525638580323,1
SAOUHSC_00539,SAOUHSC_00531,-1,0.00016543889,0.0004437594,0.0009026345,0.00060705305,0.0012572261,0.0044849915,0.0006737572,0.00030959115,0.0011719782,0.00016855645,0.001018498653138522,0
SAOUHSC_00531,SAOUHSC_00501,-1,4.4559118e-05,0.00051141606,0.00014413723,0.0002554269,0.00021200419,0.0011060553,0.00017752514,0.00012291172,0.00027107625,3.952342e-05,0.0002884635352529585,0
SAOUHSC_00501,SAOUHSC_00497,-1,0.0071455087,0.008591475,0.001863379,0.002277427,0.0119132595,0.01675704,0.0013933192,0.0028990363,0.0066342237,0.0006129895,0.00600876571261324,0
SAOUHSC_00497,SAOUHSC_00473,-1,8.8055785e-05,0.00024447884,9.675398e-05,0.0014654965,0.0014862913,0.006951533,0.00017871655,0.0002884873,0.0010477235,0.00030065014,0.0012148186629929113,0
SAOUHSC_00473,SAOUHSC_00434,-1,8.041354e-05,0.0003266998,0.00011326829,0.00033161923,0.0012153469,0.0048173433,0.0001797647,0.00014353526,0.00078338984,7.274062e-05,0.0008064121466304641,0
SAOUHSC_00434,SAOUHSC_00433,-1,0.7478014,0.7260164,0.5897865,0.6621334,0.8002931,0.7345941,0.6516551,0.51708335,0.7089132,0.6498801,0.6788156688213348,1
SAOUHSC_00433,SAOUHSC_00431,-1,0.99049956,0.9794874,0.97542506,0.97663754,0.9658747,0.9929211,0.97974974,0.9832729,0.9821538,0.98621315,0.9812234938144684,1
SAOUHSC_00431,SAOUHSC_00428,-1,0.022263357,0.081537895,0.061389618,0.017309995,0.027814405,0.1309637,0.049440518,0.019104164,0.026647681,0.003322611,0.04397939429618418,0
SAOUHSC_00428,SAOUHSC_00415,-1,2.1920268e-05,0.00022248614,2.6481575e-05,7.88342e-05,0.00015763937,0.00062490196,0.00012045628,8.549475e-05,0.00025230338,1.8029472e-05,0.0001608547394425841,0
SAOUHSC_00415,SAOUHSC_00409,-1,2.4146897e-05,0.00035811283,6.435985e-05,2.6929618e-05,0.00022804616,0.000769758,9.547307e-05,0.00013406838,0.00039335858,1.39996255e-05,0.00021082530265630338,0
SAOUHSC_00409,SAOUHSC_00401,-1,0.00012467167,0.0036578302,0.002359324,0.00055404304,0.0014270963,0.0022498204,0.0013052634,0.0014048718,0.00048150145,4.686212e-05,0.0013611284262879052,0
SAOUHSC_00401,SAOUHSC_00396,-1,0.00013135355,0.0007254114,7.074632e-05,0.00017855539,0.00035635525,0.0021849826,0.00020849073,0.00012653283,0.00086195656,4.5656758e-05,0.0004890041433100123,0
SAOUHSC_00396,SAOUHSC_00382,-1,4.3484015e-05,0.000727071,0.00035523603,3.648734e-05,0.0004939688,0.0006496007,0.0012663594,0.00015987705,0.0002880775,1.5400741e-05,0.0004035562533317716,0
SAOUHSC_00382,SAOUHSC_00381,-1,0.990599,0.99190974,0.99221253,0.98716694,0.9818633,0.99033564,0.99488187,0.9881569,0.9850943,0.9905139,0.9892734169960022,1
SAOUHSC_00381,SAOUHSC_00381a,-1,0.011643957,0.025233557,0.006915817,0.005291298,0.010035167,0.062299944,0.011825867,0.01780302,0.017023759,0.0077638817,0.017583627020940185,0
SAOUHSC_00381a,SAOUHSC_00378,-1,0.37646192,0.2730106,0.23589571,0.4462418,0.42528528,0.5914356,0.38660622,0.25405642,0.28596404,0.46757993,0.3742537543177605,0
SAOUHSC_00378,SAOUHSC_00377,-1,0.06857823,0.1787303,0.11838308,0.064893365,0.20548259,0.2551853,0.16142552,0.16147986,0.15586123,0.2398445,0.16098639667034148,0
SAOUHSC_00377,SAOUHSC_00376,-1,0.5675484,0.65915984,0.6458049,0.7635911,0.63354003,0.7829311,0.7839748,0.6254132,0.6761364,0.86165005,0.6999749779701233,1
SAOUHSC_00376,SAOUHSC_00371,-1,0.00015729177,0.00067448575,0.0021770059,0.00033297425,0.0014605757,0.0044769254,0.0001805575,0.0003580081,0.00060953177,0.00017458646,0.0010601942558423616,0
SAOUHSC_00371,SAOUHSC_00370,-1,0.6897518,0.61351734,0.8499527,0.18464486,0.5505033,0.74328125,0.65093577,0.49104553,0.35989407,0.57091147,0.5704438105225563,1
SAOUHSC_00370,SAOUHSC_00369,-1,0.69864094,0.7063952,0.58854866,0.57579124,0.77955663,0.70601916,0.6435239,0.574392,0.592151,0.59510857,0.6460127294063568,1
SAOUHSC_00369,SAOUHSC_00367,-1,0.037720907,0.039601225,0.036965404,0.006772509,0.019447872,0.07046826,0.08009355,0.033974122,0.028820535,0.05572942,0.040959380380809304,0
SAOUHSC_00367,SAOUHSC_00365,-1,0.044081315,0.10272182,0.10723638,0.03848578,0.043487124,0.108093776,0.07196484,0.0792517,0.011404396,0.032868244,0.06395953679457307,0
SAOUHSC_00365,SAOUHSC_00364,-1,0.98418474,0.98122007,0.9799816,0.9809652,0.95065194,0.9890938,0.97007,0.9844015,0.9829193,0.99334675,0.9796834886074066,1
SAOUHSC_00364,SAOUHSC_00363,-1,0.6749726,0.4878025,0.9587681,0.5901052,0.5430869,0.73547256,0.70831865,0.4716504,0.28930852,0.8632988,0.6322784185409546,1
SAOUHSC_00363,SAOUHSC_00362,-1,0.77829176,0.64964944,0.8248547,0.81647974,0.80855083,0.7988651,0.7662549,0.79015744,0.8036205,0.8848206,0.7921544969081878,1
SAOUHSC_00362,SAOUHSC_00360,-1,0.12292693,0.10960951,0.17379765,0.056468587,0.08106436,0.2539842,0.24314387,0.1672893,0.12897381,0.14283334,0.1480091568082571,0
SAOUHSC_00360,SAOUHSC_A00354,-1,0.0078005902,0.007021353,0.008429924,0.0010860387,0.004172221,0.02817447,0.0008844065,0.0032386687,0.009538146,0.0019530256,0.007229884259868413,0
SAOUHSC_A00354,SAOUHSC_00357,-1,0.0021361155,0.009962163,0.0045215776,0.0005171756,0.0073518963,0.01261018,0.00045975694,0.004002074,0.001796988,0.00013461309,0.00434925399167696,0
SAOUHSC_00357,SAOUHSC_00353,-1,0.00043623146,0.0040275627,0.0014000095,0.00017080765,0.001610365,0.004407926,0.00029026097,0.0006910676,0.00042662758,0.00010821804,0.0013569076472776942,0
SAOUHSC_00353,SAOUHSC_00352,-1,0.91400117,0.90987676,0.97749037,0.9889419,0.876608,0.9382131,0.9737758,0.9222499,0.90843827,0.9576546,0.936724990606308,1
SAOUHSC_00352,SAOUHSC_00351,-1,0.8813577,0.9515779,0.9587654,0.81391305,0.91789836,0.96440536,0.9305,0.8996234,0.9657619,0.91117734,0.9194980382919311,1
SAOUHSC_00351,SAOUHSC_00347,-1,0.000369544,0.0014284566,0.0004219206,0.0002555818,0.0026579446,0.0042204526,0.00019062281,0.0006297117,0.0009595394,0.00014295436,0.001127672848815564,0
SAOUHSC_00347,SAOUHSC_00341,-1,0.00024217603,0.0014221226,0.0015983187,0.0008531387,0.0008132055,0.0040893494,0.0008117174,0.0003898095,0.000590693,0.00013729623,0.0010947827002382837,0
SAOUHSC_00341,SAOUHSC_00340,-1,0.99085927,0.982882,0.9805842,0.98240477,0.9709746,0.9948584,0.9846073,0.9873496,0.9835531,0.9885124,0.9846585690975189,1
SAOUHSC_00340,SAOUHSC_00339,-1,0.98948634,0.9835284,0.9806825,0.98310214,0.9693478,0.995122,0.983243,0.9875464,0.98401237,0.9886007,0.9844671547412872,1
SAOUHSC_00339,SAOUHSC_00338,-1,0.99030554,0.9826982,0.98017675,0.982312,0.9696627,0.9948596,0.9836324,0.98713446,0.9836592,0.98840064,0.9842841506004334,1
SAOUHSC_00338,SAOUHSC_00337,-1,0.98050404,0.98524714,0.97883105,0.9894344,0.95357597,0.9631629,0.9903779,0.974976,0.96761787,0.98044586,0.9764173150062561,1
SAOUHSC_00337,SAOUHSC_00335,-1,0.001495251,0.0058248257,0.0027983352,0.0011696874,0.015990522,0.0133640105,0.0029852863,0.0025276009,0.0027194433,0.0009130378,0.004978799971286208,0
SAOUHSC_00335,SAOUHSC_00330,-1,0.00034706,0.0010815009,0.0007667764,0.0009969984,0.002215269,0.00642472,0.0006763551,0.00061367865,0.0015872689,0.00019059156,0.0014900218840921298,0
SAOUHSC_00330,SAOUHSC_00329,-1,0.8172041,0.8628228,0.65226483,0.9112645,0.76599103,0.90692466,0.8419017,0.73906696,0.8431101,0.9268272,0.8267377853393555,1
SAOUHSC_00329,SAOUHSC_00328,-1,0.9672139,0.97159684,0.95725584,0.9864597,0.9506132,0.9596279,0.9907609,0.9427396,0.9661097,0.9643933,0.9656770944595336,1
SAOUHSC_00328,SAOUHSC_00322,-1,0.002087845,0.0014415812,0.000453086,0.001131889,0.0042934627,0.0055300356,0.005136993,0.00066714914,0.0064701964,0.0014078398,0.0028620077588129788,0
SAOUHSC_00322,SAOUHSC_00317,-1,0.00083749695,0.0021150724,0.001636462,0.0014216678,0.004011047,0.008102828,0.00082127785,0.0013064456,0.002494266,0.00051023386,0.0023256797285284847,0
SAOUHSC_00317,SAOUHSC_00313,-1,0.004089623,0.013792782,0.005996754,0.0016367418,0.0066585187,0.014289556,0.013731673,0.0064321486,0.01134946,0.00074823684,0.007872549473540857,0
SAOUHSC_00313,SAOUHSC_00312,-1,0.9873937,0.9556673,0.9776924,0.9780992,0.95762277,0.985953,0.9892636,0.9677209,0.975113,0.98483866,0.9759364545345306,1
SAOUHSC_00312,SAOUHSC_00311,-1,0.99049455,0.9846406,0.98160565,0.9902757,0.9615989,0.9804656,0.99670553,0.9774251,0.9825318,0.9873827,0.9833126068115234,1
SAOUHSC_00311,ulaA,-1,0.962914,0.9593165,0.9832683,0.9789515,0.9408688,0.9594549,0.98322856,0.98437333,0.9594151,0.98057467,0.9692365646362304,1
ulaA,SAOUHSC_00302,-1,0.00022758865,0.0014282471,0.0012139146,0.00032060136,0.00065207185,0.0017899327,0.00081540714,0.00044807105,0.00070295885,0.000229746,0.0007828539295587688,0
SAOUHSC_00302,SAOUHSC_00301,-1,0.96709377,0.9745963,0.9773608,0.98027015,0.9506215,0.9812286,0.98549193,0.9515691,0.97021544,0.98621,0.9724657535552979,1
SAOUHSC_00301,SAOUHSC_00299,-1,0.0006250229,0.0017797092,0.0026322536,0.00046528914,0.0036723102,0.007049095,0.0005191446,0.0010409907,0.0014589104,0.00013950327,0.0019382228871108963,0
SAOUHSC_00299,SAOUHSC_00297,-1,0.08087561,0.0674867,0.07329997,0.04830077,0.10450858,0.11934095,0.043889426,0.039505977,0.04295771,0.050601743,0.06707674339413643,0
SAOUHSC_00297,SAOUHSC_00295,-1,0.011691488,0.017640332,0.008270866,0.0025146,0.0049884333,0.027782619,0.015553474,0.011353442,0.011479241,0.009167977,0.012044247309677302,0
SAOUHSC_00295,SAOUHSC_00294,-1,0.9672165,0.97488004,0.97737163,0.97508544,0.94822204,0.97451985,0.97614706,0.96829844,0.9779728,0.98576313,0.9725476920604705,1
SAOUHSC_00294,SAOUHSC_00289,-1,0.00031192513,0.0018397664,0.00068895996,0.0009244112,0.00060155237,0.0037045805,0.00052661577,0.00052696536,0.00050255074,6.843494e-05,0.000969576232455438,0
SAOUHSC_00289,SAOUHSC_00282,-1,0.0011828815,0.006100345,0.010450351,0.0008477067,0.0020988104,0.007314419,0.0037226179,0.00099308,0.00074579293,0.0005621235,0.0034018127771560103,0
SAOUHSC_00282,SAOUHSC_00281,-1,0.6359899,0.54264784,0.72899145,0.3078575,0.41167757,0.75676095,0.5285635,0.35058913,0.348568,0.28989863,0.49015444815158843,0
SAOUHSC_00281,SAOUHSC_00256,-1,0.0003440329,0.0046646264,0.0043415595,0.00045282862,0.000837615,0.0033128946,0.00091690454,0.0009414622,0.0008001862,7.1335155e-05,0.0016683445086528082,0
SAOUHSC_00256,SAOUHSC_00253,-1,0.021986714,0.03972749,0.019525182,0.0035708721,0.012038164,0.03930953,0.015029226,0.009195727,0.011360015,0.0056083985,0.017735131992958487,0
SAOUHSC_00253,SAOUHSC_00251,-1,0.8366253,0.93129975,0.91472614,0.8982392,0.8473423,0.93407243,0.95616555,0.74946946,0.9460648,0.848256,0.886226087808609,1
SAOUHSC_00251,SAOUHSC_00250,-1,0.9916523,0.9835604,0.9820174,0.9829642,0.9735149,0.9949382,0.9864606,0.98795956,0.98353684,0.98885685,0.9855461299419404,1
SAOUHSC_00250,SAOUHSC_00249,-1,0.9864376,0.98543406,0.9779475,0.97356063,0.95171106,0.97314936,0.9823817,0.9594645,0.9739792,0.95957357,0.9723639130592346,1
SAOUHSC_00249,SAOUHSC_00246,-1,0.0006194539,0.0016245472,0.0043914625,0.0007817537,0.0019820414,0.010053494,0.0013795289,0.0012421771,0.0022717672,0.00044717029,0.002479339623823762,0
SAOUHSC_00246,SAOUHSC_00242,-1,0.027858783,0.088092044,0.07696029,0.03160757,0.03856577,0.08522458,0.029649505,0.05018657,0.017215682,0.016511714,0.046187250129878524,0
SAOUHSC_00242,SAOUHSC_00241,-1,0.4177824,0.4656996,0.39577997,0.17540175,0.3785044,0.52596384,0.60924,0.2779386,0.4440037,0.16888873,0.3859202995896339,0
SAOUHSC_00241,SAOUHSC_00240,-1,0.9456638,0.922302,0.9388557,0.90385187,0.9212671,0.9707244,0.990948,0.8887005,0.9431,0.9204653,0.9345878660678864,1
SAOUHSC_00240,SAOUHSC_00239,-1,0.9581137,0.9602067,0.96633863,0.9681291,0.9005963,0.9662358,0.9678334,0.9468422,0.97472286,0.97738755,0.9586406230926514,1
SAOUHSC_00239,SAOUHSC_00237,-1,0.5290326,0.32889995,0.7191217,0.08439017,0.2341185,0.45984328,0.43141934,0.26881224,0.1472318,0.3032933,0.3506162859499454,0
SAOUHSC_00237,SAOUHSC_00234,-1,0.0009891414,0.006488706,0.0034419897,0.00086525263,0.0046194806,0.006664122,0.0047030863,0.0017183129,0.0027681224,0.0003719169,0.0032630130677716806,0
SAOUHSC_00234,SAOUHSC_00209,-1,7.3859264e-05,0.00034116636,0.00021046001,0.00019787456,0.00032414187,0.0019052349,0.00018820436,9.843073e-05,0.00040455145,3.566856e-05,0.0003779592054343084,0
SAOUHSC_00209,SAOUHSC_00204,-1,0.0017674335,0.0031708977,0.0029893692,0.0015077551,0.004287231,0.012677351,0.00059931935,0.001986327,0.0033096406,0.0009340602,0.003322938457131386,0
SAOUHSC_00204,SAOUHSC_00203,-1,0.96464735,0.98575276,0.9812841,0.97959405,0.9656828,0.9754963,0.99225676,0.9587178,0.97315466,0.98468673,0.9761273324489593,1
SAOUHSC_00203,SAOUHSC_00202,-1,0.20441796,0.15891853,0.32163295,0.011014167,0.08458638,0.21683465,0.17923108,0.16978836,0.06219256,0.21466295,0.16232795901596547,0
SAOUHSC_00202,SAOUHSC_00201,-1,0.66672915,0.45062646,0.57489324,0.6677133,0.6679981,0.89004225,0.40565678,0.39500162,0.8814822,0.7493971,0.6349540144205094,1
SAOUHSC_00201,SAOUHSC_00199,-1,0.03808979,0.02613044,0.05017402,0.01062249,0.0096963495,0.047081158,0.018242361,0.0136550125,0.011759359,0.0019988767,0.022744985623285176,0
SAOUHSC_00199,SAOUHSC_00198,-1,0.97842777,0.9476227,0.98045474,0.9738308,0.9528468,0.9803619,0.9960355,0.95285106,0.96779376,0.96650493,0.9696730017662049,1
SAOUHSC_00198,SAOUHSC_00197,-1,0.88190955,0.89774686,0.99517685,0.905382,0.8992525,0.9329772,0.9065084,0.81974906,0.8412135,0.95213336,0.9032049238681793,1
SAOUHSC_00197,SAOUHSC_00196,-1,0.85921425,0.8555521,0.8981498,0.9052515,0.860074,0.7917459,0.9450748,0.774695,0.8669393,0.898395,0.865509158372879,1
SAOUHSC_00196,SAOUHSC_00195,-1,0.987332,0.97974265,0.98421514,0.98826426,0.96759,0.9690376,0.99523604,0.9818785,0.97410893,0.9857422,0.981314730644226,1
SAOUHSC_00195,SAOUHSC_00193,-1,0.022587989,0.025200777,0.04393062,0.012144201,0.0619473,0.06839565,0.040679105,0.037097488,0.056364685,0.0149969,0.03833447173237801,0
SAOUHSC_00193,SAOUHSC_00191,-1,0.000112282265,0.00052165316,0.00045249937,0.0005428039,0.00043721878,0.0023729864,0.00024596113,0.00020479181,0.00038049978,6.8437876e-05,0.0005339134477253538,0
SAOUHSC_00191,SAOUHSC_00186,-1,0.00017354547,0.0008999668,0.00043130227,0.00014825675,0.0010747398,0.0023181327,8.713512e-05,0.00028544661,0.00035139034,4.447146e-05,0.0005814387339341919,0
SAOUHSC_00186,SAOUHSC_00185,-1,0.988632,0.9787768,0.9788109,0.9821176,0.9559903,0.99241203,0.97243136,0.9853592,0.9851569,0.9857075,0.9805394649505615,1
SAOUHSC_00185,SAOUHSC_00184,-1,0.9911417,0.97885066,0.9759071,0.9766793,0.963228,0.99088943,0.97801,0.9831509,0.98210555,0.98421407,0.9804176688194275,1
SAOUHSC_00184,SAOUHSC_00182,-1,0.0061322157,0.005983687,0.0020053354,0.0049031437,0.0055003935,0.014016932,0.004819865,0.001572124,0.004652417,0.00037273116,0.004995884399977513,0
SAOUHSC_00182,SAOUHSC_00173,-1,7.6458615e-05,0.0008980916,0.00022841695,0.00011625254,0.00038572773,0.0015961401,0.00019929351,0.00022354271,0.00087501266,5.3872707e-05,0.00046528091006621254,0
SAOUHSC_00173,SAOUHSC_00172,-1,0.48440045,0.37700891,0.71706307,0.12741417,0.2984038,0.5573815,0.47675788,0.20251915,0.16010563,0.42362863,0.3824683204293251,0
SAOUHSC_00172,SAOUHSC_00167,-1,0.0047901403,0.011563359,0.007157412,0.017859658,0.025945231,0.027571406,0.048819102,0.005321031,0.012750534,0.008103331,0.01698812050744891,0
SAOUHSC_00167,SAOUHSC_00161,-1,0.00019063463,0.0004956337,0.0003364001,0.0031648087,0.0017942318,0.00659207,0.00032078085,0.00034919337,0.0015091735,0.00017083567,0.0014923762617399916,0
SAOUHSC_00161,SAOUHSC_00155,-1,0.0009682056,0.010120773,0.0053837206,0.001394411,0.002254185,0.0028279836,0.003088209,0.0030060688,0.0014442701,0.0011629727,0.0031650799210183322,0
SAOUHSC_00155,SAOUHSC_00153,-1,0.9815839,0.898679,0.91327053,0.92987156,0.9165582,0.95557827,0.9626116,0.9055413,0.9255145,0.7029124,0.9092121303081513,1
SAOUHSC_00153,SAOUHSC_00152,-1,0.94922113,0.97430307,0.97877216,0.9766183,0.95135295,0.98414695,0.9820917,0.9466848,0.96597326,0.9774916,0.9686655938625336,1
SAOUHSC_00152,SAOUHSC_00151,-1,0.5632788,0.617888,0.5668407,0.2576909,0.4974471,0.59659296,0.39166906,0.43361366,0.35530102,0.5049074,0.47852296233177183,0
SAOUHSC_00151,SAOUHSC_00150,-1,0.69756013,0.39081007,0.65614355,0.20041592,0.38733152,0.54451156,0.74279004,0.3208137,0.16628605,0.43054596,0.45372084826231,0
SAOUHSC_00150,argC,-1,0.9241086,0.9773207,0.92419255,0.96096754,0.9634224,0.9755137,0.99057835,0.8352055,0.981106,0.9552043,0.9487619638442993,1
argC,argJ,-1,0.9838284,0.9809232,0.9828461,0.9892113,0.97382385,0.96948034,0.9939984,0.98028344,0.97478485,0.9837505,0.9812930405139924,1
argJ,SAOUHSC_00147,-1,0.9940771,0.9949269,0.99459386,0.9937075,0.9904506,0.99066716,0.99867177,0.99248296,0.9851635,0.99186623,0.9926607608795166,1
SAOUHSC_00147,SAOUHSC_00146,-1,0.21909195,0.29090565,0.241952,0.08624221,0.22178622,0.23706076,0.3177958,0.30535147,0.105225705,0.30797693,0.2333388701081276,0
SAOUHSC_00146,SAOUHSC_00134,-1,0.00027770933,0.004480478,0.004077679,0.00085395854,0.00078452774,0.0039133993,0.0014540448,0.0014352157,0.00083232654,9.1182876e-05,0.0018200521757535172,0
SAOUHSC_00134,SAOUHSC_00131,-1,6.4167485e-05,0.00044595645,0.00014624432,6.56741e-05,0.0003883888,0.0011397821,9.603297e-05,0.00019001414,0.0003239969,5.283672e-05,0.00029130940420145633,0
SAOUHSC_00131,SAOUHSC_00130,-1,0.98500293,0.97610027,0.97089326,0.9827978,0.9510835,0.9702217,0.9831036,0.97589606,0.9745002,0.9867503,0.9756349563598633,1
SAOUHSC_00130,SAOUHSC_00105,-1,3.0964744e-05,0.00027346108,4.6164714e-05,2.849103e-05,0.0005459189,0.0016760961,0.00014156717,0.00011808066,0.0005901783,9.232412e-06,0.00034601551033119904,0
SAOUHSC_00105,SAOUHSC_00104,-1,0.81568784,0.86805755,0.9208523,0.9080305,0.8093304,0.9627228,0.88863295,0.8738474,0.95716333,0.94708335,0.8951408445835114,1
SAOUHSC_00104,SAOUHSC_00103,-1,0.98916876,0.9845741,0.9874176,0.97723866,0.96939546,0.9842475,0.99103814,0.98746467,0.9800351,0.9811384,0.9831718385219574,1
SAOUHSC_00103,SAOUHSC_00102,-1,0.99082667,0.98069316,0.9793064,0.98191273,0.9671556,0.9936538,0.9803317,0.9868413,0.98411137,0.98753035,0.9832363069057465,1
SAOUHSC_00102,SAOUHSC_00096,-1,0.00034845393,0.0016517093,0.0017717563,0.0004010662,0.0008275917,0.004822114,0.0006945133,0.0004551608,0.00047827198,0.00013755859,0.0011588196182856336,0
SAOUHSC_00096,SAOUHSC_00074,-1,0.00020634852,0.0030461012,0.002076794,0.00041867452,0.00064341904,0.0043577226,0.00077309285,0.0005495439,0.00029556235,3.8554554e-05,0.0012405813420627964,0
SAOUHSC_00074,SAOUHSC_00072,-1,0.9903556,0.9899846,0.98374295,0.9878024,0.9667606,0.98636436,0.99810076,0.9789557,0.98654026,0.9838117,0.9852418839931488,1
SAOUHSC_00072,SAOUHSC_00071,-1,0.9318724,0.8166283,0.7525259,0.8296308,0.7742701,0.853809,0.8118287,0.83023,0.760563,0.9456972,0.8307055413722992,1
SAOUHSC_00071,SAOUHSC_00070,-1,0.50250334,0.6783199,0.78793275,0.16709298,0.32811972,0.4162373,0.46921122,0.32658547,0.11060929,0.1481,0.39347119480371473,0
SAOUHSC_00070,SAOUHSC_00069,-1,0.7157587,0.82219684,0.456097,0.2697292,0.58202374,0.6879193,0.33577764,0.82576334,0.70223516,0.47780707,0.5875308007001877,1
SAOUHSC_00069,SAOUHSC_00062,-1,0.0018186807,0.00748244,0.003216495,0.00048266843,0.0020666579,0.0069618467,0.007386603,0.0037243122,0.0048526945,0.0020852038,0.004007760228705593,0
SAOUHSC_00062,SAOUHSC_00061,-1,0.5072414,0.44781098,0.21409044,0.18284537,0.28404668,0.41243616,0.20483203,0.41110495,0.31040844,0.38021383,0.3355030298233032,0
SAOUHSC_00061,SAOUHSC_00060,-1,0.68421257,0.5803289,0.8087975,0.28618178,0.43176782,0.6251603,0.61480314,0.43507025,0.47167003,0.43149206,0.5369484275579453,1
SAOUHSC_00060,SAOUHSC_00045,-1,0.00039035542,0.0017095048,0.00049244234,0.00041579685,0.0004434336,0.0028119753,0.00030224407,0.00025432944,0.0010135937,7.492434e-05,0.0007908599851361942,0
SAOUHSC_00045,SAOUHSC_00043,-1,0.0026228651,0.0030901823,0.003177494,0.0033309003,0.007419845,0.01997449,0.008780014,0.0030157364,0.0057862923,0.0020354844,0.005923330434598029,0
SAOUHSC_00043,SAOUHSC_00042,-1,0.97241235,0.9238882,0.9211536,0.8687754,0.8677336,0.96655643,0.8586788,0.90973186,0.9748032,0.93342215,0.9197155654430389,1
SAOUHSC_00042,SAOUHSC_00039,-1,0.115682535,0.23898667,0.32643905,0.09817374,0.092369266,0.2276793,0.10992598,0.15553403,0.029644122,0.079779014,0.14742137026041746,0
SAOUHSC_00039,SAOUHSC_00038,-1,0.2640085,0.10103247,0.06946204,0.031817492,0.22128566,0.49701372,0.25718457,0.22538218,0.20988737,0.39441314,0.22714871279895305,0
SAOUHSC_00038,SAOUHSC_00034,-1,0.000120723285,0.0008947546,0.00059091987,0.0001657136,0.00048202978,0.0019613842,0.00018786314,0.00024584107,0.0002520312,4.2088974e-05,0.0004943349722452695,0
SAOUHSC_00034,SAOUHSC_00033,-1,0.9778492,0.9646585,0.9529785,0.9383981,0.91094035,0.9835708,0.9302709,0.97459865,0.9790746,0.9695615,0.9581901133060455,1
SAOUHSC_00033,SAOUHSC_00032,-1,0.3823063,0.3815991,0.6816002,0.21102011,0.43557578,0.7275068,0.5438411,0.47237277,0.19685179,0.59122205,0.4623896062374115,0
SAOUHSC_00032,SAOUHSC_00031,-1,0.86712825,0.9227916,0.93047583,0.93511075,0.89426845,0.9298297,0.85631734,0.9533769,0.93493783,0.9649459,0.9189182579517364,1
SAOUHSC_00031,SAOUHSC_00028,-1,0.0013135868,0.00080703135,0.00070631306,0.0033113458,0.0012926911,0.0061344923,0.000545339,0.0004505475,0.002897555,0.00019542838,0.001765433041146025,0
SAOUHSC_00028,SAOUHSC_00026,-1,0.37219962,0.39402258,0.7962937,0.88592845,0.6097611,0.6967374,0.71571213,0.62493545,0.4043088,0.80229336,0.6302192598581314,1
SAOUHSC_00026,SAOUHSC_00007,-1,2.3630822e-05,0.00018503088,2.3529294e-05,3.12212e-05,0.00023136745,0.00094978977,6.777115e-05,6.711874e-05,0.0003677857,7.4366408e-06,0.00019546816265574306,0
SAOUHSC_00007,rpmH,-1,5.362831e-05,0.00018109388,3.3118675e-05,0.0005098758,0.00047579262,0.0028311901,9.124246e-05,0.00011827111,0.00048253316,8.225043e-05,0.0004858996602706611,0
