name_1,name_2,true,pred_0,pred_1,pred_2,prob,pred
dnaA,SAOUHSC_00002,-1,0.0,0.0,0.0,0.0,0
SAOUHSC_00002,SAOUHSC_00003,-1,0.0,0.0,0.0,0.0,0
SAOUHSC_00003,recF,-1,1.0,1.0,1.0,1.0,1
recF,SAOUHSC_00005,-1,1.0,1.0,1.0,1.0,1
SAOUHSC_00005,SAOUHSC_00006,-1,1.0,1.0,1.0,1.0,1
SAOUHSC_00006,SAOUHSC_00008,-1,,,,0.49,0
SAOUHSC_00008,SAOUHSC_00009,-1,0.0,0.0,0.0,0.0,0
SAOUHSC_00009,SAOUHSC_00010,-1,0.0,0.0,0.0,0.0,0
SAOUHSC_00010,SAOUHSC_00012,-1,1.0,1.0,1.0,1.0,1
SAOUHSC_00012,SAOUHSC_00013,-1,0.0,0.0,0.0,0.0,0
SAOUHSC_00013,SAOUHSC_00014,-1,0.0,0.0,0.0,0.0,0
SAOUHSC_00014,SAOUHSC_00015,-1,1.0,1.0,1.0,1.0,1
SAOUHSC_00015,rplI,-1,1.0,1.0,1.0,1.0,1
rplI,SAOUHSC_00018,-1,1.0,1.0,1.0,1.0,1
SAOUHSC_00018,SAOUHSC_00019,-1,0.0,0.0,0.0,0.0,0
SAOUHSC_00019,SAOUHSC_T00018,-1,0.0,0.0,0.0,0.0,0
SAOUHSC_T00018,SAOUHSC_T00011,-1,1.0,1.0,1.0,1.0,1
SAOUHSC_T00011,SAOUHSC_00020,-1,0.0,0.0,0.0,0.0,0
SAOUHSC_00020,SAOUHSC_00021,-1,1.0,1.0,1.0,1.0,1
SAOUHSC_00021,SAOUHSC_00022,-1,1.0,1.0,1.0,1.0,1
SAOUHSC_00022,SAOUHSC_00023,-1,1.0,1.0,1.0,1.0,1
SAOUHSC_00023,SAOUHSC_00024,-1,0.0,0.0,0.0,0.0,0
SAOUHSC_00024,SAOUHSC_00025,-1,0.0,0.0,0.0,0.0,0
SAOUHSC_00025,SAOUHSC_00027,-1,,,,0.49,0
SAOUHSC_00027,SAOUHSC_00029,-1,,,,0.49,0
SAOUHSC_00029,SAOUHSC_00030,-1,0.0,0.0,0.0,0.0,0
SAOUHSC_00030,SAOUHSC_00035,-1,,,,0.49,0
SAOUHSC_00035,SAOUHSC_00036,-1,1.0,1.0,0.0,0.6666666666666666,1
SAOUHSC_00036,SAOUHSC_00037,-1,1.0,1.0,1.0,1.0,1
SAOUHSC_00037,SAOUHSC_00040,-1,,,,0.49,0
SAOUHSC_00040,SAOUHSC_00041,-1,1.0,1.0,1.0,1.0,1
SAOUHSC_00041,SAOUHSC_00044,-1,,,,0.49,0
SAOUHSC_00044,SAOUHSC_00046,-1,,,,0.49,0
SAOUHSC_00046,SAOUHSC_00047,-1,0.0,0.0,0.0,0.0,0
SAOUHSC_00047,SAOUHSC_00049,-1,0.0,0.0,0.0,0.0,0
SAOUHSC_00049,SAOUHSC_00050,-1,1.0,1.0,1.0,1.0,1
SAOUHSC_00050,SAOUHSC_00051,-1,0.0,0.0,0.0,0.0,0
SAOUHSC_00051,SAOUHSC_00052,-1,0.0,0.0,0.0,0.0,0
SAOUHSC_00052,SAOUHSC_00053,-1,1.0,1.0,1.0,1.0,1
SAOUHSC_00053,SAOUHSC_00054,-1,1.0,1.0,0.0,0.6666666666666666,1
SAOUHSC_00054,SAOUHSC_00055,-1,1.0,1.0,1.0,1.0,1
SAOUHSC_00055,SAOUHSC_00056,-1,0.0,0.0,0.0,0.0,0
SAOUHSC_00056,SAOUHSC_00057,-1,0.0,0.0,0.0,0.0,0
SAOUHSC_00057,SAOUHSC_00058,-1,1.0,1.0,1.0,1.0,1
SAOUHSC_00058,SAOUHSC_00064,-1,,,,0.49,0
SAOUHSC_00064,SAOUHSC_00065,-1,0.0,0.0,0.0,0.0,0
SAOUHSC_00065,SAOUHSC_00067,-1,0.0,0.0,0.0,0.0,0
SAOUHSC_00067,SAOUHSC_00075,-1,,,,0.49,0
SAOUHSC_00075,SAOUHSC_00076,-1,1.0,1.0,1.0,1.0,1
SAOUHSC_00076,SAOUHSC_00077,-1,1.0,1.0,1.0,1.0,1
SAOUHSC_00077,SAOUHSC_00078,-1,1.0,1.0,1.0,1.0,1
SAOUHSC_00078,SAOUHSC_00079,-1,1.0,1.0,1.0,1.0,1
SAOUHSC_00079,SAOUHSC_00080,-1,1.0,1.0,1.0,1.0,1
SAOUHSC_00080,SAOUHSC_00081,-1,1.0,1.0,1.0,1.0,1
SAOUHSC_00081,SAOUHSC_00082,-1,1.0,1.0,1.0,1.0,1
SAOUHSC_00082,SAOUHSC_00083,-1,1.0,1.0,1.0,1.0,1
SAOUHSC_00083,SAOUHSC_00084,-1,0.0,0.0,0.0,0.0,0
SAOUHSC_00084,SAOUHSC_00085,-1,1.0,1.0,1.0,1.0,1
SAOUHSC_00085,SAOUHSC_00086,-1,0.0,0.0,0.0,0.0,0
SAOUHSC_00086,SAOUHSC_00087,-1,0.0,0.0,0.0,0.0,0
SAOUHSC_00087,SAOUHSC_00088,-1,1.0,1.0,1.0,1.0,1
SAOUHSC_00088,SAOUHSC_00089,-1,1.0,1.0,1.0,1.0,1
SAOUHSC_00089,SAOUHSC_00090,-1,0.0,0.0,0.0,0.0,0
SAOUHSC_00090,SAOUHSC_00091,-1,1.0,1.0,1.0,1.0,1
SAOUHSC_00091,SAOUHSC_00092,-1,1.0,1.0,1.0,1.0,1
SAOUHSC_00092,SAOUHSC_00093,-1,0.0,0.0,0.0,0.0,0
SAOUHSC_00093,SAOUHSC_00094,-1,0.0,0.0,0.0,0.0,0
SAOUHSC_00094,SAOUHSC_00097,-1,,,,0.49,0
SAOUHSC_00097,SAOUHSC_00099,-1,1.0,1.0,1.0,1.0,1
SAOUHSC_00099,SAOUHSC_00100,-1,0.0,0.0,0.0,0.0,0
SAOUHSC_00100,SAOUHSC_00101,-1,1.0,1.0,1.0,1.0,1
SAOUHSC_00101,SAOUHSC_00106,-1,,,,0.49,0
SAOUHSC_00106,SAOUHSC_00107,-1,1.0,1.0,1.0,1.0,1
SAOUHSC_00107,SAOUHSC_00108,-1,1.0,1.0,1.0,1.0,1
SAOUHSC_00108,SAOUHSC_00109,-1,0.0,0.0,0.0,0.0,0
SAOUHSC_00109,SAOUHSC_00111,-1,0.0,0.0,0.0,0.0,0
SAOUHSC_00111,SAOUHSC_00113,-1,0.0,0.0,0.0,0.0,0
SAOUHSC_00113,SAOUHSC_00114,-1,0.0,0.0,0.0,0.0,0
SAOUHSC_00114,SAOUHSC_00115,-1,1.0,1.0,1.0,1.0,1
SAOUHSC_00115,SAOUHSC_00116,-1,1.0,1.0,1.0,1.0,1
SAOUHSC_00116,SAOUHSC_00117,-1,1.0,1.0,1.0,1.0,1
SAOUHSC_00117,SAOUHSC_00118,-1,1.0,1.0,1.0,1.0,1
SAOUHSC_00118,SAOUHSC_00119,-1,1.0,1.0,1.0,1.0,1
SAOUHSC_00119,SAOUHSC_00120,-1,1.0,1.0,1.0,1.0,1
SAOUHSC_00120,SAOUHSC_00121,-1,1.0,1.0,1.0,1.0,1
SAOUHSC_00121,SAOUHSC_00122,-1,1.0,1.0,1.0,1.0,1
SAOUHSC_00122,SAOUHSC_00123,-1,1.0,1.0,1.0,1.0,1
SAOUHSC_00123,SAOUHSC_00124,-1,1.0,1.0,1.0,1.0,1
SAOUHSC_00124,SAOUHSC_00125,-1,1.0,1.0,1.0,1.0,1
SAOUHSC_00125,SAOUHSC_00126,-1,1.0,1.0,1.0,1.0,1
SAOUHSC_00126,SAOUHSC_00127,-1,1.0,1.0,1.0,1.0,1
SAOUHSC_00127,SAOUHSC_00128,-1,1.0,1.0,1.0,1.0,1
SAOUHSC_00128,SAOUHSC_00129,-1,1.0,1.0,1.0,1.0,1
SAOUHSC_00129,SAOUHSC_00132,-1,,,,0.49,0
SAOUHSC_00132,SAOUHSC_00133,-1,0.0,0.0,0.0,0.0,0
SAOUHSC_00133,SAOUHSC_00135,-1,,,,0.49,0
SAOUHSC_00135,SAOUHSC_00136,-1,0.0,0.0,0.0,0.0,0
SAOUHSC_00136,SAOUHSC_00137,-1,1.0,1.0,1.0,1.0,1
SAOUHSC_00137,SAOUHSC_00138,-1,1.0,1.0,1.0,1.0,1
SAOUHSC_00138,SAOUHSC_00139,-1,1.0,1.0,1.0,1.0,1
SAOUHSC_00139,SAOUHSC_00141,-1,0.0,0.0,0.0,0.0,0
SAOUHSC_00141,SAOUHSC_00142,-1,0.0,0.0,0.0,0.0,0
SAOUHSC_00142,SAOUHSC_00143,-1,0.0,0.0,0.0,0.0,0
SAOUHSC_00143,SAOUHSC_00144,-1,0.0,0.0,0.0,0.0,0
SAOUHSC_00144,SAOUHSC_00145,-1,1.0,1.0,1.0,1.0,1
SAOUHSC_00145,SAOUHSC_00154,-1,,,,0.49,0
SAOUHSC_00154,SAOUHSC_00156,-1,,,,0.49,0
SAOUHSC_00156,murQ,-1,1.0,1.0,1.0,1.0,1
murQ,SAOUHSC_00158,-1,1.0,1.0,1.0,1.0,1
SAOUHSC_00158,SAOUHSC_00160,-1,1.0,1.0,1.0,1.0,1
SAOUHSC_00160,SAOUHSC_00162,-1,,,,0.49,0
SAOUHSC_00162,SAOUHSC_00163,-1,0.0,0.0,0.0,0.0,0
SAOUHSC_00163,SAOUHSC_00164,-1,1.0,1.0,1.0,1.0,1
SAOUHSC_00164,SAOUHSC_00166,-1,1.0,1.0,1.0,1.0,1
SAOUHSC_00166,SAOUHSC_00168,-1,,,,0.49,0
SAOUHSC_00168,SAOUHSC_00169,-1,1.0,1.0,1.0,1.0,1
SAOUHSC_00169,SAOUHSC_00170,-1,1.0,1.0,1.0,1.0,1
SAOUHSC_00170,SAOUHSC_00171,-1,1.0,0.0,0.0,0.3333333333333333,0
SAOUHSC_00171,SAOUHSC_00174,-1,,,,0.49,0
SAOUHSC_00174,SAOUHSC_00175,-1,0.0,0.0,0.0,0.0,0
SAOUHSC_00175,SAOUHSC_00176,-1,1.0,1.0,1.0,1.0,1
SAOUHSC_00176,SAOUHSC_00177,-1,1.0,1.0,1.0,1.0,1
SAOUHSC_00177,SAOUHSC_00178,-1,1.0,1.0,1.0,1.0,1
SAOUHSC_00178,SAOUHSC_00179,-1,1.0,1.0,1.0,1.0,1
SAOUHSC_00179,SAOUHSC_00180,-1,1.0,1.0,1.0,1.0,1
SAOUHSC_00180,SAOUHSC_00181,-1,1.0,1.0,1.0,1.0,1
SAOUHSC_00181,uhpT,-1,,,,0.49,0
uhpT,SAOUHSC_00187,-1,,,,0.49,0
SAOUHSC_00187,SAOUHSC_00188,-1,1.0,1.0,1.0,1.0,1
SAOUHSC_00188,SAOUHSC_00190,-1,0.0,0.0,0.0,0.0,0
SAOUHSC_00190,SAOUHSC_00192,-1,,,,0.49,0
SAOUHSC_00192,SAOUHSC_00200,-1,,,,0.49,0
SAOUHSC_00200,SAOUHSC_00205,-1,,,,0.49,0
SAOUHSC_00205,SAOUHSC_00206,-1,0.0,0.0,0.0,0.0,0
SAOUHSC_00206,SAOUHSC_00208,-1,0.0,0.0,0.0,0.0,0
SAOUHSC_00208,SAOUHSC_00211,-1,,,,0.49,0
SAOUHSC_00211,SAOUHSC_00212,-1,0.0,0.0,0.0,0.0,0
SAOUHSC_00212,SAOUHSC_00213,-1,0.0,0.0,1.0,0.3333333333333333,0
SAOUHSC_00213,SAOUHSC_00214,-1,1.0,1.0,1.0,1.0,1
SAOUHSC_00214,SAOUHSC_00215,-1,1.0,1.0,1.0,1.0,1
SAOUHSC_00215,SAOUHSC_00216,-1,0.0,0.0,0.0,0.0,0
SAOUHSC_00216,SAOUHSC_00217,-1,1.0,1.0,1.0,1.0,1
SAOUHSC_00217,SAOUHSC_00218,-1,1.0,1.0,1.0,1.0,1
SAOUHSC_00218,SAOUHSC_00219,-1,1.0,1.0,1.0,1.0,1
SAOUHSC_00219,SAOUHSC_00220,-1,0.0,0.0,0.0,0.0,0
SAOUHSC_00220,SAOUHSC_00221,-1,1.0,1.0,1.0,1.0,1
SAOUHSC_00221,SAOUHSC_00222,-1,0.0,0.0,0.0,0.0,0
SAOUHSC_00222,SAOUHSC_00223,-1,0.0,0.0,0.0,0.0,0
SAOUHSC_00223,ispD,-1,0.0,0.0,0.0,0.0,0
ispD,SAOUHSC_00226,-1,1.0,1.0,1.0,1.0,1
SAOUHSC_00226,SAOUHSC_00227,-1,1.0,1.0,1.0,1.0,1
SAOUHSC_00227,SAOUHSC_00228,-1,1.0,1.0,1.0,1.0,1
SAOUHSC_00228,SAOUHSC_00229,-1,0.0,0.0,0.0,0.0,0
SAOUHSC_00229,SAOUHSC_00230,-1,0.0,0.0,0.0,0.0,0
SAOUHSC_00230,SAOUHSC_00231,-1,1.0,1.0,1.0,1.0,1
SAOUHSC_00231,SAOUHSC_00232,-1,0.0,0.0,0.0,0.0,0
SAOUHSC_00232,SAOUHSC_00233,-1,1.0,1.0,1.0,1.0,1
SAOUHSC_00233,SAOUHSC_00235,-1,,,,0.49,0
SAOUHSC_00235,SAOUHSC_00236,-1,1.0,1.0,1.0,1.0,1
SAOUHSC_00236,SAOUHSC_00238,-1,,,,0.49,0
SAOUHSC_00238,SAOUHSC_00243,-1,,,,0.49,0
SAOUHSC_00243,SAOUHSC_00244,-1,1.0,1.0,1.0,1.0,1
SAOUHSC_00244,SAOUHSC_00247,-1,,,,0.49,0
SAOUHSC_00247,SAOUHSC_00248,-1,0.0,0.0,0.0,0.0,0
SAOUHSC_00248,SAOUHSC_00254,-1,,,,0.49,0
SAOUHSC_00254,SAOUHSC_00255,-1,1.0,1.0,1.0,1.0,1
SAOUHSC_00255,SAOUHSC_00257,-1,,,,0.49,0
SAOUHSC_00257,SAOUHSC_00258,-1,0.0,0.0,0.0,0.0,0
SAOUHSC_00258,SAOUHSC_00259,-1,1.0,1.0,1.0,1.0,1
SAOUHSC_00259,SAOUHSC_00260,-1,1.0,1.0,1.0,1.0,1
SAOUHSC_00260,SAOUHSC_00261,-1,1.0,1.0,1.0,1.0,1
SAOUHSC_00261,SAOUHSC_00262,-1,1.0,1.0,1.0,1.0,1
SAOUHSC_00262,SAOUHSC_00264,-1,1.0,1.0,1.0,1.0,1
SAOUHSC_00264,SAOUHSC_00265,-1,1.0,1.0,1.0,1.0,1
SAOUHSC_00265,SAOUHSC_00266,-1,1.0,1.0,1.0,1.0,1
SAOUHSC_00266,SAOUHSC_00267,-1,1.0,1.0,1.0,1.0,1
SAOUHSC_00267,SAOUHSC_00268,-1,1.0,1.0,1.0,1.0,1
SAOUHSC_00268,SAOUHSC_00269,-1,1.0,1.0,1.0,1.0,1
SAOUHSC_00269,SAOUHSC_00270,-1,0.0,0.0,0.0,0.0,0
SAOUHSC_00270,SAOUHSC_00271,-1,0.0,0.0,0.0,0.0,0
SAOUHSC_00271,SAOUHSC_00272,-1,0.0,0.0,0.0,0.0,0
SAOUHSC_00272,SAOUHSC_00274,-1,0.0,0.0,0.0,0.0,0
SAOUHSC_00274,SAOUHSC_00275,-1,1.0,1.0,1.0,1.0,1
SAOUHSC_00275,SAOUHSC_00276,-1,1.0,1.0,1.0,1.0,1
SAOUHSC_00276,SAOUHSC_00277,-1,1.0,1.0,1.0,1.0,1
SAOUHSC_00277,SAOUHSC_00278,-1,1.0,1.0,1.0,1.0,1
SAOUHSC_00278,SAOUHSC_00279,-1,0.0,0.0,0.0,0.0,0
SAOUHSC_00279,SAOUHSC_00280,-1,0.0,0.0,0.0,0.0,0
SAOUHSC_00280,SAOUHSC_00284,-1,,,,0.49,0
SAOUHSC_00284,SAOUHSC_00285,-1,0.0,0.0,0.0,0.0,0
SAOUHSC_00285,SAOUHSC_00287,-1,1.0,1.0,1.0,1.0,1
SAOUHSC_00287,SAOUHSC_00290,-1,,,,0.49,0
SAOUHSC_00290,SAOUHSC_00291,-1,0.0,0.0,0.0,0.0,0
SAOUHSC_00291,SAOUHSC_00292,-1,1.0,1.0,1.0,1.0,1
SAOUHSC_00292,SAOUHSC_00293,-1,1.0,1.0,1.0,1.0,1
SAOUHSC_00293,SAOUHSC_00296,-1,,,,0.49,0
SAOUHSC_00296,SAOUHSC_00298,-1,,,,0.49,0
SAOUHSC_00298,SAOUHSC_00300,-1,,,,0.49,0
SAOUHSC_00300,SAOUHSC_00303,-1,,,,0.49,0
SAOUHSC_00303,SAOUHSC_00304,-1,0.0,0.0,0.0,0.0,0
SAOUHSC_00304,SAOUHSC_00305,-1,1.0,1.0,1.0,1.0,1
SAOUHSC_00305,SAOUHSC_00306,-1,1.0,1.0,1.0,1.0,1
SAOUHSC_00306,SAOUHSC_00307,-1,1.0,1.0,1.0,1.0,1
SAOUHSC_00307,SAOUHSC_00308,-1,1.0,1.0,1.0,1.0,1
SAOUHSC_00308,SAOUHSC_00309,-1,0.0,0.0,0.0,0.0,0
SAOUHSC_00309,SAOUHSC_00314,-1,,,,0.49,0
SAOUHSC_00314,SAOUHSC_00315,-1,0.0,0.0,0.0,0.0,0
SAOUHSC_00315,SAOUHSC_00316,-1,1.0,1.0,1.0,1.0,1
SAOUHSC_00316,SAOUHSC_00318,-1,,,,0.49,0
SAOUHSC_00318,SAOUHSC_00319,-1,1.0,1.0,1.0,1.0,1
SAOUHSC_00319,SAOUHSC_00320,-1,1.0,1.0,1.0,1.0,1
SAOUHSC_00320,SAOUHSC_00323,-1,,,,0.49,0
SAOUHSC_00323,SAOUHSC_00324,-1,1.0,1.0,1.0,1.0,1
SAOUHSC_00324,SAOUHSC_00325,-1,0.0,0.0,0.0,0.0,0
SAOUHSC_00325,SAOUHSC_00326,-1,1.0,1.0,1.0,1.0,1
SAOUHSC_00326,SAOUHSC_00327,-1,1.0,1.0,1.0,1.0,1
SAOUHSC_00327,SAOUHSC_00331,-1,,,,0.49,0
SAOUHSC_00331,SAOUHSC_00332,-1,1.0,1.0,1.0,1.0,1
SAOUHSC_00332,SAOUHSC_00333,-1,1.0,1.0,1.0,1.0,1
SAOUHSC_00333,SAOUHSC_00334,-1,1.0,1.0,1.0,1.0,1
SAOUHSC_00334,SAOUHSC_00336,-1,,,,0.49,0
SAOUHSC_00336,SAOUHSC_00342,-1,,,,0.49,0
SAOUHSC_00342,SAOUHSC_00344,-1,0.0,0.0,0.0,0.0,0
SAOUHSC_00344,SAOUHSC_00345,-1,1.0,1.0,1.0,1.0,1
SAOUHSC_00345,SAOUHSC_00346,-1,1.0,1.0,1.0,1.0,1
SAOUHSC_00346,rpsF,-1,,,,0.49,0
rpsF,SAOUHSC_00349,-1,1.0,1.0,1.0,1.0,1
SAOUHSC_00349,rpsR,-1,1.0,1.0,1.0,1.0,1
rpsR,SAOUHSC_00354,-1,,,,0.49,0
SAOUHSC_00354,SAOUHSC_00355,-1,0.0,0.0,0.0,0.0,0
SAOUHSC_00355,SAOUHSC_00356,-1,0.0,0.0,0.0,0.0,0
SAOUHSC_00356,SAOUHSC_00358,-1,,,,0.49,0
SAOUHSC_00358,SAOUHSC_00359,-1,,,,0.49,0
SAOUHSC_00359,SAOUHSC_00366,-1,,,,0.49,0
SAOUHSC_00366,SAOUHSC_00368,-1,,,,0.49,0
SAOUHSC_00368,SAOUHSC_00372,-1,,,,0.49,0
SAOUHSC_00372,SAOUHSC_00373,-1,1.0,1.0,1.0,1.0,1
SAOUHSC_00373,SAOUHSC_00374,-1,1.0,1.0,1.0,1.0,1
SAOUHSC_00374,guaA,-1,1.0,1.0,1.0,1.0,1
guaA,SAOUHSC_00383,-1,,,,0.49,0
SAOUHSC_00383,SAOUHSC_00384,-1,0.0,0.0,0.0,0.0,0
SAOUHSC_00384,SAOUHSC_00386,-1,0.0,0.0,0.0,0.0,0
SAOUHSC_00386,SAOUHSC_00387,-1,0.0,0.0,0.0,0.0,0
SAOUHSC_00387,SAOUHSC_00389,-1,0.0,0.0,0.0,0.0,0
SAOUHSC_00389,SAOUHSC_00390,-1,0.0,0.0,0.0,0.0,0
SAOUHSC_00390,SAOUHSC_00391,-1,0.0,0.0,0.0,0.0,0
SAOUHSC_00391,SAOUHSC_00392,-1,0.0,0.0,0.0,0.0,0
SAOUHSC_00392,SAOUHSC_00393,-1,0.0,0.0,0.0,0.0,0
SAOUHSC_00393,SAOUHSC_00394,-1,0.0,0.0,0.0,0.0,0
SAOUHSC_00394,SAOUHSC_00395,-1,0.0,0.0,0.0,0.0,0
SAOUHSC_00395,SAOUHSC_00397,-1,,,,0.49,0
SAOUHSC_00397,SAOUHSC_00398,-1,1.0,1.0,1.0,1.0,1
SAOUHSC_00398,SAOUHSC_00399,-1,0.0,0.0,0.0,0.0,0
SAOUHSC_00399,SAOUHSC_00400,-1,1.0,1.0,1.0,1.0,1
SAOUHSC_00400,SAOUHSC_00402,-1,,,,0.49,0
SAOUHSC_00402,SAOUHSC_00404,-1,1.0,1.0,1.0,1.0,1
SAOUHSC_00404,SAOUHSC_00405,-1,0.0,0.0,0.0,0.0,0
SAOUHSC_00405,SAOUHSC_00406,-1,1.0,1.0,1.0,1.0,1
SAOUHSC_00406,SAOUHSC_00407,-1,1.0,1.0,1.0,1.0,1
SAOUHSC_00407,SAOUHSC_00408,-1,1.0,1.0,1.0,1.0,1
SAOUHSC_00408,SAOUHSC_00410,-1,,,,0.49,0
SAOUHSC_00410,SAOUHSC_00411,-1,0.0,0.0,0.0,0.0,0
SAOUHSC_00411,SAOUHSC_00412,-1,0.0,0.0,0.0,0.0,0
SAOUHSC_00412,SAOUHSC_00413,-1,1.0,1.0,1.0,1.0,1
SAOUHSC_00413,SAOUHSC_00414,-1,0.0,0.0,0.0,0.0,0
SAOUHSC_00414,SAOUHSC_00416,-1,,,,0.49,0
SAOUHSC_00416,SAOUHSC_00417,-1,1.0,1.0,1.0,1.0,1
SAOUHSC_00417,SAOUHSC_00418,-1,0.0,0.0,0.0,0.0,0
SAOUHSC_00418,SAOUHSC_00420,-1,0.0,0.0,0.0,0.0,0
SAOUHSC_00420,SAOUHSC_00421,-1,0.0,0.0,0.0,0.0,0
SAOUHSC_00421,SAOUHSC_00422,-1,1.0,1.0,1.0,1.0,1
SAOUHSC_00422,SAOUHSC_00423,-1,0.0,0.0,0.0,0.0,0
SAOUHSC_00423,SAOUHSC_00424,-1,1.0,1.0,1.0,1.0,1
SAOUHSC_00424,SAOUHSC_00426,-1,1.0,1.0,1.0,1.0,1
SAOUHSC_00426,SAOUHSC_00427,-1,0.0,0.0,0.0,0.0,0
SAOUHSC_00427,SAOUHSC_00429,-1,,,,0.49,0
SAOUHSC_00429,SAOUHSC_00430,-1,1.0,1.0,1.0,1.0,1
SAOUHSC_00430,SAOUHSC_00435,-1,,,,0.49,0
SAOUHSC_00435,gltD,-1,1.0,1.0,1.0,1.0,1
gltD,SAOUHSC_T00048,-1,0.0,0.0,0.0,0.0,0
SAOUHSC_T00048,SAOUHSC_00437,-1,0.0,0.0,0.0,0.0,0
SAOUHSC_00437,SAOUHSC_00438,-1,1.0,1.0,1.0,1.0,1
SAOUHSC_00438,SAOUHSC_00439,-1,1.0,1.0,1.0,1.0,1
SAOUHSC_00439,SAOUHSC_00440,-1,0.0,0.0,0.0,0.0,0
SAOUHSC_00440,SAOUHSC_00441,-1,0.0,0.0,0.0,0.0,0
SAOUHSC_00441,SAOUHSC_00442,-1,0.0,0.0,0.0,0.0,0
SAOUHSC_00442,SAOUHSC_00444,-1,1.0,1.0,1.0,1.0,1
SAOUHSC_00444,recR,-1,1.0,1.0,1.0,1.0,1
recR,SAOUHSC_00446,-1,0.0,0.0,0.0,0.0,0
SAOUHSC_00446,SAOUHSC_R0001,-1,0.0,0.0,0.0,0.0,0
SAOUHSC_R0001,SAOUHSC_R0006,-1,0.0,0.0,0.0,0.0,0
SAOUHSC_R0006,SAOUHSC_R00011,-1,,1.0,1.0,0.49,0
SAOUHSC_R00011,SAOUHSC_00450,-1,0.0,0.0,0.0,0.0,0
SAOUHSC_00450,tmk,-1,1.0,1.0,1.0,1.0,1
tmk,SAOUHSC_00452,-1,1.0,1.0,1.0,1.0,1
SAOUHSC_00452,SAOUHSC_00454,-1,0.0,0.0,0.0,0.0,0
SAOUHSC_00454,SAOUHSC_00455,-1,1.0,1.0,1.0,1.0,1
SAOUHSC_00455,SAOUHSC_00456,-1,1.0,1.0,1.0,1.0,1
SAOUHSC_00456,SAOUHSC_00457,-1,0.0,0.0,0.0,0.0,0
SAOUHSC_00457,SAOUHSC_00458,-1,1.0,1.0,1.0,1.0,1
SAOUHSC_00458,SAOUHSC_00459,-1,1.0,1.0,1.0,1.0,1
SAOUHSC_00459,SAOUHSC_00461,-1,0.0,0.0,0.0,0.0,0
SAOUHSC_00461,SAOUHSC_00462,-1,1.0,1.0,1.0,1.0,1
SAOUHSC_00462,SAOUHSC_00463,-1,0.0,0.0,0.0,0.0,0
SAOUHSC_00463,ksgA,-1,1.0,1.0,1.0,1.0,1
ksgA,SAOUHSC_00465,-1,1.0,1.0,1.0,1.0,1
SAOUHSC_00465,ipk,-1,0.0,0.0,0.0,0.0,0
ipk,SAOUHSC_00467,-1,1.0,1.0,1.0,1.0,1
SAOUHSC_00467,SAOUHSC_00468,-1,1.0,1.0,1.0,1.0,1
SAOUHSC_00468,SAOUHSC_00469,-1,1.0,1.0,1.0,1.0,1
SAOUHSC_00469,SAOUHSC_00470,-1,0.0,0.0,0.0,0.0,0
SAOUHSC_00470,glmU,-1,1.0,1.0,1.0,1.0,1
glmU,SAOUHSC_00472,-1,0.0,0.0,0.0,0.0,0
SAOUHSC_00472,SAOUHSC_00474,-1,,,,0.49,0
SAOUHSC_00474,SAOUHSC_00475,-1,0.0,0.0,0.0,0.0,0
SAOUHSC_00475,SAOUHSC_00477,-1,1.0,1.0,1.0,1.0,1
SAOUHSC_00477,SAOUHSC_00479,-1,1.0,1.0,1.0,1.0,1
SAOUHSC_00479,SAOUHSC_00480,-1,1.0,1.0,1.0,1.0,1
SAOUHSC_00480,SAOUHSC_00481,-1,1.0,1.0,1.0,1.0,1
SAOUHSC_00481,SAOUHSC_00482,-1,1.0,1.0,1.0,1.0,1
SAOUHSC_00482,SAOUHSC_00483,-1,1.0,1.0,1.0,1.0,1
SAOUHSC_00483,SAOUHSC_00484,-1,0.0,0.0,0.0,0.0,0
SAOUHSC_00484,SAOUHSC_00485,-1,1.0,1.0,1.0,1.0,1
SAOUHSC_00485,SAOUHSC_00486,-1,0.0,0.0,0.0,0.0,0
SAOUHSC_00486,hslO,-1,0.0,0.0,0.0,0.0,0
hslO,SAOUHSC_00488,-1,0.0,0.0,0.0,0.0,0
SAOUHSC_00488,SAOUHSC_00489,-1,0.0,0.0,0.0,0.0,0
SAOUHSC_00489,SAOUHSC_00490,-1,1.0,1.0,1.0,1.0,1
SAOUHSC_00490,SAOUHSC_00491,-1,1.0,1.0,1.0,1.0,1
SAOUHSC_00491,SAOUHSC_00492,-1,0.0,0.0,0.0,0.0,0
SAOUHSC_00492,lysS,-1,1.0,1.0,1.0,1.0,1
lysS,SAOUHSC_R00016,-1,0.0,0.0,0.0,0.0,0
SAOUHSC_R00016,SAOUHSC_T00059,-1,1.0,1.0,1.0,1.0,1
SAOUHSC_T00059,SAOUHSC_T00053,-1,1.0,1.0,1.0,1.0,1
SAOUHSC_T00053,SAOUHSC_T00035,-1,1.0,1.0,1.0,1.0,1
SAOUHSC_T00035,SAOUHSC_T00021,-1,1.0,1.0,1.0,1.0,1
SAOUHSC_T00021,SAOUHSC_T00030,-1,1.0,1.0,1.0,1.0,1
SAOUHSC_T00030,SAOUHSC_T0004,-1,1.0,1.0,1.0,1.0,1
SAOUHSC_T0004,SAOUHSC_T00044,-1,1.0,1.0,1.0,1.0,1
SAOUHSC_T00044,SAOUHSC_T0001,-1,1.0,1.0,1.0,1.0,1
SAOUHSC_T0001,SAOUHSC_R0002,-1,0.0,0.0,0.0,0.0,0
SAOUHSC_R0002,SAOUHSC_R0007,-1,0.0,0.0,0.0,0.0,0
SAOUHSC_R0007,SAOUHSC_R00012,-1,1.0,1.0,1.0,1.0,1
SAOUHSC_R00012,SAOUHSC_00499,-1,,,,0.49,0
SAOUHSC_00499,SAOUHSC_00500,-1,1.0,1.0,1.0,1.0,1
SAOUHSC_00500,SAOUHSC_00502,-1,,,,0.49,0
SAOUHSC_00502,SAOUHSC_00503,-1,1.0,1.0,1.0,1.0,1
SAOUHSC_00503,SAOUHSC_00504,-1,1.0,1.0,1.0,1.0,1
SAOUHSC_00504,SAOUHSC_00505,-1,1.0,1.0,1.0,1.0,1
SAOUHSC_00505,SAOUHSC_00507,-1,0.0,0.0,0.0,0.0,0
SAOUHSC_00507,SAOUHSC_00508,-1,1.0,1.0,1.0,1.0,1
SAOUHSC_00508,gltX,-1,0.0,0.0,0.0,0.0,0
gltX,SAOUHSC_00510,-1,0.0,0.0,0.0,0.0,0
SAOUHSC_00510,cysS,-1,1.0,1.0,1.0,1.0,1
cysS,SAOUHSC_00512,-1,1.0,1.0,1.0,1.0,1
SAOUHSC_00512,SAOUHSC_00513,-1,1.0,1.0,1.0,1.0,1
SAOUHSC_00513,SAOUHSC_00514,-1,1.0,1.0,1.0,1.0,1
SAOUHSC_00514,SAOUHSC_00515,-1,1.0,1.0,1.0,1.0,1
SAOUHSC_00515,secE,-1,0.0,0.0,0.0,0.0,0
secE,SAOUHSC_00517,-1,1.0,1.0,1.0,1.0,1
SAOUHSC_00517,rplK,-1,0.0,0.0,0.0,0.0,0
rplK,rplA,-1,0.0,0.0,0.0,0.0,0
rplA,rplJ,-1,0.0,0.0,0.0,0.0,0
rplJ,rplL,-1,1.0,1.0,1.0,1.0,1
rplL,SAOUHSC_00523,-1,0.0,0.0,0.0,0.0,0
SAOUHSC_00523,rpoB,-1,0.0,0.0,0.0,0.0,0
rpoB,SAOUHSC_00525,-1,0.0,0.0,0.0,0.0,0
SAOUHSC_00525,SAOUHSC_00526,-1,0.0,0.0,0.0,0.0,0
SAOUHSC_00526,rpsL,-1,0.0,0.0,0.0,0.0,0
rpsL,SAOUHSC_00528,-1,1.0,1.0,1.0,1.0,1
SAOUHSC_00528,SAOUHSC_00529,-1,0.0,0.0,0.0,0.0,0
SAOUHSC_00529,SAOUHSC_00530,-1,0.0,0.0,0.0,0.0,0
SAOUHSC_00530,SAOUHSC_00532,-1,,,,0.49,0
SAOUHSC_00532,SAOUHSC_00533,-1,0.0,0.0,0.0,0.0,0
SAOUHSC_00533,SAOUHSC_00534,-1,0.0,0.0,0.0,0.0,0
SAOUHSC_00534,SAOUHSC_00535,-1,0.0,0.0,0.0,0.0,0
SAOUHSC_00535,SAOUHSC_00536,-1,0.0,0.0,0.0,0.0,0
SAOUHSC_00536,SAOUHSC_00537,-1,1.0,1.0,1.0,1.0,1
SAOUHSC_00537,SAOUHSC_00538,-1,0.0,0.0,0.0,0.0,0
SAOUHSC_00538,SAOUHSC_00541,-1,,,,0.49,0
SAOUHSC_00541,SAOUHSC_00542,-1,0.0,0.0,0.0,0.0,0
SAOUHSC_00542,SAOUHSC_00543,-1,1.0,1.0,1.0,1.0,1
SAOUHSC_00543,SAOUHSC_00544,-1,,,,0.49,0
SAOUHSC_00544,SAOUHSC_00545,-1,0.0,0.0,0.0,0.0,0
SAOUHSC_00545,SAOUHSC_00547,-1,0.0,0.0,0.0,0.0,0
SAOUHSC_00547,SAOUHSC_00552,-1,,,,0.49,0
SAOUHSC_00552,SAOUHSC_00553,-1,1.0,1.0,1.0,1.0,1
SAOUHSC_00553,SAOUHSC_00554,-1,1.0,1.0,1.0,1.0,1
SAOUHSC_00554,SAOUHSC_00555,-1,0.0,0.0,0.0,0.0,0
SAOUHSC_00555,SAOUHSC_00556,-1,0.0,0.0,0.0,0.0,0
SAOUHSC_00556,SAOUHSC_00557,-1,0.0,0.0,0.0,0.0,0
SAOUHSC_00557,SAOUHSC_00558,-1,1.0,1.0,1.0,1.0,1
SAOUHSC_00558,SAOUHSC_00559,-1,1.0,1.0,1.0,1.0,1
SAOUHSC_00559,SAOUHSC_00560,-1,1.0,1.0,1.0,1.0,1
SAOUHSC_00560,SAOUHSC_00564,-1,,,,0.49,0
SAOUHSC_00564,SAOUHSC_00565,-1,1.0,1.0,1.0,1.0,1
SAOUHSC_00565,SAOUHSC_00567,-1,0.0,0.0,0.0,0.0,0
SAOUHSC_00567,SAOUHSC_00569,-1,0.0,0.0,0.0,0.0,0
SAOUHSC_00569,eutD,-1,,,,0.49,0
eutD,SAOUHSC_00575,-1,1.0,1.0,1.0,1.0,1
SAOUHSC_00575,SAOUHSC_00577,-1,0.0,0.0,0.0,0.0,0
SAOUHSC_00577,SAOUHSC_00578,-1,1.0,1.0,1.0,1.0,1
SAOUHSC_00578,SAOUHSC_00579,-1,1.0,1.0,1.0,1.0,1
SAOUHSC_00579,SAOUHSC_00580,-1,0.0,0.0,0.0,0.0,0
SAOUHSC_00580,SAOUHSC_00583,-1,,,,0.49,0
SAOUHSC_00583,SAOUHSC_00584,-1,0.0,0.0,0.0,0.0,0
SAOUHSC_00584,SAOUHSC_00585,-1,1.0,1.0,1.0,1.0,1
SAOUHSC_00585,SAOUHSC_00586,-1,1.0,1.0,1.0,1.0,1
SAOUHSC_00586,SAOUHSC_00587,-1,0.0,0.0,0.0,0.0,0
SAOUHSC_00587,SAOUHSC_00588,-1,1.0,1.0,1.0,1.0,1
SAOUHSC_00588,SAOUHSC_00589,-1,1.0,1.0,1.0,1.0,1
SAOUHSC_00589,SAOUHSC_00591,-1,1.0,1.0,1.0,1.0,1
SAOUHSC_00591,SAOUHSC_00592,-1,0.0,0.0,0.0,0.0,0
SAOUHSC_00592,SAOUHSC_00596,-1,0.0,0.0,0.0,0.0,0
SAOUHSC_00596,SAOUHSC_00598,-1,0.0,0.0,0.0,0.0,0
SAOUHSC_00598,SAOUHSC_00599,-1,1.0,1.0,1.0,1.0,1
SAOUHSC_00599,SAOUHSC_00600,-1,1.0,1.0,1.0,1.0,1
SAOUHSC_00600,SAOUHSC_00602,-1,1.0,1.0,1.0,1.0,1
SAOUHSC_00602,SAOUHSC_00603,-1,0.0,0.0,0.0,0.0,0
SAOUHSC_00603,SAOUHSC_00604,-1,0.0,0.0,0.0,0.0,0
SAOUHSC_00604,SAOUHSC_00605,-1,0.0,0.0,0.0,0.0,0
SAOUHSC_00605,SAOUHSC_00606,-1,1.0,1.0,1.0,1.0,1
SAOUHSC_00606,SAOUHSC_00607,-1,1.0,1.0,1.0,1.0,1
SAOUHSC_00607,SAOUHSC_00608,-1,0.0,0.0,0.0,0.0,0
SAOUHSC_00608,SAOUHSC_00609,-1,1.0,1.0,1.0,1.0,1
SAOUHSC_00609,SAOUHSC_00610,-1,0.0,0.0,0.0,0.0,0
SAOUHSC_00610,argS,-1,1.0,1.0,1.0,1.0,1
argS,SAOUHSC_00612,-1,0.0,0.0,0.0,0.0,0
SAOUHSC_00612,SAOUHSC_00613,-1,0.0,0.0,0.0,0.0,0
SAOUHSC_00613,SAOUHSC_00614,-1,0.0,0.0,0.0,0.0,0
SAOUHSC_00614,SAOUHSC_00615,-1,1.0,1.0,1.0,1.0,1
SAOUHSC_00615,SAOUHSC_00616,-1,1.0,1.0,1.0,1.0,1
SAOUHSC_00616,SAOUHSC_00617,-1,0.0,0.0,0.0,0.0,0
SAOUHSC_00617,SAOUHSC_00618,-1,0.0,0.0,0.0,0.0,0
SAOUHSC_00618,SAOUHSC_00619,-1,0.0,0.0,0.0,0.0,0
SAOUHSC_00619,SAOUHSC_00624,-1,,,,0.49,0
SAOUHSC_00624,SAOUHSC_00625,-1,1.0,1.0,1.0,1.0,1
SAOUHSC_00625,SAOUHSC_00626,-1,1.0,1.0,1.0,1.0,1
SAOUHSC_00626,SAOUHSC_00627,-1,1.0,1.0,1.0,1.0,1
SAOUHSC_00627,SAOUHSC_00628,-1,1.0,1.0,1.0,1.0,1
SAOUHSC_00628,SAOUHSC_00629,-1,1.0,1.0,1.0,1.0,1
SAOUHSC_00629,SAOUHSC_00632,-1,0.0,0.0,0.0,0.0,0
SAOUHSC_00632,SAOUHSC_00633,-1,0.0,0.0,0.0,0.0,0
SAOUHSC_00633,SAOUHSC_00638,-1,,,,0.49,0
SAOUHSC_00638,SAOUHSC_00640,-1,,,,0.49,0
SAOUHSC_00640,SAOUHSC_00642,-1,,,,0.49,0
SAOUHSC_00642,SAOUHSC_00643,-1,0.0,0.0,0.0,0.0,0
SAOUHSC_00643,SAOUHSC_00644,-1,1.0,1.0,1.0,1.0,1
SAOUHSC_00644,SAOUHSC_00645,-1,1.0,1.0,1.0,1.0,1
SAOUHSC_00645,SAOUHSC_00647,-1,,,,0.49,0
SAOUHSC_00647,SAOUHSC_00648,-1,0.0,0.0,0.0,0.0,0
SAOUHSC_00648,SAOUHSC_00650,-1,0.0,0.0,0.0,0.0,0
SAOUHSC_00650,SAOUHSC_00651,-1,0.0,0.0,0.0,0.0,0
SAOUHSC_00651,SAOUHSC_00652,-1,0.0,0.0,0.0,0.0,0
SAOUHSC_00652,SAOUHSC_00653,-1,1.0,1.0,1.0,1.0,1
SAOUHSC_00653,SAOUHSC_00654,-1,1.0,1.0,1.0,1.0,1
SAOUHSC_00654,SAOUHSC_00655,-1,0.0,0.0,0.0,0.0,0
SAOUHSC_00655,SAOUHSC_00656,-1,1.0,1.0,1.0,1.0,1
SAOUHSC_00656,SAOUHSC_00658,-1,1.0,1.0,1.0,1.0,1
SAOUHSC_00658,SAOUHSC_00659,-1,1.0,1.0,1.0,1.0,1
SAOUHSC_00659,SAOUHSC_00660,-1,0.0,0.0,0.0,0.0,0
SAOUHSC_00660,SAOUHSC_00661,-1,0.0,0.0,0.0,0.0,0
SAOUHSC_00661,SAOUHSC_00662,-1,0.0,0.0,0.0,0.0,0
SAOUHSC_00662,SAOUHSC_00664,-1,,,,0.49,0
SAOUHSC_00664,SAOUHSC_00665,-1,1.0,1.0,1.0,1.0,1
SAOUHSC_00665,SAOUHSC_00666,-1,1.0,1.0,1.0,1.0,1
SAOUHSC_00666,SAOUHSC_00667,-1,0.0,0.0,0.0,0.0,0
SAOUHSC_00667,SAOUHSC_00668,-1,1.0,1.0,1.0,1.0,1
SAOUHSC_00668,SAOUHSC_00669,-1,0.0,0.0,0.0,0.0,0
SAOUHSC_00669,SAOUHSC_00670,-1,1.0,1.0,1.0,1.0,1
SAOUHSC_00670,SAOUHSC_00672,-1,,,,0.49,0
SAOUHSC_00672,SAOUHSC_00673,-1,0.0,0.0,0.0,0.0,0
SAOUHSC_00673,SAOUHSC_00674,-1,1.0,1.0,1.0,1.0,1
SAOUHSC_00674,SAOUHSC_00675,-1,0.0,0.0,0.0,0.0,0
SAOUHSC_00675,SAOUHSC_00676,-1,1.0,1.0,1.0,1.0,1
SAOUHSC_00676,SAOUHSC_00677,-1,1.0,1.0,1.0,1.0,1
SAOUHSC_00677,SAOUHSC_00678,-1,0.0,0.0,0.0,0.0,0
SAOUHSC_00678,SAOUHSC_00679,-1,1.0,1.0,1.0,1.0,1
SAOUHSC_00679,SAOUHSC_00680,-1,1.0,1.0,1.0,1.0,1
SAOUHSC_00680,SAOUHSC_00681,-1,1.0,1.0,1.0,1.0,1
SAOUHSC_00681,SAOUHSC_00682,-1,1.0,1.0,1.0,1.0,1
SAOUHSC_00682,SAOUHSC_00684,-1,,,,0.49,0
SAOUHSC_00684,SAOUHSC_00685,-1,1.0,1.0,1.0,1.0,1
SAOUHSC_00685,SAOUHSC_00686,-1,0.0,0.0,0.0,0.0,0
SAOUHSC_00686,SAOUHSC_00687,-1,1.0,1.0,1.0,1.0,1
SAOUHSC_00687,SAOUHSC_00692,-1,,,,0.49,0
SAOUHSC_00692,SAOUHSC_00693,-1,1.0,1.0,1.0,1.0,1
SAOUHSC_00693,SAOUHSC_00695,-1,,,,0.49,0
SAOUHSC_00695,SAOUHSC_00696,-1,0.0,0.0,0.0,0.0,0
SAOUHSC_00696,SAOUHSC_00697,-1,1.0,1.0,1.0,1.0,1
SAOUHSC_00697,SAOUHSC_00698,-1,0.0,0.0,0.0,0.0,0
SAOUHSC_00698,SAOUHSC_00699,-1,1.0,1.0,1.0,1.0,1
SAOUHSC_00699,SAOUHSC_00703,-1,,,,0.49,0
SAOUHSC_00703,SAOUHSC_00704,-1,0.0,0.0,0.0,0.0,0
SAOUHSC_00704,SAOUHSC_00705,-1,0.0,0.0,0.0,0.0,0
SAOUHSC_00705,SAOUHSC_00706,-1,0.0,0.0,0.0,0.0,0
SAOUHSC_00706,SAOUHSC_00707,-1,1.0,1.0,1.0,1.0,1
SAOUHSC_00707,SAOUHSC_00708,-1,1.0,1.0,1.0,1.0,1
SAOUHSC_00708,SAOUHSC_00710,-1,0.0,0.0,0.0,0.0,0
SAOUHSC_00710,SAOUHSC_00711,-1,0.0,0.0,0.0,0.0,0
SAOUHSC_00711,SAOUHSC_00712,-1,0.0,0.0,0.0,0.0,0
SAOUHSC_00712,SAOUHSC_00713,-1,0.0,0.0,0.0,0.0,0
SAOUHSC_00713,SAOUHSC_00722,-1,,,,0.49,0
SAOUHSC_00722,SAOUHSC_00723,-1,1.0,1.0,1.0,1.0,1
SAOUHSC_00723,SAOUHSC_00724,-1,1.0,1.0,1.0,1.0,1
SAOUHSC_00724,SAOUHSC_00725,-1,1.0,1.0,1.0,1.0,1
SAOUHSC_00725,SAOUHSC_00726,-1,1.0,1.0,1.0,1.0,1
SAOUHSC_00726,SAOUHSC_00727,-1,1.0,1.0,1.0,1.0,1
SAOUHSC_00727,SAOUHSC_00728,-1,0.0,0.0,0.0,0.0,0
SAOUHSC_00728,SAOUHSC_00729,-1,0.0,0.0,0.0,0.0,0
SAOUHSC_00729,SAOUHSC_00730,-1,1.0,1.0,1.0,1.0,1
SAOUHSC_00730,SAOUHSC_00731,-1,0.0,0.0,0.0,0.0,0
SAOUHSC_00731,SAOUHSC_00732,-1,1.0,1.0,1.0,1.0,1
SAOUHSC_00732,SAOUHSC_00733,-1,0.0,0.0,0.0,0.0,0
SAOUHSC_00733,SAOUHSC_00734,-1,0.0,0.0,0.0,0.0,0
SAOUHSC_00734,SAOUHSC_00735,-1,0.0,0.0,1.0,0.3333333333333333,0
SAOUHSC_00735,SAOUHSC_00737,-1,,,,0.49,0
SAOUHSC_00737,nrdI,-1,,,,0.49,0
nrdI,SAOUHSC_00742,-1,1.0,1.0,1.0,1.0,1
SAOUHSC_00742,nrdF,-1,1.0,1.0,1.0,1.0,1
nrdF,SAOUHSC_00744,-1,0.0,0.0,0.0,0.0,0
SAOUHSC_00744,SAOUHSC_00745,-1,0.0,0.0,0.0,0.0,0
SAOUHSC_00745,SAOUHSC_00746,-1,1.0,1.0,1.0,1.0,1
SAOUHSC_00746,SAOUHSC_00747,-1,1.0,1.0,1.0,1.0,1
SAOUHSC_00747,SAOUHSC_00748,-1,1.0,1.0,1.0,1.0,1
SAOUHSC_00748,SAOUHSC_00749,-1,0.0,0.0,0.0,0.0,0
SAOUHSC_00749,SAOUHSC_00754,-1,,,,0.49,0
SAOUHSC_00754,SAOUHSC_00755,-1,0.0,0.0,0.0,0.0,0
SAOUHSC_00755,SAOUHSC_00756,-1,0.0,0.0,0.0,0.0,0
SAOUHSC_00756,SAOUHSC_00762,-1,,,,0.49,0
SAOUHSC_00762,SAOUHSC_00764,-1,,,,0.49,0
SAOUHSC_00764,SAOUHSC_00765,-1,0.0,0.0,0.0,0.0,0
SAOUHSC_00765,SAOUHSC_00766,-1,1.0,1.0,1.0,1.0,1
SAOUHSC_00766,SAOUHSC_00767,-1,1.0,1.0,1.0,1.0,1
SAOUHSC_00767,secA,-1,0.0,0.0,0.0,0.0,0
secA,SAOUHSC_00770,-1,1.0,1.0,1.0,1.0,1
SAOUHSC_00770,SAOUHSC_00771,-1,0.0,0.0,0.0,0.0,0
SAOUHSC_00771,SAOUHSC_00772,-1,0.0,0.0,0.0,0.0,0
SAOUHSC_00772,SAOUHSC_00773,-1,0.0,0.0,0.0,0.0,0
SAOUHSC_00773,SAOUHSC_00774,-1,0.0,0.0,0.0,0.0,0
SAOUHSC_00774,SAOUHSC_00775,-1,1.0,1.0,1.0,1.0,1
SAOUHSC_00775,SAOUHSC_00776,-1,0.0,0.0,0.0,0.0,0
SAOUHSC_00776,SAOUHSC_00778,-1,1.0,1.0,1.0,1.0,1
SAOUHSC_00778,SAOUHSC_00779,-1,0.0,0.0,0.0,0.0,0
SAOUHSC_00779,uvrA,-1,1.0,1.0,1.0,1.0,1
uvrA,SAOUHSC_00781,-1,0.0,0.0,0.0,0.0,0
SAOUHSC_00781,SAOUHSC_00782,-1,1.0,1.0,1.0,1.0,1
SAOUHSC_00782,SAOUHSC_00783,-1,1.0,1.0,1.0,1.0,1
SAOUHSC_00783,SAOUHSC_00784,-1,1.0,1.0,1.0,1.0,1
SAOUHSC_00784,SAOUHSC_00785,-1,1.0,1.0,1.0,1.0,1
SAOUHSC_00785,SAOUHSC_00787,-1,,,,0.49,0
SAOUHSC_00787,SAOUHSC_00788,-1,1.0,1.0,1.0,1.0,1
SAOUHSC_00788,SAOUHSC_00789,-1,1.0,1.0,1.0,1.0,1
SAOUHSC_00789,clpP,-1,,,,0.49,0
clpP,SAOUHSC_00793,-1,,,,0.49,0
SAOUHSC_00793,SAOUHSC_00794,-1,0.0,0.0,0.0,0.0,0
SAOUHSC_00794,SAOUHSC_00795,-1,1.0,1.0,1.0,1.0,1
SAOUHSC_00795,pgk,-1,0.0,0.0,0.0,0.0,0
pgk,tpiA,-1,1.0,1.0,1.0,1.0,1
tpiA,SAOUHSC_00798,-1,1.0,1.0,1.0,1.0,1
SAOUHSC_00798,eno,-1,0.0,0.0,0.0,0.0,0
eno,SAOUHSC_00800,-1,0.0,0.0,0.0,0.0,0
SAOUHSC_00800,secG,-1,1.0,1.0,1.0,1.0,1
secG,SAOUHSC_00802,-1,0.0,0.0,0.0,0.0,0
SAOUHSC_00802,SAOUHSC_00803,-1,1.0,1.0,1.0,1.0,1
SAOUHSC_00803,smpB,-1,1.0,1.0,1.0,1.0,1
smpB,SAOUHSC_00809,-1,,,,0.49,0
SAOUHSC_00809,SAOUHSC_00810,-1,1.0,1.0,1.0,1.0,1
SAOUHSC_00810,SAOUHSC_00811,-1,0.0,0.0,0.0,0.0,0
SAOUHSC_00811,SAOUHSC_00812,-1,0.0,0.0,0.0,0.0,0
SAOUHSC_00812,SAOUHSC_00816,-1,0.0,0.0,0.0,0.0,0
SAOUHSC_00816,SAOUHSC_00817,-1,0.0,0.0,0.0,0.0,0
SAOUHSC_00817,SAOUHSC_00818,-1,0.0,0.0,0.0,0.0,0
SAOUHSC_00818,SAOUHSC_00819,-1,0.0,0.0,0.0,0.0,0
SAOUHSC_00819,SAOUHSC_00825,-1,,,,0.49,0
SAOUHSC_00825,SAOUHSC_00827,-1,,,,0.49,0
SAOUHSC_00827,SAOUHSC_00832,-1,,,,0.49,0
SAOUHSC_00832,SAOUHSC_00833,-1,0.0,0.0,0.0,0.0,0
SAOUHSC_00833,SAOUHSC_00835,-1,,,,0.49,0
SAOUHSC_00835,SAOUHSC_00836,-1,0.0,0.0,0.0,0.0,0
SAOUHSC_00836,SAOUHSC_00837,-1,1.0,1.0,1.0,1.0,1
SAOUHSC_00837,SAOUHSC_00838,-1,1.0,1.0,1.0,1.0,1
SAOUHSC_00838,SAOUHSC_00839,-1,0.0,0.0,0.0,0.0,0
SAOUHSC_00839,SAOUHSC_00840,-1,0.0,0.0,0.0,0.0,0
SAOUHSC_00840,SAOUHSC_00841,-1,1.0,1.0,1.0,1.0,1
SAOUHSC_00841,SAOUHSC_00842,-1,0.0,0.0,0.0,0.0,0
SAOUHSC_00842,SAOUHSC_00843,-1,1.0,1.0,1.0,1.0,1
SAOUHSC_00843,SAOUHSC_00844,-1,1.0,1.0,1.0,1.0,1
SAOUHSC_00844,SAOUHSC_00845,-1,0.0,0.0,0.0,0.0,0
SAOUHSC_00845,SAOUHSC_00847,-1,,,,0.49,0
SAOUHSC_00847,SAOUHSC_00848,-1,0.0,0.0,0.0,0.0,0
SAOUHSC_00848,SAOUHSC_00849,-1,1.0,1.0,1.0,1.0,1
SAOUHSC_00849,SAOUHSC_00850,-1,1.0,1.0,1.0,1.0,1
SAOUHSC_00850,SAOUHSC_00851,-1,0.0,0.0,0.0,0.0,0
SAOUHSC_00851,SAOUHSC_00852,-1,0.0,0.0,0.0,0.0,0
SAOUHSC_00852,SAOUHSC_00854,-1,,,,0.49,0
SAOUHSC_00854,SAOUHSC_00855,-1,1.0,1.0,1.0,1.0,1
SAOUHSC_00855,SAOUHSC_00857,-1,1.0,1.0,1.0,1.0,1
SAOUHSC_00857,SAOUHSC_00858,-1,1.0,1.0,1.0,1.0,1
SAOUHSC_00858,SAOUHSC_00859,-1,1.0,1.0,1.0,1.0,1
SAOUHSC_00859,SAOUHSC_00860,-1,1.0,1.0,1.0,1.0,1
SAOUHSC_00860,SAOUHSC_00861,-1,1.0,1.0,1.0,1.0,1
SAOUHSC_00861,SAOUHSC_00862,-1,0.0,0.0,0.0,0.0,0
SAOUHSC_00862,SAOUHSC_00864,-1,,,,0.49,0
SAOUHSC_00864,SAOUHSC_00865,-1,1.0,1.0,1.0,1.0,1
SAOUHSC_00865,SAOUHSC_00866,-1,1.0,1.0,1.0,1.0,1
SAOUHSC_00866,SAOUHSC_00867,-1,0.0,0.0,0.0,0.0,0
SAOUHSC_00867,SAOUHSC_00868,-1,1.0,1.0,1.0,1.0,1
SAOUHSC_00868,SAOUHSC_00869,-1,1.0,1.0,1.0,1.0,1
SAOUHSC_00869,SAOUHSC_00870,-1,1.0,1.0,1.0,1.0,1
SAOUHSC_00870,SAOUHSC_00871,-1,1.0,1.0,1.0,1.0,1
SAOUHSC_00871,SAOUHSC_00872,-1,1.0,1.0,1.0,1.0,1
SAOUHSC_00872,SAOUHSC_00874,-1,,,,0.49,0
SAOUHSC_00874,SAOUHSC_00876,-1,,,,0.49,0
SAOUHSC_00876,SAOUHSC_00877,-1,1.0,1.0,1.0,1.0,1
SAOUHSC_00877,SAOUHSC_00878,-1,0.0,0.0,0.0,0.0,0
SAOUHSC_00878,SAOUHSC_00879,-1,0.0,0.0,0.0,0.0,0
SAOUHSC_00879,SAOUHSC_00880,-1,0.0,0.0,0.0,0.0,0
SAOUHSC_00880,SAOUHSC_00881,-1,1.0,1.0,1.0,1.0,1
SAOUHSC_00881,SAOUHSC_00891,-1,,,,0.49,0
SAOUHSC_00891,SAOUHSC_00892,-1,0.0,0.0,0.0,0.0,0
SAOUHSC_00892,SAOUHSC_00893,-1,0.0,0.0,0.0,0.0,0
SAOUHSC_00893,rocD,-1,0.0,0.0,0.0,0.0,0
rocD,SAOUHSC_00895,-1,0.0,0.0,0.0,0.0,0
SAOUHSC_00895,SAOUHSC_00896,-1,0.0,0.0,0.0,0.0,0
SAOUHSC_00896,pgi,-1,,,,0.49,0
pgi,SAOUHSC_00901,-1,0.0,0.0,0.0,0.0,0
SAOUHSC_00901,SAOUHSC_00902,-1,1.0,1.0,1.0,1.0,1
SAOUHSC_00902,SAOUHSC_00903,-1,0.0,0.0,0.0,0.0,0
SAOUHSC_00903,SAOUHSC_00904,-1,0.0,0.0,0.0,0.0,0
SAOUHSC_00904,SAOUHSC_00905,-1,1.0,1.0,1.0,1.0,1
SAOUHSC_00905,SAOUHSC_00906,-1,0.0,0.0,0.0,0.0,0
SAOUHSC_00906,SAOUHSC_00907,-1,0.0,0.0,0.0,0.0,0
SAOUHSC_00907,SAOUHSC_00910,-1,,,,0.49,0
SAOUHSC_00910,SAOUHSC_00911,-1,0.0,0.0,0.0,0.0,0
SAOUHSC_00911,SAOUHSC_00912,-1,0.0,0.0,0.0,0.0,0
SAOUHSC_00912,SAOUHSC_00914,-1,,,,0.49,0
SAOUHSC_00914,SAOUHSC_00915,-1,1.0,1.0,1.0,1.0,1
SAOUHSC_00915,SAOUHSC_00916,-1,1.0,1.0,1.0,1.0,1
SAOUHSC_00916,SAOUHSC_00917,-1,1.0,1.0,1.0,1.0,1
SAOUHSC_00917,SAOUHSC_00920,-1,,,,0.49,0
SAOUHSC_00920,SAOUHSC_00921,-1,1.0,1.0,1.0,1.0,1
SAOUHSC_00921,SAOUHSC_00923,-1,,,,0.49,0
SAOUHSC_00923,SAOUHSC_00924,-1,1.0,1.0,1.0,1.0,1
SAOUHSC_00924,SAOUHSC_00925,-1,1.0,1.0,1.0,1.0,1
SAOUHSC_00925,SAOUHSC_00926,-1,1.0,1.0,1.0,1.0,1
SAOUHSC_00926,SAOUHSC_00927,-1,1.0,1.0,1.0,1.0,1
SAOUHSC_00927,SAOUHSC_00928,-1,0.0,0.0,0.0,0.0,0
SAOUHSC_00928,SAOUHSC_00929,-1,1.0,1.0,1.0,1.0,1
SAOUHSC_00929,SAOUHSC_00930,-1,1.0,1.0,1.0,1.0,1
SAOUHSC_00930,SAOUHSC_00931,-1,1.0,1.0,1.0,1.0,1
SAOUHSC_00931,SAOUHSC_00932,-1,1.0,1.0,1.0,1.0,1
SAOUHSC_00932,spxA,-1,,,,0.49,0
spxA,SAOUHSC_00935,-1,0.0,0.0,0.0,0.0,0
SAOUHSC_00935,SAOUHSC_00936,-1,0.0,0.0,0.0,0.0,0
SAOUHSC_00936,SAOUHSC_00937,-1,0.0,0.0,0.0,0.0,0
SAOUHSC_00937,SAOUHSC_00941,-1,,,,0.49,0
SAOUHSC_00941,SAOUHSC_00942,-1,1.0,1.0,1.0,1.0,1
SAOUHSC_00942,ppnK,-1,1.0,1.0,1.0,1.0,1
ppnK,SAOUHSC_00944,-1,1.0,1.0,1.0,1.0,1
SAOUHSC_00944,SAOUHSC_00945,-1,1.0,1.0,1.0,1.0,1
SAOUHSC_00945,SAOUHSC_00946,-1,1.0,1.0,1.0,1.0,1
SAOUHSC_00946,SAOUHSC_00947,-1,0.0,0.0,0.0,0.0,0
SAOUHSC_00947,SAOUHSC_00949,-1,,,,0.49,0
SAOUHSC_00949,SAOUHSC_00950,-1,0.0,0.0,0.0,0.0,0
SAOUHSC_00950,SAOUHSC_00951,-1,0.0,0.0,0.0,0.0,0
SAOUHSC_00951,SAOUHSC_00954,-1,,,,0.49,0
SAOUHSC_00954,SAOUHSC_00955,-1,1.0,1.0,1.0,1.0,1
SAOUHSC_00955,prfC,-1,1.0,1.0,1.0,1.0,1
prfC,SAOUHSC_00957,-1,0.0,0.0,0.0,0.0,0
SAOUHSC_00957,SAOUHSC_00958,-1,0.0,0.0,0.0,0.0,0
SAOUHSC_00958,SAOUHSC_00959,-1,1.0,1.0,1.0,1.0,1
SAOUHSC_00959,SAOUHSC_00960,-1,0.0,0.0,0.0,0.0,0
SAOUHSC_00960,SAOUHSC_00962,-1,,,,0.49,0
SAOUHSC_00962,SAOUHSC_00964,-1,,,,0.49,0
SAOUHSC_00964,SAOUHSC_00965,-1,1.0,1.0,1.0,1.0,1
SAOUHSC_00965,SAOUHSC_00966,-1,0.0,0.0,0.0,0.0,0
SAOUHSC_00966,SAOUHSC_00967,-1,0.0,0.0,0.0,0.0,0
SAOUHSC_00967,SAOUHSC_00968,-1,0.0,0.0,0.0,0.0,0
SAOUHSC_00968,SAOUHSC_00969,-1,1.0,1.0,1.0,1.0,1
SAOUHSC_00969,SAOUHSC_00970,-1,1.0,1.0,1.0,1.0,1
SAOUHSC_00970,SAOUHSC_00972,-1,,,,0.49,0
SAOUHSC_00972,SAOUHSC_00976,-1,,,,0.49,0
SAOUHSC_00976,SAOUHSC_00979,-1,,,,0.49,0
SAOUHSC_00979,SAOUHSC_00981,-1,,,,0.49,0
SAOUHSC_00981,SAOUHSC_00982,-1,1.0,1.0,1.0,1.0,1
SAOUHSC_00982,SAOUHSC_00983,-1,1.0,1.0,1.0,1.0,1
SAOUHSC_00983,SAOUHSC_00984,-1,1.0,1.0,1.0,1.0,1
SAOUHSC_00984,SAOUHSC_00985,-1,1.0,1.0,1.0,1.0,1
SAOUHSC_00985,SAOUHSC_00992,-1,,,,0.49,0
SAOUHSC_00992,SAOUHSC_00993,-1,1.0,1.0,1.0,1.0,1
SAOUHSC_00993,SAOUHSC_00998,-1,,,,0.49,0
SAOUHSC_00998,SAOUHSC_01003,-1,,,,0.49,0
SAOUHSC_01003,SAOUHSC_01008,-1,,,,0.49,0
SAOUHSC_01008,SAOUHSC_01009,-1,1.0,1.0,1.0,1.0,1
SAOUHSC_01009,SAOUHSC_01010,-1,1.0,1.0,1.0,1.0,1
SAOUHSC_01010,SAOUHSC_01011,-1,1.0,1.0,1.0,1.0,1
SAOUHSC_01011,SAOUHSC_01012,-1,1.0,1.0,1.0,1.0,1
SAOUHSC_01012,SAOUHSC_01013,-1,1.0,1.0,1.0,1.0,1
SAOUHSC_01013,SAOUHSC_01014,-1,1.0,1.0,1.0,1.0,1
SAOUHSC_01014,SAOUHSC_01015,-1,1.0,1.0,1.0,1.0,1
SAOUHSC_01015,SAOUHSC_01016,-1,1.0,1.0,1.0,1.0,1
SAOUHSC_01016,purH,-1,1.0,1.0,1.0,1.0,1
purH,SAOUHSC_01018,-1,1.0,1.0,1.0,1.0,1
SAOUHSC_01018,SAOUHSC_01023,-1,,,,0.49,0
SAOUHSC_01023,SAOUHSC_01025,-1,,,,0.49,0
SAOUHSC_01025,SAOUHSC_01026,-1,0.0,0.0,0.0,0.0,0
SAOUHSC_01026,SAOUHSC_01027,-1,1.0,1.0,1.0,1.0,1
SAOUHSC_01027,SAOUHSC_01028,-1,0.0,0.0,0.0,0.0,0
SAOUHSC_01028,SAOUHSC_01029,-1,1.0,1.0,1.0,1.0,1
SAOUHSC_01029,SAOUHSC_01031,-1,,,,0.49,0
SAOUHSC_01031,SAOUHSC_01032,-1,1.0,1.0,1.0,1.0,1
SAOUHSC_01032,SAOUHSC_01034,-1,0.0,0.0,0.0,0.0,0
SAOUHSC_01034,SAOUHSC_A00992,-1,1.0,1.0,1.0,1.0,1
SAOUHSC_A00992,SAOUHSC_01039,-1,,,,0.49,0
SAOUHSC_01039,SAOUHSC_01040,-1,0.0,0.0,0.0,0.0,0
SAOUHSC_01040,SAOUHSC_01041,-1,1.0,1.0,1.0,1.0,1
SAOUHSC_01041,SAOUHSC_01042,-1,1.0,1.0,1.0,1.0,1
SAOUHSC_01042,SAOUHSC_01043,-1,1.0,1.0,1.0,1.0,1
SAOUHSC_01043,SAOUHSC_01044,-1,0.0,0.0,0.0,0.0,0
SAOUHSC_01044,SAOUHSC_01045,-1,0.0,0.0,0.0,0.0,0
SAOUHSC_01045,SAOUHSC_01046,-1,1.0,1.0,1.0,1.0,1
SAOUHSC_01046,SAOUHSC_01047,-1,1.0,1.0,1.0,1.0,1
SAOUHSC_01047,SAOUHSC_01048,-1,1.0,1.0,1.0,1.0,1
SAOUHSC_01048,SAOUHSC_01049,-1,1.0,1.0,1.0,1.0,1
SAOUHSC_01049,SAOUHSC_01050,-1,1.0,0.0,0.0,0.3333333333333333,0
SAOUHSC_01050,SAOUHSC_01051,-1,0.0,0.0,0.0,0.0,0
SAOUHSC_01051,SAOUHSC_01055,-1,,,,0.49,0
SAOUHSC_01055,SAOUHSC_01058,-1,,,,0.49,0
SAOUHSC_01058,SAOUHSC_01062,-1,,,,0.49,0
SAOUHSC_01062,SAOUHSC_01063,-1,0.0,0.0,0.0,0.0,0
SAOUHSC_01063,SAOUHSC_01064,-1,0.0,0.0,0.0,0.0,0
SAOUHSC_01064,SAOUHSC_01066,-1,,,,0.49,0
SAOUHSC_01066,SAOUHSC_01067,-1,1.0,1.0,1.0,1.0,1
SAOUHSC_01067,SAOUHSC_01068,-1,0.0,0.0,0.0,0.0,0
SAOUHSC_01068,SAOUHSC_01069,-1,1.0,1.0,1.0,1.0,1
SAOUHSC_01069,SAOUHSC_01070,-1,1.0,1.0,1.0,1.0,1
SAOUHSC_01070,SAOUHSC_01072,-1,,,,0.49,0
SAOUHSC_01072,SAOUHSC_01074,-1,,,,0.49,0
SAOUHSC_01074,coaD,-1,1.0,1.0,1.0,1.0,1
coaD,SAOUHSC_01077,-1,,,,0.49,0
SAOUHSC_01077,SAOUHSC_01082,-1,,,,0.49,0
SAOUHSC_01082,SAOUHSC_01084,-1,1.0,1.0,1.0,1.0,1
SAOUHSC_01084,SAOUHSC_01085,-1,1.0,1.0,1.0,1.0,1
SAOUHSC_01085,SAOUHSC_01086,-1,1.0,1.0,1.0,1.0,1
SAOUHSC_01086,SAOUHSC_01087,-1,1.0,1.0,1.0,1.0,1
SAOUHSC_01087,SAOUHSC_01088,-1,1.0,1.0,1.0,1.0,1
SAOUHSC_01088,SAOUHSC_01089,-1,1.0,1.0,1.0,1.0,1
SAOUHSC_01089,SAOUHSC_01090,-1,1.0,1.0,1.0,1.0,1
SAOUHSC_01090,SAOUHSC_01091,-1,0.0,0.0,0.0,0.0,0
SAOUHSC_01091,pheS,-1,0.0,0.0,0.0,0.0,0
pheS,pheT,-1,1.0,1.0,1.0,1.0,1
pheT,SAOUHSC_01096,-1,,,,0.49,0
SAOUHSC_01096,SAOUHSC_01097,-1,1.0,1.0,1.0,1.0,1
SAOUHSC_01097,SAOUHSC_01098,-1,1.0,1.0,1.0,1.0,1
SAOUHSC_01098,SAOUHSC_01099,-1,1.0,1.0,1.0,1.0,1
SAOUHSC_01099,SAOUHSC_01100,-1,0.0,0.0,0.0,0.0,0
SAOUHSC_01100,uvrC,-1,,,,0.49,0
uvrC,SAOUHSC_01103,-1,0.0,0.0,0.0,0.0,0
SAOUHSC_01103,sdhA,-1,1.0,1.0,1.0,1.0,1
sdhA,sdhB,-1,1.0,1.0,1.0,1.0,1
sdhB,SAOUHSC_01106,-1,0.0,0.0,0.0,0.0,0
SAOUHSC_01106,SAOUHSC_01107,-1,1.0,1.0,1.0,1.0,1
SAOUHSC_01107,SAOUHSC_01108,-1,1.0,1.0,1.0,1.0,1
SAOUHSC_01108,SAOUHSC_01109,-1,0.0,0.0,0.0,0.0,0
SAOUHSC_01109,SAOUHSC_01110,-1,0.0,0.0,0.0,0.0,0
SAOUHSC_01110,SAOUHSC_01113,-1,,,,0.49,0
SAOUHSC_01113,SAOUHSC_01114,-1,0.0,0.0,0.0,0.0,0
SAOUHSC_01114,SAOUHSC_01115,-1,1.0,0.0,0.0,0.3333333333333333,0
SAOUHSC_01115,SAOUHSC_01118,-1,0.0,0.0,0.0,0.0,0
SAOUHSC_01118,SAOUHSC_01122,-1,,,,0.49,0
SAOUHSC_01122,SAOUHSC_01123,-1,1.0,1.0,1.0,1.0,1
SAOUHSC_01123,SAOUHSC_01128,-1,,,,0.49,0
SAOUHSC_01128,SAOUHSC_01129,-1,1.0,1.0,1.0,1.0,1
SAOUHSC_01129,SAOUHSC_01130,-1,0.0,0.0,0.0,0.0,0
SAOUHSC_01130,SAOUHSC_01131,-1,0.0,0.0,0.0,0.0,0
SAOUHSC_01131,SAOUHSC_01134,-1,,,,0.49,0
SAOUHSC_01134,SAOUHSC_01135,-1,,,,0.49,0
SAOUHSC_01135,SAOUHSC_01136,-1,1.0,1.0,1.0,1.0,1
SAOUHSC_01136,SAOUHSC_01137,-1,1.0,1.0,1.0,1.0,1
SAOUHSC_01137,SAOUHSC_01139,-1,,,,0.49,0
SAOUHSC_01139,SAOUHSC_01141,-1,0.0,0.0,0.0,0.0,0
SAOUHSC_01141,SAOUHSC_01142,-1,0.0,0.0,0.0,0.0,0
SAOUHSC_01142,mraW,-1,1.0,1.0,1.0,1.0,1
mraW,SAOUHSC_01144,-1,1.0,1.0,1.0,1.0,1
SAOUHSC_01144,SAOUHSC_01145,-1,1.0,1.0,1.0,1.0,1
SAOUHSC_01145,mraY,-1,0.0,0.0,0.0,0.0,0
mraY,murD,-1,1.0,1.0,1.0,1.0,1
murD,SAOUHSC_01148,-1,1.0,1.0,1.0,1.0,1
SAOUHSC_01148,SAOUHSC_01149,-1,0.0,0.0,0.0,0.0,0
SAOUHSC_01149,SAOUHSC_01150,-1,1.0,1.0,1.0,1.0,1
SAOUHSC_01150,SAOUHSC_01152,-1,0.0,0.0,0.0,0.0,0
SAOUHSC_01152,SAOUHSC_01153,-1,1.0,1.0,1.0,1.0,1
SAOUHSC_01153,SAOUHSC_01154,-1,1.0,1.0,1.0,1.0,1
SAOUHSC_01154,SAOUHSC_01155,-1,1.0,1.0,1.0,1.0,1
SAOUHSC_01155,SAOUHSC_01156,-1,1.0,1.0,1.0,1.0,1
SAOUHSC_01156,SAOUHSC_01158,-1,1.0,1.0,1.0,1.0,1
SAOUHSC_01158,ileS,-1,0.0,0.0,0.0,0.0,0
ileS,SAOUHSC_01160,-1,0.0,0.0,0.0,0.0,0
SAOUHSC_01160,lspA,-1,0.0,0.0,0.0,0.0,0
lspA,SAOUHSC_01163,-1,1.0,1.0,1.0,1.0,1
SAOUHSC_01163,SAOUHSC_01164,-1,0.0,0.0,0.0,0.0,0
SAOUHSC_01164,SAOUHSC_01165,-1,0.0,0.0,0.0,0.0,0
SAOUHSC_01165,pyrB,-1,1.0,1.0,1.0,1.0,1
pyrB,pyrC,-1,1.0,1.0,1.0,1.0,1
pyrC,SAOUHSC_01169,-1,1.0,1.0,1.0,1.0,1
SAOUHSC_01169,carB,-1,1.0,1.0,1.0,1.0,1
carB,SAOUHSC_01171,-1,1.0,1.0,1.0,1.0,1
SAOUHSC_01171,pyrE,-1,1.0,1.0,1.0,1.0,1
pyrE,SAOUHSC_01173,-1,1.0,1.0,1.0,1.0,1
SAOUHSC_01173,SAOUHSC_01174,-1,0.0,0.0,0.0,0.0,0
SAOUHSC_01174,gmk,-1,,,,0.49,0
gmk,rpoZ,-1,1.0,1.0,1.0,1.0,1
rpoZ,SAOUHSC_01178,-1,0.0,0.0,0.0,0.0,0
SAOUHSC_01178,SAOUHSC_01179,-1,1.0,1.0,1.0,1.0,1
SAOUHSC_01179,SAOUHSC_01180,-1,0.0,0.0,0.0,0.0,0
SAOUHSC_01180,SAOUHSC_01182,-1,,,,0.49,0
SAOUHSC_01182,SAOUHSC_01183,-1,1.0,1.0,1.0,1.0,1
SAOUHSC_01183,SAOUHSC_01184,-1,1.0,1.0,1.0,1.0,1
SAOUHSC_01184,SAOUHSC_01185,-1,1.0,1.0,1.0,1.0,1
SAOUHSC_01185,SAOUHSC_01186,-1,1.0,1.0,1.0,1.0,1
SAOUHSC_01186,SAOUHSC_01187,-1,1.0,1.0,1.0,1.0,1
SAOUHSC_01187,SAOUHSC_01188,-1,0.0,0.0,0.0,0.0,0
SAOUHSC_01188,SAOUHSC_01189,-1,1.0,1.0,1.0,1.0,1
SAOUHSC_01189,SAOUHSC_01190,-1,1.0,1.0,1.0,1.0,1
SAOUHSC_01190,SAOUHSC_01192,-1,,,,0.49,0
SAOUHSC_01192,SAOUHSC_01193,-1,1.0,1.0,1.0,1.0,1
SAOUHSC_01193,SAOUHSC_01194,-1,0.0,0.0,0.0,0.0,0
SAOUHSC_01194,SAOUHSC_01196,-1,0.0,0.0,0.0,0.0,0
SAOUHSC_01196,SAOUHSC_01197,-1,1.0,1.0,1.0,1.0,1
SAOUHSC_01197,SAOUHSC_01198,-1,1.0,1.0,1.0,1.0,1
SAOUHSC_01198,SAOUHSC_01199,-1,1.0,1.0,1.0,1.0,1
SAOUHSC_01199,acpP,-1,,,,0.49,0
acpP,rnc,-1,0.0,0.0,0.0,0.0,0
rnc,SAOUHSC_01204,-1,0.0,0.0,0.0,0.0,0
SAOUHSC_01204,SAOUHSC_01205,-1,1.0,1.0,1.0,1.0,1
SAOUHSC_01205,SAOUHSC_01206,-1,1.0,1.0,1.0,1.0,1
SAOUHSC_01206,SAOUHSC_01207,-1,1.0,1.0,1.0,1.0,1
SAOUHSC_01207,rpsP,-1,0.0,0.0,0.0,0.0,0
rpsP,rimM,-1,0.0,0.0,0.0,0.0,0
rimM,trmD,-1,1.0,1.0,1.0,1.0,1
trmD,rplS,-1,1.0,0.0,1.0,0.6666666666666666,1
rplS,rbgA,-1,,,,0.49,0
rbgA,rnhB,-1,1.0,1.0,1.0,1.0,1
rnhB,sucC,-1,1.0,1.0,1.0,1.0,1
sucC,SAOUHSC_01218,-1,1.0,1.0,1.0,1.0,1
SAOUHSC_01218,SAOUHSC_01219,-1,0.0,0.0,0.0,0.0,0
SAOUHSC_01219,SAOUHSC_01220,-1,1.0,1.0,1.0,1.0,1
SAOUHSC_01220,SAOUHSC_01221,-1,0.0,0.0,0.0,0.0,0
SAOUHSC_01221,SAOUHSC_01222,-1,0.0,0.0,0.0,0.0,0
SAOUHSC_01222,SAOUHSC_01223,-1,0.0,0.0,0.0,0.0,0
SAOUHSC_01223,SAOUHSC_01224,-1,0.0,0.0,0.0,0.0,0
SAOUHSC_01224,SAOUHSC_01225,-1,1.0,1.0,1.0,1.0,1
SAOUHSC_01225,hslU,-1,1.0,1.0,1.0,1.0,1
hslU,SAOUHSC_01228,-1,1.0,1.0,1.0,1.0,1
SAOUHSC_01228,SAOUHSC_01230,-1,1.0,1.0,1.0,1.0,1
SAOUHSC_01230,SAOUHSC_01233,-1,0.0,0.0,0.0,0.0,0
SAOUHSC_01233,tsf,-1,1.0,1.0,1.0,1.0,1
tsf,pyrH,-1,0.0,0.0,0.0,0.0,0
pyrH,frr,-1,1.0,1.0,1.0,1.0,1
frr,SAOUHSC_01237,-1,0.0,0.0,0.0,0.0,0
SAOUHSC_01237,SAOUHSC_01238,-1,1.0,1.0,1.0,1.0,1
SAOUHSC_01238,SAOUHSC_01239,-1,0.0,0.0,0.0,0.0,0
SAOUHSC_01239,SAOUHSC_01240,-1,1.0,1.0,1.0,1.0,1
SAOUHSC_01240,polC,-1,0.0,0.0,0.0,0.0,0
polC,SAOUHSC_01242,-1,0.0,0.0,0.0,0.0,0
SAOUHSC_01242,nusA,-1,1.0,1.0,1.0,1.0,1
nusA,SAOUHSC_01244,-1,1.0,1.0,1.0,1.0,1
SAOUHSC_01244,SAOUHSC_01245,-1,1.0,1.0,1.0,1.0,1
SAOUHSC_01245,infB,-1,1.0,1.0,1.0,1.0,1
infB,rbfA,-1,0.0,0.0,0.0,0.0,0
rbfA,SAOUHSC_01248,-1,0.0,0.0,0.0,0.0,0
SAOUHSC_01248,SAOUHSC_01249,-1,1.0,1.0,1.0,1.0,1
SAOUHSC_01249,rpsO,-1,0.0,0.0,0.0,0.0,0
rpsO,SAOUHSC_01251,-1,0.0,0.0,0.0,0.0,0
SAOUHSC_01251,SAOUHSC_01252,-1,0.0,0.0,0.0,0.0,0
SAOUHSC_01252,SAOUHSC_01253,-1,0.0,0.0,0.0,0.0,0
SAOUHSC_01253,SAOUHSC_01254,-1,1.0,1.0,1.0,1.0,1
SAOUHSC_01254,SAOUHSC_01255,-1,1.0,1.0,1.0,1.0,1
SAOUHSC_01255,SAOUHSC_01256,-1,1.0,1.0,1.0,1.0,1
SAOUHSC_01256,SAOUHSC_01257,-1,1.0,1.0,1.0,1.0,1
SAOUHSC_01257,SAOUHSC_01258,-1,1.0,1.0,0.0,0.6666666666666666,1
SAOUHSC_01258,SAOUHSC_01259,-1,1.0,1.0,1.0,1.0,1
SAOUHSC_01259,SAOUHSC_01260,-1,1.0,1.0,1.0,1.0,1
SAOUHSC_01260,SAOUHSC_01261,-1,0.0,0.0,0.0,0.0,0
SAOUHSC_01261,recA,-1,0.0,0.0,0.0,0.0,0
recA,SAOUHSC_01263,-1,0.0,0.0,0.0,0.0,0
SAOUHSC_01263,SAOUHSC_01265,-1,,,,0.49,0
SAOUHSC_01265,SAOUHSC_01266,-1,0.0,0.0,0.0,0.0,0
SAOUHSC_01266,SAOUHSC_01267,-1,1.0,1.0,1.0,1.0,1
SAOUHSC_01267,SAOUHSC_01268,-1,0.0,0.0,0.0,0.0,0
SAOUHSC_01268,SAOUHSC_01269,-1,0.0,0.0,0.0,0.0,0
SAOUHSC_01269,SAOUHSC_01270,-1,1.0,1.0,1.0,1.0,1
SAOUHSC_01270,SAOUHSC_01271,-1,1.0,1.0,1.0,1.0,1
SAOUHSC_01271,SAOUHSC_01272,-1,0.0,0.0,0.0,0.0,0
SAOUHSC_01272,mutL,-1,1.0,1.0,1.0,1.0,1
mutL,SAOUHSC_01274,-1,1.0,1.0,1.0,1.0,1
SAOUHSC_01274,SAOUHSC_01275,-1,0.0,0.0,0.0,0.0,0
SAOUHSC_01275,glpK,-1,0.0,0.0,0.0,0.0,0
glpK,SAOUHSC_01278,-1,0.0,0.0,0.0,0.0,0
SAOUHSC_01278,SAOUHSC_01279,-1,0.0,0.0,0.0,0.0,0
SAOUHSC_01279,miaA,-1,1.0,0.0,0.0,0.3333333333333333,0
miaA,SAOUHSC_01281,-1,1.0,1.0,1.0,1.0,1
SAOUHSC_01281,SAOUHSC_01283,-1,,,,0.49,0
SAOUHSC_01283,SAOUHSC_01284,-1,1.0,1.0,1.0,1.0,1
SAOUHSC_01284,SAOUHSC_01285,-1,0.0,0.0,0.0,0.0,0
SAOUHSC_01285,SAOUHSC_01287,-1,1.0,1.0,1.0,1.0,1
SAOUHSC_01287,SAOUHSC_01288,-1,0.0,0.0,0.0,0.0,0
SAOUHSC_01288,SAOUHSC_01289,-1,0.0,0.0,0.0,0.0,0
SAOUHSC_01289,SAOUHSC_01290,-1,0.0,0.0,0.0,0.0,0
SAOUHSC_01290,SAOUHSC_01291,-1,0.0,0.0,0.0,0.0,0
SAOUHSC_01291,SAOUHSC_01292,-1,0.0,0.0,0.0,0.0,0
SAOUHSC_01292,SAOUHSC_01293,-1,0.0,0.0,0.0,0.0,0
SAOUHSC_01293,SAOUHSC_01294,-1,1.0,1.0,1.0,1.0,1
SAOUHSC_01294,SAOUHSC_01295,-1,1.0,1.0,1.0,1.0,1
SAOUHSC_01295,SAOUHSC_01296,-1,1.0,1.0,1.0,1.0,1
SAOUHSC_01296,SAOUHSC_01297,-1,0.0,1.0,1.0,0.6666666666666666,1
SAOUHSC_01297,SAOUHSC_01298,-1,1.0,1.0,1.0,1.0,1
SAOUHSC_01298,SAOUHSC_01299,-1,1.0,1.0,1.0,1.0,1
SAOUHSC_01299,SAOUHSC_01300,-1,1.0,1.0,1.0,1.0,1
SAOUHSC_01300,SAOUHSC_01301,-1,1.0,1.0,1.0,1.0,1
SAOUHSC_01301,SAOUHSC_01304,-1,0.0,0.0,0.0,0.0,0
SAOUHSC_01304,SAOUHSC_01305,-1,1.0,1.0,1.0,1.0,1
SAOUHSC_01305,SAOUHSC_01306,-1,1.0,1.0,1.0,1.0,1
SAOUHSC_01306,SAOUHSC_1307a,-1,,,,0.49,0
SAOUHSC_1307a,SAOUHSC_01310,-1,1.0,1.0,1.0,1.0,1
SAOUHSC_01310,SAOUHSC_01311,-1,0.0,0.0,0.0,0.0,0
SAOUHSC_01311,SAOUHSC_01312,-1,1.0,1.0,1.0,1.0,1
SAOUHSC_01312,SAOUHSC_01313,-1,1.0,1.0,1.0,1.0,1
SAOUHSC_01313,SAOUHSC_01314,-1,1.0,1.0,1.0,1.0,1
SAOUHSC_01314,SAOUHSC_01316,-1,,,,0.49,0
SAOUHSC_01316,SAOUHSC_01318,-1,,,,0.49,0
SAOUHSC_01318,SAOUHSC_01320,-1,,,,0.49,0
SAOUHSC_01320,SAOUHSC_01321,-1,1.0,1.0,1.0,1.0,1
SAOUHSC_01321,SAOUHSC_01322,-1,1.0,1.0,1.0,1.0,1
SAOUHSC_01322,SAOUHSC_01323,-1,1.0,1.0,1.0,1.0,1
SAOUHSC_01323,SAOUHSC_01327,-1,,,,0.49,0
SAOUHSC_01327,rpmG,-1,1.0,1.0,1.0,1.0,1
rpmG,rpsN,-1,0.0,0.0,0.0,0.0,0
rpsN,SAOUHSC_01330,-1,0.0,0.0,0.0,0.0,0
SAOUHSC_01330,SAOUHSC_01332,-1,,,,0.49,0
SAOUHSC_01332,SAOUHSC_01334,-1,,,,0.49,0
SAOUHSC_01334,SAOUHSC_01336,-1,0.0,0.0,0.0,0.0,0
SAOUHSC_01336,SAOUHSC_01337,-1,0.0,0.0,0.0,0.0,0
SAOUHSC_01337,SAOUHSC_01338,-1,0.0,0.0,0.0,0.0,0
SAOUHSC_01338,SAOUHSC_01339,-1,1.0,1.0,1.0,1.0,1
SAOUHSC_01339,SAOUHSC_01340,-1,0.0,0.0,0.0,0.0,0
SAOUHSC_01340,SAOUHSC_01341,-1,0.0,0.0,0.0,0.0,0
SAOUHSC_01341,SAOUHSC_01346,-1,,,,0.49,0
SAOUHSC_01346,SAOUHSC_01347,-1,0.0,0.0,0.0,0.0,0
SAOUHSC_01347,SAOUHSC_01348,-1,0.0,0.0,0.0,0.0,0
SAOUHSC_01348,SAOUHSC_01351,-1,,,,0.49,0
SAOUHSC_01351,SAOUHSC_01352,-1,1.0,1.0,1.0,1.0,1
SAOUHSC_01352,SAOUHSC_01354,-1,,,,0.49,0
SAOUHSC_01354,SAOUHSC_01356,-1,0.0,0.0,0.0,0.0,0
SAOUHSC_01356,SAOUHSC_01357,-1,1.0,1.0,1.0,1.0,1
SAOUHSC_01357,SAOUHSC_01358,-1,1.0,1.0,1.0,1.0,1
SAOUHSC_01358,SAOUHSC_01359,-1,0.0,0.0,0.0,0.0,0
SAOUHSC_01359,SAOUHSC_01361,-1,,,,0.49,0
SAOUHSC_01361,SAOUHSC_01363,-1,,,,0.49,0
SAOUHSC_01363,SAOUHSC_01365,-1,,,,0.49,0
SAOUHSC_01365,SAOUHSC_01366,-1,0.0,0.0,0.0,0.0,0
SAOUHSC_01366,SAOUHSC_01367,-1,1.0,1.0,1.0,1.0,1
SAOUHSC_01367,trpD,-1,1.0,1.0,1.0,1.0,1
trpD,trpC,-1,1.0,1.0,1.0,1.0,1
trpC,SAOUHSC_01370,-1,1.0,1.0,1.0,1.0,1
SAOUHSC_01370,SAOUHSC_01371,-1,1.0,1.0,1.0,1.0,1
SAOUHSC_01371,trpA,-1,1.0,1.0,1.0,1.0,1
trpA,SAOUHSC_01373,-1,0.0,0.0,0.0,0.0,0
SAOUHSC_01373,SAOUHSC_01374,-1,1.0,1.0,1.0,1.0,1
SAOUHSC_01374,SAOUHSC_01375,-1,0.0,0.0,0.0,0.0,0
SAOUHSC_01375,SAOUHSC_01383,-1,,,,0.49,0
SAOUHSC_01383,SAOUHSC_01392,-1,,,,0.49,0
SAOUHSC_01392,SAOUHSC_01394,-1,0.0,0.0,0.0,0.0,0
SAOUHSC_01394,SAOUHSC_01395,-1,0.0,0.0,0.0,0.0,0
SAOUHSC_01395,SAOUHSC_01396,-1,1.0,1.0,1.0,1.0,1
SAOUHSC_01396,SAOUHSC_01397,-1,1.0,1.0,1.0,1.0,1
SAOUHSC_01397,SAOUHSC_01398,-1,1.0,1.0,1.0,1.0,1
SAOUHSC_01398,SAOUHSC_01399,-1,0.0,0.0,0.0,0.0,0
SAOUHSC_01399,SAOUHSC_01400,-1,1.0,1.0,1.0,1.0,1
SAOUHSC_01400,SAOUHSC_01401,-1,1.0,1.0,1.0,1.0,1
SAOUHSC_01401,SAOUHSC_01406,-1,,,,0.49,0
SAOUHSC_01406,SAOUHSC_01407,-1,1.0,1.0,1.0,1.0,1
SAOUHSC_01407,SAOUHSC_01408,-1,1.0,1.0,1.0,1.0,1
SAOUHSC_01408,SAOUHSC_01440,-1,,,,0.49,0
SAOUHSC_01440,SAOUHSC_01443,-1,,,,0.49,0
SAOUHSC_01443,SAOUHSC_01456,-1,,,,0.49,0
SAOUHSC_01456,recU,-1,,,,0.49,0
recU,SAOUHSC_01467,-1,1.0,1.0,1.0,1.0,1
SAOUHSC_01467,SAOUHSC_01489,-1,,,,0.49,0
SAOUHSC_01489,SAOUHSC_01494,-1,,,,0.49,0
SAOUHSC_01494,SAOUHSC_01497,-1,,,,0.49,0
SAOUHSC_01497,SAOUHSC_01504,-1,,,,0.49,0
SAOUHSC_01504,SAOUHSC_01544,-1,,,,0.49,0
SAOUHSC_01544,SAOUHSC_01572,-1,,,,0.49,0
SAOUHSC_01572,SAOUHSC_01575,-1,,,,0.49,0
SAOUHSC_01575,SAOUHSC_01576,-1,1.0,1.0,1.0,1.0,1
SAOUHSC_01576,SAOUHSC_01577,-1,1.0,1.0,1.0,1.0,1
SAOUHSC_01577,SAOUHSC_01578,-1,0.0,0.0,0.0,0.0,0
SAOUHSC_01578,SAOUHSC_01579,-1,1.0,1.0,1.0,1.0,1
SAOUHSC_01579,SAOUHSC_01582,-1,,,,0.49,0
SAOUHSC_01582,SAOUHSC_01590,-1,,,,0.49,0
SAOUHSC_01590,SAOUHSC_01594,-1,,,,0.49,0
SAOUHSC_01594,SAOUHSC_01597,-1,,,,0.49,0
SAOUHSC_01597,SAOUHSC_01599,-1,,,,0.49,0
SAOUHSC_01599,SAOUHSC_01600,-1,0.0,0.0,0.0,0.0,0
SAOUHSC_01600,SAOUHSC_01607,-1,,,,0.49,0
SAOUHSC_01607,SAOUHSC_01608,-1,1.0,1.0,1.0,1.0,1
SAOUHSC_01608,SAOUHSC_01627,-1,,,,0.49,0
SAOUHSC_01627,SAOUHSC_01628,-1,1.0,1.0,1.0,1.0,1
SAOUHSC_01628,SAOUHSC_01630,-1,,,,0.49,0
SAOUHSC_01630,SAOUHSC_01666,-1,,,,0.49,0
SAOUHSC_01666,rpsT,-1,,,,0.49,0
rpsT,SAOUHSC_01704,-1,,,,0.49,0
SAOUHSC_01704,SAOUHSC_01728,-1,,,,0.49,0
SAOUHSC_01728,SAOUHSC_01734,-1,,,,0.49,0
SAOUHSC_01734,SAOUHSC_01761a,-1,,,,0.49,0
SAOUHSC_01761a,SAOUHSC_01765,-1,,,,0.49,0
SAOUHSC_01765,SAOUHSC_01768,-1,,,,0.49,0
SAOUHSC_01768,SAOUHSC_01783,-1,,,,0.49,0
SAOUHSC_01783,SAOUHSC_01803,-1,,,,0.49,0
SAOUHSC_01803,SAOUHSC_01814,-1,,,,0.49,0
SAOUHSC_01814,SAOUHSC_01816,-1,,,,0.49,0
SAOUHSC_01816,SAOUHSC_01819,-1,,,,0.49,0
SAOUHSC_01819,SAOUHSC_01826,-1,,,,0.49,0
SAOUHSC_01826,SAOUHSC_01828,-1,,,,0.49,0
SAOUHSC_01828,rpsD,-1,0.0,0.0,0.0,0.0,0
rpsD,SAOUHSC_01831,-1,,,,0.49,0
SAOUHSC_01831,SAOUHSC_01832,-1,0.0,0.0,0.0,0.0,0
SAOUHSC_01832,SAOUHSC_01833,-1,1.0,1.0,1.0,1.0,1
SAOUHSC_01833,SAOUHSC_01834,-1,1.0,1.0,1.0,1.0,1
SAOUHSC_01834,SAOUHSC_01838,-1,,,,0.49,0
SAOUHSC_01838,SAOUHSC_01840,-1,,,,0.49,0
SAOUHSC_01840,SAOUHSC_01844,-1,,,,0.49,0
SAOUHSC_01844,SAOUHSC_01847,-1,,,,0.49,0
SAOUHSC_01847,SAOUHSC_01849,-1,1.0,1.0,1.0,1.0,1
SAOUHSC_01849,SAOUHSC_01863,-1,,,,0.49,0
SAOUHSC_01863,SAOUHSC_01872,-1,,,,0.49,0
SAOUHSC_01872,SAOUHSC_01877,-1,,,,0.49,0
SAOUHSC_01877,SAOUHSC_01878,-1,1.0,1.0,1.0,1.0,1
SAOUHSC_01878,SAOUHSC_01884,-1,,,,0.49,0
SAOUHSC_01884,SAOUHSC_01891,-1,,,,0.49,0
SAOUHSC_01891,SAOUHSC_01893,-1,1.0,1.0,1.0,1.0,1
SAOUHSC_01893,SAOUHSC_01894,-1,1.0,1.0,1.0,1.0,1
SAOUHSC_01894,SAOUHSC_01897,-1,,,,0.49,0
SAOUHSC_01897,SAOUHSC_01898,-1,1.0,1.0,1.0,1.0,1
SAOUHSC_01898,SAOUHSC_01900,-1,,,,0.49,0
SAOUHSC_01900,SAOUHSC_01902,-1,,,,0.49,0
SAOUHSC_01902,SAOUHSC_01903,-1,0.0,0.0,0.0,0.0,0
SAOUHSC_01903,SAOUHSC_01904,-1,1.0,1.0,1.0,1.0,1
SAOUHSC_01904,SAOUHSC_01910,-1,,,,0.49,0
SAOUHSC_01910,SAOUHSC_01914,-1,,,,0.49,0
SAOUHSC_01914,SAOUHSC_01918,-1,,,,0.49,0
SAOUHSC_01918,SAOUHSC_01919,-1,1.0,1.0,1.0,1.0,1
SAOUHSC_01919,SAOUHSC_01920,-1,0.0,0.0,0.0,0.0,0
SAOUHSC_01920,SAOUHSC_01921,-1,1.0,1.0,1.0,1.0,1
SAOUHSC_01921,SAOUHSC_01922,-1,1.0,1.0,0.0,0.6666666666666666,1
SAOUHSC_01922,SAOUHSC_01929,-1,,,,0.49,0
SAOUHSC_01929,SAOUHSC_01937,-1,,,,0.49,0
SAOUHSC_01937,SAOUHSC_01944,-1,,,,0.49,0
SAOUHSC_01944,SAOUHSC_01956,-1,,,,0.49,0
SAOUHSC_01956,SAOUHSC_01957,-1,1.0,1.0,1.0,1.0,1
SAOUHSC_01957,SAOUHSC_01964,-1,,,,0.49,0
SAOUHSC_01964,SAOUHSC_01968,-1,,,,0.49,0
SAOUHSC_01968,SAOUHSC_01969,-1,0.0,0.0,0.0,0.0,0
SAOUHSC_01969,SAOUHSC_01971,-1,0.0,0.0,0.0,0.0,0
SAOUHSC_01971,SAOUHSC_01972,-1,0.0,0.0,0.0,0.0,0
SAOUHSC_01972,SAOUHSC_01982,-1,,,,0.49,0
SAOUHSC_01982,SAOUHSC_01985,-1,,,,0.49,0
SAOUHSC_01985,SAOUHSC_02000,-1,,,,0.49,0
SAOUHSC_02000,SAOUHSC_02001,-1,0.0,0.0,0.0,0.0,0
SAOUHSC_02001,SAOUHSC_02006,-1,,,,0.49,0
SAOUHSC_02006,SAOUHSC_02015,-1,,,,0.49,0
SAOUHSC_02015,SAOUHSC_02084,-1,,,,0.49,0
SAOUHSC_02084,SAOUHSC_02085,-1,1.0,1.0,1.0,1.0,1
SAOUHSC_02085,SAOUHSC_02086,-1,,,,0.49,0
SAOUHSC_02086,SAOUHSC_02087,-1,0.0,1.0,0.0,0.3333333333333333,0
SAOUHSC_02087,SAOUHSC_02089,-1,,,,0.49,0
SAOUHSC_02089,SAOUHSC_02090,-1,1.0,1.0,1.0,1.0,1
SAOUHSC_02090,SAOUHSC_02095,-1,,,,0.49,0
SAOUHSC_02095,SAOUHSC_02096,-1,1.0,1.0,1.0,1.0,1
SAOUHSC_02096,SAOUHSC_02097,-1,0.0,0.0,0.0,0.0,0
SAOUHSC_02097,SAOUHSC_02103,-1,,,,0.49,0
SAOUHSC_02103,SAOUHSC_02108,-1,,,,0.49,0
SAOUHSC_02108,SAOUHSC_02110,-1,,,,0.49,0
SAOUHSC_02110,SAOUHSC_02119,-1,,,,0.49,0
SAOUHSC_02119,SAOUHSC_02127,-1,,,,0.49,0
SAOUHSC_02127,SAOUHSC_02129,-1,1.0,1.0,1.0,1.0,1
SAOUHSC_02129,SAOUHSC_02134,-1,,,,0.49,0
SAOUHSC_02134,SAOUHSC_02135,-1,1.0,1.0,1.0,1.0,1
SAOUHSC_02135,SAOUHSC_02136,-1,1.0,1.0,1.0,1.0,1
SAOUHSC_02136,SAOUHSC_02139,-1,,,,0.49,0
SAOUHSC_02139,SAOUHSC_02140,-1,0.0,0.0,0.0,0.0,0
SAOUHSC_02140,SAOUHSC_02142,-1,,,,0.49,0
SAOUHSC_02142,SAOUHSC_02144,-1,,,,0.49,0
SAOUHSC_02144,SAOUHSC_02146,-1,,,,0.49,0
SAOUHSC_02146,SAOUHSC_02150,-1,,,,0.49,0
SAOUHSC_02150,SAOUHSC_02158,-1,,,,0.49,0
SAOUHSC_02158,SAOUHSC_02164,-1,,,,0.49,0
SAOUHSC_02164,SAOUHSC_02166,-1,0.0,0.0,0.0,0.0,0
SAOUHSC_02166,SAOUHSC_02169,-1,,,,0.49,0
SAOUHSC_02169,SAOUHSC_02175,-1,,,,0.49,0
SAOUHSC_02175,SAOUHSC_02218,-1,,,,0.49,0
SAOUHSC_02218,SAOUHSC_02226,-1,,,,0.49,0
SAOUHSC_02226,SAOUHSC_02232,-1,,,,0.49,0
SAOUHSC_02232,SAOUHSC_02235,-1,,,,0.49,0
SAOUHSC_02235,SAOUHSC_02236,-1,0.0,0.0,0.0,0.0,0
SAOUHSC_02236,SAOUHSC_02237,-1,1.0,1.0,1.0,1.0,1
SAOUHSC_02237,SAOUHSC_02239,-1,,,,0.49,0
SAOUHSC_02239,SAOUHSC_02244,-1,,,,0.49,0
SAOUHSC_02244,SAOUHSC_02247,-1,,,,0.49,0
SAOUHSC_02247,SAOUHSC_02256,-1,,,,0.49,0
SAOUHSC_02256,SAOUHSC_02258,-1,,,,0.49,0
SAOUHSC_02258,SAOUHSC_02259,-1,0.0,0.0,0.0,0.0,0
SAOUHSC_02259,SAOUHSC_02261,-1,,,,0.49,0
SAOUHSC_02261,SAOUHSC_02262,-1,1.0,1.0,1.0,1.0,1
SAOUHSC_02262,SAOUHSC_02264,-1,1.0,1.0,1.0,1.0,1
SAOUHSC_02264,SAOUHSC_02265,-1,1.0,1.0,1.0,1.0,1
SAOUHSC_02265,SAOUHSC_02266,-1,1.0,1.0,1.0,1.0,1
SAOUHSC_02266,SAOUHSC_02274,-1,,,,0.49,0
SAOUHSC_02274,SAOUHSC_02276,-1,,,,0.49,0
SAOUHSC_02276,SAOUHSC_A02169,-1,,,,0.49,0
SAOUHSC_A02169,SAOUHSC_02281,-1,0.0,0.0,0.0,0.0,0
SAOUHSC_02281,SAOUHSC_02282,-1,1.0,1.0,1.0,1.0,1
SAOUHSC_02282,SAOUHSC_02283,-1,1.0,1.0,1.0,1.0,1
SAOUHSC_02283,SAOUHSC_02284,-1,0.0,0.0,0.0,0.0,0
SAOUHSC_02284,SAOUHSC_02285,-1,1.0,1.0,1.0,1.0,1
SAOUHSC_02285,SAOUHSC_02286,-1,1.0,1.0,1.0,1.0,1
SAOUHSC_02286,SAOUHSC_02287,-1,1.0,1.0,1.0,1.0,1
SAOUHSC_02287,leuD,-1,1.0,1.0,1.0,1.0,1
leuD,SAOUHSC_02289,-1,1.0,1.0,1.0,1.0,1
SAOUHSC_02289,SAOUHSC_A02189,-1,,,,0.49,0
SAOUHSC_A02189,SAOUHSC_02314,-1,,,,0.49,0
SAOUHSC_02314,SAOUHSC_02315,-1,1.0,1.0,1.0,1.0,1
SAOUHSC_02315,SAOUHSC_02319,-1,,,,0.49,0
SAOUHSC_02319,SAOUHSC_02323,-1,,,,0.49,0
SAOUHSC_02323,SAOUHSC_02324,-1,1.0,1.0,1.0,1.0,1
SAOUHSC_02324,SAOUHSC_02335,-1,,,,0.49,0
SAOUHSC_02335,SAOUHSC_02367,-1,,,,0.49,0
SAOUHSC_02367,SAOUHSC_02371,-1,,,,0.49,0
SAOUHSC_02371,SAOUHSC_02375,-1,,,,0.49,0
SAOUHSC_02375,SAOUHSC_02378,-1,,,,0.49,0
SAOUHSC_02378,deoD,-1,,,,0.49,0
deoD,SAOUHSC_02388,-1,,,,0.49,0
SAOUHSC_02388,SAOUHSC_02389,-1,1.0,1.0,1.0,1.0,1
SAOUHSC_02389,SAOUHSC_02390,-1,0.0,0.0,0.0,0.0,0
SAOUHSC_02390,SAOUHSC_02394,-1,,,,0.49,0
SAOUHSC_02394,SAOUHSC_02400,-1,,,,0.49,0
SAOUHSC_02400,SAOUHSC_02401,-1,1.0,1.0,1.0,1.0,1
SAOUHSC_02401,SAOUHSC_02402,-1,1.0,1.0,1.0,1.0,1
SAOUHSC_02402,SAOUHSC_02403,-1,1.0,1.0,1.0,1.0,1
SAOUHSC_02403,SAOUHSC_02411,-1,,,,0.49,0
SAOUHSC_02411,SAOUHSC_02425,-1,,,,0.49,0
SAOUHSC_02425,SAOUHSC_02432,-1,,,,0.49,0
SAOUHSC_02432,SAOUHSC_02436,-1,,,,0.49,0
SAOUHSC_02436,SAOUHSC_02457,-1,,,,0.49,0
SAOUHSC_02457,SAOUHSC_A02331,-1,1.0,1.0,1.0,1.0,1
SAOUHSC_A02331,SAOUHSC_02462,-1,,,,0.49,0
SAOUHSC_02462,SAOUHSC_02463,-1,1.0,1.0,1.0,1.0,1
SAOUHSC_02463,SAOUHSC_02469,-1,,,,0.49,0
SAOUHSC_02469,SAOUHSC_02515,-1,,,,0.49,0
SAOUHSC_02515,SAOUHSC_02519,-1,,,,0.49,0
SAOUHSC_02519,SAOUHSC_02520,-1,0.0,0.0,0.0,0.0,0
SAOUHSC_02520,SAOUHSC_02523,-1,,,,0.49,0
SAOUHSC_02523,SAOUHSC_02524,-1,0.0,0.0,0.0,0.0,0
SAOUHSC_02524,SAOUHSC_02528,-1,,,,0.49,0
SAOUHSC_02528,SAOUHSC_02530,-1,,,,0.49,0
SAOUHSC_02530,SAOUHSC_02531,-1,1.0,1.0,1.0,1.0,1
SAOUHSC_02531,SAOUHSC_02533,-1,,,,0.49,0
SAOUHSC_02533,moaC,-1,,,,0.49,0
moaC,SAOUHSC_02550,-1,,,,0.49,0
SAOUHSC_02550,ureA,-1,,,,0.49,0
ureA,ureB,-1,1.0,1.0,1.0,1.0,1
ureB,ureC,-1,1.0,1.0,1.0,1.0,1
ureC,ureE,-1,1.0,1.0,1.0,1.0,1
ureE,SAOUHSC_02563,-1,1.0,1.0,1.0,1.0,1
SAOUHSC_02563,SAOUHSC_02564,-1,1.0,1.0,1.0,1.0,1
SAOUHSC_02564,SAOUHSC_02565,-1,1.0,1.0,1.0,1.0,1
SAOUHSC_02565,SAOUHSC_02571,-1,,,,0.49,0
SAOUHSC_02571,SAOUHSC_02575,-1,,,,0.49,0
SAOUHSC_02575,SAOUHSC_02576,-1,0.0,0.0,0.0,0.0,0
SAOUHSC_02576,SAOUHSC_02577,-1,0.0,0.0,0.0,0.0,0
SAOUHSC_02577,SAOUHSC_02585,-1,,,,0.49,0
SAOUHSC_02585,SAOUHSC_02588,-1,,,,0.49,0
SAOUHSC_02588,SAOUHSC_02589,-1,0.0,0.0,0.0,0.0,0
SAOUHSC_02589,SAOUHSC_02591,-1,,,,0.49,0
SAOUHSC_02591,SAOUHSC_02592,-1,1.0,1.0,1.0,1.0,1
SAOUHSC_02592,SAOUHSC_02596,-1,,,,0.49,0
SAOUHSC_02596,SAOUHSC_02599,-1,,,,0.49,0
SAOUHSC_02599,SAOUHSC_02608,-1,,,,0.49,0
SAOUHSC_02608,SAOUHSC_02609,-1,0.0,0.0,0.0,0.0,0
SAOUHSC_02609,SAOUHSC_02611,-1,,,,0.49,0
SAOUHSC_02611,SAOUHSC_02613,-1,,,,0.49,0
SAOUHSC_02613,SAOUHSC_02621,-1,,,,0.49,0
SAOUHSC_02621,SAOUHSC_02622,-1,0.0,0.0,0.0,0.0,0
SAOUHSC_02622,SAOUHSC_02625,-1,,,,0.49,0
SAOUHSC_02625,SAOUHSC_02626,-1,1.0,1.0,1.0,1.0,1
SAOUHSC_02626,SAOUHSC_02628,-1,,,,0.49,0
SAOUHSC_02628,SAOUHSC_02631,-1,,,,0.49,0
SAOUHSC_02631,SAOUHSC_02638,-1,,,,0.49,0
SAOUHSC_02638,SAOUHSC_02643,-1,,,,0.49,0
SAOUHSC_02643,SAOUHSC_02644,-1,1.0,1.0,1.0,1.0,1
SAOUHSC_02644,SAOUHSC_02645,-1,0.0,0.0,0.0,0.0,0
SAOUHSC_02645,SAOUHSC_02646,-1,1.0,1.0,1.0,1.0,1
SAOUHSC_02646,SAOUHSC_02649,-1,,,,0.49,0
SAOUHSC_02649,SAOUHSC_02652,-1,,,,0.49,0
SAOUHSC_02652,SAOUHSC_02657,-1,,,,0.49,0
SAOUHSC_02657,SAOUHSC_02659,-1,,,,0.49,0
SAOUHSC_02659,SAOUHSC_02660,-1,1.0,1.0,1.0,1.0,1
SAOUHSC_02660,SAOUHSC_02663,-1,,,,0.49,0
SAOUHSC_02663,SAOUHSC_02664,-1,0.0,0.0,0.0,0.0,0
SAOUHSC_02664,SAOUHSC_02665,-1,0.0,0.0,1.0,0.3333333333333333,0
SAOUHSC_02665,SAOUHSC_02666,-1,0.0,0.0,0.0,0.0,0
SAOUHSC_02666,SAOUHSC_02669,-1,,,,0.49,0
SAOUHSC_02669,SAOUHSC_02670,-1,0.0,0.0,0.0,0.0,0
SAOUHSC_02670,SAOUHSC_02674,-1,,,,0.49,0
SAOUHSC_02674,SAOUHSC_02696,-1,,,,0.49,0
SAOUHSC_02696,SAOUHSC_02702,-1,,,,0.49,0
SAOUHSC_02702,SAOUHSC_02706,-1,,,,0.49,0
SAOUHSC_02706,SAOUHSC_02708,-1,0.0,0.0,0.0,0.0,0
SAOUHSC_02708,SAOUHSC_02709,-1,0.0,0.0,0.0,0.0,0
SAOUHSC_02709,SAOUHSC_02710,-1,1.0,1.0,1.0,1.0,1
SAOUHSC_02710,SAOUHSC_02723,-1,,,,0.49,0
SAOUHSC_02723,SAOUHSC_02724,-1,1.0,1.0,1.0,1.0,1
SAOUHSC_02724,SAOUHSC_02725,-1,0.0,0.0,0.0,0.0,0
SAOUHSC_02725,SAOUHSC_02727,-1,,,,0.49,0
SAOUHSC_02727,SAOUHSC_02729,-1,,,,0.49,0
SAOUHSC_02729,SAOUHSC_02731,-1,0.0,0.0,0.0,0.0,0
SAOUHSC_02731,SAOUHSC_02736,-1,,,,0.49,0
SAOUHSC_02736,SAOUHSC_02750,-1,,,,0.49,0
SAOUHSC_02750,SAOUHSC_02751,-1,0.0,0.0,0.0,0.0,0
SAOUHSC_02751,SAOUHSC_02759,-1,,,,0.49,0
SAOUHSC_02759,SAOUHSC_02761,-1,,,,0.49,0
SAOUHSC_02761,SAOUHSC_02773,-1,,,,0.49,0
SAOUHSC_02773,SAOUHSC_02779,-1,,,,0.49,0
SAOUHSC_02779,SAOUHSC_02780,-1,1.0,1.0,1.0,1.0,1
SAOUHSC_02780,SAOUHSC_02782,-1,,,,0.49,0
SAOUHSC_02782,SAOUHSC_02793,-1,,,,0.49,0
SAOUHSC_02793,SAOUHSC_02794,-1,0.0,0.0,0.0,0.0,0
SAOUHSC_02794,SAOUHSC_02795,-1,0.0,0.0,0.0,0.0,0
SAOUHSC_02795,SAOUHSC_02800,-1,,,,0.49,0
SAOUHSC_02800,SAOUHSC_02816,-1,,,,0.49,0
SAOUHSC_02816,SAOUHSC_02820,-1,,,,0.49,0
SAOUHSC_02820,SAOUHSC_02821,-1,1.0,1.0,1.0,1.0,1
SAOUHSC_02821,SAOUHSC_02822,-1,0.0,0.0,0.0,0.0,0
SAOUHSC_02822,SAOUHSC_02823,-1,0.0,0.0,0.0,0.0,0
SAOUHSC_02823,SAOUHSC_02827,-1,,,,0.49,0
SAOUHSC_02827,SAOUHSC_02828,-1,0.0,0.0,0.0,0.0,0
SAOUHSC_02828,SAOUHSC_02830,-1,,,,0.49,0
SAOUHSC_02830,SAOUHSC_02832,-1,,,,0.49,0
SAOUHSC_02832,SAOUHSC_02833,-1,1.0,1.0,1.0,1.0,1
SAOUHSC_02833,SAOUHSC_02836,-1,,,,0.49,0
SAOUHSC_02836,SAOUHSC_02842,-1,,,,0.49,0
SAOUHSC_02842,SAOUHSC_02843,-1,0.0,0.0,0.0,0.0,0
SAOUHSC_02843,SAOUHSC_02853,-1,,,,0.49,0
SAOUHSC_02853,SAOUHSC_02855,-1,0.0,0.0,0.0,0.0,0
SAOUHSC_02855,SAOUHSC_02860,-1,,,,0.49,0
SAOUHSC_02860,SAOUHSC_02862,-1,,,,0.49,0
SAOUHSC_02862,SAOUHSC_02867,-1,,,,0.49,0
SAOUHSC_02867,SAOUHSC_02872,-1,,,,0.49,0
SAOUHSC_02872,SAOUHSC_02873,-1,0.0,0.0,0.0,0.0,0
SAOUHSC_02873,SAOUHSC_02874,-1,0.0,0.0,0.0,0.0,0
SAOUHSC_02874,SAOUHSC_02890,-1,,,,0.49,0
SAOUHSC_02890,SAOUHSC_02891,-1,1.0,1.0,1.0,1.0,1
SAOUHSC_02891,SAOUHSC_02892,-1,0.0,0.0,0.0,0.0,0
SAOUHSC_02892,SAOUHSC_02893,-1,0.0,0.0,0.0,0.0,0
SAOUHSC_02893,SAOUHSC_02897,-1,,,,0.49,0
SAOUHSC_02897,SAOUHSC_02898,-1,1.0,1.0,1.0,1.0,1
SAOUHSC_02898,SAOUHSC_02899,-1,0.0,0.0,0.0,0.0,0
SAOUHSC_02899,SAOUHSC_02900,-1,1.0,1.0,1.0,1.0,1
SAOUHSC_02900,SAOUHSC_02909,-1,,,,0.49,0
SAOUHSC_02909,SAOUHSC_02910,-1,0.0,0.0,0.0,0.0,0
SAOUHSC_02910,SAOUHSC_02912,-1,,,,0.49,0
SAOUHSC_02912,SAOUHSC_02915,-1,,,,0.49,0
SAOUHSC_02915,SAOUHSC_02920,-1,,,,0.49,0
SAOUHSC_02920,SAOUHSC_02923,-1,,,,0.49,0
SAOUHSC_02923,SAOUHSC_02925,-1,,,,0.49,0
SAOUHSC_02925,SAOUHSC_02926,-1,0.0,0.0,0.0,0.0,0
SAOUHSC_02926,SAOUHSC_02928,-1,,,,0.49,0
SAOUHSC_02928,SAOUHSC_02934,-1,,,,0.49,0
SAOUHSC_02934,SAOUHSC_02935,-1,1.0,1.0,1.0,1.0,1
SAOUHSC_02935,SAOUHSC_02939,-1,,,,0.49,0
SAOUHSC_02939,SAOUHSC_02948,-1,,,,0.49,0
SAOUHSC_02948,SAOUHSC_02958,-1,,,,0.49,0
SAOUHSC_02958,SAOUHSC_02960,-1,1.0,1.0,1.0,1.0,1
SAOUHSC_02960,SAOUHSC_02973,-1,,,,0.49,0
SAOUHSC_02973,SAOUHSC_02974,-1,0.0,0.0,0.0,0.0,0
SAOUHSC_02974,SAOUHSC_02975,-1,0.0,1.0,0.0,0.3333333333333333,0
SAOUHSC_02975,SAOUHSC_02976,-1,1.0,1.0,1.0,1.0,1
SAOUHSC_02976,SAOUHSC_02979,-1,,,,0.49,0
SAOUHSC_02979,SAOUHSC_02992,-1,,,,0.49,0
SAOUHSC_02992,SAOUHSC_02993,-1,1.0,1.0,1.0,1.0,1
SAOUHSC_02993,SAOUHSC_02994,-1,0.0,0.0,0.0,0.0,0
SAOUHSC_02994,SAOUHSC_03002,-1,,,,0.49,0
SAOUHSC_03002,SAOUHSC_03003,-1,1.0,1.0,1.0,1.0,1
SAOUHSC_03003,SAOUHSC_03004,-1,1.0,1.0,1.0,1.0,1
SAOUHSC_03004,SAOUHSC_03005,-1,1.0,1.0,1.0,1.0,1
SAOUHSC_03005,SAOUHSC_03022,-1,,,,0.49,0
SAOUHSC_03022,SAOUHSC_03024,-1,,,,0.49,0
SAOUHSC_03024,SAOUHSC_03025,-1,0.0,0.0,0.0,0.0,0
SAOUHSC_03025,SAOUHSC_03028,-1,,,,0.49,0
SAOUHSC_03028,SAOUHSC_03030,-1,0.0,0.0,0.0,0.0,0
SAOUHSC_03030,SAOUHSC_03032,-1,,,,0.49,0
SAOUHSC_03032,SAOUHSC_03033,-1,0.0,0.0,0.0,0.0,0
SAOUHSC_03033,SAOUHSC_03034,-1,0.0,0.0,0.0,0.0,0
SAOUHSC_03034,SAOUHSC_03036,-1,,,,0.49,0
SAOUHSC_03036,SAOUHSC_03037,-1,1.0,1.0,1.0,1.0,1
SAOUHSC_03037,SAOUHSC_03037a,-1,1.0,1.0,0.0,0.6666666666666666,1
SAOUHSC_03037a,SAOUHSC_03040,-1,1.0,1.0,1.0,1.0,1
SAOUHSC_03040,SAOUHSC_03042,-1,,,,0.49,0
SAOUHSC_03042,SAOUHSC_3042a,-1,1.0,1.0,1.0,1.0,1
SAOUHSC_3042a,SAOUHSC_03045,-1,0.0,0.0,0.0,0.0,0
SAOUHSC_03045,dnaA,-1,,,,0.49,0
rpmH,rnpA,-1,0.0,0.0,1.0,0.3333333333333333,0
rnpA,trmE,-1,0.0,0.0,0.0,0.0,0
trmE,SAOUHSC_03052,-1,1.0,1.0,1.0,1.0,1
SAOUHSC_03052,gidB,-1,1.0,1.0,1.0,1.0,1
gidB,SAOUHSC_03049,-1,1.0,1.0,1.0,1.0,1
SAOUHSC_03049,SAOUHSC_03048,-1,0.0,0.0,0.0,0.0,0
SAOUHSC_03048,SAOUHSC_03047,-1,1.0,1.0,1.0,1.0,1
SAOUHSC_03047,SAOUHSC_03046,-1,0.0,0.0,0.0,0.0,0
SAOUHSC_03046,SAOUHSC_03041,-1,,,,0.49,0
SAOUHSC_03041,SAOUHSC_03035,-1,,,,0.49,0
SAOUHSC_03035,SAOUHSC_03031,-1,,,,0.49,0
SAOUHSC_03031,SAOUHSC_03027,-1,,,,0.49,0
SAOUHSC_03027,SAOUHSC_03026,-1,1.0,1.0,1.0,1.0,1
SAOUHSC_03026,SAOUHSC_03023,-1,,,,0.49,0
SAOUHSC_03023,SAOUHSC_03021,-1,,,,0.49,0
SAOUHSC_03021,SAOUHSC_03020,-1,1.0,1.0,1.0,1.0,1
SAOUHSC_03020,SAOUHSC_03019,-1,1.0,1.0,1.0,1.0,1
SAOUHSC_03019,SAOUHSC_03018,-1,1.0,1.0,1.0,1.0,1
SAOUHSC_03018,SAOUHSC_03017,-1,1.0,1.0,1.0,1.0,1
SAOUHSC_03017,SAOUHSC_03016,-1,1.0,1.0,1.0,1.0,1
SAOUHSC_03016,hisZ,-1,0.0,0.0,0.0,0.0,0
hisZ,hisG,-1,1.0,1.0,1.0,1.0,1
hisG,SAOUHSC_03013,-1,1.0,1.0,1.0,1.0,1
SAOUHSC_03013,SAOUHSC_03012,-1,1.0,1.0,1.0,1.0,1
SAOUHSC_03012,hisB,-1,1.0,1.0,1.0,1.0,1
hisB,hisH,-1,1.0,1.0,1.0,1.0,1
hisH,SAOUHSC_03009,-1,1.0,1.0,1.0,1.0,1
SAOUHSC_03009,SAOUHSC_03008,-1,1.0,1.0,1.0,1.0,1
SAOUHSC_03008,SAOUHSC_03006,-1,0.0,0.0,0.0,0.0,0
SAOUHSC_03006,SAOUHSC_03001,-1,,,,0.49,0
SAOUHSC_03001,SAOUHSC_03000,-1,0.0,0.0,0.0,0.0,0
SAOUHSC_03000,SAOUHSC_02999,-1,1.0,1.0,1.0,1.0,1
SAOUHSC_02999,SAOUHSC_02998,-1,1.0,1.0,1.0,1.0,1
SAOUHSC_02998,SAOUHSC_02997,-1,0.0,0.0,0.0,0.0,0
SAOUHSC_02997,SAOUHSC_02996,-1,1.0,1.0,1.0,1.0,1
SAOUHSC_02996,SAOUHSC_02995,-1,0.0,0.0,0.0,0.0,0
SAOUHSC_02995,SAOUHSC_02991,-1,,,,0.49,0
SAOUHSC_02991,SAOUHSC_02990,-1,0.0,0.0,0.0,0.0,0
SAOUHSC_02990,secY,-1,0.0,0.0,0.0,0.0,0
secY,SAOUHSC_02988,-1,1.0,1.0,1.0,1.0,1
SAOUHSC_02988,SAOUHSC_02987,-1,1.0,1.0,1.0,1.0,1
SAOUHSC_02987,SAOUHSC_02986,-1,1.0,1.0,1.0,1.0,1
SAOUHSC_02986,SAOUHSC_02985,-1,1.0,1.0,1.0,1.0,1
SAOUHSC_02985,SAOUHSC_02984,-1,1.0,1.0,1.0,1.0,1
SAOUHSC_02984,SAOUHSC_02983,-1,1.0,1.0,1.0,1.0,1
SAOUHSC_02983,SAOUHSC_02982,-1,0.0,0.0,0.0,0.0,0
SAOUHSC_02982,SAOUHSC_02980,-1,0.0,0.0,0.0,0.0,0
SAOUHSC_02980,SAOUHSC_02978,-1,,,,0.49,0
SAOUHSC_02978,SAOUHSC_02972,-1,,,,0.49,0
SAOUHSC_02972,SAOUHSC_02971,-1,0.0,0.0,0.0,0.0,0
SAOUHSC_02971,SAOUHSC_02970,-1,0.0,0.0,0.0,0.0,0
SAOUHSC_02970,SAOUHSC_A02811,-1,1.0,1.0,1.0,1.0,1
SAOUHSC_A02811,SAOUHSC_02969,-1,0.0,0.0,0.0,0.0,0
SAOUHSC_02969,SAOUHSC_02968,-1,1.0,1.0,1.0,1.0,1
SAOUHSC_02968,SAOUHSC_02967,-1,1.0,1.0,0.0,0.6666666666666666,1
SAOUHSC_02967,SAOUHSC_02965,-1,1.0,1.0,1.0,1.0,1
SAOUHSC_02965,SAOUHSC_02964,-1,1.0,1.0,1.0,1.0,1
SAOUHSC_02964,SAOUHSC_02963,-1,0.0,0.0,0.0,0.0,0
SAOUHSC_02963,SAOUHSC_02962,-1,0.0,0.0,0.0,0.0,0
SAOUHSC_02962,SAOUHSC_02961,-1,0.0,0.0,0.0,0.0,0
SAOUHSC_02961,SAOUHSC_02957,-1,,,,0.49,0
SAOUHSC_02957,nsaR,-1,1.0,1.0,1.0,1.0,1
nsaR,nsaS,-1,1.0,1.0,1.0,1.0,1
nsaS,SAOUHSC_02954,-1,0.0,0.0,0.0,0.0,0
SAOUHSC_02954,SAOUHSC_02953,-1,1.0,1.0,1.0,1.0,1
SAOUHSC_02953,SAOUHSC_02950,-1,0.0,0.0,0.0,0.0,0
SAOUHSC_02950,SAOUHSC_A02794,-1,0.0,0.0,0.0,0.0,0
SAOUHSC_A02794,SAOUHSC_02949,-1,1.0,1.0,1.0,1.0,1
SAOUHSC_02949,SAOUHSC_02947,-1,,,,0.49,0
SAOUHSC_02947,SAOUHSC_02945,-1,1.0,1.0,1.0,1.0,1
SAOUHSC_02945,SAOUHSC_02944,-1,1.0,1.0,1.0,1.0,1
SAOUHSC_02944,SAOUHSC_02943,-1,0.0,0.0,0.0,0.0,0
SAOUHSC_02943,SAOUHSC_02942,-1,0.0,0.0,0.0,0.0,0
SAOUHSC_02942,SAOUHSC_02941,-1,1.0,1.0,1.0,1.0,1
SAOUHSC_02941,SAOUHSC_02940,-1,0.0,0.0,0.0,0.0,0
SAOUHSC_02940,SAOUHSC_02937,-1,,,,0.49,0
SAOUHSC_02937,SAOUHSC_02936,-1,0.0,0.0,0.0,0.0,0
SAOUHSC_02936,SAOUHSC_02933,-1,,,,0.49,0
SAOUHSC_02933,SAOUHSC_02932,-1,0.0,0.0,0.0,0.0,0
SAOUHSC_02932,SAOUHSC_02931,-1,0.0,0.0,0.0,0.0,0
SAOUHSC_02931,SAOUHSC_02930,-1,0.0,0.0,0.0,0.0,0
SAOUHSC_02930,SAOUHSC_02929,-1,0.0,0.0,0.0,0.0,0
SAOUHSC_02929,SAOUHSC_02927,-1,,,,0.49,0
SAOUHSC_02927,SAOUHSC_02924,-1,,,,0.49,0
SAOUHSC_02924,SAOUHSC_02922,-1,,,,0.49,0
SAOUHSC_02922,SAOUHSC_02921,-1,0.0,0.0,0.0,0.0,0
SAOUHSC_02921,panB,-1,,,,0.49,0
panB,panC,-1,1.0,1.0,1.0,1.0,1
panC,SAOUHSC_02916,-1,1.0,1.0,1.0,1.0,1
SAOUHSC_02916,SAOUHSC_02914,-1,,,,0.49,0
SAOUHSC_02914,SAOUHSC_02913,-1,1.0,1.0,1.0,1.0,1
SAOUHSC_02913,SAOUHSC_02911,-1,,,,0.49,0
SAOUHSC_02911,SAOUHSC_02908,-1,,,,0.49,0
SAOUHSC_02908,SAOUHSC_02907,-1,0.0,0.0,0.0,0.0,0
SAOUHSC_02907,SAOUHSC_02906,-1,1.0,1.0,1.0,1.0,1
SAOUHSC_02906,SAOUHSC_02905,-1,1.0,1.0,1.0,1.0,1
SAOUHSC_02905,SAOUHSC_02904,-1,0.0,0.0,0.0,0.0,0
SAOUHSC_02904,SAOUHSC_02901,-1,0.0,0.0,0.0,0.0,0
SAOUHSC_02901,SAOUHSC_02896,-1,,,,0.49,0
SAOUHSC_02896,SAOUHSC_02895,-1,1.0,1.0,1.0,1.0,1
SAOUHSC_02895,SAOUHSC_02894,-1,1.0,1.0,1.0,1.0,1
SAOUHSC_02894,SAOUHSC_02889,-1,,,,0.49,0
SAOUHSC_02889,SAOUHSC_02888,-1,0.0,0.0,0.0,0.0,0
SAOUHSC_02888,SAOUHSC_02887,-1,0.0,0.0,0.0,0.0,0
SAOUHSC_02887,SAOUHSC_02886,-1,0.0,0.0,0.0,0.0,0
SAOUHSC_02886,SAOUHSC_02885,-1,0.0,0.0,0.0,0.0,0
SAOUHSC_02885,SAOUHSC_02883,-1,0.0,0.0,0.0,0.0,0
SAOUHSC_02883,SAOUHSC_02882,-1,0.0,0.0,0.0,0.0,0
SAOUHSC_02882,SAOUHSC_02881,-1,1.0,1.0,1.0,1.0,1
SAOUHSC_02881,SAOUHSC_02880,-1,1.0,1.0,1.0,1.0,1
SAOUHSC_02880,SAOUHSC_02879,-1,1.0,1.0,1.0,1.0,1
SAOUHSC_02879,SAOUHSC_02877,-1,1.0,1.0,1.0,1.0,1
SAOUHSC_02877,SAOUHSC_02876,-1,0.0,0.0,0.0,0.0,0
SAOUHSC_02876,SAOUHSC_02875,-1,0.0,1.0,1.0,0.6666666666666666,1
SAOUHSC_02875,SAOUHSC_02871,-1,,,,0.49,0
SAOUHSC_02871,SAOUHSC_02869,-1,0.0,0.0,0.0,0.0,0
SAOUHSC_02869,SAOUHSC_02868,-1,0.0,0.0,0.0,0.0,0
SAOUHSC_02868,SAOUHSC_02866,-1,,,,0.49,0
SAOUHSC_02866,SAOUHSC_02865,-1,0.0,0.0,0.0,0.0,0
SAOUHSC_02865,SAOUHSC_02864,-1,1.0,1.0,1.0,1.0,1
SAOUHSC_02864,SAOUHSC_02863,-1,1.0,1.0,1.0,1.0,1
SAOUHSC_02863,SAOUHSC_02861,-1,,,,0.49,0
SAOUHSC_02861,SAOUHSC_02859,-1,,,,0.49,0
SAOUHSC_02859,SAOUHSC_02858,-1,0.0,0.0,0.0,0.0,0
SAOUHSC_02858,SAOUHSC_02857,-1,1.0,1.0,1.0,1.0,1
SAOUHSC_02857,SAOUHSC_02856,-1,0.0,0.0,0.0,0.0,0
SAOUHSC_02856,SAOUHSC_02852,-1,,,,0.49,0
SAOUHSC_02852,SAOUHSC_02851,-1,0.0,0.0,0.0,0.0,0
SAOUHSC_02851,SAOUHSC_02850,-1,1.0,1.0,1.0,1.0,1
SAOUHSC_02850,SAOUHSC_02849,-1,1.0,1.0,1.0,1.0,1
SAOUHSC_02849,SAOUHSC_02848,-1,0.0,0.0,0.0,0.0,0
SAOUHSC_02848,SAOUHSC_02846,-1,0.0,0.0,0.0,0.0,0
SAOUHSC_02846,SAOUHSC_02845,-1,1.0,1.0,1.0,1.0,1
SAOUHSC_02845,SAOUHSC_02844,-1,0.0,0.0,0.0,0.0,0
SAOUHSC_02844,SAOUHSC_02841,-1,,,,0.49,0
SAOUHSC_02841,SAOUHSC_02840,-1,1.0,1.0,1.0,1.0,1
SAOUHSC_02840,SAOUHSC_02839,-1,1.0,1.0,1.0,1.0,1
SAOUHSC_02839,SAOUHSC_02838,-1,1.0,1.0,1.0,1.0,1
SAOUHSC_02838,SAOUHSC_02837,-1,1.0,1.0,1.0,1.0,1
SAOUHSC_02837,SAOUHSC_02834,-1,,,,0.49,0
SAOUHSC_02834,SAOUHSC_02831,-1,,,,0.49,0
SAOUHSC_02831,SAOUHSC_02829,-1,,,,0.49,0
SAOUHSC_02829,SAOUHSC_02826,-1,,,,0.49,0
SAOUHSC_02826,SAOUHSC_02825,-1,0.0,0.0,0.0,0.0,0
SAOUHSC_02825,SAOUHSC_02824,-1,1.0,1.0,1.0,1.0,1
SAOUHSC_02824,SAOUHSC_02819,-1,,,,0.49,0
SAOUHSC_02819,SAOUHSC_02818,-1,1.0,1.0,1.0,1.0,1
SAOUHSC_02818,SAOUHSC_02817,-1,1.0,1.0,1.0,1.0,1
SAOUHSC_02817,SAOUHSC_02815,-1,,,,0.49,0
SAOUHSC_02815,SAOUHSC_02812,-1,0.0,0.0,0.0,0.0,0
SAOUHSC_02812,SAOUHSC_02811,-1,0.0,0.0,0.0,0.0,0
SAOUHSC_02811,SAOUHSC_02810,-1,0.0,0.0,0.0,0.0,0
SAOUHSC_02810,SAOUHSC_02809,-1,0.0,0.0,0.0,0.0,0
SAOUHSC_02809,SAOUHSC_02808,-1,1.0,1.0,1.0,1.0,1
SAOUHSC_02808,SAOUHSC_02806,-1,1.0,1.0,0.0,0.6666666666666666,1
SAOUHSC_02806,SAOUHSC_02805,-1,1.0,1.0,1.0,1.0,1
SAOUHSC_02805,SAOUHSC_02804,-1,1.0,1.0,1.0,1.0,1
SAOUHSC_02804,SAOUHSC_02803,-1,1.0,1.0,1.0,1.0,1
SAOUHSC_02803,SAOUHSC_02802,-1,0.0,0.0,0.0,0.0,0
SAOUHSC_02802,SAOUHSC_02801,-1,0.0,0.0,0.0,0.0,0
SAOUHSC_02801,SAOUHSC_02799,-1,,,,0.49,0
SAOUHSC_02799,SAOUHSC_02798,-1,0.0,0.0,0.0,0.0,0
SAOUHSC_02798,SAOUHSC_02797,-1,0.0,0.0,0.0,0.0,0
SAOUHSC_02797,SAOUHSC_02796,-1,1.0,1.0,1.0,1.0,1
SAOUHSC_02796,SAOUHSC_02791,-1,,,,0.49,0
SAOUHSC_02791,SAOUHSC_02790,-1,1.0,1.0,1.0,1.0,1
SAOUHSC_02790,SAOUHSC_02789,-1,0.0,0.0,0.0,0.0,0
SAOUHSC_02789,SAOUHSC_02788,-1,0.0,0.0,0.0,0.0,0
SAOUHSC_02788,SAOUHSC_02785,-1,0.0,0.0,0.0,0.0,0
SAOUHSC_02785,SAOUHSC_02784,-1,1.0,1.0,1.0,1.0,1
SAOUHSC_02784,SAOUHSC_02783,-1,0.0,0.0,0.0,0.0,0
SAOUHSC_02783,SAOUHSC_02781,-1,,,,0.49,0
SAOUHSC_02781,SAOUHSC_02778,-1,,,,0.49,0
SAOUHSC_02778,SAOUHSC_02777,-1,0.0,0.0,0.0,0.0,0
SAOUHSC_02777,SAOUHSC_02776,-1,0.0,0.0,0.0,0.0,0
SAOUHSC_02776,SAOUHSC_02775,-1,1.0,1.0,1.0,1.0,1
SAOUHSC_02775,SAOUHSC_02774,-1,0.0,0.0,0.0,0.0,0
SAOUHSC_02774,SAOUHSC_02772,-1,,,,0.49,0
SAOUHSC_02772,SAOUHSC_02771,-1,0.0,0.0,0.0,0.0,0
SAOUHSC_02771,SAOUHSC_02770,-1,0.0,0.0,0.0,0.0,0
SAOUHSC_02770,SAOUHSC_02769,-1,1.0,1.0,1.0,1.0,1
SAOUHSC_02769,SAOUHSC_02768,-1,1.0,1.0,1.0,1.0,1
SAOUHSC_02768,SAOUHSC_02767,-1,0.0,0.0,0.0,0.0,0
SAOUHSC_02767,SAOUHSC_02766,-1,1.0,1.0,1.0,1.0,1
SAOUHSC_02766,SAOUHSC_02765,-1,1.0,1.0,1.0,1.0,1
SAOUHSC_02765,SAOUHSC_02764,-1,1.0,1.0,1.0,1.0,1
SAOUHSC_02764,SAOUHSC_02763,-1,1.0,1.0,1.0,1.0,1
SAOUHSC_02763,SAOUHSC_02762,-1,1.0,1.0,1.0,1.0,1
SAOUHSC_02762,SAOUHSC_02760,-1,,,,0.49,0
SAOUHSC_02760,SAOUHSC_02757,-1,,,,0.49,0
SAOUHSC_02757,SAOUHSC_02756,-1,1.0,1.0,1.0,1.0,1
SAOUHSC_02756,SAOUHSC_02755,-1,0.0,0.0,0.0,0.0,0
SAOUHSC_02755,SAOUHSC_02754,-1,0.0,0.0,0.0,0.0,0
SAOUHSC_02754,SAOUHSC_02753,-1,1.0,1.0,1.0,1.0,1
SAOUHSC_02753,SAOUHSC_02752,-1,0.0,0.0,0.0,0.0,0
SAOUHSC_02752,SAOUHSC_02747,-1,,,,0.49,0
SAOUHSC_02747,SAOUHSC_02746,-1,1.0,1.0,1.0,1.0,1
SAOUHSC_02746,SAOUHSC_02745,-1,1.0,1.0,1.0,1.0,1
SAOUHSC_02745,SAOUHSC_02744,-1,0.0,0.0,0.0,0.0,0
SAOUHSC_02744,SAOUHSC_02743,-1,1.0,1.0,1.0,1.0,1
SAOUHSC_02743,SAOUHSC_02742,-1,1.0,1.0,1.0,1.0,1
SAOUHSC_02742,SAOUHSC_02741,-1,1.0,1.0,1.0,1.0,1
SAOUHSC_02741,SAOUHSC_02740,-1,0.0,0.0,0.0,0.0,0
SAOUHSC_02740,SAOUHSC_02739,-1,0.0,0.0,0.0,0.0,0
SAOUHSC_02739,SAOUHSC_02737,-1,0.0,0.0,0.0,0.0,0
SAOUHSC_02737,SAOUHSC_02734,-1,,,,0.49,0
SAOUHSC_02734,SAOUHSC_02733,-1,1.0,1.0,1.0,1.0,1
SAOUHSC_02733,SAOUHSC_02732,-1,1.0,1.0,1.0,1.0,1
SAOUHSC_02732,SAOUHSC_02728,-1,,,,0.49,0
SAOUHSC_02728,SAOUHSC_02726,-1,,,,0.49,0
SAOUHSC_02726,SAOUHSC_02722,-1,,,,0.49,0
SAOUHSC_02722,SAOUHSC_02721,-1,1.0,1.0,1.0,1.0,1
SAOUHSC_02721,SAOUHSC_02720,-1,1.0,1.0,1.0,1.0,1
SAOUHSC_02720,SAOUHSC_02719,-1,0.0,0.0,0.0,0.0,0
SAOUHSC_02719,SAOUHSC_02718,-1,1.0,1.0,1.0,1.0,1
SAOUHSC_02718,SAOUHSC_02717,-1,1.0,1.0,1.0,1.0,1
SAOUHSC_02717,SAOUHSC_A02577,-1,1.0,1.0,1.0,1.0,1
SAOUHSC_A02577,SAOUHSC_02716,-1,1.0,1.0,1.0,1.0,1
SAOUHSC_02716,SAOUHSC_02715,-1,1.0,1.0,1.0,1.0,1
SAOUHSC_02715,SAOUHSC_02714,-1,1.0,1.0,1.0,1.0,1
SAOUHSC_02714,SAOUHSC_02713,-1,1.0,1.0,1.0,1.0,1
SAOUHSC_02713,SAOUHSC_02712,-1,1.0,1.0,1.0,1.0,1
SAOUHSC_02712,SAOUHSC_02711,-1,1.0,1.0,1.0,1.0,1
SAOUHSC_02711,SAOUHSC_02705,-1,,,,0.49,0
SAOUHSC_02705,SAOUHSC_02704,-1,0.0,0.0,0.0,0.0,0
SAOUHSC_02704,gpmA,-1,0.0,0.0,0.0,0.0,0
gpmA,SAOUHSC_02701,-1,,,,0.49,0
SAOUHSC_02701,SAOUHSC_02700,-1,1.0,1.0,1.0,1.0,1
SAOUHSC_02700,SAOUHSC_02699,-1,0.0,0.0,0.0,0.0,0
SAOUHSC_02699,SAOUHSC_02698,-1,1.0,1.0,1.0,1.0,1
SAOUHSC_02698,SAOUHSC_02697,-1,1.0,1.0,1.0,1.0,1
SAOUHSC_02697,SAOUHSC_02695,-1,,,,0.49,0
SAOUHSC_02695,SAOUHSC_02694,-1,1.0,1.0,1.0,1.0,1
SAOUHSC_02694,SAOUHSC_02693,-1,1.0,1.0,1.0,1.0,1
SAOUHSC_02693,SAOUHSC_02692,-1,0.0,0.0,0.0,0.0,0
SAOUHSC_02692,SAOUHSC_02691,-1,1.0,1.0,1.0,1.0,1
SAOUHSC_02691,SAOUHSC_02690,-1,0.0,0.0,0.0,0.0,0
SAOUHSC_02690,SAOUHSC_02689,-1,0.0,0.0,0.0,0.0,0
SAOUHSC_02689,SAOUHSC_02688,-1,1.0,1.0,1.0,1.0,1
SAOUHSC_02688,SAOUHSC_02687,-1,0.0,0.0,0.0,0.0,0
SAOUHSC_02687,SAOUHSC_02686,-1,0.0,0.0,0.0,0.0,0
SAOUHSC_02686,SAOUHSC_02685,-1,0.0,0.0,0.0,0.0,0
SAOUHSC_02685,SAOUHSC_02684,-1,1.0,1.0,1.0,1.0,1
SAOUHSC_02684,SAOUHSC_02683,-1,1.0,1.0,1.0,1.0,1
SAOUHSC_02683,SAOUHSC_02682,-1,1.0,1.0,1.0,1.0,1
SAOUHSC_02682,SAOUHSC_02681,-1,0.0,0.0,0.0,0.0,0
SAOUHSC_02681,SAOUHSC_02680,-1,1.0,1.0,1.0,1.0,1
SAOUHSC_02680,SAOUHSC_02679,-1,1.0,1.0,1.0,1.0,1
SAOUHSC_02679,SAOUHSC_02678,-1,1.0,1.0,1.0,1.0,1
SAOUHSC_02678,SAOUHSC_02677,-1,1.0,1.0,1.0,1.0,1
SAOUHSC_02677,SAOUHSC_02676,-1,1.0,1.0,1.0,1.0,1
SAOUHSC_02676,SAOUHSC_02675,-1,1.0,1.0,1.0,1.0,1
SAOUHSC_02675,SAOUHSC_02671,-1,,,,0.49,0
SAOUHSC_02671,SAOUHSC_02668,-1,,,,0.49,0
SAOUHSC_02668,SAOUHSC_02667,-1,0.0,0.0,0.0,0.0,0
SAOUHSC_02667,SAOUHSC_02662,-1,,,,0.49,0
SAOUHSC_02662,SAOUHSC_02661,-1,1.0,1.0,1.0,1.0,1
SAOUHSC_02661,SAOUHSC_02658,-1,,,,0.49,0
SAOUHSC_02658,SAOUHSC_02656,-1,,,,0.49,0
SAOUHSC_02656,SAOUHSC_02655,-1,1.0,1.0,1.0,1.0,1
SAOUHSC_02655,SAOUHSC_02654,-1,1.0,1.0,1.0,1.0,1
SAOUHSC_02654,SAOUHSC_02653,-1,1.0,1.0,1.0,1.0,1
SAOUHSC_02653,SAOUHSC_02651,-1,,,,0.49,0
SAOUHSC_02651,SAOUHSC_02650,-1,0.0,0.0,0.0,0.0,0
SAOUHSC_02650,SAOUHSC_02648,-1,,,,0.49,0
SAOUHSC_02648,SAOUHSC_02647,-1,0.0,0.0,0.0,0.0,0
SAOUHSC_02647,SAOUHSC_02641,-1,,,,0.49,0
SAOUHSC_02641,SAOUHSC_02640,-1,1.0,1.0,1.0,1.0,1
SAOUHSC_02640,SAOUHSC_02635,-1,,,,0.49,0
SAOUHSC_02635,SAOUHSC_02634,-1,1.0,1.0,1.0,1.0,1
SAOUHSC_02634,SAOUHSC_02630,-1,,,,0.49,0
SAOUHSC_02630,SAOUHSC_02629,-1,1.0,1.0,1.0,1.0,1
SAOUHSC_02629,SAOUHSC_02627,-1,,,,0.49,0
SAOUHSC_02627,SAOUHSC_02624,-1,,,,0.49,0
SAOUHSC_02624,SAOUHSC_02623,-1,0.0,0.0,0.0,0.0,0
SAOUHSC_02623,SAOUHSC_02620,-1,,,,0.49,0
SAOUHSC_02620,SAOUHSC_02619,-1,0.0,0.0,0.0,0.0,0
SAOUHSC_02619,SAOUHSC_02618,-1,1.0,1.0,1.0,1.0,1
SAOUHSC_02618,SAOUHSC_02616,-1,1.0,1.0,1.0,1.0,1
SAOUHSC_02616,SAOUHSC_02615,-1,1.0,1.0,1.0,1.0,1
SAOUHSC_02615,SAOUHSC_02614,-1,1.0,1.0,1.0,1.0,1
SAOUHSC_02614,SAOUHSC_02612,-1,,,,0.49,0
SAOUHSC_02612,SAOUHSC_02610,-1,,,,0.49,0
SAOUHSC_02610,SAOUHSC_02607,-1,,,,0.49,0
SAOUHSC_02607,SAOUHSC_02606,-1,1.0,1.0,1.0,1.0,1
SAOUHSC_02606,SAOUHSC_02605,-1,0.0,0.0,0.0,0.0,0
SAOUHSC_02605,SAOUHSC_02604,-1,0.0,0.0,0.0,0.0,0
SAOUHSC_02604,SAOUHSC_02603,-1,0.0,0.0,0.0,0.0,0
SAOUHSC_02603,SAOUHSC_02600,-1,0.0,0.0,0.0,0.0,0
SAOUHSC_02600,SAOUHSC_02597,-1,,,,0.49,0
SAOUHSC_02597,SAOUHSC_02595,-1,,,,0.49,0
SAOUHSC_02595,SAOUHSC_02594,-1,0.0,0.0,0.0,0.0,0
SAOUHSC_02594,SAOUHSC_02593,-1,1.0,1.0,1.0,1.0,1
SAOUHSC_02593,SAOUHSC_02590,-1,,,,0.49,0
SAOUHSC_02590,SAOUHSC_02587,-1,,,,0.49,0
SAOUHSC_02587,SAOUHSC_02584,-1,,,,0.49,0
SAOUHSC_02584,SAOUHSC_02583,-1,0.0,0.0,0.0,0.0,0
SAOUHSC_02583,SAOUHSC_02582,-1,0.0,0.0,0.0,0.0,0
SAOUHSC_02582,SAOUHSC_02581,-1,1.0,1.0,1.0,1.0,1
SAOUHSC_02581,SAOUHSC_A02450,-1,0.0,0.0,0.0,0.0,0
SAOUHSC_A02450,SAOUHSC_02580,-1,0.0,0.0,0.0,0.0,0
SAOUHSC_02580,SAOUHSC_02579,-1,0.0,0.0,0.0,0.0,0
SAOUHSC_02579,SAOUHSC_02574,-1,,,,0.49,0
SAOUHSC_02574,SAOUHSC_02573,-1,1.0,1.0,1.0,1.0,1
SAOUHSC_02573,SAOUHSC_02572,-1,0.0,0.0,0.0,0.0,0
SAOUHSC_02572,SAOUHSC_02570,-1,,,,0.49,0
SAOUHSC_02570,SAOUHSC_02569,-1,1.0,1.0,1.0,1.0,1
SAOUHSC_02569,SAOUHSC_02568,-1,1.0,1.0,1.0,1.0,1
SAOUHSC_02568,SAOUHSC_02566,-1,0.0,0.0,0.0,0.0,0
SAOUHSC_02566,SAOUHSC_02557,-1,,,,0.49,0
SAOUHSC_02557,SAOUHSC_02554,-1,0.0,0.0,0.0,0.0,0
SAOUHSC_02554,SAOUHSC_02553,-1,0.0,0.0,0.0,0.0,0
SAOUHSC_02553,SAOUHSC_02552,-1,0.0,0.0,0.0,0.0,0
SAOUHSC_02552,SAOUHSC_02551,-1,1.0,1.0,1.0,1.0,1
SAOUHSC_02551,SAOUHSC_02549,-1,,,,0.49,0
SAOUHSC_02549,SAOUHSC_02547,-1,1.0,1.0,1.0,1.0,1
SAOUHSC_02547,SAOUHSC_02546,-1,1.0,1.0,1.0,1.0,1
SAOUHSC_02546,SAOUHSC_02545,-1,0.0,0.0,0.0,0.0,0
SAOUHSC_02545,SAOUHSC_02544,-1,1.0,1.0,1.0,1.0,1
SAOUHSC_02544,SAOUHSC_02542,-1,,,,0.49,0
SAOUHSC_02542,SAOUHSC_02541,-1,1.0,1.0,1.0,1.0,1
SAOUHSC_02541,SAOUHSC_02540,-1,1.0,1.0,1.0,1.0,1
SAOUHSC_02540,SAOUHSC_02538,-1,1.0,1.0,1.0,1.0,1
SAOUHSC_02538,mobA,-1,1.0,1.0,1.0,1.0,1
mobA,SAOUHSC_02536,-1,1.0,1.0,1.0,1.0,1
SAOUHSC_02536,SAOUHSC_02535,-1,1.0,1.0,1.0,1.0,1
SAOUHSC_02535,SAOUHSC_02534,-1,1.0,1.0,1.0,1.0,1
SAOUHSC_02534,SAOUHSC_02532,-1,,,,0.49,0
SAOUHSC_02532,SAOUHSC_02529,-1,,,,0.49,0
SAOUHSC_02529,SAOUHSC_02527,-1,,,,0.49,0
SAOUHSC_02527,SAOUHSC_02525,-1,0.0,0.0,0.0,0.0,0
SAOUHSC_02525,SAOUHSC_02522,-1,,,,0.49,0
SAOUHSC_02522,SAOUHSC_02521,-1,0.0,0.0,0.0,0.0,0
SAOUHSC_02521,SAOUHSC_02518,-1,,,,0.49,0
SAOUHSC_02518,SAOUHSC_02517,-1,1.0,1.0,1.0,1.0,1
SAOUHSC_02517,SAOUHSC_02516,-1,0.0,0.0,0.0,0.0,0
SAOUHSC_02516,SAOUHSC_02512a,-1,,,,0.49,0
SAOUHSC_02512a,rplC,-1,1.0,1.0,1.0,1.0,1
rplC,rplD,-1,1.0,1.0,1.0,1.0,1
rplD,rplW,-1,1.0,1.0,1.0,1.0,1
rplW,rplB,-1,1.0,1.0,1.0,1.0,1
rplB,rpsS,-1,1.0,1.0,1.0,1.0,1
rpsS,rplV,-1,1.0,1.0,1.0,1.0,1
rplV,rpsC,-1,1.0,1.0,1.0,1.0,1
rpsC,rplP,-1,1.0,1.0,1.0,1.0,1
rplP,SAOUHSC_02504,-1,1.0,1.0,1.0,1.0,1
SAOUHSC_02504,rpsQ,-1,1.0,1.0,1.0,1.0,1
rpsQ,rplN,-1,1.0,1.0,1.0,1.0,1
rplN,rplX,-1,1.0,1.0,1.0,1.0,1
rplX,rplE,-1,1.0,1.0,1.0,1.0,1
rplE,rpsN,-1,1.0,1.0,1.0,1.0,1
rpsN,rpsH,-1,1.0,1.0,1.0,1.0,1
rpsH,rplF,-1,1.0,1.0,1.0,1.0,1
rplF,rplR,-1,1.0,1.0,1.0,1.0,1
rplR,rpsE,-1,1.0,1.0,1.0,1.0,1
rpsE,rpmD,-1,1.0,1.0,1.0,1.0,1
rpmD,rplO,-1,1.0,1.0,1.0,1.0,1
rplO,secY,-1,1.0,1.0,1.0,1.0,1
secY,adk,-1,1.0,1.0,1.0,1.0,1
adk,infA,-1,0.0,0.0,0.0,0.0,0
infA,rpmJ,-1,1.0,1.0,1.0,1.0,1
rpmJ,rpsM,-1,1.0,1.0,1.0,1.0,1
rpsM,SAOUHSC_02486,-1,1.0,1.0,1.0,1.0,1
SAOUHSC_02486,SAOUHSC_02485,-1,1.0,1.0,1.0,1.0,1
SAOUHSC_02485,rplQ,-1,1.0,1.0,1.0,1.0,1
rplQ,cbiO,-1,0.0,0.0,0.0,0.0,0
cbiO,cbiO,-1,1.0,1.0,1.0,1.0,1
cbiO,SAOUHSC_02481,-1,1.0,1.0,1.0,1.0,1
SAOUHSC_02481,truA,-1,1.0,1.0,1.0,1.0,1
truA,rplM,-1,0.0,0.0,0.0,0.0,0
rplM,rpsI,-1,1.0,1.0,1.0,1.0,1
rpsI,SAOUHSC_02476,-1,0.0,0.0,0.0,0.0,0
SAOUHSC_02476,SAOUHSC_02475,-1,1.0,1.0,1.0,1.0,1
SAOUHSC_02475,SAOUHSC_02474,-1,1.0,1.0,1.0,1.0,1
SAOUHSC_02474,SAOUHSC_02473,-1,1.0,1.0,1.0,1.0,1
SAOUHSC_02473,SAOUHSC_02472,-1,1.0,1.0,1.0,1.0,1
SAOUHSC_02472,SAOUHSC_02471,-1,0.0,0.0,0.0,0.0,0
SAOUHSC_02471,SAOUHSC_02470,-1,0.0,0.0,0.0,0.0,0
SAOUHSC_02470,SAOUHSC_02468,-1,,,,0.49,0
SAOUHSC_02468,SAOUHSC_02467,-1,1.0,1.0,1.0,1.0,1
SAOUHSC_02467,SAOUHSC_02465,-1,0.0,0.0,0.0,0.0,0
SAOUHSC_02465,SAOUHSC_02464,-1,0.0,0.0,0.0,0.0,0
SAOUHSC_02464,SAOUHSC_02461,-1,,,,0.49,0
SAOUHSC_02461,SAOUHSC_02460,-1,1.0,1.0,1.0,1.0,1
SAOUHSC_02460,SAOUHSC_02459,-1,0.0,0.0,0.0,0.0,0
SAOUHSC_02459,SAOUHSC_02458,-1,0.0,0.0,0.0,0.0,0
SAOUHSC_02458,SAOUHSC_02456,-1,,,,0.49,0
SAOUHSC_02456,SAOUHSC_02455,-1,0.0,0.0,0.0,0.0,0
SAOUHSC_02455,SAOUHSC_02454,-1,1.0,1.0,1.0,1.0,1
SAOUHSC_02454,SAOUHSC_02453,-1,1.0,1.0,1.0,1.0,1
SAOUHSC_02453,SAOUHSC_02452,-1,1.0,1.0,1.0,1.0,1
SAOUHSC_02452,SAOUHSC_02451,-1,1.0,1.0,1.0,1.0,1
SAOUHSC_02451,SAOUHSC_02450,-1,1.0,1.0,1.0,1.0,1
SAOUHSC_02450,SAOUHSC_02449,-1,1.0,1.0,1.0,1.0,1
SAOUHSC_02449,SAOUHSC_02448,-1,0.0,0.0,0.0,0.0,0
SAOUHSC_02448,SAOUHSC_02447,-1,0.0,0.0,0.0,0.0,0
SAOUHSC_02447,SAOUHSC_02445,-1,0.0,0.0,0.0,0.0,0
SAOUHSC_02445,SAOUHSC_02444,-1,0.0,0.0,0.0,0.0,0
SAOUHSC_02444,SAOUHSC_02443,-1,0.0,0.0,0.0,0.0,0
SAOUHSC_02443,SAOUHSC_02442,-1,1.0,1.0,1.0,1.0,1
SAOUHSC_02442,SAOUHSC_02441,-1,1.0,1.0,1.0,1.0,1
SAOUHSC_02441,SAOUHSC_02435,-1,,,,0.49,0
SAOUHSC_02435,SAOUHSC_02434,-1,1.0,1.0,1.0,1.0,1
SAOUHSC_02434,SAOUHSC_02433,-1,1.0,1.0,1.0,1.0,1
SAOUHSC_02433,SAOUHSC_02430,-1,,,,0.49,0
SAOUHSC_02430,SAOUHSC_02428,-1,1.0,1.0,1.0,1.0,1
SAOUHSC_02428,SAOUHSC_02427,-1,1.0,1.0,1.0,1.0,1
SAOUHSC_02427,SAOUHSC_02426,-1,0.0,0.0,0.0,0.0,0
SAOUHSC_02426,SAOUHSC_02424,-1,,,,0.49,0
SAOUHSC_02424,SAOUHSC_02423,-1,1.0,1.0,1.0,1.0,1
SAOUHSC_02423,SAOUHSC_02422,-1,1.0,1.0,1.0,1.0,1
SAOUHSC_02422,SAOUHSC_02420,-1,0.0,0.0,0.0,0.0,0
SAOUHSC_02420,SAOUHSC_02419,-1,1.0,1.0,1.0,1.0,1
SAOUHSC_02419,SAOUHSC_02418,-1,0.0,0.0,0.0,0.0,0
SAOUHSC_02418,SAOUHSC_02416,-1,0.0,0.0,0.0,0.0,0
SAOUHSC_02416,SAOUHSC_R0005,-1,0.0,0.0,0.0,0.0,0
SAOUHSC_R0005,SAOUHSC_T00029,-1,1.0,1.0,1.0,1.0,1
SAOUHSC_T00029,SAOUHSC_R00010,-1,0.0,0.0,0.0,0.0,0
SAOUHSC_R00010,SAOUHSC_R00015,-1,1.0,1.0,1.0,1.0,1
SAOUHSC_R00015,SAOUHSC_T00010,-1,1.0,1.0,1.0,1.0,1
SAOUHSC_T00010,SAOUHSC_T00020,-1,1.0,1.0,1.0,1.0,1
SAOUHSC_T00020,SAOUHSC_T00061,-1,1.0,1.0,1.0,1.0,1
SAOUHSC_T00061,SAOUHSC_T00058,-1,1.0,1.0,1.0,1.0,1
SAOUHSC_T00058,SAOUHSC_T00017,-1,1.0,1.0,1.0,1.0,1
SAOUHSC_T00017,SAOUHSC_02412,-1,1.0,1.0,1.0,1.0,1
SAOUHSC_02412,SAOUHSC_T00037,-1,1.0,1.0,1.0,1.0,1
SAOUHSC_T00037,SAOUHSC_02409,-1,,,,0.49,0
SAOUHSC_02409,SAOUHSC_02407,-1,0.0,0.0,0.0,0.0,0
SAOUHSC_02407,SAOUHSC_02406,-1,1.0,1.0,1.0,1.0,1
SAOUHSC_02406,glmM,-1,1.0,1.0,1.0,1.0,1
glmM,SAOUHSC_02404,-1,0.0,0.0,0.0,0.0,0
SAOUHSC_02404,SAOUHSC_02399,-1,,,,0.49,0
SAOUHSC_02399,SAOUHSC_02397,-1,0.0,0.0,0.0,0.0,0
SAOUHSC_02397,SAOUHSC_02396,-1,1.0,1.0,1.0,1.0,1
SAOUHSC_02396,SAOUHSC_02393,-1,,,,0.49,0
SAOUHSC_02393,SAOUHSC_02391,-1,0.0,0.0,0.0,0.0,0
SAOUHSC_02391,SAOUHSC_02387,-1,,,,0.49,0
SAOUHSC_02387,SAOUHSC_02386,-1,0.0,0.0,0.0,0.0,0
SAOUHSC_02386,SAOUHSC_02385,-1,1.0,1.0,1.0,1.0,1
SAOUHSC_02385,SAOUHSC_02384,-1,1.0,1.0,1.0,1.0,1
SAOUHSC_02384,SAOUHSC_02383,-1,0.0,0.0,0.0,0.0,0
SAOUHSC_02383,SAOUHSC_02382,-1,0.0,0.0,0.0,0.0,0
SAOUHSC_02382,SAOUHSC_02381,-1,0.0,0.0,0.0,0.0,0
SAOUHSC_02381,SAOUHSC_02379,-1,,,,0.49,0
SAOUHSC_02379,SAOUHSC_02377,-1,,,,0.49,0
SAOUHSC_02377,SAOUHSC_02376,-1,1.0,1.0,1.0,1.0,1
SAOUHSC_02376,SAOUHSC_02374,-1,,,,0.49,0
SAOUHSC_02374,SAOUHSC_02373,-1,1.0,1.0,1.0,1.0,1
SAOUHSC_02373,SAOUHSC_02372,-1,0.0,0.0,0.0,0.0,0
SAOUHSC_02372,SAOUHSC_02370,-1,,,,0.49,0
SAOUHSC_02370,SAOUHSC_02369,-1,1.0,1.0,1.0,1.0,1
SAOUHSC_02369,pyrG,-1,0.0,0.0,0.0,0.0,0
pyrG,SAOUHSC_02366,-1,,,,0.49,0
SAOUHSC_02366,SAOUHSC_02365,-1,0.0,0.0,0.0,0.0,0
SAOUHSC_02365,SAOUHSC_02364,-1,1.0,1.0,1.0,1.0,1
SAOUHSC_02364,SAOUHSC_02363,-1,0.0,0.0,0.0,0.0,0
SAOUHSC_02363,rho,-1,0.0,0.0,0.0,0.0,0
rho,rpmE2,-1,0.0,0.0,0.0,0.0,0
rpmE2,SAOUHSC_02360,-1,0.0,0.0,0.0,0.0,0
SAOUHSC_02360,prfA,-1,1.0,1.0,1.0,1.0,1
prfA,SAOUHSC_02358,-1,1.0,1.0,1.0,1.0,1
SAOUHSC_02358,SAOUHSC_02357,-1,1.0,1.0,1.0,1.0,1
SAOUHSC_02357,SAOUHSC_02356,-1,1.0,1.0,1.0,1.0,1
SAOUHSC_02356,SAOUHSC_02355,-1,0.0,0.0,0.0,0.0,0
SAOUHSC_02355,glyA,-1,1.0,1.0,1.0,1.0,1
glyA,upp,-1,1.0,1.0,1.0,1.0,1
upp,SAOUHSC_02352,-1,1.0,1.0,1.0,1.0,1
SAOUHSC_02352,SAOUHSC_02351,-1,1.0,1.0,1.0,1.0,1
SAOUHSC_02351,SAOUHSC_02350,-1,1.0,1.0,1.0,1.0,1
SAOUHSC_02350,SAOUHSC_02349,-1,1.0,1.0,1.0,1.0,1
SAOUHSC_02349,SAOUHSC_02347,-1,0.0,0.0,0.0,0.0,0
SAOUHSC_02347,SAOUHSC_02346,-1,1.0,1.0,1.0,1.0,1
SAOUHSC_02346,SAOUHSC_02345,-1,1.0,1.0,1.0,1.0,1
SAOUHSC_02345,SAOUHSC_02343,-1,1.0,1.0,1.0,1.0,1
SAOUHSC_02343,SAOUHSC_02341,-1,1.0,1.0,1.0,1.0,1
SAOUHSC_02341,atpC,-1,1.0,1.0,1.0,1.0,1
atpC,SAOUHSC_02339,-1,0.0,0.0,0.0,0.0,0
SAOUHSC_02339,SAOUHSC_02338,-1,0.0,0.0,0.0,0.0,0
SAOUHSC_02338,SAOUHSC_02337,-1,0.0,0.0,0.0,0.0,0
SAOUHSC_02337,fabZ,-1,1.0,1.0,1.0,1.0,1
fabZ,SAOUHSC_02334,-1,,,,0.49,0
SAOUHSC_02334,SAOUHSC_02333,-1,0.0,0.0,0.0,0.0,0
SAOUHSC_02333,SAOUHSC_02332,-1,0.0,0.0,0.0,0.0,0
SAOUHSC_02332,SAOUHSC_02331,-1,1.0,1.0,1.0,1.0,1
SAOUHSC_02331,SAOUHSC_02330,-1,1.0,1.0,1.0,1.0,1
SAOUHSC_02330,SAOUHSC_02329,-1,1.0,1.0,1.0,1.0,1
SAOUHSC_02329,thiE,-1,1.0,1.0,1.0,1.0,1
thiE,SAOUHSC_02327,-1,0.0,0.0,0.0,0.0,0
SAOUHSC_02327,SAOUHSC_02326,-1,0.0,0.0,0.0,0.0,0
SAOUHSC_02326,SAOUHSC_02325,-1,1.0,1.0,1.0,1.0,1
SAOUHSC_02325,SAOUHSC_02322,-1,,,,0.49,0
SAOUHSC_02322,SAOUHSC_02321,-1,1.0,1.0,1.0,1.0,1
SAOUHSC_02321,SAOUHSC_02320,-1,0.0,0.0,0.0,0.0,0
SAOUHSC_02320,ddl,-1,,,,0.49,0
ddl,SAOUHSC_02317,-1,1.0,1.0,1.0,1.0,1
SAOUHSC_02317,SAOUHSC_02316,-1,0.0,0.0,0.0,0.0,0
SAOUHSC_02316,SAOUHSC_02313,-1,,,,0.49,0
SAOUHSC_02313,SAOUHSC_02312,-1,1.0,1.0,1.0,1.0,1
SAOUHSC_02312,SAOUHSC_02311,-1,1.0,1.0,1.0,1.0,1
SAOUHSC_02311,SAOUHSC_02310,-1,1.0,1.0,1.0,1.0,1
SAOUHSC_02310,SAOUHSC_02309,-1,0.0,0.0,0.0,0.0,0
SAOUHSC_02309,SAOUHSC_02308,-1,1.0,1.0,1.0,1.0,1
SAOUHSC_02308,SAOUHSC_02307,-1,1.0,1.0,1.0,1.0,1
SAOUHSC_02307,acpS,-1,1.0,1.0,1.0,1.0,1
acpS,SAOUHSC_02305,-1,1.0,1.0,1.0,1.0,1
SAOUHSC_02305,SAOUHSC_02304,-1,1.0,1.0,1.0,1.0,1
SAOUHSC_02304,SAOUHSC_02303,-1,1.0,1.0,1.0,1.0,1
SAOUHSC_02303,SAOUHSC_02300,-1,,,,0.49,0
SAOUHSC_02300,SAOUHSC_02299,-1,1.0,1.0,1.0,1.0,1
SAOUHSC_02299,SAOUHSC_02298,-1,1.0,1.0,1.0,1.0,1
SAOUHSC_02298,SAOUHSC_02297,-1,0.0,0.0,0.0,0.0,0
SAOUHSC_02297,SAOUHSC_02296,-1,1.0,1.0,1.0,1.0,1
SAOUHSC_02296,SAOUHSC_02294,-1,0.0,0.0,0.0,0.0,0
SAOUHSC_02294,SAOUHSC_T00034,-1,1.0,1.0,1.0,1.0,1
SAOUHSC_T00034,SAOUHSC_T00025,-1,1.0,1.0,1.0,1.0,1
SAOUHSC_T00025,SAOUHSC_R0004,-1,1.0,1.0,1.0,1.0,1
SAOUHSC_R0004,SAOUHSC_R0009,-1,0.0,0.0,0.0,0.0,0
SAOUHSC_R0009,SAOUHSC_R00014,-1,1.0,1.0,1.0,1.0,1
SAOUHSC_R00014,SAOUHSC_02280,-1,,,,0.49,0
SAOUHSC_02280,SAOUHSC_02279,-1,1.0,1.0,1.0,1.0,1
SAOUHSC_02279,SAOUHSC_02278,-1,1.0,1.0,1.0,1.0,1
SAOUHSC_02278,SAOUHSC_02277,-1,1.0,1.0,1.0,1.0,1
SAOUHSC_02277,SAOUHSC_02275,-1,,,,0.49,0
SAOUHSC_02275,SAOUHSC_02273,-1,,,,0.49,0
SAOUHSC_02273,SAOUHSC_02272,-1,0.0,0.0,0.0,0.0,0
SAOUHSC_02272,SAOUHSC_02271,-1,1.0,1.0,1.0,1.0,1
SAOUHSC_02271,SAOUHSC_02270,-1,0.0,0.0,0.0,0.0,0
SAOUHSC_02270,SAOUHSC_02269,-1,0.0,0.0,0.0,0.0,0
SAOUHSC_02269,SAOUHSC_02268,-1,0.0,0.0,0.0,0.0,0
SAOUHSC_02268,SAOUHSC_02267,-1,1.0,1.0,1.0,1.0,1
SAOUHSC_02267,SAOUHSC_02260,-1,,,,0.49,0
SAOUHSC_02260,SAOUHSC_02257,-1,,,,0.49,0
SAOUHSC_02257,groES,-1,,,,0.49,0
groES,groEL,-1,1.0,1.0,1.0,1.0,1
groEL,SAOUHSC_02251,-1,0.0,0.0,0.0,0.0,0
SAOUHSC_02251,SAOUHSC_02250,-1,1.0,1.0,1.0,1.0,1
SAOUHSC_02250,SAOUHSC_02249,-1,0.0,0.0,0.0,0.0,0
SAOUHSC_02249,SAOUHSC_02248,-1,1.0,1.0,1.0,1.0,1
SAOUHSC_02248,SAOUHSC_02246,-1,,,,0.49,0
SAOUHSC_02246,SAOUHSC_02245,-1,1.0,1.0,1.0,1.0,1
SAOUHSC_02245,SAOUHSC_02243,-1,,,,0.49,0
SAOUHSC_02243,SAOUHSC_02241,-1,1.0,1.0,1.0,1.0,1
SAOUHSC_02241,SAOUHSC_02238,-1,,,,0.49,0
SAOUHSC_02238,SAOUHSC_02234,-1,,,,0.49,0
SAOUHSC_02234,SAOUHSC_02233,-1,,,,0.49,0
SAOUHSC_02233,SAOUHSC_02228,-1,,,,0.49,0
SAOUHSC_02228,SAOUHSC_02227,-1,1.0,1.0,1.0,1.0,1
SAOUHSC_02227,SAOUHSC_02225,-1,,,,0.49,0
SAOUHSC_02225,SAOUHSC_02224,-1,1.0,1.0,1.0,1.0,1
SAOUHSC_02224,SAOUHSC_02223,-1,1.0,1.0,1.0,1.0,1
SAOUHSC_02223,SAOUHSC_02222,-1,,1.0,,0.49,0
SAOUHSC_02222,SAOUHSC_02221,-1,,,,0.49,0
SAOUHSC_02221,SAOUHSC_02220,-1,0.0,1.0,0.0,0.3333333333333333,0
SAOUHSC_02220,SAOUHSC_02219,-1,1.0,1.0,1.0,1.0,1
SAOUHSC_02219,SAOUHSC_02217,-1,,,,0.49,0
SAOUHSC_02217,SAOUHSC_02216,-1,1.0,1.0,1.0,1.0,1
SAOUHSC_02216,SAOUHSC_02215,-1,1.0,1.0,1.0,1.0,1
SAOUHSC_02215,SAOUHSC_02214,-1,1.0,1.0,1.0,1.0,1
SAOUHSC_02214,SAOUHSC_02213,-1,1.0,1.0,1.0,1.0,1
SAOUHSC_02213,SAOUHSC_02212,-1,,,,0.49,0
SAOUHSC_02212,SAOUHSC_02211,-1,1.0,1.0,1.0,1.0,1
SAOUHSC_02211,SAOUHSC_02210,-1,1.0,1.0,1.0,1.0,1
SAOUHSC_02210,SAOUHSC_02209,-1,,1.0,1.0,0.49,0
SAOUHSC_02209,SAOUHSC_02208,-1,,1.0,1.0,0.49,0
SAOUHSC_02208,SAOUHSC_02207,-1,1.0,1.0,1.0,1.0,1
SAOUHSC_02207,SAOUHSC_02206,-1,1.0,1.0,1.0,1.0,1
SAOUHSC_02206,SAOUHSC_02205,-1,1.0,1.0,1.0,1.0,1
SAOUHSC_02205,SAOUHSC_02204,-1,1.0,1.0,,0.49,0
SAOUHSC_02204,SAOUHSC_02203,-1,1.0,1.0,1.0,1.0,1
SAOUHSC_02203,SAOUHSC_02202,-1,1.0,1.0,1.0,1.0,1
SAOUHSC_02202,SAOUHSC_02200,-1,0.0,0.0,0.0,0.0,0
SAOUHSC_02200,SAOUHSC_02199,-1,,,,0.49,0
SAOUHSC_02199,SAOUHSC_02198,-1,,,,0.49,0
SAOUHSC_02198,SAOUHSC_02197,-1,,,,0.49,0
SAOUHSC_02197,SAOUHSC_02196,-1,,1.0,,0.49,0
SAOUHSC_02196,SAOUHSC_02195,-1,,1.0,1.0,0.49,0
SAOUHSC_02195,SAOUHSC_02194,-1,,1.0,,0.49,0
SAOUHSC_02194,SAOUHSC_02193,-1,,1.0,,0.49,0
SAOUHSC_02193,SAOUHSC_02191,-1,0.0,0.0,0.0,0.0,0
SAOUHSC_02191,SAOUHSC_02190,-1,,,,0.49,0
SAOUHSC_02190,SAOUHSC_02189,-1,,,,0.49,0
SAOUHSC_02189,SAOUHSC_02188,-1,,,,0.49,0
SAOUHSC_02188,SAOUHSC_02187,-1,,,,0.49,0
SAOUHSC_02187,SAOUHSC_02186,-1,,,,0.49,0
SAOUHSC_02186,SAOUHSC_02185,-1,,,1.0,0.49,0
SAOUHSC_02185,SAOUHSC_02184,-1,,1.0,,0.49,0
SAOUHSC_02184,SAOUHSC_02183,-1,,1.0,,0.49,0
SAOUHSC_02183,SAOUHSC_02182,-1,,,,0.49,0
SAOUHSC_02182,SAOUHSC_02181,-1,1.0,1.0,1.0,1.0,1
SAOUHSC_02181,SAOUHSC_02180,-1,1.0,1.0,1.0,1.0,1
SAOUHSC_02180,SAOUHSC_02179,-1,1.0,1.0,1.0,1.0,1
SAOUHSC_02179,SAOUHSC_02178,-1,1.0,1.0,1.0,1.0,1
SAOUHSC_02178,SAOUHSC_02177,-1,1.0,1.0,1.0,1.0,1
SAOUHSC_02177,SAOUHSC_02176,-1,0.0,0.0,0.0,0.0,0
SAOUHSC_02176,SAOUHSC_02174,-1,,,,0.49,0
SAOUHSC_02174,SAOUHSC_02173,-1,1.0,1.0,1.0,1.0,1
SAOUHSC_02173,SAOUHSC_02171,-1,0.0,0.0,0.0,0.0,0
SAOUHSC_02171,SAOUHSC_02170,-1,0.0,0.0,0.0,0.0,0
SAOUHSC_02170,SAOUHSC_02167,-1,,,,0.49,0
SAOUHSC_02167,SAOUHSC_02161,-1,,,,0.49,0
SAOUHSC_02161,SAOUHSC_02160,-1,1.0,1.0,1.0,1.0,1
SAOUHSC_02160,SAOUHSC_02157,-1,,,,0.49,0
SAOUHSC_02157,SAOUHSC_02156,-1,0.0,0.0,0.0,0.0,0
SAOUHSC_02156,SAOUHSC_02155,-1,0.0,0.0,0.0,0.0,0
SAOUHSC_02155,SAOUHSC_02154,-1,1.0,1.0,1.0,1.0,1
SAOUHSC_02154,SAOUHSC_02153,-1,1.0,1.0,1.0,1.0,1
SAOUHSC_02153,SAOUHSC_02152,-1,1.0,1.0,1.0,1.0,1
SAOUHSC_02152,SAOUHSC_02151,-1,1.0,1.0,1.0,1.0,1
SAOUHSC_02151,SAOUHSC_02149,-1,,,,0.49,0
SAOUHSC_02149,SAOUHSC_02148,-1,1.0,0.0,1.0,0.6666666666666666,1
SAOUHSC_02148,SAOUHSC_02147,-1,1.0,1.0,1.0,1.0,1
SAOUHSC_02147,SAOUHSC_02145,-1,,,,0.49,0
SAOUHSC_02145,SAOUHSC_02143,-1,,,,0.49,0
SAOUHSC_02143,SAOUHSC_02141,-1,,,,0.49,0
SAOUHSC_02141,SAOUHSC_02138,-1,,,,0.49,0
SAOUHSC_02138,SAOUHSC_02137,-1,0.0,0.0,0.0,0.0,0
SAOUHSC_02137,SAOUHSC_02133,-1,,,,0.49,0
SAOUHSC_02133,nadE,-1,1.0,1.0,1.0,1.0,1
nadE,SAOUHSC_02131,-1,0.0,0.0,0.0,0.0,0
SAOUHSC_02131,SAOUHSC_02130,-1,1.0,1.0,1.0,1.0,1
SAOUHSC_02130,SAOUHSC_02126,-1,,,,0.49,0
SAOUHSC_02126,SAOUHSC_02125,-1,1.0,1.0,1.0,1.0,1
SAOUHSC_02125,SAOUHSC_02124,-1,0.0,0.0,0.0,0.0,0
SAOUHSC_02124,SAOUHSC_02123,-1,1.0,1.0,1.0,1.0,1
SAOUHSC_02123,SAOUHSC_02122,-1,1.0,1.0,1.0,1.0,1
SAOUHSC_02122,SAOUHSC_02121,-1,1.0,1.0,1.0,1.0,1
SAOUHSC_02121,gatC,-1,,,,0.49,0
gatC,gatA,-1,1.0,1.0,1.0,1.0,1
gatA,gatB,-1,1.0,1.0,1.0,1.0,1
gatB,SAOUHSC_02115,-1,1.0,1.0,1.0,1.0,1
SAOUHSC_02115,SAOUHSC_02114,-1,0.0,0.0,0.0,0.0,0
SAOUHSC_02114,SAOUHSC_02113,-1,1.0,1.0,1.0,1.0,1
SAOUHSC_02113,SAOUHSC_02112,-1,0.0,0.0,0.0,0.0,0
SAOUHSC_02112,SAOUHSC_02111,-1,0.0,0.0,0.0,0.0,0
SAOUHSC_02111,SAOUHSC_02109,-1,,,,0.49,0
SAOUHSC_02109,SAOUHSC_02107,-1,,,,0.49,0
SAOUHSC_02107,SAOUHSC_02106,-1,1.0,1.0,1.0,1.0,1
SAOUHSC_02106,SAOUHSC_02105,-1,1.0,1.0,1.0,1.0,1
SAOUHSC_02105,SAOUHSC_02104,-1,1.0,1.0,1.0,1.0,1
SAOUHSC_02104,SAOUHSC_02102,-1,,,,0.49,0
SAOUHSC_02102,SAOUHSC_02101,-1,0.0,0.0,0.0,0.0,0
SAOUHSC_02101,SAOUHSC_02100,-1,1.0,1.0,1.0,1.0,1
SAOUHSC_02100,SAOUHSC_02099,-1,1.0,1.0,1.0,1.0,1
SAOUHSC_02099,SAOUHSC_02098,-1,1.0,1.0,1.0,1.0,1
SAOUHSC_02098,SAOUHSC_02093,-1,,,,0.49,0
SAOUHSC_02093,SAOUHSC_02092,-1,1.0,1.0,1.0,1.0,1
SAOUHSC_02092,SAOUHSC_02091,-1,1.0,1.0,1.0,1.0,1
SAOUHSC_02091,SAOUHSC_02088,-1,,,,0.49,0
SAOUHSC_02088,SAOUHSC_02083,-1,,,,0.49,0
SAOUHSC_02083,SAOUHSC_02081,-1,1.0,1.0,1.0,1.0,1
SAOUHSC_02081,SAOUHSC_02080,-1,0.0,0.0,0.0,0.0,0
SAOUHSC_02080,SAOUHSC_02079,-1,1.0,1.0,1.0,1.0,1
SAOUHSC_02079,SAOUHSC_02078,-1,1.0,1.0,1.0,1.0,1
SAOUHSC_02078,SAOUHSC_02077,-1,1.0,1.0,1.0,1.0,1
SAOUHSC_02077,SAOUHSC_02076,-1,1.0,1.0,1.0,1.0,1
SAOUHSC_02076,SAOUHSC_02074,-1,0.0,0.0,0.0,0.0,0
SAOUHSC_02074,SAOUHSC_02073,-1,1.0,1.0,,0.49,0
SAOUHSC_02073,SAOUHSC_02072,-1,1.0,1.0,,0.49,0
SAOUHSC_02072,SAOUHSC_02071,-1,,,,0.49,0
SAOUHSC_02071,SAOUHSC_02070,-1,1.0,1.0,1.0,1.0,1
SAOUHSC_02070,SAOUHSC_02069,-1,1.0,1.0,,0.49,0
SAOUHSC_02069,SAOUHSC_02068,-1,,1.0,,0.49,0
SAOUHSC_02068,SAOUHSC_02067,-1,,,1.0,0.49,0
SAOUHSC_02067,SAOUHSC_02066,-1,,1.0,1.0,0.49,0
SAOUHSC_02066,SAOUHSC_02065,-1,1.0,1.0,1.0,1.0,1
SAOUHSC_02065,SAOUHSC_02064,-1,1.0,1.0,1.0,1.0,1
SAOUHSC_02064,SAOUHSC_02063,-1,1.0,1.0,1.0,1.0,1
SAOUHSC_02063,SAOUHSC_02062,-1,1.0,1.0,1.0,1.0,1
SAOUHSC_02062,SAOUHSC_02061,-1,1.0,1.0,1.0,1.0,1
SAOUHSC_02061,SAOUHSC_02060,-1,1.0,1.0,1.0,1.0,1
SAOUHSC_02060,SAOUHSC_02059,-1,1.0,1.0,1.0,1.0,1
SAOUHSC_02059,SAOUHSC_02058,-1,1.0,1.0,,0.49,0
SAOUHSC_02058,SAOUHSC_02057,-1,1.0,1.0,1.0,1.0,1
SAOUHSC_02057,SAOUHSC_02056,-1,1.0,,,0.49,0
SAOUHSC_02056,SAOUHSC_02055,-1,1.0,,,0.49,0
SAOUHSC_02055,SAOUHSC_02054,-1,1.0,1.0,1.0,1.0,1
SAOUHSC_02054,SAOUHSC_02053,-1,1.0,1.0,1.0,1.0,1
SAOUHSC_02053,SAOUHSC_02052,-1,1.0,1.0,1.0,1.0,1
SAOUHSC_02052,SAOUHSC_02051,-1,1.0,1.0,1.0,1.0,1
SAOUHSC_02051,SAOUHSC_02050,-1,0.0,0.0,0.0,0.0,0
SAOUHSC_02050,SAOUHSC_02049,-1,1.0,1.0,1.0,1.0,1
SAOUHSC_02049,SAOUHSC_02048,-1,1.0,1.0,1.0,1.0,1
SAOUHSC_02048,SAOUHSC_02047,-1,1.0,1.0,1.0,1.0,1
SAOUHSC_02047,SAOUHSC_02046,-1,1.0,1.0,1.0,1.0,1
SAOUHSC_02046,SAOUHSC_02044,-1,0.0,0.0,0.0,0.0,0
SAOUHSC_02044,SAOUHSC_02043,-1,1.0,1.0,1.0,1.0,1
SAOUHSC_02043,SAOUHSC_02042,-1,1.0,1.0,1.0,1.0,1
SAOUHSC_02042,SAOUHSC_02041,-1,1.0,1.0,1.0,1.0,1
SAOUHSC_02041,SAOUHSC_02040,-1,1.0,1.0,1.0,1.0,1
SAOUHSC_02040,SAOUHSC_02038,-1,1.0,1.0,1.0,1.0,1
SAOUHSC_02038,SAOUHSC_02037,-1,1.0,1.0,1.0,1.0,1
SAOUHSC_02037,SAOUHSC_02036,-1,1.0,1.0,1.0,1.0,1
SAOUHSC_02036,SAOUHSC_02035,-1,1.0,1.0,1.0,1.0,1
SAOUHSC_02035,SAOUHSC_02034,-1,1.0,1.0,1.0,1.0,1
SAOUHSC_02034,SAOUHSC_02033,-1,1.0,1.0,1.0,1.0,1
SAOUHSC_02033,SAOUHSC_02031,-1,1.0,1.0,1.0,1.0,1
SAOUHSC_02031,SAOUHSC_02030,-1,1.0,1.0,1.0,1.0,1
SAOUHSC_02030,SAOUHSC_02029,-1,1.0,1.0,1.0,1.0,1
SAOUHSC_02029,SAOUHSC_02028,-1,1.0,1.0,1.0,1.0,1
SAOUHSC_02028,SAOUHSC_02027,-1,1.0,1.0,1.0,1.0,1
SAOUHSC_02027,SAOUHSC_02026,-1,1.0,1.0,1.0,1.0,1
SAOUHSC_02026,SAOUHSC_02025,-1,1.0,1.0,1.0,1.0,1
SAOUHSC_02025,SAOUHSC_02023,-1,0.0,0.0,0.0,0.0,0
SAOUHSC_02023,SAOUHSC_02022,-1,1.0,1.0,1.0,1.0,1
SAOUHSC_02022,SAOUHSC_02021,-1,1.0,1.0,1.0,1.0,1
SAOUHSC_02021,SAOUHSC_02020,-1,1.0,1.0,1.0,1.0,1
SAOUHSC_02020,SAOUHSC_02019,-1,1.0,1.0,1.0,1.0,1
SAOUHSC_02019,SAOUHSC_02018,-1,0.0,0.0,0.0,0.0,0
SAOUHSC_02018,SAOUHSC_02017,-1,,,,0.49,0
SAOUHSC_02017,SAOUHSC_02016,-1,,,,0.49,0
SAOUHSC_02016,SAOUHSC_02014,-1,,,,0.49,0
SAOUHSC_02014,SAOUHSC_02013,-1,0.0,0.0,0.0,0.0,0
SAOUHSC_02013,SAOUHSC_02012,-1,0.0,0.0,0.0,0.0,0
SAOUHSC_02012,recX,-1,0.0,0.0,0.0,0.0,0
recX,SAOUHSC_02010,-1,1.0,1.0,1.0,1.0,1
SAOUHSC_02010,SAOUHSC_02009,-1,1.0,1.0,1.0,1.0,1
SAOUHSC_02009,SAOUHSC_02008,-1,1.0,1.0,1.0,1.0,1
SAOUHSC_02008,SAOUHSC_02005,-1,,,,0.49,0
SAOUHSC_02005,SAOUHSC_02004,-1,0.0,0.0,0.0,0.0,0
SAOUHSC_02004,SAOUHSC_02003,-1,0.0,0.0,0.0,0.0,0
SAOUHSC_02003,SAOUHSC_02002,-1,1.0,1.0,1.0,1.0,1
SAOUHSC_02002,SAOUHSC_01999,-1,,,,0.49,0
SAOUHSC_01999,SAOUHSC_01998,-1,1.0,1.0,1.0,1.0,1
SAOUHSC_01998,SAOUHSC_01997,-1,0.0,1.0,1.0,0.6666666666666666,1
SAOUHSC_01997,SAOUHSC_R0003,-1,0.0,0.0,0.0,0.0,0
SAOUHSC_R0003,SAOUHSC_T00028,-1,1.0,1.0,1.0,1.0,1
SAOUHSC_T00028,SAOUHSC_T0003,-1,1.0,1.0,1.0,1.0,1
SAOUHSC_T0003,SAOUHSC_R0008,-1,0.0,0.0,0.0,0.0,0
SAOUHSC_R0008,SAOUHSC_R00013,-1,1.0,1.0,1.0,1.0,1
SAOUHSC_R00013,SAOUHSC_T00060,-1,1.0,1.0,1.0,1.0,1
SAOUHSC_T00060,SAOUHSC_T00055,-1,1.0,1.0,1.0,1.0,1
SAOUHSC_T00055,SAOUHSC_T00036,-1,1.0,1.0,1.0,1.0,1
SAOUHSC_T00036,SAOUHSC_T00033,-1,1.0,1.0,1.0,1.0,1
SAOUHSC_T00033,SAOUHSC_T00024,-1,1.0,1.0,1.0,1.0,1
SAOUHSC_T00024,SAOUHSC_T00032,-1,1.0,1.0,1.0,1.0,1
SAOUHSC_T00032,SAOUHSC_T0007,-1,1.0,1.0,1.0,1.0,1
SAOUHSC_T0007,SAOUHSC_T00045,-1,1.0,1.0,1.0,1.0,1
SAOUHSC_T00045,SAOUHSC_T0002,-1,1.0,1.0,1.0,1.0,1
SAOUHSC_T0002,SAOUHSC_T00041,-1,1.0,1.0,1.0,1.0,1
SAOUHSC_T00041,SAOUHSC_T00040,-1,1.0,1.0,1.0,1.0,1
SAOUHSC_T00040,SAOUHSC_T00052,-1,1.0,1.0,1.0,1.0,1
SAOUHSC_T00052,SAOUHSC_T00014,-1,1.0,1.0,1.0,1.0,1
SAOUHSC_T00014,SAOUHSC_T00051,-1,1.0,1.0,1.0,1.0,1
SAOUHSC_T00051,SAOUHSC_T00039,-1,1.0,1.0,1.0,1.0,1
SAOUHSC_T00039,SAOUHSC_T00013,-1,1.0,1.0,1.0,1.0,1
SAOUHSC_T00013,SAOUHSC_T00043,-1,1.0,1.0,1.0,1.0,1
SAOUHSC_T00043,SAOUHSC_T00054,-1,1.0,1.0,1.0,1.0,1
SAOUHSC_T00054,SAOUHSC_T00057,-1,1.0,1.0,1.0,1.0,1
SAOUHSC_T00057,SAOUHSC_T00056,-1,1.0,1.0,1.0,1.0,1
SAOUHSC_T00056,SAOUHSC_T00027,-1,1.0,1.0,1.0,1.0,1
SAOUHSC_T00027,SAOUHSC_T00016,-1,1.0,1.0,1.0,1.0,1
SAOUHSC_T00016,SAOUHSC_T00015,-1,1.0,1.0,1.0,1.0,1
SAOUHSC_T00015,SAOUHSC_T00023,-1,1.0,1.0,1.0,1.0,1
SAOUHSC_T00023,SAOUHSC_T00031,-1,0.0,0.0,0.0,0.0,0
SAOUHSC_T00031,SAOUHSC_01992,-1,0.0,0.0,0.0,0.0,0
SAOUHSC_01992,SAOUHSC_01991,-1,0.0,0.0,0.0,0.0,0
SAOUHSC_01991,SAOUHSC_01990,-1,1.0,1.0,1.0,1.0,1
SAOUHSC_01990,SAOUHSC_01989,-1,0.0,0.0,0.0,0.0,0
SAOUHSC_01989,SAOUHSC_01988,-1,1.0,1.0,1.0,1.0,1
SAOUHSC_01988,SAOUHSC_01987,-1,0.0,0.0,0.0,0.0,0
SAOUHSC_01987,SAOUHSC_01986,-1,1.0,1.0,1.0,1.0,1
SAOUHSC_01986,SAOUHSC_01984,-1,,,,0.49,0
SAOUHSC_01984,fumC,-1,0.0,0.0,0.0,0.0,0
fumC,SAOUHSC_01981,-1,,,,0.49,0
SAOUHSC_01981,SAOUHSC_01980,-1,1.0,1.0,1.0,1.0,1
SAOUHSC_01980,SAOUHSC_01979,-1,0.0,0.0,0.0,0.0,0
SAOUHSC_01979,SAOUHSC_01978,-1,0.0,0.0,0.0,0.0,0
SAOUHSC_01978,SAOUHSC_01977,-1,0.0,1.0,1.0,0.6666666666666666,1
SAOUHSC_01977,SAOUHSC_01976,-1,0.0,0.0,0.0,0.0,0
SAOUHSC_01976,SAOUHSC_01975,-1,0.0,0.0,0.0,0.0,0
SAOUHSC_01975,SAOUHSC_01974,-1,1.0,1.0,1.0,1.0,1
SAOUHSC_01974,SAOUHSC_01973,-1,1.0,1.0,1.0,1.0,1
SAOUHSC_01973,SAOUHSC_01967,-1,,,,0.49,0
SAOUHSC_01967,SAOUHSC_01966,-1,1.0,1.0,1.0,1.0,1
SAOUHSC_01966,SAOUHSC_01963,-1,,,,0.49,0
SAOUHSC_01963,hemE,-1,1.0,1.0,1.0,1.0,1
hemE,hemH,-1,1.0,1.0,1.0,1.0,1
hemH,SAOUHSC_01960,-1,1.0,1.0,1.0,1.0,1
SAOUHSC_01960,SAOUHSC_01958,-1,0.0,0.0,0.0,0.0,0
SAOUHSC_01958,SAOUHSC_T00038,-1,0.0,0.0,0.0,0.0,0
SAOUHSC_T00038,SAOUHSC_T00012,-1,1.0,1.0,1.0,1.0,1
SAOUHSC_T00012,SAOUHSC_T00042,-1,1.0,1.0,1.0,1.0,1
SAOUHSC_T00042,SAOUHSC_T00026,-1,1.0,1.0,1.0,1.0,1
SAOUHSC_T00026,SAOUHSC_T00022,-1,1.0,1.0,1.0,1.0,1
SAOUHSC_T00022,SAOUHSC_T0009,-1,1.0,1.0,1.0,1.0,1
SAOUHSC_T0009,SAOUHSC_T00019,-1,1.0,1.0,1.0,1.0,1
SAOUHSC_T00019,SAOUHSC_T00050,-1,1.0,1.0,1.0,1.0,1
SAOUHSC_T00050,SAOUHSC_01955,-1,,,,0.49,0
SAOUHSC_01955,SAOUHSC_01954,-1,1.0,1.0,1.0,1.0,1
SAOUHSC_01954,SAOUHSC_01953,-1,0.0,0.0,0.0,0.0,0
SAOUHSC_01953,SAOUHSC_01952,-1,1.0,1.0,1.0,1.0,1
SAOUHSC_01952,SAOUHSC_01951,-1,1.0,1.0,1.0,1.0,1
SAOUHSC_01951,SAOUHSC_01950,-1,1.0,1.0,1.0,1.0,1
SAOUHSC_01950,SAOUHSC_01949,-1,1.0,1.0,1.0,1.0,1
SAOUHSC_01949,SAOUHSC_01948,-1,1.0,1.0,1.0,1.0,1
SAOUHSC_01948,SAOUHSC_01947,-1,1.0,1.0,1.0,1.0,1
SAOUHSC_01947,SAOUHSC_01945,-1,1.0,1.0,1.0,1.0,1
SAOUHSC_01945,SAOUHSC_01942,-1,,,,0.49,0
SAOUHSC_01942,SAOUHSC_01941,-1,0.0,0.0,1.0,0.3333333333333333,0
SAOUHSC_01941,SAOUHSC_01939,-1,1.0,1.0,1.0,1.0,1
SAOUHSC_01939,SAOUHSC_01938,-1,1.0,1.0,1.0,1.0,1
SAOUHSC_01938,SAOUHSC_01936,-1,,,,0.49,0
SAOUHSC_01936,SAOUHSC_01935,-1,0.0,0.0,0.0,0.0,0
SAOUHSC_01935,SAOUHSC_01934,-1,1.0,1.0,1.0,1.0,1
SAOUHSC_01934,SAOUHSC_01933,-1,1.0,1.0,1.0,1.0,1
SAOUHSC_01933,SAOUHSC_01932,-1,1.0,1.0,1.0,1.0,1
SAOUHSC_01932,SAOUHSC_01931,-1,0.0,0.0,0.0,0.0,0
SAOUHSC_01931,SAOUHSC_01930,-1,0.0,0.0,0.0,0.0,0
SAOUHSC_01930,SAOUHSC_01928,-1,,,,0.49,0
SAOUHSC_01928,SAOUHSC_01926,-1,0.0,0.0,0.0,0.0,0
SAOUHSC_01926,SAOUHSC_01925,-1,1.0,1.0,1.0,1.0,1
SAOUHSC_01925,SAOUHSC_01924,-1,1.0,1.0,1.0,1.0,1
SAOUHSC_01924,SAOUHSC_01923,-1,0.0,0.0,1.0,0.3333333333333333,0
SAOUHSC_01923,SAOUHSC_01917,-1,,,,0.49,0
SAOUHSC_01917,SAOUHSC_01916,-1,0.0,0.0,0.0,0.0,0
SAOUHSC_01916,SAOUHSC_01915,-1,1.0,1.0,1.0,1.0,1
SAOUHSC_01915,SAOUHSC_01913,-1,,,,0.49,0
SAOUHSC_01913,SAOUHSC_01912,-1,1.0,1.0,1.0,1.0,1
SAOUHSC_01912,SAOUHSC_01911,-1,0.0,0.0,0.0,0.0,0
SAOUHSC_01911,SAOUHSC_01909,-1,,,,0.49,0
SAOUHSC_01909,SAOUHSC_01908,-1,0.0,0.0,0.0,0.0,0
SAOUHSC_01908,SAOUHSC_01907,-1,0.0,0.0,0.0,0.0,0
SAOUHSC_01907,SAOUHSC_01901,-1,,,,0.49,0
SAOUHSC_01901,SAOUHSC_01899,-1,,,,0.49,0
SAOUHSC_01899,SAOUHSC_01896,-1,,,,0.49,0
SAOUHSC_01896,SAOUHSC_01895,-1,0.0,0.0,0.0,0.0,0
SAOUHSC_01895,SAOUHSC_01890,-1,,,,0.49,0
SAOUHSC_01890,SAOUHSC_01889,-1,0.0,0.0,0.0,0.0,0
SAOUHSC_01889,SAOUHSC_01888,-1,1.0,1.0,1.0,1.0,1
SAOUHSC_01888,SAOUHSC_01887,-1,1.0,1.0,1.0,1.0,1
SAOUHSC_01887,ribH,-1,1.0,1.0,1.0,1.0,1
ribH,SAOUHSC_01883,-1,,,,0.49,0
SAOUHSC_01883,SAOUHSC_01882,-1,1.0,1.0,1.0,1.0,1
SAOUHSC_01882,SAOUHSC_01879,-1,0.0,0.0,0.0,0.0,0
SAOUHSC_01879,SAOUHSC_01876,-1,,,,0.49,0
SAOUHSC_01876,leuS,-1,0.0,0.0,0.0,0.0,0
leuS,SAOUHSC_01874,-1,1.0,1.0,1.0,1.0,1
SAOUHSC_01874,SAOUHSC_01873,-1,0.0,0.0,0.0,0.0,0
SAOUHSC_01873,SAOUHSC_01871,-1,,,,0.49,0
SAOUHSC_01871,SAOUHSC_01870,-1,1.0,1.0,1.0,1.0,1
SAOUHSC_01870,SAOUHSC_01869,-1,1.0,1.0,1.0,1.0,1
SAOUHSC_01869,SAOUHSC_01868,-1,0.0,0.0,0.0,0.0,0
SAOUHSC_01868,SAOUHSC_01867,-1,1.0,1.0,1.0,1.0,1
SAOUHSC_01867,SAOUHSC_01866,-1,0.0,0.0,0.0,0.0,0
SAOUHSC_01866,trmB,-1,1.0,1.0,1.0,1.0,1
trmB,SAOUHSC_01864,-1,0.0,0.0,0.0,0.0,0
SAOUHSC_01864,SAOUHSC_01861,-1,,,,0.49,0
SAOUHSC_01861,SAOUHSC_01860,-1,1.0,1.0,1.0,1.0,1
SAOUHSC_01860,SAOUHSC_01859,-1,0.0,0.0,0.0,0.0,0
SAOUHSC_01859,SAOUHSC_01858,-1,1.0,1.0,1.0,1.0,1
SAOUHSC_01858,SAOUHSC_01857,-1,1.0,1.0,1.0,1.0,1
SAOUHSC_01857,murC,-1,1.0,1.0,1.0,1.0,1
murC,SAOUHSC_01855,-1,0.0,0.0,0.0,0.0,0
SAOUHSC_01855,SAOUHSC_01854,-1,1.0,1.0,1.0,1.0,1
SAOUHSC_01854,SAOUHSC_01853,-1,0.0,0.0,0.0,0.0,0
SAOUHSC_01853,SAOUHSC_01852,-1,0.0,0.0,0.0,0.0,0
SAOUHSC_01852,SAOUHSC_01851,-1,0.0,0.0,0.0,0.0,0
SAOUHSC_01851,SAOUHSC_01850,-1,1.0,1.0,1.0,1.0,1
SAOUHSC_01850,SAOUHSC_01846,-1,,,,0.49,0
SAOUHSC_01846,SAOUHSC_01845,-1,0.0,0.0,0.0,0.0,0
SAOUHSC_01845,SAOUHSC_01843,-1,,,,0.49,0
SAOUHSC_01843,SAOUHSC_01841,-1,0.0,0.0,0.0,0.0,0
SAOUHSC_01841,SAOUHSC_01839,-1,,,,0.49,0
SAOUHSC_01839,SAOUHSC_01837,-1,,,,0.49,0
SAOUHSC_01837,SAOUHSC_01836,-1,0.0,0.0,0.0,0.0,0
SAOUHSC_01836,SAOUHSC_01835,-1,0.0,0.0,0.0,0.0,0
SAOUHSC_01835,SAOUHSC_01830,-1,,,,0.49,0
SAOUHSC_01830,SAOUHSC_01827,-1,,,,0.49,0
SAOUHSC_01827,SAOUHSC_01825,-1,,,,0.49,0
SAOUHSC_01825,SAOUHSC_01824,-1,1.0,1.0,1.0,1.0,1
SAOUHSC_01824,SAOUHSC_01823,-1,1.0,1.0,1.0,1.0,1
SAOUHSC_01823,tpx,-1,0.0,0.0,0.0,0.0,0
tpx,SAOUHSC_01821,-1,0.0,0.0,0.0,0.0,0
SAOUHSC_01821,SAOUHSC_01820,-1,1.0,1.0,0.0,0.6666666666666666,1
SAOUHSC_01820,SAOUHSC_01818,-1,,,,0.49,0
SAOUHSC_01818,SAOUHSC_01817,-1,0.0,0.0,0.0,0.0,0
SAOUHSC_01817,SAOUHSC_01815,-1,,,,0.49,0
SAOUHSC_01815,SAOUHSC_01813,-1,,,,0.49,0
SAOUHSC_01813,SAOUHSC_01812,-1,0.0,0.0,0.0,0.0,0
SAOUHSC_01812,SAOUHSC_01811,-1,1.0,1.0,1.0,1.0,1
SAOUHSC_01811,SAOUHSC_01810,-1,0.0,0.0,0.0,0.0,0
SAOUHSC_01810,SAOUHSC_01809,-1,0.0,0.0,0.0,0.0,0
SAOUHSC_01809,SAOUHSC_01808,-1,1.0,1.0,1.0,1.0,1
SAOUHSC_01808,SAOUHSC_01807,-1,0.0,0.0,0.0,0.0,0
SAOUHSC_01807,SAOUHSC_01806,-1,1.0,1.0,1.0,1.0,1
SAOUHSC_01806,SAOUHSC_01802,-1,,,,0.49,0
SAOUHSC_01802,SAOUHSC_01801,-1,1.0,1.0,1.0,1.0,1
SAOUHSC_01801,SAOUHSC_01800,-1,0.0,0.0,0.0,0.0,0
SAOUHSC_01800,SAOUHSC_01799,-1,1.0,1.0,1.0,1.0,1
SAOUHSC_01799,SAOUHSC_01798,-1,0.0,0.0,0.0,0.0,0
SAOUHSC_01798,SAOUHSC_01797,-1,0.0,0.0,0.0,0.0,0
SAOUHSC_01797,SAOUHSC_01796,-1,1.0,1.0,1.0,1.0,1
SAOUHSC_01796,coaE,-1,1.0,1.0,1.0,1.0,1
coaE,SAOUHSC_01794,-1,0.0,0.0,0.0,0.0,0
SAOUHSC_01794,nrdR,-1,0.0,0.0,0.0,0.0,0
nrdR,SAOUHSC_01792,-1,1.0,1.0,1.0,1.0,1
SAOUHSC_01792,SAOUHSC_01791,-1,1.0,1.0,1.0,1.0,1
SAOUHSC_01791,SAOUHSC_01789,-1,0.0,1.0,1.0,0.6666666666666666,1
SAOUHSC_01789,thrS,-1,0.0,0.0,0.0,0.0,0
thrS,SAOUHSC_01787,-1,0.0,0.0,0.0,0.0,0
SAOUHSC_01787,infC,-1,0.0,0.0,0.0,0.0,0
infC,rpmI,-1,1.0,1.0,1.0,1.0,1
rpmI,rplT,-1,1.0,1.0,1.0,1.0,1
rplT,SAOUHSC_01782,-1,,,,0.49,0
SAOUHSC_01782,SAOUHSC_01781,-1,1.0,1.0,1.0,1.0,1
SAOUHSC_01781,SAOUHSC_01780,-1,1.0,1.0,1.0,1.0,1
SAOUHSC_01780,tig,-1,1.0,1.0,1.0,1.0,1
tig,clpX,-1,0.0,0.0,0.0,0.0,0
clpX,engB,-1,0.0,0.0,0.0,0.0,0
engB,hemA,-1,0.0,0.0,0.0,0.0,0
hemA,SAOUHSC_01775,-1,1.0,1.0,1.0,1.0,1
SAOUHSC_01775,hemC,-1,1.0,1.0,1.0,1.0,1
hemC,SAOUHSC_01773,-1,1.0,1.0,1.0,1.0,1
SAOUHSC_01773,SAOUHSC_01772,-1,1.0,1.0,1.0,1.0,1
SAOUHSC_01772,SAOUHSC_01771,-1,1.0,1.0,1.0,1.0,1
SAOUHSC_01771,SAOUHSC_01770,-1,1.0,1.0,1.0,1.0,1
SAOUHSC_01770,SAOUHSC_01769,-1,1.0,1.0,1.0,1.0,1
SAOUHSC_01769,valS,-1,,,,0.49,0
valS,SAOUHSC_01766,-1,1.0,1.0,1.0,1.0,1
SAOUHSC_01766,SAOUHSC_01764,-1,,,,0.49,0
SAOUHSC_01764,SAOUHSC_01763,-1,1.0,1.0,1.0,1.0,1
SAOUHSC_01763,SAOUHSC_01762,-1,1.0,1.0,1.0,1.0,1
SAOUHSC_01762,SAOUHSC_01761,-1,,,,0.49,0
SAOUHSC_01761,SAOUHSC_01760,-1,1.0,1.0,1.0,1.0,1
SAOUHSC_01760,SAOUHSC_01759,-1,0.0,0.0,0.0,0.0,0
SAOUHSC_01759,SAOUHSC_01758,-1,1.0,1.0,1.0,1.0,1
SAOUHSC_01758,rplU,-1,0.0,0.0,0.0,0.0,0
rplU,SAOUHSC_01756,-1,1.0,1.0,1.0,1.0,1
SAOUHSC_01756,rpmA,-1,1.0,1.0,1.0,1.0,1
rpmA,obgE,-1,0.0,0.0,0.0,0.0,0
obgE,SAOUHSC_01752,-1,1.0,1.0,1.0,1.0,1
SAOUHSC_01752,ruvA,-1,1.0,1.0,1.0,1.0,1
ruvA,ruvB,-1,1.0,1.0,1.0,1.0,1
ruvB,queA,-1,1.0,1.0,1.0,1.0,1
queA,tgt,-1,1.0,1.0,1.0,1.0,1
tgt,SAOUHSC_01747,-1,1.0,1.0,1.0,1.0,1
SAOUHSC_01747,SAOUHSC_01746,-1,0.0,0.0,0.0,0.0,0
SAOUHSC_01746,SAOUHSC_01744,-1,0.0,0.0,0.0,0.0,0
SAOUHSC_01744,SAOUHSC_01743,-1,1.0,1.0,1.0,1.0,1
SAOUHSC_01743,SAOUHSC_01742,-1,0.0,0.0,0.0,0.0,0
SAOUHSC_01742,SAOUHSC_01741,-1,1.0,1.0,1.0,1.0,1
SAOUHSC_01741,SAOUHSC_01739,-1,1.0,1.0,1.0,1.0,1
SAOUHSC_01739,hisS,-1,0.0,0.0,0.0,0.0,0
hisS,aspS,-1,1.0,1.0,1.0,1.0,1
aspS,SAOUHSC_01736,-1,0.0,0.0,0.0,0.0,0
SAOUHSC_01736,SAOUHSC_01735,-1,1.0,1.0,1.0,1.0,1
SAOUHSC_01735,SAOUHSC_01730,-1,,,,0.49,0
SAOUHSC_01730,SAOUHSC_01729,-1,1.0,1.0,1.0,1.0,1
SAOUHSC_01729,SAOUHSC_01727,-1,,,,0.49,0
SAOUHSC_01727,SAOUHSC_01724,-1,0.0,0.0,0.0,0.0,0
SAOUHSC_01724,SAOUHSC_01723,-1,1.0,1.0,1.0,1.0,1
SAOUHSC_01723,alaS,-1,0.0,0.0,0.0,0.0,0
alaS,SAOUHSC_01721,-1,1.0,1.0,1.0,1.0,1
SAOUHSC_01721,SAOUHSC_01720,-1,1.0,1.0,1.0,1.0,1
SAOUHSC_01720,SAOUHSC_01719,-1,1.0,1.0,1.0,1.0,1
SAOUHSC_01719,SAOUHSC_01718,-1,0.0,0.0,0.0,0.0,0
SAOUHSC_01718,SAOUHSC_01717,-1,1.0,1.0,1.0,1.0,1
SAOUHSC_01717,SAOUHSC_01716,-1,1.0,1.0,1.0,1.0,1
SAOUHSC_01716,SAOUHSC_01715,-1,1.0,1.0,1.0,1.0,1
SAOUHSC_01715,greA,-1,1.0,1.0,1.0,1.0,1
greA,SAOUHSC_01712,-1,0.0,0.0,0.0,0.0,0
SAOUHSC_01712,SAOUHSC_01711,-1,1.0,1.0,1.0,1.0,1
SAOUHSC_01711,SAOUHSC_01710,-1,1.0,1.0,1.0,1.0,1
SAOUHSC_01710,SAOUHSC_01709,-1,1.0,1.0,1.0,1.0,1
SAOUHSC_01709,SAOUHSC_01708,-1,1.0,1.0,1.0,1.0,1
SAOUHSC_01708,SAOUHSC_01707,-1,1.0,1.0,1.0,1.0,1
SAOUHSC_01707,SAOUHSC_01706,-1,0.0,0.0,0.0,0.0,0
SAOUHSC_01706,SAOUHSC_01705,-1,0.0,0.0,0.0,0.0,0
SAOUHSC_01705,SAOUHSC_01702,-1,,,,0.49,0
SAOUHSC_01702,SAOUHSC_01701,-1,1.0,1.0,1.0,1.0,1
SAOUHSC_01701,SAOUHSC_01700,-1,1.0,1.0,1.0,1.0,1
SAOUHSC_01700,SAOUHSC_01699,-1,1.0,1.0,1.0,1.0,1
SAOUHSC_01699,SAOUHSC_01698,-1,1.0,1.0,1.0,1.0,1
SAOUHSC_01698,SAOUHSC_01697,-1,1.0,1.0,1.0,1.0,1
SAOUHSC_01697,SAOUHSC_01696,-1,1.0,1.0,1.0,1.0,1
SAOUHSC_01696,SAOUHSC_01695,-1,1.0,1.0,1.0,1.0,1
SAOUHSC_01695,SAOUHSC_01694,-1,1.0,1.0,1.0,1.0,1
SAOUHSC_01694,SAOUHSC_01693,-1,1.0,1.0,1.0,1.0,1
SAOUHSC_01693,SAOUHSC_01692,-1,0.0,0.0,0.0,0.0,0
SAOUHSC_01692,SAOUHSC_01691,-1,1.0,1.0,1.0,1.0,1
SAOUHSC_01691,holA,-1,1.0,1.0,1.0,1.0,1
holA,SAOUHSC_01688,-1,,,,0.49,0
SAOUHSC_01688,SAOUHSC_01687,-1,0.0,0.0,0.0,0.0,0
SAOUHSC_01687,SAOUHSC_01686,-1,0.0,0.0,0.0,0.0,0
SAOUHSC_01686,SAOUHSC_01685,-1,0.0,0.0,0.0,0.0,0
SAOUHSC_01685,SAOUHSC_01684,-1,1.0,1.0,1.0,1.0,1
SAOUHSC_01684,dnaK,-1,1.0,1.0,1.0,1.0,1
dnaK,SAOUHSC_01682,-1,0.0,0.0,0.0,0.0,0
SAOUHSC_01682,prmA,-1,1.0,1.0,1.0,1.0,1
prmA,SAOUHSC_01680,-1,1.0,1.0,1.0,1.0,1
SAOUHSC_01680,SAOUHSC_01679,-1,1.0,1.0,1.0,1.0,1
SAOUHSC_01679,rpsU,-1,0.0,0.0,0.0,0.0,0
rpsU,SAOUHSC_01677,-1,0.0,0.0,0.0,0.0,0
SAOUHSC_01677,SAOUHSC_01676,-1,1.0,1.0,1.0,1.0,1
SAOUHSC_01676,SAOUHSC_01675,-1,1.0,1.0,1.0,1.0,1
SAOUHSC_01675,SAOUHSC_01673,-1,0.0,0.0,0.0,0.0,0
SAOUHSC_01673,SAOUHSC_01672,-1,1.0,1.0,1.0,1.0,1
SAOUHSC_01672,SAOUHSC_01671,-1,1.0,1.0,1.0,1.0,1
SAOUHSC_01671,SAOUHSC_01670,-1,1.0,1.0,1.0,1.0,1
SAOUHSC_01670,era,-1,1.0,1.0,1.0,1.0,1
era,SAOUHSC_01667,-1,1.0,1.0,1.0,1.0,1
SAOUHSC_01667,SAOUHSC_01665,-1,,,,0.49,0
SAOUHSC_01665,SAOUHSC_01664,-1,1.0,1.0,1.0,1.0,1
SAOUHSC_01664,SAOUHSC_01663,-1,1.0,1.0,1.0,1.0,1
SAOUHSC_01663,SAOUHSC_01662,-1,0.0,0.0,0.0,0.0,0
SAOUHSC_01662,SAOUHSC_01661,-1,0.0,0.0,0.0,0.0,0
SAOUHSC_01661,SAOUHSC_01660,-1,1.0,1.0,1.0,1.0,1
SAOUHSC_01660,SAOUHSC_01659,-1,0.0,0.0,0.0,0.0,0
SAOUHSC_01659,SAOUHSC_01658,-1,1.0,1.0,1.0,1.0,1
SAOUHSC_01658,SAOUHSC_01657,-1,0.0,0.0,0.0,0.0,0
SAOUHSC_01657,SAOUHSC_01656,-1,1.0,1.0,1.0,1.0,1
SAOUHSC_01656,SAOUHSC_01655,-1,1.0,1.0,1.0,1.0,1
SAOUHSC_01655,SAOUHSC_01653,-1,0.0,0.0,0.0,0.0,0
SAOUHSC_01653,SAOUHSC_01652,-1,0.0,0.0,0.0,0.0,0
SAOUHSC_01652,rpmG,-1,1.0,1.0,1.0,1.0,1
rpmG,SAOUHSC_01650,-1,0.0,0.0,0.0,0.0,0
SAOUHSC_01650,SAOUHSC_01647,-1,0.0,0.0,0.0,0.0,0
SAOUHSC_01647,SAOUHSC_01646,-1,1.0,1.0,1.0,1.0,1
SAOUHSC_01646,SAOUHSC_01645,-1,1.0,1.0,1.0,1.0,1
SAOUHSC_01645,SAOUHSC_01644,-1,1.0,1.0,1.0,1.0,1
SAOUHSC_01644,SAOUHSC_01643,-1,1.0,1.0,1.0,1.0,1
SAOUHSC_01643,SAOUHSC_01641,-1,0.0,0.0,0.0,0.0,0
SAOUHSC_01641,SAOUHSC_01640,-1,1.0,1.0,1.0,1.0,1
SAOUHSC_01640,SAOUHSC_01639,-1,1.0,1.0,1.0,1.0,1
SAOUHSC_01639,SAOUHSC_01638,-1,1.0,1.0,1.0,1.0,1
SAOUHSC_01638,SAOUHSC_01637,-1,1.0,1.0,1.0,1.0,1
SAOUHSC_01637,SAOUHSC_01636,-1,1.0,1.0,1.0,1.0,1
SAOUHSC_01636,SAOUHSC_01635,-1,1.0,1.0,1.0,1.0,1
SAOUHSC_01635,gcvT,-1,0.0,0.0,0.0,0.0,0
gcvT,SAOUHSC_01633,-1,1.0,1.0,1.0,1.0,1
SAOUHSC_01633,SAOUHSC_01632,-1,1.0,1.0,1.0,1.0,1
SAOUHSC_01632,SAOUHSC_01629,-1,,,,0.49,0
SAOUHSC_01629,SAOUHSC_01626,-1,,,,0.49,0
SAOUHSC_01626,SAOUHSC_01625,-1,1.0,1.0,1.0,1.0,1
SAOUHSC_01625,SAOUHSC_01624,-1,0.0,0.0,0.0,0.0,0
SAOUHSC_01624,SAOUHSC_01623,-1,1.0,1.0,1.0,1.0,1
SAOUHSC_01623,SAOUHSC_01622,-1,1.0,1.0,1.0,1.0,1
SAOUHSC_01622,nusB,-1,1.0,1.0,1.0,1.0,1
nusB,xseA,-1,1.0,1.0,1.0,1.0,1
xseA,SAOUHSC_01619,-1,1.0,1.0,1.0,1.0,1
SAOUHSC_01619,SAOUHSC_01618,-1,1.0,1.0,1.0,1.0,1
SAOUHSC_01618,SAOUHSC_01617,-1,0.0,0.0,0.0,0.0,0
SAOUHSC_01617,SAOUHSC_01615,-1,1.0,1.0,1.0,1.0,1
SAOUHSC_01615,SAOUHSC_01614,-1,0.0,0.0,0.0,0.0,0
SAOUHSC_01614,SAOUHSC_01613,-1,1.0,1.0,1.0,1.0,1
SAOUHSC_01613,SAOUHSC_01612,-1,1.0,1.0,1.0,1.0,1
SAOUHSC_01612,SAOUHSC_01611,-1,1.0,1.0,1.0,1.0,1
SAOUHSC_01611,SAOUHSC_01610,-1,0.0,0.0,0.0,0.0,0
SAOUHSC_01610,SAOUHSC_01609,-1,1.0,1.0,1.0,1.0,1
SAOUHSC_01609,SAOUHSC_01606,-1,,,,0.49,0
SAOUHSC_01606,SAOUHSC_01605,-1,1.0,1.0,1.0,1.0,1
SAOUHSC_01605,SAOUHSC_01604,-1,0.0,0.0,0.0,0.0,0
SAOUHSC_01604,SAOUHSC_01603,-1,1.0,1.0,1.0,1.0,1
SAOUHSC_01603,SAOUHSC_01602,-1,1.0,1.0,1.0,1.0,1
SAOUHSC_01602,SAOUHSC_01601,-1,1.0,1.0,1.0,1.0,1
SAOUHSC_01601,SAOUHSC_01598,-1,,,,0.49,0
SAOUHSC_01598,SAOUHSC_01596,-1,,,,0.49,0
SAOUHSC_01596,SAOUHSC_01595,-1,1.0,1.0,1.0,1.0,1
SAOUHSC_01595,SAOUHSC_01593,-1,,,,0.49,0
SAOUHSC_01593,SAOUHSC_01592,-1,0.0,0.0,0.0,0.0,0
SAOUHSC_01592,SAOUHSC_01591,-1,1.0,1.0,1.0,1.0,1
SAOUHSC_01591,SAOUHSC_01589,-1,,,,0.49,0
SAOUHSC_01589,SAOUHSC_01588,-1,1.0,1.0,1.0,1.0,1
SAOUHSC_01588,SAOUHSC_01587,-1,1.0,1.0,1.0,1.0,1
SAOUHSC_01587,SAOUHSC_01586,-1,0.0,0.0,0.0,0.0,0
SAOUHSC_01586,SAOUHSC_01585,-1,1.0,1.0,1.0,1.0,1
SAOUHSC_01585,SAOUHSC_01584,-1,0.0,0.0,0.0,0.0,0
SAOUHSC_01584,SAOUHSC_01583,-1,1.0,1.0,1.0,1.0,1
SAOUHSC_01583,SAOUHSC_01580,-1,,,,0.49,0
SAOUHSC_01580,SAOUHSC_A01514,-1,,,,0.49,0
SAOUHSC_A01514,SAOUHSC_01574,-1,1.0,1.0,1.0,1.0,1
SAOUHSC_01574,SAOUHSC_01573,-1,1.0,1.0,1.0,1.0,1
SAOUHSC_01573,SAOUHSC_01571,-1,,,,0.49,0
SAOUHSC_01571,SAOUHSC_01570,-1,1.0,1.0,1.0,1.0,1
SAOUHSC_01570,SAOUHSC_01569,-1,1.0,1.0,,0.49,0
SAOUHSC_01569,SAOUHSC_01568,-1,,,,0.49,0
SAOUHSC_01568,SAOUHSC_01567,-1,,,,0.49,0
SAOUHSC_01567,SAOUHSC_01566,-1,,,1.0,0.49,0
SAOUHSC_01566,SAOUHSC_01565,-1,,,1.0,0.49,0
SAOUHSC_01565,SAOUHSC_01563,-1,1.0,0.0,0.0,0.3333333333333333,0
SAOUHSC_01563,SAOUHSC_01562,-1,,,,0.49,0
SAOUHSC_01562,SAOUHSC_01561,-1,,,,0.49,0
SAOUHSC_01561,SAOUHSC_01560,-1,1.0,1.0,1.0,1.0,1
SAOUHSC_01560,SAOUHSC_01559,-1,,,,0.49,0
SAOUHSC_01559,SAOUHSC_01558,-1,,,,0.49,0
SAOUHSC_01558,SAOUHSC_01557,-1,1.0,1.0,1.0,1.0,1
SAOUHSC_01557,SAOUHSC_01556,-1,1.0,1.0,1.0,1.0,1
SAOUHSC_01556,SAOUHSC_01555,-1,1.0,1.0,1.0,1.0,1
SAOUHSC_01555,SAOUHSC_01553,-1,0.0,0.0,0.0,0.0,0
SAOUHSC_01553,SAOUHSC_01552,-1,1.0,1.0,,0.49,0
SAOUHSC_01552,SAOUHSC_01551,-1,1.0,1.0,1.0,1.0,1
SAOUHSC_01551,SAOUHSC_01550,-1,1.0,1.0,1.0,1.0,1
SAOUHSC_01550,SAOUHSC_01549,-1,1.0,1.0,1.0,1.0,1
SAOUHSC_01549,SAOUHSC_01548,-1,,1.0,,0.49,0
SAOUHSC_01548,SAOUHSC_01547,-1,,1.0,,0.49,0
SAOUHSC_01547,SAOUHSC_01546,-1,,,,0.49,0
SAOUHSC_01546,SAOUHSC_01545,-1,,,,0.49,0
SAOUHSC_01545,SAOUHSC_01543,-1,,,,0.49,0
SAOUHSC_01543,SAOUHSC_01542,-1,,,,0.49,0
SAOUHSC_01542,SAOUHSC_01541,-1,,,1.0,0.49,0
SAOUHSC_01541,SAOUHSC_01540,-1,0.0,0.0,0.0,0.0,0
SAOUHSC_01540,SAOUHSC_01539,-1,0.0,0.0,,0.49,0
SAOUHSC_01539,SAOUHSC_01538,-1,1.0,,,0.49,0
SAOUHSC_01538,SAOUHSC_01537,-1,1.0,1.0,1.0,1.0,1
SAOUHSC_01537,SAOUHSC_01536,-1,1.0,,,0.49,0
SAOUHSC_01536,SAOUHSC_01535,-1,1.0,,,0.49,0
SAOUHSC_01535,SAOUHSC_01533,-1,,,,0.49,0
SAOUHSC_01533,SAOUHSC_01532,-1,,,,0.49,0
SAOUHSC_01532,SAOUHSC_01531,-1,,,,0.49,0
SAOUHSC_01531,SAOUHSC_01530,-1,,,,0.49,0
SAOUHSC_01530,SAOUHSC_01529,-1,1.0,,,0.49,0
SAOUHSC_01529,SAOUHSC_01528,-1,,,1.0,0.49,0
SAOUHSC_01528,SAOUHSC_01527,-1,,,1.0,0.49,0
SAOUHSC_01527,SAOUHSC_01526,-1,,,1.0,0.49,0
SAOUHSC_01526,SAOUHSC_01525,-1,,,1.0,0.49,0
SAOUHSC_01525,SAOUHSC_01524,-1,1.0,,1.0,0.49,0
SAOUHSC_01524,SAOUHSC_01523,-1,1.0,,1.0,0.49,0
SAOUHSC_01523,SAOUHSC_01522,-1,,,,0.49,0
SAOUHSC_01522,SAOUHSC_01521,-1,,,,0.49,0
SAOUHSC_01521,SAOUHSC_01520,-1,,1.0,,0.49,0
SAOUHSC_01520,SAOUHSC_01519,-1,,,,0.49,0
SAOUHSC_01519,SAOUHSC_01518,-1,,,,0.49,0
SAOUHSC_01518,SAOUHSC_01517,-1,1.0,1.0,1.0,1.0,1
SAOUHSC_01517,SAOUHSC_01516,-1,1.0,0.0,0.0,0.3333333333333333,0
SAOUHSC_01516,SAOUHSC_01515,-1,1.0,1.0,1.0,1.0,1
SAOUHSC_01515,SAOUHSC_01514,-1,0.0,0.0,0.0,0.0,0
SAOUHSC_01514,SAOUHSC_01513,-1,0.0,0.0,0.0,0.0,0
SAOUHSC_01513,SAOUHSC_01512,-1,0.0,0.0,1.0,0.3333333333333333,0
SAOUHSC_01512,SAOUHSC_01511,-1,1.0,0.0,1.0,0.6666666666666666,1
SAOUHSC_01511,SAOUHSC_01510,-1,1.0,1.0,1.0,1.0,1
SAOUHSC_01510,SAOUHSC_01508,-1,1.0,1.0,1.0,1.0,1
SAOUHSC_01508,SAOUHSC_01507,-1,0.0,0.0,0.0,0.0,0
SAOUHSC_01507,SAOUHSC_01505,-1,0.0,0.0,0.0,0.0,0
SAOUHSC_01505,SAOUHSC_01503,-1,,,,0.49,0
SAOUHSC_01503,SAOUHSC_01502,-1,1.0,1.0,1.0,1.0,1
SAOUHSC_01502,SAOUHSC_01501,-1,0.0,0.0,0.0,0.0,0
SAOUHSC_01501,SAOUHSC_01500,-1,0.0,0.0,0.0,0.0,0
SAOUHSC_01500,SAOUHSC_01499,-1,0.0,0.0,0.0,0.0,0
SAOUHSC_01499,cmk,-1,,,,0.49,0
cmk,SAOUHSC_01495,-1,1.0,1.0,1.0,1.0,1
SAOUHSC_01495,SAOUHSC_A01436,-1,,,,0.49,0
SAOUHSC_A01436,rpsA,-1,0.0,0.0,0.0,0.0,0
rpsA,engA,-1,0.0,0.0,0.0,0.0,0
engA,gpsA,-1,1.0,1.0,1.0,1.0,1
gpsA,SAOUHSC_01490,-1,0.0,0.0,0.0,0.0,0
SAOUHSC_01490,SAOUHSC_01488,-1,,,,0.49,0
SAOUHSC_01488,ubiE,-1,1.0,1.0,1.0,1.0,1
ubiE,SAOUHSC_01486,-1,1.0,1.0,1.0,1.0,1
SAOUHSC_01486,ndk,-1,1.0,1.0,0.0,0.6666666666666666,1
ndk,SAOUHSC_01484,-1,0.0,0.0,0.0,0.0,0
SAOUHSC_01484,SAOUHSC_01483,-1,0.0,,0.0,0.49,0
SAOUHSC_01483,aroB,-1,1.0,1.0,1.0,1.0,1
aroB,SAOUHSC_01481,-1,1.0,1.0,1.0,1.0,1
SAOUHSC_01481,SAOUHSC_01480,-1,0.0,0.0,0.0,0.0,0
SAOUHSC_01480,SAOUHSC_01479,-1,1.0,1.0,1.0,1.0,1
SAOUHSC_01479,SAOUHSC_01478,-1,1.0,1.0,1.0,1.0,1
SAOUHSC_01478,SAOUHSC_01477,-1,0.0,0.0,0.0,0.0,0
SAOUHSC_01477,SAOUHSC_01476,-1,0.0,0.0,0.0,0.0,0
SAOUHSC_01476,SAOUHSC_01475,-1,0.0,0.0,0.0,0.0,0
SAOUHSC_01475,SAOUHSC_01474,-1,1.0,1.0,1.0,1.0,1
SAOUHSC_01474,SAOUHSC_01473,-1,1.0,1.0,1.0,1.0,1
SAOUHSC_01473,SAOUHSC_01472,-1,1.0,1.0,1.0,1.0,1
SAOUHSC_01472,asnC,-1,0.0,0.0,0.0,0.0,0
asnC,SAOUHSC_01470,-1,0.0,0.0,0.0,0.0,0
SAOUHSC_01470,SAOUHSC_01469,-1,1.0,1.0,1.0,1.0,1
SAOUHSC_01469,SAOUHSC_01468,-1,1.0,1.0,1.0,1.0,1
SAOUHSC_01468,SAOUHSC_01464,-1,,,,0.49,0
SAOUHSC_01464,SAOUHSC_01463,-1,1.0,1.0,1.0,1.0,1
SAOUHSC_01463,SAOUHSC_01462,-1,1.0,1.0,1.0,1.0,1
SAOUHSC_01462,SAOUHSC_01460,-1,0.0,0.0,0.0,0.0,0
SAOUHSC_01460,SAOUHSC_01459,-1,1.0,1.0,1.0,1.0,1
SAOUHSC_01459,SAOUHSC_01455,-1,,,,0.49,0
SAOUHSC_01455,SAOUHSC_01454,-1,1.0,1.0,1.0,1.0,1
SAOUHSC_01454,SAOUHSC_01452,-1,0.0,0.0,0.0,0.0,0
SAOUHSC_01452,SAOUHSC_01451,-1,1.0,1.0,1.0,1.0,1
SAOUHSC_01451,SAOUHSC_01450,-1,1.0,1.0,1.0,1.0,1
SAOUHSC_01450,SAOUHSC_01448,-1,0.0,0.0,0.0,0.0,0
SAOUHSC_01448,SAOUHSC_01447,-1,0.0,0.0,0.0,0.0,0
SAOUHSC_01447,SAOUHSC_01441,-1,,,,0.49,0
SAOUHSC_01441,SAOUHSC_01439,-1,,,,0.49,0
SAOUHSC_01439,SAOUHSC_01438,-1,1.0,1.0,1.0,1.0,1
SAOUHSC_01438,SAOUHSC_01437,-1,1.0,1.0,1.0,1.0,1
SAOUHSC_01437,SAOUHSC_01436,-1,1.0,1.0,1.0,1.0,1
SAOUHSC_01436,thyA,-1,0.0,0.0,0.0,0.0,0
thyA,SAOUHSC_01434,-1,0.0,0.0,0.0,0.0,0
SAOUHSC_01434,SAOUHSC_01433,-1,1.0,1.0,1.0,1.0,1
SAOUHSC_01433,SAOUHSC_01432,-1,0.0,0.0,0.0,0.0,0
SAOUHSC_01432,SAOUHSC_01431,-1,1.0,1.0,1.0,1.0,1
SAOUHSC_01431,SAOUHSC_01430,-1,1.0,1.0,1.0,1.0,1
SAOUHSC_01430,SAOUHSC_01429,-1,1.0,1.0,1.0,1.0,1
SAOUHSC_01429,SAOUHSC_01427,-1,0.0,0.0,0.0,0.0,0
SAOUHSC_01427,SAOUHSC_01425,-1,0.0,0.0,0.0,0.0,0
SAOUHSC_01425,murG,-1,1.0,1.0,1.0,1.0,1
murG,SAOUHSC_01423,-1,1.0,1.0,1.0,1.0,1
SAOUHSC_01423,SAOUHSC_01422,-1,0.0,0.0,0.0,0.0,0
SAOUHSC_01422,SAOUHSC_01421,-1,1.0,1.0,1.0,1.0,1
SAOUHSC_01421,SAOUHSC_01420,-1,0.0,0.0,0.0,0.0,0
SAOUHSC_01420,SAOUHSC_01419,-1,1.0,1.0,1.0,1.0,1
SAOUHSC_01419,sucA,-1,0.0,0.0,0.0,0.0,0
sucA,SAOUHSC_01416,-1,1.0,1.0,1.0,1.0,1
SAOUHSC_01416,SAOUHSC_01415,-1,0.0,0.0,0.0,0.0,0
SAOUHSC_01415,SAOUHSC_01414,-1,1.0,1.0,1.0,1.0,1
SAOUHSC_01414,SAOUHSC_01413,-1,0.0,0.0,0.0,0.0,0
SAOUHSC_01413,SAOUHSC_01412,-1,1.0,1.0,1.0,1.0,1
SAOUHSC_01412,SAOUHSC_01411,-1,0.0,0.0,0.0,0.0,0
SAOUHSC_01411,SAOUHSC_01405,-1,,,,0.49,0
SAOUHSC_01405,SAOUHSC_01403,-1,0.0,0.0,0.0,0.0,0
SAOUHSC_01403,SAOUHSC_01402,-1,0.0,0.0,0.0,0.0,0
SAOUHSC_01402,SAOUHSC_01391,-1,,,,0.49,0
SAOUHSC_01391,SAOUHSC_01389,-1,0.0,0.0,0.0,0.0,0
SAOUHSC_01389,SAOUHSC_01388,-1,1.0,1.0,1.0,1.0,1
SAOUHSC_01388,SAOUHSC_01387,-1,1.0,1.0,1.0,1.0,1
SAOUHSC_01387,SAOUHSC_01386,-1,1.0,1.0,1.0,1.0,1
SAOUHSC_01386,SAOUHSC_01385,-1,1.0,1.0,1.0,1.0,1
SAOUHSC_01385,SAOUHSC_01384,-1,1.0,1.0,1.0,1.0,1
SAOUHSC_01384,SAOUHSC_01382,-1,,,,0.49,0
SAOUHSC_01382,SAOUHSC_01381,-1,1.0,1.0,1.0,1.0,1
SAOUHSC_01381,SAOUHSC_01380,-1,0.0,0.0,0.0,0.0,0
SAOUHSC_01380,SAOUHSC_01379,-1,1.0,1.0,1.0,1.0,1
SAOUHSC_01379,SAOUHSC_01378,-1,1.0,1.0,1.0,1.0,1
SAOUHSC_01378,SAOUHSC_01377,-1,1.0,1.0,1.0,1.0,1
SAOUHSC_01377,SAOUHSC_01376,-1,0.0,0.0,0.0,0.0,0
SAOUHSC_01376,SAOUHSC_01364,-1,,,,0.49,0
SAOUHSC_01364,SAOUHSC_01362,-1,,,,0.49,0
SAOUHSC_01362,SAOUHSC_01360,-1,,,,0.49,0
SAOUHSC_01360,SAOUHSC_01353,-1,,,,0.49,0
SAOUHSC_01353,SAOUHSC_01350,-1,,,,0.49,0
SAOUHSC_01350,SAOUHSC_01349,-1,0.0,0.0,0.0,0.0,0
SAOUHSC_01349,SAOUHSC_1342a,-1,,,,0.49,0
SAOUHSC_1342a,SAOUHSC_01333,-1,,,,0.49,0
SAOUHSC_01333,SAOUHSC_01331,-1,,,,0.49,0
SAOUHSC_01331,SAOUHSC_01326,-1,,,,0.49,0
SAOUHSC_01326,SAOUHSC_01325,-1,0.0,0.0,0.0,0.0,0
SAOUHSC_01325,SAOUHSC_01324,-1,1.0,1.0,1.0,1.0,1
SAOUHSC_01324,SAOUHSC_01319,-1,,,,0.49,0
SAOUHSC_01319,SAOUHSC_01317,-1,,,,0.49,0
SAOUHSC_01317,SAOUHSC_01315,-1,,,,0.49,0
SAOUHSC_01315,SAOUHSC_01307,-1,,,,0.49,0
SAOUHSC_01307,SAOUHSC_01282,-1,,,,0.49,0
SAOUHSC_01282,SAOUHSC_01264,-1,,,,0.49,0
SAOUHSC_01264,SAOUHSC_01213,-1,,,,0.49,0
SAOUHSC_01213,SAOUHSC_01200,-1,,,,0.49,0
SAOUHSC_01200,rpmB,-1,,,,0.49,0
rpmB,SAOUHSC_01181,-1,,,,0.49,0
SAOUHSC_01181,SAOUHSC_01175,-1,,,,0.49,0
SAOUHSC_01175,SAOUHSC_01138,-1,,,,0.49,0
SAOUHSC_01138,SAOUHSC_T0006,-1,,,,0.49,0
SAOUHSC_T0006,SAOUHSC_01133,-1,,,,0.49,0
SAOUHSC_01133,SAOUHSC_01127,-1,,,,0.49,0
SAOUHSC_01127,SAOUHSC_01125,-1,1.0,1.0,1.0,1.0,1
SAOUHSC_01125,SAOUHSC_01124,-1,0.0,0.0,1.0,0.3333333333333333,0
SAOUHSC_01124,SAOUHSC_01121,-1,,,,0.49,0
SAOUHSC_01121,SAOUHSC_01120,-1,0.0,0.0,0.0,0.0,0
SAOUHSC_01120,SAOUHSC_A01081,-1,0.0,0.0,0.0,0.0,0
SAOUHSC_A01081,SAOUHSC_01119,-1,0.0,0.0,0.0,0.0,0
SAOUHSC_01119,SAOUHSC_01112,-1,,,,0.49,0
SAOUHSC_01112,SAOUHSC_01111,-1,1.0,1.0,1.0,1.0,1
SAOUHSC_01111,SAOUHSC_01101,-1,,,,0.49,0
SAOUHSC_01101,SAOUHSC_01095,-1,,,,0.49,0
SAOUHSC_01095,SAOUHSC_01081,-1,,,,0.49,0
SAOUHSC_01081,SAOUHSC_01079,-1,0.0,0.0,0.0,0.0,0
SAOUHSC_01079,SAOUHSC_01076,-1,,,,0.49,0
SAOUHSC_01076,SAOUHSC_01073,-1,,,,0.49,0
SAOUHSC_01073,SAOUHSC_01071,-1,,,,0.49,0
SAOUHSC_01071,SAOUHSC_01065,-1,,,,0.49,0
SAOUHSC_01065,SAOUHSC_01061,-1,,,,0.49,0
SAOUHSC_01061,SAOUHSC_01060,-1,1.0,1.0,1.0,1.0,1
SAOUHSC_01060,SAOUHSC_01055a,-1,,,,0.49,0
SAOUHSC_01055a,SAOUHSC_01054,-1,,,,0.49,0
SAOUHSC_01054,SAOUHSC_01053,-1,0.0,0.0,0.0,0.0,0
SAOUHSC_01053,def,-1,,,,0.49,0
def,SAOUHSC_01037,-1,0.0,0.0,0.0,0.0,0
SAOUHSC_01037,SAOUHSC_01036,-1,1.0,1.0,1.0,1.0,1
SAOUHSC_01036,SAOUHSC_01035,-1,1.0,1.0,1.0,1.0,1
SAOUHSC_01035,SAOUHSC_01030,-1,,,,0.49,0
SAOUHSC_01030,SAOUHSC_01024,-1,,,,0.49,0
SAOUHSC_01024,SAOUHSC_01022,-1,,,,0.49,0
SAOUHSC_01022,SAOUHSC_01021,-1,1.0,1.0,1.0,1.0,1
SAOUHSC_01021,SAOUHSC_01019,-1,1.0,1.0,1.0,1.0,1
SAOUHSC_01019,SAOUHSC_01007,-1,,,,0.49,0
SAOUHSC_01007,SAOUHSC_01005,-1,0.0,0.0,0.0,0.0,0
SAOUHSC_01005,SAOUHSC_01002,-1,,,,0.49,0
SAOUHSC_01002,SAOUHSC_01001,-1,1.0,1.0,1.0,1.0,1
SAOUHSC_01001,SAOUHSC_01000,-1,1.0,1.0,1.0,1.0,1
SAOUHSC_01000,SAOUHSC_00999,-1,1.0,1.0,1.0,1.0,1
SAOUHSC_00999,SAOUHSC_00997,-1,,,,0.49,0
SAOUHSC_00997,SAOUHSC_00996,-1,1.0,1.0,1.0,1.0,1
SAOUHSC_00996,SAOUHSC_00995,-1,0.0,0.0,0.0,0.0,0
SAOUHSC_00995,SAOUHSC_00994,-1,0.0,0.0,0.0,0.0,0
SAOUHSC_00994,SAOUHSC_00991,-1,,,,0.49,0
SAOUHSC_00991,SAOUHSC_00989,-1,0.0,0.0,0.0,0.0,0
SAOUHSC_00989,SAOUHSC_00988,-1,0.0,0.0,0.0,0.0,0
SAOUHSC_00988,SAOUHSC_00987,-1,1.0,1.0,1.0,1.0,1
SAOUHSC_00987,SAOUHSC_00986,-1,1.0,1.0,1.0,1.0,1
SAOUHSC_00986,SAOUHSC_00980,-1,,,,0.49,0
SAOUHSC_00980,SAOUHSC_00978,-1,,,,0.49,0
SAOUHSC_00978,SAOUHSC_00977,-1,1.0,1.0,1.0,1.0,1
SAOUHSC_00977,SAOUHSC_00975,-1,,,,0.49,0
SAOUHSC_00975,SAOUHSC_00971,-1,,,,0.49,0
SAOUHSC_00971,SAOUHSC_00963,-1,,,,0.49,0
SAOUHSC_00963,SAOUHSC_00961,-1,,,,0.49,0
SAOUHSC_00961,SAOUHSC_T0008,-1,0.0,0.0,0.0,0.0,0
SAOUHSC_T0008,SAOUHSC_T00049,-1,1.0,1.0,1.0,1.0,1
SAOUHSC_T00049,SAOUHSC_00953,-1,,,,0.49,0
SAOUHSC_00953,SAOUHSC_00952,-1,1.0,1.0,1.0,1.0,1
SAOUHSC_00952,SAOUHSC_00948,-1,,,,0.49,0
SAOUHSC_00948,SAOUHSC_00940,-1,,,,0.49,0
SAOUHSC_00940,SAOUHSC_00939,-1,0.0,0.0,0.0,0.0,0
SAOUHSC_00939,SAOUHSC_00938,-1,1.0,1.0,1.0,1.0,1
SAOUHSC_00938,SAOUHSC_00933,-1,,,,0.49,0
SAOUHSC_00933,SAOUHSC_00922,-1,,,,0.49,0
SAOUHSC_00922,SAOUHSC_00919,-1,,,,0.49,0
SAOUHSC_00919,SAOUHSC_00913,-1,,,,0.49,0
SAOUHSC_00913,SAOUHSC_00909,-1,,,,0.49,0
SAOUHSC_00909,SAOUHSC_00908,-1,0.0,0.0,0.0,0.0,0
SAOUHSC_00908,SAOUHSC_00899,-1,,,,0.49,0
SAOUHSC_00899,SAOUHSC_00898,-1,1.0,1.0,1.0,1.0,1
SAOUHSC_00898,SAOUHSC_00897,-1,0.0,0.0,0.0,0.0,0
SAOUHSC_00897,SAOUHSC_00890,-1,,,,0.49,0
SAOUHSC_00890,SAOUHSC_00889,-1,0.0,0.0,0.0,0.0,0
SAOUHSC_00889,SAOUHSC_00888,-1,1.0,1.0,1.0,1.0,1
SAOUHSC_00888,SAOUHSC_00887,-1,1.0,1.0,1.0,1.0,1
SAOUHSC_00887,SAOUHSC_00886,-1,1.0,1.0,1.0,1.0,1
SAOUHSC_00886,SAOUHSC_00885,-1,1.0,1.0,1.0,1.0,1
SAOUHSC_00885,SAOUHSC_00884,-1,1.0,1.0,1.0,1.0,1
SAOUHSC_00884,SAOUHSC_00883,-1,1.0,1.0,1.0,1.0,1
SAOUHSC_00883,SAOUHSC_00882,-1,0.0,0.0,0.0,0.0,0
SAOUHSC_00882,SAOUHSC_00875,-1,,,,0.49,0
SAOUHSC_00875,SAOUHSC_00873,-1,,,,0.49,0
SAOUHSC_00873,SAOUHSC_00863,-1,,,,0.49,0
SAOUHSC_00863,SAOUHSC_00853,-1,,,,0.49,0
SAOUHSC_00853,SAOUHSC_00846,-1,,,,0.49,0
SAOUHSC_00846,SAOUHSC_00834,-1,,,,0.49,0
SAOUHSC_00834,SAOUHSC_00831,-1,,,,0.49,0
SAOUHSC_00831,SAOUHSC_00830,-1,0.0,0.0,0.0,0.0,0
SAOUHSC_00830,SAOUHSC_00828,-1,0.0,0.0,0.0,0.0,0
SAOUHSC_00828,SAOUHSC_00826,-1,,,,0.49,0
SAOUHSC_00826,SAOUHSC_00824,-1,,,,0.49,0
SAOUHSC_00824,SAOUHSC_00823,-1,1.0,1.0,1.0,1.0,1
SAOUHSC_00823,SAOUHSC_00822,-1,0.0,0.0,0.0,0.0,0
SAOUHSC_00822,SAOUHSC_00821,-1,1.0,1.0,1.0,1.0,1
SAOUHSC_00821,SAOUHSC_00820,-1,1.0,1.0,1.0,1.0,1
SAOUHSC_00820,SAOUHSC_00808,-1,,,,0.49,0
SAOUHSC_00808,SAOUHSC_00807,-1,0.0,0.0,0.0,0.0,0
SAOUHSC_00807,SAOUHSC_00806,-1,1.0,1.0,1.0,1.0,1
SAOUHSC_00806,SAOUHSC_00792,-1,,,,0.49,0
SAOUHSC_00792,SAOUHSC_T0005,-1,,,,0.49,0
SAOUHSC_T0005,SAOUHSC_00786,-1,,,,0.49,0
SAOUHSC_00786,SAOUHSC_00763,-1,,,,0.49,0
SAOUHSC_00763,SAOUHSC_00760,-1,,,,0.49,0
SAOUHSC_00760,SAOUHSC_00759,-1,0.0,0.0,0.0,0.0,0
SAOUHSC_00759,SAOUHSC_00758,-1,1.0,1.0,1.0,1.0,1
SAOUHSC_00758,SAOUHSC_00757,-1,1.0,1.0,1.0,1.0,1
SAOUHSC_00757,SAOUHSC_00753,-1,,,,0.49,0
SAOUHSC_00753,murB,-1,0.0,0.0,0.0,0.0,0
murB,SAOUHSC_00751,-1,1.0,1.0,1.0,1.0,1
SAOUHSC_00751,SAOUHSC_00740,-1,,,,0.49,0
SAOUHSC_00740,SAOUHSC_00739,-1,1.0,1.0,1.0,1.0,1
SAOUHSC_00739,SAOUHSC_00738,-1,0.0,0.0,0.0,0.0,0
SAOUHSC_00738,SAOUHSC_00736,-1,,,,0.49,0
SAOUHSC_00736,SAOUHSC_00721,-1,,,,0.49,0
SAOUHSC_00721,SAOUHSC_00720,-1,1.0,1.0,1.0,1.0,1
SAOUHSC_00720,SAOUHSC_00719,-1,1.0,1.0,1.0,1.0,1
SAOUHSC_00719,SAOUHSC_00718,-1,0.0,1.0,0.0,0.3333333333333333,0
SAOUHSC_00718,SAOUHSC_00717,-1,0.0,0.0,0.0,0.0,0
SAOUHSC_00717,SAOUHSC_00716,-1,0.0,0.0,0.0,0.0,0
SAOUHSC_00716,SAOUHSC_00715,-1,1.0,1.0,1.0,1.0,1
SAOUHSC_00715,SAOUHSC_00714,-1,1.0,1.0,1.0,1.0,1
SAOUHSC_00714,SAOUHSC_00702,-1,,,,0.49,0
SAOUHSC_00702,SAOUHSC_00701,-1,0.0,0.0,0.0,0.0,0
SAOUHSC_00701,SAOUHSC_00700,-1,1.0,1.0,1.0,1.0,1
SAOUHSC_00700,SAOUHSC_00694,-1,,,,0.49,0
SAOUHSC_00694,SAOUHSC_00691,-1,,,,0.49,0
SAOUHSC_00691,SAOUHSC_00690,-1,0.0,0.0,0.0,0.0,0
SAOUHSC_00690,SAOUHSC_00689,-1,1.0,1.0,1.0,1.0,1
SAOUHSC_00689,SAOUHSC_00688,-1,1.0,1.0,1.0,1.0,1
SAOUHSC_00688,SAOUHSC_00683,-1,,,,0.49,0
SAOUHSC_00683,SAOUHSC_00671,-1,,,,0.49,0
SAOUHSC_00671,SAOUHSC_00663,-1,,,,0.49,0
SAOUHSC_00663,SAOUHSC_00646,-1,,,,0.49,0
SAOUHSC_00646,SAOUHSC_00641,-1,,,,0.49,0
SAOUHSC_00641,SAOUHSC_00639,-1,,,,0.49,0
SAOUHSC_00639,SAOUHSC_00637,-1,,,,0.49,0
SAOUHSC_00637,SAOUHSC_00636,-1,1.0,1.0,1.0,1.0,1
SAOUHSC_00636,SAOUHSC_00634,-1,1.0,1.0,1.0,1.0,1
SAOUHSC_00634,SAOUHSC_00622,-1,,,,0.49,0
SAOUHSC_00622,SAOUHSC_00621,-1,0.0,0.0,0.0,0.0,0
SAOUHSC_00621,SAOUHSC_00620,-1,0.0,0.0,0.0,0.0,0
SAOUHSC_00620,SAOUHSC_00582,-1,,,,0.49,0
SAOUHSC_00582,SAOUHSC_00581,-1,1.0,1.0,1.0,1.0,1
SAOUHSC_00581,SAOUHSC_00573,-1,,,,0.49,0
SAOUHSC_00573,SAOUHSC_00572,-1,0.0,0.0,0.0,0.0,0
SAOUHSC_00572,SAOUHSC_00571,-1,1.0,1.0,1.0,1.0,1
SAOUHSC_00571,SAOUHSC_00562,-1,,,,0.49,0
SAOUHSC_00562,SAOUHSC_00561,-1,0.0,0.0,0.0,0.0,0
SAOUHSC_00561,SAOUHSC_00551,-1,,,,0.49,0
SAOUHSC_00551,SAOUHSC_00550,-1,1.0,1.0,1.0,1.0,1
SAOUHSC_00550,SAOUHSC_00549,-1,1.0,1.0,1.0,1.0,1
SAOUHSC_00549,SAOUHSC_00548,-1,0.0,0.0,0.0,0.0,0
SAOUHSC_00548,SAOUHSC_A00526,-1,,,,0.49,0
SAOUHSC_A00526,SAOUHSC_00540,-1,,,,0.49,0
SAOUHSC_00540,SAOUHSC_00539,-1,1.0,1.0,1.0,1.0,1
SAOUHSC_00539,SAOUHSC_00531,-1,,,,0.49,0
SAOUHSC_00531,SAOUHSC_00501,-1,,,,0.49,0
SAOUHSC_00501,SAOUHSC_00497,-1,,,,0.49,0
SAOUHSC_00497,SAOUHSC_00473,-1,,,,0.49,0
SAOUHSC_00473,SAOUHSC_00434,-1,,,,0.49,0
SAOUHSC_00434,SAOUHSC_00433,-1,0.0,0.0,0.0,0.0,0
SAOUHSC_00433,SAOUHSC_00431,-1,1.0,1.0,1.0,1.0,1
SAOUHSC_00431,SAOUHSC_00428,-1,,,,0.49,0
SAOUHSC_00428,SAOUHSC_00415,-1,,,,0.49,0
SAOUHSC_00415,SAOUHSC_00409,-1,,,,0.49,0
SAOUHSC_00409,SAOUHSC_00401,-1,,,,0.49,0
SAOUHSC_00401,SAOUHSC_00396,-1,,,,0.49,0
SAOUHSC_00396,SAOUHSC_00382,-1,,,,0.49,0
SAOUHSC_00382,SAOUHSC_00381,-1,1.0,1.0,1.0,1.0,1
SAOUHSC_00381,SAOUHSC_00381a,-1,0.0,0.0,0.0,0.0,0
SAOUHSC_00381a,SAOUHSC_00378,-1,0.0,0.0,0.0,0.0,0
SAOUHSC_00378,SAOUHSC_00377,-1,0.0,0.0,0.0,0.0,0
SAOUHSC_00377,SAOUHSC_00376,-1,0.0,0.0,0.0,0.0,0
SAOUHSC_00376,SAOUHSC_00371,-1,,,,0.49,0
SAOUHSC_00371,SAOUHSC_00370,-1,0.0,0.0,0.0,0.0,0
SAOUHSC_00370,SAOUHSC_00369,-1,0.0,0.0,0.0,0.0,0
SAOUHSC_00369,SAOUHSC_00367,-1,,,,0.49,0
SAOUHSC_00367,SAOUHSC_00365,-1,,,,0.49,0
SAOUHSC_00365,SAOUHSC_00364,-1,1.0,1.0,1.0,1.0,1
SAOUHSC_00364,SAOUHSC_00363,-1,0.0,0.0,0.0,0.0,0
SAOUHSC_00363,SAOUHSC_00362,-1,0.0,1.0,1.0,0.6666666666666666,1
SAOUHSC_00362,SAOUHSC_00360,-1,0.0,0.0,0.0,0.0,0
SAOUHSC_00360,SAOUHSC_A00354,-1,,,,0.49,0
SAOUHSC_A00354,SAOUHSC_00357,-1,,,,0.49,0
SAOUHSC_00357,SAOUHSC_00353,-1,,,,0.49,0
SAOUHSC_00353,SAOUHSC_00352,-1,1.0,1.0,1.0,1.0,1
SAOUHSC_00352,SAOUHSC_00351,-1,1.0,1.0,1.0,1.0,1
SAOUHSC_00351,SAOUHSC_00347,-1,,,,0.49,0
SAOUHSC_00347,SAOUHSC_00341,-1,,,,0.49,0
SAOUHSC_00341,SAOUHSC_00340,-1,1.0,1.0,1.0,1.0,1
SAOUHSC_00340,SAOUHSC_00339,-1,1.0,1.0,1.0,1.0,1
SAOUHSC_00339,SAOUHSC_00338,-1,1.0,1.0,1.0,1.0,1
SAOUHSC_00338,SAOUHSC_00337,-1,1.0,1.0,1.0,1.0,1
SAOUHSC_00337,SAOUHSC_00335,-1,,,,0.49,0
SAOUHSC_00335,SAOUHSC_00330,-1,,,,0.49,0
SAOUHSC_00330,SAOUHSC_00329,-1,1.0,1.0,1.0,1.0,1
SAOUHSC_00329,SAOUHSC_00328,-1,1.0,1.0,1.0,1.0,1
SAOUHSC_00328,SAOUHSC_00322,-1,,,,0.49,0
SAOUHSC_00322,SAOUHSC_00317,-1,,,,0.49,0
SAOUHSC_00317,SAOUHSC_00313,-1,,,,0.49,0
SAOUHSC_00313,SAOUHSC_00312,-1,1.0,1.0,1.0,1.0,1
SAOUHSC_00312,SAOUHSC_00311,-1,1.0,1.0,1.0,1.0,1
SAOUHSC_00311,ulaA,-1,1.0,1.0,1.0,1.0,1
ulaA,SAOUHSC_00302,-1,,,,0.49,0
SAOUHSC_00302,SAOUHSC_00301,-1,1.0,1.0,1.0,1.0,1
SAOUHSC_00301,SAOUHSC_00299,-1,,,,0.49,0
SAOUHSC_00299,SAOUHSC_00297,-1,,,,0.49,0
SAOUHSC_00297,SAOUHSC_00295,-1,,,,0.49,0
SAOUHSC_00295,SAOUHSC_00294,-1,1.0,1.0,1.0,1.0,1
SAOUHSC_00294,SAOUHSC_00289,-1,,,,0.49,0
SAOUHSC_00289,SAOUHSC_00282,-1,,,,0.49,0
SAOUHSC_00282,SAOUHSC_00281,-1,0.0,0.0,0.0,0.0,0
SAOUHSC_00281,SAOUHSC_00256,-1,,,,0.49,0
SAOUHSC_00256,SAOUHSC_00253,-1,,,,0.49,0
SAOUHSC_00253,SAOUHSC_00251,-1,0.0,1.0,0.0,0.3333333333333333,0
SAOUHSC_00251,SAOUHSC_00250,-1,1.0,1.0,1.0,1.0,1
SAOUHSC_00250,SAOUHSC_00249,-1,1.0,1.0,1.0,1.0,1
SAOUHSC_00249,SAOUHSC_00246,-1,,,,0.49,0
SAOUHSC_00246,SAOUHSC_00242,-1,,,,0.49,0
SAOUHSC_00242,SAOUHSC_00241,-1,0.0,0.0,0.0,0.0,0
SAOUHSC_00241,SAOUHSC_00240,-1,1.0,1.0,1.0,1.0,1
SAOUHSC_00240,SAOUHSC_00239,-1,1.0,1.0,1.0,1.0,1
SAOUHSC_00239,SAOUHSC_00237,-1,,,,0.49,0
SAOUHSC_00237,SAOUHSC_00234,-1,,,,0.49,0
SAOUHSC_00234,SAOUHSC_00209,-1,,,,0.49,0
SAOUHSC_00209,SAOUHSC_00204,-1,,,,0.49,0
SAOUHSC_00204,SAOUHSC_00203,-1,1.0,1.0,1.0,1.0,1
SAOUHSC_00203,SAOUHSC_00202,-1,0.0,0.0,0.0,0.0,0
SAOUHSC_00202,SAOUHSC_00201,-1,0.0,0.0,0.0,0.0,0
SAOUHSC_00201,SAOUHSC_00199,-1,,,,0.49,0
SAOUHSC_00199,SAOUHSC_00198,-1,1.0,1.0,1.0,1.0,1
SAOUHSC_00198,SAOUHSC_00197,-1,1.0,0.0,0.0,0.3333333333333333,0
SAOUHSC_00197,SAOUHSC_00196,-1,0.0,0.0,0.0,0.0,0
SAOUHSC_00196,SAOUHSC_00195,-1,1.0,1.0,0.0,0.6666666666666666,1
SAOUHSC_00195,SAOUHSC_00193,-1,0.0,0.0,0.0,0.0,0
SAOUHSC_00193,SAOUHSC_00191,-1,,,,0.49,0
SAOUHSC_00191,SAOUHSC_00186,-1,,,,0.49,0
SAOUHSC_00186,SAOUHSC_00185,-1,1.0,1.0,1.0,1.0,1
SAOUHSC_00185,SAOUHSC_00184,-1,1.0,1.0,1.0,1.0,1
SAOUHSC_00184,SAOUHSC_00182,-1,,,,0.49,0
SAOUHSC_00182,SAOUHSC_00173,-1,,,,0.49,0
SAOUHSC_00173,SAOUHSC_00172,-1,0.0,0.0,0.0,0.0,0
SAOUHSC_00172,SAOUHSC_00167,-1,,,,0.49,0
SAOUHSC_00167,SAOUHSC_00161,-1,,,,0.49,0
SAOUHSC_00161,SAOUHSC_00155,-1,,,,0.49,0
SAOUHSC_00155,SAOUHSC_00153,-1,,,,0.49,0
SAOUHSC_00153,SAOUHSC_00152,-1,1.0,0.0,0.0,0.3333333333333333,0
SAOUHSC_00152,SAOUHSC_00151,-1,0.0,0.0,0.0,0.0,0
SAOUHSC_00151,SAOUHSC_00150,-1,0.0,0.0,0.0,0.0,0
SAOUHSC_00150,argC,-1,1.0,1.0,1.0,1.0,1
argC,argJ,-1,1.0,1.0,1.0,1.0,1
argJ,SAOUHSC_00147,-1,1.0,1.0,1.0,1.0,1
SAOUHSC_00147,SAOUHSC_00146,-1,0.0,0.0,0.0,0.0,0
SAOUHSC_00146,SAOUHSC_00134,-1,,,,0.49,0
SAOUHSC_00134,SAOUHSC_00131,-1,,,,0.49,0
SAOUHSC_00131,SAOUHSC_00130,-1,1.0,1.0,1.0,1.0,1
SAOUHSC_00130,SAOUHSC_00105,-1,,,,0.49,0
SAOUHSC_00105,SAOUHSC_00104,-1,0.0,0.0,0.0,0.0,0
SAOUHSC_00104,SAOUHSC_00103,-1,1.0,1.0,1.0,1.0,1
SAOUHSC_00103,SAOUHSC_00102,-1,1.0,1.0,1.0,1.0,1
SAOUHSC_00102,SAOUHSC_00096,-1,,,,0.49,0
SAOUHSC_00096,SAOUHSC_00074,-1,,,,0.49,0
SAOUHSC_00074,SAOUHSC_00072,-1,1.0,1.0,1.0,1.0,1
SAOUHSC_00072,SAOUHSC_00071,-1,0.0,0.0,0.0,0.0,0
SAOUHSC_00071,SAOUHSC_00070,-1,0.0,0.0,0.0,0.0,0
SAOUHSC_00070,SAOUHSC_00069,-1,0.0,0.0,0.0,0.0,0
SAOUHSC_00069,SAOUHSC_00062,-1,,,,0.49,0
SAOUHSC_00062,SAOUHSC_00061,-1,0.0,0.0,0.0,0.0,0
SAOUHSC_00061,SAOUHSC_00060,-1,0.0,0.0,0.0,0.0,0
SAOUHSC_00060,SAOUHSC_00045,-1,,,,0.49,0
SAOUHSC_00045,SAOUHSC_00043,-1,,,,0.49,0
SAOUHSC_00043,SAOUHSC_00042,-1,1.0,1.0,1.0,1.0,1
SAOUHSC_00042,SAOUHSC_00039,-1,,,,0.49,0
SAOUHSC_00039,SAOUHSC_00038,-1,0.0,0.0,0.0,0.0,0
SAOUHSC_00038,SAOUHSC_00034,-1,,,,0.49,0
SAOUHSC_00034,SAOUHSC_00033,-1,1.0,1.0,1.0,1.0,1
SAOUHSC_00033,SAOUHSC_00032,-1,1.0,1.0,0.0,0.6666666666666666,1
SAOUHSC_00032,SAOUHSC_00031,-1,1.0,1.0,1.0,1.0,1
SAOUHSC_00031,SAOUHSC_00028,-1,,,,0.49,0
SAOUHSC_00028,SAOUHSC_00026,-1,,,,0.49,0
SAOUHSC_00026,SAOUHSC_00007,-1,,,,0.49,0
SAOUHSC_00007,rpmH,-1,,,,0.49,0
